city,base,pre_col,post_col,rho_all,rho_damaged,rho_control,delta_rho
Avdiivka,s2__composite__b02__max,s2__composite__b02__prebattle_baseline__max,s2__composite__b02__post_winter_baseline__max,0.015534464562739552,-0.11595662537429181,0.02850999793185954,0.14446662330615134
Avdiivka,s2__composite__b02__mean,s2__composite__b02__prebattle_baseline__mean,s2__composite__b02__post_winter_baseline__mean,0.10905682002491521,-0.01659156694816627,0.11805952927756415,0.1346510962257304
Avdiivka,s2__composite__b02__min,s2__composite__b02__prebattle_baseline__min,s2__composite__b02__post_winter_baseline__min,0.2356288584599188,0.26162161770540404,0.23613871985365883,-0.025482897851745206
Avdiivka,s2__composite__b02__p10,s2__composite__b02__prebattle_baseline__p10,s2__composite__b02__post_winter_baseline__p10,0.21655385745297492,0.2449055717004434,0.21808322722224271,-0.02682234447820067
Avdiivka,s2__composite__b02__p50,s2__composite__b02__prebattle_baseline__p50,s2__composite__b02__post_winter_baseline__p50,0.14401517364530156,0.021970725595916344,0.1477196885802787,0.12574896298436236
Avdiivka,s2__composite__b02__p90,s2__composite__b02__prebattle_baseline__p90,s2__composite__b02__post_winter_baseline__p90,0.03464458077634961,-0.16427564289528562,0.04904382670160441,0.21331946959689002
Avdiivka,s2__composite__b02__std,s2__composite__b02__prebattle_baseline__std,s2__composite__b02__post_winter_baseline__std,0.001711909228406191,-0.14759332756408342,0.012753583127478114,0.16034691069156154
Avdiivka,s2__composite__b03__max,s2__composite__b03__prebattle_baseline__max,s2__composite__b03__post_winter_baseline__max,0.02731938024476308,-0.05165918145202771,0.04374090655495196,0.09540008800697967
Avdiivka,s2__composite__b03__mean,s2__composite__b03__prebattle_baseline__mean,s2__composite__b03__post_winter_baseline__mean,0.11281010577200087,0.004647744948500555,0.1282129145344127,0.12356516958591214
Avdiivka,s2__composite__b03__min,s2__composite__b03__prebattle_baseline__min,s2__composite__b03__post_winter_baseline__min,0.2665495576419715,0.34839990022506545,0.26603602884184,-0.08236387138322543
Avdiivka,s2__composite__b03__p10,s2__composite__b03__prebattle_baseline__p10,s2__composite__b03__post_winter_baseline__p10,0.23767187170641013,0.2820502299646236,0.2402597780944263,-0.04179045187019728
Avdiivka,s2__composite__b03__p50,s2__composite__b03__prebattle_baseline__p50,s2__composite__b03__post_winter_baseline__p50,0.1450162563614316,0.02000880327716622,0.1549706385926954,0.13496183531552916
Avdiivka,s2__composite__b03__p90,s2__composite__b03__prebattle_baseline__p90,s2__composite__b03__post_winter_baseline__p90,0.04105146040507369,-0.11385813613440363,0.05833995797609545,0.17219809411049908
Avdiivka,s2__composite__b03__std,s2__composite__b03__prebattle_baseline__std,s2__composite__b03__post_winter_baseline__std,0.04644537554215189,-0.01095162782369968,0.056511002454189135,0.06746263027788882
Avdiivka,s2__composite__b04__max,s2__composite__b04__prebattle_baseline__max,s2__composite__b04__post_winter_baseline__max,0.05637396613195798,0.010451869922629206,0.07197360015286858,0.06152173023023937
Avdiivka,s2__composite__b04__mean,s2__composite__b04__prebattle_baseline__mean,s2__composite__b04__post_winter_baseline__mean,0.1560212124278917,0.11117245083703857,0.1724950464392268,0.06132259560218824
Avdiivka,s2__composite__b04__min,s2__composite__b04__prebattle_baseline__min,s2__composite__b04__post_winter_baseline__min,0.3117141776355838,0.41472694728382015,0.3084057420792339,-0.10632120520458627
Avdiivka,s2__composite__b04__p10,s2__composite__b04__prebattle_baseline__p10,s2__composite__b04__post_winter_baseline__p10,0.2866894421668678,0.37121808383994315,0.2889641795521097,-0.08225390428783347
Avdiivka,s2__composite__b04__p50,s2__composite__b04__prebattle_baseline__p50,s2__composite__b04__post_winter_baseline__p50,0.17686062615632553,0.11273374290876431,0.18973668070298746,0.07700293779422315
Avdiivka,s2__composite__b04__p90,s2__composite__b04__prebattle_baseline__p90,s2__composite__b04__post_winter_baseline__p90,0.07652224666718573,-0.03892751633791888,0.09332567070074477,0.13225318703866365
Avdiivka,s2__composite__b04__std,s2__composite__b04__prebattle_baseline__std,s2__composite__b04__post_winter_baseline__std,0.07805741983822309,0.017964250544597295,0.08361426263651825,0.06565001209192095
Avdiivka,s2__composite__b05__max,s2__composite__b05__prebattle_baseline__max,s2__composite__b05__post_winter_baseline__max,0.09583036451981906,0.047894721136343285,0.10768692804227192,0.05979220690592864
Avdiivka,s2__composite__b05__mean,s2__composite__b05__prebattle_baseline__mean,s2__composite__b05__post_winter_baseline__mean,0.1349345759854989,0.1743158962728656,0.14820523325408133,-0.026110663018784258
Avdiivka,s2__composite__b05__min,s2__composite__b05__prebattle_baseline__min,s2__composite__b05__post_winter_baseline__min,0.17831915350808103,0.3350392408462892,0.1815040966611148,-0.15353514418517442
Avdiivka,s2__composite__b05__p10,s2__composite__b05__prebattle_baseline__p10,s2__composite__b05__post_winter_baseline__p10,0.17340691972503003,0.2999462862940527,0.1780035071381764,-0.12194277915587629
Avdiivka,s2__composite__b05__p50,s2__composite__b05__prebattle_baseline__p50,s2__composite__b05__post_winter_baseline__p50,0.139709203735583,0.1620214258004834,0.15452974507822553,-0.007491680722257865
Avdiivka,s2__composite__b05__p90,s2__composite__b05__prebattle_baseline__p90,s2__composite__b05__post_winter_baseline__p90,0.10068535792110955,0.07827280594431678,0.11247864310853833,0.034205837164221556
Avdiivka,s2__composite__b05__std,s2__composite__b05__prebattle_baseline__std,s2__composite__b05__post_winter_baseline__std,0.1055422787025514,0.048939154307540804,0.08060341421102206,0.031664259903481255
Avdiivka,s2__composite__b07__max,s2__composite__b07__prebattle_baseline__max,s2__composite__b07__post_winter_baseline__max,0.022189881189775686,0.09455104294112379,0.03313147286211401,-0.061419570079009785
Avdiivka,s2__composite__b07__mean,s2__composite__b07__prebattle_baseline__mean,s2__composite__b07__post_winter_baseline__mean,0.06125774947171453,0.20864790665751543,0.06525347126250094,-0.14339443539501448
Avdiivka,s2__composite__b07__min,s2__composite__b07__prebattle_baseline__min,s2__composite__b07__post_winter_baseline__min,0.1141527144388503,0.382226665227008,0.1042371811407551,-0.2779894840862529
Avdiivka,s2__composite__b07__p10,s2__composite__b07__prebattle_baseline__p10,s2__composite__b07__post_winter_baseline__p10,0.10717942352532758,0.35614557960909793,0.09950066651235082,-0.2566449130967471
Avdiivka,s2__composite__b07__p50,s2__composite__b07__prebattle_baseline__p50,s2__composite__b07__post_winter_baseline__p50,0.05966774733857287,0.198964519113127,0.0656736418287381,-0.13329087728438888
Avdiivka,s2__composite__b07__p90,s2__composite__b07__prebattle_baseline__p90,s2__composite__b07__post_winter_baseline__p90,0.029179148117526456,0.12341516000488713,0.03858237634089706,-0.08483278366399007
Avdiivka,s2__composite__b07__std,s2__composite__b07__prebattle_baseline__std,s2__composite__b07__post_winter_baseline__std,0.16505360881222192,0.15409865417325652,0.13739397549189158,-0.016704678681364937
Avdiivka,s2__composite__b08__max,s2__composite__b08__prebattle_baseline__max,s2__composite__b08__post_winter_baseline__max,0.0188167545693105,0.028826570578900257,0.034907602579305176,0.006081032000404919
Avdiivka,s2__composite__b08__mean,s2__composite__b08__prebattle_baseline__mean,s2__composite__b08__post_winter_baseline__mean,0.08049515047719862,0.17977678971084118,0.0932880309395533,-0.08648875877128788
Avdiivka,s2__composite__b08__min,s2__composite__b08__prebattle_baseline__min,s2__composite__b08__post_winter_baseline__min,0.2597484073262034,0.5381482061876217,0.2334738387393069,-0.3046743674483148
Avdiivka,s2__composite__b08__p10,s2__composite__b08__prebattle_baseline__p10,s2__composite__b08__post_winter_baseline__p10,0.22287337715518182,0.44819611470860304,0.20883035251997725,-0.2393657621886258
Avdiivka,s2__composite__b08__p50,s2__composite__b08__prebattle_baseline__p50,s2__composite__b08__post_winter_baseline__p50,0.07585272185928255,0.17436586095644357,0.09285410212963291,-0.08151175882681067
Avdiivka,s2__composite__b08__p90,s2__composite__b08__prebattle_baseline__p90,s2__composite__b08__post_winter_baseline__p90,0.029145764924156173,0.02809525230521321,0.04988722661818726,0.021791974312974048
Avdiivka,s2__composite__b08__std,s2__composite__b08__prebattle_baseline__std,s2__composite__b08__post_winter_baseline__std,0.1987901549973191,0.17525588612694334,0.19299218315583788,0.017736297028894538
Avdiivka,s2__composite__b11__max,s2__composite__b11__prebattle_baseline__max,s2__composite__b11__post_winter_baseline__max,0.3068369343801839,0.5547282981707499,0.2791366960028771,-0.27559160216787276
Avdiivka,s2__composite__b11__mean,s2__composite__b11__prebattle_baseline__mean,s2__composite__b11__post_winter_baseline__mean,0.30817561591888637,0.6424159231297185,0.2622772605183039,-0.3801386626114146
Avdiivka,s2__composite__b11__min,s2__composite__b11__prebattle_baseline__min,s2__composite__b11__post_winter_baseline__min,0.3068239258044384,0.704704069952345,0.24856339479561557,-0.45614067515672946
Avdiivka,s2__composite__b11__p10,s2__composite__b11__prebattle_baseline__p10,s2__composite__b11__post_winter_baseline__p10,0.30676792528675295,0.6996236296474833,0.2511405094537289,-0.44848312019375436
Avdiivka,s2__composite__b11__p50,s2__composite__b11__prebattle_baseline__p50,s2__composite__b11__post_winter_baseline__p50,0.31026760463507547,0.6399415115286959,0.2639596973091874,-0.37598181421950855
Avdiivka,s2__composite__b11__p90,s2__composite__b11__prebattle_baseline__p90,s2__composite__b11__post_winter_baseline__p90,0.31017373762339545,0.5482229715615767,0.28091455740730265,-0.2673084141542741
Avdiivka,s2__composite__b11__std,s2__composite__b11__prebattle_baseline__std,s2__composite__b11__post_winter_baseline__std,0.3503188126751705,0.566366267792665,0.32245440123693125,-0.24391186655573371
Avdiivka,s2__composite__b12__max,s2__composite__b12__prebattle_baseline__max,s2__composite__b12__post_winter_baseline__max,0.468143121308508,0.5883463204150045,0.4585295944285258,-0.12981672598647864
Avdiivka,s2__composite__b12__mean,s2__composite__b12__prebattle_baseline__mean,s2__composite__b12__post_winter_baseline__mean,0.48538367383012393,0.6534869147444121,0.4657888506787728,-0.18769806406563933
Avdiivka,s2__composite__b12__min,s2__composite__b12__prebattle_baseline__min,s2__composite__b12__post_winter_baseline__min,0.4997270703181785,0.7529915550117872,0.466182969624123,-0.2868085853876642
Avdiivka,s2__composite__b12__p10,s2__composite__b12__prebattle_baseline__p10,s2__composite__b12__post_winter_baseline__p10,0.4917608266935641,0.7326400286473097,0.46180216656306183,-0.27083786208424787
Avdiivka,s2__composite__b12__p50,s2__composite__b12__prebattle_baseline__p50,s2__composite__b12__post_winter_baseline__p50,0.4749480699720795,0.6329563426934439,0.45745822141966974,-0.17549812127377418
Avdiivka,s2__composite__b12__p90,s2__composite__b12__prebattle_baseline__p90,s2__composite__b12__post_winter_baseline__p90,0.47263545512716304,0.5709468532720599,0.4646894043458305,-0.10625744892622935
Avdiivka,s2__composite__b12__std,s2__composite__b12__prebattle_baseline__std,s2__composite__b12__post_winter_baseline__std,0.4492168159325651,0.5352570797648533,0.4312213075005704,-0.10403577226428284
Avdiivka,s2__composite__b8a__max,s2__composite__b8a__prebattle_baseline__max,s2__composite__b8a__post_winter_baseline__max,0.026219719962775917,0.12397421742114527,0.03289853478044413,-0.09107568264070114
Avdiivka,s2__composite__b8a__mean,s2__composite__b8a__prebattle_baseline__mean,s2__composite__b8a__post_winter_baseline__mean,0.06761985752856951,0.2485303333233863,0.06655805018021019,-0.18197228314317612
Avdiivka,s2__composite__b8a__min,s2__composite__b8a__prebattle_baseline__min,s2__composite__b8a__post_winter_baseline__min,0.12058423980663946,0.4154189327421019,0.10544125692843245,-0.3099776758136694
Avdiivka,s2__composite__b8a__p10,s2__composite__b8a__prebattle_baseline__p10,s2__composite__b8a__post_winter_baseline__p10,0.10947708933610031,0.392902304105506,0.09683202949984754,-0.29607027460565843
Avdiivka,s2__composite__b8a__p50,s2__composite__b8a__prebattle_baseline__p50,s2__composite__b8a__post_winter_baseline__p50,0.06981948050390761,0.2508141013942033,0.07171726446544834,-0.17909683692875494
Avdiivka,s2__composite__b8a__p90,s2__composite__b8a__prebattle_baseline__p90,s2__composite__b8a__post_winter_baseline__p90,0.031863342987302756,0.14581779117304763,0.03827338295976408,-0.10754440821328355
Avdiivka,s2__composite__b8a__std,s2__composite__b8a__prebattle_baseline__std,s2__composite__b8a__post_winter_baseline__std,0.18103560757815568,0.18180597415773922,0.15240543761515823,-0.029400536542580985
Avdiivka,s2__composite__cire__max,s2__composite__cire__prebattle_baseline__max,s2__composite__cire__post_winter_baseline__max,0.2749830222174325,0.4035689773507206,0.25036507410038017,-0.15320390325034045
Avdiivka,s2__composite__cire__mean,s2__composite__cire__prebattle_baseline__mean,s2__composite__cire__post_winter_baseline__mean,0.3032165645257116,0.45744680851063824,0.2738201126045532,-0.18362669590608505
Avdiivka,s2__composite__cire__min,s2__composite__cire__prebattle_baseline__min,s2__composite__cire__post_winter_baseline__min,0.3308083046175342,0.45532979965775744,0.2995687082086472,-0.1557610914491102
Avdiivka,s2__composite__cire__p10,s2__composite__cire__prebattle_baseline__p10,s2__composite__cire__post_winter_baseline__p10,0.31535922550595874,0.4461536739969939,0.2842306178544586,-0.16192305614253533
Avdiivka,s2__composite__cire__p50,s2__composite__cire__prebattle_baseline__p50,s2__composite__cire__post_winter_baseline__p50,0.2831254992109133,0.45215004028527933,0.25423647013703016,-0.19791357014824917
Avdiivka,s2__composite__cire__p90,s2__composite__cire__prebattle_baseline__p90,s2__composite__cire__post_winter_baseline__p90,0.2816077283433601,0.413550774372594,0.2554408254370714,-0.1581099489355226
Avdiivka,s2__composite__cire__std,s2__composite__cire__prebattle_baseline__std,s2__composite__cire__post_winter_baseline__std,0.14043508852050443,0.003252663304586553,0.15149493575962036,0.14824227245503382
Avdiivka,s2__composite__mndwi__max,s2__composite__mndwi__prebattle_baseline__max,s2__composite__mndwi__post_winter_baseline__max,0.12225956737518599,-0.029602220166512486,0.1034361727860254,0.1330383929525379
Avdiivka,s2__composite__mndwi__mean,s2__composite__mndwi__prebattle_baseline__mean,s2__composite__mndwi__post_winter_baseline__mean,0.14195288684987603,0.0892691951896392,0.11539540370072403,0.026126208511084825
Avdiivka,s2__composite__mndwi__min,s2__composite__mndwi__prebattle_baseline__min,s2__composite__mndwi__post_winter_baseline__min,0.11359722208060431,0.07057410467546589,0.10887439110874618,0.03830028643328029
Avdiivka,s2__composite__mndwi__p10,s2__composite__mndwi__prebattle_baseline__p10,s2__composite__mndwi__post_winter_baseline__p10,0.12998940180291818,0.14659365581450864,0.11158137925800553,-0.035012276556503116
Avdiivka,s2__composite__mndwi__p50,s2__composite__mndwi__prebattle_baseline__p50,s2__composite__mndwi__post_winter_baseline__p50,0.1488569272542239,0.10686043388738024,0.11929241692564768,0.012431983038267438
Avdiivka,s2__composite__mndwi__p90,s2__composite__mndwi__prebattle_baseline__p90,s2__composite__mndwi__post_winter_baseline__p90,0.12985014006756315,-0.036391035779296345,0.10584683347538687,0.1422378692546832
Avdiivka,s2__composite__mndwi__std,s2__composite__mndwi__prebattle_baseline__std,s2__composite__mndwi__post_winter_baseline__std,0.08998944593469807,0.030467607651219,0.10431585130528893,0.07384824365406993
Avdiivka,s2__composite__ndbi__max,s2__composite__ndbi__prebattle_baseline__max,s2__composite__ndbi__post_winter_baseline__max,0.05026225537605691,0.2825788547044254,0.027995764841578327,-0.25458308986284706
Avdiivka,s2__composite__ndbi__mean,s2__composite__ndbi__prebattle_baseline__mean,s2__composite__ndbi__post_winter_baseline__mean,-0.0016590493484341447,0.10506997702247022,-0.008193514995688468,-0.11326349201815869
Avdiivka,s2__composite__ndbi__min,s2__composite__ndbi__prebattle_baseline__min,s2__composite__ndbi__post_winter_baseline__min,0.018306545692155545,0.028826355525051472,0.014494603368373257,-0.014331752156678215
Avdiivka,s2__composite__ndbi__p10,s2__composite__ndbi__prebattle_baseline__p10,s2__composite__ndbi__post_winter_baseline__p10,0.0017013766082203626,0.008161499209214882,-0.000267967817954897,-0.00842946702716978
Avdiivka,s2__composite__ndbi__p50,s2__composite__ndbi__prebattle_baseline__p50,s2__composite__ndbi__post_winter_baseline__p50,0.0005998250257527406,0.05545214799711818,-0.004596578660775742,-0.060048726657893924
Avdiivka,s2__composite__ndbi__p90,s2__composite__ndbi__prebattle_baseline__p90,s2__composite__ndbi__post_winter_baseline__p90,0.03015146152172249,0.275044015397929,0.010784439522031728,-0.26425957587589727
Avdiivka,s2__composite__ndbi__std,s2__composite__ndbi__prebattle_baseline__std,s2__composite__ndbi__post_winter_baseline__std,0.23967887317188052,0.2517829966279729,0.23349728367880765,-0.018285712949165228
Avdiivka,s2__composite__ndre__max,s2__composite__ndre__prebattle_baseline__max,s2__composite__ndre__post_winter_baseline__max,0.37725955972722885,0.5659058440023405,0.3425606338003229,-0.22334521020201753
Avdiivka,s2__composite__ndre__mean,s2__composite__ndre__prebattle_baseline__mean,s2__composite__ndre__post_winter_baseline__mean,0.4040849277371915,0.6046671242278654,0.3662732013688297,-0.2383939228590357
Avdiivka,s2__composite__ndre__min,s2__composite__ndre__prebattle_baseline__min,s2__composite__ndre__post_winter_baseline__min,0.4059733449379353,0.5527832382809721,0.36893401424305583,-0.18384922403791626
Avdiivka,s2__composite__ndre__p10,s2__composite__ndre__prebattle_baseline__p10,s2__composite__ndre__post_winter_baseline__p10,0.4076633363994794,0.5807496046074423,0.3690472010612424,-0.2117024035461999
Avdiivka,s2__composite__ndre__p50,s2__composite__ndre__prebattle_baseline__p50,s2__composite__ndre__post_winter_baseline__p50,0.39104395349162285,0.5939243830384051,0.3511533492281662,-0.2427710338102389
Avdiivka,s2__composite__ndre__p90,s2__composite__ndre__prebattle_baseline__p90,s2__composite__ndre__post_winter_baseline__p90,0.38511856058199573,0.5766912357136462,0.3488966115096679,-0.22779462420397834
Avdiivka,s2__composite__ndre__std,s2__composite__ndre__prebattle_baseline__std,s2__composite__ndre__post_winter_baseline__std,0.19193754752111392,0.2041419235474918,0.1903067660362994,-0.013835157511192409
Avdiivka,s2__composite__ndvi__max,s2__composite__ndvi__prebattle_baseline__max,s2__composite__ndvi__post_winter_baseline__max,0.363846160195616,0.6105182272961339,0.3279091284668193,-0.2826090988293146
Avdiivka,s2__composite__ndvi__mean,s2__composite__ndvi__prebattle_baseline__mean,s2__composite__ndvi__post_winter_baseline__mean,0.46876411795327716,0.701471158724001,0.42075049021128946,-0.28072066851271155
Avdiivka,s2__composite__ndvi__min,s2__composite__ndvi__prebattle_baseline__min,s2__composite__ndvi__post_winter_baseline__min,0.4554704308349541,0.5876077542032845,0.4084019706779118,-0.1792057835253727
Avdiivka,s2__composite__ndvi__p10,s2__composite__ndvi__prebattle_baseline__p10,s2__composite__ndvi__post_winter_baseline__p10,0.48353944007245,0.6310465220375399,0.43746918365619786,-0.193577338381342
Avdiivka,s2__composite__ndvi__p50,s2__composite__ndvi__prebattle_baseline__p50,s2__composite__ndvi__post_winter_baseline__p50,0.4562326195176164,0.6686461162006504,0.40976019525623386,-0.25888592094441654
Avdiivka,s2__composite__ndvi__p90,s2__composite__ndvi__prebattle_baseline__p90,s2__composite__ndvi__post_winter_baseline__p90,0.396280533941385,0.6601662893062,0.3539299821234252,-0.30623630718277484
Avdiivka,s2__composite__ndvi__std,s2__composite__ndvi__prebattle_baseline__std,s2__composite__ndvi__post_winter_baseline__std,0.3030012796357296,0.44112381009220847,0.2947499234658373,-0.14637388662637119
Avdiivka,s2__composite__ndwi__max,s2__composite__ndwi__prebattle_baseline__max,s2__composite__ndwi__post_winter_baseline__max,0.419927483593802,0.5475013708274594,0.3770644474599127,-0.17043692336754673
Avdiivka,s2__composite__ndwi__mean,s2__composite__ndwi__prebattle_baseline__mean,s2__composite__ndwi__post_winter_baseline__mean,0.43514928940844544,0.6242129450031332,0.39091833445615914,-0.23329461054697403
Avdiivka,s2__composite__ndwi__min,s2__composite__ndwi__prebattle_baseline__min,s2__composite__ndwi__post_winter_baseline__min,0.34841048416808695,0.6118587926352541,0.3097997122857877,-0.30205908034946644
Avdiivka,s2__composite__ndwi__p10,s2__composite__ndwi__prebattle_baseline__p10,s2__composite__ndwi__post_winter_baseline__p10,0.3689080431394863,0.6601265256184535,0.32462130738950895,-0.3355052182289446
Avdiivka,s2__composite__ndwi__p50,s2__composite__ndwi__prebattle_baseline__p50,s2__composite__ndwi__post_winter_baseline__p50,0.4291346690420587,0.6272865626212287,0.3833213902746397,-0.24396517234658904
Avdiivka,s2__composite__ndwi__p90,s2__composite__ndwi__prebattle_baseline__p90,s2__composite__ndwi__post_winter_baseline__p90,0.4339397439954095,0.5935364507176747,0.38936410098879987,-0.20417234972887482
Avdiivka,s2__composite__ndwi__std,s2__composite__ndwi__prebattle_baseline__std,s2__composite__ndwi__post_winter_baseline__std,0.28151722775770177,0.44294410790486693,0.2698711407915809,-0.173072967113286
Bucha,s2__composite__b02__max,s2__composite__b02__prebattle_baseline__max,s2__composite__b02__post_winter_baseline__max,0.2954050934896749,0.14675592342288069,0.30836991941268244,0.16161399598980175
Bucha,s2__composite__b02__mean,s2__composite__b02__prebattle_baseline__mean,s2__composite__b02__post_winter_baseline__mean,0.3302692247944168,0.19434777070587123,0.34783935978307384,0.15349158907720262
Bucha,s2__composite__b02__min,s2__composite__b02__prebattle_baseline__min,s2__composite__b02__post_winter_baseline__min,0.31443898047519037,0.321040542706052,0.31460810056459027,-0.006432442141461714
Bucha,s2__composite__b02__p10,s2__composite__b02__prebattle_baseline__p10,s2__composite__b02__post_winter_baseline__p10,0.32807228301058466,0.28760873227514966,0.335419350834459,0.04781061855930935
Bucha,s2__composite__b02__p50,s2__composite__b02__prebattle_baseline__p50,s2__composite__b02__post_winter_baseline__p50,0.34142256872676585,0.20145069681194375,0.36061658592964957,0.15916588911770582
Bucha,s2__composite__b02__p90,s2__composite__b02__prebattle_baseline__p90,s2__composite__b02__post_winter_baseline__p90,0.30554265423459936,0.1708200991893102,0.3164032642942448,0.1455831651049346
Bucha,s2__composite__b02__std,s2__composite__b02__prebattle_baseline__std,s2__composite__b02__post_winter_baseline__std,0.21194346242212986,0.18892564088867703,0.20128432246716768,0.012358681578490655
Bucha,s2__composite__b03__max,s2__composite__b03__prebattle_baseline__max,s2__composite__b03__post_winter_baseline__max,0.3955262803514011,0.25998139479852045,0.40680659330988195,0.1468251985113615
Bucha,s2__composite__b03__mean,s2__composite__b03__prebattle_baseline__mean,s2__composite__b03__post_winter_baseline__mean,0.45777459356419026,0.3302247989711266,0.4728993038580423,0.1426745048869157
Bucha,s2__composite__b03__min,s2__composite__b03__prebattle_baseline__min,s2__composite__b03__post_winter_baseline__min,0.45764468339671943,0.42974446631302565,0.46108329254844205,0.031338826235416395
Bucha,s2__composite__b03__p10,s2__composite__b03__prebattle_baseline__p10,s2__composite__b03__post_winter_baseline__p10,0.4725549514931907,0.4413694206012992,0.4770807273662478,0.0357113067649486
Bucha,s2__composite__b03__p50,s2__composite__b03__prebattle_baseline__p50,s2__composite__b03__post_winter_baseline__p50,0.46452771494648054,0.34825966725972063,0.47505688433307647,0.12679721707335584
Bucha,s2__composite__b03__p90,s2__composite__b03__prebattle_baseline__p90,s2__composite__b03__post_winter_baseline__p90,0.4106337264568908,0.28168202717639174,0.420560850460465,0.13887882328407325
Bucha,s2__composite__b03__std,s2__composite__b03__prebattle_baseline__std,s2__composite__b03__post_winter_baseline__std,0.2930988068748917,0.29552579784939165,0.2813323120933402,-0.01419348575605145
Bucha,s2__composite__b04__max,s2__composite__b04__prebattle_baseline__max,s2__composite__b04__post_winter_baseline__max,0.41036427897521743,0.22226888132124156,0.42522388526772015,0.20295500394647858
Bucha,s2__composite__b04__mean,s2__composite__b04__prebattle_baseline__mean,s2__composite__b04__post_winter_baseline__mean,0.4899248250358796,0.32558500737551,0.5044242629559134,0.17883925558040337
Bucha,s2__composite__b04__min,s2__composite__b04__prebattle_baseline__min,s2__composite__b04__post_winter_baseline__min,0.5373572823821733,0.5376874180784228,0.534935845515242,-0.0027515725631808152
Bucha,s2__composite__b04__p10,s2__composite__b04__prebattle_baseline__p10,s2__composite__b04__post_winter_baseline__p10,0.5289138915303564,0.4924975243761633,0.5311146294255017,0.03861710504933841
Bucha,s2__composite__b04__p50,s2__composite__b04__prebattle_baseline__p50,s2__composite__b04__post_winter_baseline__p50,0.49769683518491487,0.34517633426879724,0.5082647933689783,0.1630884591001811
Bucha,s2__composite__b04__p90,s2__composite__b04__prebattle_baseline__p90,s2__composite__b04__post_winter_baseline__p90,0.4311302864976346,0.2627070381677507,0.4426902782326787,0.179983240064928
Bucha,s2__composite__b04__std,s2__composite__b04__prebattle_baseline__std,s2__composite__b04__post_winter_baseline__std,0.2992057886594052,0.25867372305062597,0.2942714548713237,0.03559773182069775
Bucha,s2__composite__b05__max,s2__composite__b05__prebattle_baseline__max,s2__composite__b05__post_winter_baseline__max,0.5223094798327715,0.2716861833722746,0.550749398067349,0.2790632146950744
Bucha,s2__composite__b05__mean,s2__composite__b05__prebattle_baseline__mean,s2__composite__b05__post_winter_baseline__mean,0.5573242972612079,0.34522235416418423,0.5841242208626315,0.23890186669844726
Bucha,s2__composite__b05__min,s2__composite__b05__prebattle_baseline__min,s2__composite__b05__post_winter_baseline__min,0.5847583711511533,0.44445932786299214,0.6045874937336924,0.16012816587070022
Bucha,s2__composite__b05__p10,s2__composite__b05__prebattle_baseline__p10,s2__composite__b05__post_winter_baseline__p10,0.574777699816578,0.41547994231077395,0.5968383272053458,0.18135838489457184
Bucha,s2__composite__b05__p50,s2__composite__b05__prebattle_baseline__p50,s2__composite__b05__post_winter_baseline__p50,0.5533037286094499,0.348433885435114,0.5778965377544822,0.22946265231936824
Bucha,s2__composite__b05__p90,s2__composite__b05__prebattle_baseline__p90,s2__composite__b05__post_winter_baseline__p90,0.5265003445154518,0.28607786651679734,0.5535263819170042,0.26744851540020687
Bucha,s2__composite__b05__std,s2__composite__b05__prebattle_baseline__std,s2__composite__b05__post_winter_baseline__std,0.32815741617336264,0.1994263948753559,0.3364421820224783,0.13701578714712237
Bucha,s2__composite__b07__max,s2__composite__b07__prebattle_baseline__max,s2__composite__b07__post_winter_baseline__max,0.5161996601588413,0.32075454642203743,0.5380219384482867,0.21726739202624928
Bucha,s2__composite__b07__mean,s2__composite__b07__prebattle_baseline__mean,s2__composite__b07__post_winter_baseline__mean,0.5555363712995114,0.35059846408599143,0.5827469101402788,0.23214844605428736
Bucha,s2__composite__b07__min,s2__composite__b07__prebattle_baseline__min,s2__composite__b07__post_winter_baseline__min,0.5912347272124119,0.4380397324435424,0.6133948172849468,0.17535508484140444
Bucha,s2__composite__b07__p10,s2__composite__b07__prebattle_baseline__p10,s2__composite__b07__post_winter_baseline__p10,0.5807542879835361,0.40787778754334764,0.606099671001779,0.19822188345843134
Bucha,s2__composite__b07__p50,s2__composite__b07__prebattle_baseline__p50,s2__composite__b07__post_winter_baseline__p50,0.5477024072306895,0.345787883531844,0.5736066943905478,0.2278188108587038
Bucha,s2__composite__b07__p90,s2__composite__b07__prebattle_baseline__p90,s2__composite__b07__post_winter_baseline__p90,0.5212343737072955,0.3318470002835154,0.5435668747785573,0.21171987449504187
Bucha,s2__composite__b07__std,s2__composite__b07__prebattle_baseline__std,s2__composite__b07__post_winter_baseline__std,0.38059030124008353,0.3205047396383329,0.3820826433999871,0.061577903761654174
Bucha,s2__composite__b08__max,s2__composite__b08__prebattle_baseline__max,s2__composite__b08__post_winter_baseline__max,0.44971462270004775,0.25295749855470845,0.47254709473509815,0.2195895961803897
Bucha,s2__composite__b08__mean,s2__composite__b08__prebattle_baseline__mean,s2__composite__b08__post_winter_baseline__mean,0.5513768118667205,0.3466045945934841,0.5773815658203378,0.23077697122685376
Bucha,s2__composite__b08__min,s2__composite__b08__prebattle_baseline__min,s2__composite__b08__post_winter_baseline__min,0.6270071617600392,0.5681569311949345,0.6348487884536658,0.06669185725873128
Bucha,s2__composite__b08__p10,s2__composite__b08__prebattle_baseline__p10,s2__composite__b08__post_winter_baseline__p10,0.6159666665117062,0.5380966664338278,0.6264914714634796,0.0883948050296518
Bucha,s2__composite__b08__p50,s2__composite__b08__prebattle_baseline__p50,s2__composite__b08__post_winter_baseline__p50,0.549483079684787,0.3773097262227116,0.5710692697582932,0.1937595435355816
Bucha,s2__composite__b08__p90,s2__composite__b08__prebattle_baseline__p90,s2__composite__b08__post_winter_baseline__p90,0.4719765174404967,0.2688605556080584,0.49437205804741435,0.22551150243935597
Bucha,s2__composite__b08__std,s2__composite__b08__prebattle_baseline__std,s2__composite__b08__post_winter_baseline__std,0.322163051495862,0.2636323667785662,0.32437063401117217,0.06073826723260595
Bucha,s2__composite__b11__max,s2__composite__b11__prebattle_baseline__max,s2__composite__b11__post_winter_baseline__max,0.5961851158943747,0.5914634597323143,0.5940474422267874,0.002583982494473114
Bucha,s2__composite__b11__mean,s2__composite__b11__prebattle_baseline__mean,s2__composite__b11__post_winter_baseline__mean,0.6410286898340397,0.6044359892017601,0.6433304543234484,0.03889446512168826
Bucha,s2__composite__b11__min,s2__composite__b11__prebattle_baseline__min,s2__composite__b11__post_winter_baseline__min,0.6693214489398658,0.5731163987445265,0.6821372307784412,0.10902083203391477
Bucha,s2__composite__b11__p10,s2__composite__b11__prebattle_baseline__p10,s2__composite__b11__post_winter_baseline__p10,0.6585727829365936,0.5858390207623687,0.6678016091031674,0.08196258834079873
Bucha,s2__composite__b11__p50,s2__composite__b11__prebattle_baseline__p50,s2__composite__b11__post_winter_baseline__p50,0.6358166304999476,0.5974524700767956,0.6382391283713964,0.04078665829460082
Bucha,s2__composite__b11__p90,s2__composite__b11__prebattle_baseline__p90,s2__composite__b11__post_winter_baseline__p90,0.6053384589853483,0.591396166130297,0.6042248784061025,0.01282871227580551
Bucha,s2__composite__b11__std,s2__composite__b11__prebattle_baseline__std,s2__composite__b11__post_winter_baseline__std,0.4424655101908673,0.5230350121007671,0.4252263815432458,-0.09780863055752126
Bucha,s2__composite__b12__max,s2__composite__b12__prebattle_baseline__max,s2__composite__b12__post_winter_baseline__max,0.6948904457245585,0.6744722499802772,0.6943213792372778,0.019849129257000553
Bucha,s2__composite__b12__mean,s2__composite__b12__prebattle_baseline__mean,s2__composite__b12__post_winter_baseline__mean,0.7300405255994917,0.6977643370464266,0.7324214840581259,0.03465714701169931
Bucha,s2__composite__b12__min,s2__composite__b12__prebattle_baseline__min,s2__composite__b12__post_winter_baseline__min,0.7433735097521852,0.647892185202269,0.7539281013429848,0.10603591614071584
Bucha,s2__composite__b12__p10,s2__composite__b12__prebattle_baseline__p10,s2__composite__b12__post_winter_baseline__p10,0.7392665994595592,0.6715579261290547,0.7465274341263327,0.07496950799727797
Bucha,s2__composite__b12__p50,s2__composite__b12__prebattle_baseline__p50,s2__composite__b12__post_winter_baseline__p50,0.7272743569182665,0.7020261080727936,0.7288796701666538,0.02685356209386014
Bucha,s2__composite__b12__p90,s2__composite__b12__prebattle_baseline__p90,s2__composite__b12__post_winter_baseline__p90,0.7027222928312219,0.6807890278663482,0.7027577171204933,0.02196868925414508
Bucha,s2__composite__b12__std,s2__composite__b12__prebattle_baseline__std,s2__composite__b12__post_winter_baseline__std,0.5446674926134526,0.6118764201452093,0.5291435124567206,-0.08273290768848862
Bucha,s2__composite__b8a__max,s2__composite__b8a__prebattle_baseline__max,s2__composite__b8a__post_winter_baseline__max,0.5371026027660283,0.3495746650510685,0.5606517590553604,0.21107709400429187
Bucha,s2__composite__b8a__mean,s2__composite__b8a__prebattle_baseline__mean,s2__composite__b8a__post_winter_baseline__mean,0.5809554434679367,0.3893587209756218,0.6077833414392927,0.2184246204636709
Bucha,s2__composite__b8a__min,s2__composite__b8a__prebattle_baseline__min,s2__composite__b8a__post_winter_baseline__min,0.6217016590591348,0.5001657949591359,0.6398979709999092,0.13973217604077326
Bucha,s2__composite__b8a__p10,s2__composite__b8a__prebattle_baseline__p10,s2__composite__b8a__post_winter_baseline__p10,0.6104647001794501,0.46339834878907843,0.6321023615504235,0.1687040127613451
Bucha,s2__composite__b8a__p50,s2__composite__b8a__prebattle_baseline__p50,s2__composite__b8a__post_winter_baseline__p50,0.5739631297261831,0.38519227687541346,0.6001601220183632,0.21496784514294975
Bucha,s2__composite__b8a__p90,s2__composite__b8a__prebattle_baseline__p90,s2__composite__b8a__post_winter_baseline__p90,0.5418915389116905,0.3574274878478714,0.5656274252517081,0.2081999374038367
Bucha,s2__composite__b8a__std,s2__composite__b8a__prebattle_baseline__std,s2__composite__b8a__post_winter_baseline__std,0.39044580370797205,0.3557296824216326,0.3877892681290693,0.032059585707436666
Bucha,s2__composite__cire__max,s2__composite__cire__prebattle_baseline__max,s2__composite__cire__post_winter_baseline__max,0.5529647314746586,0.5776898650960479,0.5487145035293115,-0.028975361566736413
Bucha,s2__composite__cire__mean,s2__composite__cire__prebattle_baseline__mean,s2__composite__cire__post_winter_baseline__mean,0.5603938374765791,0.5718144576432062,0.5553476510170879,-0.016466806626118213
Bucha,s2__composite__cire__min,s2__composite__cire__prebattle_baseline__min,s2__composite__cire__post_winter_baseline__min,0.5042445601174378,0.5340477933834786,0.49617828258229474,-0.03786951080118389
Bucha,s2__composite__cire__p10,s2__composite__cire__prebattle_baseline__p10,s2__composite__cire__post_winter_baseline__p10,0.5185098724028853,0.5465721724040028,0.5094804290072963,-0.03709174339670651
Bucha,s2__composite__cire__p50,s2__composite__cire__prebattle_baseline__p50,s2__composite__cire__post_winter_baseline__p50,0.5401688348427898,0.5836037687007186,0.5321721171910921,-0.051431651509626475
Bucha,s2__composite__cire__p90,s2__composite__cire__prebattle_baseline__p90,s2__composite__cire__post_winter_baseline__p90,0.553690878824794,0.5461684517874061,0.55289601388182,0.00672756209441383
Bucha,s2__composite__cire__std,s2__composite__cire__prebattle_baseline__std,s2__composite__cire__post_winter_baseline__std,0.29897444576979,0.34343579608255637,0.2951031775483369,-0.04833261853421944
Bucha,s2__composite__mndwi__max,s2__composite__mndwi__prebattle_baseline__max,s2__composite__mndwi__post_winter_baseline__max,0.007179477598551395,0.0657542396873331,-0.004811722327740398,-0.0705659620150735
Bucha,s2__composite__mndwi__mean,s2__composite__mndwi__prebattle_baseline__mean,s2__composite__mndwi__post_winter_baseline__mean,0.029811920916398314,0.15354784630998508,0.011333865827958978,-0.1422139804820261
Bucha,s2__composite__mndwi__min,s2__composite__mndwi__prebattle_baseline__min,s2__composite__mndwi__post_winter_baseline__min,0.0721907106663196,0.240070180340465,0.0477351499592522,-0.1923350303812128
Bucha,s2__composite__mndwi__p10,s2__composite__mndwi__prebattle_baseline__p10,s2__composite__mndwi__post_winter_baseline__p10,0.059864479252284296,0.22539640798280827,0.035730786888052264,-0.18966562109475602
Bucha,s2__composite__mndwi__p50,s2__composite__mndwi__prebattle_baseline__p50,s2__composite__mndwi__post_winter_baseline__p50,0.036788787146989785,0.15232427275182703,0.018558763827959297,-0.13376550892386774
Bucha,s2__composite__mndwi__p90,s2__composite__mndwi__prebattle_baseline__p90,s2__composite__mndwi__post_winter_baseline__p90,0.01891328724398078,0.10777448607692718,0.002700714751593165,-0.105073771325334
Bucha,s2__composite__mndwi__std,s2__composite__mndwi__prebattle_baseline__std,s2__composite__mndwi__post_winter_baseline__std,0.15205930269849774,0.18284937112991168,0.13930957314857143,-0.04353979798134025
Bucha,s2__composite__ndbi__max,s2__composite__ndbi__prebattle_baseline__max,s2__composite__ndbi__post_winter_baseline__max,0.374205456334056,0.4267630345190304,0.36645214523062375,-0.060310889288406666
Bucha,s2__composite__ndbi__mean,s2__composite__ndbi__prebattle_baseline__mean,s2__composite__ndbi__post_winter_baseline__mean,0.3470900210964039,0.2441347232437452,0.36413252208218816,0.11999779883844297
Bucha,s2__composite__ndbi__min,s2__composite__ndbi__prebattle_baseline__min,s2__composite__ndbi__post_winter_baseline__min,0.26759987281198383,0.10972955493402205,0.2931739492453294,0.18344439431130738
Bucha,s2__composite__ndbi__p10,s2__composite__ndbi__prebattle_baseline__p10,s2__composite__ndbi__post_winter_baseline__p10,0.2925910686474768,0.13484903208205504,0.3168317930578287,0.18198276097577368
Bucha,s2__composite__ndbi__p50,s2__composite__ndbi__prebattle_baseline__p50,s2__composite__ndbi__post_winter_baseline__p50,0.3466514303259056,0.25511796917407503,0.3629845109644751,0.10786654179040006
Bucha,s2__composite__ndbi__p90,s2__composite__ndbi__prebattle_baseline__p90,s2__composite__ndbi__post_winter_baseline__p90,0.37941607143645395,0.417971590932437,0.37465210968211776,-0.04331948125031926
Bucha,s2__composite__ndbi__std,s2__composite__ndbi__prebattle_baseline__std,s2__composite__ndbi__post_winter_baseline__std,0.2703338980512466,0.3090178450362201,0.2626541736004232,-0.046363671435796894
Bucha,s2__composite__ndre__max,s2__composite__ndre__prebattle_baseline__max,s2__composite__ndre__post_winter_baseline__max,0.5519623181019608,0.6002434946537283,0.5424845558787021,-0.057758938775026136
Bucha,s2__composite__ndre__mean,s2__composite__ndre__prebattle_baseline__mean,s2__composite__ndre__post_winter_baseline__mean,0.5587268538815241,0.5989678394891791,0.5489986211530403,-0.049969218336138765
Bucha,s2__composite__ndre__min,s2__composite__ndre__prebattle_baseline__min,s2__composite__ndre__post_winter_baseline__min,0.5187358872667763,0.5401499263682892,0.5100562411694263,-0.030093685198862907
Bucha,s2__composite__ndre__p10,s2__composite__ndre__prebattle_baseline__p10,s2__composite__ndre__post_winter_baseline__p10,0.5306455440300922,0.5638179107041564,0.5211558437456759,-0.042662066958480516
Bucha,s2__composite__ndre__p50,s2__composite__ndre__prebattle_baseline__p50,s2__composite__ndre__post_winter_baseline__p50,0.5464726162490494,0.592931015355031,0.536472216490703,-0.05645879886432803
Bucha,s2__composite__ndre__p90,s2__composite__ndre__prebattle_baseline__p90,s2__composite__ndre__post_winter_baseline__p90,0.5600582323813915,0.5930772928796538,0.5507652194420286,-0.04231207343762522
Bucha,s2__composite__ndre__std,s2__composite__ndre__prebattle_baseline__std,s2__composite__ndre__post_winter_baseline__std,0.2638517097540609,0.3681550541761001,0.25202896078176923,-0.11612609339433089
Bucha,s2__composite__ndvi__max,s2__composite__ndvi__prebattle_baseline__max,s2__composite__ndvi__post_winter_baseline__max,0.565684384491025,0.6495420398426501,0.551104396514571,-0.09843764332807914
Bucha,s2__composite__ndvi__mean,s2__composite__ndvi__prebattle_baseline__mean,s2__composite__ndvi__post_winter_baseline__mean,0.6271537494035921,0.6818299482687068,0.6163926391655481,-0.0654373091031587
Bucha,s2__composite__ndvi__min,s2__composite__ndvi__prebattle_baseline__min,s2__composite__ndvi__post_winter_baseline__min,0.5813370979716111,0.5889329411228627,0.5765589058814194,-0.012374035241443204
Bucha,s2__composite__ndvi__p10,s2__composite__ndvi__prebattle_baseline__p10,s2__composite__ndvi__post_winter_baseline__p10,0.6097232365165702,0.6296231010108887,0.6040373930611048,-0.025585707949783876
Bucha,s2__composite__ndvi__p50,s2__composite__ndvi__prebattle_baseline__p50,s2__composite__ndvi__post_winter_baseline__p50,0.6164434879948035,0.6522542156501953,0.6072803538066904,-0.044973861843504825
Bucha,s2__composite__ndvi__p90,s2__composite__ndvi__prebattle_baseline__p90,s2__composite__ndvi__post_winter_baseline__p90,0.5874562307067948,0.6481433848454841,0.5752919552674999,-0.07285142957798418
Bucha,s2__composite__ndvi__std,s2__composite__ndvi__prebattle_baseline__std,s2__composite__ndvi__post_winter_baseline__std,0.38082858925209523,0.33421538132824924,0.38700304842209027,0.05278766709384103
Bucha,s2__composite__ndwi__max,s2__composite__ndwi__prebattle_baseline__max,s2__composite__ndwi__post_winter_baseline__max,0.5741742898975731,0.5083014583793448,0.5863612730838057,0.07805981470446088
Bucha,s2__composite__ndwi__mean,s2__composite__ndwi__prebattle_baseline__mean,s2__composite__ndwi__post_winter_baseline__mean,0.6033752291111122,0.6325672938247052,0.6017143467757904,-0.030852947048914836
Bucha,s2__composite__ndwi__min,s2__composite__ndwi__prebattle_baseline__min,s2__composite__ndwi__post_winter_baseline__min,0.5340132632395759,0.6110493859628117,0.5243811155252102,-0.0866682704376015
Bucha,s2__composite__ndwi__p10,s2__composite__ndwi__prebattle_baseline__p10,s2__composite__ndwi__post_winter_baseline__p10,0.5568282959334611,0.6205413090194887,0.550550660053428,-0.06999064896606066
Bucha,s2__composite__ndwi__p50,s2__composite__ndwi__prebattle_baseline__p50,s2__composite__ndwi__post_winter_baseline__p50,0.5912026137645973,0.6024653515385848,0.5927436140686856,-0.009721737469899239
Bucha,s2__composite__ndwi__p90,s2__composite__ndwi__prebattle_baseline__p90,s2__composite__ndwi__post_winter_baseline__p90,0.5942142255201271,0.5722467159463047,0.5998007778920034,0.02755406194569865
Bucha,s2__composite__ndwi__std,s2__composite__ndwi__prebattle_baseline__std,s2__composite__ndwi__post_winter_baseline__std,0.33611571874587454,0.24212792709133713,0.34656039859448623,0.1044324715031491
Chernihiv,s2__composite__b02__max,s2__composite__b02__prebattle_baseline__max,s2__composite__b02__post_winter_baseline__max,0.2912685117828654,0.3225174387368896,0.280151843819739,-0.042365594917150584
Chernihiv,s2__composite__b02__mean,s2__composite__b02__prebattle_baseline__mean,s2__composite__b02__post_winter_baseline__mean,0.22923308973144924,0.25097798512998665,0.21785591065945084,-0.033122074470535806
Chernihiv,s2__composite__b02__min,s2__composite__b02__prebattle_baseline__min,s2__composite__b02__post_winter_baseline__min,0.13218328785468358,0.14567616351991325,0.12974515328293246,-0.01593101023698079
Chernihiv,s2__composite__b02__p10,s2__composite__b02__prebattle_baseline__p10,s2__composite__b02__post_winter_baseline__p10,0.14965571075392334,0.14007320525274972,0.14807318968880373,0.007999984436054014
Chernihiv,s2__composite__b02__p50,s2__composite__b02__prebattle_baseline__p50,s2__composite__b02__post_winter_baseline__p50,0.21152975289194959,0.22280396475336617,0.20236373817547043,-0.020440226577895737
Chernihiv,s2__composite__b02__p90,s2__composite__b02__prebattle_baseline__p90,s2__composite__b02__post_winter_baseline__p90,0.29009018750152726,0.3277373819652764,0.2764361126498727,-0.051301269315403686
Chernihiv,s2__composite__b02__std,s2__composite__b02__prebattle_baseline__std,s2__composite__b02__post_winter_baseline__std,0.361482977035576,0.39209054714386543,0.3528933242394492,-0.03919722290441624
Chernihiv,s2__composite__b03__max,s2__composite__b03__prebattle_baseline__max,s2__composite__b03__post_winter_baseline__max,0.3033169878367784,0.3463953584628125,0.2903825261643426,-0.05601283229846987
Chernihiv,s2__composite__b03__mean,s2__composite__b03__prebattle_baseline__mean,s2__composite__b03__post_winter_baseline__mean,0.26988805405506777,0.2558741275269943,0.26534589870903846,0.009471771182044175
Chernihiv,s2__composite__b03__min,s2__composite__b03__prebattle_baseline__min,s2__composite__b03__post_winter_baseline__min,0.21978859643000576,0.19211185035371534,0.22380720397086284,0.03169535361714751
Chernihiv,s2__composite__b03__p10,s2__composite__b03__prebattle_baseline__p10,s2__composite__b03__post_winter_baseline__p10,0.2313516679400661,0.20652547705843274,0.234020121706351,0.02749464464791826
Chernihiv,s2__composite__b03__p50,s2__composite__b03__prebattle_baseline__p50,s2__composite__b03__post_winter_baseline__p50,0.2600744066929798,0.24924807667035997,0.2561593450417703,0.006911268371410317
Chernihiv,s2__composite__b03__p90,s2__composite__b03__prebattle_baseline__p90,s2__composite__b03__post_winter_baseline__p90,0.300099499577419,0.3357574661439661,0.28736646600796745,-0.048391000135998674
Chernihiv,s2__composite__b03__std,s2__composite__b03__prebattle_baseline__std,s2__composite__b03__post_winter_baseline__std,0.36342930820191865,0.4601339481841004,0.3448285324407847,-0.11530541574331571
Chernihiv,s2__composite__b04__max,s2__composite__b04__prebattle_baseline__max,s2__composite__b04__post_winter_baseline__max,0.29345401200229926,0.3335753069989131,0.2837768650359339,-0.04979844196297917
Chernihiv,s2__composite__b04__mean,s2__composite__b04__prebattle_baseline__mean,s2__composite__b04__post_winter_baseline__mean,0.27327152634563967,0.23237581771413127,0.275113338825731,0.04273752111159976
Chernihiv,s2__composite__b04__min,s2__composite__b04__prebattle_baseline__min,s2__composite__b04__post_winter_baseline__min,0.2341492870570169,0.2203574582211001,0.23650854499007992,0.016151086768979833
Chernihiv,s2__composite__b04__p10,s2__composite__b04__prebattle_baseline__p10,s2__composite__b04__post_winter_baseline__p10,0.24848693104562594,0.21395786186203433,0.2523132176044016,0.038355355742367286
Chernihiv,s2__composite__b04__p50,s2__composite__b04__prebattle_baseline__p50,s2__composite__b04__post_winter_baseline__p50,0.2664356532837552,0.23482496895156796,0.2680394196029112,0.033214450651343264
Chernihiv,s2__composite__b04__p90,s2__composite__b04__prebattle_baseline__p90,s2__composite__b04__post_winter_baseline__p90,0.30143696496410527,0.3068097477002074,0.29549530654777667,-0.011314441152430743
Chernihiv,s2__composite__b04__std,s2__composite__b04__prebattle_baseline__std,s2__composite__b04__post_winter_baseline__std,0.37363586078035504,0.43794752547804,0.3607644612208627,-0.0771830642571773
Chernihiv,s2__composite__b05__max,s2__composite__b05__prebattle_baseline__max,s2__composite__b05__post_winter_baseline__max,0.25340202167847037,0.2665480257698985,0.24937846808912534,-0.017169557680773162
Chernihiv,s2__composite__b05__mean,s2__composite__b05__prebattle_baseline__mean,s2__composite__b05__post_winter_baseline__mean,0.2290878877912516,0.21069503716360627,0.2297562805423871,0.019061243378780818
Chernihiv,s2__composite__b05__min,s2__composite__b05__prebattle_baseline__min,s2__composite__b05__post_winter_baseline__min,0.20453476925059405,0.17351047647662127,0.20734134723919667,0.033830870762575405
Chernihiv,s2__composite__b05__p10,s2__composite__b05__prebattle_baseline__p10,s2__composite__b05__post_winter_baseline__p10,0.21649062543031325,0.19692242634980453,0.2173472915277475,0.02042486517794298
Chernihiv,s2__composite__b05__p50,s2__composite__b05__prebattle_baseline__p50,s2__composite__b05__post_winter_baseline__p50,0.2339443408721698,0.21332755308273987,0.23536547519669646,0.022037922113956582
Chernihiv,s2__composite__b05__p90,s2__composite__b05__prebattle_baseline__p90,s2__composite__b05__post_winter_baseline__p90,0.2579355724263008,0.250579023669608,0.2562275932664395,0.005648569596831521
Chernihiv,s2__composite__b05__std,s2__composite__b05__prebattle_baseline__std,s2__composite__b05__post_winter_baseline__std,0.29930143786958086,0.34618817365489685,0.29074421961678126,-0.055443954038115584
Chernihiv,s2__composite__b07__max,s2__composite__b07__prebattle_baseline__max,s2__composite__b07__post_winter_baseline__max,0.28008804587401953,0.30555112960096514,0.27640039851111947,-0.029150731089845672
Chernihiv,s2__composite__b07__mean,s2__composite__b07__prebattle_baseline__mean,s2__composite__b07__post_winter_baseline__mean,0.24227586032009757,0.2419400425191714,0.24220885643606202,0.0002688139168906256
Chernihiv,s2__composite__b07__min,s2__composite__b07__prebattle_baseline__min,s2__composite__b07__post_winter_baseline__min,0.20630446788539486,0.19810696325948773,0.20558958192632804,0.007482618666840302
Chernihiv,s2__composite__b07__p10,s2__composite__b07__prebattle_baseline__p10,s2__composite__b07__post_winter_baseline__p10,0.21996624160620498,0.23404558806636486,0.2168861680002845,-0.017159420066080344
Chernihiv,s2__composite__b07__p50,s2__composite__b07__prebattle_baseline__p50,s2__composite__b07__post_winter_baseline__p50,0.24080887181330723,0.23839143946098715,0.24096010617313576,0.002568666712148615
Chernihiv,s2__composite__b07__p90,s2__composite__b07__prebattle_baseline__p90,s2__composite__b07__post_winter_baseline__p90,0.2708559855773794,0.2708694373433542,0.2706855921931405,-0.00018384515021374614
Chernihiv,s2__composite__b07__std,s2__composite__b07__prebattle_baseline__std,s2__composite__b07__post_winter_baseline__std,0.3076625290900749,0.3955132893353908,0.2932655514386347,-0.10224773789675612
Chernihiv,s2__composite__b08__max,s2__composite__b08__prebattle_baseline__max,s2__composite__b08__post_winter_baseline__max,0.28068634216643135,0.31381640666949256,0.27637724938408187,-0.037439157285410696
Chernihiv,s2__composite__b08__mean,s2__composite__b08__prebattle_baseline__mean,s2__composite__b08__post_winter_baseline__mean,0.24592122027235624,0.24766186961461903,0.24626791966813188,-0.001393949946487144
Chernihiv,s2__composite__b08__min,s2__composite__b08__prebattle_baseline__min,s2__composite__b08__post_winter_baseline__min,0.21775476388504947,0.15278481694905555,0.2266519748517511,0.07386715790269555
Chernihiv,s2__composite__b08__p10,s2__composite__b08__prebattle_baseline__p10,s2__composite__b08__post_winter_baseline__p10,0.23099781838321354,0.2185852842755177,0.23206756713541363,0.013482282859895917
Chernihiv,s2__composite__b08__p50,s2__composite__b08__prebattle_baseline__p50,s2__composite__b08__post_winter_baseline__p50,0.23766188073956152,0.2222048243093242,0.24128110616697002,0.019076281857645816
Chernihiv,s2__composite__b08__p90,s2__composite__b08__prebattle_baseline__p90,s2__composite__b08__post_winter_baseline__p90,0.27645967276641115,0.26683224767949887,0.27909202229906815,0.012259774619569286
Chernihiv,s2__composite__b08__std,s2__composite__b08__prebattle_baseline__std,s2__composite__b08__post_winter_baseline__std,0.3332439127522251,0.44621993964010903,0.31445103556558185,-0.13176890407452718
Chernihiv,s2__composite__b11__max,s2__composite__b11__prebattle_baseline__max,s2__composite__b11__post_winter_baseline__max,0.2028922382649666,0.2745989457501073,0.1901619163247185,-0.0844370294253888
Chernihiv,s2__composite__b11__mean,s2__composite__b11__prebattle_baseline__mean,s2__composite__b11__post_winter_baseline__mean,0.18096436298555818,0.238657762240811,0.17121613932540208,-0.06744162291540892
Chernihiv,s2__composite__b11__min,s2__composite__b11__prebattle_baseline__min,s2__composite__b11__post_winter_baseline__min,0.16871280099613883,0.20979029296586355,0.161267175773193,-0.04852311719267055
Chernihiv,s2__composite__b11__p10,s2__composite__b11__prebattle_baseline__p10,s2__composite__b11__post_winter_baseline__p10,0.18823152699451767,0.24853960686284535,0.17813667368131864,-0.07040293318152671
Chernihiv,s2__composite__b11__p50,s2__composite__b11__prebattle_baseline__p50,s2__composite__b11__post_winter_baseline__p50,0.1846261626804574,0.24599410603371852,0.17421952748424432,-0.0717745785494742
Chernihiv,s2__composite__b11__p90,s2__composite__b11__prebattle_baseline__p90,s2__composite__b11__post_winter_baseline__p90,0.20643877967230256,0.2806977786964311,0.19382167915036072,-0.08687609954607037
Chernihiv,s2__composite__b11__std,s2__composite__b11__prebattle_baseline__std,s2__composite__b11__post_winter_baseline__std,0.3270021618470981,0.3142777414323118,0.329676046607682,0.01539830517537022
Chernihiv,s2__composite__b12__max,s2__composite__b12__prebattle_baseline__max,s2__composite__b12__post_winter_baseline__max,0.20682206094303032,0.3054345402652798,0.18894377487400638,-0.1164907653912734
Chernihiv,s2__composite__b12__mean,s2__composite__b12__prebattle_baseline__mean,s2__composite__b12__post_winter_baseline__mean,0.19547576217967338,0.2703679365330608,0.18245291364774294,-0.08791502288531786
Chernihiv,s2__composite__b12__min,s2__composite__b12__prebattle_baseline__min,s2__composite__b12__post_winter_baseline__min,0.1777880768979383,0.22158432961774094,0.17039753444291575,-0.05118679517482519
Chernihiv,s2__composite__b12__p10,s2__composite__b12__prebattle_baseline__p10,s2__composite__b12__post_winter_baseline__p10,0.20088692372007763,0.255939227966416,0.19185913045847314,-0.06408009750794286
Chernihiv,s2__composite__b12__p50,s2__composite__b12__prebattle_baseline__p50,s2__composite__b12__post_winter_baseline__p50,0.19598685279690556,0.272644244313423,0.18317738156256388,-0.0894668627508591
Chernihiv,s2__composite__b12__p90,s2__composite__b12__prebattle_baseline__p90,s2__composite__b12__post_winter_baseline__p90,0.21851445791685076,0.30675117601582597,0.20302110930692205,-0.10373006670890392
Chernihiv,s2__composite__b12__std,s2__composite__b12__prebattle_baseline__std,s2__composite__b12__post_winter_baseline__std,0.3021644371586532,0.3497394917183823,0.29481150259013855,-0.05492798912824376
Chernihiv,s2__composite__b8a__max,s2__composite__b8a__prebattle_baseline__max,s2__composite__b8a__post_winter_baseline__max,0.26414132595011897,0.2913306197827055,0.260287634978437,-0.031042984804268536
Chernihiv,s2__composite__b8a__mean,s2__composite__b8a__prebattle_baseline__mean,s2__composite__b8a__post_winter_baseline__mean,0.23101822404136427,0.25357188882287823,0.2274817560870146,-0.026090132735863636
Chernihiv,s2__composite__b8a__min,s2__composite__b8a__prebattle_baseline__min,s2__composite__b8a__post_winter_baseline__min,0.20887353938711367,0.2071324564015429,0.20877081584981522,0.001638359448272314
Chernihiv,s2__composite__b8a__p10,s2__composite__b8a__prebattle_baseline__p10,s2__composite__b8a__post_winter_baseline__p10,0.2170863907691273,0.241826478465507,0.2130490671547948,-0.02877741131071221
Chernihiv,s2__composite__b8a__p50,s2__composite__b8a__prebattle_baseline__p50,s2__composite__b8a__post_winter_baseline__p50,0.2328131972342594,0.25882659683719983,0.22901424703422263,-0.0298123498029772
Chernihiv,s2__composite__b8a__p90,s2__composite__b8a__prebattle_baseline__p90,s2__composite__b8a__post_winter_baseline__p90,0.2571246575305488,0.2743745137103347,0.25451084767706766,-0.019863666033267058
Chernihiv,s2__composite__b8a__std,s2__composite__b8a__prebattle_baseline__std,s2__composite__b8a__post_winter_baseline__std,0.3200231996541938,0.42550741626629307,0.3026818773826894,-0.12282553888360365
Chernihiv,s2__composite__cire__max,s2__composite__cire__prebattle_baseline__max,s2__composite__cire__post_winter_baseline__max,0.4651777029148347,0.5951160865619135,0.44167798500465116,-0.15343810155726234
Chernihiv,s2__composite__cire__mean,s2__composite__cire__prebattle_baseline__mean,s2__composite__cire__post_winter_baseline__mean,0.511553410825737,0.631724464584734,0.48837591765023247,-0.1433485469345015
Chernihiv,s2__composite__cire__min,s2__composite__cire__prebattle_baseline__min,s2__composite__cire__post_winter_baseline__min,0.5271649066199786,0.6342407884992209,0.5040441786776433,-0.13019660982157766
Chernihiv,s2__composite__cire__p10,s2__composite__cire__prebattle_baseline__p10,s2__composite__cire__post_winter_baseline__p10,0.5239871315338117,0.5998456821907725,0.5050977277192694,-0.09474795447150308
Chernihiv,s2__composite__cire__p50,s2__composite__cire__prebattle_baseline__p50,s2__composite__cire__post_winter_baseline__p50,0.5046258285265947,0.6112331518540702,0.48287487113374067,-0.12835828072032957
Chernihiv,s2__composite__cire__p90,s2__composite__cire__prebattle_baseline__p90,s2__composite__cire__post_winter_baseline__p90,0.4791750295932498,0.583381694986324,0.4594501026258907,-0.12393159236043327
Chernihiv,s2__composite__cire__std,s2__composite__cire__prebattle_baseline__std,s2__composite__cire__post_winter_baseline__std,0.2655287248265857,0.30133093832514674,0.26097561651017903,-0.040355321814967704
Chernihiv,s2__composite__mndwi__max,s2__composite__mndwi__prebattle_baseline__max,s2__composite__mndwi__post_winter_baseline__max,0.4000445676344699,0.44780090694524904,0.38784216459363285,-0.05995874235161619
Chernihiv,s2__composite__mndwi__mean,s2__composite__mndwi__prebattle_baseline__mean,s2__composite__mndwi__post_winter_baseline__mean,0.3468390883739869,0.4148975120073792,0.3352558537554058,-0.07964165825197339
Chernihiv,s2__composite__mndwi__min,s2__composite__mndwi__prebattle_baseline__min,s2__composite__mndwi__post_winter_baseline__min,0.29285400826140273,0.40118264895717254,0.27571241915245276,-0.12547022980471978
Chernihiv,s2__composite__mndwi__p10,s2__composite__mndwi__prebattle_baseline__p10,s2__composite__mndwi__post_winter_baseline__p10,0.295688846954613,0.36696486710235354,0.28568925258237926,-0.08127561451997428
Chernihiv,s2__composite__mndwi__p50,s2__composite__mndwi__prebattle_baseline__p50,s2__composite__mndwi__post_winter_baseline__p50,0.340706697479051,0.39295744284500117,0.33134187265358994,-0.06161557019141123
Chernihiv,s2__composite__mndwi__p90,s2__composite__mndwi__prebattle_baseline__p90,s2__composite__mndwi__post_winter_baseline__p90,0.38230465537272224,0.4412661750277947,0.3689778196893524,-0.0722883553384423
Chernihiv,s2__composite__mndwi__std,s2__composite__mndwi__prebattle_baseline__std,s2__composite__mndwi__post_winter_baseline__std,0.364842238802624,0.39589691775336155,0.35195940442655155,-0.04393751332681001
Chernihiv,s2__composite__ndbi__max,s2__composite__ndbi__prebattle_baseline__max,s2__composite__ndbi__post_winter_baseline__max,0.32123004787752846,0.3689649634355592,0.3098189083206537,-0.059146055114905505
Chernihiv,s2__composite__ndbi__mean,s2__composite__ndbi__prebattle_baseline__mean,s2__composite__ndbi__post_winter_baseline__mean,0.3580517477435711,0.3854220370895605,0.3529992251550566,-0.032422811934503915
Chernihiv,s2__composite__ndbi__min,s2__composite__ndbi__prebattle_baseline__min,s2__composite__ndbi__post_winter_baseline__min,0.3235226944151818,0.38025604588778084,0.3154086274984764,-0.06484741838930441
Chernihiv,s2__composite__ndbi__p10,s2__composite__ndbi__prebattle_baseline__p10,s2__composite__ndbi__post_winter_baseline__p10,0.3159577102916773,0.3100041730056179,0.3170364693716713,0.007032296366053403
Chernihiv,s2__composite__ndbi__p50,s2__composite__ndbi__prebattle_baseline__p50,s2__composite__ndbi__post_winter_baseline__p50,0.3269530494438366,0.32551617790526094,0.325770666232183,0.00025448832692204215
Chernihiv,s2__composite__ndbi__p90,s2__composite__ndbi__prebattle_baseline__p90,s2__composite__ndbi__post_winter_baseline__p90,0.3285867522950975,0.3666828737482947,0.32022905906791616,-0.04645381468037857
Chernihiv,s2__composite__ndbi__std,s2__composite__ndbi__prebattle_baseline__std,s2__composite__ndbi__post_winter_baseline__std,0.2936397075720074,0.3771781075941431,0.27703363494856953,-0.10014447264557358
Chernihiv,s2__composite__ndre__max,s2__composite__ndre__prebattle_baseline__max,s2__composite__ndre__post_winter_baseline__max,0.47636261935445756,0.5849767789657203,0.4567448431798417,-0.1282319357858786
Chernihiv,s2__composite__ndre__mean,s2__composite__ndre__prebattle_baseline__mean,s2__composite__ndre__post_winter_baseline__mean,0.5003878205192303,0.6146920947928187,0.47990869522777074,-0.13478339956504798
Chernihiv,s2__composite__ndre__min,s2__composite__ndre__prebattle_baseline__min,s2__composite__ndre__post_winter_baseline__min,0.5016297917803616,0.6241399847267362,0.4787407083011695,-0.14539927642556666
Chernihiv,s2__composite__ndre__p10,s2__composite__ndre__prebattle_baseline__p10,s2__composite__ndre__post_winter_baseline__p10,0.49912148263501477,0.6003970668273297,0.47955490724939487,-0.12084215957793487
Chernihiv,s2__composite__ndre__p50,s2__composite__ndre__prebattle_baseline__p50,s2__composite__ndre__post_winter_baseline__p50,0.4973990488627314,0.6124036304258041,0.47615020295913163,-0.13625342746667252
Chernihiv,s2__composite__ndre__p90,s2__composite__ndre__prebattle_baseline__p90,s2__composite__ndre__post_winter_baseline__p90,0.4851361079504291,0.5730781242829636,0.4688900661529333,-0.10418805813003024
Chernihiv,s2__composite__ndre__std,s2__composite__ndre__prebattle_baseline__std,s2__composite__ndre__post_winter_baseline__std,0.31012617667932246,0.30095045870404036,0.3111460081503136,0.010195549446273267
Chernihiv,s2__composite__ndvi__max,s2__composite__ndvi__prebattle_baseline__max,s2__composite__ndvi__post_winter_baseline__max,0.43753915500593654,0.5733919362546153,0.4109998490768209,-0.16239208717779435
Chernihiv,s2__composite__ndvi__mean,s2__composite__ndvi__prebattle_baseline__mean,s2__composite__ndvi__post_winter_baseline__mean,0.524051484592968,0.6334958310430931,0.4994707093766112,-0.13402512166648195
Chernihiv,s2__composite__ndvi__min,s2__composite__ndvi__prebattle_baseline__min,s2__composite__ndvi__post_winter_baseline__min,0.5370970005269139,0.6038359876863385,0.5181748773141056,-0.0856611103722329
Chernihiv,s2__composite__ndvi__p10,s2__composite__ndvi__prebattle_baseline__p10,s2__composite__ndvi__post_winter_baseline__p10,0.5375788082300842,0.5977693892765749,0.519315703836794,-0.07845368543978082
Chernihiv,s2__composite__ndvi__p50,s2__composite__ndvi__prebattle_baseline__p50,s2__composite__ndvi__post_winter_baseline__p50,0.5210893705487151,0.6120953751184024,0.4983721671257436,-0.11372320799265878
Chernihiv,s2__composite__ndvi__p90,s2__composite__ndvi__prebattle_baseline__p90,s2__composite__ndvi__post_winter_baseline__p90,0.4535042127107193,0.5597260651121226,0.43044819848259763,-0.129277866629525
Chernihiv,s2__composite__ndvi__std,s2__composite__ndvi__prebattle_baseline__std,s2__composite__ndvi__post_winter_baseline__std,0.2941591375518338,0.3680156335184238,0.28245756136867,-0.0855580721497538
Chernihiv,s2__composite__ndwi__max,s2__composite__ndwi__prebattle_baseline__max,s2__composite__ndwi__post_winter_baseline__max,0.49873414324858584,0.6072305720759792,0.4714836043974882,-0.13574696767849098
Chernihiv,s2__composite__ndwi__mean,s2__composite__ndwi__prebattle_baseline__mean,s2__composite__ndwi__post_winter_baseline__mean,0.47158418905515487,0.6175732045672833,0.43989311473150444,-0.17768008983577882
Chernihiv,s2__composite__ndwi__min,s2__composite__ndwi__prebattle_baseline__min,s2__composite__ndwi__post_winter_baseline__min,0.4057803358181461,0.5385194832790826,0.379520313122023,-0.1589991701570596
Chernihiv,s2__composite__ndwi__p10,s2__composite__ndwi__prebattle_baseline__p10,s2__composite__ndwi__post_winter_baseline__p10,0.4195036188210669,0.5292937718422229,0.3966116767634525,-0.13268209507877043
Chernihiv,s2__composite__ndwi__p50,s2__composite__ndwi__prebattle_baseline__p50,s2__composite__ndwi__post_winter_baseline__p50,0.4676487942630689,0.6022555606949506,0.437981721760666,-0.16427383893428454
Chernihiv,s2__composite__ndwi__p90,s2__composite__ndwi__prebattle_baseline__p90,s2__composite__ndwi__post_winter_baseline__p90,0.4919540019124943,0.6155081507573341,0.46212495440423185,-0.15338319635310227
Chernihiv,s2__composite__ndwi__std,s2__composite__ndwi__prebattle_baseline__std,s2__composite__ndwi__post_winter_baseline__std,0.2696866608002778,0.30237712608331996,0.2635916337906394,-0.03878549229268058
Chornobaivka,s2__composite__b02__max,s2__composite__b02__prebattle_baseline__max,s2__composite__b02__post_winter_baseline__max,0.7368246231111841,0.7125178680055446,0.7455381226828788,0.03302025467733416
Chornobaivka,s2__composite__b02__mean,s2__composite__b02__prebattle_baseline__mean,s2__composite__b02__post_winter_baseline__mean,0.8322689413785552,0.9120879120879121,0.8293348315518522,-0.0827530805360599
Chornobaivka,s2__composite__b02__min,s2__composite__b02__prebattle_baseline__min,s2__composite__b02__post_winter_baseline__min,0.7698546339260275,0.7857142857142857,0.7758213928590645,-0.009892892855221214
Chornobaivka,s2__composite__b02__p10,s2__composite__b02__prebattle_baseline__p10,s2__composite__b02__post_winter_baseline__p10,0.7749035501507783,0.8681318681318682,0.7665026833631486,-0.10162918476871952
Chornobaivka,s2__composite__b02__p50,s2__composite__b02__prebattle_baseline__p50,s2__composite__b02__post_winter_baseline__p50,0.8290571693189093,0.9340659340659341,0.8233086701125201,-0.11075726395341401
Chornobaivka,s2__composite__b02__p90,s2__composite__b02__prebattle_baseline__p90,s2__composite__b02__post_winter_baseline__p90,0.7499256061543322,0.8076923076923077,0.7480985803321386,-0.0595937273601691
Chornobaivka,s2__composite__b02__std,s2__composite__b02__prebattle_baseline__std,s2__composite__b02__post_winter_baseline__std,0.6461333093038218,0.6208791208791209,0.6569991055456172,0.03611998466649635
Chornobaivka,s2__composite__b03__max,s2__composite__b03__prebattle_baseline__max,s2__composite__b03__post_winter_baseline__max,0.7200717969008366,0.6538461538461539,0.7298393859689962,0.07599323212284237
Chornobaivka,s2__composite__b03__mean,s2__composite__b03__prebattle_baseline__mean,s2__composite__b03__post_winter_baseline__mean,0.8186638054783095,0.9395604395604396,0.8120471824686942,-0.12751325709174532
Chornobaivka,s2__composite__b03__min,s2__composite__b03__prebattle_baseline__min,s2__composite__b03__post_winter_baseline__min,0.7586098140144782,0.7857142857142857,0.75717514293124,-0.0285391427830457
Chornobaivka,s2__composite__b03__p10,s2__composite__b03__prebattle_baseline__p10,s2__composite__b03__post_winter_baseline__p10,0.7643268855008073,0.8571428571428571,0.7610311998643319,-0.09611165727852522
Chornobaivka,s2__composite__b03__p50,s2__composite__b03__prebattle_baseline__p50,s2__composite__b03__post_winter_baseline__p50,0.7875547881801682,0.8021978021978022,0.788244288425194,-0.013953513772608228
Chornobaivka,s2__composite__b03__p90,s2__composite__b03__prebattle_baseline__p90,s2__composite__b03__post_winter_baseline__p90,0.7448178235648911,0.7087912087912087,0.7415903230547483,0.03279911426353954
Chornobaivka,s2__composite__b03__std,s2__composite__b03__prebattle_baseline__std,s2__composite__b03__post_winter_baseline__std,0.6547587863140756,0.7087912087912087,0.6701364042933812,-0.038654804497827544
Chornobaivka,s2__composite__b04__max,s2__composite__b04__prebattle_baseline__max,s2__composite__b04__post_winter_baseline__max,0.7660502587438692,0.8418164772575162,0.7607444454625494,-0.0810720317949668
Chornobaivka,s2__composite__b04__mean,s2__composite__b04__prebattle_baseline__mean,s2__composite__b04__post_winter_baseline__mean,0.80924913635165,0.8956043956043955,0.8011471393499823,-0.09445725625441326
Chornobaivka,s2__composite__b04__min,s2__composite__b04__prebattle_baseline__min,s2__composite__b04__post_winter_baseline__min,0.750284222780776,0.6905095940903154,0.747912994987446,0.057403400897130585
Chornobaivka,s2__composite__b04__p10,s2__composite__b04__prebattle_baseline__p10,s2__composite__b04__post_winter_baseline__p10,0.7699653596373763,0.8516483516483516,0.768811922009592,-0.08283642963875959
Chornobaivka,s2__composite__b04__p50,s2__composite__b04__prebattle_baseline__p50,s2__composite__b04__post_winter_baseline__p50,0.7721757335481005,0.9050902647638,0.7615433747815528,-0.14354688998224718
Chornobaivka,s2__composite__b04__p90,s2__composite__b04__prebattle_baseline__p90,s2__composite__b04__post_winter_baseline__p90,0.7546687427116433,0.8461538461538461,0.7488431441887801,-0.09731070196506608
Chornobaivka,s2__composite__b04__std,s2__composite__b04__prebattle_baseline__std,s2__composite__b04__post_winter_baseline__std,0.7103465907781161,0.6813186813186813,0.7166592128801432,0.035340531561461885
Chornobaivka,s2__composite__b05__max,s2__composite__b05__prebattle_baseline__max,s2__composite__b05__post_winter_baseline__max,0.7647147578223396,0.9175824175824175,0.7568537567084079,-0.1607286608740096
Chornobaivka,s2__composite__b05__mean,s2__composite__b05__prebattle_baseline__mean,s2__composite__b05__post_winter_baseline__mean,0.7999082128539725,0.8131868131868131,0.7932915921288016,-0.019895221058011447
Chornobaivka,s2__composite__b05__min,s2__composite__b05__prebattle_baseline__min,s2__composite__b05__post_winter_baseline__min,0.7888794703156852,0.8681318681318682,0.7768134414508092,-0.09131842668105894
Chornobaivka,s2__composite__b05__p10,s2__composite__b05__prebattle_baseline__p10,s2__composite__b05__post_winter_baseline__p10,0.7728959682810448,0.9120879120879121,0.7582681127012524,-0.15381979938665968
Chornobaivka,s2__composite__b05__p50,s2__composite__b05__prebattle_baseline__p50,s2__composite__b05__post_winter_baseline__p50,0.7874226462779056,0.8461538461538461,0.7835029069767443,-0.06265093917710185
Chornobaivka,s2__composite__b05__p90,s2__composite__b05__prebattle_baseline__p90,s2__composite__b05__post_winter_baseline__p90,0.7578537734366324,0.8241758241758241,0.7522529069767443,-0.07192291719907984
Chornobaivka,s2__composite__b05__std,s2__composite__b05__prebattle_baseline__std,s2__composite__b05__post_winter_baseline__std,0.6549893019776148,0.7582417582417583,0.6434313506261182,-0.1148104076156401
Chornobaivka,s2__composite__b07__max,s2__composite__b07__prebattle_baseline__max,s2__composite__b07__post_winter_baseline__max,0.6594913352218301,0.5934065934065934,0.6414309053993651,0.048024311992771684
Chornobaivka,s2__composite__b07__mean,s2__composite__b07__prebattle_baseline__mean,s2__composite__b07__post_winter_baseline__mean,0.7697093718341033,0.7692307692307693,0.7634067019890926,-0.0058240672416767225
Chornobaivka,s2__composite__b07__min,s2__composite__b07__prebattle_baseline__min,s2__composite__b07__post_winter_baseline__min,0.8204392594560755,0.8846153846153846,0.8140049390729931,-0.07061044554239149
Chornobaivka,s2__composite__b07__p10,s2__composite__b07__prebattle_baseline__p10,s2__composite__b07__post_winter_baseline__p10,0.7983457340416651,0.8901098901098902,0.7888808139534884,-0.10122907615640175
Chornobaivka,s2__composite__b07__p50,s2__composite__b07__prebattle_baseline__p50,s2__composite__b07__post_winter_baseline__p50,0.7650453697688552,0.6758241758241759,0.7675921500227808,0.09176797419860494
Chornobaivka,s2__composite__b07__p90,s2__composite__b07__prebattle_baseline__p90,s2__composite__b07__post_winter_baseline__p90,0.6722137175827602,0.576923076923077,0.663965597000868,0.08704252007779101
Chornobaivka,s2__composite__b07__std,s2__composite__b07__prebattle_baseline__std,s2__composite__b07__post_winter_baseline__std,0.5820373812582383,0.010989010989010988,0.5756820214669053,0.5646930104778943
Chornobaivka,s2__composite__b08__max,s2__composite__b08__prebattle_baseline__max,s2__composite__b08__post_winter_baseline__max,0.5610545044554165,0.521978021978022,0.5533249195356477,0.03134689755762565
Chornobaivka,s2__composite__b08__mean,s2__composite__b08__prebattle_baseline__mean,s2__composite__b08__post_winter_baseline__mean,0.7482609146665661,0.7362637362637362,0.7428957162570375,0.00663197999330134
Chornobaivka,s2__composite__b08__min,s2__composite__b08__prebattle_baseline__min,s2__composite__b08__post_winter_baseline__min,0.8167769679310936,0.9065934065934067,0.8041571103918661,-0.1024362962015406
Chornobaivka,s2__composite__b08__p10,s2__composite__b08__prebattle_baseline__p10,s2__composite__b08__post_winter_baseline__p10,0.8311498890906395,0.8791208791208791,0.8180171568010869,-0.06110372231979222
Chornobaivka,s2__composite__b08__p50,s2__composite__b08__prebattle_baseline__p50,s2__composite__b08__post_winter_baseline__p50,0.7445961111761166,0.6538461538461539,0.737533857678174,0.08368770383202018
Chornobaivka,s2__composite__b08__p90,s2__composite__b08__prebattle_baseline__p90,s2__composite__b08__post_winter_baseline__p90,0.5440449633638331,0.46703296703296704,0.5326561530420004,0.06562318600903339
Chornobaivka,s2__composite__b08__std,s2__composite__b08__prebattle_baseline__std,s2__composite__b08__post_winter_baseline__std,0.5946654484263115,0.8296703296703297,0.5821053220035779,-0.24756500766675182
Chornobaivka,s2__composite__b11__max,s2__composite__b11__prebattle_baseline__max,s2__composite__b11__post_winter_baseline__max,0.8557986799825734,0.7637362637362637,0.8652237047522214,0.10148744101595775
Chornobaivka,s2__composite__b11__mean,s2__composite__b11__prebattle_baseline__mean,s2__composite__b11__post_winter_baseline__mean,0.8743941105343565,0.6813186813186813,0.8898814847942756,0.2085628034755943
Chornobaivka,s2__composite__b11__min,s2__composite__b11__prebattle_baseline__min,s2__composite__b11__post_winter_baseline__min,0.8927552814581681,0.6437420120204536,0.9096656976744187,0.2659236856539652
Chornobaivka,s2__composite__b11__p10,s2__composite__b11__prebattle_baseline__p10,s2__composite__b11__post_winter_baseline__p10,0.8859187263791548,0.6318681318681317,0.9019454382826476,0.2700773064145159
Chornobaivka,s2__composite__b11__p50,s2__composite__b11__prebattle_baseline__p50,s2__composite__b11__post_winter_baseline__p50,0.8687995020850785,0.7197802197802198,0.8811390924333256,0.16135887265310578
Chornobaivka,s2__composite__b11__p90,s2__composite__b11__prebattle_baseline__p90,s2__composite__b11__post_winter_baseline__p90,0.8566872140166756,0.6758241758241759,0.8694599731663687,0.19363579734219283
Chornobaivka,s2__composite__b11__std,s2__composite__b11__prebattle_baseline__std,s2__composite__b11__post_winter_baseline__std,0.7614372442061985,0.7417582417582418,0.758139534883721,0.0163812931254792
Chornobaivka,s2__composite__b12__max,s2__composite__b12__prebattle_baseline__max,s2__composite__b12__post_winter_baseline__max,0.8578891890249397,0.6593406593406593,0.8718023255813955,0.21246166624073615
Chornobaivka,s2__composite__b12__mean,s2__composite__b12__prebattle_baseline__mean,s2__composite__b12__post_winter_baseline__mean,0.8555505028384861,0.4340659340659341,0.8756652504472274,0.44159931638129335
Chornobaivka,s2__composite__b12__min,s2__composite__b12__prebattle_baseline__min,s2__composite__b12__post_winter_baseline__min,0.8526537703165279,0.5804682245141696,0.8695773703041146,0.28910914578994507
Chornobaivka,s2__composite__b12__p10,s2__composite__b12__prebattle_baseline__p10,s2__composite__b12__post_winter_baseline__p10,0.8463328586805935,0.6043956043956044,0.861482558139535,0.25708695374393065
Chornobaivka,s2__composite__b12__p50,s2__composite__b12__prebattle_baseline__p50,s2__composite__b12__post_winter_baseline__p50,0.8584831424771132,0.5,0.8734778531396239,0.3734778531396239
Chornobaivka,s2__composite__b12__p90,s2__composite__b12__prebattle_baseline__p90,s2__composite__b12__post_winter_baseline__p90,0.8583334555764883,0.5274725274725275,0.8744745080500895,0.34700198057756204
Chornobaivka,s2__composite__b12__std,s2__composite__b12__prebattle_baseline__std,s2__composite__b12__post_winter_baseline__std,0.7539811102891715,0.7912087912087913,0.7510286225402506,-0.04018016866854068
Chornobaivka,s2__composite__b8a__max,s2__composite__b8a__prebattle_baseline__max,s2__composite__b8a__post_winter_baseline__max,0.6952485432970316,0.7252747252747254,0.6899215813982329,-0.035353143876492465
Chornobaivka,s2__composite__b8a__mean,s2__composite__b8a__prebattle_baseline__mean,s2__composite__b8a__post_winter_baseline__mean,0.809552149977682,0.8076923076923077,0.8075245974955279,-0.00016771019677985777
Chornobaivka,s2__composite__b8a__min,s2__composite__b8a__prebattle_baseline__min,s2__composite__b8a__post_winter_baseline__min,0.8331295350364756,0.8830819908485709,0.8361438845736057,-0.0469381062749652
Chornobaivka,s2__composite__b8a__p10,s2__composite__b8a__prebattle_baseline__p10,s2__composite__b8a__post_winter_baseline__p10,0.8289812978259568,0.8626373626373626,0.8270796064400717,-0.035557756197290846
Chornobaivka,s2__composite__b8a__p50,s2__composite__b8a__prebattle_baseline__p50,s2__composite__b8a__post_winter_baseline__p50,0.8053877910266353,0.8225592375816906,0.8018235714223667,-0.020735666159323873
Chornobaivka,s2__composite__b8a__p90,s2__composite__b8a__prebattle_baseline__p90,s2__composite__b8a__post_winter_baseline__p90,0.7258917288884325,0.7802197802197801,0.7162622987477639,-0.06395748147201619
Chornobaivka,s2__composite__b8a__std,s2__composite__b8a__prebattle_baseline__std,s2__composite__b8a__post_winter_baseline__std,0.5813458342676203,0.5054945054945055,0.564506932021467,0.05901242652696148
Chornobaivka,s2__composite__cire__max,s2__composite__cire__prebattle_baseline__max,s2__composite__cire__post_winter_baseline__max,0.7998495361396172,0.8241758241758241,0.7908597942754921,-0.033316029900332
Chornobaivka,s2__composite__cire__mean,s2__composite__cire__prebattle_baseline__mean,s2__composite__cire__post_winter_baseline__mean,0.8526753438350682,0.9230769230769231,0.8408877459749554,-0.08218917710196771
Chornobaivka,s2__composite__cire__min,s2__composite__cire__prebattle_baseline__min,s2__composite__cire__post_winter_baseline__min,0.8999140803453551,0.9560439560439561,0.8935543381037568,-0.06248961794019925
Chornobaivka,s2__composite__cire__p10,s2__composite__cire__prebattle_baseline__p10,s2__composite__cire__post_winter_baseline__p10,0.8875260509172596,0.9395604395604396,0.8777616279069769,-0.06179881165346268
Chornobaivka,s2__composite__cire__p50,s2__composite__cire__prebattle_baseline__p50,s2__composite__cire__post_winter_baseline__p50,0.8365682432574028,0.945054945054945,0.8234929100316135,-0.12156203502333152
Chornobaivka,s2__composite__cire__p90,s2__composite__cire__prebattle_baseline__p90,s2__composite__cire__post_winter_baseline__p90,0.8020289569585346,0.8241758241758241,0.7934648926654742,-0.03071093151034998
Chornobaivka,s2__composite__cire__std,s2__composite__cire__prebattle_baseline__std,s2__composite__cire__post_winter_baseline__std,0.6290751502019108,0.6098901098901099,0.6224228533094813,0.012532743419371384
Chornobaivka,s2__composite__mndwi__max,s2__composite__mndwi__prebattle_baseline__max,s2__composite__mndwi__post_winter_baseline__max,0.7934183311015132,0.7455302788783884,0.795089997610903,0.049559718732514635
Chornobaivka,s2__composite__mndwi__mean,s2__composite__mndwi__prebattle_baseline__mean,s2__composite__mndwi__post_winter_baseline__mean,0.8598716237313782,0.8626373626373626,0.8611303667262972,-0.0015069959110654008
Chornobaivka,s2__composite__mndwi__min,s2__composite__mndwi__prebattle_baseline__min,s2__composite__mndwi__post_winter_baseline__min,0.7737224441815223,0.8461538461538461,0.7699742844364938,-0.0761795617173523
Chornobaivka,s2__composite__mndwi__p10,s2__composite__mndwi__prebattle_baseline__p10,s2__composite__mndwi__post_winter_baseline__p10,0.8199463108063647,0.8681318681318682,0.8241279069767443,-0.04400396115512384
Chornobaivka,s2__composite__mndwi__p50,s2__composite__mndwi__prebattle_baseline__p50,s2__composite__mndwi__post_winter_baseline__p50,0.8131272383594829,0.7472527472527472,0.816279069767442,0.06902632251469487
Chornobaivka,s2__composite__mndwi__p90,s2__composite__mndwi__prebattle_baseline__p90,s2__composite__mndwi__post_winter_baseline__p90,0.7887302987692559,0.6483516483516483,0.7968135062611807,0.14846185790953248
Chornobaivka,s2__composite__mndwi__std,s2__composite__mndwi__prebattle_baseline__std,s2__composite__mndwi__post_winter_baseline__std,0.6612635192197674,0.6428571428571429,0.6664244186046513,0.023567275747508387
Chornobaivka,s2__composite__ndbi__max,s2__composite__ndbi__prebattle_baseline__max,s2__composite__ndbi__post_winter_baseline__max,0.7491502336611936,0.9175824175824175,0.7118133830135852,-0.20576903456883233
Chornobaivka,s2__composite__ndbi__mean,s2__composite__ndbi__prebattle_baseline__mean,s2__composite__ndbi__post_winter_baseline__mean,0.7191983922580267,0.7967032967032966,0.681702817531306,-0.11500047917199063
Chornobaivka,s2__composite__ndbi__min,s2__composite__ndbi__prebattle_baseline__min,s2__composite__ndbi__post_winter_baseline__min,0.4830759236373482,0.6437420120204536,0.4654076271913468,-0.17833438482910674
Chornobaivka,s2__composite__ndbi__p10,s2__composite__ndbi__prebattle_baseline__p10,s2__composite__ndbi__post_winter_baseline__p10,0.4822408637212353,0.43956043956043955,0.4642274150268337,0.024666975466394125
Chornobaivka,s2__composite__ndbi__p50,s2__composite__ndbi__prebattle_baseline__p50,s2__composite__ndbi__post_winter_baseline__p50,0.6493025322175737,0.7345261419207739,0.6022696779964223,-0.13225646392435164
Chornobaivka,s2__composite__ndbi__p90,s2__composite__ndbi__prebattle_baseline__p90,s2__composite__ndbi__post_winter_baseline__p90,0.7394866410798072,0.9725274725274725,0.6959134615384617,-0.27661401098901084
Chornobaivka,s2__composite__ndbi__std,s2__composite__ndbi__prebattle_baseline__std,s2__composite__ndbi__post_winter_baseline__std,0.5370700620925374,0.6318681318681317,0.520874329159213,-0.11099380270891879
Chornobaivka,s2__composite__ndre__max,s2__composite__ndre__prebattle_baseline__max,s2__composite__ndre__post_winter_baseline__max,0.8043592607572231,0.8626373626373626,0.795941413237925,-0.06669594939943757
Chornobaivka,s2__composite__ndre__mean,s2__composite__ndre__prebattle_baseline__mean,s2__composite__ndre__post_winter_baseline__mean,0.8732624881860723,0.8791208791208791,0.8662567084078713,-0.012864170713007828
Chornobaivka,s2__composite__ndre__min,s2__composite__ndre__prebattle_baseline__min,s2__composite__ndre__post_winter_baseline__min,0.9091124367040347,0.9669421487603306,0.9011907423971378,-0.06575140636319277
Chornobaivka,s2__composite__ndre__p10,s2__composite__ndre__prebattle_baseline__p10,s2__composite__ndre__post_winter_baseline__p10,0.907052843676137,0.9780219780219779,0.8982278622540253,-0.07979411576795259
Chornobaivka,s2__composite__ndre__p50,s2__composite__ndre__prebattle_baseline__p50,s2__composite__ndre__post_winter_baseline__p50,0.8483928326322974,0.945054945054945,0.8343370336784671,-0.1107179113764779
Chornobaivka,s2__composite__ndre__p90,s2__composite__ndre__prebattle_baseline__p90,s2__composite__ndre__post_winter_baseline__p90,0.8119034097457832,0.8846153846153846,0.801637969588551,-0.08297741502683353
Chornobaivka,s2__composite__ndre__std,s2__composite__ndre__prebattle_baseline__std,s2__composite__ndre__post_winter_baseline__std,0.6677598697376943,0.9120879120879121,0.6413126118067979,-0.2707753002811142
Chornobaivka,s2__composite__ndvi__max,s2__composite__ndvi__prebattle_baseline__max,s2__composite__ndvi__post_winter_baseline__max,0.7669452765723562,0.8186813186813187,0.7558513470648973,-0.06282997161642134
Chornobaivka,s2__composite__ndvi__mean,s2__composite__ndvi__prebattle_baseline__mean,s2__composite__ndvi__post_winter_baseline__mean,0.8692137948955451,0.9120879120879121,0.853393336314848,-0.05869457577306403
Chornobaivka,s2__composite__ndvi__min,s2__composite__ndvi__prebattle_baseline__min,s2__composite__ndvi__post_winter_baseline__min,0.8712474368207838,0.8748288881303599,0.8662399373881933,-0.00858895074216659
Chornobaivka,s2__composite__ndvi__p10,s2__composite__ndvi__prebattle_baseline__p10,s2__composite__ndvi__post_winter_baseline__p10,0.885266067465648,0.9285714285714285,0.8779628801431129,-0.050608548428315636
Chornobaivka,s2__composite__ndvi__p50,s2__composite__ndvi__prebattle_baseline__p50,s2__composite__ndvi__post_winter_baseline__p50,0.8463173027152651,0.9560439560439561,0.8267833184257604,-0.12926063761819573
Chornobaivka,s2__composite__ndvi__p90,s2__composite__ndvi__prebattle_baseline__p90,s2__composite__ndvi__post_winter_baseline__p90,0.7829213040480647,0.8571428571428571,0.7713830500894455,-0.08575980705341157
Chornobaivka,s2__composite__ndvi__std,s2__composite__ndvi__prebattle_baseline__std,s2__composite__ndvi__post_winter_baseline__std,0.6552156264472717,0.7307692307692307,0.6504080948121647,-0.08036113595706607
Chornobaivka,s2__composite__ndwi__max,s2__composite__ndwi__prebattle_baseline__max,s2__composite__ndwi__post_winter_baseline__max,0.88952292537919,0.8308123402999015,0.8931096073054767,0.06229726700557525
Chornobaivka,s2__composite__ndwi__mean,s2__composite__ndwi__prebattle_baseline__mean,s2__composite__ndwi__post_winter_baseline__mean,0.875043745586149,0.8791208791208791,0.8638864042933811,-0.015234474827497957
Chornobaivka,s2__composite__ndwi__min,s2__composite__ndwi__prebattle_baseline__min,s2__composite__ndwi__post_winter_baseline__min,0.7047520853834781,0.6648351648351648,0.703998076921077,0.03916291208591216
Chornobaivka,s2__composite__ndwi__p10,s2__composite__ndwi__prebattle_baseline__p10,s2__composite__ndwi__post_winter_baseline__p10,0.7617222453902107,0.7967032967032966,0.7560096153846155,-0.04069368131868112
Chornobaivka,s2__composite__ndwi__p50,s2__composite__ndwi__prebattle_baseline__p50,s2__composite__ndwi__post_winter_baseline__p50,0.8711249793059803,0.9395604395604396,0.8590675313059035,-0.08049290825453603
Chornobaivka,s2__composite__ndwi__p90,s2__composite__ndwi__prebattle_baseline__p90,s2__composite__ndwi__post_winter_baseline__p90,0.9045832800702445,0.9340659340659341,0.9001900715563508,-0.0338758625095833
Chornobaivka,s2__composite__ndwi__std,s2__composite__ndwi__prebattle_baseline__std,s2__composite__ndwi__post_winter_baseline__std,0.6353242202807682,0.5604395604395606,0.6438897584973168,0.08345019805775622
Dmytrivka,s2__composite__b02__max,s2__composite__b02__prebattle_baseline__max,s2__composite__b02__post_winter_baseline__max,,,,
Dmytrivka,s2__composite__b02__mean,s2__composite__b02__prebattle_baseline__mean,s2__composite__b02__post_winter_baseline__mean,,,,
Dmytrivka,s2__composite__b02__min,s2__composite__b02__prebattle_baseline__min,s2__composite__b02__post_winter_baseline__min,,,,
Dmytrivka,s2__composite__b02__p10,s2__composite__b02__prebattle_baseline__p10,s2__composite__b02__post_winter_baseline__p10,,,,
Dmytrivka,s2__composite__b02__p50,s2__composite__b02__prebattle_baseline__p50,s2__composite__b02__post_winter_baseline__p50,,,,
Dmytrivka,s2__composite__b02__p90,s2__composite__b02__prebattle_baseline__p90,s2__composite__b02__post_winter_baseline__p90,,,,
Dmytrivka,s2__composite__b02__std,s2__composite__b02__prebattle_baseline__std,s2__composite__b02__post_winter_baseline__std,,,,
Dmytrivka,s2__composite__b03__max,s2__composite__b03__prebattle_baseline__max,s2__composite__b03__post_winter_baseline__max,,,,
Dmytrivka,s2__composite__b03__mean,s2__composite__b03__prebattle_baseline__mean,s2__composite__b03__post_winter_baseline__mean,,,,
Dmytrivka,s2__composite__b03__min,s2__composite__b03__prebattle_baseline__min,s2__composite__b03__post_winter_baseline__min,,,,
Dmytrivka,s2__composite__b03__p10,s2__composite__b03__prebattle_baseline__p10,s2__composite__b03__post_winter_baseline__p10,,,,
Dmytrivka,s2__composite__b03__p50,s2__composite__b03__prebattle_baseline__p50,s2__composite__b03__post_winter_baseline__p50,,,,
Dmytrivka,s2__composite__b03__p90,s2__composite__b03__prebattle_baseline__p90,s2__composite__b03__post_winter_baseline__p90,,,,
Dmytrivka,s2__composite__b03__std,s2__composite__b03__prebattle_baseline__std,s2__composite__b03__post_winter_baseline__std,,,,
Dmytrivka,s2__composite__b04__max,s2__composite__b04__prebattle_baseline__max,s2__composite__b04__post_winter_baseline__max,,,,
Dmytrivka,s2__composite__b04__mean,s2__composite__b04__prebattle_baseline__mean,s2__composite__b04__post_winter_baseline__mean,,,,
Dmytrivka,s2__composite__b04__min,s2__composite__b04__prebattle_baseline__min,s2__composite__b04__post_winter_baseline__min,,,,
Dmytrivka,s2__composite__b04__p10,s2__composite__b04__prebattle_baseline__p10,s2__composite__b04__post_winter_baseline__p10,,,,
Dmytrivka,s2__composite__b04__p50,s2__composite__b04__prebattle_baseline__p50,s2__composite__b04__post_winter_baseline__p50,,,,
Dmytrivka,s2__composite__b04__p90,s2__composite__b04__prebattle_baseline__p90,s2__composite__b04__post_winter_baseline__p90,,,,
Dmytrivka,s2__composite__b04__std,s2__composite__b04__prebattle_baseline__std,s2__composite__b04__post_winter_baseline__std,,,,
Dmytrivka,s2__composite__b05__max,s2__composite__b05__prebattle_baseline__max,s2__composite__b05__post_winter_baseline__max,,,,
Dmytrivka,s2__composite__b05__mean,s2__composite__b05__prebattle_baseline__mean,s2__composite__b05__post_winter_baseline__mean,,,,
Dmytrivka,s2__composite__b05__min,s2__composite__b05__prebattle_baseline__min,s2__composite__b05__post_winter_baseline__min,,,,
Dmytrivka,s2__composite__b05__p10,s2__composite__b05__prebattle_baseline__p10,s2__composite__b05__post_winter_baseline__p10,,,,
Dmytrivka,s2__composite__b05__p50,s2__composite__b05__prebattle_baseline__p50,s2__composite__b05__post_winter_baseline__p50,,,,
Dmytrivka,s2__composite__b05__p90,s2__composite__b05__prebattle_baseline__p90,s2__composite__b05__post_winter_baseline__p90,,,,
Dmytrivka,s2__composite__b05__std,s2__composite__b05__prebattle_baseline__std,s2__composite__b05__post_winter_baseline__std,,,,
Dmytrivka,s2__composite__b07__max,s2__composite__b07__prebattle_baseline__max,s2__composite__b07__post_winter_baseline__max,,,,
Dmytrivka,s2__composite__b07__mean,s2__composite__b07__prebattle_baseline__mean,s2__composite__b07__post_winter_baseline__mean,,,,
Dmytrivka,s2__composite__b07__min,s2__composite__b07__prebattle_baseline__min,s2__composite__b07__post_winter_baseline__min,,,,
Dmytrivka,s2__composite__b07__p10,s2__composite__b07__prebattle_baseline__p10,s2__composite__b07__post_winter_baseline__p10,,,,
Dmytrivka,s2__composite__b07__p50,s2__composite__b07__prebattle_baseline__p50,s2__composite__b07__post_winter_baseline__p50,,,,
Dmytrivka,s2__composite__b07__p90,s2__composite__b07__prebattle_baseline__p90,s2__composite__b07__post_winter_baseline__p90,,,,
Dmytrivka,s2__composite__b07__std,s2__composite__b07__prebattle_baseline__std,s2__composite__b07__post_winter_baseline__std,,,,
Dmytrivka,s2__composite__b08__max,s2__composite__b08__prebattle_baseline__max,s2__composite__b08__post_winter_baseline__max,,,,
Dmytrivka,s2__composite__b08__mean,s2__composite__b08__prebattle_baseline__mean,s2__composite__b08__post_winter_baseline__mean,,,,
Dmytrivka,s2__composite__b08__min,s2__composite__b08__prebattle_baseline__min,s2__composite__b08__post_winter_baseline__min,,,,
Dmytrivka,s2__composite__b08__p10,s2__composite__b08__prebattle_baseline__p10,s2__composite__b08__post_winter_baseline__p10,,,,
Dmytrivka,s2__composite__b08__p50,s2__composite__b08__prebattle_baseline__p50,s2__composite__b08__post_winter_baseline__p50,,,,
Dmytrivka,s2__composite__b08__p90,s2__composite__b08__prebattle_baseline__p90,s2__composite__b08__post_winter_baseline__p90,,,,
Dmytrivka,s2__composite__b08__std,s2__composite__b08__prebattle_baseline__std,s2__composite__b08__post_winter_baseline__std,,,,
Dmytrivka,s2__composite__b11__max,s2__composite__b11__prebattle_baseline__max,s2__composite__b11__post_winter_baseline__max,,,,
Dmytrivka,s2__composite__b11__mean,s2__composite__b11__prebattle_baseline__mean,s2__composite__b11__post_winter_baseline__mean,,,,
Dmytrivka,s2__composite__b11__min,s2__composite__b11__prebattle_baseline__min,s2__composite__b11__post_winter_baseline__min,,,,
Dmytrivka,s2__composite__b11__p10,s2__composite__b11__prebattle_baseline__p10,s2__composite__b11__post_winter_baseline__p10,,,,
Dmytrivka,s2__composite__b11__p50,s2__composite__b11__prebattle_baseline__p50,s2__composite__b11__post_winter_baseline__p50,,,,
Dmytrivka,s2__composite__b11__p90,s2__composite__b11__prebattle_baseline__p90,s2__composite__b11__post_winter_baseline__p90,,,,
Dmytrivka,s2__composite__b11__std,s2__composite__b11__prebattle_baseline__std,s2__composite__b11__post_winter_baseline__std,,,,
Dmytrivka,s2__composite__b12__max,s2__composite__b12__prebattle_baseline__max,s2__composite__b12__post_winter_baseline__max,,,,
Dmytrivka,s2__composite__b12__mean,s2__composite__b12__prebattle_baseline__mean,s2__composite__b12__post_winter_baseline__mean,,,,
Dmytrivka,s2__composite__b12__min,s2__composite__b12__prebattle_baseline__min,s2__composite__b12__post_winter_baseline__min,,,,
Dmytrivka,s2__composite__b12__p10,s2__composite__b12__prebattle_baseline__p10,s2__composite__b12__post_winter_baseline__p10,,,,
Dmytrivka,s2__composite__b12__p50,s2__composite__b12__prebattle_baseline__p50,s2__composite__b12__post_winter_baseline__p50,,,,
Dmytrivka,s2__composite__b12__p90,s2__composite__b12__prebattle_baseline__p90,s2__composite__b12__post_winter_baseline__p90,,,,
Dmytrivka,s2__composite__b12__std,s2__composite__b12__prebattle_baseline__std,s2__composite__b12__post_winter_baseline__std,,,,
Dmytrivka,s2__composite__b8a__max,s2__composite__b8a__prebattle_baseline__max,s2__composite__b8a__post_winter_baseline__max,,,,
Dmytrivka,s2__composite__b8a__mean,s2__composite__b8a__prebattle_baseline__mean,s2__composite__b8a__post_winter_baseline__mean,,,,
Dmytrivka,s2__composite__b8a__min,s2__composite__b8a__prebattle_baseline__min,s2__composite__b8a__post_winter_baseline__min,,,,
Dmytrivka,s2__composite__b8a__p10,s2__composite__b8a__prebattle_baseline__p10,s2__composite__b8a__post_winter_baseline__p10,,,,
Dmytrivka,s2__composite__b8a__p50,s2__composite__b8a__prebattle_baseline__p50,s2__composite__b8a__post_winter_baseline__p50,,,,
Dmytrivka,s2__composite__b8a__p90,s2__composite__b8a__prebattle_baseline__p90,s2__composite__b8a__post_winter_baseline__p90,,,,
Dmytrivka,s2__composite__b8a__std,s2__composite__b8a__prebattle_baseline__std,s2__composite__b8a__post_winter_baseline__std,,,,
Dmytrivka,s2__composite__cire__max,s2__composite__cire__prebattle_baseline__max,s2__composite__cire__post_winter_baseline__max,,,,
Dmytrivka,s2__composite__cire__mean,s2__composite__cire__prebattle_baseline__mean,s2__composite__cire__post_winter_baseline__mean,,,,
Dmytrivka,s2__composite__cire__min,s2__composite__cire__prebattle_baseline__min,s2__composite__cire__post_winter_baseline__min,,,,
Dmytrivka,s2__composite__cire__p10,s2__composite__cire__prebattle_baseline__p10,s2__composite__cire__post_winter_baseline__p10,,,,
Dmytrivka,s2__composite__cire__p50,s2__composite__cire__prebattle_baseline__p50,s2__composite__cire__post_winter_baseline__p50,,,,
Dmytrivka,s2__composite__cire__p90,s2__composite__cire__prebattle_baseline__p90,s2__composite__cire__post_winter_baseline__p90,,,,
Dmytrivka,s2__composite__cire__std,s2__composite__cire__prebattle_baseline__std,s2__composite__cire__post_winter_baseline__std,,,,
Dmytrivka,s2__composite__mndwi__max,s2__composite__mndwi__prebattle_baseline__max,s2__composite__mndwi__post_winter_baseline__max,,,,
Dmytrivka,s2__composite__mndwi__mean,s2__composite__mndwi__prebattle_baseline__mean,s2__composite__mndwi__post_winter_baseline__mean,,,,
Dmytrivka,s2__composite__mndwi__min,s2__composite__mndwi__prebattle_baseline__min,s2__composite__mndwi__post_winter_baseline__min,,,,
Dmytrivka,s2__composite__mndwi__p10,s2__composite__mndwi__prebattle_baseline__p10,s2__composite__mndwi__post_winter_baseline__p10,,,,
Dmytrivka,s2__composite__mndwi__p50,s2__composite__mndwi__prebattle_baseline__p50,s2__composite__mndwi__post_winter_baseline__p50,,,,
Dmytrivka,s2__composite__mndwi__p90,s2__composite__mndwi__prebattle_baseline__p90,s2__composite__mndwi__post_winter_baseline__p90,,,,
Dmytrivka,s2__composite__mndwi__std,s2__composite__mndwi__prebattle_baseline__std,s2__composite__mndwi__post_winter_baseline__std,,,,
Dmytrivka,s2__composite__ndbi__max,s2__composite__ndbi__prebattle_baseline__max,s2__composite__ndbi__post_winter_baseline__max,,,,
Dmytrivka,s2__composite__ndbi__mean,s2__composite__ndbi__prebattle_baseline__mean,s2__composite__ndbi__post_winter_baseline__mean,,,,
Dmytrivka,s2__composite__ndbi__min,s2__composite__ndbi__prebattle_baseline__min,s2__composite__ndbi__post_winter_baseline__min,,,,
Dmytrivka,s2__composite__ndbi__p10,s2__composite__ndbi__prebattle_baseline__p10,s2__composite__ndbi__post_winter_baseline__p10,,,,
Dmytrivka,s2__composite__ndbi__p50,s2__composite__ndbi__prebattle_baseline__p50,s2__composite__ndbi__post_winter_baseline__p50,,,,
Dmytrivka,s2__composite__ndbi__p90,s2__composite__ndbi__prebattle_baseline__p90,s2__composite__ndbi__post_winter_baseline__p90,,,,
Dmytrivka,s2__composite__ndbi__std,s2__composite__ndbi__prebattle_baseline__std,s2__composite__ndbi__post_winter_baseline__std,,,,
Dmytrivka,s2__composite__ndre__max,s2__composite__ndre__prebattle_baseline__max,s2__composite__ndre__post_winter_baseline__max,,,,
Dmytrivka,s2__composite__ndre__mean,s2__composite__ndre__prebattle_baseline__mean,s2__composite__ndre__post_winter_baseline__mean,,,,
Dmytrivka,s2__composite__ndre__min,s2__composite__ndre__prebattle_baseline__min,s2__composite__ndre__post_winter_baseline__min,,,,
Dmytrivka,s2__composite__ndre__p10,s2__composite__ndre__prebattle_baseline__p10,s2__composite__ndre__post_winter_baseline__p10,,,,
Dmytrivka,s2__composite__ndre__p50,s2__composite__ndre__prebattle_baseline__p50,s2__composite__ndre__post_winter_baseline__p50,,,,
Dmytrivka,s2__composite__ndre__p90,s2__composite__ndre__prebattle_baseline__p90,s2__composite__ndre__post_winter_baseline__p90,,,,
Dmytrivka,s2__composite__ndre__std,s2__composite__ndre__prebattle_baseline__std,s2__composite__ndre__post_winter_baseline__std,,,,
Dmytrivka,s2__composite__ndvi__max,s2__composite__ndvi__prebattle_baseline__max,s2__composite__ndvi__post_winter_baseline__max,,,,
Dmytrivka,s2__composite__ndvi__mean,s2__composite__ndvi__prebattle_baseline__mean,s2__composite__ndvi__post_winter_baseline__mean,,,,
Dmytrivka,s2__composite__ndvi__min,s2__composite__ndvi__prebattle_baseline__min,s2__composite__ndvi__post_winter_baseline__min,,,,
Dmytrivka,s2__composite__ndvi__p10,s2__composite__ndvi__prebattle_baseline__p10,s2__composite__ndvi__post_winter_baseline__p10,,,,
Dmytrivka,s2__composite__ndvi__p50,s2__composite__ndvi__prebattle_baseline__p50,s2__composite__ndvi__post_winter_baseline__p50,,,,
Dmytrivka,s2__composite__ndvi__p90,s2__composite__ndvi__prebattle_baseline__p90,s2__composite__ndvi__post_winter_baseline__p90,,,,
Dmytrivka,s2__composite__ndvi__std,s2__composite__ndvi__prebattle_baseline__std,s2__composite__ndvi__post_winter_baseline__std,,,,
Dmytrivka,s2__composite__ndwi__max,s2__composite__ndwi__prebattle_baseline__max,s2__composite__ndwi__post_winter_baseline__max,,,,
Dmytrivka,s2__composite__ndwi__mean,s2__composite__ndwi__prebattle_baseline__mean,s2__composite__ndwi__post_winter_baseline__mean,,,,
Dmytrivka,s2__composite__ndwi__min,s2__composite__ndwi__prebattle_baseline__min,s2__composite__ndwi__post_winter_baseline__min,,,,
Dmytrivka,s2__composite__ndwi__p10,s2__composite__ndwi__prebattle_baseline__p10,s2__composite__ndwi__post_winter_baseline__p10,,,,
Dmytrivka,s2__composite__ndwi__p50,s2__composite__ndwi__prebattle_baseline__p50,s2__composite__ndwi__post_winter_baseline__p50,,,,
Dmytrivka,s2__composite__ndwi__p90,s2__composite__ndwi__prebattle_baseline__p90,s2__composite__ndwi__post_winter_baseline__p90,,,,
Dmytrivka,s2__composite__ndwi__std,s2__composite__ndwi__prebattle_baseline__std,s2__composite__ndwi__post_winter_baseline__std,,,,
Hostomel,s2__composite__b02__max,s2__composite__b02__prebattle_baseline__max,s2__composite__b02__post_winter_baseline__max,0.5982119709774162,0.526286709486984,0.5937491636387717,0.06746245415178775
Hostomel,s2__composite__b02__mean,s2__composite__b02__prebattle_baseline__mean,s2__composite__b02__post_winter_baseline__mean,0.6646103248862819,0.577936154784855,0.6624057225132465,0.08446956772839143
Hostomel,s2__composite__b02__min,s2__composite__b02__prebattle_baseline__min,s2__composite__b02__post_winter_baseline__min,0.6009777287478288,0.5423800885736317,0.5965068510836075,0.05412676250997572
Hostomel,s2__composite__b02__p10,s2__composite__b02__prebattle_baseline__p10,s2__composite__b02__post_winter_baseline__p10,0.6241113288026795,0.548888938798178,0.6225410186813013,0.07365207988312328
Hostomel,s2__composite__b02__p50,s2__composite__b02__prebattle_baseline__p50,s2__composite__b02__post_winter_baseline__p50,0.6427295888009635,0.5467123646798783,0.6414128242824654,0.0947004596025871
Hostomel,s2__composite__b02__p90,s2__composite__b02__prebattle_baseline__p90,s2__composite__b02__post_winter_baseline__p90,0.6246214375256666,0.5522280162176048,0.6201479356443121,0.06791991942670739
Hostomel,s2__composite__b02__std,s2__composite__b02__prebattle_baseline__std,s2__composite__b02__post_winter_baseline__std,0.4230166033771163,0.40201874693077183,0.4188722969123845,0.016853549981612648
Hostomel,s2__composite__b03__max,s2__composite__b03__prebattle_baseline__max,s2__composite__b03__post_winter_baseline__max,0.5535101176731956,0.47973511592103324,0.549161401949222,0.06942628602818879
Hostomel,s2__composite__b03__mean,s2__composite__b03__prebattle_baseline__mean,s2__composite__b03__post_winter_baseline__mean,0.6202518165161184,0.5343201215311645,0.6184189477605455,0.08409882622938103
Hostomel,s2__composite__b03__min,s2__composite__b03__prebattle_baseline__min,s2__composite__b03__post_winter_baseline__min,0.5829010992486481,0.5287142166523658,0.5807783958031133,0.05206417915074746
Hostomel,s2__composite__b03__p10,s2__composite__b03__prebattle_baseline__p10,s2__composite__b03__post_winter_baseline__p10,0.5948277131096201,0.5338216316641293,0.5930108245042865,0.05918919284015722
Hostomel,s2__composite__b03__p50,s2__composite__b03__prebattle_baseline__p50,s2__composite__b03__post_winter_baseline__p50,0.5952367620596517,0.51147291618859,0.5920675103999335,0.08059459421134352
Hostomel,s2__composite__b03__p90,s2__composite__b03__prebattle_baseline__p90,s2__composite__b03__post_winter_baseline__p90,0.579830836926585,0.5078953589129733,0.5752871860764512,0.06739182716347791
Hostomel,s2__composite__b03__std,s2__composite__b03__prebattle_baseline__std,s2__composite__b03__post_winter_baseline__std,0.40513834974640683,0.4005890376003741,0.3982813072523056,-0.0023077303480685263
Hostomel,s2__composite__b04__max,s2__composite__b04__prebattle_baseline__max,s2__composite__b04__post_winter_baseline__max,0.5514867878882942,0.4759596795714618,0.5480763607320807,0.07211668116061887
Hostomel,s2__composite__b04__mean,s2__composite__b04__prebattle_baseline__mean,s2__composite__b04__post_winter_baseline__mean,0.6270202701314642,0.5470933699228316,0.6231751742047327,0.07608180428190103
Hostomel,s2__composite__b04__min,s2__composite__b04__prebattle_baseline__min,s2__composite__b04__post_winter_baseline__min,0.6082461773597062,0.5604086246581897,0.6041191897266223,0.043710565068432516
Hostomel,s2__composite__b04__p10,s2__composite__b04__prebattle_baseline__p10,s2__composite__b04__post_winter_baseline__p10,0.6117816533677005,0.5595803924834178,0.6075702281975199,0.04798983571410209
Hostomel,s2__composite__b04__p50,s2__composite__b04__prebattle_baseline__p50,s2__composite__b04__post_winter_baseline__p50,0.6107936748238619,0.5239237602727452,0.6071634321889839,0.08323967191623871
Hostomel,s2__composite__b04__p90,s2__composite__b04__prebattle_baseline__p90,s2__composite__b04__post_winter_baseline__p90,0.5790902295850708,0.5112057873442933,0.5743795190394099,0.06317373169511653
Hostomel,s2__composite__b04__std,s2__composite__b04__prebattle_baseline__std,s2__composite__b04__post_winter_baseline__std,0.39429041784091856,0.3910275100967089,0.3900447484215421,-0.00098276167516681
Hostomel,s2__composite__b05__max,s2__composite__b05__prebattle_baseline__max,s2__composite__b05__post_winter_baseline__max,0.5695010408543458,0.47548698908497317,0.5721902434685804,0.09670325438360722
Hostomel,s2__composite__b05__mean,s2__composite__b05__prebattle_baseline__mean,s2__composite__b05__post_winter_baseline__mean,0.608796474402853,0.5147879918651822,0.6129253248203168,0.0981373329551346
Hostomel,s2__composite__b05__min,s2__composite__b05__prebattle_baseline__min,s2__composite__b05__post_winter_baseline__min,0.6102725373133403,0.5113478629740379,0.6166369746798036,0.10528911170576571
Hostomel,s2__composite__b05__p10,s2__composite__b05__prebattle_baseline__p10,s2__composite__b05__post_winter_baseline__p10,0.6100826480475761,0.516061118876495,0.6148472634611231,0.09878614458462809
Hostomel,s2__composite__b05__p50,s2__composite__b05__prebattle_baseline__p50,s2__composite__b05__post_winter_baseline__p50,0.601249307498746,0.5158249361957,0.6039621945360749,0.08813725834037489
Hostomel,s2__composite__b05__p90,s2__composite__b05__prebattle_baseline__p90,s2__composite__b05__post_winter_baseline__p90,0.577967978857181,0.48596056336123417,0.5804430190752505,0.09448245571401637
Hostomel,s2__composite__b05__std,s2__composite__b05__prebattle_baseline__std,s2__composite__b05__post_winter_baseline__std,0.359923925503057,0.35097307529048327,0.36031043808033736,0.009337362789854087
Hostomel,s2__composite__b07__max,s2__composite__b07__prebattle_baseline__max,s2__composite__b07__post_winter_baseline__max,0.5651560387047075,0.48159790252983176,0.576968406141525,0.09537050361169325
Hostomel,s2__composite__b07__mean,s2__composite__b07__prebattle_baseline__mean,s2__composite__b07__post_winter_baseline__mean,0.6003426571949272,0.5325418709265203,0.6103371963390254,0.07779532541250511
Hostomel,s2__composite__b07__min,s2__composite__b07__prebattle_baseline__min,s2__composite__b07__post_winter_baseline__min,0.6022980652212085,0.544086702424347,0.6109645004909445,0.06687779806659755
Hostomel,s2__composite__b07__p10,s2__composite__b07__prebattle_baseline__p10,s2__composite__b07__post_winter_baseline__p10,0.5993975256555882,0.5429657112861497,0.6077413274928806,0.06477561620673089
Hostomel,s2__composite__b07__p50,s2__composite__b07__prebattle_baseline__p50,s2__composite__b07__post_winter_baseline__p50,0.5892437568427834,0.5278435721378851,0.5985771999215806,0.07073362778369552
Hostomel,s2__composite__b07__p90,s2__composite__b07__prebattle_baseline__p90,s2__composite__b07__post_winter_baseline__p90,0.5754106159183944,0.5022817976573993,0.5857872119890731,0.0835054143316738
Hostomel,s2__composite__b07__std,s2__composite__b07__prebattle_baseline__std,s2__composite__b07__post_winter_baseline__std,0.39970157372242593,0.37914553298070114,0.4035846823657933,0.024439149385092174
Hostomel,s2__composite__b08__max,s2__composite__b08__prebattle_baseline__max,s2__composite__b08__post_winter_baseline__max,0.5071286020545454,0.452091292778664,0.5163607476912946,0.06426945491263059
Hostomel,s2__composite__b08__mean,s2__composite__b08__prebattle_baseline__mean,s2__composite__b08__post_winter_baseline__mean,0.5972774661466778,0.5456416277590633,0.6053803791791595,0.059738751420096214
Hostomel,s2__composite__b08__min,s2__composite__b08__prebattle_baseline__min,s2__composite__b08__post_winter_baseline__min,0.6139771542628844,0.6002842954175438,0.6159590532601408,0.015674757842596976
Hostomel,s2__composite__b08__p10,s2__composite__b08__prebattle_baseline__p10,s2__composite__b08__post_winter_baseline__p10,0.615892786335557,0.5959858958411973,0.6188691869322464,0.02288329109104903
Hostomel,s2__composite__b08__p50,s2__composite__b08__prebattle_baseline__p50,s2__composite__b08__post_winter_baseline__p50,0.5657993820787388,0.5217416150343007,0.5728091725271907,0.05106755749288994
Hostomel,s2__composite__b08__p90,s2__composite__b08__prebattle_baseline__p90,s2__composite__b08__post_winter_baseline__p90,0.5286551658453998,0.4800788117307167,0.5368245885175225,0.05674577678680576
Hostomel,s2__composite__b08__std,s2__composite__b08__prebattle_baseline__std,s2__composite__b08__post_winter_baseline__std,0.34584669462741463,0.41325636089989776,0.3350822798816048,-0.07817408101829293
Hostomel,s2__composite__b11__max,s2__composite__b11__prebattle_baseline__max,s2__composite__b11__post_winter_baseline__max,0.6149640967981158,0.526509256902433,0.6230601077428525,0.09655085084041948
Hostomel,s2__composite__b11__mean,s2__composite__b11__prebattle_baseline__mean,s2__composite__b11__post_winter_baseline__mean,0.6494373873536953,0.5800232347470163,0.6553644411666687,0.07534120641965236
Hostomel,s2__composite__b11__min,s2__composite__b11__prebattle_baseline__min,s2__composite__b11__post_winter_baseline__min,0.6691803075544369,0.6233038400048897,0.672767384211895,0.04946354420700527
Hostomel,s2__composite__b11__p10,s2__composite__b11__prebattle_baseline__p10,s2__composite__b11__post_winter_baseline__p10,0.6644824924877186,0.612480956419331,0.6685738362754668,0.05609287985613587
Hostomel,s2__composite__b11__p50,s2__composite__b11__prebattle_baseline__p50,s2__composite__b11__post_winter_baseline__p50,0.6440435925453816,0.5764141852866361,0.6492208978573288,0.07280671257069271
Hostomel,s2__composite__b11__p90,s2__composite__b11__prebattle_baseline__p90,s2__composite__b11__post_winter_baseline__p90,0.6214390812064788,0.5368392507892329,0.6286307131832959,0.091791462394063
Hostomel,s2__composite__b11__std,s2__composite__b11__prebattle_baseline__std,s2__composite__b11__post_winter_baseline__std,0.39049329504176983,0.37782945404585977,0.3921761214023108,0.014346667356451015
Hostomel,s2__composite__b12__max,s2__composite__b12__prebattle_baseline__max,s2__composite__b12__post_winter_baseline__max,0.5635801354668069,0.475277897936397,0.5687065223203998,0.09342862438400273
Hostomel,s2__composite__b12__mean,s2__composite__b12__prebattle_baseline__mean,s2__composite__b12__post_winter_baseline__mean,0.6108031652158991,0.5320445409294466,0.6143938247167214,0.0823492837872748
Hostomel,s2__composite__b12__min,s2__composite__b12__prebattle_baseline__min,s2__composite__b12__post_winter_baseline__min,0.6415261552683402,0.5679170386983331,0.6466355409648006,0.07871850226646748
Hostomel,s2__composite__b12__p10,s2__composite__b12__prebattle_baseline__p10,s2__composite__b12__post_winter_baseline__p10,0.6350840075040826,0.5587038750437651,0.6399373667994948,0.08123349175572969
Hostomel,s2__composite__b12__p50,s2__composite__b12__prebattle_baseline__p50,s2__composite__b12__post_winter_baseline__p50,0.6076745030984703,0.5354070291854195,0.6103253863171216,0.07491835713170214
Hostomel,s2__composite__b12__p90,s2__composite__b12__prebattle_baseline__p90,s2__composite__b12__post_winter_baseline__p90,0.5738281922790452,0.493673671248659,0.5776866456966426,0.08401297444798361
Hostomel,s2__composite__b12__std,s2__composite__b12__prebattle_baseline__std,s2__composite__b12__post_winter_baseline__std,0.3286625878963665,0.3408915933996349,0.32591809932693616,-0.014973494072698712
Hostomel,s2__composite__b8a__max,s2__composite__b8a__prebattle_baseline__max,s2__composite__b8a__post_winter_baseline__max,0.5919847643066971,0.5145942072659354,0.6039108959874548,0.08931668872151943
Hostomel,s2__composite__b8a__mean,s2__composite__b8a__prebattle_baseline__mean,s2__composite__b8a__post_winter_baseline__mean,0.630237144896073,0.5745326314347188,0.6390668829346736,0.06453425149995484
Hostomel,s2__composite__b8a__min,s2__composite__b8a__prebattle_baseline__min,s2__composite__b8a__post_winter_baseline__min,0.6341416342457714,0.603859286659582,0.6391616235213841,0.035302336861802064
Hostomel,s2__composite__b8a__p10,s2__composite__b8a__prebattle_baseline__p10,s2__composite__b8a__post_winter_baseline__p10,0.6328998346862283,0.5929032802886952,0.6394805651342238,0.04657728484552859
Hostomel,s2__composite__b8a__p50,s2__composite__b8a__prebattle_baseline__p50,s2__composite__b8a__post_winter_baseline__p50,0.6199506630732307,0.5693298928648091,0.6279787757167169,0.058648882851907835
Hostomel,s2__composite__b8a__p90,s2__composite__b8a__prebattle_baseline__p90,s2__composite__b8a__post_winter_baseline__p90,0.6021626875103877,0.5292343822512466,0.6133357194512803,0.08410133720003365
Hostomel,s2__composite__b8a__std,s2__composite__b8a__prebattle_baseline__std,s2__composite__b8a__post_winter_baseline__std,0.40829018721270527,0.3720471667315826,0.4144153384663007,0.042368171734718074
Hostomel,s2__composite__cire__max,s2__composite__cire__prebattle_baseline__max,s2__composite__cire__post_winter_baseline__max,0.7106743843025088,0.7283299154386286,0.7028360985754418,-0.025493816863186747
Hostomel,s2__composite__cire__mean,s2__composite__cire__prebattle_baseline__mean,s2__composite__cire__post_winter_baseline__mean,0.7626469786153921,0.7851535965189544,0.7545545983550672,-0.030598998163887225
Hostomel,s2__composite__cire__min,s2__composite__cire__prebattle_baseline__min,s2__composite__cire__post_winter_baseline__min,0.741809348543969,0.7492424445597152,0.7353641651706804,-0.013878279389034853
Hostomel,s2__composite__cire__p10,s2__composite__cire__prebattle_baseline__p10,s2__composite__cire__post_winter_baseline__p10,0.7491950781625509,0.7622413485973506,0.7420712007169293,-0.020170147880421263
Hostomel,s2__composite__cire__p50,s2__composite__cire__prebattle_baseline__p50,s2__composite__cire__post_winter_baseline__p50,0.7477950152329992,0.7696142224799994,0.7391423640334253,-0.030471858446574185
Hostomel,s2__composite__cire__p90,s2__composite__cire__prebattle_baseline__p90,s2__composite__cire__post_winter_baseline__p90,0.7245944488760234,0.7425999945981072,0.716885158971169,-0.025714835626938215
Hostomel,s2__composite__cire__std,s2__composite__cire__prebattle_baseline__std,s2__composite__cire__post_winter_baseline__std,0.27848318729966604,0.24632334492498945,0.2829484393876513,0.03662509446266185
Hostomel,s2__composite__mndwi__max,s2__composite__mndwi__prebattle_baseline__max,s2__composite__mndwi__post_winter_baseline__max,0.6588973571384327,0.6463162845348605,0.6606804755373311,0.014364191002470661
Hostomel,s2__composite__mndwi__mean,s2__composite__mndwi__prebattle_baseline__mean,s2__composite__mndwi__post_winter_baseline__mean,0.7089637027610356,0.7064009705001766,0.7097523616059431,0.0033513911057665435
Hostomel,s2__composite__mndwi__min,s2__composite__mndwi__prebattle_baseline__min,s2__composite__mndwi__post_winter_baseline__min,0.6496003389908237,0.6324074369589696,0.65374382492862,0.021336387969650428
Hostomel,s2__composite__mndwi__p10,s2__composite__mndwi__prebattle_baseline__p10,s2__composite__mndwi__post_winter_baseline__p10,0.6692148515949667,0.6617139731271202,0.6712973339074432,0.009583360780322958
Hostomel,s2__composite__mndwi__p50,s2__composite__mndwi__prebattle_baseline__p50,s2__composite__mndwi__post_winter_baseline__p50,0.6912128706937372,0.6779582087905591,0.6935289043415541,0.015570695550994995
Hostomel,s2__composite__mndwi__p90,s2__composite__mndwi__prebattle_baseline__p90,s2__composite__mndwi__post_winter_baseline__p90,0.6815554979040626,0.6755006821447831,0.6825687101604189,0.007068028015635774
Hostomel,s2__composite__mndwi__std,s2__composite__mndwi__prebattle_baseline__std,s2__composite__mndwi__post_winter_baseline__std,0.3658078753488626,0.34564683479864006,0.3633359095701048,0.017689074771464752
Hostomel,s2__composite__ndbi__max,s2__composite__ndbi__prebattle_baseline__max,s2__composite__ndbi__post_winter_baseline__max,0.5417277371137774,0.49999027023046294,0.5461421932561022,0.04615192302563931
Hostomel,s2__composite__ndbi__mean,s2__composite__ndbi__prebattle_baseline__mean,s2__composite__ndbi__post_winter_baseline__mean,0.5761304946253536,0.5149335506224428,0.5807370681518215,0.06580351752937863
Hostomel,s2__composite__ndbi__min,s2__composite__ndbi__prebattle_baseline__min,s2__composite__ndbi__post_winter_baseline__min,0.49209059719979864,0.4320261102953619,0.4975643438527485,0.06553823355738658
Hostomel,s2__composite__ndbi__p10,s2__composite__ndbi__prebattle_baseline__p10,s2__composite__ndbi__post_winter_baseline__p10,0.5201664262604053,0.461480023323467,0.5253228596049434,0.06384283628147641
Hostomel,s2__composite__ndbi__p50,s2__composite__ndbi__prebattle_baseline__p50,s2__composite__ndbi__post_winter_baseline__p50,0.5273773111614368,0.4354728369594763,0.5364461426616499,0.10097330570217361
Hostomel,s2__composite__ndbi__p90,s2__composite__ndbi__prebattle_baseline__p90,s2__composite__ndbi__post_winter_baseline__p90,0.5590799099546448,0.5094992063599904,0.5634597887853314,0.053960582425341075
Hostomel,s2__composite__ndbi__std,s2__composite__ndbi__prebattle_baseline__std,s2__composite__ndbi__post_winter_baseline__std,0.3355916076028479,0.3866157527927275,0.32807538395010893,-0.05854036884261854
Hostomel,s2__composite__ndre__max,s2__composite__ndre__prebattle_baseline__max,s2__composite__ndre__post_winter_baseline__max,0.7281519964137302,0.7425846942481484,0.721129148928604,-0.02145554531954441
Hostomel,s2__composite__ndre__mean,s2__composite__ndre__prebattle_baseline__mean,s2__composite__ndre__post_winter_baseline__mean,0.7751761423544823,0.7886939332503026,0.7689869648543672,-0.01970696839593533
Hostomel,s2__composite__ndre__min,s2__composite__ndre__prebattle_baseline__min,s2__composite__ndre__post_winter_baseline__min,0.7618426543199449,0.780244425993546,0.7544657644302692,-0.025778661563276795
Hostomel,s2__composite__ndre__p10,s2__composite__ndre__prebattle_baseline__p10,s2__composite__ndre__post_winter_baseline__p10,0.767745900353413,0.787951543007029,0.7605790265016489,-0.027372516505380085
Hostomel,s2__composite__ndre__p50,s2__composite__ndre__prebattle_baseline__p50,s2__composite__ndre__post_winter_baseline__p50,0.7648080367341555,0.7814674913540475,0.7578497562768527,-0.02361773507719478
Hostomel,s2__composite__ndre__p90,s2__composite__ndre__prebattle_baseline__p90,s2__composite__ndre__post_winter_baseline__p90,0.7387893876554453,0.744098022412872,0.7336543926845188,-0.010443629728353221
Hostomel,s2__composite__ndre__std,s2__composite__ndre__prebattle_baseline__std,s2__composite__ndre__post_winter_baseline__std,0.2735937780147281,0.21572560277874359,0.28324439783515765,0.06751879505641406
Hostomel,s2__composite__ndvi__max,s2__composite__ndvi__prebattle_baseline__max,s2__composite__ndvi__post_winter_baseline__max,0.6520913594264135,0.6614371673760036,0.643739655329023,-0.017697512046980557
Hostomel,s2__composite__ndvi__mean,s2__composite__ndvi__prebattle_baseline__mean,s2__composite__ndvi__post_winter_baseline__mean,0.7608878133539058,0.7673565853491627,0.7549493510365604,-0.012407234312602378
Hostomel,s2__composite__ndvi__min,s2__composite__ndvi__prebattle_baseline__min,s2__composite__ndvi__post_winter_baseline__min,0.7399188407807071,0.7309728910599617,0.7375116369828874,0.006538745922925693
Hostomel,s2__composite__ndvi__p10,s2__composite__ndvi__prebattle_baseline__p10,s2__composite__ndvi__post_winter_baseline__p10,0.7568282621055459,0.7550248926904254,0.7532019098098699,-0.0018229828805554904
Hostomel,s2__composite__ndvi__p50,s2__composite__ndvi__prebattle_baseline__p50,s2__composite__ndvi__post_winter_baseline__p50,0.7435505782705394,0.7639898237986227,0.7354270116383863,-0.028562812160236373
Hostomel,s2__composite__ndvi__p90,s2__composite__ndvi__prebattle_baseline__p90,s2__composite__ndvi__post_winter_baseline__p90,0.679529260823842,0.6781835486131645,0.6729393348398006,-0.005244213773363926
Hostomel,s2__composite__ndvi__std,s2__composite__ndvi__prebattle_baseline__std,s2__composite__ndvi__post_winter_baseline__std,0.3507460291533867,0.344461875680416,0.3503395027805089,0.00587762710009293
Hostomel,s2__composite__ndwi__max,s2__composite__ndwi__prebattle_baseline__max,s2__composite__ndwi__post_winter_baseline__max,0.7314263609367582,0.7236272710255888,0.7299930984993057,0.006365827473716945
Hostomel,s2__composite__ndwi__mean,s2__composite__ndwi__prebattle_baseline__mean,s2__composite__ndwi__post_winter_baseline__mean,0.7575370875949893,0.7567226614546837,0.7551910932828714,-0.0015315681718123253
Hostomel,s2__composite__ndwi__min,s2__composite__ndwi__prebattle_baseline__min,s2__composite__ndwi__post_winter_baseline__min,0.6438265591095542,0.6311138098268362,0.6421828831415359,0.011069073314699751
Hostomel,s2__composite__ndwi__p10,s2__composite__ndwi__prebattle_baseline__p10,s2__composite__ndwi__post_winter_baseline__p10,0.6754102015338695,0.6608792813310717,0.6740720135092196,0.013192732178147981
Hostomel,s2__composite__ndwi__p50,s2__composite__ndwi__prebattle_baseline__p50,s2__composite__ndwi__post_winter_baseline__p50,0.73382563341651,0.7412971305651573,0.7300294251342166,-0.011267705430940689
Hostomel,s2__composite__ndwi__p90,s2__composite__ndwi__prebattle_baseline__p90,s2__composite__ndwi__post_winter_baseline__p90,0.7520866203960052,0.7469814946486868,0.7505985543711171,0.003617059722430316
Hostomel,s2__composite__ndwi__std,s2__composite__ndwi__prebattle_baseline__std,s2__composite__ndwi__post_winter_baseline__std,0.33134013809504786,0.33523462998918147,0.3311171228287095,-0.004117507160471989
Irpin,s2__composite__b02__max,s2__composite__b02__prebattle_baseline__max,s2__composite__b02__post_winter_baseline__max,,,,
Irpin,s2__composite__b02__mean,s2__composite__b02__prebattle_baseline__mean,s2__composite__b02__post_winter_baseline__mean,,,,
Irpin,s2__composite__b02__min,s2__composite__b02__prebattle_baseline__min,s2__composite__b02__post_winter_baseline__min,,,,
Irpin,s2__composite__b02__p10,s2__composite__b02__prebattle_baseline__p10,s2__composite__b02__post_winter_baseline__p10,,,,
Irpin,s2__composite__b02__p50,s2__composite__b02__prebattle_baseline__p50,s2__composite__b02__post_winter_baseline__p50,,,,
Irpin,s2__composite__b02__p90,s2__composite__b02__prebattle_baseline__p90,s2__composite__b02__post_winter_baseline__p90,,,,
Irpin,s2__composite__b02__std,s2__composite__b02__prebattle_baseline__std,s2__composite__b02__post_winter_baseline__std,,,,
Irpin,s2__composite__b03__max,s2__composite__b03__prebattle_baseline__max,s2__composite__b03__post_winter_baseline__max,,,,
Irpin,s2__composite__b03__mean,s2__composite__b03__prebattle_baseline__mean,s2__composite__b03__post_winter_baseline__mean,,,,
Irpin,s2__composite__b03__min,s2__composite__b03__prebattle_baseline__min,s2__composite__b03__post_winter_baseline__min,,,,
Irpin,s2__composite__b03__p10,s2__composite__b03__prebattle_baseline__p10,s2__composite__b03__post_winter_baseline__p10,,,,
Irpin,s2__composite__b03__p50,s2__composite__b03__prebattle_baseline__p50,s2__composite__b03__post_winter_baseline__p50,,,,
Irpin,s2__composite__b03__p90,s2__composite__b03__prebattle_baseline__p90,s2__composite__b03__post_winter_baseline__p90,,,,
Irpin,s2__composite__b03__std,s2__composite__b03__prebattle_baseline__std,s2__composite__b03__post_winter_baseline__std,,,,
Irpin,s2__composite__b04__max,s2__composite__b04__prebattle_baseline__max,s2__composite__b04__post_winter_baseline__max,,,,
Irpin,s2__composite__b04__mean,s2__composite__b04__prebattle_baseline__mean,s2__composite__b04__post_winter_baseline__mean,,,,
Irpin,s2__composite__b04__min,s2__composite__b04__prebattle_baseline__min,s2__composite__b04__post_winter_baseline__min,,,,
Irpin,s2__composite__b04__p10,s2__composite__b04__prebattle_baseline__p10,s2__composite__b04__post_winter_baseline__p10,,,,
Irpin,s2__composite__b04__p50,s2__composite__b04__prebattle_baseline__p50,s2__composite__b04__post_winter_baseline__p50,,,,
Irpin,s2__composite__b04__p90,s2__composite__b04__prebattle_baseline__p90,s2__composite__b04__post_winter_baseline__p90,,,,
Irpin,s2__composite__b04__std,s2__composite__b04__prebattle_baseline__std,s2__composite__b04__post_winter_baseline__std,,,,
Irpin,s2__composite__b05__max,s2__composite__b05__prebattle_baseline__max,s2__composite__b05__post_winter_baseline__max,,,,
Irpin,s2__composite__b05__mean,s2__composite__b05__prebattle_baseline__mean,s2__composite__b05__post_winter_baseline__mean,,,,
Irpin,s2__composite__b05__min,s2__composite__b05__prebattle_baseline__min,s2__composite__b05__post_winter_baseline__min,,,,
Irpin,s2__composite__b05__p10,s2__composite__b05__prebattle_baseline__p10,s2__composite__b05__post_winter_baseline__p10,,,,
Irpin,s2__composite__b05__p50,s2__composite__b05__prebattle_baseline__p50,s2__composite__b05__post_winter_baseline__p50,,,,
Irpin,s2__composite__b05__p90,s2__composite__b05__prebattle_baseline__p90,s2__composite__b05__post_winter_baseline__p90,,,,
Irpin,s2__composite__b05__std,s2__composite__b05__prebattle_baseline__std,s2__composite__b05__post_winter_baseline__std,,,,
Irpin,s2__composite__b07__max,s2__composite__b07__prebattle_baseline__max,s2__composite__b07__post_winter_baseline__max,,,,
Irpin,s2__composite__b07__mean,s2__composite__b07__prebattle_baseline__mean,s2__composite__b07__post_winter_baseline__mean,,,,
Irpin,s2__composite__b07__min,s2__composite__b07__prebattle_baseline__min,s2__composite__b07__post_winter_baseline__min,,,,
Irpin,s2__composite__b07__p10,s2__composite__b07__prebattle_baseline__p10,s2__composite__b07__post_winter_baseline__p10,,,,
Irpin,s2__composite__b07__p50,s2__composite__b07__prebattle_baseline__p50,s2__composite__b07__post_winter_baseline__p50,,,,
Irpin,s2__composite__b07__p90,s2__composite__b07__prebattle_baseline__p90,s2__composite__b07__post_winter_baseline__p90,,,,
Irpin,s2__composite__b07__std,s2__composite__b07__prebattle_baseline__std,s2__composite__b07__post_winter_baseline__std,,,,
Irpin,s2__composite__b08__max,s2__composite__b08__prebattle_baseline__max,s2__composite__b08__post_winter_baseline__max,,,,
Irpin,s2__composite__b08__mean,s2__composite__b08__prebattle_baseline__mean,s2__composite__b08__post_winter_baseline__mean,,,,
Irpin,s2__composite__b08__min,s2__composite__b08__prebattle_baseline__min,s2__composite__b08__post_winter_baseline__min,,,,
Irpin,s2__composite__b08__p10,s2__composite__b08__prebattle_baseline__p10,s2__composite__b08__post_winter_baseline__p10,,,,
Irpin,s2__composite__b08__p50,s2__composite__b08__prebattle_baseline__p50,s2__composite__b08__post_winter_baseline__p50,,,,
Irpin,s2__composite__b08__p90,s2__composite__b08__prebattle_baseline__p90,s2__composite__b08__post_winter_baseline__p90,,,,
Irpin,s2__composite__b08__std,s2__composite__b08__prebattle_baseline__std,s2__composite__b08__post_winter_baseline__std,,,,
Irpin,s2__composite__b11__max,s2__composite__b11__prebattle_baseline__max,s2__composite__b11__post_winter_baseline__max,,,,
Irpin,s2__composite__b11__mean,s2__composite__b11__prebattle_baseline__mean,s2__composite__b11__post_winter_baseline__mean,,,,
Irpin,s2__composite__b11__min,s2__composite__b11__prebattle_baseline__min,s2__composite__b11__post_winter_baseline__min,,,,
Irpin,s2__composite__b11__p10,s2__composite__b11__prebattle_baseline__p10,s2__composite__b11__post_winter_baseline__p10,,,,
Irpin,s2__composite__b11__p50,s2__composite__b11__prebattle_baseline__p50,s2__composite__b11__post_winter_baseline__p50,,,,
Irpin,s2__composite__b11__p90,s2__composite__b11__prebattle_baseline__p90,s2__composite__b11__post_winter_baseline__p90,,,,
Irpin,s2__composite__b11__std,s2__composite__b11__prebattle_baseline__std,s2__composite__b11__post_winter_baseline__std,,,,
Irpin,s2__composite__b12__max,s2__composite__b12__prebattle_baseline__max,s2__composite__b12__post_winter_baseline__max,,,,
Irpin,s2__composite__b12__mean,s2__composite__b12__prebattle_baseline__mean,s2__composite__b12__post_winter_baseline__mean,,,,
Irpin,s2__composite__b12__min,s2__composite__b12__prebattle_baseline__min,s2__composite__b12__post_winter_baseline__min,,,,
Irpin,s2__composite__b12__p10,s2__composite__b12__prebattle_baseline__p10,s2__composite__b12__post_winter_baseline__p10,,,,
Irpin,s2__composite__b12__p50,s2__composite__b12__prebattle_baseline__p50,s2__composite__b12__post_winter_baseline__p50,,,,
Irpin,s2__composite__b12__p90,s2__composite__b12__prebattle_baseline__p90,s2__composite__b12__post_winter_baseline__p90,,,,
Irpin,s2__composite__b12__std,s2__composite__b12__prebattle_baseline__std,s2__composite__b12__post_winter_baseline__std,,,,
Irpin,s2__composite__b8a__max,s2__composite__b8a__prebattle_baseline__max,s2__composite__b8a__post_winter_baseline__max,,,,
Irpin,s2__composite__b8a__mean,s2__composite__b8a__prebattle_baseline__mean,s2__composite__b8a__post_winter_baseline__mean,,,,
Irpin,s2__composite__b8a__min,s2__composite__b8a__prebattle_baseline__min,s2__composite__b8a__post_winter_baseline__min,,,,
Irpin,s2__composite__b8a__p10,s2__composite__b8a__prebattle_baseline__p10,s2__composite__b8a__post_winter_baseline__p10,,,,
Irpin,s2__composite__b8a__p50,s2__composite__b8a__prebattle_baseline__p50,s2__composite__b8a__post_winter_baseline__p50,,,,
Irpin,s2__composite__b8a__p90,s2__composite__b8a__prebattle_baseline__p90,s2__composite__b8a__post_winter_baseline__p90,,,,
Irpin,s2__composite__b8a__std,s2__composite__b8a__prebattle_baseline__std,s2__composite__b8a__post_winter_baseline__std,,,,
Irpin,s2__composite__cire__max,s2__composite__cire__prebattle_baseline__max,s2__composite__cire__post_winter_baseline__max,,,,
Irpin,s2__composite__cire__mean,s2__composite__cire__prebattle_baseline__mean,s2__composite__cire__post_winter_baseline__mean,,,,
Irpin,s2__composite__cire__min,s2__composite__cire__prebattle_baseline__min,s2__composite__cire__post_winter_baseline__min,,,,
Irpin,s2__composite__cire__p10,s2__composite__cire__prebattle_baseline__p10,s2__composite__cire__post_winter_baseline__p10,,,,
Irpin,s2__composite__cire__p50,s2__composite__cire__prebattle_baseline__p50,s2__composite__cire__post_winter_baseline__p50,,,,
Irpin,s2__composite__cire__p90,s2__composite__cire__prebattle_baseline__p90,s2__composite__cire__post_winter_baseline__p90,,,,
Irpin,s2__composite__cire__std,s2__composite__cire__prebattle_baseline__std,s2__composite__cire__post_winter_baseline__std,,,,
Irpin,s2__composite__mndwi__max,s2__composite__mndwi__prebattle_baseline__max,s2__composite__mndwi__post_winter_baseline__max,,,,
Irpin,s2__composite__mndwi__mean,s2__composite__mndwi__prebattle_baseline__mean,s2__composite__mndwi__post_winter_baseline__mean,,,,
Irpin,s2__composite__mndwi__min,s2__composite__mndwi__prebattle_baseline__min,s2__composite__mndwi__post_winter_baseline__min,,,,
Irpin,s2__composite__mndwi__p10,s2__composite__mndwi__prebattle_baseline__p10,s2__composite__mndwi__post_winter_baseline__p10,,,,
Irpin,s2__composite__mndwi__p50,s2__composite__mndwi__prebattle_baseline__p50,s2__composite__mndwi__post_winter_baseline__p50,,,,
Irpin,s2__composite__mndwi__p90,s2__composite__mndwi__prebattle_baseline__p90,s2__composite__mndwi__post_winter_baseline__p90,,,,
Irpin,s2__composite__mndwi__std,s2__composite__mndwi__prebattle_baseline__std,s2__composite__mndwi__post_winter_baseline__std,,,,
Irpin,s2__composite__ndbi__max,s2__composite__ndbi__prebattle_baseline__max,s2__composite__ndbi__post_winter_baseline__max,,,,
Irpin,s2__composite__ndbi__mean,s2__composite__ndbi__prebattle_baseline__mean,s2__composite__ndbi__post_winter_baseline__mean,,,,
Irpin,s2__composite__ndbi__min,s2__composite__ndbi__prebattle_baseline__min,s2__composite__ndbi__post_winter_baseline__min,,,,
Irpin,s2__composite__ndbi__p10,s2__composite__ndbi__prebattle_baseline__p10,s2__composite__ndbi__post_winter_baseline__p10,,,,
Irpin,s2__composite__ndbi__p50,s2__composite__ndbi__prebattle_baseline__p50,s2__composite__ndbi__post_winter_baseline__p50,,,,
Irpin,s2__composite__ndbi__p90,s2__composite__ndbi__prebattle_baseline__p90,s2__composite__ndbi__post_winter_baseline__p90,,,,
Irpin,s2__composite__ndbi__std,s2__composite__ndbi__prebattle_baseline__std,s2__composite__ndbi__post_winter_baseline__std,,,,
Irpin,s2__composite__ndre__max,s2__composite__ndre__prebattle_baseline__max,s2__composite__ndre__post_winter_baseline__max,,,,
Irpin,s2__composite__ndre__mean,s2__composite__ndre__prebattle_baseline__mean,s2__composite__ndre__post_winter_baseline__mean,,,,
Irpin,s2__composite__ndre__min,s2__composite__ndre__prebattle_baseline__min,s2__composite__ndre__post_winter_baseline__min,,,,
Irpin,s2__composite__ndre__p10,s2__composite__ndre__prebattle_baseline__p10,s2__composite__ndre__post_winter_baseline__p10,,,,
Irpin,s2__composite__ndre__p50,s2__composite__ndre__prebattle_baseline__p50,s2__composite__ndre__post_winter_baseline__p50,,,,
Irpin,s2__composite__ndre__p90,s2__composite__ndre__prebattle_baseline__p90,s2__composite__ndre__post_winter_baseline__p90,,,,
Irpin,s2__composite__ndre__std,s2__composite__ndre__prebattle_baseline__std,s2__composite__ndre__post_winter_baseline__std,,,,
Irpin,s2__composite__ndvi__max,s2__composite__ndvi__prebattle_baseline__max,s2__composite__ndvi__post_winter_baseline__max,,,,
Irpin,s2__composite__ndvi__mean,s2__composite__ndvi__prebattle_baseline__mean,s2__composite__ndvi__post_winter_baseline__mean,,,,
Irpin,s2__composite__ndvi__min,s2__composite__ndvi__prebattle_baseline__min,s2__composite__ndvi__post_winter_baseline__min,,,,
Irpin,s2__composite__ndvi__p10,s2__composite__ndvi__prebattle_baseline__p10,s2__composite__ndvi__post_winter_baseline__p10,,,,
Irpin,s2__composite__ndvi__p50,s2__composite__ndvi__prebattle_baseline__p50,s2__composite__ndvi__post_winter_baseline__p50,,,,
Irpin,s2__composite__ndvi__p90,s2__composite__ndvi__prebattle_baseline__p90,s2__composite__ndvi__post_winter_baseline__p90,,,,
Irpin,s2__composite__ndvi__std,s2__composite__ndvi__prebattle_baseline__std,s2__composite__ndvi__post_winter_baseline__std,,,,
Irpin,s2__composite__ndwi__max,s2__composite__ndwi__prebattle_baseline__max,s2__composite__ndwi__post_winter_baseline__max,,,,
Irpin,s2__composite__ndwi__mean,s2__composite__ndwi__prebattle_baseline__mean,s2__composite__ndwi__post_winter_baseline__mean,,,,
Irpin,s2__composite__ndwi__min,s2__composite__ndwi__prebattle_baseline__min,s2__composite__ndwi__post_winter_baseline__min,,,,
Irpin,s2__composite__ndwi__p10,s2__composite__ndwi__prebattle_baseline__p10,s2__composite__ndwi__post_winter_baseline__p10,,,,
Irpin,s2__composite__ndwi__p50,s2__composite__ndwi__prebattle_baseline__p50,s2__composite__ndwi__post_winter_baseline__p50,,,,
Irpin,s2__composite__ndwi__p90,s2__composite__ndwi__prebattle_baseline__p90,s2__composite__ndwi__post_winter_baseline__p90,,,,
Irpin,s2__composite__ndwi__std,s2__composite__ndwi__prebattle_baseline__std,s2__composite__ndwi__post_winter_baseline__std,,,,
Kharkiv,s2__composite__b02__max,s2__composite__b02__prebattle_baseline__max,s2__composite__b02__post_winter_baseline__max,0.8582994290168444,0.7505359331222851,0.8669972310548991,0.11646129793261406
Kharkiv,s2__composite__b02__mean,s2__composite__b02__prebattle_baseline__mean,s2__composite__b02__post_winter_baseline__mean,0.8608923158973754,0.8654385552913981,0.8549924683038028,-0.010446086987595304
Kharkiv,s2__composite__b02__min,s2__composite__b02__prebattle_baseline__min,s2__composite__b02__post_winter_baseline__min,0.8139434608723777,0.9039423786533979,0.7884502472043969,-0.11549213144900095
Kharkiv,s2__composite__b02__p10,s2__composite__b02__prebattle_baseline__p10,s2__composite__b02__post_winter_baseline__p10,0.8358042870077992,0.904698231846811,0.8136288508339802,-0.0910693810128308
Kharkiv,s2__composite__b02__p50,s2__composite__b02__prebattle_baseline__p50,s2__composite__b02__post_winter_baseline__p50,0.855690440873865,0.8818519969160993,0.8438924112662158,-0.03795958564988344
Kharkiv,s2__composite__b02__p90,s2__composite__b02__prebattle_baseline__p90,s2__composite__b02__post_winter_baseline__p90,0.8578251713257179,0.792800465060679,0.8609794358327768,0.06817897077209778
Kharkiv,s2__composite__b02__std,s2__composite__b02__prebattle_baseline__std,s2__composite__b02__post_winter_baseline__std,0.832613951762106,0.6980821039466149,0.845783033592443,0.14770092964582815
Kharkiv,s2__composite__b03__max,s2__composite__b03__prebattle_baseline__max,s2__composite__b03__post_winter_baseline__max,0.8537677247165018,0.7793579586927397,0.8610296871182381,0.08167172842549841
Kharkiv,s2__composite__b03__mean,s2__composite__b03__prebattle_baseline__mean,s2__composite__b03__post_winter_baseline__mean,0.8581186480449079,0.8738439455067902,0.8508144732850816,-0.02302947222170859
Kharkiv,s2__composite__b03__min,s2__composite__b03__prebattle_baseline__min,s2__composite__b03__post_winter_baseline__min,0.8338198424619896,0.9059513747737695,0.8155451119132753,-0.09040626286049425
Kharkiv,s2__composite__b03__p10,s2__composite__b03__prebattle_baseline__p10,s2__composite__b03__post_winter_baseline__p10,0.8448529174000319,0.9022566484276211,0.8294037509611105,-0.07285289746651058
Kharkiv,s2__composite__b03__p50,s2__composite__b03__prebattle_baseline__p50,s2__composite__b03__post_winter_baseline__p50,0.844600432369359,0.8717753949015302,0.8339782114952823,-0.037797183406247936
Kharkiv,s2__composite__b03__p90,s2__composite__b03__prebattle_baseline__p90,s2__composite__b03__post_winter_baseline__p90,0.8500911706017766,0.8130804084947895,0.8524157235367977,0.03933531504200827
Kharkiv,s2__composite__b03__std,s2__composite__b03__prebattle_baseline__std,s2__composite__b03__post_winter_baseline__std,0.83471450923042,0.6971631972938098,0.8510991233945006,0.15393592610069073
Kharkiv,s2__composite__b04__max,s2__composite__b04__prebattle_baseline__max,s2__composite__b04__post_winter_baseline__max,0.8408836583949387,0.7972903106854793,0.844161931286745,0.04687162060126571
Kharkiv,s2__composite__b04__mean,s2__composite__b04__prebattle_baseline__mean,s2__composite__b04__post_winter_baseline__mean,0.855658145625975,0.886785159228778,0.8469258445864588,-0.03985931464231918
Kharkiv,s2__composite__b04__min,s2__composite__b04__prebattle_baseline__min,s2__composite__b04__post_winter_baseline__min,0.8507702988272029,0.9168263869443147,0.8343445715777987,-0.082481815366516
Kharkiv,s2__composite__b04__p10,s2__composite__b04__prebattle_baseline__p10,s2__composite__b04__post_winter_baseline__p10,0.8577781386418537,0.911534110951907,0.8436867742804888,-0.06784733667141818
Kharkiv,s2__composite__b04__p50,s2__composite__b04__prebattle_baseline__p50,s2__composite__b04__post_winter_baseline__p50,0.8470231568783727,0.8826330736855523,0.835574356251268,-0.04705871743428436
Kharkiv,s2__composite__b04__p90,s2__composite__b04__prebattle_baseline__p90,s2__composite__b04__post_winter_baseline__p90,0.8395736342257102,0.8253906633298951,0.8377194867785227,0.012328823448627624
Kharkiv,s2__composite__b04__std,s2__composite__b04__prebattle_baseline__std,s2__composite__b04__post_winter_baseline__std,0.817355783761448,0.6947376267537064,0.8329152888844338,0.13817766213072735
Kharkiv,s2__composite__b05__max,s2__composite__b05__prebattle_baseline__max,s2__composite__b05__post_winter_baseline__max,0.8189519294152882,0.794921273639564,0.823108330935618,0.028187057296053974
Kharkiv,s2__composite__b05__mean,s2__composite__b05__prebattle_baseline__mean,s2__composite__b05__post_winter_baseline__mean,0.8347387358122794,0.8694710580685676,0.8271315974774626,-0.04233946059110505
Kharkiv,s2__composite__b05__min,s2__composite__b05__prebattle_baseline__min,s2__composite__b05__post_winter_baseline__min,0.8355567523088777,0.8975704216235448,0.8213902960739059,-0.07618012554963893
Kharkiv,s2__composite__b05__p10,s2__composite__b05__prebattle_baseline__p10,s2__composite__b05__post_winter_baseline__p10,0.8346515437437471,0.8961120947377585,0.8191123431097407,-0.07699975162801787
Kharkiv,s2__composite__b05__p50,s2__composite__b05__prebattle_baseline__p50,s2__composite__b05__post_winter_baseline__p50,0.8317001969989212,0.867882596316985,0.8226635263667152,-0.04521906995026981
Kharkiv,s2__composite__b05__p90,s2__composite__b05__prebattle_baseline__p90,s2__composite__b05__post_winter_baseline__p90,0.8220870851274054,0.8107824097650816,0.824749925671871,0.013967515906789352
Kharkiv,s2__composite__b05__std,s2__composite__b05__prebattle_baseline__std,s2__composite__b05__post_winter_baseline__std,0.7727608816503606,0.673612668642129,0.789757479698043,0.11614481105591401
Kharkiv,s2__composite__b07__max,s2__composite__b07__prebattle_baseline__max,s2__composite__b07__post_winter_baseline__max,0.6366289494643982,0.705124538938638,0.6237366008563017,-0.08138793808233635
Kharkiv,s2__composite__b07__mean,s2__composite__b07__prebattle_baseline__mean,s2__composite__b07__post_winter_baseline__mean,0.6556792240039038,0.7761199051144773,0.6331539017049177,-0.14296600340955956
Kharkiv,s2__composite__b07__min,s2__composite__b07__prebattle_baseline__min,s2__composite__b07__post_winter_baseline__min,0.6722082145723597,0.8008921908562915,0.648857589459579,-0.15203460139671243
Kharkiv,s2__composite__b07__p10,s2__composite__b07__prebattle_baseline__p10,s2__composite__b07__post_winter_baseline__p10,0.6698512945318799,0.7932095227902024,0.6469004771184101,-0.14630904567179226
Kharkiv,s2__composite__b07__p50,s2__composite__b07__prebattle_baseline__p50,s2__composite__b07__post_winter_baseline__p50,0.656001758266518,0.7760553863985077,0.6339638413141495,-0.14209154508435817
Kharkiv,s2__composite__b07__p90,s2__composite__b07__prebattle_baseline__p90,s2__composite__b07__post_winter_baseline__p90,0.6404640465886168,0.715602466931651,0.6270109413650317,-0.08859152556661931
Kharkiv,s2__composite__b07__std,s2__composite__b07__prebattle_baseline__std,s2__composite__b07__post_winter_baseline__std,0.7010578885848147,0.6896015124688968,0.7010420145167373,0.011440502047840528
Kharkiv,s2__composite__b08__max,s2__composite__b08__prebattle_baseline__max,s2__composite__b08__post_winter_baseline__max,0.6782249664184072,0.6822165194551361,0.6738875082090576,-0.008329011246078433
Kharkiv,s2__composite__b08__mean,s2__composite__b08__prebattle_baseline__mean,s2__composite__b08__post_winter_baseline__mean,0.7165696146274086,0.7866777665488951,0.7012044446510588,-0.0854733218978363
Kharkiv,s2__composite__b08__min,s2__composite__b08__prebattle_baseline__min,s2__composite__b08__post_winter_baseline__min,0.7487225114287002,0.8071356809775644,0.7348575041762578,-0.07227817680130655
Kharkiv,s2__composite__b08__p10,s2__composite__b08__prebattle_baseline__p10,s2__composite__b08__post_winter_baseline__p10,0.7391230156727193,0.7979367801249595,0.7243020692301776,-0.07363471089478191
Kharkiv,s2__composite__b08__p50,s2__composite__b08__prebattle_baseline__p50,s2__composite__b08__post_winter_baseline__p50,0.7118164326870564,0.7949088077349236,0.6931492871405246,-0.10175952059439897
Kharkiv,s2__composite__b08__p90,s2__composite__b08__prebattle_baseline__p90,s2__composite__b08__post_winter_baseline__p90,0.6895394501366824,0.7204101900383092,0.6789304320825963,-0.041479757955712904
Kharkiv,s2__composite__b08__std,s2__composite__b08__prebattle_baseline__std,s2__composite__b08__post_winter_baseline__std,0.7579828624337096,0.7067539968811264,0.7654777281642707,0.05872373128314434
Kharkiv,s2__composite__b11__max,s2__composite__b11__prebattle_baseline__max,s2__composite__b11__post_winter_baseline__max,0.8266374426736159,0.834072977571921,0.8240586191017369,-0.01001435847018406
Kharkiv,s2__composite__b11__mean,s2__composite__b11__prebattle_baseline__mean,s2__composite__b11__post_winter_baseline__mean,0.849461084217929,0.8428999453801356,0.8509171561964428,0.00801721081630724
Kharkiv,s2__composite__b11__min,s2__composite__b11__prebattle_baseline__min,s2__composite__b11__post_winter_baseline__min,0.8593303092632246,0.8333759913875161,0.8677868567940752,0.03441086540655913
Kharkiv,s2__composite__b11__p10,s2__composite__b11__prebattle_baseline__p10,s2__composite__b11__post_winter_baseline__p10,0.8572174655260795,0.8376573805705354,0.8640675400241146,0.026410159453579163
Kharkiv,s2__composite__b11__p50,s2__composite__b11__prebattle_baseline__p50,s2__composite__b11__post_winter_baseline__p50,0.8451689011299215,0.8379274268238944,0.8476211516365174,0.009693724812622984
Kharkiv,s2__composite__b11__p90,s2__composite__b11__prebattle_baseline__p90,s2__composite__b11__post_winter_baseline__p90,0.8316342262134758,0.8343362367177417,0.8305042451560716,-0.003831991561670134
Kharkiv,s2__composite__b11__std,s2__composite__b11__prebattle_baseline__std,s2__composite__b11__post_winter_baseline__std,0.7955840120820118,0.7496873210671717,0.7974174373544647,0.047730116287292956
Kharkiv,s2__composite__b12__max,s2__composite__b12__prebattle_baseline__max,s2__composite__b12__post_winter_baseline__max,0.8304526378719007,0.8370000288601593,0.8298599007908866,-0.0071401280692727775
Kharkiv,s2__composite__b12__mean,s2__composite__b12__prebattle_baseline__mean,s2__composite__b12__post_winter_baseline__mean,0.8509008617128018,0.8671569701015611,0.8473239888691326,-0.019832981232428493
Kharkiv,s2__composite__b12__min,s2__composite__b12__prebattle_baseline__min,s2__composite__b12__post_winter_baseline__min,0.8597807078158978,0.8639280310370392,0.8605341793666221,-0.0033938516704170585
Kharkiv,s2__composite__b12__p10,s2__composite__b12__prebattle_baseline__p10,s2__composite__b12__post_winter_baseline__p10,0.8569925449619124,0.8664074091726214,0.8568752968655885,-0.00953211230703288
Kharkiv,s2__composite__b12__p50,s2__composite__b12__prebattle_baseline__p50,s2__composite__b12__post_winter_baseline__p50,0.8471487278436637,0.8628455733577831,0.8436602352016607,-0.019185338156122445
Kharkiv,s2__composite__b12__p90,s2__composite__b12__prebattle_baseline__p90,s2__composite__b12__post_winter_baseline__p90,0.8345519137802759,0.8405342127045081,0.833840495776862,-0.006693716927646087
Kharkiv,s2__composite__b12__std,s2__composite__b12__prebattle_baseline__std,s2__composite__b12__post_winter_baseline__std,0.793124726620548,0.6880711008145483,0.8040847303467767,0.11601362953222849
Kharkiv,s2__composite__b8a__max,s2__composite__b8a__prebattle_baseline__max,s2__composite__b8a__post_winter_baseline__max,0.6599786708230051,0.7113971324896484,0.6487399679411606,-0.0626571645484878
Kharkiv,s2__composite__b8a__mean,s2__composite__b8a__prebattle_baseline__mean,s2__composite__b8a__post_winter_baseline__mean,0.6819503883587293,0.7773666628846148,0.6612781252383217,-0.11608853764629301
Kharkiv,s2__composite__b8a__min,s2__composite__b8a__prebattle_baseline__min,s2__composite__b8a__post_winter_baseline__min,0.6997578346679934,0.8002087827274782,0.6772430325755878,-0.12296575015189037
Kharkiv,s2__composite__b8a__p10,s2__composite__b8a__prebattle_baseline__p10,s2__composite__b8a__post_winter_baseline__p10,0.6958288464875597,0.7928137266074256,0.6745238401151757,-0.11828988649224981
Kharkiv,s2__composite__b8a__p50,s2__composite__b8a__prebattle_baseline__p50,s2__composite__b8a__post_winter_baseline__p50,0.6800078905593457,0.7738810184097967,0.6589146860435853,-0.11496633236621145
Kharkiv,s2__composite__b8a__p90,s2__composite__b8a__prebattle_baseline__p90,s2__composite__b8a__post_winter_baseline__p90,0.6647310823065734,0.7262377204254543,0.6512355348045203,-0.07500218562093397
Kharkiv,s2__composite__b8a__std,s2__composite__b8a__prebattle_baseline__std,s2__composite__b8a__post_winter_baseline__std,0.7206871226666867,0.7105595765509269,0.718384098632902,0.007824522081975038
Kharkiv,s2__composite__cire__max,s2__composite__cire__prebattle_baseline__max,s2__composite__cire__post_winter_baseline__max,0.7511744938517826,0.8802894852803423,0.7097674551026587,-0.17052203017768364
Kharkiv,s2__composite__cire__mean,s2__composite__cire__prebattle_baseline__mean,s2__composite__cire__post_winter_baseline__mean,0.7957469388616579,0.9105144557935314,0.7510154737664106,-0.15949898202712076
Kharkiv,s2__composite__cire__min,s2__composite__cire__prebattle_baseline__min,s2__composite__cire__post_winter_baseline__min,0.8170352349732958,0.9097135091990232,0.7744342168390952,-0.13527929235992797
Kharkiv,s2__composite__cire__p10,s2__composite__cire__prebattle_baseline__p10,s2__composite__cire__post_winter_baseline__p10,0.8139957605297938,0.9116681723415604,0.770275163663874,-0.14139300867768634
Kharkiv,s2__composite__cire__p50,s2__composite__cire__prebattle_baseline__p50,s2__composite__cire__post_winter_baseline__p50,0.7950692671742287,0.9090427538966125,0.7499872762755226,-0.15905547762108985
Kharkiv,s2__composite__cire__p90,s2__composite__cire__prebattle_baseline__p90,s2__composite__cire__post_winter_baseline__p90,0.7678029686894762,0.8920327560866844,0.7261836961465015,-0.16584905994018295
Kharkiv,s2__composite__cire__std,s2__composite__cire__prebattle_baseline__std,s2__composite__cire__post_winter_baseline__std,0.6039026316449548,0.7239744262935276,0.5817373856893308,-0.14223704060419684
Kharkiv,s2__composite__mndwi__max,s2__composite__mndwi__prebattle_baseline__max,s2__composite__mndwi__post_winter_baseline__max,0.89236051959411,0.8074948026970892,0.8939846972200504,0.08648989452296119
Kharkiv,s2__composite__mndwi__mean,s2__composite__mndwi__prebattle_baseline__mean,s2__composite__mndwi__post_winter_baseline__mean,0.910502201678103,0.9001465764955155,0.9055855764050352,0.005438999909519682
Kharkiv,s2__composite__mndwi__min,s2__composite__mndwi__prebattle_baseline__min,s2__composite__mndwi__post_winter_baseline__min,0.8584090355384356,0.8860980479982269,0.8455767442150496,-0.04052130378317731
Kharkiv,s2__composite__mndwi__p10,s2__composite__mndwi__prebattle_baseline__p10,s2__composite__mndwi__post_winter_baseline__p10,0.8780133392085285,0.888820210932944,0.8675391323902031,-0.021281078542740972
Kharkiv,s2__composite__mndwi__p50,s2__composite__mndwi__prebattle_baseline__p50,s2__composite__mndwi__post_winter_baseline__p50,0.8971506049574285,0.8966774235255934,0.8892107818331251,-0.0074666416924683565
Kharkiv,s2__composite__mndwi__p90,s2__composite__mndwi__prebattle_baseline__p90,s2__composite__mndwi__post_winter_baseline__p90,0.9006792398581698,0.8485600597916396,0.8998323645814886,0.05127230478984901
Kharkiv,s2__composite__mndwi__std,s2__composite__mndwi__prebattle_baseline__std,s2__composite__mndwi__post_winter_baseline__std,0.787200785134495,0.6862458210526593,0.7992523802229151,0.11300655917025582
Kharkiv,s2__composite__ndbi__max,s2__composite__ndbi__prebattle_baseline__max,s2__composite__ndbi__post_winter_baseline__max,0.7013824184310132,0.6347989066126931,0.6972610785954902,0.06246217198279713
Kharkiv,s2__composite__ndbi__mean,s2__composite__ndbi__prebattle_baseline__mean,s2__composite__ndbi__post_winter_baseline__mean,0.6838661917844505,0.7196332025447051,0.6637617697158851,-0.05587143282882001
Kharkiv,s2__composite__ndbi__min,s2__composite__ndbi__prebattle_baseline__min,s2__composite__ndbi__post_winter_baseline__min,0.65253622288026,0.6893280945293623,0.6362282561281607,-0.05309983840120158
Kharkiv,s2__composite__ndbi__p10,s2__composite__ndbi__prebattle_baseline__p10,s2__composite__ndbi__post_winter_baseline__p10,0.6535959599066453,0.7171107802181825,0.6305377776188011,-0.08657300259938139
Kharkiv,s2__composite__ndbi__p50,s2__composite__ndbi__prebattle_baseline__p50,s2__composite__ndbi__post_winter_baseline__p50,0.6717519111995496,0.7194127834931857,0.6496787959458371,-0.06973398754734861
Kharkiv,s2__composite__ndbi__p90,s2__composite__ndbi__prebattle_baseline__p90,s2__composite__ndbi__post_winter_baseline__p90,0.7065672867675329,0.6577790619167159,0.6988869493815106,0.04110788746479477
Kharkiv,s2__composite__ndbi__std,s2__composite__ndbi__prebattle_baseline__std,s2__composite__ndbi__post_winter_baseline__std,0.7128158218442396,0.6421442386597814,0.7235040941557146,0.08135985549593316
Kharkiv,s2__composite__ndre__max,s2__composite__ndre__prebattle_baseline__max,s2__composite__ndre__post_winter_baseline__max,0.7873044102391333,0.894803988569408,0.7498736211527322,-0.14493036741667586
Kharkiv,s2__composite__ndre__mean,s2__composite__ndre__prebattle_baseline__mean,s2__composite__ndre__post_winter_baseline__mean,0.8291651533170307,0.9156248433307033,0.7915228673117481,-0.12410197601895512
Kharkiv,s2__composite__ndre__min,s2__composite__ndre__prebattle_baseline__min,s2__composite__ndre__post_winter_baseline__min,0.8486039437400341,0.906121866055008,0.8149872577737972,-0.09113460828121078
Kharkiv,s2__composite__ndre__p10,s2__composite__ndre__prebattle_baseline__p10,s2__composite__ndre__post_winter_baseline__p10,0.8457683355827808,0.9104933466672644,0.8108434583352279,-0.09964988833203658
Kharkiv,s2__composite__ndre__p50,s2__composite__ndre__prebattle_baseline__p50,s2__composite__ndre__post_winter_baseline__p50,0.8280751629297661,0.9113977407957611,0.7904911378810185,-0.12090660291474253
Kharkiv,s2__composite__ndre__p90,s2__composite__ndre__prebattle_baseline__p90,s2__composite__ndre__post_winter_baseline__p90,0.8022303339163723,0.901607064169105,0.7651979798329219,-0.13640908433618304
Kharkiv,s2__composite__ndre__std,s2__composite__ndre__prebattle_baseline__std,s2__composite__ndre__post_winter_baseline__std,0.6767753487209976,0.7387442180783833,0.6621571361294044,-0.0765870819489789
Kharkiv,s2__composite__ndvi__max,s2__composite__ndvi__prebattle_baseline__max,s2__composite__ndvi__post_winter_baseline__max,0.831162082247828,0.9168208072657612,0.7983847814975371,-0.1184360257682241
Kharkiv,s2__composite__ndvi__mean,s2__composite__ndvi__prebattle_baseline__mean,s2__composite__ndvi__post_winter_baseline__mean,0.9040357436857469,0.9372082652783896,0.8786448840691113,-0.05856338120927829
Kharkiv,s2__composite__ndvi__min,s2__composite__ndvi__prebattle_baseline__min,s2__composite__ndvi__post_winter_baseline__min,0.9128502144500703,0.8915498530027167,0.894168754949652,0.0026189019469352592
Kharkiv,s2__composite__ndvi__p10,s2__composite__ndvi__prebattle_baseline__p10,s2__composite__ndvi__post_winter_baseline__p10,0.9190880419529734,0.9141095472023465,0.8993653922644702,-0.014744154937876286
Kharkiv,s2__composite__ndvi__p50,s2__composite__ndvi__prebattle_baseline__p50,s2__composite__ndvi__post_winter_baseline__p50,0.896875249803679,0.9242869937911248,0.872872064730678,-0.05141492906044676
Kharkiv,s2__composite__ndvi__p90,s2__composite__ndvi__prebattle_baseline__p90,s2__composite__ndvi__post_winter_baseline__p90,0.8609052763961698,0.9245737935474676,0.8309351349865144,-0.09363865856095321
Kharkiv,s2__composite__ndvi__std,s2__composite__ndvi__prebattle_baseline__std,s2__composite__ndvi__post_winter_baseline__std,0.7758486949998503,0.8359187615275616,0.7635981302747058,-0.07232063125285582
Kharkiv,s2__composite__ndwi__max,s2__composite__ndwi__prebattle_baseline__max,s2__composite__ndwi__post_winter_baseline__max,0.9046949706369924,0.8816135969339434,0.8859099739793399,0.004296377045396538
Kharkiv,s2__composite__ndwi__mean,s2__composite__ndwi__prebattle_baseline__mean,s2__composite__ndwi__post_winter_baseline__mean,0.8974888133582223,0.929521245016267,0.8697186047375087,-0.05980264027875826
Kharkiv,s2__composite__ndwi__min,s2__composite__ndwi__prebattle_baseline__min,s2__composite__ndwi__post_winter_baseline__min,0.8292265356140717,0.919977940963051,0.7966147290863193,-0.12336321187673172
Kharkiv,s2__composite__ndwi__p10,s2__composite__ndwi__prebattle_baseline__p10,s2__composite__ndwi__post_winter_baseline__p10,0.8531535035965383,0.92682191549489,0.8203115589666429,-0.10651035652824714
Kharkiv,s2__composite__ndwi__p50,s2__composite__ndwi__prebattle_baseline__p50,s2__composite__ndwi__post_winter_baseline__p50,0.8913810805697098,0.9131286604969124,0.8639818483505083,-0.04914681214640415
Kharkiv,s2__composite__ndwi__p90,s2__composite__ndwi__prebattle_baseline__p90,s2__composite__ndwi__post_winter_baseline__p90,0.9127242198329534,0.8987874281196675,0.8930460266434463,-0.005741401476221153
Kharkiv,s2__composite__ndwi__std,s2__composite__ndwi__prebattle_baseline__std,s2__composite__ndwi__post_winter_baseline__std,0.7948262996161934,0.8225678988239578,0.7868824821266415,-0.035685416697316286
Kherson,s2__composite__b02__max,s2__composite__b02__prebattle_baseline__max,s2__composite__b02__post_winter_baseline__max,0.7565262038465219,0.7675385527936176,0.7595504079606563,-0.007988144832961286
Kherson,s2__composite__b02__mean,s2__composite__b02__prebattle_baseline__mean,s2__composite__b02__post_winter_baseline__mean,0.8407570166137126,0.9340659340659341,0.8342443296254078,-0.09982160444052623
Kherson,s2__composite__b02__min,s2__composite__b02__prebattle_baseline__min,s2__composite__b02__post_winter_baseline__min,0.7738732433010199,0.7362637362637362,0.7783152569178466,0.04205152065411044
Kherson,s2__composite__b02__p10,s2__composite__b02__prebattle_baseline__p10,s2__composite__b02__post_winter_baseline__p10,0.764684125103497,0.8901098901098902,0.7558932746726897,-0.13421661543720043
Kherson,s2__composite__b02__p50,s2__composite__b02__prebattle_baseline__p50,s2__composite__b02__post_winter_baseline__p50,0.841295338688253,0.9340659340659341,0.8372586098226045,-0.0968073242433296
Kherson,s2__composite__b02__p90,s2__composite__b02__prebattle_baseline__p90,s2__composite__b02__post_winter_baseline__p90,0.7840260525434977,0.8791208791208791,0.7775776117136888,-0.10154326740719033
Kherson,s2__composite__b02__std,s2__composite__b02__prebattle_baseline__std,s2__composite__b02__post_winter_baseline__std,0.6815530888051117,0.6208791208791209,0.6832289803220036,0.06234985944288274
Kherson,s2__composite__b03__max,s2__composite__b03__prebattle_baseline__max,s2__composite__b03__post_winter_baseline__max,0.7528705401598762,0.8241758241758241,0.748163511748621,-0.07601231242720319
Kherson,s2__composite__b03__mean,s2__composite__b03__prebattle_baseline__mean,s2__composite__b03__post_winter_baseline__mean,0.8314369867777059,0.9120879120879121,0.8261299172559082,-0.08595799483200384
Kherson,s2__composite__b03__min,s2__composite__b03__prebattle_baseline__min,s2__composite__b03__post_winter_baseline__min,0.7665725348358089,0.8076923076923077,0.7642362669291058,-0.043456040763201864
Kherson,s2__composite__b03__p10,s2__composite__b03__prebattle_baseline__p10,s2__composite__b03__post_winter_baseline__p10,0.8018717969982313,0.8901098901098902,0.7964014780972419,-0.09370841201264823
Kherson,s2__composite__b03__p50,s2__composite__b03__prebattle_baseline__p50,s2__composite__b03__post_winter_baseline__p50,0.7929512233614038,0.9230769230769231,0.7929925044859457,-0.1300844185909774
Kherson,s2__composite__b03__p90,s2__composite__b03__prebattle_baseline__p90,s2__composite__b03__post_winter_baseline__p90,0.7634543126534767,0.7967032967032966,0.757760832744646,-0.03894246395865064
Kherson,s2__composite__b03__std,s2__composite__b03__prebattle_baseline__std,s2__composite__b03__post_winter_baseline__std,0.6929657097472501,0.7637362637362637,0.6952034883720931,-0.06853277536417057
Kherson,s2__composite__b04__max,s2__composite__b04__prebattle_baseline__max,s2__composite__b04__post_winter_baseline__max,0.795188916407661,0.9491068125942583,0.7893979166780741,-0.1597088959161842
Kherson,s2__composite__b04__mean,s2__composite__b04__prebattle_baseline__mean,s2__composite__b04__post_winter_baseline__mean,0.8223357806494389,0.8736263736263737,0.8157374318158339,-0.05788894181053983
Kherson,s2__composite__b04__min,s2__composite__b04__prebattle_baseline__min,s2__composite__b04__post_winter_baseline__min,0.763062043811111,0.8390654430181124,0.7579904850147033,-0.08107495800340903
Kherson,s2__composite__b04__p10,s2__composite__b04__prebattle_baseline__p10,s2__composite__b04__post_winter_baseline__p10,0.7857968375251464,0.901098901098901,0.7825949628038843,-0.11850393829501671
Kherson,s2__composite__b04__p50,s2__composite__b04__prebattle_baseline__p50,s2__composite__b04__post_winter_baseline__p50,0.7690553780076615,0.8186813186813187,0.7685854888468717,-0.05009582983444694
Kherson,s2__composite__b04__p90,s2__composite__b04__prebattle_baseline__p90,s2__composite__b04__post_winter_baseline__p90,0.7851700269704456,0.8846153846153846,0.7767097078064432,-0.10790567680894136
Kherson,s2__composite__b04__std,s2__composite__b04__prebattle_baseline__std,s2__composite__b04__post_winter_baseline__std,0.7351375025933012,0.7417582417582418,0.7381820214669053,-0.0035762202913365293
Kherson,s2__composite__b05__max,s2__composite__b05__prebattle_baseline__max,s2__composite__b05__post_winter_baseline__max,0.7828990728025917,0.8846153846153846,0.7786431946608604,-0.10597218995452418
Kherson,s2__composite__b05__mean,s2__composite__b05__prebattle_baseline__mean,s2__composite__b05__post_winter_baseline__mean,0.8111950979796351,0.8131868131868131,0.8110632826475851,-0.00212353053922798
Kherson,s2__composite__b05__min,s2__composite__b05__prebattle_baseline__min,s2__composite__b05__post_winter_baseline__min,0.7828864992077695,0.8186813186813187,0.7817681990283226,-0.03691311965299604
Kherson,s2__composite__b05__p10,s2__composite__b05__prebattle_baseline__p10,s2__composite__b05__post_winter_baseline__p10,0.7832440259770198,0.8461538461538461,0.7772081842576031,-0.06894566189624307
Kherson,s2__composite__b05__p50,s2__composite__b05__prebattle_baseline__p50,s2__composite__b05__post_winter_baseline__p50,0.7997028443537285,0.7582417582417583,0.8000391323792487,0.041797374137490406
Kherson,s2__composite__b05__p90,s2__composite__b05__prebattle_baseline__p90,s2__composite__b05__post_winter_baseline__p90,0.7780259895932656,0.8296703296703297,0.77262969588551,-0.057040633784819716
Kherson,s2__composite__b05__std,s2__composite__b05__prebattle_baseline__std,s2__composite__b05__post_winter_baseline__std,0.6754716664815557,0.8186813186813187,0.6592016994633274,-0.15947961921799125
Kherson,s2__composite__b07__max,s2__composite__b07__prebattle_baseline__max,s2__composite__b07__post_winter_baseline__max,0.6480269913451665,0.5934065934065934,0.6407153408930409,0.04730874748644753
Kherson,s2__composite__b07__mean,s2__composite__b07__prebattle_baseline__mean,s2__composite__b07__post_winter_baseline__mean,0.7416451081909515,0.5714285714285714,0.7523825363135372,0.18095396488496585
Kherson,s2__composite__b07__min,s2__composite__b07__prebattle_baseline__min,s2__composite__b07__post_winter_baseline__min,0.7966042733751452,0.7620364843148103,0.8003840568881601,0.03834757257334975
Kherson,s2__composite__b07__p10,s2__composite__b07__prebattle_baseline__p10,s2__composite__b07__post_winter_baseline__p10,0.7705698556762387,0.7527472527472527,0.7754751788908767,0.022727926143623955
Kherson,s2__composite__b07__p50,s2__composite__b07__prebattle_baseline__p50,s2__composite__b07__post_winter_baseline__p50,0.7260092688548054,0.510989010989011,0.7445665162400339,0.23357750525102294
Kherson,s2__composite__b07__p90,s2__composite__b07__prebattle_baseline__p90,s2__composite__b07__post_winter_baseline__p90,0.6551024642124433,0.45604395604395603,0.6572171288014312,0.2011731727574752
Kherson,s2__composite__b07__std,s2__composite__b07__prebattle_baseline__std,s2__composite__b07__post_winter_baseline__std,0.5966017800000419,0.08241758241758242,0.599284436493739,0.5168668540761565
Kherson,s2__composite__b08__max,s2__composite__b08__prebattle_baseline__max,s2__composite__b08__post_winter_baseline__max,0.53753718511457,0.576923076923077,0.526146380602005,-0.05077669632107196
Kherson,s2__composite__b08__mean,s2__composite__b08__prebattle_baseline__mean,s2__composite__b08__post_winter_baseline__mean,0.7330546879178859,0.6373626373626374,0.7351243925728022,0.09776175521016472
Kherson,s2__composite__b08__min,s2__composite__b08__prebattle_baseline__min,s2__composite__b08__post_winter_baseline__min,0.8159769811503143,0.9230769230769231,0.802153215719857,-0.12092370735706615
Kherson,s2__composite__b08__p10,s2__composite__b08__prebattle_baseline__p10,s2__composite__b08__post_winter_baseline__p10,0.8182531641100511,0.7692307692307693,0.814813365462516,0.045582596231746764
Kherson,s2__composite__b08__p50,s2__composite__b08__prebattle_baseline__p50,s2__composite__b08__post_winter_baseline__p50,0.7145437799413253,0.6043956043956044,0.7086708046621194,0.10427520026651504
Kherson,s2__composite__b08__p90,s2__composite__b08__prebattle_baseline__p90,s2__composite__b08__post_winter_baseline__p90,0.5322955151765613,0.4450549450549451,0.5274893293513117,0.08243438429636657
Kherson,s2__composite__b08__std,s2__composite__b08__prebattle_baseline__std,s2__composite__b08__post_winter_baseline__std,0.5667395235869914,0.7857142857142857,0.5538237924865833,-0.2318904932277024
Kherson,s2__composite__b11__max,s2__composite__b11__prebattle_baseline__max,s2__composite__b11__post_winter_baseline__max,0.8270994498009006,0.7307692307692307,0.8354634887411571,0.10469425797192633
Kherson,s2__composite__b11__mean,s2__composite__b11__prebattle_baseline__mean,s2__composite__b11__post_winter_baseline__mean,0.8601449525927809,0.6098901098901099,0.8792694533626844,0.2693793434725744
Kherson,s2__composite__b11__min,s2__composite__b11__prebattle_baseline__min,s2__composite__b11__post_winter_baseline__min,0.8693431743054506,0.6382399435416463,0.8959470035778176,0.2577070600361714
Kherson,s2__composite__b11__p10,s2__composite__b11__prebattle_baseline__p10,s2__composite__b11__post_winter_baseline__p10,0.8691497420846135,0.6153846153846153,0.8893112701252237,0.2739266547406084
Kherson,s2__composite__b11__p50,s2__composite__b11__prebattle_baseline__p50,s2__composite__b11__post_winter_baseline__p50,0.8587459921643367,0.6483516483516483,0.8746698196305962,0.22631817127894793
Kherson,s2__composite__b11__p90,s2__composite__b11__prebattle_baseline__p90,s2__composite__b11__post_winter_baseline__p90,0.8319214234152146,0.6648351648351648,0.8449463327370306,0.18011116790186577
Kherson,s2__composite__b11__std,s2__composite__b11__prebattle_baseline__std,s2__composite__b11__post_winter_baseline__std,0.743817465124028,0.7692307692307693,0.7325190071556352,-0.03671176207513405
Kherson,s2__composite__b12__max,s2__composite__b12__prebattle_baseline__max,s2__composite__b12__post_winter_baseline__max,0.8330946091688188,0.6153846153846153,0.8488631297444207,0.23347851435980538
Kherson,s2__composite__b12__mean,s2__composite__b12__prebattle_baseline__mean,s2__composite__b12__post_winter_baseline__mean,0.8415896360157674,0.4340659340659341,0.8625726744186047,0.42850674035267067
Kherson,s2__composite__b12__min,s2__composite__b12__prebattle_baseline__min,s2__composite__b12__post_winter_baseline__min,0.8313163128309417,0.49793719733206016,0.8519957513416817,0.35405855400962155
Kherson,s2__composite__b12__p10,s2__composite__b12__prebattle_baseline__p10,s2__composite__b12__post_winter_baseline__p10,0.8298467802695514,0.5494505494505494,0.8459693649373883,0.2965188154868389
Kherson,s2__composite__b12__p50,s2__composite__b12__prebattle_baseline__p50,s2__composite__b12__post_winter_baseline__p50,0.8447231131489512,0.48901098901098894,0.8610672812330656,0.3720562922220767
Kherson,s2__composite__b12__p90,s2__composite__b12__prebattle_baseline__p90,s2__composite__b12__post_winter_baseline__p90,0.8362907476159293,0.510989010989011,0.8530227708846253,0.34203375989561435
Kherson,s2__composite__b12__std,s2__composite__b12__prebattle_baseline__std,s2__composite__b12__post_winter_baseline__std,0.7428870200821056,0.8681318681318682,0.736532871198569,-0.13159899693329913
Kherson,s2__composite__b8a__max,s2__composite__b8a__prebattle_baseline__max,s2__composite__b8a__post_winter_baseline__max,0.6705372382731335,0.6098901098901099,0.6684518510346575,0.0585617411445476
Kherson,s2__composite__b8a__mean,s2__composite__b8a__prebattle_baseline__mean,s2__composite__b8a__post_winter_baseline__mean,0.7800587186262943,0.5824175824175823,0.7895292933810376,0.20711171096345526
Kherson,s2__composite__b8a__min,s2__composite__b8a__prebattle_baseline__min,s2__composite__b8a__post_winter_baseline__min,0.7982665058669554,0.6519951147386644,0.809793212171356,0.15779809743269158
Kherson,s2__composite__b8a__p10,s2__composite__b8a__prebattle_baseline__p10,s2__composite__b8a__post_winter_baseline__p10,0.7949320030474375,0.6923076923076923,0.8039915026833633,0.11168381037567099
Kherson,s2__composite__b8a__p50,s2__composite__b8a__prebattle_baseline__p50,s2__composite__b8a__post_winter_baseline__p50,0.7731650148110715,0.576923076923077,0.7855780209897278,0.20865494406665086
Kherson,s2__composite__b8a__p90,s2__composite__b8a__prebattle_baseline__p90,s2__composite__b8a__post_winter_baseline__p90,0.7020731740539953,0.6208791208791209,0.7029908318425762,0.08211171096345526
Kherson,s2__composite__b8a__std,s2__composite__b8a__prebattle_baseline__std,s2__composite__b8a__post_winter_baseline__std,0.5821086315542415,0.5,0.5716569767441861,0.07165697674418614
Kherson,s2__composite__cire__max,s2__composite__cire__prebattle_baseline__max,s2__composite__cire__post_winter_baseline__max,0.6609910916174028,0.7802197802197801,0.6361471377459751,-0.14407264247380502
Kherson,s2__composite__cire__mean,s2__composite__cire__prebattle_baseline__mean,s2__composite__cire__post_winter_baseline__mean,0.764459094995505,0.7967032967032966,0.7494409660107336,-0.047262330692563026
Kherson,s2__composite__cire__min,s2__composite__cire__prebattle_baseline__min,s2__composite__cire__post_winter_baseline__min,0.8078281187786837,0.9436047441154511,0.7944487924865834,-0.14915595162886774
Kherson,s2__composite__cire__p10,s2__composite__cire__prebattle_baseline__p10,s2__composite__cire__post_winter_baseline__p10,0.7975033031885778,0.9270985386790292,0.7854092128801432,-0.14168932579888605
Kherson,s2__composite__cire__p50,s2__composite__cire__prebattle_baseline__p50,s2__composite__cire__post_winter_baseline__p50,0.7533553161686944,0.8351648351648352,0.7439215450610256,-0.0912432901038096
Kherson,s2__composite__cire__p90,s2__composite__cire__prebattle_baseline__p90,s2__composite__cire__post_winter_baseline__p90,0.6616868298019033,0.8186813186813187,0.6422517889087658,-0.17642952977255288
Kherson,s2__composite__cire__std,s2__composite__cire__prebattle_baseline__std,s2__composite__cire__post_winter_baseline__std,0.41576433755037295,0.2967032967032967,0.4082010286225403,0.11149773191924361
Kherson,s2__composite__mndwi__max,s2__composite__mndwi__prebattle_baseline__max,s2__composite__mndwi__post_winter_baseline__max,0.8145051693412841,0.8638247511727453,0.8117771855122888,-0.05204756566045643
Kherson,s2__composite__mndwi__mean,s2__composite__mndwi__prebattle_baseline__mean,s2__composite__mndwi__post_winter_baseline__mean,0.8587232366075639,0.8131868131868131,0.8608396690518785,0.0476528558650654
Kherson,s2__composite__mndwi__min,s2__composite__mndwi__prebattle_baseline__min,s2__composite__mndwi__post_winter_baseline__min,0.7650969581334927,0.8241758241758241,0.7650268336314849,-0.0591489905443392
Kherson,s2__composite__mndwi__p10,s2__composite__mndwi__prebattle_baseline__p10,s2__composite__mndwi__post_winter_baseline__p10,0.8003566705994036,0.9175824175824175,0.8019342576028624,-0.11564815997955513
Kherson,s2__composite__mndwi__p50,s2__composite__mndwi__prebattle_baseline__p50,s2__composite__mndwi__post_winter_baseline__p50,0.7967396702787773,0.7747252747252747,0.8019398479427551,0.02721457321748033
Kherson,s2__composite__mndwi__p90,s2__composite__mndwi__prebattle_baseline__p90,s2__composite__mndwi__post_winter_baseline__p90,0.7980054108313024,0.7857142857142857,0.800553443649374,0.014839157935088276
Kherson,s2__composite__mndwi__std,s2__composite__mndwi__prebattle_baseline__std,s2__composite__mndwi__post_winter_baseline__std,0.6985567623865497,0.7692307692307693,0.7000503130590341,-0.06918045617173518
Kherson,s2__composite__ndbi__max,s2__composite__ndbi__prebattle_baseline__max,s2__composite__ndbi__post_winter_baseline__max,0.6845651788964351,0.8406593406593407,0.636381932021467,-0.2042774086378737
Kherson,s2__composite__ndbi__mean,s2__composite__ndbi__prebattle_baseline__mean,s2__composite__ndbi__post_winter_baseline__mean,0.6347667914943912,0.7032967032967032,0.5955948121645797,-0.10770189113212358
Kherson,s2__composite__ndbi__min,s2__composite__ndbi__prebattle_baseline__min,s2__composite__ndbi__post_winter_baseline__min,0.40345355099734437,0.4896840946138492,0.39033989266547414,-0.09934420194837507
Kherson,s2__composite__ndbi__p10,s2__composite__ndbi__prebattle_baseline__p10,s2__composite__ndbi__post_winter_baseline__p10,0.39500954544406747,0.2912087912087912,0.3840898926654741,0.09288110145668294
Kherson,s2__composite__ndbi__p50,s2__composite__ndbi__prebattle_baseline__p50,s2__composite__ndbi__post_winter_baseline__p50,0.5861139314386048,0.7252747252747254,0.5447262756130595,-0.18054844966166583
Kherson,s2__composite__ndbi__p90,s2__composite__ndbi__prebattle_baseline__p90,s2__composite__ndbi__post_winter_baseline__p90,0.67225282957977,0.7527472527472527,0.6319152504472273,-0.12083200230002544
Kherson,s2__composite__ndbi__std,s2__composite__ndbi__prebattle_baseline__std,s2__composite__ndbi__post_winter_baseline__std,0.49123935698703464,0.48901098901098894,0.4795002236135958,-0.00951076539739315
Kherson,s2__composite__ndre__max,s2__composite__ndre__prebattle_baseline__max,s2__composite__ndre__post_winter_baseline__max,0.7110242136006192,0.8076923076923077,0.6985856440071557,-0.10910666368515198
Kherson,s2__composite__ndre__mean,s2__composite__ndre__prebattle_baseline__mean,s2__composite__ndre__post_winter_baseline__mean,0.8178632874467459,0.8406593406593407,0.8099116726296961,-0.03074766802964457
Kherson,s2__composite__ndre__min,s2__composite__ndre__prebattle_baseline__min,s2__composite__ndre__post_winter_baseline__min,0.8591866736143592,0.9449035812672176,0.8472383720930233,-0.0976652091741943
Kherson,s2__composite__ndre__p10,s2__composite__ndre__prebattle_baseline__p10,s2__composite__ndre__post_winter_baseline__p10,0.8519427775704319,0.9491068125942584,0.8414244186046513,-0.1076823939896071
Kherson,s2__composite__ndre__p50,s2__composite__ndre__prebattle_baseline__p50,s2__composite__ndre__post_winter_baseline__p50,0.7882847625847677,0.8681318681318682,0.7754231543824021,-0.0927087137494661
Kherson,s2__composite__ndre__p90,s2__composite__ndre__prebattle_baseline__p90,s2__composite__ndre__post_winter_baseline__p90,0.7224130379659298,0.8241758241758241,0.7091681574239715,-0.11500766675185259
Kherson,s2__composite__ndre__std,s2__composite__ndre__prebattle_baseline__std,s2__composite__ndre__post_winter_baseline__std,0.5248024375983621,0.6538461538461539,0.5275100626118069,-0.12633609123434697
Kherson,s2__composite__ndvi__max,s2__composite__ndvi__prebattle_baseline__max,s2__composite__ndvi__post_winter_baseline__max,0.7490823895282832,0.6813186813186813,0.7517256704581226,0.07040698913944121
Kherson,s2__composite__ndvi__mean,s2__composite__ndvi__prebattle_baseline__mean,s2__composite__ndvi__post_winter_baseline__mean,0.8505126877916811,0.8736263736263737,0.836918604651163,-0.036707768975210775
Kherson,s2__composite__ndvi__min,s2__composite__ndvi__prebattle_baseline__min,s2__composite__ndvi__post_winter_baseline__min,0.8418338265076413,0.7465564738292011,0.8390652951699464,0.09250882134074534
Kherson,s2__composite__ndvi__p10,s2__composite__ndvi__prebattle_baseline__p10,s2__composite__ndvi__post_winter_baseline__p10,0.8675340351499606,0.9395604395604396,0.8589669051878355,-0.08059353437260408
Kherson,s2__composite__ndvi__p50,s2__composite__ndvi__prebattle_baseline__p50,s2__composite__ndvi__post_winter_baseline__p50,0.8264091317732312,0.9065934065934067,0.8104874776386406,-0.0961059289547661
Kherson,s2__composite__ndvi__p90,s2__composite__ndvi__prebattle_baseline__p90,s2__composite__ndvi__post_winter_baseline__p90,0.761064227950653,0.8186813186813187,0.7597383720930233,-0.05894294658829535
Kherson,s2__composite__ndvi__std,s2__composite__ndvi__prebattle_baseline__std,s2__composite__ndvi__post_winter_baseline__std,0.6629483791605458,0.6813186813186813,0.6648647137745977,-0.01645396754408368
Kherson,s2__composite__ndwi__max,s2__composite__ndwi__prebattle_baseline__max,s2__composite__ndwi__post_winter_baseline__max,0.8452835249764767,0.7840447582300396,0.8444846950041789,0.06043993677413928
Kherson,s2__composite__ndwi__mean,s2__composite__ndwi__prebattle_baseline__mean,s2__composite__ndwi__post_winter_baseline__mean,0.8508521744961661,0.8406593406593407,0.8433642665474061,0.002704925888065479
Kherson,s2__composite__ndwi__min,s2__composite__ndwi__prebattle_baseline__min,s2__composite__ndwi__post_winter_baseline__min,0.6925549727467618,0.4450549450549451,0.70700469588551,0.2619497508305649
Kherson,s2__composite__ndwi__p10,s2__composite__ndwi__prebattle_baseline__p10,s2__composite__ndwi__post_winter_baseline__p10,0.7222663461800412,0.6043956043956044,0.7233843917710198,0.1189887873754154
Kherson,s2__composite__ndwi__p50,s2__composite__ndwi__prebattle_baseline__p50,s2__composite__ndwi__post_winter_baseline__p50,0.8546116754087987,0.8901098901098902,0.8504584078711988,-0.039651482238691416
Kherson,s2__composite__ndwi__p90,s2__composite__ndwi__prebattle_baseline__p90,s2__composite__ndwi__post_winter_baseline__p90,0.8699607389506453,0.9175824175824175,0.8677772808586763,-0.049805136723741206
Kherson,s2__composite__ndwi__std,s2__composite__ndwi__prebattle_baseline__std,s2__composite__ndwi__post_winter_baseline__std,0.5720455750422787,0.5879120879120878,0.577560375670841,-0.010351712241246869
Kramatorsk,s2__composite__b02__max,s2__composite__b02__prebattle_baseline__max,s2__composite__b02__post_winter_baseline__max,0.6190448019816188,0.6546153846153845,0.5976009339195749,-0.05701445069580957
Kramatorsk,s2__composite__b02__mean,s2__composite__b02__prebattle_baseline__mean,s2__composite__b02__post_winter_baseline__mean,0.6713252466639917,0.5961538461538461,0.659585575714608,0.06343172956076182
Kramatorsk,s2__composite__b02__min,s2__composite__b02__prebattle_baseline__min,s2__composite__b02__post_winter_baseline__min,0.6474985351840379,0.8015384615384615,0.5991738799835398,-0.20236458155492176
Kramatorsk,s2__composite__b02__p10,s2__composite__b02__prebattle_baseline__p10,s2__composite__b02__post_winter_baseline__p10,0.6570055217813922,0.7876923076923077,0.6218130608320096,-0.1658792468602981
Kramatorsk,s2__composite__b02__p50,s2__composite__b02__prebattle_baseline__p50,s2__composite__b02__post_winter_baseline__p50,0.6307576839507222,0.6253846153846154,0.6100294305714464,-0.015355184813168998
Kramatorsk,s2__composite__b02__p90,s2__composite__b02__prebattle_baseline__p90,s2__composite__b02__post_winter_baseline__p90,0.6858092327952509,0.6784615384615386,0.6739292965099416,-0.00453224195159696
Kramatorsk,s2__composite__b02__std,s2__composite__b02__prebattle_baseline__std,s2__composite__b02__post_winter_baseline__std,0.5057440044445817,0.5646153846153846,0.4766652702136573,-0.08795011440172734
Kramatorsk,s2__composite__b03__max,s2__composite__b03__prebattle_baseline__max,s2__composite__b03__post_winter_baseline__max,0.6340392411956483,0.6407692307692306,0.62039689728639,-0.02037233348284062
Kramatorsk,s2__composite__b03__mean,s2__composite__b03__prebattle_baseline__mean,s2__composite__b03__post_winter_baseline__mean,0.6774406617488195,0.5938461538461539,0.6682543263188424,0.0744081724726885
Kramatorsk,s2__composite__b03__min,s2__composite__b03__prebattle_baseline__min,s2__composite__b03__post_winter_baseline__min,0.6329398159800211,0.8192307692307693,0.5782877049717795,-0.24094306425898981
Kramatorsk,s2__composite__b03__p10,s2__composite__b03__prebattle_baseline__p10,s2__composite__b03__post_winter_baseline__p10,0.6750969810243659,0.8176923076923077,0.6379646772021385,-0.17972763049016927
Kramatorsk,s2__composite__b03__p50,s2__composite__b03__prebattle_baseline__p50,s2__composite__b03__post_winter_baseline__p50,0.6440954708741025,0.6153846153846153,0.6388870985820795,0.023502483197464175
Kramatorsk,s2__composite__b03__p90,s2__composite__b03__prebattle_baseline__p90,s2__composite__b03__post_winter_baseline__p90,0.6858819571406083,0.6523076923076921,0.6770997987493133,0.02479210644162111
Kramatorsk,s2__composite__b03__std,s2__composite__b03__prebattle_baseline__std,s2__composite__b03__post_winter_baseline__std,0.5516507711143348,0.7023076923076923,0.5180368019077697,-0.18427089039992262
Kramatorsk,s2__composite__b04__max,s2__composite__b04__prebattle_baseline__max,s2__composite__b04__post_winter_baseline__max,0.6432889627880961,0.6038461538461538,0.633485198214987,0.029639044368833245
Kramatorsk,s2__composite__b04__mean,s2__composite__b04__prebattle_baseline__mean,s2__composite__b04__post_winter_baseline__mean,0.6776718187517797,0.7074437522670748,0.6709473356865764,-0.0364964165804984
Kramatorsk,s2__composite__b04__min,s2__composite__b04__prebattle_baseline__min,s2__composite__b04__post_winter_baseline__min,0.6684595990946298,0.8953846153846154,0.6027016727797401,-0.2926829426048754
Kramatorsk,s2__composite__b04__p10,s2__composite__b04__prebattle_baseline__p10,s2__composite__b04__post_winter_baseline__p10,0.6746600587776537,0.8823076923076922,0.6258859091603246,-0.25642178314736763
Kramatorsk,s2__composite__b04__p50,s2__composite__b04__prebattle_baseline__p50,s2__composite__b04__post_winter_baseline__p50,0.6342546842323171,0.5907692307692308,0.6333997731477277,0.04263054237849684
Kramatorsk,s2__composite__b04__p90,s2__composite__b04__prebattle_baseline__p90,s2__composite__b04__post_winter_baseline__p90,0.6869334310048503,0.6900000000000001,0.6864581973812486,-0.0035418026187514773
Kramatorsk,s2__composite__b04__std,s2__composite__b04__prebattle_baseline__std,s2__composite__b04__post_winter_baseline__std,0.5366050392501825,0.6976923076923077,0.5082208114466178,-0.18947149624568993
Kramatorsk,s2__composite__b05__max,s2__composite__b05__prebattle_baseline__max,s2__composite__b05__post_winter_baseline__max,0.6429923984241096,0.5653846153846154,0.6540738729610199,0.08868925757640456
Kramatorsk,s2__composite__b05__mean,s2__composite__b05__prebattle_baseline__mean,s2__composite__b05__post_winter_baseline__mean,0.6583618835972302,0.7007692307692307,0.6596564725596984,-0.04111275820953231
Kramatorsk,s2__composite__b05__min,s2__composite__b05__prebattle_baseline__min,s2__composite__b05__post_winter_baseline__min,0.6419395660359888,0.7076923076923076,0.6344365312107247,-0.07325577648158288
Kramatorsk,s2__composite__b05__p10,s2__composite__b05__prebattle_baseline__p10,s2__composite__b05__post_winter_baseline__p10,0.6567095692253876,0.7115384615384615,0.6474944410428282,-0.06404402049563329
Kramatorsk,s2__composite__b05__p50,s2__composite__b05__prebattle_baseline__p50,s2__composite__b05__post_winter_baseline__p50,0.645444121446283,0.7007692307692307,0.6440043827140601,-0.05676484805517057
Kramatorsk,s2__composite__b05__p90,s2__composite__b05__prebattle_baseline__p90,s2__composite__b05__post_winter_baseline__p90,0.6381164027696328,0.5707692307692307,0.6467339112500403,0.07596468048080962
Kramatorsk,s2__composite__b05__std,s2__composite__b05__prebattle_baseline__std,s2__composite__b05__post_winter_baseline__std,0.5288928670637982,0.46615384615384614,0.5087203119461184,0.0425664657922723
Kramatorsk,s2__composite__b07__max,s2__composite__b07__prebattle_baseline__max,s2__composite__b07__post_winter_baseline__max,0.6530828931185362,0.6915384615384614,0.6550862928785617,-0.03645216865989975
Kramatorsk,s2__composite__b07__mean,s2__composite__b07__prebattle_baseline__mean,s2__composite__b07__post_winter_baseline__mean,0.6586129201518566,0.6369230769230769,0.6666752602236473,0.02975218330057039
Kramatorsk,s2__composite__b07__min,s2__composite__b07__prebattle_baseline__min,s2__composite__b07__post_winter_baseline__min,0.6393636837370743,0.6476923076923076,0.6496814876105743,0.001989179918266748
Kramatorsk,s2__composite__b07__p10,s2__composite__b07__prebattle_baseline__p10,s2__composite__b07__post_winter_baseline__p10,0.6587158039857197,0.653076923076923,0.6692758854049177,0.01619896232799467
Kramatorsk,s2__composite__b07__p50,s2__composite__b07__prebattle_baseline__p50,s2__composite__b07__post_winter_baseline__p50,0.6522893219845488,0.6569230769230769,0.6638221970146503,0.006899120091573341
Kramatorsk,s2__composite__b07__p90,s2__composite__b07__prebattle_baseline__p90,s2__composite__b07__post_winter_baseline__p90,0.6391802216117781,0.63,0.6474525474525474,0.01745254745254743
Kramatorsk,s2__composite__b07__std,s2__composite__b07__prebattle_baseline__std,s2__composite__b07__post_winter_baseline__std,0.577768861178843,0.5684615384615384,0.5352260642583224,-0.03323547420321593
Kramatorsk,s2__composite__b08__max,s2__composite__b08__prebattle_baseline__max,s2__composite__b08__post_winter_baseline__max,0.628777403290291,0.5992307692307692,0.6304784278976486,0.031247658666879397
Kramatorsk,s2__composite__b08__mean,s2__composite__b08__prebattle_baseline__mean,s2__composite__b08__post_winter_baseline__mean,0.6590844671567212,0.6784615384615386,0.6680566756283595,-0.010404862833179096
Kramatorsk,s2__composite__b08__min,s2__composite__b08__prebattle_baseline__min,s2__composite__b08__post_winter_baseline__min,0.6417282004910985,0.8353846153846154,0.6181271360287329,-0.21725747935588247
Kramatorsk,s2__composite__b08__p10,s2__composite__b08__prebattle_baseline__p10,s2__composite__b08__post_winter_baseline__p10,0.6603266153550164,0.7899999999999999,0.6488215797453833,-0.14117842025461658
Kramatorsk,s2__composite__b08__p50,s2__composite__b08__prebattle_baseline__p50,s2__composite__b08__post_winter_baseline__p50,0.6317222817664759,0.5030769230769231,0.654465856044211,0.15138893296728795
Kramatorsk,s2__composite__b08__p90,s2__composite__b08__prebattle_baseline__p90,s2__composite__b08__post_winter_baseline__p90,0.6784801374941162,0.6484615384615384,0.6852620647597087,0.03680052629817032
Kramatorsk,s2__composite__b08__std,s2__composite__b08__prebattle_baseline__std,s2__composite__b08__post_winter_baseline__std,0.586890541889153,0.71,0.5453997615287939,-0.16460023847120608
Kramatorsk,s2__composite__b11__max,s2__composite__b11__prebattle_baseline__max,s2__composite__b11__post_winter_baseline__max,0.671399844748144,0.5569230769230769,0.675950945750202,0.11902786882712513
Kramatorsk,s2__composite__b11__mean,s2__composite__b11__prebattle_baseline__mean,s2__composite__b11__post_winter_baseline__mean,0.6785950183647643,0.6023076923076923,0.7155554123296058,0.11324772002191352
Kramatorsk,s2__composite__b11__min,s2__composite__b11__prebattle_baseline__min,s2__composite__b11__post_winter_baseline__min,0.6605574151838098,0.6092307692307692,0.7054585824806658,0.0962278132498966
Kramatorsk,s2__composite__b11__p10,s2__composite__b11__prebattle_baseline__p10,s2__composite__b11__post_winter_baseline__p10,0.6685000565861086,0.6361538461538461,0.7093680513035351,0.07321420514968902
Kramatorsk,s2__composite__b11__p50,s2__composite__b11__prebattle_baseline__p50,s2__composite__b11__post_winter_baseline__p50,0.6967193929440065,0.6492307692307692,0.7149785698172795,0.06574780058651031
Kramatorsk,s2__composite__b11__p90,s2__composite__b11__prebattle_baseline__p90,s2__composite__b11__post_winter_baseline__p90,0.6740887064415568,0.5623076923076923,0.6872450130514647,0.1249373207437724
Kramatorsk,s2__composite__b11__std,s2__composite__b11__prebattle_baseline__std,s2__composite__b11__post_winter_baseline__std,0.6916098233484572,0.7161538461538461,0.5991331249395766,-0.11702072121426954
Kramatorsk,s2__composite__b12__max,s2__composite__b12__prebattle_baseline__max,s2__composite__b12__post_winter_baseline__max,0.6979972591690261,0.5853846153846154,0.715009301205401,0.12962468582078557
Kramatorsk,s2__composite__b12__mean,s2__composite__b12__prebattle_baseline__mean,s2__composite__b12__post_winter_baseline__mean,0.7086384912284707,0.576923076923077,0.7571934172228758,0.18027034029979883
Kramatorsk,s2__composite__b12__min,s2__composite__b12__prebattle_baseline__min,s2__composite__b12__post_winter_baseline__min,0.6538846957928,0.5507692307692308,0.7238333403165604,0.17306410954732965
Kramatorsk,s2__composite__b12__p10,s2__composite__b12__prebattle_baseline__p10,s2__composite__b12__post_winter_baseline__p10,0.6887695550118481,0.6284615384615384,0.7474950432594377,0.11903350479789931
Kramatorsk,s2__composite__b12__p50,s2__composite__b12__prebattle_baseline__p50,s2__composite__b12__post_winter_baseline__p50,0.7160746464521144,0.6169230769230769,0.7515335495690595,0.13461047264598258
Kramatorsk,s2__composite__b12__p90,s2__composite__b12__prebattle_baseline__p90,s2__composite__b12__post_winter_baseline__p90,0.7013920182721689,0.5623076923076923,0.7211369275885404,0.15882923528084814
Kramatorsk,s2__composite__b12__std,s2__composite__b12__prebattle_baseline__std,s2__composite__b12__post_winter_baseline__std,0.6203977489017151,0.7346153846153847,0.4996358480229448,-0.23497953659243986
Kramatorsk,s2__composite__b8a__max,s2__composite__b8a__prebattle_baseline__max,s2__composite__b8a__post_winter_baseline__max,0.6200585512200535,0.5546153846153846,0.6372305114240597,0.08261512680867511
Kramatorsk,s2__composite__b8a__mean,s2__composite__b8a__prebattle_baseline__mean,s2__composite__b8a__post_winter_baseline__mean,0.6511312077533257,0.6215384615384615,0.6628887241790468,0.04135026264058528
Kramatorsk,s2__composite__b8a__min,s2__composite__b8a__prebattle_baseline__min,s2__composite__b8a__post_winter_baseline__min,0.6462792061483379,0.6815384615384615,0.6590570719602977,-0.022481389578163813
Kramatorsk,s2__composite__b8a__p10,s2__composite__b8a__prebattle_baseline__p10,s2__composite__b8a__post_winter_baseline__p10,0.6497484490262045,0.586923076923077,0.6629596210241372,0.0760365441010602
Kramatorsk,s2__composite__b8a__p50,s2__composite__b8a__prebattle_baseline__p50,s2__composite__b8a__post_winter_baseline__p50,0.6511925791875409,0.6376923076923077,0.6606398928814404,0.022947585189132758
Kramatorsk,s2__composite__b8a__p90,s2__composite__b8a__prebattle_baseline__p90,s2__composite__b8a__post_winter_baseline__p90,0.6276980027140783,0.5915384615384616,0.6436751050161211,0.05213664347765956
Kramatorsk,s2__composite__b8a__std,s2__composite__b8a__prebattle_baseline__std,s2__composite__b8a__post_winter_baseline__std,0.5273722439993004,0.29384615384615387,0.5241532660887499,0.23030711224259603
Kramatorsk,s2__composite__cire__max,s2__composite__cire__prebattle_baseline__max,s2__composite__cire__post_winter_baseline__max,0.47494675761597577,0.6576923076923078,0.4226257613354387,-0.23506654635686908
Kramatorsk,s2__composite__cire__mean,s2__composite__cire__prebattle_baseline__mean,s2__composite__cire__post_winter_baseline__mean,0.566064796238567,0.7661538461538462,0.49548193741742125,-0.27067190873642494
Kramatorsk,s2__composite__cire__min,s2__composite__cire__prebattle_baseline__min,s2__composite__cire__post_winter_baseline__min,0.49906890130353815,0.8184615384615385,0.4245464213206148,-0.39391511714092364
Kramatorsk,s2__composite__cire__p10,s2__composite__cire__prebattle_baseline__p10,s2__composite__cire__post_winter_baseline__p10,0.5100116258732266,0.78,0.44387870194321805,-0.336121298056782
Kramatorsk,s2__composite__cire__p50,s2__composite__cire__prebattle_baseline__p50,s2__composite__cire__post_winter_baseline__p50,0.5285183699085363,0.6900000000000001,0.4619960684476813,-0.22800393155231874
Kramatorsk,s2__composite__cire__p90,s2__composite__cire__prebattle_baseline__p90,s2__composite__cire__post_winter_baseline__p90,0.5144438614360525,0.7107692307692308,0.45339176952080174,-0.2573774612484291
Kramatorsk,s2__composite__cire__std,s2__composite__cire__prebattle_baseline__std,s2__composite__cire__post_winter_baseline__std,0.21714661975163838,0.4769230769230769,0.18457993619283944,-0.2923431407302375
Kramatorsk,s2__composite__mndwi__max,s2__composite__mndwi__prebattle_baseline__max,s2__composite__mndwi__post_winter_baseline__max,0.6528637715155817,0.793076923076923,0.6213915117140923,-0.17168541136283066
Kramatorsk,s2__composite__mndwi__mean,s2__composite__mndwi__prebattle_baseline__mean,s2__composite__mndwi__post_winter_baseline__mean,0.7218700165642973,0.7892307692307692,0.7010408945892816,-0.08818987464148753
Kramatorsk,s2__composite__mndwi__min,s2__composite__mndwi__prebattle_baseline__min,s2__composite__mndwi__post_winter_baseline__min,0.668448614669177,0.9069230769230769,0.6119300054783926,-0.29499307144468434
Kramatorsk,s2__composite__mndwi__p10,s2__composite__mndwi__prebattle_baseline__p10,s2__composite__mndwi__post_winter_baseline__p10,0.703180139304711,0.9007692307692308,0.6596049112178144,-0.24116431955141637
Kramatorsk,s2__composite__mndwi__p50,s2__composite__mndwi__prebattle_baseline__p50,s2__composite__mndwi__post_winter_baseline__p50,0.6856055228042017,0.7492307692307693,0.6646869259772485,-0.08454384325352071
Kramatorsk,s2__composite__mndwi__p90,s2__composite__mndwi__prebattle_baseline__p90,s2__composite__mndwi__post_winter_baseline__p90,0.6928135642046565,0.7676923076923077,0.6672682156553125,-0.1004240920369952
Kramatorsk,s2__composite__mndwi__std,s2__composite__mndwi__prebattle_baseline__std,s2__composite__mndwi__post_winter_baseline__std,0.42702346780250416,0.6353846153846153,0.38470883954754925,-0.2506757758370661
Kramatorsk,s2__composite__ndbi__max,s2__composite__ndbi__prebattle_baseline__max,s2__composite__ndbi__post_winter_baseline__max,0.695852752656975,0.883076923076923,0.6494634397860204,-0.2336134832909026
Kramatorsk,s2__composite__ndbi__mean,s2__composite__ndbi__prebattle_baseline__mean,s2__composite__ndbi__post_winter_baseline__mean,0.7522639587641594,0.7507692307692307,0.7413425284393027,-0.009426702329928038
Kramatorsk,s2__composite__ndbi__min,s2__composite__ndbi__prebattle_baseline__min,s2__composite__ndbi__post_winter_baseline__min,0.6885212506558844,0.7738461538461539,0.6682897747413876,-0.10555637910476623
Kramatorsk,s2__composite__ndbi__p10,s2__composite__ndbi__prebattle_baseline__p10,s2__composite__ndbi__post_winter_baseline__p10,0.7332098727326976,0.7653846153846153,0.7188198897876318,-0.04656472559698355
Kramatorsk,s2__composite__ndbi__p50,s2__composite__ndbi__prebattle_baseline__p50,s2__composite__ndbi__post_winter_baseline__p50,0.7257734292210666,0.6807692307692308,0.7274048532113048,0.046635622442073976
Kramatorsk,s2__composite__ndbi__p90,s2__composite__ndbi__prebattle_baseline__p90,s2__composite__ndbi__post_winter_baseline__p90,0.7256273341769808,0.8792307692307693,0.6940511101801424,-0.18517965905062683
Kramatorsk,s2__composite__ndbi__std,s2__composite__ndbi__prebattle_baseline__std,s2__composite__ndbi__post_winter_baseline__std,0.5715855427636655,0.8476923076923076,0.5076987528600432,-0.33999355483226446
Kramatorsk,s2__composite__ndre__max,s2__composite__ndre__prebattle_baseline__max,s2__composite__ndre__post_winter_baseline__max,0.5359959669537125,0.42230769230769233,0.5583158776707163,0.136008185363024
Kramatorsk,s2__composite__ndre__mean,s2__composite__ndre__prebattle_baseline__mean,s2__composite__ndre__post_winter_baseline__mean,0.617251561262179,0.7838461538461537,0.5911314491959653,-0.19271470465018847
Kramatorsk,s2__composite__ndre__min,s2__composite__ndre__prebattle_baseline__min,s2__composite__ndre__post_winter_baseline__min,0.5984275218654093,0.7692307692307693,0.5549096065225098,-0.21432116270825952
Kramatorsk,s2__composite__ndre__p10,s2__composite__ndre__prebattle_baseline__p10,s2__composite__ndre__post_winter_baseline__p10,0.6133988772282247,0.7123076923076922,0.5756501562953176,-0.13665753601237463
Kramatorsk,s2__composite__ndre__p50,s2__composite__ndre__prebattle_baseline__p50,s2__composite__ndre__post_winter_baseline__p50,0.5870901365268475,0.7584615384615384,0.5565950178853404,-0.20186652057619803
Kramatorsk,s2__composite__ndre__p90,s2__composite__ndre__prebattle_baseline__p90,s2__composite__ndre__post_winter_baseline__p90,0.5415558093356792,0.5123076923076924,0.550720247494441,0.03841255518674869
Kramatorsk,s2__composite__ndre__std,s2__composite__ndre__prebattle_baseline__std,s2__composite__ndre__post_winter_baseline__std,0.11535746988075764,-0.10846153846153846,0.16176404240920372,0.27022558087074217
Kramatorsk,s2__composite__ndvi__max,s2__composite__ndvi__prebattle_baseline__max,s2__composite__ndvi__post_winter_baseline__max,0.4408757471938434,0.5207692307692308,0.3924623763333441,-0.12830685443588669
Kramatorsk,s2__composite__ndvi__mean,s2__composite__ndvi__prebattle_baseline__mean,s2__composite__ndvi__post_winter_baseline__mean,0.7247054950255666,0.8746153846153846,0.6759305210918113,-0.19868486352357329
Kramatorsk,s2__composite__ndvi__min,s2__composite__ndvi__prebattle_baseline__min,s2__composite__ndvi__post_winter_baseline__min,0.6097711913800571,0.8046153846153845,0.5598240469208212,-0.2447913376945633
Kramatorsk,s2__composite__ndvi__p10,s2__composite__ndvi__prebattle_baseline__p10,s2__composite__ndvi__post_winter_baseline__p10,0.6496229307488914,0.8746153846153846,0.5851019947794142,-0.2895133898359704
Kramatorsk,s2__composite__ndvi__p50,s2__composite__ndvi__prebattle_baseline__p50,s2__composite__ndvi__post_winter_baseline__p50,0.7409035258289866,0.8730769230769231,0.6795172569366117,-0.1935596661403114
Kramatorsk,s2__composite__ndvi__p90,s2__composite__ndvi__prebattle_baseline__p90,s2__composite__ndvi__post_winter_baseline__p90,0.5750177474613414,0.5138461538461538,0.5334794238020044,0.019633269955850574
Kramatorsk,s2__composite__ndvi__std,s2__composite__ndvi__prebattle_baseline__std,s2__composite__ndvi__post_winter_baseline__std,0.20513596098645018,-0.012307692307692308,0.2260191421481744,0.2383268344558667
Kramatorsk,s2__composite__ndwi__max,s2__composite__ndwi__prebattle_baseline__max,s2__composite__ndwi__post_winter_baseline__max,0.6583865757173576,0.7761538461538461,0.6163578357126744,-0.15979601044117164
Kramatorsk,s2__composite__ndwi__mean,s2__composite__ndwi__prebattle_baseline__mean,s2__composite__ndwi__post_winter_baseline__mean,0.7359013138265584,0.8346153846153845,0.7141213625084593,-0.12049402210692528
Kramatorsk,s2__composite__ndwi__min,s2__composite__ndwi__prebattle_baseline__min,s2__composite__ndwi__post_winter_baseline__min,0.5917939854110723,0.6846153846153846,0.5678289452483001,-0.11678643936708455
Kramatorsk,s2__composite__ndwi__p10,s2__composite__ndwi__prebattle_baseline__p10,s2__composite__ndwi__post_winter_baseline__p10,0.6461516301943476,0.7484615384615385,0.6339531436305631,-0.11450839483097541
Kramatorsk,s2__composite__ndwi__p50,s2__composite__ndwi__prebattle_baseline__p50,s2__composite__ndwi__post_winter_baseline__p50,0.7232531473467974,0.8007692307692308,0.7083819406400051,-0.09238729012922564
Kramatorsk,s2__composite__ndwi__p90,s2__composite__ndwi__prebattle_baseline__p90,s2__composite__ndwi__post_winter_baseline__p90,0.6649361605810878,0.8684615384615384,0.6131997035222841,-0.25526183493925425
Kramatorsk,s2__composite__ndwi__std,s2__composite__ndwi__prebattle_baseline__std,s2__composite__ndwi__post_winter_baseline__std,0.33714209286294844,0.45461538461538464,0.25873159098965554,-0.1958837936257291
Lysychansk,s2__composite__b02__max,s2__composite__b02__prebattle_baseline__max,s2__composite__b02__post_winter_baseline__max,0.8198374946917077,0.8308659550056376,0.8174553697946146,-0.013410585211023007
Lysychansk,s2__composite__b02__mean,s2__composite__b02__prebattle_baseline__mean,s2__composite__b02__post_winter_baseline__mean,0.832326698926618,0.8558165781912518,0.8269923543408012,-0.02882422385045058
Lysychansk,s2__composite__b02__min,s2__composite__b02__prebattle_baseline__min,s2__composite__b02__post_winter_baseline__min,0.7001116864763499,0.7517144360270781,0.686708958225229,-0.06500547780184907
Lysychansk,s2__composite__b02__p10,s2__composite__b02__prebattle_baseline__p10,s2__composite__b02__post_winter_baseline__p10,0.7462904980202607,0.7874747060223058,0.7342996057277471,-0.05317510029455874
Lysychansk,s2__composite__b02__p50,s2__composite__b02__prebattle_baseline__p50,s2__composite__b02__post_winter_baseline__p50,0.8046172089643219,0.8182170227221942,0.7983691932752969,-0.019847829446897336
Lysychansk,s2__composite__b02__p90,s2__composite__b02__prebattle_baseline__p90,s2__composite__b02__post_winter_baseline__p90,0.8281823354226645,0.838598889995892,0.8255105146576482,-0.013088375338243807
Lysychansk,s2__composite__b02__std,s2__composite__b02__prebattle_baseline__std,s2__composite__b02__post_winter_baseline__std,0.73432595253438,0.7492953312014388,0.7309301320679289,-0.01836519913350987
Lysychansk,s2__composite__b03__max,s2__composite__b03__prebattle_baseline__max,s2__composite__b03__post_winter_baseline__max,0.8048570023886936,0.8199426035610405,0.8022380316480049,-0.01770457191303565
Lysychansk,s2__composite__b03__mean,s2__composite__b03__prebattle_baseline__mean,s2__composite__b03__post_winter_baseline__mean,0.8005974617288,0.8286554104873454,0.7959448736935884,-0.03271053679375702
Lysychansk,s2__composite__b03__min,s2__composite__b03__prebattle_baseline__min,s2__composite__b03__post_winter_baseline__min,0.6628826036333296,0.7409978531354501,0.6465719055549384,-0.0944259475805117
Lysychansk,s2__composite__b03__p10,s2__composite__b03__prebattle_baseline__p10,s2__composite__b03__post_winter_baseline__p10,0.7014089587318668,0.7556776581101661,0.6896248441495132,-0.06605281396065288
Lysychansk,s2__composite__b03__p50,s2__composite__b03__prebattle_baseline__p50,s2__composite__b03__post_winter_baseline__p50,0.7643078100149265,0.7876814456328981,0.7588765666100317,-0.028804879022866436
Lysychansk,s2__composite__b03__p90,s2__composite__b03__prebattle_baseline__p90,s2__composite__b03__post_winter_baseline__p90,0.8119873538097662,0.8247738091161749,0.8101520866845516,-0.014621722431623296
Lysychansk,s2__composite__b03__std,s2__composite__b03__prebattle_baseline__std,s2__composite__b03__post_winter_baseline__std,0.7281811808029831,0.7660909270427584,0.7192475943330779,-0.04684333270968044
Lysychansk,s2__composite__b04__max,s2__composite__b04__prebattle_baseline__max,s2__composite__b04__post_winter_baseline__max,0.8243995766967398,0.846597611907585,0.8196036016349199,-0.026994010272665125
Lysychansk,s2__composite__b04__mean,s2__composite__b04__prebattle_baseline__mean,s2__composite__b04__post_winter_baseline__mean,0.8600184857748863,0.8781240201055809,0.8560064847255866,-0.02211753537999428
Lysychansk,s2__composite__b04__min,s2__composite__b04__prebattle_baseline__min,s2__composite__b04__post_winter_baseline__min,0.7850455549694293,0.8117358879895956,0.7784728883735975,-0.0332629996159981
Lysychansk,s2__composite__b04__p10,s2__composite__b04__prebattle_baseline__p10,s2__composite__b04__post_winter_baseline__p10,0.8120657244987894,0.8268795099497224,0.8072820163055595,-0.019597493644162856
Lysychansk,s2__composite__b04__p50,s2__composite__b04__prebattle_baseline__p50,s2__composite__b04__post_winter_baseline__p50,0.8337269542978376,0.8451656679799664,0.8295989578978108,-0.0155667100821556
Lysychansk,s2__composite__b04__p90,s2__composite__b04__prebattle_baseline__p90,s2__composite__b04__post_winter_baseline__p90,0.8418459285150693,0.8571371426203713,0.8382472404660504,-0.01888990215432096
Lysychansk,s2__composite__b04__std,s2__composite__b04__prebattle_baseline__std,s2__composite__b04__post_winter_baseline__std,0.7403052275191055,0.7777968956807757,0.7316744899718854,-0.04612240570889026
Lysychansk,s2__composite__b05__max,s2__composite__b05__prebattle_baseline__max,s2__composite__b05__post_winter_baseline__max,0.7781049714134801,0.8157683597948786,0.7707184897106854,-0.045049870084193255
Lysychansk,s2__composite__b05__mean,s2__composite__b05__prebattle_baseline__mean,s2__composite__b05__post_winter_baseline__mean,0.7653009313583738,0.8193302097589873,0.7556536992400481,-0.06367651051893919
Lysychansk,s2__composite__b05__min,s2__composite__b05__prebattle_baseline__min,s2__composite__b05__post_winter_baseline__min,0.718976631006383,0.7803417308451452,0.7081383015394211,-0.0722034293057241
Lysychansk,s2__composite__b05__p10,s2__composite__b05__prebattle_baseline__p10,s2__composite__b05__post_winter_baseline__p10,0.7327169381593108,0.7920992521075262,0.7224329945972197,-0.06966625751030653
Lysychansk,s2__composite__b05__p50,s2__composite__b05__prebattle_baseline__p50,s2__composite__b05__post_winter_baseline__p50,0.7547259906066747,0.8126478674676287,0.744430978680804,-0.06821688878682475
Lysychansk,s2__composite__b05__p90,s2__composite__b05__prebattle_baseline__p90,s2__composite__b05__post_winter_baseline__p90,0.7769743920000093,0.8212263991976371,0.7688453696854134,-0.052381029512223676
Lysychansk,s2__composite__b05__std,s2__composite__b05__prebattle_baseline__std,s2__composite__b05__post_winter_baseline__std,0.6708695721387675,0.7321644042992016,0.6556129479282116,-0.07655145637099003
Lysychansk,s2__composite__b07__max,s2__composite__b07__prebattle_baseline__max,s2__composite__b07__post_winter_baseline__max,0.47973182877277815,0.627728848837055,0.45521518764653585,-0.1725136611905192
Lysychansk,s2__composite__b07__mean,s2__composite__b07__prebattle_baseline__mean,s2__composite__b07__post_winter_baseline__mean,0.5532216056965977,0.7291330301462366,0.5198152902662535,-0.20931773987998314
Lysychansk,s2__composite__b07__min,s2__composite__b07__prebattle_baseline__min,s2__composite__b07__post_winter_baseline__min,0.5883302636003184,0.7506270538625904,0.5546683518709624,-0.19595870199162801
Lysychansk,s2__composite__b07__p10,s2__composite__b07__prebattle_baseline__p10,s2__composite__b07__post_winter_baseline__p10,0.5826114401629175,0.7502069880455743,0.5482659086994026,-0.20194107934617167
Lysychansk,s2__composite__b07__p50,s2__composite__b07__prebattle_baseline__p50,s2__composite__b07__post_winter_baseline__p50,0.5496745142664222,0.7346732483203507,0.5140967227249752,-0.22057652559537555
Lysychansk,s2__composite__b07__p90,s2__composite__b07__prebattle_baseline__p90,s2__composite__b07__post_winter_baseline__p90,0.5031299831204465,0.6662949007984242,0.4750118005545131,-0.19128310024391115
Lysychansk,s2__composite__b07__std,s2__composite__b07__prebattle_baseline__std,s2__composite__b07__post_winter_baseline__std,0.4365826993139845,0.5658955369652963,0.4099750192295179,-0.15592051773577836
Lysychansk,s2__composite__b08__max,s2__composite__b08__prebattle_baseline__max,s2__composite__b08__post_winter_baseline__max,0.5617357509999478,0.6973291119895,0.5376320309262732,-0.15969708106322678
Lysychansk,s2__composite__b08__mean,s2__composite__b08__prebattle_baseline__mean,s2__composite__b08__post_winter_baseline__mean,0.6603470297055224,0.813764571128458,0.6301545019268849,-0.18361006920157308
Lysychansk,s2__composite__b08__min,s2__composite__b08__prebattle_baseline__min,s2__composite__b08__post_winter_baseline__min,0.6838653652796547,0.8278009669003239,0.651119613359963,-0.17668135354036085
Lysychansk,s2__composite__b08__p10,s2__composite__b08__prebattle_baseline__p10,s2__composite__b08__post_winter_baseline__p10,0.6846204687881918,0.8212279893270253,0.6543663739750556,-0.16686161535196975
Lysychansk,s2__composite__b08__p50,s2__composite__b08__prebattle_baseline__p50,s2__composite__b08__post_winter_baseline__p50,0.636679876555685,0.8051515913664434,0.6029863282220236,-0.20216526314441985
Lysychansk,s2__composite__b08__p90,s2__composite__b08__prebattle_baseline__p90,s2__composite__b08__post_winter_baseline__p90,0.5880441040756424,0.7429900774713434,0.559409589759681,-0.18358048771166235
Lysychansk,s2__composite__b08__std,s2__composite__b08__prebattle_baseline__std,s2__composite__b08__post_winter_baseline__std,0.538656028985182,0.6698055531030336,0.5097657440933587,-0.16003980900967485
Lysychansk,s2__composite__b11__max,s2__composite__b11__prebattle_baseline__max,s2__composite__b11__post_winter_baseline__max,0.6940563768530323,0.7983846043828734,0.6749557331336172,-0.12342887124925617
Lysychansk,s2__composite__b11__mean,s2__composite__b11__prebattle_baseline__mean,s2__composite__b11__post_winter_baseline__mean,0.7023358864796929,0.8174428679541058,0.6810745362090536,-0.13636833174505225
Lysychansk,s2__composite__b11__min,s2__composite__b11__prebattle_baseline__min,s2__composite__b11__post_winter_baseline__min,0.6964396639060384,0.8196740926194207,0.6725192463354686,-0.14715484628395215
Lysychansk,s2__composite__b11__p10,s2__composite__b11__prebattle_baseline__p10,s2__composite__b11__post_winter_baseline__p10,0.695486714628308,0.8171310960343535,0.6722102497163911,-0.14492084631796243
Lysychansk,s2__composite__b11__p50,s2__composite__b11__prebattle_baseline__p50,s2__composite__b11__post_winter_baseline__p50,0.695835183708538,0.8148661125635848,0.6735457906618636,-0.14132032190172117
Lysychansk,s2__composite__b11__p90,s2__composite__b11__prebattle_baseline__p90,s2__composite__b11__post_winter_baseline__p90,0.7007219808784341,0.8036354167298991,0.6819634678267243,-0.12167194890317479
Lysychansk,s2__composite__b11__std,s2__composite__b11__prebattle_baseline__std,s2__composite__b11__post_winter_baseline__std,0.6662282268343999,0.769741304205605,0.6412256479319633,-0.1285156562736417
Lysychansk,s2__composite__b12__max,s2__composite__b12__prebattle_baseline__max,s2__composite__b12__post_winter_baseline__max,0.7845303433560991,0.8544405844727435,0.7713935805902371,-0.08304700388250641
Lysychansk,s2__composite__b12__mean,s2__composite__b12__prebattle_baseline__mean,s2__composite__b12__post_winter_baseline__mean,0.788516776483727,0.8673850915456489,0.7738484783657698,-0.09353661317987916
Lysychansk,s2__composite__b12__min,s2__composite__b12__prebattle_baseline__min,s2__composite__b12__post_winter_baseline__min,0.7588019121194438,0.8469369931403912,0.7426302226215189,-0.10430677051887227
Lysychansk,s2__composite__b12__p10,s2__composite__b12__prebattle_baseline__p10,s2__composite__b12__post_winter_baseline__p10,0.7666918044118409,0.8509322171325003,0.7514459997214449,-0.09948621741105546
Lysychansk,s2__composite__b12__p50,s2__composite__b12__prebattle_baseline__p50,s2__composite__b12__post_winter_baseline__p50,0.7826427665953488,0.8621582439815074,0.7680125486044209,-0.0941456953770865
Lysychansk,s2__composite__b12__p90,s2__composite__b12__prebattle_baseline__p90,s2__composite__b12__post_winter_baseline__p90,0.7869222719941644,0.8589411530896206,0.773424167393436,-0.0855169856961846
Lysychansk,s2__composite__b12__std,s2__composite__b12__prebattle_baseline__std,s2__composite__b12__post_winter_baseline__std,0.6586814105500494,0.7395986280503739,0.6410938552263367,-0.09850477282403725
Lysychansk,s2__composite__b8a__max,s2__composite__b8a__prebattle_baseline__max,s2__composite__b8a__post_winter_baseline__max,0.549985863253591,0.7009026450643822,0.5231593361112137,-0.17774330895316848
Lysychansk,s2__composite__b8a__mean,s2__composite__b8a__prebattle_baseline__mean,s2__composite__b8a__post_winter_baseline__mean,0.6092843570236199,0.7797249136676428,0.5745860882247812,-0.20513882544286166
Lysychansk,s2__composite__b8a__min,s2__composite__b8a__prebattle_baseline__min,s2__composite__b8a__post_winter_baseline__min,0.6353064275074028,0.7967746344968553,0.6004192889392596,-0.1963553455575957
Lysychansk,s2__composite__b8a__p10,s2__composite__b8a__prebattle_baseline__p10,s2__composite__b8a__post_winter_baseline__p10,0.6300473286686187,0.7944966027268362,0.5947723630201678,-0.19972423970666842
Lysychansk,s2__composite__b8a__p50,s2__composite__b8a__prebattle_baseline__p50,s2__composite__b8a__post_winter_baseline__p50,0.6037859336203484,0.7754154066574828,0.5688690215179428,-0.20654638513953993
Lysychansk,s2__composite__b8a__p90,s2__composite__b8a__prebattle_baseline__p90,s2__composite__b8a__post_winter_baseline__p90,0.5684037031212547,0.7280573868598031,0.5390831264418413,-0.18897426041796184
Lysychansk,s2__composite__b8a__std,s2__composite__b8a__prebattle_baseline__std,s2__composite__b8a__post_winter_baseline__std,0.4973889969776368,0.606562503786547,0.47386800543805246,-0.1326944983484945
Lysychansk,s2__composite__cire__max,s2__composite__cire__prebattle_baseline__max,s2__composite__cire__post_winter_baseline__max,0.6178981984197816,0.7425285975643203,0.5835403958903003,-0.15898820167402006
Lysychansk,s2__composite__cire__mean,s2__composite__cire__prebattle_baseline__mean,s2__composite__cire__post_winter_baseline__mean,0.6738881983892192,0.810436150115967,0.6359994282768751,-0.17443672183909198
Lysychansk,s2__composite__cire__min,s2__composite__cire__prebattle_baseline__min,s2__composite__cire__post_winter_baseline__min,0.6787171878640377,0.805337985955496,0.6423541598169513,-0.16298382613854467
Lysychansk,s2__composite__cire__p10,s2__composite__cire__prebattle_baseline__p10,s2__composite__cire__post_winter_baseline__p10,0.6822685801406425,0.8089252050601239,0.6456790223807668,-0.1632461826793571
Lysychansk,s2__composite__cire__p50,s2__composite__cire__prebattle_baseline__p50,s2__composite__cire__post_winter_baseline__p50,0.6658058874918663,0.80048210007707,0.6280531093722498,-0.1724289907048202
Lysychansk,s2__composite__cire__p90,s2__composite__cire__prebattle_baseline__p90,s2__composite__cire__post_winter_baseline__p90,0.6337838616949618,0.763666251344502,0.5979139712321364,-0.16575228011236554
Lysychansk,s2__composite__cire__std,s2__composite__cire__prebattle_baseline__std,s2__composite__cire__post_winter_baseline__std,0.28026756956813853,0.29587438695635615,0.2811943601890229,-0.014680026767333265
Lysychansk,s2__composite__mndwi__max,s2__composite__mndwi__prebattle_baseline__max,s2__composite__mndwi__post_winter_baseline__max,0.8226166436790397,0.8216822608575869,0.8185551781766894,-0.0031270826808974528
Lysychansk,s2__composite__mndwi__mean,s2__composite__mndwi__prebattle_baseline__mean,s2__composite__mndwi__post_winter_baseline__mean,0.8105332632049165,0.8426568283831165,0.8005778586657247,-0.04207896971739178
Lysychansk,s2__composite__mndwi__min,s2__composite__mndwi__prebattle_baseline__min,s2__composite__mndwi__post_winter_baseline__min,0.6158505562104928,0.7071855119894335,0.5957641068582131,-0.11142140513122034
Lysychansk,s2__composite__mndwi__p10,s2__composite__mndwi__prebattle_baseline__p10,s2__composite__mndwi__post_winter_baseline__p10,0.6675278340642544,0.7497706631940679,0.6485199957565339,-0.10125066743753408
Lysychansk,s2__composite__mndwi__p50,s2__composite__mndwi__prebattle_baseline__p50,s2__composite__mndwi__post_winter_baseline__p50,0.7773601168163004,0.8112327728452526,0.765280187063388,-0.045952585781864674
Lysychansk,s2__composite__mndwi__p90,s2__composite__mndwi__prebattle_baseline__p90,s2__composite__mndwi__post_winter_baseline__p90,0.8315063670369206,0.8414395145945627,0.8254937782197148,-0.015945736374847863
Lysychansk,s2__composite__mndwi__std,s2__composite__mndwi__prebattle_baseline__std,s2__composite__mndwi__post_winter_baseline__std,0.6637270831575572,0.6846506234367971,0.6578111197272958,-0.026839503709501278
Lysychansk,s2__composite__ndbi__max,s2__composite__ndbi__prebattle_baseline__max,s2__composite__ndbi__post_winter_baseline__max,0.6297686298240028,0.7414918589790331,0.6016288247218862,-0.13986303425714697
Lysychansk,s2__composite__ndbi__mean,s2__composite__ndbi__prebattle_baseline__mean,s2__composite__ndbi__post_winter_baseline__mean,0.6119594568684452,0.7174428584075982,0.5901682678600101,-0.12727459054758816
Lysychansk,s2__composite__ndbi__min,s2__composite__ndbi__prebattle_baseline__min,s2__composite__ndbi__post_winter_baseline__min,0.49904954690324277,0.5992552825859838,0.4817163953837343,-0.11753888720224953
Lysychansk,s2__composite__ndbi__p10,s2__composite__ndbi__prebattle_baseline__p10,s2__composite__ndbi__post_winter_baseline__p10,0.52494357007978,0.6396288783576393,0.5046283719205898,-0.13500050643704942
Lysychansk,s2__composite__ndbi__p50,s2__composite__ndbi__prebattle_baseline__p50,s2__composite__ndbi__post_winter_baseline__p50,0.5763686760460591,0.6726989205226306,0.5558727167912799,-0.11682620373135066
Lysychansk,s2__composite__ndbi__p90,s2__composite__ndbi__prebattle_baseline__p90,s2__composite__ndbi__post_winter_baseline__p90,0.6304743431794294,0.7377212694532139,0.6040183002670664,-0.13370296918614755
Lysychansk,s2__composite__ndbi__std,s2__composite__ndbi__prebattle_baseline__std,s2__composite__ndbi__post_winter_baseline__std,0.5032384834943947,0.64287867125517,0.4720768960093542,-0.17080177524581575
Lysychansk,s2__composite__ndre__max,s2__composite__ndre__prebattle_baseline__max,s2__composite__ndre__post_winter_baseline__max,0.7013300060079066,0.8121730640492413,0.6711995893052843,-0.14097347474395694
Lysychansk,s2__composite__ndre__mean,s2__composite__ndre__prebattle_baseline__mean,s2__composite__ndre__post_winter_baseline__mean,0.7545423163067619,0.8636026508865354,0.7244474440801905,-0.13915520680634497
Lysychansk,s2__composite__ndre__min,s2__composite__ndre__prebattle_baseline__min,s2__composite__ndre__post_winter_baseline__min,0.755361602596041,0.854284194615928,0.7273122113552918,-0.1269719832606362
Lysychansk,s2__composite__ndre__p10,s2__composite__ndre__prebattle_baseline__p10,s2__composite__ndre__post_winter_baseline__p10,0.7574775001523522,0.8572155840629393,0.7292957854820815,-0.12791979858085778
Lysychansk,s2__composite__ndre__p50,s2__composite__ndre__prebattle_baseline__p50,s2__composite__ndre__post_winter_baseline__p50,0.746699012120745,0.8595311255444248,0.7161434941064692,-0.14338763143795563
Lysychansk,s2__composite__ndre__p90,s2__composite__ndre__prebattle_baseline__p90,s2__composite__ndre__post_winter_baseline__p90,0.7168417831892239,0.8311934218972129,0.6859025761623256,-0.14529084573488726
Lysychansk,s2__composite__ndre__std,s2__composite__ndre__prebattle_baseline__std,s2__composite__ndre__post_winter_baseline__std,0.38783830937209574,0.3930321132918898,0.3892328983464646,-0.0037992149454252333
Lysychansk,s2__composite__ndvi__max,s2__composite__ndvi__prebattle_baseline__max,s2__composite__ndvi__post_winter_baseline__max,0.726644398915634,0.8157791475215598,0.702501076642513,-0.11327807087904673
Lysychansk,s2__composite__ndvi__mean,s2__composite__ndvi__prebattle_baseline__mean,s2__composite__ndvi__post_winter_baseline__mean,0.8490018479164843,0.9234138533501691,0.827969267123689,-0.09544458622648011
Lysychansk,s2__composite__ndvi__min,s2__composite__ndvi__prebattle_baseline__min,s2__composite__ndvi__post_winter_baseline__min,0.8436971492768097,0.9048723153044397,0.8245356537184528,-0.08033666158598685
Lysychansk,s2__composite__ndvi__p10,s2__composite__ndvi__prebattle_baseline__p10,s2__composite__ndvi__post_winter_baseline__p10,0.8570539335638815,0.9220015009133101,0.8373318833774459,-0.08466961753586422
Lysychansk,s2__composite__ndvi__p50,s2__composite__ndvi__prebattle_baseline__p50,s2__composite__ndvi__post_winter_baseline__p50,0.8345073409052703,0.9073386634456057,0.8131236915316148,-0.09421497191399086
Lysychansk,s2__composite__ndvi__p90,s2__composite__ndvi__prebattle_baseline__p90,s2__composite__ndvi__post_winter_baseline__p90,0.7661924765440887,0.8612643368640198,0.741283355395709,-0.11998098146831082
Lysychansk,s2__composite__ndvi__std,s2__composite__ndvi__prebattle_baseline__std,s2__composite__ndvi__post_winter_baseline__std,0.5549798528146973,0.607170971862861,0.545051388141332,-0.062119583721528926
Lysychansk,s2__composite__ndwi__max,s2__composite__ndwi__prebattle_baseline__max,s2__composite__ndwi__post_winter_baseline__max,0.8093704720538807,0.8865115755859274,0.78771235060478,-0.09879922498114746
Lysychansk,s2__composite__ndwi__mean,s2__composite__ndwi__prebattle_baseline__mean,s2__composite__ndwi__post_winter_baseline__mean,0.8362371084156243,0.9141989288383316,0.8154652340011584,-0.0987336948371732
Lysychansk,s2__composite__ndwi__min,s2__composite__ndwi__prebattle_baseline__min,s2__composite__ndwi__post_winter_baseline__min,0.731099512333877,0.8026217473714999,0.7120600581626386,-0.09056168920886132
Lysychansk,s2__composite__ndwi__p10,s2__composite__ndwi__prebattle_baseline__p10,s2__composite__ndwi__post_winter_baseline__p10,0.7669133014402676,0.8535220104761143,0.7456060152403624,-0.1079159952357519
Lysychansk,s2__composite__ndwi__p50,s2__composite__ndwi__prebattle_baseline__p50,s2__composite__ndwi__post_winter_baseline__p50,0.8163020158379726,0.8936249211128171,0.794919928078862,-0.09870499303395508
Lysychansk,s2__composite__ndwi__p90,s2__composite__ndwi__prebattle_baseline__p90,s2__composite__ndwi__post_winter_baseline__p90,0.8263083295629917,0.9042310820871047,0.804809566870755,-0.09942151521634968
Lysychansk,s2__composite__ndwi__std,s2__composite__ndwi__prebattle_baseline__std,s2__composite__ndwi__post_winter_baseline__std,0.5429908850025637,0.5934178090352765,0.5339726071147838,-0.05944520192049274
Makariv,s2__composite__b02__max,s2__composite__b02__prebattle_baseline__max,s2__composite__b02__post_winter_baseline__max,,,,
Makariv,s2__composite__b02__mean,s2__composite__b02__prebattle_baseline__mean,s2__composite__b02__post_winter_baseline__mean,,,,
Makariv,s2__composite__b02__min,s2__composite__b02__prebattle_baseline__min,s2__composite__b02__post_winter_baseline__min,,,,
Makariv,s2__composite__b02__p10,s2__composite__b02__prebattle_baseline__p10,s2__composite__b02__post_winter_baseline__p10,,,,
Makariv,s2__composite__b02__p50,s2__composite__b02__prebattle_baseline__p50,s2__composite__b02__post_winter_baseline__p50,,,,
Makariv,s2__composite__b02__p90,s2__composite__b02__prebattle_baseline__p90,s2__composite__b02__post_winter_baseline__p90,,,,
Makariv,s2__composite__b02__std,s2__composite__b02__prebattle_baseline__std,s2__composite__b02__post_winter_baseline__std,,,,
Makariv,s2__composite__b03__max,s2__composite__b03__prebattle_baseline__max,s2__composite__b03__post_winter_baseline__max,,,,
Makariv,s2__composite__b03__mean,s2__composite__b03__prebattle_baseline__mean,s2__composite__b03__post_winter_baseline__mean,,,,
Makariv,s2__composite__b03__min,s2__composite__b03__prebattle_baseline__min,s2__composite__b03__post_winter_baseline__min,,,,
Makariv,s2__composite__b03__p10,s2__composite__b03__prebattle_baseline__p10,s2__composite__b03__post_winter_baseline__p10,,,,
Makariv,s2__composite__b03__p50,s2__composite__b03__prebattle_baseline__p50,s2__composite__b03__post_winter_baseline__p50,,,,
Makariv,s2__composite__b03__p90,s2__composite__b03__prebattle_baseline__p90,s2__composite__b03__post_winter_baseline__p90,,,,
Makariv,s2__composite__b03__std,s2__composite__b03__prebattle_baseline__std,s2__composite__b03__post_winter_baseline__std,,,,
Makariv,s2__composite__b04__max,s2__composite__b04__prebattle_baseline__max,s2__composite__b04__post_winter_baseline__max,,,,
Makariv,s2__composite__b04__mean,s2__composite__b04__prebattle_baseline__mean,s2__composite__b04__post_winter_baseline__mean,,,,
Makariv,s2__composite__b04__min,s2__composite__b04__prebattle_baseline__min,s2__composite__b04__post_winter_baseline__min,,,,
Makariv,s2__composite__b04__p10,s2__composite__b04__prebattle_baseline__p10,s2__composite__b04__post_winter_baseline__p10,,,,
Makariv,s2__composite__b04__p50,s2__composite__b04__prebattle_baseline__p50,s2__composite__b04__post_winter_baseline__p50,,,,
Makariv,s2__composite__b04__p90,s2__composite__b04__prebattle_baseline__p90,s2__composite__b04__post_winter_baseline__p90,,,,
Makariv,s2__composite__b04__std,s2__composite__b04__prebattle_baseline__std,s2__composite__b04__post_winter_baseline__std,,,,
Makariv,s2__composite__b05__max,s2__composite__b05__prebattle_baseline__max,s2__composite__b05__post_winter_baseline__max,,,,
Makariv,s2__composite__b05__mean,s2__composite__b05__prebattle_baseline__mean,s2__composite__b05__post_winter_baseline__mean,,,,
Makariv,s2__composite__b05__min,s2__composite__b05__prebattle_baseline__min,s2__composite__b05__post_winter_baseline__min,,,,
Makariv,s2__composite__b05__p10,s2__composite__b05__prebattle_baseline__p10,s2__composite__b05__post_winter_baseline__p10,,,,
Makariv,s2__composite__b05__p50,s2__composite__b05__prebattle_baseline__p50,s2__composite__b05__post_winter_baseline__p50,,,,
Makariv,s2__composite__b05__p90,s2__composite__b05__prebattle_baseline__p90,s2__composite__b05__post_winter_baseline__p90,,,,
Makariv,s2__composite__b05__std,s2__composite__b05__prebattle_baseline__std,s2__composite__b05__post_winter_baseline__std,,,,
Makariv,s2__composite__b07__max,s2__composite__b07__prebattle_baseline__max,s2__composite__b07__post_winter_baseline__max,,,,
Makariv,s2__composite__b07__mean,s2__composite__b07__prebattle_baseline__mean,s2__composite__b07__post_winter_baseline__mean,,,,
Makariv,s2__composite__b07__min,s2__composite__b07__prebattle_baseline__min,s2__composite__b07__post_winter_baseline__min,,,,
Makariv,s2__composite__b07__p10,s2__composite__b07__prebattle_baseline__p10,s2__composite__b07__post_winter_baseline__p10,,,,
Makariv,s2__composite__b07__p50,s2__composite__b07__prebattle_baseline__p50,s2__composite__b07__post_winter_baseline__p50,,,,
Makariv,s2__composite__b07__p90,s2__composite__b07__prebattle_baseline__p90,s2__composite__b07__post_winter_baseline__p90,,,,
Makariv,s2__composite__b07__std,s2__composite__b07__prebattle_baseline__std,s2__composite__b07__post_winter_baseline__std,,,,
Makariv,s2__composite__b08__max,s2__composite__b08__prebattle_baseline__max,s2__composite__b08__post_winter_baseline__max,,,,
Makariv,s2__composite__b08__mean,s2__composite__b08__prebattle_baseline__mean,s2__composite__b08__post_winter_baseline__mean,,,,
Makariv,s2__composite__b08__min,s2__composite__b08__prebattle_baseline__min,s2__composite__b08__post_winter_baseline__min,,,,
Makariv,s2__composite__b08__p10,s2__composite__b08__prebattle_baseline__p10,s2__composite__b08__post_winter_baseline__p10,,,,
Makariv,s2__composite__b08__p50,s2__composite__b08__prebattle_baseline__p50,s2__composite__b08__post_winter_baseline__p50,,,,
Makariv,s2__composite__b08__p90,s2__composite__b08__prebattle_baseline__p90,s2__composite__b08__post_winter_baseline__p90,,,,
Makariv,s2__composite__b08__std,s2__composite__b08__prebattle_baseline__std,s2__composite__b08__post_winter_baseline__std,,,,
Makariv,s2__composite__b11__max,s2__composite__b11__prebattle_baseline__max,s2__composite__b11__post_winter_baseline__max,,,,
Makariv,s2__composite__b11__mean,s2__composite__b11__prebattle_baseline__mean,s2__composite__b11__post_winter_baseline__mean,,,,
Makariv,s2__composite__b11__min,s2__composite__b11__prebattle_baseline__min,s2__composite__b11__post_winter_baseline__min,,,,
Makariv,s2__composite__b11__p10,s2__composite__b11__prebattle_baseline__p10,s2__composite__b11__post_winter_baseline__p10,,,,
Makariv,s2__composite__b11__p50,s2__composite__b11__prebattle_baseline__p50,s2__composite__b11__post_winter_baseline__p50,,,,
Makariv,s2__composite__b11__p90,s2__composite__b11__prebattle_baseline__p90,s2__composite__b11__post_winter_baseline__p90,,,,
Makariv,s2__composite__b11__std,s2__composite__b11__prebattle_baseline__std,s2__composite__b11__post_winter_baseline__std,,,,
Makariv,s2__composite__b12__max,s2__composite__b12__prebattle_baseline__max,s2__composite__b12__post_winter_baseline__max,,,,
Makariv,s2__composite__b12__mean,s2__composite__b12__prebattle_baseline__mean,s2__composite__b12__post_winter_baseline__mean,,,,
Makariv,s2__composite__b12__min,s2__composite__b12__prebattle_baseline__min,s2__composite__b12__post_winter_baseline__min,,,,
Makariv,s2__composite__b12__p10,s2__composite__b12__prebattle_baseline__p10,s2__composite__b12__post_winter_baseline__p10,,,,
Makariv,s2__composite__b12__p50,s2__composite__b12__prebattle_baseline__p50,s2__composite__b12__post_winter_baseline__p50,,,,
Makariv,s2__composite__b12__p90,s2__composite__b12__prebattle_baseline__p90,s2__composite__b12__post_winter_baseline__p90,,,,
Makariv,s2__composite__b12__std,s2__composite__b12__prebattle_baseline__std,s2__composite__b12__post_winter_baseline__std,,,,
Makariv,s2__composite__b8a__max,s2__composite__b8a__prebattle_baseline__max,s2__composite__b8a__post_winter_baseline__max,,,,
Makariv,s2__composite__b8a__mean,s2__composite__b8a__prebattle_baseline__mean,s2__composite__b8a__post_winter_baseline__mean,,,,
Makariv,s2__composite__b8a__min,s2__composite__b8a__prebattle_baseline__min,s2__composite__b8a__post_winter_baseline__min,,,,
Makariv,s2__composite__b8a__p10,s2__composite__b8a__prebattle_baseline__p10,s2__composite__b8a__post_winter_baseline__p10,,,,
Makariv,s2__composite__b8a__p50,s2__composite__b8a__prebattle_baseline__p50,s2__composite__b8a__post_winter_baseline__p50,,,,
Makariv,s2__composite__b8a__p90,s2__composite__b8a__prebattle_baseline__p90,s2__composite__b8a__post_winter_baseline__p90,,,,
Makariv,s2__composite__b8a__std,s2__composite__b8a__prebattle_baseline__std,s2__composite__b8a__post_winter_baseline__std,,,,
Makariv,s2__composite__cire__max,s2__composite__cire__prebattle_baseline__max,s2__composite__cire__post_winter_baseline__max,,,,
Makariv,s2__composite__cire__mean,s2__composite__cire__prebattle_baseline__mean,s2__composite__cire__post_winter_baseline__mean,,,,
Makariv,s2__composite__cire__min,s2__composite__cire__prebattle_baseline__min,s2__composite__cire__post_winter_baseline__min,,,,
Makariv,s2__composite__cire__p10,s2__composite__cire__prebattle_baseline__p10,s2__composite__cire__post_winter_baseline__p10,,,,
Makariv,s2__composite__cire__p50,s2__composite__cire__prebattle_baseline__p50,s2__composite__cire__post_winter_baseline__p50,,,,
Makariv,s2__composite__cire__p90,s2__composite__cire__prebattle_baseline__p90,s2__composite__cire__post_winter_baseline__p90,,,,
Makariv,s2__composite__cire__std,s2__composite__cire__prebattle_baseline__std,s2__composite__cire__post_winter_baseline__std,,,,
Makariv,s2__composite__mndwi__max,s2__composite__mndwi__prebattle_baseline__max,s2__composite__mndwi__post_winter_baseline__max,,,,
Makariv,s2__composite__mndwi__mean,s2__composite__mndwi__prebattle_baseline__mean,s2__composite__mndwi__post_winter_baseline__mean,,,,
Makariv,s2__composite__mndwi__min,s2__composite__mndwi__prebattle_baseline__min,s2__composite__mndwi__post_winter_baseline__min,,,,
Makariv,s2__composite__mndwi__p10,s2__composite__mndwi__prebattle_baseline__p10,s2__composite__mndwi__post_winter_baseline__p10,,,,
Makariv,s2__composite__mndwi__p50,s2__composite__mndwi__prebattle_baseline__p50,s2__composite__mndwi__post_winter_baseline__p50,,,,
Makariv,s2__composite__mndwi__p90,s2__composite__mndwi__prebattle_baseline__p90,s2__composite__mndwi__post_winter_baseline__p90,,,,
Makariv,s2__composite__mndwi__std,s2__composite__mndwi__prebattle_baseline__std,s2__composite__mndwi__post_winter_baseline__std,,,,
Makariv,s2__composite__ndbi__max,s2__composite__ndbi__prebattle_baseline__max,s2__composite__ndbi__post_winter_baseline__max,,,,
Makariv,s2__composite__ndbi__mean,s2__composite__ndbi__prebattle_baseline__mean,s2__composite__ndbi__post_winter_baseline__mean,,,,
Makariv,s2__composite__ndbi__min,s2__composite__ndbi__prebattle_baseline__min,s2__composite__ndbi__post_winter_baseline__min,,,,
Makariv,s2__composite__ndbi__p10,s2__composite__ndbi__prebattle_baseline__p10,s2__composite__ndbi__post_winter_baseline__p10,,,,
Makariv,s2__composite__ndbi__p50,s2__composite__ndbi__prebattle_baseline__p50,s2__composite__ndbi__post_winter_baseline__p50,,,,
Makariv,s2__composite__ndbi__p90,s2__composite__ndbi__prebattle_baseline__p90,s2__composite__ndbi__post_winter_baseline__p90,,,,
Makariv,s2__composite__ndbi__std,s2__composite__ndbi__prebattle_baseline__std,s2__composite__ndbi__post_winter_baseline__std,,,,
Makariv,s2__composite__ndre__max,s2__composite__ndre__prebattle_baseline__max,s2__composite__ndre__post_winter_baseline__max,,,,
Makariv,s2__composite__ndre__mean,s2__composite__ndre__prebattle_baseline__mean,s2__composite__ndre__post_winter_baseline__mean,,,,
Makariv,s2__composite__ndre__min,s2__composite__ndre__prebattle_baseline__min,s2__composite__ndre__post_winter_baseline__min,,,,
Makariv,s2__composite__ndre__p10,s2__composite__ndre__prebattle_baseline__p10,s2__composite__ndre__post_winter_baseline__p10,,,,
Makariv,s2__composite__ndre__p50,s2__composite__ndre__prebattle_baseline__p50,s2__composite__ndre__post_winter_baseline__p50,,,,
Makariv,s2__composite__ndre__p90,s2__composite__ndre__prebattle_baseline__p90,s2__composite__ndre__post_winter_baseline__p90,,,,
Makariv,s2__composite__ndre__std,s2__composite__ndre__prebattle_baseline__std,s2__composite__ndre__post_winter_baseline__std,,,,
Makariv,s2__composite__ndvi__max,s2__composite__ndvi__prebattle_baseline__max,s2__composite__ndvi__post_winter_baseline__max,,,,
Makariv,s2__composite__ndvi__mean,s2__composite__ndvi__prebattle_baseline__mean,s2__composite__ndvi__post_winter_baseline__mean,,,,
Makariv,s2__composite__ndvi__min,s2__composite__ndvi__prebattle_baseline__min,s2__composite__ndvi__post_winter_baseline__min,,,,
Makariv,s2__composite__ndvi__p10,s2__composite__ndvi__prebattle_baseline__p10,s2__composite__ndvi__post_winter_baseline__p10,,,,
Makariv,s2__composite__ndvi__p50,s2__composite__ndvi__prebattle_baseline__p50,s2__composite__ndvi__post_winter_baseline__p50,,,,
Makariv,s2__composite__ndvi__p90,s2__composite__ndvi__prebattle_baseline__p90,s2__composite__ndvi__post_winter_baseline__p90,,,,
Makariv,s2__composite__ndvi__std,s2__composite__ndvi__prebattle_baseline__std,s2__composite__ndvi__post_winter_baseline__std,,,,
Makariv,s2__composite__ndwi__max,s2__composite__ndwi__prebattle_baseline__max,s2__composite__ndwi__post_winter_baseline__max,,,,
Makariv,s2__composite__ndwi__mean,s2__composite__ndwi__prebattle_baseline__mean,s2__composite__ndwi__post_winter_baseline__mean,,,,
Makariv,s2__composite__ndwi__min,s2__composite__ndwi__prebattle_baseline__min,s2__composite__ndwi__post_winter_baseline__min,,,,
Makariv,s2__composite__ndwi__p10,s2__composite__ndwi__prebattle_baseline__p10,s2__composite__ndwi__post_winter_baseline__p10,,,,
Makariv,s2__composite__ndwi__p50,s2__composite__ndwi__prebattle_baseline__p50,s2__composite__ndwi__post_winter_baseline__p50,,,,
Makariv,s2__composite__ndwi__p90,s2__composite__ndwi__prebattle_baseline__p90,s2__composite__ndwi__post_winter_baseline__p90,,,,
Makariv,s2__composite__ndwi__std,s2__composite__ndwi__prebattle_baseline__std,s2__composite__ndwi__post_winter_baseline__std,,,,
Mariupol,s2__composite__b02__max,s2__composite__b02__prebattle_baseline__max,s2__composite__b02__post_winter_baseline__max,0.6855937897628188,0.6250907265578943,0.6797712882457756,0.05468056168788127
Mariupol,s2__composite__b02__mean,s2__composite__b02__prebattle_baseline__mean,s2__composite__b02__post_winter_baseline__mean,0.7433639225091927,0.7079306876187212,0.7347106338432796,0.02677994622455837
Mariupol,s2__composite__b02__min,s2__composite__b02__prebattle_baseline__min,s2__composite__b02__post_winter_baseline__min,0.6163160635081233,0.6270242725333387,0.6082372399409524,-0.018787032592386343
Mariupol,s2__composite__b02__p10,s2__composite__b02__prebattle_baseline__p10,s2__composite__b02__post_winter_baseline__p10,0.664477664389933,0.6523989048011049,0.6592196534034989,0.006820748602394011
Mariupol,s2__composite__b02__p50,s2__composite__b02__prebattle_baseline__p50,s2__composite__b02__post_winter_baseline__p50,0.7070052261596854,0.6594432067442869,0.6995524378763853,0.04010923113209841
Mariupol,s2__composite__b02__p90,s2__composite__b02__prebattle_baseline__p90,s2__composite__b02__post_winter_baseline__p90,0.7170956873016331,0.658036204334172,0.7102386470237828,0.05220244268961083
Mariupol,s2__composite__b02__std,s2__composite__b02__prebattle_baseline__std,s2__composite__b02__post_winter_baseline__std,0.6121464020827313,0.5600322637700813,0.6067346877696408,0.046702423999559484
Mariupol,s2__composite__b03__max,s2__composite__b03__prebattle_baseline__max,s2__composite__b03__post_winter_baseline__max,0.6828375686385408,0.6388439308263809,0.6762928841468588,0.03744895332047793
Mariupol,s2__composite__b03__mean,s2__composite__b03__prebattle_baseline__mean,s2__composite__b03__post_winter_baseline__mean,0.7313188016366963,0.7175836347387812,0.7214818507508963,0.003898216012115152
Mariupol,s2__composite__b03__min,s2__composite__b03__prebattle_baseline__min,s2__composite__b03__post_winter_baseline__min,0.6234663371626643,0.6715550294945083,0.6103668560100545,-0.06118817348445382
Mariupol,s2__composite__b03__p10,s2__composite__b03__prebattle_baseline__p10,s2__composite__b03__post_winter_baseline__p10,0.6637500389121884,0.688917800467932,0.6538090786771804,-0.03510872179075164
Mariupol,s2__composite__b03__p50,s2__composite__b03__prebattle_baseline__p50,s2__composite__b03__post_winter_baseline__p50,0.6942478035756788,0.6680037289563296,0.6852149016789524,0.017211172722622736
Mariupol,s2__composite__b03__p90,s2__composite__b03__prebattle_baseline__p90,s2__composite__b03__post_winter_baseline__p90,0.7088642985996582,0.6649948306844354,0.7016057710604223,0.03661094037598689
Mariupol,s2__composite__b03__std,s2__composite__b03__prebattle_baseline__std,s2__composite__b03__post_winter_baseline__std,0.6319526152628283,0.5999294268213908,0.6236139319168997,0.0236845050955089
Mariupol,s2__composite__b04__max,s2__composite__b04__prebattle_baseline__max,s2__composite__b04__post_winter_baseline__max,0.7021985090516235,0.6724984536475407,0.6964885171329721,0.023990063485431423
Mariupol,s2__composite__b04__mean,s2__composite__b04__prebattle_baseline__mean,s2__composite__b04__post_winter_baseline__mean,0.757067896167238,0.7409107176429865,0.750339384789218,0.009428667146231473
Mariupol,s2__composite__b04__min,s2__composite__b04__prebattle_baseline__min,s2__composite__b04__post_winter_baseline__min,0.663835044617996,0.6756748283268688,0.659711783217455,-0.01596304510941371
Mariupol,s2__composite__b04__p10,s2__composite__b04__prebattle_baseline__p10,s2__composite__b04__post_winter_baseline__p10,0.6974799768018906,0.6965826829162546,0.695059346320096,-0.0015233365961585532
Mariupol,s2__composite__b04__p50,s2__composite__b04__prebattle_baseline__p50,s2__composite__b04__post_winter_baseline__p50,0.7214529252599655,0.689833381763517,0.7173211575077391,0.02748777574422201
Mariupol,s2__composite__b04__p90,s2__composite__b04__prebattle_baseline__p90,s2__composite__b04__post_winter_baseline__p90,0.7270956383365991,0.6991896713493686,0.7204788448618232,0.02128917351245463
Mariupol,s2__composite__b04__std,s2__composite__b04__prebattle_baseline__std,s2__composite__b04__post_winter_baseline__std,0.6400757118973173,0.616814987967803,0.6314684171449632,0.014653429177160171
Mariupol,s2__composite__b05__max,s2__composite__b05__prebattle_baseline__max,s2__composite__b05__post_winter_baseline__max,0.649726637571351,0.6468835991572432,0.6409461486554786,-0.005937450501764641
Mariupol,s2__composite__b05__mean,s2__composite__b05__prebattle_baseline__mean,s2__composite__b05__post_winter_baseline__mean,0.6498599041289831,0.6958646872585676,0.6339325091552981,-0.061932178103269564
Mariupol,s2__composite__b05__min,s2__composite__b05__prebattle_baseline__min,s2__composite__b05__post_winter_baseline__min,0.618148887689623,0.6920304138694053,0.5992967103470532,-0.0927337035223521
Mariupol,s2__composite__b05__p10,s2__composite__b05__prebattle_baseline__p10,s2__composite__b05__post_winter_baseline__p10,0.6262539725199584,0.6966655657457225,0.6073955040610582,-0.08927006168466423
Mariupol,s2__composite__b05__p50,s2__composite__b05__prebattle_baseline__p50,s2__composite__b05__post_winter_baseline__p50,0.6433210226314534,0.6912665991318684,0.6268944263545235,-0.06437217277734486
Mariupol,s2__composite__b05__p90,s2__composite__b05__prebattle_baseline__p90,s2__composite__b05__post_winter_baseline__p90,0.652034493715948,0.6625379555489409,0.6409442367426814,-0.021593718806259488
Mariupol,s2__composite__b05__std,s2__composite__b05__prebattle_baseline__std,s2__composite__b05__post_winter_baseline__std,0.5707392970414777,0.5767199916076885,0.5606809206843625,-0.016039070923326015
Mariupol,s2__composite__b07__max,s2__composite__b07__prebattle_baseline__max,s2__composite__b07__post_winter_baseline__max,0.464261497369534,0.5690981244910911,0.4456237373317842,-0.12347438715930692
Mariupol,s2__composite__b07__mean,s2__composite__b07__prebattle_baseline__mean,s2__composite__b07__post_winter_baseline__mean,0.515806874700593,0.6775681571046444,0.48479720845817637,-0.192770948646468
Mariupol,s2__composite__b07__min,s2__composite__b07__prebattle_baseline__min,s2__composite__b07__post_winter_baseline__min,0.5399352382339888,0.7357448717137091,0.4991754436781004,-0.23656942803560865
Mariupol,s2__composite__b07__p10,s2__composite__b07__prebattle_baseline__p10,s2__composite__b07__post_winter_baseline__p10,0.535746440622194,0.7280918454029173,0.49626535782367814,-0.23182648757923913
Mariupol,s2__composite__b07__p50,s2__composite__b07__prebattle_baseline__p50,s2__composite__b07__post_winter_baseline__p50,0.5108374022995725,0.6738741118195576,0.4794499352885251,-0.1944241765310325
Mariupol,s2__composite__b07__p90,s2__composite__b07__prebattle_baseline__p90,s2__composite__b07__post_winter_baseline__p90,0.47679207100700843,0.5939379555859784,0.45568346501892804,-0.13825449056705036
Mariupol,s2__composite__b07__std,s2__composite__b07__prebattle_baseline__std,s2__composite__b07__post_winter_baseline__std,0.44095657374166586,0.5678946500676045,0.4093883513919114,-0.15850629867569316
Mariupol,s2__composite__b08__max,s2__composite__b08__prebattle_baseline__max,s2__composite__b08__post_winter_baseline__max,0.4310559765255213,0.5100245307007386,0.41706594254429913,-0.09295858815643948
Mariupol,s2__composite__b08__mean,s2__composite__b08__prebattle_baseline__mean,s2__composite__b08__post_winter_baseline__mean,0.554349954936266,0.6822043622939004,0.5284589738240413,-0.15374538846985908
Mariupol,s2__composite__b08__min,s2__composite__b08__prebattle_baseline__min,s2__composite__b08__post_winter_baseline__min,0.6031515009119727,0.7444081594759971,0.5701604992685925,-0.17424766020740468
Mariupol,s2__composite__b08__p10,s2__composite__b08__prebattle_baseline__p10,s2__composite__b08__post_winter_baseline__p10,0.6070012695223094,0.7485916531122198,0.5746937930335613,-0.17389786007865848
Mariupol,s2__composite__b08__p50,s2__composite__b08__prebattle_baseline__p50,s2__composite__b08__post_winter_baseline__p50,0.5246533829175278,0.6434101923192534,0.5005288015972763,-0.14288139072197714
Mariupol,s2__composite__b08__p90,s2__composite__b08__prebattle_baseline__p90,s2__composite__b08__post_winter_baseline__p90,0.4627842257043899,0.5594702617486492,0.4450876467334471,-0.11438261501520214
Mariupol,s2__composite__b08__std,s2__composite__b08__prebattle_baseline__std,s2__composite__b08__post_winter_baseline__std,0.453400093252357,0.5578816605516074,0.42616999860577814,-0.13171166194582923
Mariupol,s2__composite__b11__max,s2__composite__b11__prebattle_baseline__max,s2__composite__b11__post_winter_baseline__max,0.7162482722450403,0.6865725720899418,0.7224850237465091,0.03591245165656731
Mariupol,s2__composite__b11__mean,s2__composite__b11__prebattle_baseline__mean,s2__composite__b11__post_winter_baseline__mean,0.7428867263363356,0.7388251018170633,0.7445568118332692,0.005731710016205871
Mariupol,s2__composite__b11__min,s2__composite__b11__prebattle_baseline__min,s2__composite__b11__post_winter_baseline__min,0.7503804667804422,0.7615346500283228,0.7481696363131207,-0.013365013715202045
Mariupol,s2__composite__b11__p10,s2__composite__b11__prebattle_baseline__p10,s2__composite__b11__post_winter_baseline__p10,0.7485913260133237,0.7582286859718759,0.7471318900367492,-0.011096795935126691
Mariupol,s2__composite__b11__p50,s2__composite__b11__prebattle_baseline__p50,s2__composite__b11__post_winter_baseline__p50,0.7364133326404574,0.7335623944991015,0.7380748057147778,0.004512411215676249
Mariupol,s2__composite__b11__p90,s2__composite__b11__prebattle_baseline__p90,s2__composite__b11__post_winter_baseline__p90,0.7215085231694512,0.7020522822296146,0.7263458415232678,0.024293559293653177
Mariupol,s2__composite__b11__std,s2__composite__b11__prebattle_baseline__std,s2__composite__b11__post_winter_baseline__std,0.5821761007907386,0.6561548999763226,0.5642126850820129,-0.09194221489430965
Mariupol,s2__composite__b12__max,s2__composite__b12__prebattle_baseline__max,s2__composite__b12__post_winter_baseline__max,0.7530811477151399,0.7461516412410351,0.7538527505675846,0.007701109326549549
Mariupol,s2__composite__b12__mean,s2__composite__b12__prebattle_baseline__mean,s2__composite__b12__post_winter_baseline__mean,0.7769812831920115,0.7875076308278365,0.7748042714291131,-0.012703359398723357
Mariupol,s2__composite__b12__min,s2__composite__b12__prebattle_baseline__min,s2__composite__b12__post_winter_baseline__min,0.7784920850251199,0.7872945213081488,0.776741887956094,-0.010552633352054808
Mariupol,s2__composite__b12__p10,s2__composite__b12__prebattle_baseline__p10,s2__composite__b12__post_winter_baseline__p10,0.7793950729959283,0.7897488405543078,0.7773972056537347,-0.012351634900573116
Mariupol,s2__composite__b12__p50,s2__composite__b12__prebattle_baseline__p50,s2__composite__b12__post_winter_baseline__p50,0.7713544469077661,0.7800632164151121,0.7694892757587185,-0.01057394065639361
Mariupol,s2__composite__b12__p90,s2__composite__b12__prebattle_baseline__p90,s2__composite__b12__post_winter_baseline__p90,0.759281610170903,0.7614214820757416,0.7584591461441939,-0.0029623359315477105
Mariupol,s2__composite__b12__std,s2__composite__b12__prebattle_baseline__std,s2__composite__b12__post_winter_baseline__std,0.6028341893988908,0.6254380494976113,0.5914486043635719,-0.03398944513403934
Mariupol,s2__composite__b8a__max,s2__composite__b8a__prebattle_baseline__max,s2__composite__b8a__post_winter_baseline__max,0.5084303760759818,0.6047916826754891,0.4885269755934998,-0.11626470708198933
Mariupol,s2__composite__b8a__mean,s2__composite__b8a__prebattle_baseline__mean,s2__composite__b8a__post_winter_baseline__mean,0.5621489083002716,0.7029102586447378,0.531867248835652,-0.17104300980908582
Mariupol,s2__composite__b8a__min,s2__composite__b8a__prebattle_baseline__min,s2__composite__b8a__post_winter_baseline__min,0.5889843222527567,0.7606699331157394,0.5503332177660242,-0.2103367153497152
Mariupol,s2__composite__b8a__p10,s2__composite__b8a__prebattle_baseline__p10,s2__composite__b8a__post_winter_baseline__p10,0.5841960731579896,0.7530237650335765,0.5467628367283377,-0.2062609283052388
Mariupol,s2__composite__b8a__p50,s2__composite__b8a__prebattle_baseline__p50,s2__composite__b8a__post_winter_baseline__p50,0.5573296682426018,0.6967530385319115,0.5274447667028006,-0.1693082718291109
Mariupol,s2__composite__b8a__p90,s2__composite__b8a__prebattle_baseline__p90,s2__composite__b8a__post_winter_baseline__p90,0.5216241805967792,0.6269970747801848,0.4998710191438219,-0.12712605563636292
Mariupol,s2__composite__b8a__std,s2__composite__b8a__prebattle_baseline__std,s2__composite__b8a__post_winter_baseline__std,0.45071905102053766,0.5752684315101718,0.4212023314074258,-0.15406610010274602
Mariupol,s2__composite__cire__max,s2__composite__cire__prebattle_baseline__max,s2__composite__cire__post_winter_baseline__max,0.6340406340037827,0.662662099893843,0.616383177400615,-0.04627892249322796
Mariupol,s2__composite__cire__mean,s2__composite__cire__prebattle_baseline__mean,s2__composite__cire__post_winter_baseline__mean,0.7200754640653334,0.7616850239587818,0.6985500660122308,-0.063134957946551
Mariupol,s2__composite__cire__min,s2__composite__cire__prebattle_baseline__min,s2__composite__cire__post_winter_baseline__min,0.7502782670908539,0.786013310975462,0.7283624852981087,-0.05765082567735336
Mariupol,s2__composite__cire__p10,s2__composite__cire__prebattle_baseline__p10,s2__composite__cire__post_winter_baseline__p10,0.747991863579442,0.7838716173669471,0.7265838237827538,-0.057287793584193336
Mariupol,s2__composite__cire__p50,s2__composite__cire__prebattle_baseline__p50,s2__composite__cire__post_winter_baseline__p50,0.7156788422818334,0.757679111103548,0.6941420991233428,-0.06353701198020523
Mariupol,s2__composite__cire__p90,s2__composite__cire__prebattle_baseline__p90,s2__composite__cire__post_winter_baseline__p90,0.6562490319971124,0.6862852739822334,0.6374065505405346,-0.048878723441698746
Mariupol,s2__composite__cire__std,s2__composite__cire__prebattle_baseline__std,s2__composite__cire__post_winter_baseline__std,0.38826796362469823,0.4100406809526765,0.38322989863609097,-0.026810782316585513
Mariupol,s2__composite__mndwi__max,s2__composite__mndwi__prebattle_baseline__max,s2__composite__mndwi__post_winter_baseline__max,0.752263295477089,0.6704452094759588,0.7446509378193049,0.07420572834334616
Mariupol,s2__composite__mndwi__mean,s2__composite__mndwi__prebattle_baseline__mean,s2__composite__mndwi__post_winter_baseline__mean,0.845094708489257,0.7561087986592159,0.8433819400062693,0.08727314134705344
Mariupol,s2__composite__mndwi__min,s2__composite__mndwi__prebattle_baseline__min,s2__composite__mndwi__post_winter_baseline__min,0.7627270128022645,0.6344706763100598,0.7715933024659255,0.13712262615586568
Mariupol,s2__composite__mndwi__p10,s2__composite__mndwi__prebattle_baseline__p10,s2__composite__mndwi__post_winter_baseline__p10,0.7996512467660909,0.6716886623698085,0.8064873735327319,0.1347987111629234
Mariupol,s2__composite__mndwi__p50,s2__composite__mndwi__prebattle_baseline__p50,s2__composite__mndwi__post_winter_baseline__p50,0.8093717217039428,0.7011786587412069,0.8089175696345351,0.10773891089332821
Mariupol,s2__composite__mndwi__p90,s2__composite__mndwi__prebattle_baseline__p90,s2__composite__mndwi__post_winter_baseline__p90,0.79531951544226,0.7181143269264101,0.7882276222852085,0.0701132953587984
Mariupol,s2__composite__mndwi__std,s2__composite__mndwi__prebattle_baseline__std,s2__composite__mndwi__post_winter_baseline__std,0.5906864779011565,0.5596083741425911,0.5841374094879684,0.024529035345377315
Mariupol,s2__composite__ndbi__max,s2__composite__ndbi__prebattle_baseline__max,s2__composite__ndbi__post_winter_baseline__max,0.5733338606929329,0.6481458611795938,0.5573843959862531,-0.09076146519334072
Mariupol,s2__composite__ndbi__mean,s2__composite__ndbi__prebattle_baseline__mean,s2__composite__ndbi__post_winter_baseline__mean,0.5409367836404189,0.5981014689905039,0.5389672701934266,-0.059134198797077264
Mariupol,s2__composite__ndbi__min,s2__composite__ndbi__prebattle_baseline__min,s2__composite__ndbi__post_winter_baseline__min,0.3917335533624401,0.41512963345279397,0.39191197829786284,-0.023217655154931127
Mariupol,s2__composite__ndbi__p10,s2__composite__ndbi__prebattle_baseline__p10,s2__composite__ndbi__post_winter_baseline__p10,0.4257784494821599,0.45982430416790226,0.4255263895769123,-0.034297914590989964
Mariupol,s2__composite__ndbi__p50,s2__composite__ndbi__prebattle_baseline__p50,s2__composite__ndbi__post_winter_baseline__p50,0.4879942477600654,0.5232186855899417,0.48832223474153463,-0.034896450848407035
Mariupol,s2__composite__ndbi__p90,s2__composite__ndbi__prebattle_baseline__p90,s2__composite__ndbi__post_winter_baseline__p90,0.5876038598420872,0.6636348563346723,0.5729091975122107,-0.09072565882246164
Mariupol,s2__composite__ndbi__std,s2__composite__ndbi__prebattle_baseline__std,s2__composite__ndbi__post_winter_baseline__std,0.4628667153950363,0.5675704184087211,0.43329706159028253,-0.1342733568184386
Mariupol,s2__composite__ndre__max,s2__composite__ndre__prebattle_baseline__max,s2__composite__ndre__post_winter_baseline__max,0.6984684210582254,0.7017154664750301,0.684627130301657,-0.01708833617337313
Mariupol,s2__composite__ndre__mean,s2__composite__ndre__prebattle_baseline__mean,s2__composite__ndre__post_winter_baseline__mean,0.7749643325519706,0.7936294555965824,0.7585532739398547,-0.035076181656727656
Mariupol,s2__composite__ndre__min,s2__composite__ndre__prebattle_baseline__min,s2__composite__ndre__post_winter_baseline__min,0.7972686249701302,0.811277637399086,0.781305859721061,-0.029971777678024947
Mariupol,s2__composite__ndre__p10,s2__composite__ndre__prebattle_baseline__p10,s2__composite__ndre__post_winter_baseline__p10,0.7948941446262789,0.8096896512679598,0.7790161916391262,-0.03067345962883361
Mariupol,s2__composite__ndre__p50,s2__composite__ndre__prebattle_baseline__p50,s2__composite__ndre__post_winter_baseline__p50,0.7690978945627617,0.7855102236410317,0.7527907448976104,-0.03271947874342129
Mariupol,s2__composite__ndre__p90,s2__composite__ndre__prebattle_baseline__p90,s2__composite__ndre__post_winter_baseline__p90,0.7197206042994928,0.7263838488684081,0.7047999397526612,-0.021583909115746924
Mariupol,s2__composite__ndre__std,s2__composite__ndre__prebattle_baseline__std,s2__composite__ndre__post_winter_baseline__std,0.4736199228073709,0.45623825082165664,0.4716102084068606,0.015371957585203933
Mariupol,s2__composite__ndvi__max,s2__composite__ndvi__prebattle_baseline__max,s2__composite__ndvi__post_winter_baseline__max,0.6077756738437646,0.6539179262445837,0.5882465282492696,-0.06567139799531407
Mariupol,s2__composite__ndvi__mean,s2__composite__ndvi__prebattle_baseline__mean,s2__composite__ndvi__post_winter_baseline__mean,0.7834982952519022,0.808489797090259,0.7655094825224253,-0.04298031456783369
Mariupol,s2__composite__ndvi__min,s2__composite__ndvi__prebattle_baseline__min,s2__composite__ndvi__post_winter_baseline__min,0.7822717991523535,0.8006148390582682,0.7592346965735827,-0.04138014248468558
Mariupol,s2__composite__ndvi__p10,s2__composite__ndvi__prebattle_baseline__p10,s2__composite__ndvi__post_winter_baseline__p10,0.8117387537674124,0.8387399535901519,0.7896288360391666,-0.049111117550985295
Mariupol,s2__composite__ndvi__p50,s2__composite__ndvi__prebattle_baseline__p50,s2__composite__ndvi__post_winter_baseline__p50,0.7586608665419129,0.7748478205232148,0.7408518181751504,-0.033996002348064325
Mariupol,s2__composite__ndvi__p90,s2__composite__ndvi__prebattle_baseline__p90,s2__composite__ndvi__post_winter_baseline__p90,0.664196241286344,0.699272418109245,0.6460723916781789,-0.05320002643106614
Mariupol,s2__composite__ndvi__std,s2__composite__ndvi__prebattle_baseline__std,s2__composite__ndvi__post_winter_baseline__std,0.48325711533125437,0.5197620043683281,0.4747865437765752,-0.04497546059175289
Mariupol,s2__composite__ndwi__max,s2__composite__ndwi__prebattle_baseline__max,s2__composite__ndwi__post_winter_baseline__max,0.7719239180466961,0.7826644725496357,0.7480792587935093,-0.03458521375612633
Mariupol,s2__composite__ndwi__mean,s2__composite__ndwi__prebattle_baseline__mean,s2__composite__ndwi__post_winter_baseline__mean,0.7785893904534475,0.8021442908282502,0.7583381366476286,-0.043806154180621615
Mariupol,s2__composite__ndwi__min,s2__composite__ndwi__prebattle_baseline__min,s2__composite__ndwi__post_winter_baseline__min,0.5943607411005108,0.6556732921203546,0.569715314038795,-0.08595797808155958
Mariupol,s2__composite__ndwi__p10,s2__composite__ndwi__prebattle_baseline__p10,s2__composite__ndwi__post_winter_baseline__p10,0.6518899886838755,0.6986891744764223,0.6289623403597243,-0.069726834116698
Mariupol,s2__composite__ndwi__p50,s2__composite__ndwi__prebattle_baseline__p50,s2__composite__ndwi__post_winter_baseline__p50,0.7507946852648918,0.7707064235201645,0.7300680000103357,-0.040638423509828825
Mariupol,s2__composite__ndwi__p90,s2__composite__ndwi__prebattle_baseline__p90,s2__composite__ndwi__post_winter_baseline__p90,0.8018386230936349,0.8161068473644056,0.7794633784064381,-0.03664346895796755
Mariupol,s2__composite__ndwi__std,s2__composite__ndwi__prebattle_baseline__std,s2__composite__ndwi__post_winter_baseline__std,0.4594198433992377,0.49502414142336354,0.45033677708821257,-0.04468736433515097
Moschun,s2__composite__b02__max,s2__composite__b02__prebattle_baseline__max,s2__composite__b02__post_winter_baseline__max,0.3269715005900936,0.09161584780884134,0.34240448547887764,0.2507886376700363
Moschun,s2__composite__b02__mean,s2__composite__b02__prebattle_baseline__mean,s2__composite__b02__post_winter_baseline__mean,0.39228094621494425,0.21625477623939457,0.40195742613305074,0.18570264989365617
Moschun,s2__composite__b02__min,s2__composite__b02__prebattle_baseline__min,s2__composite__b02__post_winter_baseline__min,0.3980978506543397,0.4554947471509965,0.3936366512975049,-0.06185809585349161
Moschun,s2__composite__b02__p10,s2__composite__b02__prebattle_baseline__p10,s2__composite__b02__post_winter_baseline__p10,0.4136776516809909,0.49835585009482364,0.40960123901863277,-0.08875461107619087
Moschun,s2__composite__b02__p50,s2__composite__b02__prebattle_baseline__p50,s2__composite__b02__post_winter_baseline__p50,0.39948386008597225,0.4435855845158714,0.39563000461298053,-0.047955579902890844
Moschun,s2__composite__b02__p90,s2__composite__b02__prebattle_baseline__p90,s2__composite__b02__post_winter_baseline__p90,0.3419519388042382,0.030489294580570377,0.3630883698761053,0.33259907529553495
Moschun,s2__composite__b02__std,s2__composite__b02__prebattle_baseline__std,s2__composite__b02__post_winter_baseline__std,0.271370047677147,0.07200930295694359,0.2882792343773293,0.2162699314203857
Moschun,s2__composite__b03__max,s2__composite__b03__prebattle_baseline__max,s2__composite__b03__post_winter_baseline__max,0.42729838688052113,0.09052705654718636,0.45660594652934017,0.3660788899821538
Moschun,s2__composite__b03__mean,s2__composite__b03__prebattle_baseline__mean,s2__composite__b03__post_winter_baseline__mean,0.4738082825765482,0.2764672546149882,0.4876984280573682,0.21123117344237996
Moschun,s2__composite__b03__min,s2__composite__b03__prebattle_baseline__min,s2__composite__b03__post_winter_baseline__min,0.38472346146512315,0.27947363534971004,0.38914986716278366,0.10967623181307362
Moschun,s2__composite__b03__p10,s2__composite__b03__prebattle_baseline__p10,s2__composite__b03__post_winter_baseline__p10,0.41277661004249644,0.3003474005362683,0.4188734985209798,0.11852609798471153
Moschun,s2__composite__b03__p50,s2__composite__b03__prebattle_baseline__p50,s2__composite__b03__post_winter_baseline__p50,0.45802668628936866,0.3794114496687804,0.4627986139894738,0.08338716432069343
Moschun,s2__composite__b03__p90,s2__composite__b03__prebattle_baseline__p90,s2__composite__b03__post_winter_baseline__p90,0.4543088073119959,0.1364180492039472,0.480987598275471,0.3445695490715238
Moschun,s2__composite__b03__std,s2__composite__b03__prebattle_baseline__std,s2__composite__b03__post_winter_baseline__std,0.35959969196119945,0.013846815346721275,0.3845192145089205,0.37067239916219924
Moschun,s2__composite__b04__max,s2__composite__b04__prebattle_baseline__max,s2__composite__b04__post_winter_baseline__max,0.47545283232754343,0.10487121979519268,0.4990849764376963,0.3942137566425036
Moschun,s2__composite__b04__mean,s2__composite__b04__prebattle_baseline__mean,s2__composite__b04__post_winter_baseline__mean,0.4985075479818722,0.36830738890477993,0.5078078538762133,0.13950046497143337
Moschun,s2__composite__b04__min,s2__composite__b04__prebattle_baseline__min,s2__composite__b04__post_winter_baseline__min,0.417876556151654,0.37903316442911966,0.41904796596115446,0.040014801532034794
Moschun,s2__composite__b04__p10,s2__composite__b04__prebattle_baseline__p10,s2__composite__b04__post_winter_baseline__p10,0.45200491790772956,0.4466019421793955,0.45211692186002006,0.005514979680624588
Moschun,s2__composite__b04__p50,s2__composite__b04__prebattle_baseline__p50,s2__composite__b04__post_winter_baseline__p50,0.46330969186999893,0.44031564598637973,0.4632541235926138,0.022938477606234076
Moschun,s2__composite__b04__p90,s2__composite__b04__prebattle_baseline__p90,s2__composite__b04__post_winter_baseline__p90,0.4946115740443148,0.1825048984029721,0.5166478372060633,0.3341429388030912
Moschun,s2__composite__b04__std,s2__composite__b04__prebattle_baseline__std,s2__composite__b04__post_winter_baseline__std,0.4151087189489957,0.04167725296666636,0.4343449885393137,0.39266773557264734
Moschun,s2__composite__b05__max,s2__composite__b05__prebattle_baseline__max,s2__composite__b05__post_winter_baseline__max,0.5825142992815217,0.4417701298594287,0.5954609625302588,0.1536908326708301
Moschun,s2__composite__b05__mean,s2__composite__b05__prebattle_baseline__mean,s2__composite__b05__post_winter_baseline__mean,0.5786823468973936,0.49638438896781983,0.5860573431212774,0.0896729541534576
Moschun,s2__composite__b05__min,s2__composite__b05__prebattle_baseline__min,s2__composite__b05__post_winter_baseline__min,0.5467538044756938,0.5753724530011759,0.546706381839985,-0.02866607116119091
Moschun,s2__composite__b05__p10,s2__composite__b05__prebattle_baseline__p10,s2__composite__b05__post_winter_baseline__p10,0.5595200014475803,0.5597564795799461,0.5601982682307801,0.0004417886508339963
Moschun,s2__composite__b05__p50,s2__composite__b05__prebattle_baseline__p50,s2__composite__b05__post_winter_baseline__p50,0.5693688243078178,0.48660480916555987,0.5765401963060621,0.08993538714050225
Moschun,s2__composite__b05__p90,s2__composite__b05__prebattle_baseline__p90,s2__composite__b05__post_winter_baseline__p90,0.5798866235168644,0.44448027551960506,0.592664534891915,0.1481842593723099
Moschun,s2__composite__b05__std,s2__composite__b05__prebattle_baseline__std,s2__composite__b05__post_winter_baseline__std,0.36940268361070744,0.3679910884451869,0.368037615649126,4.6527203939106254e-05
Moschun,s2__composite__b07__max,s2__composite__b07__prebattle_baseline__max,s2__composite__b07__post_winter_baseline__max,0.6468634728464353,0.7552098355302043,0.6384118426639886,-0.11679799286621562
Moschun,s2__composite__b07__mean,s2__composite__b07__prebattle_baseline__mean,s2__composite__b07__post_winter_baseline__mean,0.6644786544790764,0.7363437380532734,0.6594768672598464,-0.07686687079342691
Moschun,s2__composite__b07__min,s2__composite__b07__prebattle_baseline__min,s2__composite__b07__post_winter_baseline__min,0.6365509436623207,0.6400848282648276,0.6359222518243436,-0.0041625764404840115
Moschun,s2__composite__b07__p10,s2__composite__b07__prebattle_baseline__p10,s2__composite__b07__post_winter_baseline__p10,0.6437629024390805,0.6649891047798826,0.6417783295608319,-0.023210775219050683
Moschun,s2__composite__b07__p50,s2__composite__b07__prebattle_baseline__p50,s2__composite__b07__post_winter_baseline__p50,0.6547528300384303,0.742032102310353,0.6485231350969551,-0.09350896721339785
Moschun,s2__composite__b07__p90,s2__composite__b07__prebattle_baseline__p90,s2__composite__b07__post_winter_baseline__p90,0.651676847809763,0.7474385231666288,0.6445966433200553,-0.10284187984657356
Moschun,s2__composite__b07__std,s2__composite__b07__prebattle_baseline__std,s2__composite__b07__post_winter_baseline__std,0.43441195923605885,0.6542986698450364,0.41686962619645634,-0.23742904364858003
Moschun,s2__composite__b08__max,s2__composite__b08__prebattle_baseline__max,s2__composite__b08__post_winter_baseline__max,0.6353484287810153,0.6256352125274908,0.6348799425332824,0.009244730005791624
Moschun,s2__composite__b08__mean,s2__composite__b08__prebattle_baseline__mean,s2__composite__b08__post_winter_baseline__mean,0.6778609677315619,0.7597084067152428,0.6689551493206878,-0.09075325739455498
Moschun,s2__composite__b08__min,s2__composite__b08__prebattle_baseline__min,s2__composite__b08__post_winter_baseline__min,0.5878528773302584,0.7142207940350229,0.5745167700297424,-0.13970402400528048
Moschun,s2__composite__b08__p10,s2__composite__b08__prebattle_baseline__p10,s2__composite__b08__post_winter_baseline__p10,0.6242300578909853,0.7592313012374343,0.6106160110018825,-0.14861529023555187
Moschun,s2__composite__b08__p50,s2__composite__b08__prebattle_baseline__p50,s2__composite__b08__post_winter_baseline__p50,0.6541368784112964,0.7245399552761277,0.6462613758133438,-0.07827857946278394
Moschun,s2__composite__b08__p90,s2__composite__b08__prebattle_baseline__p90,s2__composite__b08__post_winter_baseline__p90,0.6407013890256067,0.689582051282664,0.6343292524558334,-0.05525279882683065
Moschun,s2__composite__b08__std,s2__composite__b08__prebattle_baseline__std,s2__composite__b08__post_winter_baseline__std,0.5033080536959796,0.4565931172022241,0.5070815447296837,0.05048842752745958
Moschun,s2__composite__b11__max,s2__composite__b11__prebattle_baseline__max,s2__composite__b11__post_winter_baseline__max,0.6792825944781529,0.8343944384377914,0.6574533257224513,-0.17694111271534008
Moschun,s2__composite__b11__mean,s2__composite__b11__prebattle_baseline__mean,s2__composite__b11__post_winter_baseline__mean,0.685141258509573,0.8555807464235576,0.6612949157663018,-0.1942858306572558
Moschun,s2__composite__b11__min,s2__composite__b11__prebattle_baseline__min,s2__composite__b11__post_winter_baseline__min,0.6805603884741729,0.8534342514579296,0.657798484581789,-0.1956357668761406
Moschun,s2__composite__b11__p10,s2__composite__b11__prebattle_baseline__p10,s2__composite__b11__post_winter_baseline__p10,0.6819723156698504,0.8645431775990151,0.6594867494067522,-0.20505642819226289
Moschun,s2__composite__b11__p50,s2__composite__b11__prebattle_baseline__p50,s2__composite__b11__post_winter_baseline__p50,0.676036753761202,0.8524313026877266,0.6531416346031468,-0.19928966808457982
Moschun,s2__composite__b11__p90,s2__composite__b11__prebattle_baseline__p90,s2__composite__b11__post_winter_baseline__p90,0.6794930922009811,0.8398114003285978,0.6566719300532313,-0.18313947027536648
Moschun,s2__composite__b11__std,s2__composite__b11__prebattle_baseline__std,s2__composite__b11__post_winter_baseline__std,0.5686447336986143,0.6245920229473422,0.5590634742478358,-0.06552854869950642
Moschun,s2__composite__b12__max,s2__composite__b12__prebattle_baseline__max,s2__composite__b12__post_winter_baseline__max,0.6722002604039804,0.8068152397874553,0.6556967867549465,-0.15111845303250881
Moschun,s2__composite__b12__mean,s2__composite__b12__prebattle_baseline__mean,s2__composite__b12__post_winter_baseline__mean,0.6869891386306507,0.8433072107316155,0.6680500904705903,-0.17525712026102525
Moschun,s2__composite__b12__min,s2__composite__b12__prebattle_baseline__min,s2__composite__b12__post_winter_baseline__min,0.697340523146453,0.8566626295303464,0.6795629830096791,-0.17709964652066734
Moschun,s2__composite__b12__p10,s2__composite__b12__prebattle_baseline__p10,s2__composite__b12__post_winter_baseline__p10,0.6965108384434218,0.8567087036661745,0.6788705059796694,-0.1778381976865051
Moschun,s2__composite__b12__p50,s2__composite__b12__prebattle_baseline__p50,s2__composite__b12__post_winter_baseline__p50,0.6709331819529579,0.8189324945863674,0.6517143832911902,-0.16721811129517716
Moschun,s2__composite__b12__p90,s2__composite__b12__prebattle_baseline__p90,s2__composite__b12__post_winter_baseline__p90,0.6689998510376506,0.8152035304931404,0.6517110700779413,-0.16349246041519916
Moschun,s2__composite__b12__std,s2__composite__b12__prebattle_baseline__std,s2__composite__b12__post_winter_baseline__std,0.5418704915892288,0.619158833580527,0.5337652537224061,-0.0853935798581209
Moschun,s2__composite__b8a__max,s2__composite__b8a__prebattle_baseline__max,s2__composite__b8a__post_winter_baseline__max,0.6525198322650939,0.7780459686200332,0.642355557685668,-0.13569041093436518
Moschun,s2__composite__b8a__mean,s2__composite__b8a__prebattle_baseline__mean,s2__composite__b8a__post_winter_baseline__mean,0.6937693330389907,0.808753689866403,0.6852178054207515,-0.12353588444565144
Moschun,s2__composite__b8a__min,s2__composite__b8a__prebattle_baseline__min,s2__composite__b8a__post_winter_baseline__min,0.6850766981050891,0.6926741569439537,0.6834803935928119,-0.00919376335114186
Moschun,s2__composite__b8a__p10,s2__composite__b8a__prebattle_baseline__p10,s2__composite__b8a__post_winter_baseline__p10,0.6866223333472029,0.7412930474376735,0.682123920701398,-0.0591691267362755
Moschun,s2__composite__b8a__p50,s2__composite__b8a__prebattle_baseline__p50,s2__composite__b8a__post_winter_baseline__p50,0.6848714516224288,0.792956364408525,0.6772506016618987,-0.11570576274662636
Moschun,s2__composite__b8a__p90,s2__composite__b8a__prebattle_baseline__p90,s2__composite__b8a__post_winter_baseline__p90,0.6613024813205516,0.7936560683345156,0.6520913572141362,-0.14156471112037938
Moschun,s2__composite__b8a__std,s2__composite__b8a__prebattle_baseline__std,s2__composite__b8a__post_winter_baseline__std,0.410987832782412,0.6009341965857244,0.3942297037204181,-0.20670449286530634
Moschun,s2__composite__cire__max,s2__composite__cire__prebattle_baseline__max,s2__composite__cire__post_winter_baseline__max,0.3308557489203145,0.349424906054507,0.3274417447381574,-0.021983161316349586
Moschun,s2__composite__cire__mean,s2__composite__cire__prebattle_baseline__mean,s2__composite__cire__post_winter_baseline__mean,0.3249953107292912,0.40483123936765636,0.31794003871740256,-0.0868912006502538
Moschun,s2__composite__cire__min,s2__composite__cire__prebattle_baseline__min,s2__composite__cire__post_winter_baseline__min,0.2787725081232899,0.16982810040237567,0.2854854876669995,0.11565738726462382
Moschun,s2__composite__cire__p10,s2__composite__cire__prebattle_baseline__p10,s2__composite__cire__post_winter_baseline__p10,0.29585233129178407,0.25873281967675055,0.29848614080949276,0.039753321132742214
Moschun,s2__composite__cire__p50,s2__composite__cire__prebattle_baseline__p50,s2__composite__cire__post_winter_baseline__p50,0.3041027267828953,0.4085563382511401,0.2944024526299254,-0.1141538856212147
Moschun,s2__composite__cire__p90,s2__composite__cire__prebattle_baseline__p90,s2__composite__cire__post_winter_baseline__p90,0.3153843995245107,0.35019983820250544,0.3129521199783267,-0.037247718224178716
Moschun,s2__composite__cire__std,s2__composite__cire__prebattle_baseline__std,s2__composite__cire__post_winter_baseline__std,0.08698234641820385,-0.04303555030837015,0.09797037988312601,0.14100593019149615
Moschun,s2__composite__mndwi__max,s2__composite__mndwi__prebattle_baseline__max,s2__composite__mndwi__post_winter_baseline__max,0.31183852179319893,0.31751461054655844,0.3104483866156372,-0.007066223930921267
Moschun,s2__composite__mndwi__mean,s2__composite__mndwi__prebattle_baseline__mean,s2__composite__mndwi__post_winter_baseline__mean,0.3808447671588102,0.5323255229447011,0.36091402858658467,-0.17141149435811648
Moschun,s2__composite__mndwi__min,s2__composite__mndwi__prebattle_baseline__min,s2__composite__mndwi__post_winter_baseline__min,0.4108962609862149,0.6024450792900516,0.38531216286133807,-0.21713291642871357
Moschun,s2__composite__mndwi__p10,s2__composite__mndwi__prebattle_baseline__p10,s2__composite__mndwi__post_winter_baseline__p10,0.40228662397787773,0.6020756178193205,0.3744862195694831,-0.22758939824983743
Moschun,s2__composite__mndwi__p50,s2__composite__mndwi__prebattle_baseline__p50,s2__composite__mndwi__post_winter_baseline__p50,0.3929627568780925,0.5630008218253405,0.37209915938577953,-0.19090166243956097
Moschun,s2__composite__mndwi__p90,s2__composite__mndwi__prebattle_baseline__p90,s2__composite__mndwi__post_winter_baseline__p90,0.338306092883053,0.3842782386604178,0.33250453296033305,-0.05177370570008477
Moschun,s2__composite__mndwi__std,s2__composite__mndwi__prebattle_baseline__std,s2__composite__mndwi__post_winter_baseline__std,0.26586044423886857,-0.0007426661724423549,0.28363007897860437,0.2843727451510467
Moschun,s2__composite__ndbi__max,s2__composite__ndbi__prebattle_baseline__max,s2__composite__ndbi__post_winter_baseline__max,0.46671471086433436,0.6336911865879049,0.44773253244329686,-0.18595865414460805
Moschun,s2__composite__ndbi__mean,s2__composite__ndbi__prebattle_baseline__mean,s2__composite__ndbi__post_winter_baseline__mean,0.5326637173540104,0.6846502636819567,0.518820356777539,-0.16582990690441768
Moschun,s2__composite__ndbi__min,s2__composite__ndbi__prebattle_baseline__min,s2__composite__ndbi__post_winter_baseline__min,0.4473860810520621,0.44868023832368864,0.4485323835720552,-0.00014785475163342499
Moschun,s2__composite__ndbi__p10,s2__composite__ndbi__prebattle_baseline__p10,s2__composite__ndbi__post_winter_baseline__p10,0.4877899236801217,0.526323505023252,0.48357294249713345,-0.04275056252611853
Moschun,s2__composite__ndbi__p50,s2__composite__ndbi__prebattle_baseline__p50,s2__composite__ndbi__post_winter_baseline__p50,0.516373783539115,0.5950709223255188,0.5051921564682084,-0.08987876585731047
Moschun,s2__composite__ndbi__p90,s2__composite__ndbi__prebattle_baseline__p90,s2__composite__ndbi__post_winter_baseline__p90,0.49165651223689205,0.6483499316443082,0.47484872142852513,-0.17350121021578307
Moschun,s2__composite__ndbi__std,s2__composite__ndbi__prebattle_baseline__std,s2__composite__ndbi__post_winter_baseline__std,0.423357333976345,0.26339242121067413,0.4384430990387909,0.17505067782811679
Moschun,s2__composite__ndre__max,s2__composite__ndre__prebattle_baseline__max,s2__composite__ndre__post_winter_baseline__max,0.3549714397630781,0.38673930592087413,0.35162485021991446,-0.03511445570095967
Moschun,s2__composite__ndre__mean,s2__composite__ndre__prebattle_baseline__mean,s2__composite__ndre__post_winter_baseline__mean,0.37043709672388797,0.4239451213847254,0.3647398695978553,-0.05920525178687008
Moschun,s2__composite__ndre__min,s2__composite__ndre__prebattle_baseline__min,s2__composite__ndre__post_winter_baseline__min,0.3600139630518582,0.3962794291702025,0.35679596536964053,-0.039483463800561946
Moschun,s2__composite__ndre__p10,s2__composite__ndre__prebattle_baseline__p10,s2__composite__ndre__post_winter_baseline__p10,0.3557649882492473,0.39901201045204066,0.3519059612831811,-0.047106049168859576
Moschun,s2__composite__ndre__p50,s2__composite__ndre__prebattle_baseline__p50,s2__composite__ndre__post_winter_baseline__p50,0.3601000376691865,0.3743959585957785,0.35774608004926894,-0.016649878546509567
Moschun,s2__composite__ndre__p90,s2__composite__ndre__prebattle_baseline__p90,s2__composite__ndre__post_winter_baseline__p90,0.34956377679266476,0.39107619272935246,0.3447033576874778,-0.04637283504187467
Moschun,s2__composite__ndre__std,s2__composite__ndre__prebattle_baseline__std,s2__composite__ndre__post_winter_baseline__std,0.1098170371276106,0.1809955637628592,0.10267424950670112,-0.07832131425615807
Moschun,s2__composite__ndvi__max,s2__composite__ndvi__prebattle_baseline__max,s2__composite__ndvi__post_winter_baseline__max,0.4389335718125349,0.47481212962953273,0.43592899972307886,-0.03888312990645387
Moschun,s2__composite__ndvi__mean,s2__composite__ndvi__prebattle_baseline__mean,s2__composite__ndvi__post_winter_baseline__mean,0.5069029962304462,0.6180643781685067,0.49710050727395216,-0.12096387089455451
Moschun,s2__composite__ndvi__min,s2__composite__ndvi__prebattle_baseline__min,s2__composite__ndvi__post_winter_baseline__min,0.4149552535827484,0.42961573143021436,0.41073427530169593,-0.018881456128518437
Moschun,s2__composite__ndvi__p10,s2__composite__ndvi__prebattle_baseline__p10,s2__composite__ndvi__post_winter_baseline__p10,0.4738532622222703,0.5765876259477863,0.4638477702661645,-0.11273985568162181
Moschun,s2__composite__ndvi__p50,s2__composite__ndvi__prebattle_baseline__p50,s2__composite__ndvi__post_winter_baseline__p50,0.4818776798469896,0.6016661376983077,0.4713103274543306,-0.13035581024397708
Moschun,s2__composite__ndvi__p90,s2__composite__ndvi__prebattle_baseline__p90,s2__composite__ndvi__post_winter_baseline__p90,0.4527528142662758,0.5315587353535031,0.4467111258897396,-0.08484760946376346
Moschun,s2__composite__ndvi__std,s2__composite__ndvi__prebattle_baseline__std,s2__composite__ndvi__post_winter_baseline__std,0.21318183907903213,0.10315242258291445,0.2207174878534233,0.11756506527050885
Moschun,s2__composite__ndwi__max,s2__composite__ndwi__prebattle_baseline__max,s2__composite__ndwi__post_winter_baseline__max,0.4173589891408762,0.470165992475568,0.4102255108766064,-0.05994048159896159
Moschun,s2__composite__ndwi__mean,s2__composite__ndwi__prebattle_baseline__mean,s2__composite__ndwi__post_winter_baseline__mean,0.5096711997347595,0.624445444097518,0.49675496047234674,-0.12769048362517127
Moschun,s2__composite__ndwi__min,s2__composite__ndwi__prebattle_baseline__min,s2__composite__ndwi__post_winter_baseline__min,0.47397408127124097,0.5394552976702649,0.46528224707789306,-0.07417305059237184
Moschun,s2__composite__ndwi__p10,s2__composite__ndwi__prebattle_baseline__p10,s2__composite__ndwi__post_winter_baseline__p10,0.4824948780795783,0.5754978801795737,0.4721452268441655,-0.10335265333540822
Moschun,s2__composite__ndwi__p50,s2__composite__ndwi__prebattle_baseline__p50,s2__composite__ndwi__post_winter_baseline__p50,0.4893098166932771,0.6178749775289846,0.47505605041485466,-0.1428189271141299
Moschun,s2__composite__ndwi__p90,s2__composite__ndwi__prebattle_baseline__p90,s2__composite__ndwi__post_winter_baseline__p90,0.4575989849233216,0.5481090595812921,0.44562343770290247,-0.10248562187838961
Moschun,s2__composite__ndwi__std,s2__composite__ndwi__prebattle_baseline__std,s2__composite__ndwi__post_winter_baseline__std,0.252801570257787,0.08945218608601734,0.2589842178553867,0.16953203176936937
Okhtyrka,s2__composite__b02__max,s2__composite__b02__prebattle_baseline__max,s2__composite__b02__post_winter_baseline__max,0.8970253111376979,0.8660684976474451,0.8985635258881906,0.03249502824074546
Okhtyrka,s2__composite__b02__mean,s2__composite__b02__prebattle_baseline__mean,s2__composite__b02__post_winter_baseline__mean,0.9048494911707273,0.8358682569208885,0.9107095312007741,0.07484127427988563
Okhtyrka,s2__composite__b02__min,s2__composite__b02__prebattle_baseline__min,s2__composite__b02__post_winter_baseline__min,0.8505019064093814,0.7290036669006509,0.8640324802845931,0.13502881338394224
Okhtyrka,s2__composite__b02__p10,s2__composite__b02__prebattle_baseline__p10,s2__composite__b02__post_winter_baseline__p10,0.864191561200357,0.773498194550826,0.8779449456915157,0.10444675114068969
Okhtyrka,s2__composite__b02__p50,s2__composite__b02__prebattle_baseline__p50,s2__composite__b02__post_winter_baseline__p50,0.8988031226378096,0.7842214684319947,0.9117558556184066,0.12753438718641186
Okhtyrka,s2__composite__b02__p90,s2__composite__b02__prebattle_baseline__p90,s2__composite__b02__post_winter_baseline__p90,0.9085773510751374,0.8877338877338877,0.9107717222989832,0.02303783456509545
Okhtyrka,s2__composite__b02__std,s2__composite__b02__prebattle_baseline__std,s2__composite__b02__post_winter_baseline__std,0.850630055317414,0.877885983149141,0.8419400100302598,-0.03594597311888126
Okhtyrka,s2__composite__b03__max,s2__composite__b03__prebattle_baseline__max,s2__composite__b03__post_winter_baseline__max,0.8797856333924704,0.8616916511653352,0.8753297534167264,0.013638102251391171
Okhtyrka,s2__composite__b03__mean,s2__composite__b03__prebattle_baseline__mean,s2__composite__b03__post_winter_baseline__mean,0.8869942760993343,0.8476857424225844,0.8904515307416194,0.04276578831903499
Okhtyrka,s2__composite__b03__min,s2__composite__b03__prebattle_baseline__min,s2__composite__b03__post_winter_baseline__min,0.8365893756606343,0.6659370735004044,0.8620219325985307,0.19608485909812623
Okhtyrka,s2__composite__b03__p10,s2__composite__b03__prebattle_baseline__p10,s2__composite__b03__post_winter_baseline__p10,0.8411310788132894,0.6942772732246416,0.860731054827033,0.16645378160239144
Okhtyrka,s2__composite__b03__p50,s2__composite__b03__prebattle_baseline__p50,s2__composite__b03__post_winter_baseline__p50,0.8794087199457122,0.8225188751504541,0.8852352136039177,0.06271633845346358
Okhtyrka,s2__composite__b03__p90,s2__composite__b03__prebattle_baseline__p90,s2__composite__b03__post_winter_baseline__p90,0.8941160481292596,0.8800744063901959,0.8940049475101851,0.01393054111998926
Okhtyrka,s2__composite__b03__std,s2__composite__b03__prebattle_baseline__std,s2__composite__b03__post_winter_baseline__std,0.840016574610729,0.8295218295218295,0.8346472222378749,0.005125392716045396
Okhtyrka,s2__composite__b04__max,s2__composite__b04__prebattle_baseline__max,s2__composite__b04__post_winter_baseline__max,0.8870276360846183,0.8953933690775795,0.887502898503859,-0.007890470573720498
Okhtyrka,s2__composite__b04__mean,s2__composite__b04__prebattle_baseline__mean,s2__composite__b04__post_winter_baseline__mean,0.8845555599034031,0.8229565597986651,0.8898911012129928,0.06693454141432764
Okhtyrka,s2__composite__b04__min,s2__composite__b04__prebattle_baseline__min,s2__composite__b04__post_winter_baseline__min,0.8367974330159379,0.6975599080862239,0.8534129259150209,0.155853017828797
Okhtyrka,s2__composite__b04__p10,s2__composite__b04__prebattle_baseline__p10,s2__composite__b04__post_winter_baseline__p10,0.8314131662362132,0.7236021446547762,0.8436594793448771,0.12005733469010083
Okhtyrka,s2__composite__b04__p50,s2__composite__b04__prebattle_baseline__p50,s2__composite__b04__post_winter_baseline__p50,0.883943153449851,0.7788782501400786,0.8930363159245069,0.11415806578442833
Okhtyrka,s2__composite__b04__p90,s2__composite__b04__prebattle_baseline__p90,s2__composite__b04__post_winter_baseline__p90,0.8944386825767721,0.909180435496225,0.8931903814289478,-0.01599005406727716
Okhtyrka,s2__composite__b04__std,s2__composite__b04__prebattle_baseline__std,s2__composite__b04__post_winter_baseline__std,0.8296602379490806,0.798446219498851,0.8332193189566275,0.03477309945777651
Okhtyrka,s2__composite__b05__max,s2__composite__b05__prebattle_baseline__max,s2__composite__b05__post_winter_baseline__max,0.8613673671921656,0.8345552029762556,0.862359720719204,0.027804517742948343
Okhtyrka,s2__composite__b05__mean,s2__composite__b05__prebattle_baseline__mean,s2__composite__b05__post_winter_baseline__mean,0.88081653016953,0.8050114892220154,0.8883654620963243,0.0833539728743089
Okhtyrka,s2__composite__b05__min,s2__composite__b05__prebattle_baseline__min,s2__composite__b05__post_winter_baseline__min,0.8690134233898793,0.7964766385819017,0.8819366317723347,0.08545999319043307
Okhtyrka,s2__composite__b05__p10,s2__composite__b05__prebattle_baseline__p10,s2__composite__b05__post_winter_baseline__p10,0.8679673175394658,0.792975161396214,0.8796616759549879,0.08668651455877385
Okhtyrka,s2__composite__b05__p50,s2__composite__b05__prebattle_baseline__p50,s2__composite__b05__post_winter_baseline__p50,0.8730457173353219,0.8146405514826567,0.8798759853118903,0.06523543382923358
Okhtyrka,s2__composite__b05__p90,s2__composite__b05__prebattle_baseline__p90,s2__composite__b05__post_winter_baseline__p90,0.8679993089252714,0.8253638253638254,0.871639967666525,0.04627614230269961
Okhtyrka,s2__composite__b05__std,s2__composite__b05__prebattle_baseline__std,s2__composite__b05__post_winter_baseline__std,0.7051123799834323,0.7509574351679614,0.7014577686616366,-0.04949966650632487
Okhtyrka,s2__composite__b07__max,s2__composite__b07__prebattle_baseline__max,s2__composite__b07__post_winter_baseline__max,0.7606404359713504,0.8531568005252216,0.7360652486043313,-0.11709155192089027
Okhtyrka,s2__composite__b07__mean,s2__composite__b07__prebattle_baseline__mean,s2__composite__b07__post_winter_baseline__mean,0.7914233377087418,0.8824816719553563,0.7760242980226865,-0.10645737393266985
Okhtyrka,s2__composite__b07__min,s2__composite__b07__prebattle_baseline__min,s2__composite__b07__post_winter_baseline__min,0.7867534434953714,0.8028014882906543,0.7873370787149997,-0.015464409575654647
Okhtyrka,s2__composite__b07__p10,s2__composite__b07__prebattle_baseline__p10,s2__composite__b07__post_winter_baseline__p10,0.7858905481745043,0.810263705000547,0.7819004524886878,-0.028363252511859227
Okhtyrka,s2__composite__b07__p50,s2__composite__b07__prebattle_baseline__p50,s2__composite__b07__post_winter_baseline__p50,0.781569546732893,0.8590655432760695,0.767031653649426,-0.0920338896266435
Okhtyrka,s2__composite__b07__p90,s2__composite__b07__prebattle_baseline__p90,s2__composite__b07__post_winter_baseline__p90,0.76319059859011,0.8686946055367107,0.7390949099248858,-0.12959969561182494
Okhtyrka,s2__composite__b07__std,s2__composite__b07__prebattle_baseline__std,s2__composite__b07__post_winter_baseline__std,0.5748081289661237,0.5866068497647445,0.5704084795140395,-0.01619837025070503
Okhtyrka,s2__composite__b08__max,s2__composite__b08__prebattle_baseline__max,s2__composite__b08__post_winter_baseline__max,0.7382346040884354,0.818012694243817,0.7242107683246592,-0.0938019259191577
Okhtyrka,s2__composite__b08__mean,s2__composite__b08__prebattle_baseline__mean,s2__composite__b08__post_winter_baseline__mean,0.8262745588547082,0.8503118503118502,0.8159573814678065,-0.034354468844043695
Okhtyrka,s2__composite__b08__min,s2__composite__b08__prebattle_baseline__min,s2__composite__b08__post_winter_baseline__min,0.8492271222164434,0.8244241408630297,0.851731513000084,0.027307372137054253
Okhtyrka,s2__composite__b08__p10,s2__composite__b08__prebattle_baseline__p10,s2__composite__b08__post_winter_baseline__p10,0.8460896944529256,0.8603785972207025,0.8419730783020152,-0.018405518918687358
Okhtyrka,s2__composite__b08__p50,s2__composite__b08__prebattle_baseline__p50,s2__composite__b08__post_winter_baseline__p50,0.7982479202618924,0.8413393150235257,0.7868300967760383,-0.054509218247487334
Okhtyrka,s2__composite__b08__p90,s2__composite__b08__prebattle_baseline__p90,s2__composite__b08__post_winter_baseline__p90,0.7605006344752023,0.8277710909289857,0.7450464294227132,-0.08272466150627256
Okhtyrka,s2__composite__b08__std,s2__composite__b08__prebattle_baseline__std,s2__composite__b08__post_winter_baseline__std,0.6581738091103759,0.7940693730167415,0.6392002840028626,-0.15486908901387897
Okhtyrka,s2__composite__b11__max,s2__composite__b11__prebattle_baseline__max,s2__composite__b11__post_winter_baseline__max,0.8278236592169401,0.8689134478608164,0.8209307914694632,-0.04798265639135313
Okhtyrka,s2__composite__b11__mean,s2__composite__b11__prebattle_baseline__mean,s2__composite__b11__post_winter_baseline__mean,0.8478832258580697,0.8752598752598751,0.8413370674450449,-0.03392280781483026
Okhtyrka,s2__composite__b11__min,s2__composite__b11__prebattle_baseline__min,s2__composite__b11__post_winter_baseline__min,0.8623105984840849,0.8809367476471874,0.8599295965522934,-0.02100715109489404
Okhtyrka,s2__composite__b11__p10,s2__composite__b11__prebattle_baseline__p10,s2__composite__b11__post_winter_baseline__p10,0.8602687156209471,0.8820310790107243,0.8556138462665457,-0.02641723274417862
Okhtyrka,s2__composite__b11__p50,s2__composite__b11__prebattle_baseline__p50,s2__composite__b11__post_winter_baseline__p50,0.8475483595522447,0.8756975599080862,0.8411980310245549,-0.03449952888353125
Okhtyrka,s2__composite__b11__p90,s2__composite__b11__prebattle_baseline__p90,s2__composite__b11__post_winter_baseline__p90,0.8330750829167263,0.8813874603348286,0.8278649634008215,-0.053522496934007124
Okhtyrka,s2__composite__b11__std,s2__composite__b11__prebattle_baseline__std,s2__composite__b11__post_winter_baseline__std,0.6345836380222409,0.574132837290732,0.648868778280543,0.07473594098981107
Okhtyrka,s2__composite__b12__max,s2__composite__b12__prebattle_baseline__max,s2__composite__b12__post_winter_baseline__max,0.7873143369236189,0.847029215450268,0.7749002115093335,-0.07212900394093447
Okhtyrka,s2__composite__b12__mean,s2__composite__b12__prebattle_baseline__mean,s2__composite__b12__post_winter_baseline__mean,0.842447564101713,0.8150782361308676,0.8415883874385083,0.026510151307640673
Okhtyrka,s2__composite__b12__min,s2__composite__b12__prebattle_baseline__min,s2__composite__b12__post_winter_baseline__min,0.862722867829536,0.8244884560674035,0.8699288696399332,0.0454404135725297
Okhtyrka,s2__composite__b12__p10,s2__composite__b12__prebattle_baseline__p10,s2__composite__b12__post_winter_baseline__p10,0.8559938942253987,0.8150782361308676,0.8624434389140271,0.04736520278315948
Okhtyrka,s2__composite__b12__p50,s2__composite__b12__prebattle_baseline__p50,s2__composite__b12__post_winter_baseline__p50,0.8395357774862899,0.8017288543604332,0.84154917970205,0.039820325341616836
Okhtyrka,s2__composite__b12__p90,s2__composite__b12__prebattle_baseline__p90,s2__composite__b12__post_winter_baseline__p90,0.8056368350459382,0.8654119706751285,0.7912601500030992,-0.0741518206720293
Okhtyrka,s2__composite__b12__std,s2__composite__b12__prebattle_baseline__std,s2__composite__b12__post_winter_baseline__std,0.5426204026330712,0.7233833023306706,0.49884088514225494,-0.22454241718841567
Okhtyrka,s2__composite__b8a__max,s2__composite__b8a__prebattle_baseline__max,s2__composite__b8a__post_winter_baseline__max,0.7893257214929507,0.903271692745377,0.7687907638134146,-0.1344809289319624
Okhtyrka,s2__composite__b8a__mean,s2__composite__b8a__prebattle_baseline__mean,s2__composite__b8a__post_winter_baseline__mean,0.8145711930889743,0.8809497756866177,0.803565813718916,-0.0773839619677017
Okhtyrka,s2__composite__b8a__min,s2__composite__b8a__prebattle_baseline__min,s2__composite__b8a__post_winter_baseline__min,0.8157409971150016,0.8233749179251476,0.8097577550694705,-0.013617162855677156
Okhtyrka,s2__composite__b8a__p10,s2__composite__b8a__prebattle_baseline__p10,s2__composite__b8a__post_winter_baseline__p10,0.8106750434149137,0.8384308159400762,0.802306959760626,-0.03612385617945013
Okhtyrka,s2__composite__b8a__p50,s2__composite__b8a__prebattle_baseline__p50,s2__composite__b8a__post_winter_baseline__p50,0.810590984303077,0.8531568005252216,0.8024358894170139,-0.050720911108207645
Okhtyrka,s2__composite__b8a__p90,s2__composite__b8a__prebattle_baseline__p90,s2__composite__b8a__post_winter_baseline__p90,0.786965242580119,0.9056789583105371,0.7650721558860157,-0.1406068024245214
Okhtyrka,s2__composite__b8a__std,s2__composite__b8a__prebattle_baseline__std,s2__composite__b8a__post_winter_baseline__std,0.6163326996735737,0.707626654995076,0.5945881676743885,-0.11303848732068755
Okhtyrka,s2__composite__cire__max,s2__composite__cire__prebattle_baseline__max,s2__composite__cire__post_winter_baseline__max,0.7764940953812532,0.7590546011598642,0.7685998683105707,0.009545267150706471
Okhtyrka,s2__composite__cire__mean,s2__composite__cire__prebattle_baseline__mean,s2__composite__cire__post_winter_baseline__mean,0.8722301551004835,0.8743845059634533,0.8603900531378371,-0.013994452825616177
Okhtyrka,s2__composite__cire__min,s2__composite__cire__prebattle_baseline__min,s2__composite__cire__post_winter_baseline__min,0.8985965036096246,0.9104934894408577,0.8876362960166344,-0.02285719342422332
Okhtyrka,s2__composite__cire__p10,s2__composite__cire__prebattle_baseline__p10,s2__composite__cire__post_winter_baseline__p10,0.8938777706310055,0.8953933690775795,0.8831936798093124,-0.012199689268267089
Okhtyrka,s2__composite__cire__p50,s2__composite__cire__prebattle_baseline__p50,s2__composite__cire__post_winter_baseline__p50,0.8698606565767908,0.8912353649195754,0.8534105700906667,-0.03782479482890877
Okhtyrka,s2__composite__cire__p90,s2__composite__cire__prebattle_baseline__p90,s2__composite__cire__post_winter_baseline__p90,0.7992883816815004,0.8378378378378378,0.7821018415393496,-0.055735996298488244
Okhtyrka,s2__composite__cire__std,s2__composite__cire__prebattle_baseline__std,s2__composite__cire__post_winter_baseline__std,0.5089261476013807,0.6645147171462962,0.4738362362858736,-0.19067848086042255
Okhtyrka,s2__composite__mndwi__max,s2__composite__mndwi__prebattle_baseline__max,s2__composite__mndwi__post_winter_baseline__max,0.8366476446422532,0.8640989167304957,0.8270174627950614,-0.03708145393543427
Okhtyrka,s2__composite__mndwi__mean,s2__composite__mndwi__prebattle_baseline__mean,s2__composite__mndwi__post_winter_baseline__mean,0.8452789436410828,0.896049896049896,0.8309157401824606,-0.06513415586743543
Okhtyrka,s2__composite__mndwi__min,s2__composite__mndwi__prebattle_baseline__min,s2__composite__mndwi__post_winter_baseline__min,0.7151830991870713,0.7467994310099574,0.702436960063202,-0.044362470946755383
Okhtyrka,s2__composite__mndwi__p10,s2__composite__mndwi__prebattle_baseline__p10,s2__composite__mndwi__post_winter_baseline__p10,0.7519522075348574,0.7789692526534632,0.7398986661723205,-0.0390705864811427
Okhtyrka,s2__composite__mndwi__p50,s2__composite__mndwi__prebattle_baseline__p50,s2__composite__mndwi__post_winter_baseline__p50,0.8380516021198132,0.8749794837192443,0.8219640150341198,-0.05301546868512452
Okhtyrka,s2__composite__mndwi__p90,s2__composite__mndwi__prebattle_baseline__p90,s2__composite__mndwi__post_winter_baseline__p90,0.845499752114538,0.8566582777109094,0.8346573651972524,-0.02200091251365699
Okhtyrka,s2__composite__mndwi__std,s2__composite__mndwi__prebattle_baseline__std,s2__composite__mndwi__post_winter_baseline__std,0.7869701339070626,0.8387132071342597,0.7772076432833885,-0.06150556385087114
Okhtyrka,s2__composite__ndbi__max,s2__composite__ndbi__prebattle_baseline__max,s2__composite__ndbi__post_winter_baseline__max,0.8214848966149095,0.8128898128898129,0.8209510773939337,0.008061264504120813
Okhtyrka,s2__composite__ndbi__mean,s2__composite__ndbi__prebattle_baseline__mean,s2__composite__ndbi__post_winter_baseline__mean,0.8304973536174332,0.8168289747237116,0.8316854780996601,0.01485650337594846
Okhtyrka,s2__composite__ndbi__min,s2__composite__ndbi__prebattle_baseline__min,s2__composite__ndbi__post_winter_baseline__min,0.6837919130237612,0.7494255388992231,0.6695739418137638,-0.0798515970854593
Okhtyrka,s2__composite__ndbi__p10,s2__composite__ndbi__prebattle_baseline__p10,s2__composite__ndbi__post_winter_baseline__p10,0.7335902911318813,0.7835649414596784,0.725498681696287,-0.058066259763391415
Okhtyrka,s2__composite__ndbi__p50,s2__composite__ndbi__prebattle_baseline__p50,s2__composite__ndbi__post_winter_baseline__p50,0.8209398441797778,0.7859722070248387,0.8324723554973353,0.046500148472496616
Okhtyrka,s2__composite__ndbi__p90,s2__composite__ndbi__prebattle_baseline__p90,s2__composite__ndbi__post_winter_baseline__p90,0.8199587835757024,0.8560017507385929,0.8128015417298253,-0.04320020900876753
Okhtyrka,s2__composite__ndbi__std,s2__composite__ndbi__prebattle_baseline__std,s2__composite__ndbi__post_winter_baseline__std,0.6480941818015385,0.7997592734434839,0.6301369863013698,-0.16962228714211403
Okhtyrka,s2__composite__ndre__max,s2__composite__ndre__prebattle_baseline__max,s2__composite__ndre__post_winter_baseline__max,0.8189436267385178,0.7767808294124083,0.8158595402193923,0.039078710806983996
Okhtyrka,s2__composite__ndre__mean,s2__composite__ndre__prebattle_baseline__mean,s2__composite__ndre__post_winter_baseline__mean,0.9020714420225776,0.877885983149141,0.8927517285293272,0.014865745380186146
Okhtyrka,s2__composite__ndre__min,s2__composite__ndre__prebattle_baseline__min,s2__composite__ndre__post_winter_baseline__min,0.9116668279639956,0.9360980413611992,0.9001515808929185,-0.03594646046828076
Okhtyrka,s2__composite__ndre__p10,s2__composite__ndre__prebattle_baseline__p10,s2__composite__ndre__post_winter_baseline__p10,0.9118855401544751,0.9345661450924608,0.8978626530600744,-0.03670349203238643
Okhtyrka,s2__composite__ndre__p50,s2__composite__ndre__prebattle_baseline__p50,s2__composite__ndre__post_winter_baseline__p50,0.8981660668385851,0.8678192362402888,0.8867538585507965,0.018934622310507687
Okhtyrka,s2__composite__ndre__p90,s2__composite__ndre__prebattle_baseline__p90,s2__composite__ndre__post_winter_baseline__p90,0.8412659592643303,0.8249261407156144,0.8321655781768593,0.007239437461244891
Okhtyrka,s2__composite__ndre__std,s2__composite__ndre__prebattle_baseline__std,s2__composite__ndre__post_winter_baseline__std,0.6012925680829039,0.6365028996607944,0.5855722037833238,-0.05093069587747068
Okhtyrka,s2__composite__ndvi__max,s2__composite__ndvi__prebattle_baseline__max,s2__composite__ndvi__post_winter_baseline__max,0.7704240119600483,0.8131086552139184,0.7522453290928512,-0.06086332612106715
Okhtyrka,s2__composite__ndvi__mean,s2__composite__ndvi__prebattle_baseline__mean,s2__composite__ndvi__post_winter_baseline__mean,0.9043074771968085,0.8796367217419849,0.8998619430529181,0.020225221310933184
Okhtyrka,s2__composite__ndvi__min,s2__composite__ndvi__prebattle_baseline__min,s2__composite__ndvi__post_winter_baseline__min,0.9143362546788746,0.9352226720647772,0.9031674208144795,-0.03205525125029762
Okhtyrka,s2__composite__ndvi__p10,s2__composite__ndvi__prebattle_baseline__p10,s2__composite__ndvi__post_winter_baseline__p10,0.928314109836144,0.9148703359229676,0.9198706209181632,0.005000284995195559
Okhtyrka,s2__composite__ndvi__p50,s2__composite__ndvi__prebattle_baseline__p50,s2__composite__ndvi__post_winter_baseline__p50,0.8867231568344589,0.8741656636393479,0.883254537565577,0.009088873926229146
Okhtyrka,s2__composite__ndvi__p90,s2__composite__ndvi__prebattle_baseline__p90,s2__composite__ndvi__post_winter_baseline__p90,0.8194869135995706,0.8352117299485722,0.8095866798074415,-0.0256250501411307
Okhtyrka,s2__composite__ndvi__std,s2__composite__ndvi__prebattle_baseline__std,s2__composite__ndvi__post_winter_baseline__std,0.6738791611653796,0.7583980741875478,0.6573156094509841,-0.10108246473656368
Okhtyrka,s2__composite__ndwi__max,s2__composite__ndwi__prebattle_baseline__max,s2__composite__ndwi__post_winter_baseline__max,0.9132067073380712,0.922310974942554,0.903809808241718,-0.018501166700836014
Okhtyrka,s2__composite__ndwi__mean,s2__composite__ndwi__prebattle_baseline__mean,s2__composite__ndwi__post_winter_baseline__mean,0.9158342385199684,0.8840135682240945,0.9171703397327893,0.03315677150869478
Okhtyrka,s2__composite__ndwi__min,s2__composite__ndwi__prebattle_baseline__min,s2__composite__ndwi__post_winter_baseline__min,0.7737652751470949,0.8069810701389648,0.7642123407800865,-0.04276872935887832
Okhtyrka,s2__composite__ndwi__p10,s2__composite__ndwi__prebattle_baseline__p10,s2__composite__ndwi__post_winter_baseline__p10,0.8365508662279622,0.7986650618229566,0.8350024610771198,0.03633739925416324
Okhtyrka,s2__composite__ndwi__p50,s2__composite__ndwi__prebattle_baseline__p50,s2__composite__ndwi__post_winter_baseline__p50,0.8944179128777807,0.8682569208884998,0.8994742566056022,0.03121733571710239
Okhtyrka,s2__composite__ndwi__p90,s2__composite__ndwi__prebattle_baseline__p90,s2__composite__ndwi__post_winter_baseline__p90,0.9253038474828358,0.9002079002079002,0.9198334300671125,0.019625529859212287
Okhtyrka,s2__composite__ndwi__std,s2__composite__ndwi__prebattle_baseline__std,s2__composite__ndwi__post_winter_baseline__std,0.7112726568884382,0.7934128460444251,0.697790525348946,-0.09562232069547905
Rubizhne,s2__composite__b02__max,s2__composite__b02__prebattle_baseline__max,s2__composite__b02__post_winter_baseline__max,0.1061973399377991,0.21948766043749857,0.09898553464767158,-0.12050212578982698
Rubizhne,s2__composite__b02__mean,s2__composite__b02__prebattle_baseline__mean,s2__composite__b02__post_winter_baseline__mean,0.14976042970098769,0.28384773624613524,0.14194451437452438,-0.14190322187161086
Rubizhne,s2__composite__b02__min,s2__composite__b02__prebattle_baseline__min,s2__composite__b02__post_winter_baseline__min,0.19300422409365514,0.2596675327037684,0.1904662167219838,-0.06920131598178461
Rubizhne,s2__composite__b02__p10,s2__composite__b02__prebattle_baseline__p10,s2__composite__b02__post_winter_baseline__p10,0.18562600852610833,0.26000874740169877,0.18337973980476635,-0.07662900759693242
Rubizhne,s2__composite__b02__p50,s2__composite__b02__prebattle_baseline__p50,s2__composite__b02__post_winter_baseline__p50,0.15846852444192353,0.2984333520926694,0.1492618980839222,-0.1491714540087472
Rubizhne,s2__composite__b02__p90,s2__composite__b02__prebattle_baseline__p90,s2__composite__b02__post_winter_baseline__p90,0.1202135304043443,0.26292054593340636,0.1102304146373401,-0.15269013129606626
Rubizhne,s2__composite__b02__std,s2__composite__b02__prebattle_baseline__std,s2__composite__b02__post_winter_baseline__std,0.12622159825181326,0.21085646935330862,0.12071397024648711,-0.09014249910682151
Rubizhne,s2__composite__b03__max,s2__composite__b03__prebattle_baseline__max,s2__composite__b03__post_winter_baseline__max,0.1799885970575223,0.3004338704923111,0.17031299743939007,-0.130120873052921
Rubizhne,s2__composite__b03__mean,s2__composite__b03__prebattle_baseline__mean,s2__composite__b03__post_winter_baseline__mean,0.23893806138163062,0.3898679738314373,0.22809062595825225,-0.16177734787318504
Rubizhne,s2__composite__b03__min,s2__composite__b03__prebattle_baseline__min,s2__composite__b03__post_winter_baseline__min,0.3130165006675041,0.4093980579403358,0.3067908467220801,-0.10260721121825567
Rubizhne,s2__composite__b03__p10,s2__composite__b03__prebattle_baseline__p10,s2__composite__b03__post_winter_baseline__p10,0.29575174736686777,0.40784151524556445,0.28849580767974914,-0.1193457075658153
Rubizhne,s2__composite__b03__p50,s2__composite__b03__prebattle_baseline__p50,s2__composite__b03__post_winter_baseline__p50,0.24624129017809676,0.39037224805625603,0.2358384086045265,-0.15453383945172952
Rubizhne,s2__composite__b03__p90,s2__composite__b03__prebattle_baseline__p90,s2__composite__b03__post_winter_baseline__p90,0.19290573508090722,0.3418494653869002,0.1811510065898704,-0.1606984587970298
Rubizhne,s2__composite__b03__std,s2__composite__b03__prebattle_baseline__std,s2__composite__b03__post_winter_baseline__std,0.19200012647639722,0.27254974183087083,0.18632707435851123,-0.0862226674723596
Rubizhne,s2__composite__b04__max,s2__composite__b04__prebattle_baseline__max,s2__composite__b04__post_winter_baseline__max,0.2013131981127736,0.3343917683635056,0.18992295733728623,-0.14446881102621936
Rubizhne,s2__composite__b04__mean,s2__composite__b04__prebattle_baseline__mean,s2__composite__b04__post_winter_baseline__mean,0.23681605821726054,0.4006146634513882,0.22325237100140483,-0.17736229244998336
Rubizhne,s2__composite__b04__min,s2__composite__b04__prebattle_baseline__min,s2__composite__b04__post_winter_baseline__min,0.27626305621928093,0.37566664634471003,0.26862556064518245,-0.10704108569952758
Rubizhne,s2__composite__b04__p10,s2__composite__b04__prebattle_baseline__p10,s2__composite__b04__post_winter_baseline__p10,0.266295168438407,0.3814390034517475,0.25709983317503043,-0.12433917027671709
Rubizhne,s2__composite__b04__p50,s2__composite__b04__prebattle_baseline__p50,s2__composite__b04__post_winter_baseline__p50,0.23849861787694307,0.41376317552138675,0.2230036535835014,-0.19075952193788534
Rubizhne,s2__composite__b04__p90,s2__composite__b04__prebattle_baseline__p90,s2__composite__b04__post_winter_baseline__p90,0.2107845147159842,0.36242859903354946,0.1978604935266761,-0.16456810550687337
Rubizhne,s2__composite__b04__std,s2__composite__b04__prebattle_baseline__std,s2__composite__b04__post_winter_baseline__std,0.22805161043206293,0.3372836265948208,0.21979541440461553,-0.11748821219020528
Rubizhne,s2__composite__b05__max,s2__composite__b05__prebattle_baseline__max,s2__composite__b05__post_winter_baseline__max,0.2212135489998149,0.3526934407250664,0.2109374859282017,-0.14175595479686473
Rubizhne,s2__composite__b05__mean,s2__composite__b05__prebattle_baseline__mean,s2__composite__b05__post_winter_baseline__mean,0.27041793317920076,0.4158642727935446,0.2595681459515464,-0.15629612684199817
Rubizhne,s2__composite__b05__min,s2__composite__b05__prebattle_baseline__min,s2__composite__b05__post_winter_baseline__min,0.32212264999198703,0.47554838111398123,0.30874115088518206,-0.16680723022879917
Rubizhne,s2__composite__b05__p10,s2__composite__b05__prebattle_baseline__p10,s2__composite__b05__post_winter_baseline__p10,0.31328355171249744,0.46406318631860993,0.3008454122786332,-0.16321777403997673
Rubizhne,s2__composite__b05__p50,s2__composite__b05__prebattle_baseline__p50,s2__composite__b05__post_winter_baseline__p50,0.27688212342790586,0.4321217312207421,0.2651350649814798,-0.16698666623926228
Rubizhne,s2__composite__b05__p90,s2__composite__b05__prebattle_baseline__p90,s2__composite__b05__post_winter_baseline__p90,0.23704198054467093,0.3792322231702785,0.22729027800547247,-0.15194194516480602
Rubizhne,s2__composite__b05__std,s2__composite__b05__prebattle_baseline__std,s2__composite__b05__post_winter_baseline__std,0.2767332494655744,0.4105425665468691,0.2642362204245905,-0.1463063461222786
Rubizhne,s2__composite__b07__max,s2__composite__b07__prebattle_baseline__max,s2__composite__b07__post_winter_baseline__max,0.2953341649580086,0.3281384028642401,0.29391312448546925,-0.034225278378770874
Rubizhne,s2__composite__b07__mean,s2__composite__b07__prebattle_baseline__mean,s2__composite__b07__post_winter_baseline__mean,0.3246572032337211,0.36545423627028867,0.32299696306465364,-0.04245727320563503
Rubizhne,s2__composite__b07__min,s2__composite__b07__prebattle_baseline__min,s2__composite__b07__post_winter_baseline__min,0.36798112049372433,0.4252335880801706,0.3630270997386924,-0.06220648834147818
Rubizhne,s2__composite__b07__p10,s2__composite__b07__prebattle_baseline__p10,s2__composite__b07__post_winter_baseline__p10,0.3574335684388046,0.4110674617672297,0.3533764453015395,-0.05769101646569019
Rubizhne,s2__composite__b07__p50,s2__composite__b07__prebattle_baseline__p50,s2__composite__b07__post_winter_baseline__p50,0.32767818930389425,0.36457731521265646,0.32635276685713405,-0.038224548355522414
Rubizhne,s2__composite__b07__p90,s2__composite__b07__prebattle_baseline__p90,s2__composite__b07__post_winter_baseline__p90,0.30439968350017865,0.3347794348364623,0.30388865061006903,-0.030890784226393242
Rubizhne,s2__composite__b07__std,s2__composite__b07__prebattle_baseline__std,s2__composite__b07__post_winter_baseline__std,0.37545518120819316,0.482422839279478,0.3638750931703241,-0.11854774610915386
Rubizhne,s2__composite__b08__max,s2__composite__b08__prebattle_baseline__max,s2__composite__b08__post_winter_baseline__max,0.3657992307905818,0.40372467429498543,0.3639070363395802,-0.039817637955405216
Rubizhne,s2__composite__b08__mean,s2__composite__b08__prebattle_baseline__mean,s2__composite__b08__post_winter_baseline__mean,0.40528133828003027,0.41727085881257786,0.4060496657948657,-0.011221193017712183
Rubizhne,s2__composite__b08__min,s2__composite__b08__prebattle_baseline__min,s2__composite__b08__post_winter_baseline__min,0.45850204351752477,0.4891969014818971,0.4556164992424509,-0.033580402239446194
Rubizhne,s2__composite__b08__p10,s2__composite__b08__prebattle_baseline__p10,s2__composite__b08__post_winter_baseline__p10,0.44541664210086523,0.44035514939879217,0.44633770588661587,0.005982556487823698
Rubizhne,s2__composite__b08__p50,s2__composite__b08__prebattle_baseline__p50,s2__composite__b08__post_winter_baseline__p50,0.3966616331002509,0.41485891078645276,0.3963526547926216,-0.018506255993831155
Rubizhne,s2__composite__b08__p90,s2__composite__b08__prebattle_baseline__p90,s2__composite__b08__post_winter_baseline__p90,0.3781377987800663,0.4111448899959932,0.37759626320097034,-0.03354862679502285
Rubizhne,s2__composite__b08__std,s2__composite__b08__prebattle_baseline__std,s2__composite__b08__post_winter_baseline__std,0.43410114770231395,0.5946347199862557,0.415834989564753,-0.1787997304215027
Rubizhne,s2__composite__b11__max,s2__composite__b11__prebattle_baseline__max,s2__composite__b11__post_winter_baseline__max,0.5078801409931583,0.559732549520909,0.5037265692811784,-0.05600598023973058
Rubizhne,s2__composite__b11__mean,s2__composite__b11__prebattle_baseline__mean,s2__composite__b11__post_winter_baseline__mean,0.5243069172490978,0.5822698777050964,0.5189808663242889,-0.06328901138080756
Rubizhne,s2__composite__b11__min,s2__composite__b11__prebattle_baseline__min,s2__composite__b11__post_winter_baseline__min,0.5442039142735688,0.603028191332377,0.5393106007307764,-0.06371759060160054
Rubizhne,s2__composite__b11__p10,s2__composite__b11__prebattle_baseline__p10,s2__composite__b11__post_winter_baseline__p10,0.5393196317173647,0.5979582592519758,0.533983686600446,-0.06397457265152973
Rubizhne,s2__composite__b11__p50,s2__composite__b11__prebattle_baseline__p50,s2__composite__b11__post_winter_baseline__p50,0.51854901699052,0.5940751569703395,0.5112298923978222,-0.08284526457251729
Rubizhne,s2__composite__b11__p90,s2__composite__b11__prebattle_baseline__p90,s2__composite__b11__post_winter_baseline__p90,0.5110987977600829,0.5601161862619398,0.5074104790604668,-0.05270570720147305
Rubizhne,s2__composite__b11__std,s2__composite__b11__prebattle_baseline__std,s2__composite__b11__post_winter_baseline__std,0.4789816581135527,0.6066135161013473,0.46360653104262206,-0.14300698505872522
Rubizhne,s2__composite__b12__max,s2__composite__b12__prebattle_baseline__max,s2__composite__b12__post_winter_baseline__max,0.5627709195566197,0.5791207861178037,0.5612102720604785,-0.017910514057325244
Rubizhne,s2__composite__b12__mean,s2__composite__b12__prebattle_baseline__mean,s2__composite__b12__post_winter_baseline__mean,0.58171653279338,0.5892872790197718,0.5818711810280583,-0.0074160979917134995
Rubizhne,s2__composite__b12__min,s2__composite__b12__prebattle_baseline__min,s2__composite__b12__post_winter_baseline__min,0.5902407305903483,0.5669434067108398,0.594738528096183,0.027795121385343236
Rubizhne,s2__composite__b12__p10,s2__composite__b12__prebattle_baseline__p10,s2__composite__b12__post_winter_baseline__p10,0.5848672077848927,0.5792709088888349,0.5872777892927171,0.0080068804038822
Rubizhne,s2__composite__b12__p50,s2__composite__b12__prebattle_baseline__p50,s2__composite__b12__post_winter_baseline__p50,0.5745188612682947,0.5997344707011606,0.5732476929341163,-0.026486777767044334
Rubizhne,s2__composite__b12__p90,s2__composite__b12__prebattle_baseline__p90,s2__composite__b12__post_winter_baseline__p90,0.5653191332838073,0.5851031603744129,0.5636319797600926,-0.021471180614320295
Rubizhne,s2__composite__b12__std,s2__composite__b12__prebattle_baseline__std,s2__composite__b12__post_winter_baseline__std,0.4361093639332859,0.49452834268615714,0.42831127536842145,-0.06621706731773569
Rubizhne,s2__composite__b8a__max,s2__composite__b8a__prebattle_baseline__max,s2__composite__b8a__post_winter_baseline__max,0.36064384477075,0.38068569277517683,0.3604869799356497,-0.020198712839527122
Rubizhne,s2__composite__b8a__mean,s2__composite__b8a__prebattle_baseline__mean,s2__composite__b8a__post_winter_baseline__mean,0.376483000187409,0.40757981637477747,0.37570293564232565,-0.03187688073245182
Rubizhne,s2__composite__b8a__min,s2__composite__b8a__prebattle_baseline__min,s2__composite__b8a__post_winter_baseline__min,0.41449079654499515,0.4663933450573968,0.4103856115530457,-0.05600773350435112
Rubizhne,s2__composite__b8a__p10,s2__composite__b8a__prebattle_baseline__p10,s2__composite__b8a__post_winter_baseline__p10,0.40490025904809646,0.45570655818279643,0.40109095782756105,-0.05461560035523538
Rubizhne,s2__composite__b8a__p50,s2__composite__b8a__prebattle_baseline__p50,s2__composite__b8a__post_winter_baseline__p50,0.37860164853760725,0.40962672238242664,0.3778130022928216,-0.031813720089605035
Rubizhne,s2__composite__b8a__p90,s2__composite__b8a__prebattle_baseline__p90,s2__composite__b8a__post_winter_baseline__p90,0.3644502556380081,0.38065323299194764,0.3653269837904954,-0.015326249201452258
Rubizhne,s2__composite__b8a__std,s2__composite__b8a__prebattle_baseline__std,s2__composite__b8a__post_winter_baseline__std,0.4485744429452551,0.5498446596413036,0.4375646685845014,-0.1122799910568022
Rubizhne,s2__composite__cire__max,s2__composite__cire__prebattle_baseline__max,s2__composite__cire__post_winter_baseline__max,0.27196763717368033,0.3500220045145552,0.26346384938713074,-0.08655815512742443
Rubizhne,s2__composite__cire__mean,s2__composite__cire__prebattle_baseline__mean,s2__composite__cire__post_winter_baseline__mean,0.33922345514081476,0.41733095805523174,0.3307507804592299,-0.08658017759600184
Rubizhne,s2__composite__cire__min,s2__composite__cire__prebattle_baseline__min,s2__composite__cire__post_winter_baseline__min,0.3626204897379048,0.4478970531401815,0.35414175549324034,-0.09375529764694118
Rubizhne,s2__composite__cire__p10,s2__composite__cire__prebattle_baseline__p10,s2__composite__cire__post_winter_baseline__p10,0.3572284153807716,0.4514060131699535,0.34758857206153854,-0.10381744110841495
Rubizhne,s2__composite__cire__p50,s2__composite__cire__prebattle_baseline__p50,s2__composite__cire__post_winter_baseline__p50,0.33327894053994594,0.4155199054869801,0.324352009742953,-0.09116789574402712
Rubizhne,s2__composite__cire__p90,s2__composite__cire__prebattle_baseline__p90,s2__composite__cire__post_winter_baseline__p90,0.28590208705206804,0.36567563342466075,0.277369522921665,-0.08830611050299575
Rubizhne,s2__composite__cire__std,s2__composite__cire__prebattle_baseline__std,s2__composite__cire__post_winter_baseline__std,0.038568717741240266,0.13029215279859593,0.029116495258441132,-0.1011756575401548
Rubizhne,s2__composite__mndwi__max,s2__composite__mndwi__prebattle_baseline__max,s2__composite__mndwi__post_winter_baseline__max,0.036007103887549415,0.23207175264593385,0.01378292639601088,-0.21828882624992296
Rubizhne,s2__composite__mndwi__mean,s2__composite__mndwi__prebattle_baseline__mean,s2__composite__mndwi__post_winter_baseline__mean,0.061619390442175626,0.306215554855522,0.03562608411763776,-0.2705894707378842
Rubizhne,s2__composite__mndwi__min,s2__composite__mndwi__prebattle_baseline__min,s2__composite__mndwi__post_winter_baseline__min,0.11360140053731224,0.3320053143328769,0.09037564105893638,-0.24162967327394053
Rubizhne,s2__composite__mndwi__p10,s2__composite__mndwi__prebattle_baseline__p10,s2__composite__mndwi__post_winter_baseline__p10,0.10149735718892601,0.30615138264357206,0.08012969056589053,-0.22602169207768152
Rubizhne,s2__composite__mndwi__p50,s2__composite__mndwi__prebattle_baseline__p50,s2__composite__mndwi__post_winter_baseline__p50,0.06873508795166663,0.2961114610775689,0.04431108000695855,-0.25180038107061037
Rubizhne,s2__composite__mndwi__p90,s2__composite__mndwi__prebattle_baseline__p90,s2__composite__mndwi__post_winter_baseline__p90,0.046170315254957836,0.27430539330079967,0.020860991474002215,-0.25344440182679745
Rubizhne,s2__composite__mndwi__std,s2__composite__mndwi__prebattle_baseline__std,s2__composite__mndwi__post_winter_baseline__std,0.12211016919521529,0.2046360843868144,0.11463264289764365,-0.09000344148917076
Rubizhne,s2__composite__ndbi__max,s2__composite__ndbi__prebattle_baseline__max,s2__composite__ndbi__post_winter_baseline__max,0.34327644378060773,0.28044889111849286,0.35159644452102523,0.07114755340253237
Rubizhne,s2__composite__ndbi__mean,s2__composite__ndbi__prebattle_baseline__mean,s2__composite__ndbi__post_winter_baseline__mean,0.25367072365999477,0.13240760841014812,0.26762966487485523,0.1352220564647071
Rubizhne,s2__composite__ndbi__min,s2__composite__ndbi__prebattle_baseline__min,s2__composite__ndbi__post_winter_baseline__min,0.18752566968928727,0.08838659207819813,0.19796103956213534,0.10957444748393722
Rubizhne,s2__composite__ndbi__p10,s2__composite__ndbi__prebattle_baseline__p10,s2__composite__ndbi__post_winter_baseline__p10,0.20395485961171814,0.10656675973748744,0.21437188518919464,0.1078051254517072
Rubizhne,s2__composite__ndbi__p50,s2__composite__ndbi__prebattle_baseline__p50,s2__composite__ndbi__post_winter_baseline__p50,0.25032430629268093,0.13484257296725524,0.2629150390927086,0.12807246612545334
Rubizhne,s2__composite__ndbi__p90,s2__composite__ndbi__prebattle_baseline__p90,s2__composite__ndbi__post_winter_baseline__p90,0.32958610427921725,0.25925456975349154,0.33936978860290773,0.08011521884941619
Rubizhne,s2__composite__ndbi__std,s2__composite__ndbi__prebattle_baseline__std,s2__composite__ndbi__post_winter_baseline__std,0.39271398965363485,0.5326082363487553,0.37713967872055654,-0.15546855762819878
Rubizhne,s2__composite__ndre__max,s2__composite__ndre__prebattle_baseline__max,s2__composite__ndre__post_winter_baseline__max,0.382030594486021,0.40925058882477355,0.3785859675709709,-0.03066462125380265
Rubizhne,s2__composite__ndre__mean,s2__composite__ndre__prebattle_baseline__mean,s2__composite__ndre__post_winter_baseline__mean,0.4193006907100965,0.47047809183407474,0.4133972861641736,-0.05708080566990115
Rubizhne,s2__composite__ndre__min,s2__composite__ndre__prebattle_baseline__min,s2__composite__ndre__post_winter_baseline__min,0.420747832546731,0.5178092934845667,0.4105819051871372,-0.1072273882974295
Rubizhne,s2__composite__ndre__p10,s2__composite__ndre__prebattle_baseline__p10,s2__composite__ndre__post_winter_baseline__p10,0.41858475976222276,0.5072508817978402,0.4091363251016577,-0.09811455669618246
Rubizhne,s2__composite__ndre__p50,s2__composite__ndre__prebattle_baseline__p50,s2__composite__ndre__post_winter_baseline__p50,0.4123557084967671,0.48066910894619874,0.4044480000214144,-0.07622110892478434
Rubizhne,s2__composite__ndre__p90,s2__composite__ndre__prebattle_baseline__p90,s2__composite__ndre__post_winter_baseline__p90,0.3927920840829862,0.4205698050046663,0.38915935432875265,-0.03141045067591364
Rubizhne,s2__composite__ndre__std,s2__composite__ndre__prebattle_baseline__std,s2__composite__ndre__post_winter_baseline__std,0.1685660476578182,0.26796615391925427,0.1598933200009806,-0.10807283391827366
Rubizhne,s2__composite__ndvi__max,s2__composite__ndvi__prebattle_baseline__max,s2__composite__ndvi__post_winter_baseline__max,0.37463525099209394,0.4099296704863186,0.37053383179876925,-0.03939583868754937
Rubizhne,s2__composite__ndvi__mean,s2__composite__ndvi__prebattle_baseline__mean,s2__composite__ndvi__post_winter_baseline__mean,0.4831234395061825,0.5410040452632783,0.4751860935036443,-0.06581795175963395
Rubizhne,s2__composite__ndvi__min,s2__composite__ndvi__prebattle_baseline__min,s2__composite__ndvi__post_winter_baseline__min,0.535142572180034,0.6765846647283447,0.5165969903917812,-0.15998767433656347
Rubizhne,s2__composite__ndvi__p10,s2__composite__ndvi__prebattle_baseline__p10,s2__composite__ndvi__post_winter_baseline__p10,0.5382704307656078,0.6707985988926782,0.5211214457618872,-0.149677153130791
Rubizhne,s2__composite__ndvi__p50,s2__composite__ndvi__prebattle_baseline__p50,s2__composite__ndvi__post_winter_baseline__p50,0.473408428277831,0.5588797381753197,0.4624756728522782,-0.09640406532304147
Rubizhne,s2__composite__ndvi__p90,s2__composite__ndvi__prebattle_baseline__p90,s2__composite__ndvi__post_winter_baseline__p90,0.4028654843263685,0.4486169997614869,0.3976376766810363,-0.05097932308045061
Rubizhne,s2__composite__ndvi__std,s2__composite__ndvi__prebattle_baseline__std,s2__composite__ndvi__post_winter_baseline__std,0.24299875087142656,0.40558732003378295,0.22541439288920936,-0.18017292714457359
Rubizhne,s2__composite__ndwi__max,s2__composite__ndwi__prebattle_baseline__max,s2__composite__ndwi__post_winter_baseline__max,0.46189808530521415,0.6113830040875229,0.44347937007896043,-0.16790363400856245
Rubizhne,s2__composite__ndwi__mean,s2__composite__ndwi__prebattle_baseline__mean,s2__composite__ndwi__post_winter_baseline__mean,0.4395849677308943,0.5297049708975234,0.43038418133513295,-0.09932078956239049
Rubizhne,s2__composite__ndwi__min,s2__composite__ndwi__prebattle_baseline__min,s2__composite__ndwi__post_winter_baseline__min,0.3608051191820014,0.4083883514255512,0.35633486704373324,-0.05205348438181795
Rubizhne,s2__composite__ndwi__p10,s2__composite__ndwi__prebattle_baseline__p10,s2__composite__ndwi__post_winter_baseline__p10,0.38036890534372136,0.4268573780843459,0.3761479573015359,-0.05070942078280999
Rubizhne,s2__composite__ndwi__p50,s2__composite__ndwi__prebattle_baseline__p50,s2__composite__ndwi__post_winter_baseline__p50,0.42901316057538363,0.545776853319548,0.417427342039257,-0.12834951128029093
Rubizhne,s2__composite__ndwi__p90,s2__composite__ndwi__prebattle_baseline__p90,s2__composite__ndwi__post_winter_baseline__p90,0.46431035282372124,0.6097436238136992,0.4472123332639526,-0.16253129054974658
Rubizhne,s2__composite__ndwi__std,s2__composite__ndwi__prebattle_baseline__std,s2__composite__ndwi__post_winter_baseline__std,0.25463426240772163,0.4222102769164886,0.23607019149022312,-0.18614008542626548
Sievierodonetsk,s2__composite__b02__max,s2__composite__b02__prebattle_baseline__max,s2__composite__b02__post_winter_baseline__max,0.843890516970392,0.8685435123757616,0.8426489905354404,-0.02589452184032115
Sievierodonetsk,s2__composite__b02__mean,s2__composite__b02__prebattle_baseline__mean,s2__composite__b02__post_winter_baseline__mean,0.8670018819141,0.8931464861275711,0.86425927276737,-0.02888721336020106
Sievierodonetsk,s2__composite__b02__min,s2__composite__b02__prebattle_baseline__min,s2__composite__b02__post_winter_baseline__min,0.8428738241721713,0.8693970049146669,0.8363426590141068,-0.03305434590056011
Sievierodonetsk,s2__composite__b02__p10,s2__composite__b02__prebattle_baseline__p10,s2__composite__b02__post_winter_baseline__p10,0.8531788778575032,0.8787899613894345,0.8473599291782671,-0.03143003221116747
Sievierodonetsk,s2__composite__b02__p50,s2__composite__b02__prebattle_baseline__p50,s2__composite__b02__post_winter_baseline__p50,0.8523817488508053,0.8791673818793979,0.8489799012528241,-0.030187480626573837
Sievierodonetsk,s2__composite__b02__p90,s2__composite__b02__prebattle_baseline__p90,s2__composite__b02__post_winter_baseline__p90,0.8480130622383463,0.8740238776330161,0.8465770758843759,-0.027446801748640226
Sievierodonetsk,s2__composite__b02__std,s2__composite__b02__prebattle_baseline__std,s2__composite__b02__post_winter_baseline__std,0.7765697794764923,0.8155133304387062,0.7722786583175186,-0.04323467212118759
Sievierodonetsk,s2__composite__b03__max,s2__composite__b03__prebattle_baseline__max,s2__composite__b03__post_winter_baseline__max,0.8366942662423705,0.8668660831185846,0.8344184256341673,-0.03244765748441725
Sievierodonetsk,s2__composite__b03__mean,s2__composite__b03__prebattle_baseline__mean,s2__composite__b03__post_winter_baseline__mean,0.8595538729420591,0.8864791150704414,0.8566869972260536,-0.029792117844387844
Sievierodonetsk,s2__composite__b03__min,s2__composite__b03__prebattle_baseline__min,s2__composite__b03__post_winter_baseline__min,0.8499586866892614,0.8905848884809209,0.8409975649737067,-0.049587323507214176
Sievierodonetsk,s2__composite__b03__p10,s2__composite__b03__prebattle_baseline__p10,s2__composite__b03__post_winter_baseline__p10,0.8524244411610546,0.889790830632445,0.8453854723738627,-0.04440535825858227
Sievierodonetsk,s2__composite__b03__p50,s2__composite__b03__prebattle_baseline__p50,s2__composite__b03__post_winter_baseline__p50,0.8430888272972719,0.8672424025611299,0.8402412736198159,-0.027001128941314012
Sievierodonetsk,s2__composite__b03__p90,s2__composite__b03__prebattle_baseline__p90,s2__composite__b03__post_winter_baseline__p90,0.8401222744486323,0.8688844510855785,0.8380247934677932,-0.030859657617785308
Sievierodonetsk,s2__composite__b03__std,s2__composite__b03__prebattle_baseline__std,s2__composite__b03__post_winter_baseline__std,0.7793891201405365,0.8271694158693426,0.7727504999528201,-0.05441891591652248
Sievierodonetsk,s2__composite__b04__max,s2__composite__b04__prebattle_baseline__max,s2__composite__b04__post_winter_baseline__max,0.8309256714737492,0.8690558809986482,0.8286787487892253,-0.04037713220942285
Sievierodonetsk,s2__composite__b04__mean,s2__composite__b04__prebattle_baseline__mean,s2__composite__b04__post_winter_baseline__mean,0.8374277890339982,0.8790618356099469,0.8368834698178197,-0.04217836579212719
Sievierodonetsk,s2__composite__b04__min,s2__composite__b04__prebattle_baseline__min,s2__composite__b04__post_winter_baseline__min,0.8173817673216046,0.872412921313871,0.8107842005263975,-0.0616287207874735
Sievierodonetsk,s2__composite__b04__p10,s2__composite__b04__prebattle_baseline__p10,s2__composite__b04__post_winter_baseline__p10,0.8219882681939522,0.8696798307006359,0.8186174950931459,-0.05106233560749007
Sievierodonetsk,s2__composite__b04__p50,s2__composite__b04__prebattle_baseline__p50,s2__composite__b04__post_winter_baseline__p50,0.8223325182932418,0.8587881111982018,0.8231104037314056,-0.035677707466796105
Sievierodonetsk,s2__composite__b04__p90,s2__composite__b04__prebattle_baseline__p90,s2__composite__b04__post_winter_baseline__p90,0.8337657914760647,0.8641837981436301,0.8329182612052352,-0.031265536938394956
Sievierodonetsk,s2__composite__b04__std,s2__composite__b04__prebattle_baseline__std,s2__composite__b04__post_winter_baseline__std,0.7714699566076676,0.8101197109795305,0.7648957465846801,-0.045223964394850436
Sievierodonetsk,s2__composite__b05__max,s2__composite__b05__prebattle_baseline__max,s2__composite__b05__post_winter_baseline__max,0.8169193068943473,0.8555442806010789,0.8104912965592349,-0.04505298404184399
Sievierodonetsk,s2__composite__b05__mean,s2__composite__b05__prebattle_baseline__mean,s2__composite__b05__post_winter_baseline__mean,0.8241197071469375,0.8875300847436399,0.815382208655056,-0.07214787608858397
Sievierodonetsk,s2__composite__b05__min,s2__composite__b05__prebattle_baseline__min,s2__composite__b05__post_winter_baseline__min,0.8204737273212217,0.9023352791742122,0.8066876230616324,-0.09564765611257975
Sievierodonetsk,s2__composite__b05__p10,s2__composite__b05__prebattle_baseline__p10,s2__composite__b05__post_winter_baseline__p10,0.8223467483094269,0.9008046931596655,0.8099907645568091,-0.09081392860285642
Sievierodonetsk,s2__composite__b05__p50,s2__composite__b05__prebattle_baseline__p50,s2__composite__b05__post_winter_baseline__p50,0.8168291279244547,0.8831524032863057,0.8077339372702143,-0.07541846601609148
Sievierodonetsk,s2__composite__b05__p90,s2__composite__b05__prebattle_baseline__p90,s2__composite__b05__post_winter_baseline__p90,0.8207240952648437,0.8632397694924199,0.8139951901827627,-0.0492445793096572
Sievierodonetsk,s2__composite__b05__std,s2__composite__b05__prebattle_baseline__std,s2__composite__b05__post_winter_baseline__std,0.753985747858718,0.810712148000682,0.7395938691064396,-0.07111827889424238
Sievierodonetsk,s2__composite__b07__max,s2__composite__b07__prebattle_baseline__max,s2__composite__b07__post_winter_baseline__max,0.6160976406063559,0.8159108825764647,0.5814074823549815,-0.2345034002214832
Sievierodonetsk,s2__composite__b07__mean,s2__composite__b07__prebattle_baseline__mean,s2__composite__b07__post_winter_baseline__mean,0.6783992672759379,0.8802516288989428,0.6397373947523565,-0.24051423414658635
Sievierodonetsk,s2__composite__b07__min,s2__composite__b07__prebattle_baseline__min,s2__composite__b07__post_winter_baseline__min,0.7241935880042824,0.9052564388533522,0.6872777246741552,-0.217978714179197
Sievierodonetsk,s2__composite__b07__p10,s2__composite__b07__prebattle_baseline__p10,s2__composite__b07__post_winter_baseline__p10,0.7183785915370031,0.9052879819835487,0.6801940996530532,-0.22509388233049543
Sievierodonetsk,s2__composite__b07__p50,s2__composite__b07__prebattle_baseline__p50,s2__composite__b07__post_winter_baseline__p50,0.6794517850722207,0.8782381469153988,0.6409899190606974,-0.23724822785470145
Sievierodonetsk,s2__composite__b07__p90,s2__composite__b07__prebattle_baseline__p90,s2__composite__b07__post_winter_baseline__p90,0.6324754518472617,0.8313663685796592,0.5976552346593649,-0.2337111339202943
Sievierodonetsk,s2__composite__b07__std,s2__composite__b07__prebattle_baseline__std,s2__composite__b07__post_winter_baseline__std,0.6450312580512862,0.8013949675202475,0.6136876933307317,-0.18770727418951583
Sievierodonetsk,s2__composite__b08__max,s2__composite__b08__prebattle_baseline__max,s2__composite__b08__post_winter_baseline__max,0.6327657598732973,0.8117054428774496,0.5987651087161042,-0.2129403341613454
Sievierodonetsk,s2__composite__b08__mean,s2__composite__b08__prebattle_baseline__mean,s2__composite__b08__post_winter_baseline__mean,0.736093842909051,0.8985361363347787,0.701605024446208,-0.1969311118885707
Sievierodonetsk,s2__composite__b08__min,s2__composite__b08__prebattle_baseline__min,s2__composite__b08__post_winter_baseline__min,0.8025415392218225,0.9215306298054406,0.7754069608525987,-0.1461236689528419
Sievierodonetsk,s2__composite__b08__p10,s2__composite__b08__prebattle_baseline__p10,s2__composite__b08__post_winter_baseline__p10,0.7911352143608027,0.9120590744982616,0.7642668706914554,-0.14779220380680624
Sievierodonetsk,s2__composite__b08__p50,s2__composite__b08__prebattle_baseline__p50,s2__composite__b08__post_winter_baseline__p50,0.7306515522331375,0.8894313691242544,0.6962007183355409,-0.1932306507887135
Sievierodonetsk,s2__composite__b08__p90,s2__composite__b08__prebattle_baseline__p90,s2__composite__b08__post_winter_baseline__p90,0.6581455636793333,0.8356303369663927,0.6242819693342277,-0.2113483676321649
Sievierodonetsk,s2__composite__b08__std,s2__composite__b08__prebattle_baseline__std,s2__composite__b08__post_winter_baseline__std,0.6770064147638396,0.8149108088258381,0.6506074211913936,-0.16430338763444452
Sievierodonetsk,s2__composite__b11__max,s2__composite__b11__prebattle_baseline__max,s2__composite__b11__post_winter_baseline__max,0.7445982559551514,0.8675000993725354,0.7273281514475523,-0.1401719479249831
Sievierodonetsk,s2__composite__b11__mean,s2__composite__b11__prebattle_baseline__mean,s2__composite__b11__post_winter_baseline__mean,0.7887235858222502,0.9107218953479351,0.7689302027875397,-0.14179169256039548
Sievierodonetsk,s2__composite__b11__min,s2__composite__b11__prebattle_baseline__min,s2__composite__b11__post_winter_baseline__min,0.8188479820027572,0.9289010278001796,0.7994205086911154,-0.12948051910906422
Sievierodonetsk,s2__composite__b11__p10,s2__composite__b11__prebattle_baseline__p10,s2__composite__b11__post_winter_baseline__p10,0.8112021309660239,0.9276504821728476,0.7904891075209031,-0.13716137465194456
Sievierodonetsk,s2__composite__b11__p50,s2__composite__b11__prebattle_baseline__p50,s2__composite__b11__post_winter_baseline__p50,0.7845267188930094,0.9121478443152433,0.7641085374259001,-0.1480393068893432
Sievierodonetsk,s2__composite__b11__p90,s2__composite__b11__prebattle_baseline__p90,s2__composite__b11__post_winter_baseline__p90,0.756283647858906,0.8773981765616925,0.7393373809837169,-0.13806079557797557
Sievierodonetsk,s2__composite__b11__std,s2__composite__b11__prebattle_baseline__std,s2__composite__b11__post_winter_baseline__std,0.719585006664034,0.8153007682003223,0.6991532481033412,-0.11614752009698104
Sievierodonetsk,s2__composite__b12__max,s2__composite__b12__prebattle_baseline__max,s2__composite__b12__post_winter_baseline__max,0.7558453366387035,0.8595352256711692,0.7473456107338716,-0.11218961493729762
Sievierodonetsk,s2__composite__b12__mean,s2__composite__b12__prebattle_baseline__mean,s2__composite__b12__post_winter_baseline__mean,0.7677552573419281,0.8990926732247618,0.7549841138109687,-0.14410855941379308
Sievierodonetsk,s2__composite__b12__min,s2__composite__b12__prebattle_baseline__min,s2__composite__b12__post_winter_baseline__min,0.7783022384250442,0.9198772004284326,0.7604205718612265,-0.1594566285672061
Sievierodonetsk,s2__composite__b12__p10,s2__composite__b12__prebattle_baseline__p10,s2__composite__b12__post_winter_baseline__p10,0.7753834936158663,0.9186767214631629,0.7578838388542319,-0.160792882608931
Sievierodonetsk,s2__composite__b12__p50,s2__composite__b12__prebattle_baseline__p50,s2__composite__b12__post_winter_baseline__p50,0.7648275878331107,0.9009130485461814,0.7512469395465444,-0.14966610899963695
Sievierodonetsk,s2__composite__b12__p90,s2__composite__b12__prebattle_baseline__p90,s2__composite__b12__post_winter_baseline__p90,0.7587794461448301,0.866911136164337,0.75030368454736,-0.11660745161697705
Sievierodonetsk,s2__composite__b12__std,s2__composite__b12__prebattle_baseline__std,s2__composite__b12__post_winter_baseline__std,0.72135818949774,0.7908842690617527,0.7059056527613057,-0.08497861630044701
Sievierodonetsk,s2__composite__b8a__max,s2__composite__b8a__prebattle_baseline__max,s2__composite__b8a__post_winter_baseline__max,0.6586724933505076,0.8443429225748369,0.6235403986926694,-0.22080252388216748
Sievierodonetsk,s2__composite__b8a__mean,s2__composite__b8a__prebattle_baseline__mean,s2__composite__b8a__post_winter_baseline__mean,0.7294618707884916,0.8950211028267208,0.6952476375027787,-0.19977346532394202
Sievierodonetsk,s2__composite__b8a__min,s2__composite__b8a__prebattle_baseline__min,s2__composite__b8a__post_winter_baseline__min,0.7770360162540044,0.9190675967718303,0.7459482302869453,-0.1731193664848849
Sievierodonetsk,s2__composite__b8a__p10,s2__composite__b8a__prebattle_baseline__p10,s2__composite__b8a__post_winter_baseline__p10,0.7692153851438321,0.9166567880773534,0.7372628663448997,-0.17939392173245372
Sievierodonetsk,s2__composite__b8a__p50,s2__composite__b8a__prebattle_baseline__p50,s2__composite__b8a__post_winter_baseline__p50,0.7288661692524141,0.8921545833113557,0.6945288688501369,-0.1976257144612188
Sievierodonetsk,s2__composite__b8a__p90,s2__composite__b8a__prebattle_baseline__p90,s2__composite__b8a__post_winter_baseline__p90,0.6765522452292394,0.8549945724923835,0.6423815229854696,-0.21261304950691395
Sievierodonetsk,s2__composite__b8a__std,s2__composite__b8a__prebattle_baseline__std,s2__composite__b8a__post_winter_baseline__std,0.6574902141171567,0.8040653543098516,0.627967946736672,-0.1760974075731796
Sievierodonetsk,s2__composite__cire__max,s2__composite__cire__prebattle_baseline__max,s2__composite__cire__post_winter_baseline__max,0.7639864398489581,0.8179673509367967,0.7447542932094955,-0.07321305772730125
Sievierodonetsk,s2__composite__cire__mean,s2__composite__cire__prebattle_baseline__mean,s2__composite__cire__post_winter_baseline__mean,0.8342884479921396,0.8663974953803236,0.8195330769163702,-0.046864418463953395
Sievierodonetsk,s2__composite__cire__min,s2__composite__cire__prebattle_baseline__min,s2__composite__cire__post_winter_baseline__min,0.8612136151698331,0.8627611686754244,0.8521311774533915,-0.010629991222032897
Sievierodonetsk,s2__composite__cire__p10,s2__composite__cire__prebattle_baseline__p10,s2__composite__cire__post_winter_baseline__p10,0.8583723304279046,0.8673575059808101,0.8478757799235035,-0.01948172605730658
Sievierodonetsk,s2__composite__cire__p50,s2__composite__cire__prebattle_baseline__p50,s2__composite__cire__post_winter_baseline__p50,0.8332325686294522,0.8633483284338752,0.8187026615745391,-0.04464566685933613
Sievierodonetsk,s2__composite__cire__p90,s2__composite__cire__prebattle_baseline__p90,s2__composite__cire__post_winter_baseline__p90,0.7855214844549375,0.8333828476972056,0.7674385153136711,-0.06594433238353448
Sievierodonetsk,s2__composite__cire__std,s2__composite__cire__prebattle_baseline__std,s2__composite__cire__post_winter_baseline__std,0.4167745124082444,0.47737048723934067,0.4068543441066293,-0.07051614313271137
Sievierodonetsk,s2__composite__mndwi__max,s2__composite__mndwi__prebattle_baseline__max,s2__composite__mndwi__post_winter_baseline__max,0.8659315842332914,0.858998242301158,0.8639873648292613,0.004989122528103351
Sievierodonetsk,s2__composite__mndwi__mean,s2__composite__mndwi__prebattle_baseline__mean,s2__composite__mndwi__post_winter_baseline__mean,0.8871355146659714,0.8964504299916018,0.8806512279696215,-0.015799202021980374
Sievierodonetsk,s2__composite__mndwi__min,s2__composite__mndwi__prebattle_baseline__min,s2__composite__mndwi__post_winter_baseline__min,0.8365222852520784,0.8578865864513768,0.8255454925733963,-0.032341093877980565
Sievierodonetsk,s2__composite__mndwi__p10,s2__composite__mndwi__prebattle_baseline__p10,s2__composite__mndwi__post_winter_baseline__p10,0.8576656583385368,0.8684954975817034,0.8477372544068309,-0.020758243174872515
Sievierodonetsk,s2__composite__mndwi__p50,s2__composite__mndwi__prebattle_baseline__p50,s2__composite__mndwi__post_winter_baseline__p50,0.873293637813947,0.8724262250278861,0.8663281105392902,-0.006098114488595985
Sievierodonetsk,s2__composite__mndwi__p90,s2__composite__mndwi__prebattle_baseline__p90,s2__composite__mndwi__post_winter_baseline__p90,0.8739531121550614,0.8732039173467478,0.8704354928263023,-0.002768424520445567
Sievierodonetsk,s2__composite__mndwi__std,s2__composite__mndwi__prebattle_baseline__std,s2__composite__mndwi__post_winter_baseline__std,0.7165757341353325,0.7528614292295931,0.7129256702095697,-0.03993575902002344
Sievierodonetsk,s2__composite__ndbi__max,s2__composite__ndbi__prebattle_baseline__max,s2__composite__ndbi__post_winter_baseline__max,0.5289397969022483,0.7373535554536,0.5018360079114859,-0.23551754754211418
Sievierodonetsk,s2__composite__ndbi__mean,s2__composite__ndbi__prebattle_baseline__mean,s2__composite__ndbi__post_winter_baseline__mean,0.3911995571689943,0.6660363032859757,0.36355678989463164,-0.3024795133913441
Sievierodonetsk,s2__composite__ndbi__min,s2__composite__ndbi__prebattle_baseline__min,s2__composite__ndbi__post_winter_baseline__min,0.3448619143129223,0.6133938050874934,0.31205114630982445,-0.30134265877766897
Sievierodonetsk,s2__composite__ndbi__p10,s2__composite__ndbi__prebattle_baseline__p10,s2__composite__ndbi__post_winter_baseline__p10,0.3480696581331885,0.6410111924888912,0.3122314802453079,-0.32877971224358327
Sievierodonetsk,s2__composite__ndbi__p50,s2__composite__ndbi__prebattle_baseline__p50,s2__composite__ndbi__post_winter_baseline__p50,0.3963565055245678,0.6482096255369902,0.3695456978071647,-0.27866392772982557
Sievierodonetsk,s2__composite__ndbi__p90,s2__composite__ndbi__prebattle_baseline__p90,s2__composite__ndbi__post_winter_baseline__p90,0.5019648613796981,0.713721276469722,0.47719415919769664,-0.2365271172720254
Sievierodonetsk,s2__composite__ndbi__std,s2__composite__ndbi__prebattle_baseline__std,s2__composite__ndbi__post_winter_baseline__std,0.6494322974298986,0.7787655366150404,0.6267664821496819,-0.15199905446535855
Sievierodonetsk,s2__composite__ndre__max,s2__composite__ndre__prebattle_baseline__max,s2__composite__ndre__post_winter_baseline__max,0.8314990445290671,0.8607325228170031,0.8183638812371078,-0.04236864157989528
Sievierodonetsk,s2__composite__ndre__mean,s2__composite__ndre__prebattle_baseline__mean,s2__composite__ndre__post_winter_baseline__mean,0.8818915632362412,0.9063095590502449,0.87162215954518,-0.03468739950506494
Sievierodonetsk,s2__composite__ndre__min,s2__composite__ndre__prebattle_baseline__min,s2__composite__ndre__post_winter_baseline__min,0.8974970370324247,0.9057386432367056,0.8910692647589572,-0.014669378477748407
Sievierodonetsk,s2__composite__ndre__p10,s2__composite__ndre__prebattle_baseline__p10,s2__composite__ndre__post_winter_baseline__p10,0.8953841820550226,0.9109012213554203,0.8877684022402346,-0.02313281911518572
Sievierodonetsk,s2__composite__ndre__p50,s2__composite__ndre__prebattle_baseline__p50,s2__composite__ndre__post_winter_baseline__p50,0.880126137361189,0.9080136585972142,0.8692115439312559,-0.03880211466595829
Sievierodonetsk,s2__composite__ndre__p90,s2__composite__ndre__prebattle_baseline__p90,s2__composite__ndre__post_winter_baseline__p90,0.8470941897778301,0.875482206376389,0.8345084874639378,-0.04097371891245116
Sievierodonetsk,s2__composite__ndre__std,s2__composite__ndre__prebattle_baseline__std,s2__composite__ndre__post_winter_baseline__std,0.5778059186897956,0.5650676684289707,0.5756250477581283,0.010557379329157568
Sievierodonetsk,s2__composite__ndvi__max,s2__composite__ndvi__prebattle_baseline__max,s2__composite__ndvi__post_winter_baseline__max,0.7748381332731972,0.8412468648338085,0.7522981304739416,-0.08894873435986694
Sievierodonetsk,s2__composite__ndvi__mean,s2__composite__ndvi__prebattle_baseline__mean,s2__composite__ndvi__post_winter_baseline__mean,0.8792318690649095,0.9259675715546801,0.8633134768735663,-0.06265409468111383
Sievierodonetsk,s2__composite__ndvi__min,s2__composite__ndvi__prebattle_baseline__min,s2__composite__ndvi__post_winter_baseline__min,0.9071239755373418,0.9288382586970783,0.8979352989623448,-0.03090295973473345
Sievierodonetsk,s2__composite__ndvi__p10,s2__composite__ndvi__prebattle_baseline__p10,s2__composite__ndvi__post_winter_baseline__p10,0.9071699771431154,0.9325476125798683,0.8969139596359192,-0.035633652943949046
Sievierodonetsk,s2__composite__ndvi__p50,s2__composite__ndvi__prebattle_baseline__p50,s2__composite__ndvi__post_winter_baseline__p50,0.8767766680419002,0.9220136887204691,0.860816549315296,-0.06119713940517302
Sievierodonetsk,s2__composite__ndvi__p90,s2__composite__ndvi__prebattle_baseline__p90,s2__composite__ndvi__post_winter_baseline__p90,0.8071818533244524,0.8772326033671467,0.7845419614335997,-0.09269064193354704
Sievierodonetsk,s2__composite__ndvi__std,s2__composite__ndvi__prebattle_baseline__std,s2__composite__ndvi__post_winter_baseline__std,0.6215471608736058,0.7138385777084748,0.6057771560770913,-0.10806142163138355
Sievierodonetsk,s2__composite__ndwi__max,s2__composite__ndwi__prebattle_baseline__max,s2__composite__ndwi__post_winter_baseline__max,0.9080729408035608,0.9200342771421941,0.900802545425895,-0.019231731716299105
Sievierodonetsk,s2__composite__ndwi__mean,s2__composite__ndwi__prebattle_baseline__mean,s2__composite__ndwi__post_winter_baseline__mean,0.8962281616445594,0.933833945999565,0.8838299805826395,-0.05000396541692553
Sievierodonetsk,s2__composite__ndwi__min,s2__composite__ndwi__prebattle_baseline__min,s2__composite__ndwi__post_winter_baseline__min,0.8125436153665665,0.8722643191177423,0.7928017296595947,-0.07946258945814755
Sievierodonetsk,s2__composite__ndwi__p10,s2__composite__ndwi__prebattle_baseline__p10,s2__composite__ndwi__post_winter_baseline__p10,0.8406662707570978,0.9003759555437144,0.8216834729700544,-0.07869248257366002
Sievierodonetsk,s2__composite__ndwi__p50,s2__composite__ndwi__prebattle_baseline__p50,s2__composite__ndwi__post_winter_baseline__p50,0.8902115797842673,0.9235945266266895,0.8780555579605517,-0.045538968666137825
Sievierodonetsk,s2__composite__ndwi__p90,s2__composite__ndwi__prebattle_baseline__p90,s2__composite__ndwi__post_winter_baseline__p90,0.9104844010374923,0.9325655400299394,0.9020643845573422,-0.03050115547259724
Sievierodonetsk,s2__composite__ndwi__std,s2__composite__ndwi__prebattle_baseline__std,s2__composite__ndwi__post_winter_baseline__std,0.679386019136308,0.7633982559484438,0.6642462815789991,-0.09915197436944467
Trostianets,s2__composite__b02__max,s2__composite__b02__prebattle_baseline__max,s2__composite__b02__post_winter_baseline__max,-0.08279435301860086,0.17177927041238666,-0.0712507349160321,-0.24303000532841876
Trostianets,s2__composite__b02__mean,s2__composite__b02__prebattle_baseline__mean,s2__composite__b02__post_winter_baseline__mean,-0.08423841113958752,0.07107843137254903,-0.09042696790991499,-0.16150539928246402
Trostianets,s2__composite__b02__min,s2__composite__b02__prebattle_baseline__min,s2__composite__b02__post_winter_baseline__min,0.0438431074815221,0.08951565140524576,0.03014345814370202,-0.059372193261543735
Trostianets,s2__composite__b02__p10,s2__composite__b02__prebattle_baseline__p10,s2__composite__b02__post_winter_baseline__p10,0.020359398164545926,0.15686274509803924,-0.005861284923239364,-0.1627240300212786
Trostianets,s2__composite__b02__p50,s2__composite__b02__prebattle_baseline__p50,s2__composite__b02__post_winter_baseline__p50,-0.08089612817376743,0.012254901960784315,-0.07374033551132395,-0.08599523747210826
Trostianets,s2__composite__b02__p90,s2__composite__b02__prebattle_baseline__p90,s2__composite__b02__post_winter_baseline__p90,-0.09557334362040698,0.1936274509803922,-0.10252749164601918,-0.2961549426264114
Trostianets,s2__composite__b02__std,s2__composite__b02__prebattle_baseline__std,s2__composite__b02__post_winter_baseline__std,0.0492117461418344,-0.232843137254902,0.07566876841025394,0.30851190566515596
Trostianets,s2__composite__b03__max,s2__composite__b03__prebattle_baseline__max,s2__composite__b03__post_winter_baseline__max,0.0019021588579699873,-0.004901960784313726,0.017880898994549164,0.02278285977886289
Trostianets,s2__composite__b03__mean,s2__composite__b03__prebattle_baseline__mean,s2__composite__b03__post_winter_baseline__mean,0.009598998650851223,0.0,0.013447379590774437,0.013447379590774437
Trostianets,s2__composite__b03__min,s2__composite__b03__prebattle_baseline__min,s2__composite__b03__post_winter_baseline__min,0.10649740786991295,0.12630290540740155,0.09405066689474498,-0.03225223851265657
Trostianets,s2__composite__b03__p10,s2__composite__b03__prebattle_baseline__p10,s2__composite__b03__post_winter_baseline__p10,0.10263039637564929,0.16799512660984478,0.09439562532725425,-0.07359950128259053
Trostianets,s2__composite__b03__p50,s2__composite__b03__prebattle_baseline__p50,s2__composite__b03__post_winter_baseline__p50,0.023148015151626063,0.05640712280330554,0.027086736048336644,-0.029320386754968893
Trostianets,s2__composite__b03__p90,s2__composite__b03__prebattle_baseline__p90,s2__composite__b03__post_winter_baseline__p90,-0.012127019759302245,0.05392156862745098,-0.007910070566788482,-0.061831639194239466
Trostianets,s2__composite__b03__std,s2__composite__b03__prebattle_baseline__std,s2__composite__b03__post_winter_baseline__std,0.12306527435502305,-0.09558823529411767,0.1423626317589254,0.23795086705304308
Trostianets,s2__composite__b04__max,s2__composite__b04__prebattle_baseline__max,s2__composite__b04__post_winter_baseline__max,0.07301062912971416,0.015941143400934176,0.08052265937296196,0.06458151597202778
Trostianets,s2__composite__b04__mean,s2__composite__b04__prebattle_baseline__mean,s2__composite__b04__post_winter_baseline__mean,0.14675290298619248,0.12745098039215688,0.1362133819674,0.008762401575243106
Trostianets,s2__composite__b04__min,s2__composite__b04__prebattle_baseline__min,s2__composite__b04__post_winter_baseline__min,0.23890199860467032,0.13856532340812014,0.24064972365774095,0.10208440024962082
Trostianets,s2__composite__b04__p10,s2__composite__b04__prebattle_baseline__p10,s2__composite__b04__post_winter_baseline__p10,0.23293498200442395,0.09319437680546132,0.24396023685110416,0.15076586004564285
Trostianets,s2__composite__b04__p50,s2__composite__b04__prebattle_baseline__p50,s2__composite__b04__post_winter_baseline__p50,0.16723967230447354,0.13235294117647062,0.1586238858219369,0.026270944645466282
Trostianets,s2__composite__b04__p90,s2__composite__b04__prebattle_baseline__p90,s2__composite__b04__post_winter_baseline__p90,0.08195493504617164,0.09313725490196079,0.07416339704727729,-0.0189738578546835
Trostianets,s2__composite__b04__std,s2__composite__b04__prebattle_baseline__std,s2__composite__b04__post_winter_baseline__std,0.08363103604648062,-0.056372549019607844,0.09498641165777774,0.15135896067738558
Trostianets,s2__composite__b05__max,s2__composite__b05__prebattle_baseline__max,s2__composite__b05__post_winter_baseline__max,0.12808869336113035,0.3188228680186835,0.10404530647261033,-0.21477756154607314
Trostianets,s2__composite__b05__mean,s2__composite__b05__prebattle_baseline__mean,s2__composite__b05__post_winter_baseline__mean,0.20502808083834181,0.303921568627451,0.17894016929934548,-0.12498139932810554
Trostianets,s2__composite__b05__min,s2__composite__b05__prebattle_baseline__min,s2__composite__b05__post_winter_baseline__min,0.25222764734803965,0.3423312883435583,0.23072585144612356,-0.11160543689743474
Trostianets,s2__composite__b05__p10,s2__composite__b05__prebattle_baseline__p10,s2__composite__b05__post_winter_baseline__p10,0.25480258217022134,0.31023917541818047,0.23089383095262378,-0.07934534446555669
Trostianets,s2__composite__b05__p50,s2__composite__b05__prebattle_baseline__p50,s2__composite__b05__post_winter_baseline__p50,0.19011289812903462,0.30552147239263805,0.1616682764702706,-0.14385319592236745
Trostianets,s2__composite__b05__p90,s2__composite__b05__prebattle_baseline__p90,s2__composite__b05__post_winter_baseline__p90,0.15770428394823033,0.19619868801149754,0.13354370766766455,-0.06265498034383299
Trostianets,s2__composite__b05__std,s2__composite__b05__prebattle_baseline__std,s2__composite__b05__post_winter_baseline__std,-0.02819574714318252,0.03676470588235294,-0.03223406744377186,-0.06899877332612481
Trostianets,s2__composite__b07__max,s2__composite__b07__prebattle_baseline__max,s2__composite__b07__post_winter_baseline__max,0.32357186900783735,0.5751074042337021,0.2682066810952297,-0.3069007231384724
Trostianets,s2__composite__b07__mean,s2__composite__b07__prebattle_baseline__mean,s2__composite__b07__post_winter_baseline__mean,0.3639018104292049,0.5857843137254902,0.3236365163450059,-0.2621477973804843
Trostianets,s2__composite__b07__min,s2__composite__b07__prebattle_baseline__min,s2__composite__b07__post_winter_baseline__min,0.3664932424061739,0.5861435804343488,0.319891412762239,-0.2662521676721098
Trostianets,s2__composite__b07__p10,s2__composite__b07__prebattle_baseline__p10,s2__composite__b07__post_winter_baseline__p10,0.37884688781184456,0.602084723835283,0.3323414543425702,-0.2697432694927128
Trostianets,s2__composite__b07__p50,s2__composite__b07__prebattle_baseline__p50,s2__composite__b07__post_winter_baseline__p50,0.35060352831959024,0.5334151830312589,0.3099941807099534,-0.22342100232130552
Trostianets,s2__composite__b07__p90,s2__composite__b07__prebattle_baseline__p90,s2__composite__b07__post_winter_baseline__p90,0.3505772127171473,0.5738811624336303,0.3044328591911787,-0.2694483032424516
Trostianets,s2__composite__b07__std,s2__composite__b07__prebattle_baseline__std,s2__composite__b07__post_winter_baseline__std,0.061761428808867674,-0.002450980392156863,0.07700060592607702,0.07945158631823389
Trostianets,s2__composite__b08__max,s2__composite__b08__prebattle_baseline__max,s2__composite__b08__post_winter_baseline__max,0.39793203711694136,0.400981068623498,0.3922764959335318,-0.008704572689966217
Trostianets,s2__composite__b08__mean,s2__composite__b08__prebattle_baseline__mean,s2__composite__b08__post_winter_baseline__mean,0.44344742819738864,0.5000000000000001,0.42805977670724166,-0.07194022329275845
Trostianets,s2__composite__b08__min,s2__composite__b08__prebattle_baseline__min,s2__composite__b08__post_winter_baseline__min,0.4378946828487608,0.4868179946285282,0.4161787203482521,-0.07063927428027611
Trostianets,s2__composite__b08__p10,s2__composite__b08__prebattle_baseline__p10,s2__composite__b08__post_winter_baseline__p10,0.4392377426940423,0.4181484538245041,0.43058011509661526,0.01243166127211115
Trostianets,s2__composite__b08__p50,s2__composite__b08__prebattle_baseline__p50,s2__composite__b08__post_winter_baseline__p50,0.41795170117110775,0.45098039215686275,0.3975918793437851,-0.05338851281307766
Trostianets,s2__composite__b08__p90,s2__composite__b08__prebattle_baseline__p90,s2__composite__b08__post_winter_baseline__p90,0.44693573109698925,0.5147058823529412,0.4383545207484686,-0.07635136160447265
Trostianets,s2__composite__b08__std,s2__composite__b08__prebattle_baseline__std,s2__composite__b08__post_winter_baseline__std,0.2741949715087731,0.07352941176470588,0.2941681114903981,0.22063869972569222
Trostianets,s2__composite__b11__max,s2__composite__b11__prebattle_baseline__max,s2__composite__b11__post_winter_baseline__max,0.27638729720344124,0.4264705882352942,0.2618564462985156,-0.1646141419367786
Trostianets,s2__composite__b11__mean,s2__composite__b11__prebattle_baseline__mean,s2__composite__b11__post_winter_baseline__mean,0.3416136068436399,0.3872549019607844,0.31930504478453625,-0.06794985717624813
Trostianets,s2__composite__b11__min,s2__composite__b11__prebattle_baseline__min,s2__composite__b11__post_winter_baseline__min,0.36815327271198356,0.4723926380368098,0.33848922751614763,-0.13390341052066218
Trostianets,s2__composite__b11__p10,s2__composite__b11__prebattle_baseline__p10,s2__composite__b11__post_winter_baseline__p10,0.35029199207127637,0.47484662576687126,0.3143196530023337,-0.16052697276453753
Trostianets,s2__composite__b11__p50,s2__composite__b11__prebattle_baseline__p50,s2__composite__b11__post_winter_baseline__p50,0.3467229446201136,0.44117647058823534,0.3263121899128306,-0.11486428067540472
Trostianets,s2__composite__b11__p90,s2__composite__b11__prebattle_baseline__p90,s2__composite__b11__post_winter_baseline__p90,0.31950662984105616,0.37990196078431376,0.29504744678299455,-0.08485451400131921
Trostianets,s2__composite__b11__std,s2__composite__b11__prebattle_baseline__std,s2__composite__b11__post_winter_baseline__std,0.18232128090482475,0.7230392156862746,0.14406642389628463,-0.57897279178999
Trostianets,s2__composite__b12__max,s2__composite__b12__prebattle_baseline__max,s2__composite__b12__post_winter_baseline__max,0.4908216406548173,0.6151960784313726,0.4721761027801461,-0.14301997565122648
Trostianets,s2__composite__b12__mean,s2__composite__b12__prebattle_baseline__mean,s2__composite__b12__post_winter_baseline__mean,0.466453811791695,0.5612745098039216,0.43581683034669766,-0.12545767945722391
Trostianets,s2__composite__b12__min,s2__composite__b12__prebattle_baseline__min,s2__composite__b12__post_winter_baseline__min,0.441462506271502,0.6588957055214724,0.41731271381845436,-0.241582991703018
Trostianets,s2__composite__b12__p10,s2__composite__b12__prebattle_baseline__p10,s2__composite__b12__post_winter_baseline__p10,0.43906743108535684,0.6736196319018405,0.4024908961106745,-0.271128735791166
Trostianets,s2__composite__b12__p50,s2__composite__b12__prebattle_baseline__p50,s2__composite__b12__post_winter_baseline__p50,0.4808527883369978,0.5637254901960785,0.45274076562659354,-0.110984724569485
Trostianets,s2__composite__b12__p90,s2__composite__b12__prebattle_baseline__p90,s2__composite__b12__post_winter_baseline__p90,0.48392865387304435,0.5931372549019609,0.46304220341500946,-0.13009505148695144
Trostianets,s2__composite__b12__std,s2__composite__b12__prebattle_baseline__std,s2__composite__b12__post_winter_baseline__std,0.33032381710622705,0.7573529411764707,0.2928122769022179,-0.4645406642742528
Trostianets,s2__composite__b8a__max,s2__composite__b8a__prebattle_baseline__max,s2__composite__b8a__post_winter_baseline__max,0.4148265793391125,0.6642156862745099,0.35690706342366096,-0.3073086228508489
Trostianets,s2__composite__b8a__mean,s2__composite__b8a__prebattle_baseline__mean,s2__composite__b8a__post_winter_baseline__mean,0.4397703465526333,0.6421568627450981,0.38967645947194446,-0.25248040327315363
Trostianets,s2__composite__b8a__min,s2__composite__b8a__prebattle_baseline__min,s2__composite__b8a__post_winter_baseline__min,0.4096770222030211,0.6539877300613498,0.3494714613120603,-0.3045162687492895
Trostianets,s2__composite__b8a__p10,s2__composite__b8a__prebattle_baseline__p10,s2__composite__b8a__post_winter_baseline__p10,0.41538308431365517,0.7222564202423253,0.3521951453647224,-0.3700612748776029
Trostianets,s2__composite__b8a__p50,s2__composite__b8a__prebattle_baseline__p50,s2__composite__b8a__post_winter_baseline__p50,0.4210115925127747,0.661764705882353,0.37155245724740676,-0.29021224863494627
Trostianets,s2__composite__b8a__p90,s2__composite__b8a__prebattle_baseline__p90,s2__composite__b8a__post_winter_baseline__p90,0.41966875384298036,0.6372549019607844,0.3736450967049199,-0.26360980525586447
Trostianets,s2__composite__b8a__std,s2__composite__b8a__prebattle_baseline__std,s2__composite__b8a__post_winter_baseline__std,0.11212841879333448,0.03921568627450981,0.1276404278678001,0.0884247415932903
Trostianets,s2__composite__cire__max,s2__composite__cire__prebattle_baseline__max,s2__composite__cire__post_winter_baseline__max,0.08558501251710879,-0.2538320526148749,0.13173871831104692,0.38557077092592185
Trostianets,s2__composite__cire__mean,s2__composite__cire__prebattle_baseline__mean,s2__composite__cire__post_winter_baseline__mean,0.1625118243208582,0.25980392156862747,0.1633120759267369,-0.09649184564189056
Trostianets,s2__composite__cire__min,s2__composite__cire__prebattle_baseline__min,s2__composite__cire__post_winter_baseline__min,0.26200054376555953,0.3823529411764707,0.2633172702692288,-0.11903567090724188
Trostianets,s2__composite__cire__p10,s2__composite__cire__prebattle_baseline__p10,s2__composite__cire__post_winter_baseline__p10,0.2616824922925194,0.31617647058823534,0.26165547051609717,-0.05452100007213817
Trostianets,s2__composite__cire__p50,s2__composite__cire__prebattle_baseline__p50,s2__composite__cire__post_winter_baseline__p50,0.13194827046693822,0.3651960784313726,0.12248705657909735,-0.24270902185227522
Trostianets,s2__composite__cire__p90,s2__composite__cire__prebattle_baseline__p90,s2__composite__cire__post_winter_baseline__p90,0.08479867854747278,-0.23529411764705882,0.12554068403654756,0.3608348016836064
Trostianets,s2__composite__cire__std,s2__composite__cire__prebattle_baseline__std,s2__composite__cire__post_winter_baseline__std,-0.004783078858216903,-0.10294117647058824,0.028772489756249738,0.13171366622683797
Trostianets,s2__composite__mndwi__max,s2__composite__mndwi__prebattle_baseline__max,s2__composite__mndwi__post_winter_baseline__max,-0.21544235407921825,-0.4264705882352942,-0.20652273358089504,0.21994785465439917
Trostianets,s2__composite__mndwi__mean,s2__composite__mndwi__prebattle_baseline__mean,s2__composite__mndwi__post_winter_baseline__mean,-0.2757831752995324,-0.029411764705882353,-0.30988019461625677,-0.2804684299103744
Trostianets,s2__composite__mndwi__min,s2__composite__mndwi__prebattle_baseline__min,s2__composite__mndwi__post_winter_baseline__min,-0.30230537202017105,-0.21949728221286285,-0.339211633817102,-0.11971435160423916
Trostianets,s2__composite__mndwi__p10,s2__composite__mndwi__prebattle_baseline__p10,s2__composite__mndwi__post_winter_baseline__p10,-0.30123373192380565,-0.17892156862745098,-0.33145956193344406,-0.15253799330599307
Trostianets,s2__composite__mndwi__p50,s2__composite__mndwi__prebattle_baseline__p50,s2__composite__mndwi__post_winter_baseline__p50,-0.2445485007479332,-0.002450980392156863,-0.2772801718190381,-0.2748291914268812
Trostianets,s2__composite__mndwi__p90,s2__composite__mndwi__prebattle_baseline__p90,s2__composite__mndwi__post_winter_baseline__p90,-0.24013271966561536,-0.2058823529411765,-0.2535410679897052,-0.04765871504852873
Trostianets,s2__composite__mndwi__std,s2__composite__mndwi__prebattle_baseline__std,s2__composite__mndwi__post_winter_baseline__std,0.08074190046845857,0.21078431372549022,0.06673585822529651,-0.1440484555001937
Trostianets,s2__composite__ndbi__max,s2__composite__ndbi__prebattle_baseline__max,s2__composite__ndbi__post_winter_baseline__max,0.03958316661228995,0.11649297100682665,0.027893638816553983,-0.08859933219027266
Trostianets,s2__composite__ndbi__mean,s2__composite__ndbi__prebattle_baseline__mean,s2__composite__ndbi__post_winter_baseline__mean,0.10863190812220552,0.04656862745098039,0.11029054455356446,0.06372191710258407
Trostianets,s2__composite__ndbi__min,s2__composite__ndbi__prebattle_baseline__min,s2__composite__ndbi__post_winter_baseline__min,0.14390129293481904,-0.14101780700826386,0.159176296786739,0.3001941037950029
Trostianets,s2__composite__ndbi__p10,s2__composite__ndbi__prebattle_baseline__p10,s2__composite__ndbi__post_winter_baseline__p10,0.16863071799533388,0.03921568627450981,0.16987527521642357,0.13065958894191376
Trostianets,s2__composite__ndbi__p50,s2__composite__ndbi__prebattle_baseline__p50,s2__composite__ndbi__post_winter_baseline__p50,0.10784817659044237,0.09319437680546132,0.10701494417681041,0.013820567371349096
Trostianets,s2__composite__ndbi__p90,s2__composite__ndbi__prebattle_baseline__p90,s2__composite__ndbi__post_winter_baseline__p90,0.047685198484942654,0.06253833180366483,0.05336948892235147,-0.009168842881313359
Trostianets,s2__composite__ndbi__std,s2__composite__ndbi__prebattle_baseline__std,s2__composite__ndbi__post_winter_baseline__std,0.0738227490699569,-0.007352941176470588,0.07836243978234654,0.08571538095881713
Trostianets,s2__composite__ndre__max,s2__composite__ndre__prebattle_baseline__max,s2__composite__ndre__post_winter_baseline__max,0.08615313902062945,0.2035561388119287,0.05803700654077713,-0.14551913227115157
Trostianets,s2__composite__ndre__mean,s2__composite__ndre__prebattle_baseline__mean,s2__composite__ndre__post_winter_baseline__mean,0.12521981438124688,0.465686274509804,0.09226274394523866,-0.37342353056456534
Trostianets,s2__composite__ndre__min,s2__composite__ndre__prebattle_baseline__min,s2__composite__ndre__post_winter_baseline__min,0.11751959617540232,0.29061930661703067,0.11764635302357862,-0.17297295359345205
Trostianets,s2__composite__ndre__p10,s2__composite__ndre__prebattle_baseline__p10,s2__composite__ndre__post_winter_baseline__p10,0.15548818336188588,0.24754901960784317,0.15562424727837804,-0.09192477232946514
Trostianets,s2__composite__ndre__p50,s2__composite__ndre__prebattle_baseline__p50,s2__composite__ndre__post_winter_baseline__p50,0.11146165171317622,0.47794117647058826,0.07262114022089304,-0.4053200362496952
Trostianets,s2__composite__ndre__p90,s2__composite__ndre__prebattle_baseline__p90,s2__composite__ndre__post_winter_baseline__p90,0.08974395804197477,0.411764705882353,0.04051011853076262,-0.37125458735159034
Trostianets,s2__composite__ndre__std,s2__composite__ndre__prebattle_baseline__std,s2__composite__ndre__post_winter_baseline__std,0.022335398271853706,-0.19117647058823534,0.05870883752182233,0.24988530811005766
Trostianets,s2__composite__ndvi__max,s2__composite__ndvi__prebattle_baseline__max,s2__composite__ndvi__post_winter_baseline__max,0.2065518939549391,0.24264705882352944,0.20056873402775527,-0.04207832479577417
Trostianets,s2__composite__ndvi__mean,s2__composite__ndvi__prebattle_baseline__mean,s2__composite__ndvi__post_winter_baseline__mean,0.35424126334019373,0.5122549019607844,0.33400325160330435,-0.17825165035748003
Trostianets,s2__composite__ndvi__min,s2__composite__ndvi__prebattle_baseline__min,s2__composite__ndvi__post_winter_baseline__min,0.4255308670910703,0.34068627450980393,0.42396909150029105,0.08328281699048712
Trostianets,s2__composite__ndvi__p10,s2__composite__ndvi__prebattle_baseline__p10,s2__composite__ndvi__post_winter_baseline__p10,0.40620302969698757,0.3995098039215687,0.4004337477338485,0.0009239438122797816
Trostianets,s2__composite__ndvi__p50,s2__composite__ndvi__prebattle_baseline__p50,s2__composite__ndvi__post_winter_baseline__p50,0.3442651375480303,0.482843137254902,0.3216991305473058,-0.1611440067075962
Trostianets,s2__composite__ndvi__p90,s2__composite__ndvi__prebattle_baseline__p90,s2__composite__ndvi__post_winter_baseline__p90,0.26378368395957186,0.5441176470588236,0.22655636012406488,-0.3175612869347587
Trostianets,s2__composite__ndvi__std,s2__composite__ndvi__prebattle_baseline__std,s2__composite__ndvi__post_winter_baseline__std,0.04124610387345258,0.11519607843137256,0.026690743729265026,-0.08850533470210753
Trostianets,s2__composite__ndwi__max,s2__composite__ndwi__prebattle_baseline__max,s2__composite__ndwi__post_winter_baseline__max,0.36695493192614415,0.32352941176470595,0.3673883829541895,0.043858971189483564
Trostianets,s2__composite__ndwi__mean,s2__composite__ndwi__prebattle_baseline__mean,s2__composite__ndwi__post_winter_baseline__mean,0.29592094274463776,0.40441176470588236,0.27478447629389213,-0.12962728841199023
Trostianets,s2__composite__ndwi__min,s2__composite__ndwi__prebattle_baseline__min,s2__composite__ndwi__post_winter_baseline__min,0.1517028117901481,0.24019607843137256,0.13376328281562336,-0.1064327956157492
Trostianets,s2__composite__ndwi__p10,s2__composite__ndwi__prebattle_baseline__p10,s2__composite__ndwi__post_winter_baseline__p10,0.18089965568365868,0.1936274509803922,0.16892764421906165,-0.024699806761330545
Trostianets,s2__composite__ndwi__p50,s2__composite__ndwi__prebattle_baseline__p50,s2__composite__ndwi__post_winter_baseline__p50,0.25917759928222467,0.35539215686274517,0.2429684512094426,-0.11242370565330256
Trostianets,s2__composite__ndwi__p90,s2__composite__ndwi__prebattle_baseline__p90,s2__composite__ndwi__post_winter_baseline__p90,0.38648549378979485,0.3774509803921569,0.37163666032744,-0.0058143200647168825
Trostianets,s2__composite__ndwi__std,s2__composite__ndwi__prebattle_baseline__std,s2__composite__ndwi__post_winter_baseline__std,0.10976868447889886,-0.30637254901960786,0.15291534432799198,0.45928789334759984
Volnovakha,s2__composite__b02__max,s2__composite__b02__prebattle_baseline__max,s2__composite__b02__post_winter_baseline__max,0.6296199139891595,0.6977671546782207,0.6249214126887231,-0.07284574198949756
Volnovakha,s2__composite__b02__mean,s2__composite__b02__prebattle_baseline__mean,s2__composite__b02__post_winter_baseline__mean,0.6732724483796179,0.79918198033251,0.6637333161315723,-0.1354486642009377
Volnovakha,s2__composite__b02__min,s2__composite__b02__prebattle_baseline__min,s2__composite__b02__post_winter_baseline__min,0.6021445835220407,0.6440157113977005,0.5988544805232757,-0.04516123087442481
Volnovakha,s2__composite__b02__p10,s2__composite__b02__prebattle_baseline__p10,s2__composite__b02__post_winter_baseline__p10,0.6329387210425605,0.6640602887670366,0.630096869944453,-0.03396341882258358
Volnovakha,s2__composite__b02__p50,s2__composite__b02__prebattle_baseline__p50,s2__composite__b02__post_winter_baseline__p50,0.6548952767737326,0.7761379414037681,0.6457470898198265,-0.1303908515839416
Volnovakha,s2__composite__b02__p90,s2__composite__b02__prebattle_baseline__p90,s2__composite__b02__post_winter_baseline__p90,0.6508403006268395,0.7398840276715574,0.6441547364232427,-0.09572929124831464
Volnovakha,s2__composite__b02__std,s2__composite__b02__prebattle_baseline__std,s2__composite__b02__post_winter_baseline__std,0.5170481045393337,0.5699011930863636,0.5120534823024181,-0.05784771078394546
Volnovakha,s2__composite__b03__max,s2__composite__b03__prebattle_baseline__max,s2__composite__b03__post_winter_baseline__max,0.6462870591876352,0.6633003248729734,0.6456646859409182,-0.01763563893205522
Volnovakha,s2__composite__b03__mean,s2__composite__b03__prebattle_baseline__mean,s2__composite__b03__post_winter_baseline__mean,0.6841666875853322,0.7874690978725544,0.6761650224718926,-0.11130407540066178
Volnovakha,s2__composite__b03__min,s2__composite__b03__prebattle_baseline__min,s2__composite__b03__post_winter_baseline__min,0.6048974729667297,0.6539162683498813,0.6004350933248399,-0.05348117502504135
Volnovakha,s2__composite__b03__p10,s2__composite__b03__prebattle_baseline__p10,s2__composite__b03__post_winter_baseline__p10,0.6308933434099451,0.666074773328413,0.627828474370191,-0.03824629895822207
Volnovakha,s2__composite__b03__p50,s2__composite__b03__prebattle_baseline__p50,s2__composite__b03__post_winter_baseline__p50,0.6601061255159729,0.7401482517551039,0.6531837229827254,-0.08696452877237848
Volnovakha,s2__composite__b03__p90,s2__composite__b03__prebattle_baseline__p90,s2__composite__b03__post_winter_baseline__p90,0.6649548907328535,0.7198322035528857,0.6609474363550629,-0.05888476719782276
Volnovakha,s2__composite__b03__std,s2__composite__b03__prebattle_baseline__std,s2__composite__b03__post_winter_baseline__std,0.5299649738979529,0.5765004698311454,0.5251473280568536,-0.051353141774291844
Volnovakha,s2__composite__b04__max,s2__composite__b04__prebattle_baseline__max,s2__composite__b04__post_winter_baseline__max,0.6806612293344683,0.717639199678302,0.6786320046200529,-0.03900719505824912
Volnovakha,s2__composite__b04__mean,s2__composite__b04__prebattle_baseline__mean,s2__composite__b04__post_winter_baseline__mean,0.7035630893490757,0.7851373900167999,0.6965825881633343,-0.08855480185346565
Volnovakha,s2__composite__b04__min,s2__composite__b04__prebattle_baseline__min,s2__composite__b04__post_winter_baseline__min,0.6262188982858039,0.6417281870890801,0.6238847895747593,-0.017843397514320736
Volnovakha,s2__composite__b04__p10,s2__composite__b04__prebattle_baseline__p10,s2__composite__b04__post_winter_baseline__p10,0.6442215852932338,0.6460445560154467,0.6430150329336144,-0.0030295230818323526
Volnovakha,s2__composite__b04__p50,s2__composite__b04__prebattle_baseline__p50,s2__composite__b04__post_winter_baseline__p50,0.682732029494219,0.7532745919004251,0.6750999132363542,-0.0781746786640709
Volnovakha,s2__composite__b04__p90,s2__composite__b04__prebattle_baseline__p90,s2__composite__b04__post_winter_baseline__p90,0.6933461915482605,0.7603064572899875,0.6877965067345901,-0.07250995055539733
Volnovakha,s2__composite__b04__std,s2__composite__b04__prebattle_baseline__std,s2__composite__b04__post_winter_baseline__std,0.555102587603269,0.6351126171018536,0.5471779691518758,-0.08793464794997785
Volnovakha,s2__composite__b05__max,s2__composite__b05__prebattle_baseline__max,s2__composite__b05__post_winter_baseline__max,0.6365269749662222,0.6071047210853803,0.636897058335425,0.02979233725004471
Volnovakha,s2__composite__b05__mean,s2__composite__b05__prebattle_baseline__mean,s2__composite__b05__post_winter_baseline__mean,0.6345714416611336,0.6299120134400182,0.6340123128520252,0.004100299412006958
Volnovakha,s2__composite__b05__min,s2__composite__b05__prebattle_baseline__min,s2__composite__b05__post_winter_baseline__min,0.5956063473996847,0.6192401900091109,0.5937780229913416,-0.025462167017769266
Volnovakha,s2__composite__b05__p10,s2__composite__b05__prebattle_baseline__p10,s2__composite__b05__post_winter_baseline__p10,0.605306622573428,0.6017624677738971,0.6060950499463392,0.004332582172442145
Volnovakha,s2__composite__b05__p50,s2__composite__b05__prebattle_baseline__p50,s2__composite__b05__post_winter_baseline__p50,0.6235541855971385,0.6157390612534364,0.623361965129339,0.007622903875902587
Volnovakha,s2__composite__b05__p90,s2__composite__b05__prebattle_baseline__p90,s2__composite__b05__post_winter_baseline__p90,0.6349044417761025,0.6111219947792731,0.6354262870471433,0.02430429226787023
Volnovakha,s2__composite__b05__std,s2__composite__b05__prebattle_baseline__std,s2__composite__b05__post_winter_baseline__std,0.48710039044139947,0.5412397847319115,0.48021590185157087,-0.06102388288034061
Volnovakha,s2__composite__b07__max,s2__composite__b07__prebattle_baseline__max,s2__composite__b07__post_winter_baseline__max,0.46650773983917193,0.5493707074277172,0.458032015310154,-0.09133869211756324
Volnovakha,s2__composite__b07__mean,s2__composite__b07__prebattle_baseline__mean,s2__composite__b07__post_winter_baseline__mean,0.5089961626890867,0.5822568979754549,0.49998689300949817,-0.08227000496595671
Volnovakha,s2__composite__b07__min,s2__composite__b07__prebattle_baseline__min,s2__composite__b07__post_winter_baseline__min,0.5139733647109183,0.5837831404085222,0.5071711449195393,-0.0766119954889829
Volnovakha,s2__composite__b07__p10,s2__composite__b07__prebattle_baseline__p10,s2__composite__b07__post_winter_baseline__p10,0.5108186102510507,0.5744711264394144,0.5040443765594174,-0.07042674987999709
Volnovakha,s2__composite__b07__p50,s2__composite__b07__prebattle_baseline__p50,s2__composite__b07__post_winter_baseline__p50,0.5024841032732034,0.58188577553106,0.49262103698310206,-0.08926473854795797
Volnovakha,s2__composite__b07__p90,s2__composite__b07__prebattle_baseline__p90,s2__composite__b07__post_winter_baseline__p90,0.47995019470716044,0.579392053505499,0.46935864992197984,-0.11003340358351921
Volnovakha,s2__composite__b07__std,s2__composite__b07__prebattle_baseline__std,s2__composite__b07__post_winter_baseline__std,0.36775944996071264,0.39143369685925,0.36499503527409943,-0.02643866158515057
Volnovakha,s2__composite__b08__max,s2__composite__b08__prebattle_baseline__max,s2__composite__b08__post_winter_baseline__max,0.39128337839365857,0.40383489528070626,0.38959219884345747,-0.014242696437248792
Volnovakha,s2__composite__b08__mean,s2__composite__b08__prebattle_baseline__mean,s2__composite__b08__post_winter_baseline__mean,0.5303404680698885,0.5897973118810215,0.5250091838150268,-0.06478812806599465
Volnovakha,s2__composite__b08__min,s2__composite__b08__prebattle_baseline__min,s2__composite__b08__post_winter_baseline__min,0.5999774590684315,0.6683721237535688,0.5923479478092182,-0.07602417594435062
Volnovakha,s2__composite__b08__p10,s2__composite__b08__prebattle_baseline__p10,s2__composite__b08__post_winter_baseline__p10,0.5901024160445988,0.6591990869882962,0.5830062303550914,-0.07619285663320485
Volnovakha,s2__composite__b08__p50,s2__composite__b08__prebattle_baseline__p50,s2__composite__b08__post_winter_baseline__p50,0.5161996506393187,0.5657748541093223,0.5117043105591399,-0.05407054355018237
Volnovakha,s2__composite__b08__p90,s2__composite__b08__prebattle_baseline__p90,s2__composite__b08__post_winter_baseline__p90,0.4425558731475802,0.4678788527668464,0.4388232064323611,-0.029055646334485263
Volnovakha,s2__composite__b08__std,s2__composite__b08__prebattle_baseline__std,s2__composite__b08__post_winter_baseline__std,0.43277618752455677,0.4579002818986873,0.42782756216437734,-0.03007271973430997
Volnovakha,s2__composite__b11__max,s2__composite__b11__prebattle_baseline__max,s2__composite__b11__post_winter_baseline__max,0.5826737143381129,0.6247664347103096,0.5812496445299763,-0.043516790180333276
Volnovakha,s2__composite__b11__mean,s2__composite__b11__prebattle_baseline__mean,s2__composite__b11__post_winter_baseline__mean,0.5212558676486959,0.4945323044505823,0.5287496397160433,0.034217335265460946
Volnovakha,s2__composite__b11__min,s2__composite__b11__prebattle_baseline__min,s2__composite__b11__post_winter_baseline__min,0.4457724185197015,0.3870232541982392,0.4602630216189342,0.07323976742069499
Volnovakha,s2__composite__b11__p10,s2__composite__b11__prebattle_baseline__p10,s2__composite__b11__post_winter_baseline__p10,0.4648653180142632,0.4098583784941239,0.47761978870558264,0.06776141021145876
Volnovakha,s2__composite__b11__p50,s2__composite__b11__prebattle_baseline__p50,s2__composite__b11__post_winter_baseline__p50,0.5234069121315147,0.4904350213020967,0.5305327526319276,0.040097731329830855
Volnovakha,s2__composite__b11__p90,s2__composite__b11__prebattle_baseline__p90,s2__composite__b11__post_winter_baseline__p90,0.5686076175622702,0.5831891089991397,0.5703293570197027,-0.012859751979437006
Volnovakha,s2__composite__b11__std,s2__composite__b11__prebattle_baseline__std,s2__composite__b11__post_winter_baseline__std,0.5381211043932134,0.5995626299154303,0.5377669696506168,-0.061795660264813534
Volnovakha,s2__composite__b12__max,s2__composite__b12__prebattle_baseline__max,s2__composite__b12__post_winter_baseline__max,0.7474114427934772,0.7430756342635895,0.7458062058394361,0.002730571575846663
Volnovakha,s2__composite__b12__mean,s2__composite__b12__prebattle_baseline__mean,s2__composite__b12__post_winter_baseline__mean,0.743551406290023,0.7519109314046528,0.7420240683701605,-0.009886863034492266
Volnovakha,s2__composite__b12__min,s2__composite__b12__prebattle_baseline__min,s2__composite__b12__post_winter_baseline__min,0.7086078697661141,0.7363826730139929,0.7059059592952558,-0.03047671371873706
Volnovakha,s2__composite__b12__p10,s2__composite__b12__prebattle_baseline__p10,s2__composite__b12__post_winter_baseline__p10,0.7190149596334413,0.7379204851173499,0.7173618445866272,-0.02055864053072265
Volnovakha,s2__composite__b12__p50,s2__composite__b12__prebattle_baseline__p50,s2__composite__b12__post_winter_baseline__p50,0.7371358570272005,0.7477043739336242,0.735566256458878,-0.012138117474746246
Volnovakha,s2__composite__b12__p90,s2__composite__b12__prebattle_baseline__p90,s2__composite__b12__post_winter_baseline__p90,0.7469589978235711,0.7377638466835161,0.7456951012816069,0.007931254598090742
Volnovakha,s2__composite__b12__std,s2__composite__b12__prebattle_baseline__std,s2__composite__b12__post_winter_baseline__std,0.629098674623905,0.6720589994020331,0.6234592851015979,-0.04859971430043519
Volnovakha,s2__composite__b8a__max,s2__composite__b8a__prebattle_baseline__max,s2__composite__b8a__post_winter_baseline__max,0.48249204926795536,0.5662388428791348,0.47368526415475215,-0.09255357872438269
Volnovakha,s2__composite__b8a__mean,s2__composite__b8a__prebattle_baseline__mean,s2__composite__b8a__post_winter_baseline__mean,0.5284751909418409,0.6189413138187305,0.5182492155483781,-0.10069209827035241
Volnovakha,s2__composite__b8a__min,s2__composite__b8a__prebattle_baseline__min,s2__composite__b8a__post_winter_baseline__min,0.5379964305379205,0.5957072394000947,0.5310101623639867,-0.06469707703610805
Volnovakha,s2__composite__b8a__p10,s2__composite__b8a__prebattle_baseline__p10,s2__composite__b8a__post_winter_baseline__p10,0.5363309148113115,0.6013894496816653,0.5277432623092783,-0.07364618737238704
Volnovakha,s2__composite__b8a__p50,s2__composite__b8a__prebattle_baseline__p50,s2__composite__b8a__post_winter_baseline__p50,0.5262587511351476,0.6189519711350817,0.5151251771203363,-0.10382679401474537
Volnovakha,s2__composite__b8a__p90,s2__composite__b8a__prebattle_baseline__p90,s2__composite__b8a__post_winter_baseline__p90,0.49544861205658136,0.5978480000550591,0.48469477130826927,-0.11315322874678985
Volnovakha,s2__composite__b8a__std,s2__composite__b8a__prebattle_baseline__std,s2__composite__b8a__post_winter_baseline__std,0.4079739345309097,0.40893761211879603,0.40663233005660027,-0.002305282062195768
Volnovakha,s2__composite__cire__max,s2__composite__cire__prebattle_baseline__max,s2__composite__cire__post_winter_baseline__max,0.662895506656995,0.7533715694174724,0.651452090566615,-0.10191947885085739
Volnovakha,s2__composite__cire__mean,s2__composite__cire__prebattle_baseline__mean,s2__composite__cire__post_winter_baseline__mean,0.7019454697359211,0.8377858139468662,0.6865747746170332,-0.15121103932983304
Volnovakha,s2__composite__cire__min,s2__composite__cire__prebattle_baseline__min,s2__composite__cire__post_winter_baseline__min,0.6621823097741656,0.8110878945869654,0.6446790510585658,-0.16640884352839957
Volnovakha,s2__composite__cire__p10,s2__composite__cire__prebattle_baseline__p10,s2__composite__cire__post_winter_baseline__p10,0.6783146003572192,0.8201981959670922,0.6624023372788428,-0.1577958586882494
Volnovakha,s2__composite__cire__p50,s2__composite__cire__prebattle_baseline__p50,s2__composite__cire__post_winter_baseline__p50,0.6873924749454082,0.8290574683351558,0.6718106246861777,-0.15724684364897812
Volnovakha,s2__composite__cire__p90,s2__composite__cire__prebattle_baseline__p90,s2__composite__cire__post_winter_baseline__p90,0.6766661285410452,0.7832395470707234,0.6637188712619093,-0.11952067580881409
Volnovakha,s2__composite__cire__std,s2__composite__cire__prebattle_baseline__std,s2__composite__cire__post_winter_baseline__std,0.3458077204744664,0.23951137560864488,0.3563435569321359,0.11683218132349099
Volnovakha,s2__composite__mndwi__max,s2__composite__mndwi__prebattle_baseline__max,s2__composite__mndwi__post_winter_baseline__max,0.5612693925828461,0.5563691180622274,0.5617137170827825,0.005344599020555063
Volnovakha,s2__composite__mndwi__mean,s2__composite__mndwi__prebattle_baseline__mean,s2__composite__mndwi__post_winter_baseline__mean,0.5711382701847244,0.6529377260172556,0.5656657287058285,-0.0872719973114271
Volnovakha,s2__composite__mndwi__min,s2__composite__mndwi__prebattle_baseline__min,s2__composite__mndwi__post_winter_baseline__min,0.46325805604141135,0.5865590620148594,0.45492034609325477,-0.13163871592160464
Volnovakha,s2__composite__mndwi__p10,s2__composite__mndwi__prebattle_baseline__p10,s2__composite__mndwi__post_winter_baseline__p10,0.5054278136018592,0.6084986571360274,0.4988688407669926,-0.10962981636903474
Volnovakha,s2__composite__mndwi__p50,s2__composite__mndwi__prebattle_baseline__p50,s2__composite__mndwi__post_winter_baseline__p50,0.5567915968279608,0.6416653141187125,0.5499617188243334,-0.0917035952943791
Volnovakha,s2__composite__mndwi__p90,s2__composite__mndwi__prebattle_baseline__p90,s2__composite__mndwi__post_winter_baseline__p90,0.5655542135738977,0.6421289602126724,0.5583139642221446,-0.08381499599052777
Volnovakha,s2__composite__mndwi__std,s2__composite__mndwi__prebattle_baseline__std,s2__composite__mndwi__post_winter_baseline__std,0.4615882358115804,0.5381212449101626,0.45336482205241796,-0.0847564228577446
Volnovakha,s2__composite__ndbi__max,s2__composite__ndbi__prebattle_baseline__max,s2__composite__ndbi__post_winter_baseline__max,0.6234862238687573,0.7374276096271495,0.6061395068731545,-0.13128810275399494
Volnovakha,s2__composite__ndbi__mean,s2__composite__ndbi__prebattle_baseline__mean,s2__composite__ndbi__post_winter_baseline__mean,0.5826194367513976,0.6290031037330219,0.5765786998797093,-0.052424403853312596
Volnovakha,s2__composite__ndbi__min,s2__composite__ndbi__prebattle_baseline__min,s2__composite__ndbi__post_winter_baseline__min,0.40125447310619344,0.41026257251233195,0.402767012792887,-0.007495559719444933
Volnovakha,s2__composite__ndbi__p10,s2__composite__ndbi__prebattle_baseline__p10,s2__composite__ndbi__post_winter_baseline__p10,0.46988825079056035,0.49852301920282444,0.4681366845601538,-0.030386334642670654
Volnovakha,s2__composite__ndbi__p50,s2__composite__ndbi__prebattle_baseline__p50,s2__composite__ndbi__post_winter_baseline__p50,0.5625880014188198,0.6132859817044962,0.5556707563124742,-0.05761522539202202
Volnovakha,s2__composite__ndbi__p90,s2__composite__ndbi__prebattle_baseline__p90,s2__composite__ndbi__post_winter_baseline__p90,0.6208470567815282,0.7236957877392826,0.6056419226223009,-0.11805386511698168
Volnovakha,s2__composite__ndbi__std,s2__composite__ndbi__prebattle_baseline__std,s2__composite__ndbi__post_winter_baseline__std,0.40998898855229404,0.4317833651299866,0.40429313227862695,-0.027490232851359653
Volnovakha,s2__composite__ndre__max,s2__composite__ndre__prebattle_baseline__max,s2__composite__ndre__post_winter_baseline__max,0.695302062338794,0.7676984775128534,0.6855959026272632,-0.08210257488559014
Volnovakha,s2__composite__ndre__mean,s2__composite__ndre__prebattle_baseline__mean,s2__composite__ndre__post_winter_baseline__mean,0.7361154906759997,0.8487246219994875,0.723667960540759,-0.1250566614587285
Volnovakha,s2__composite__ndre__min,s2__composite__ndre__prebattle_baseline__min,s2__composite__ndre__post_winter_baseline__min,0.7095944620611203,0.812540825968523,0.6977920798170681,-0.1147487461514548
Volnovakha,s2__composite__ndre__p10,s2__composite__ndre__prebattle_baseline__p10,s2__composite__ndre__post_winter_baseline__p10,0.7210492738185209,0.8219326775403142,0.7100309439853275,-0.11190173355498667
Volnovakha,s2__composite__ndre__p50,s2__composite__ndre__prebattle_baseline__p50,s2__composite__ndre__post_winter_baseline__p50,0.7236130437908256,0.8410008052644886,0.7109051705394164,-0.13009563472507224
Volnovakha,s2__composite__ndre__p90,s2__composite__ndre__prebattle_baseline__p90,s2__composite__ndre__post_winter_baseline__p90,0.7066063860765937,0.8001820099461439,0.695424138105185,-0.10475787184095886
Volnovakha,s2__composite__ndre__std,s2__composite__ndre__prebattle_baseline__std,s2__composite__ndre__post_winter_baseline__std,0.3745001169133442,0.20754463395882566,0.38921842408931806,0.1816737901304924
Volnovakha,s2__composite__ndvi__max,s2__composite__ndvi__prebattle_baseline__max,s2__composite__ndvi__post_winter_baseline__max,0.7060661346229905,0.7397042149007684,0.7008594434472291,-0.03884477145353937
Volnovakha,s2__composite__ndvi__mean,s2__composite__ndvi__prebattle_baseline__mean,s2__composite__ndvi__post_winter_baseline__mean,0.7944473847459225,0.8732537942424327,0.7858367179692713,-0.08741707627316131
Volnovakha,s2__composite__ndvi__min,s2__composite__ndvi__prebattle_baseline__min,s2__composite__ndvi__post_winter_baseline__min,0.7645336147914581,0.8330424135460969,0.7568777462674493,-0.07616466727864757
Volnovakha,s2__composite__ndvi__p10,s2__composite__ndvi__prebattle_baseline__p10,s2__composite__ndvi__post_winter_baseline__p10,0.7834878207189186,0.868171313565741,0.774304555552723,-0.09386675801301791
Volnovakha,s2__composite__ndvi__p50,s2__composite__ndvi__prebattle_baseline__p50,s2__composite__ndvi__post_winter_baseline__p50,0.768889324292492,0.8537073463540292,0.7597920135954371,-0.0939153327585921
Volnovakha,s2__composite__ndvi__p90,s2__composite__ndvi__prebattle_baseline__p90,s2__composite__ndvi__post_winter_baseline__p90,0.733762831405138,0.7791196312415073,0.7276406526467692,-0.051478978594738045
Volnovakha,s2__composite__ndvi__std,s2__composite__ndvi__prebattle_baseline__std,s2__composite__ndvi__post_winter_baseline__std,0.5004832187840897,0.4291272530539024,0.508385071006499,0.07925781795259657
Volnovakha,s2__composite__ndwi__max,s2__composite__ndwi__prebattle_baseline__max,s2__composite__ndwi__post_winter_baseline__max,0.7353791840503139,0.820469815862214,0.7263215435721107,-0.09414827229010336
Volnovakha,s2__composite__ndwi__mean,s2__composite__ndwi__prebattle_baseline__mean,s2__composite__ndwi__post_winter_baseline__mean,0.7768239802466222,0.890167715481648,0.7654284271390291,-0.12473928834261883
Volnovakha,s2__composite__ndwi__min,s2__composite__ndwi__prebattle_baseline__min,s2__composite__ndwi__post_winter_baseline__min,0.6791379907207739,0.7533326879055423,0.6707518635432537,-0.08258082436228864
Volnovakha,s2__composite__ndwi__p10,s2__composite__ndwi__prebattle_baseline__p10,s2__composite__ndwi__post_winter_baseline__p10,0.7166817957485223,0.7989694449776829,0.7074220582503585,-0.09154738672732432
Volnovakha,s2__composite__ndwi__p50,s2__composite__ndwi__prebattle_baseline__p50,s2__composite__ndwi__post_winter_baseline__p50,0.7456573265717501,0.8422362469836472,0.7357134587491668,-0.10652278823448036
Volnovakha,s2__composite__ndwi__p90,s2__composite__ndwi__prebattle_baseline__p90,s2__composite__ndwi__post_winter_baseline__p90,0.7601957729413219,0.8590867906016106,0.7489603531639016,-0.110126437437709
Volnovakha,s2__composite__ndwi__std,s2__composite__ndwi__prebattle_baseline__std,s2__composite__ndwi__post_winter_baseline__std,0.4557390709586351,0.3950784475639967,0.4614750760174431,0.0663966284534464
