model_id,B0_single_s1_coh_drop_count,B0_single_s1_coh_max_drop,B0_single_s1_coh_running_min,B0_single_s1_vh_mean,B0_single_s1_vv_mean,B1_PWTT_VH_exact,B1_PWTT_VH_faithful,B1_PWTT_VH_faithful_bldg,B1_PWTT_VV+VH,B1_PWTT_VV+VH_faithful,B1_PWTT_VV+VH_faithful_bldg,B1_PWTT_VV_exact,B1_PWTT_VV_faithful,B1_PWTT_VV_faithful_bldg,B2_CCD_VV+VH_faithful,B2_CCD_VV+VH_faithful_bldg,B2_CCD_vh_Optuna,B2_CCD_vh_Optuna_pixel,B2_CCD_vh_faithful,B2_CCD_vh_faithful_bldg,B2_CCD_vh_persistence_faithful,B2_CCD_vh_persistence_faithful_bldg,B2_CCD_vv_Optuna,B2_CCD_vv_Optuna_pixel,B2_CCD_vv_faithful,B2_CCD_vv_faithful_bldg,B2_CCD_vv_persistence_faithful,B2_CCD_vv_persistence_faithful_bldg,B3_logratio_BAEI,B3_logratio_BSI,B3_logratio_IBI,B3_logratio_MNDWI,B3_logratio_NDBI,B3_logratio_NDSI,B3_logratio_NDVI,B3_logratio_SAVI,B3_logratio_UI,B3_logratio_VH,B3_logratio_VV,B3a_LogRatio_VH_faithful,B3a_LogRatio_VH_faithful_bldg,B3a_LogRatio_VV+VH_faithful,B3a_LogRatio_VV+VH_faithful_bldg,B3a_LogRatio_VV_faithful,B3a_LogRatio_VV_faithful_bldg,B4_step1_card,B4_step2_card+coh,B4_step3_card+coh+optical,B4_step4_all+methods,B5_UISEM_ExtraTrees_Optuna,B5_UISEM_ExtraTrees_Optuna_bldg,B5_UISEM_LightGBM_Optuna,B5_UISEM_LightGBM_Optuna_bldg,B5_UISEM_Model2_full_F8,B5_UISEM_Model2_full_F8_bldg,B5_UISEM_RF_Optuna,B5_UISEM_RF_Optuna_bldg,B5_UISEM_Tuned_Voting,B5_UISEM_Tuned_Voting_bldg,B5_UISEM_XGBoost_Optuna,B5_UISEM_XGBoost_Optuna_bldg,B5_UISEM_all_features,B5_sub_GBM,B5_sub_GB_full_F8,B5_sub_GB_full_F8_bldg,B5_sub_RF,B5_sub_RF_full_F8,B5_sub_RF_full_F8_bldg,B5_sub_XGB,B5_sub_XGB_full_F8,B5_sub_XGB_full_F8_bldg,B6_AdaBoost_alone,B6_UISEM_Model1_full_F8,B6_UISEM_Model1_full_F8_bldg,B6_UISEM_no_AdaBoost,B7_UISEM_all_multimodal,B7_UISEM_card+coh,B7_UISEM_card+coh+delta,B7_UISEM_card+ms,B7_UISEM_card_only,B7_UISEM_coh+ms,B7_UISEM_coh_only,B7_UISEM_ms_only,D1_blk_post_block_all,D1_blk_post_block_mean,D1_blk_pre+post_all,D1_blk_pre+post_mean,D1_blk_pre_baseline_all,D1_blk_pre_baseline_mean,D1_delta_only,D1_post_only,D1_pre+post,D1_pre+post+delta,D1_pre_only,D1c_post_composite,D1c_pre_composite,D1d_delta_only,D1d_post_only,D1d_pre+post+delta,D1d_pre_only,D1e_zonal_max,D1e_zonal_mean,D1e_zonal_median,D1e_zonal_min,D1e_zonal_std,D1f_roll3_assess,D1f_roll7_assess,D1i_allblocks_groupkfold,D1j_dynamic_groupkfold,D2_all_features,D2_coh-only,D2_ms-only,D2_sar-only,D2_sar_+_ms,D2_sar_+_ms_+_coh,D4_a9_ms_only,D4_f8_strategy_B_impute,D6_fusion,D6_ms_only,D6_sar_only,E1_base_GBM,E1_base_LGBM,E1_base_RF,E1_base_XGB,E1_soft_voting,E1_stacking_LogReg,E2_LightGBM_all,E2_LightGBM_card,E2_LightGBM_card+coh,E2_LightGBM_coh,E2_LightGBM_ms,E5_HistGBM_native_NaN,E5_LightGBM_native_NaN,E6_A_impute+obs_all_multimodal,E6_A_impute+obs_card+coh,E6_A_impute+obs_card_only,E6_A_impute+obs_coh_only,E6_B_nativeNaN_all_multimodal,E6_B_nativeNaN_card+coh,E6_B_nativeNaN_card_only,E6_B_nativeNaN_coh_only,E6_C_SAR_only_no_NaN,E7_KNN_15,E7_KNN_5,E7_LogReg,E7b_GaussianNB,E7b_LDA,E7b_NearestCentroid,E7b_QDA,E7b_RidgeClassifier,E7c_ExtraTrees,E7c_HistGBM_imputed,E7d_MLP_128_64,E7d_MLP_256_128_64,E8_IsolationForest_c=0.050,E8_IsolationForest_c=0.100,E8_IsolationForest_c=0.130,L2b_coh_drop,L2b_ndvi_delta,L2b_plausibility_score,L2b_s2__lu__date_persistent_loss,L2b_s2__lu__loss_count,L2b_s2__lu__loss_fraction,R0_dietrich28_faithful_groupkfold,R0b_prepost_single_card_groupkfold,R0c_roll13_baseline+assessment,R0c_roll3_assessment_only,R0c_roll3_baseline+assessment,R0c_roll7_assessment_only,R0c_roll7_baseline+assessment,R1_geographic_70_30,R1_groupkfold,R1_random_cv,R2_roll13,R2_roll3,R2_roll7,R3_card_block_stats_A15,R3_card_only_prepost_A13,R3_coh_only_A14,R3_ms_only_A9,R3_ms_plus_blocks_F8,R3_ms_plus_cohdrop_F7,R3b_all_multimodal,R3b_card_coh,R3b_card_ms,R3b_card_only,R3b_coh_ms,R3b_coh_only,R3b_ms_only,R4_tier0_dietrich28,R4_tier0_ms,R4_tier1_dietrich28,R4_tier1_ms,R4_tier2_dietrich28,R4_tier2_ms,R4b_tier0_all,R4b_tier0_card,R4b_tier1_all,R4b_tier1_card,R4b_tier2_card,R5_ExtraTrees_all_multimodal,R5_ExtraTrees_dietrich28,R5_GBM_all_multimodal,R5_GBM_dietrich28,R5_LightGBM_all_multimodal,R5_LightGBM_dietrich28,R5_RF-200_all_multimodal,R5_RF-200_dietrich28,R5_XGBoost_all_multimodal,R5_XGBoost_dietrich28
B0_single_s1_coh_drop_count,1.0,0.11530962242932508,0.10377790409560894,0.0006402021503715272,-0.0019588216358543686,-0.006569016724920385,-0.006569016724920385,,-0.013061676133358402,-0.013061676133358402,,-0.008787442833664283,-0.008787442833664283,,-0.02760831767031746,,,-0.01579727035054601,-0.008402905437234098,,-0.0011967750510881725,,,-0.03185407492551917,-0.023380377454973233,,-0.001976968782160915,,-0.0036029159539208155,-0.01106961204603829,-0.007492451521658117,-0.021201097772197253,0.002362213797633128,-0.021201097772197253,0.023502607286461696,0.016683668700136933,-0.006944233292558222,-0.018673993956479507,-0.023154375457095755,5.900488310894847e-05,,-0.014045996768783597,,-0.011967314380266103,,0.00022998691183595543,0.06734104615069103,0.03186834715601139,0.011663860487962863,0.014273143252955145,,-0.007857735641932262,,0.00034452391139971894,,-0.019599173557852234,,0.000910604597206377,,0.00018484188165557303,,0.00018034306645331455,-0.0016976010437852462,-0.00016342584246920033,,0.0001920656360112627,0.00012057752805993971,,0.0004525914337492054,0.0025729175572807295,,2.348562994458625e-05,0.000284883638496769,,0.00020789227094941687,0.00020789227094941687,-0.000121775030507143,-0.000121775030507143,0.0003170271018537729,-0.0003681976324201308,0.0004399775902643732,-0.0004012043803738319,0.000272955116594753,-2.1686015646116275e-05,-2.728406260632532e-05,-2.027527943782026e-05,-9.519251649603433e-06,-7.017535281272913e-05,-2.728406260632532e-05,-0.00037666736587693705,0.0002580466780207624,-5.7174501848278325e-05,5.832035934705271e-05,-0.0001606729440113419,0.00013379614485731217,6.87025313330647e-05,-0.00037666736587693705,0.0002580466780207624,5.832035934705271e-05,-0.0001606729440113419,2.2579074785644693e-05,-5.043510476343549e-05,-1.74536495396449e-05,-4.620371349628449e-05,1.41079845195069e-06,0.008158896472070243,0.008158896472070243,7.0545171151348285e-06,,7.381831620945078e-05,0.0016654524907212531,4.047401263507222e-05,0.000548597550286356,2.2522414159342752e-05,2.5242755978927e-05,8.737154779669964e-05,7.381831620945078e-05,0.00013286052095007328,8.737154779669964e-05,5.643508715125201e-06,-0.0059527795951350715,-0.0020559138602380678,0.0001920656360112627,0.0004525914337492054,1.4225665436740087e-06,0.00027993947672055874,-0.0020559138602380678,-0.007612713359291368,-0.0030397642388191315,-0.0015204503597012753,0.006989429672194736,-0.013925571507465095,-0.0010841169498618797,0.00020898010529524225,-2.67769571185017e-05,0.0004431466548363572,0.0015466846723642957,-0.0010841169498618797,-0.0029597357355608533,-0.005579566131195701,-0.0015204503597012753,-3.084923418694707e-05,0.00026406924039446,-0.0001408193859817608,-0.03906409540396538,-0.044195261916399,-0.014003695009850992,-0.04288813858292451,-0.03133963127504513,-0.038475066479810804,0.0002884512099967651,-0.024550281253962636,0.00013931915148523988,2.2748311031772772e-05,-0.044455691922551166,-0.044455691922551166,-0.044455691922551166,-0.07090797608009036,0.03335506664731269,-0.06990829061198656,-0.047419699249849234,-0.032905821789232625,-0.028222892779417474,-0.00011641642911652816,-0.0003255949131510949,-3.491769347374607e-05,0.0093833525698519,-3.491769347374607e-05,0.0093833525698519,8.920644845034076e-07,-0.0001964065153627903,-0.00011641642911652816,0.0005631049171322955,-6.564330818759068e-05,-4.305561767625754e-05,-3.404395306549901e-05,1.5521669998630472e-05,-0.0003255949131510949,0.08495239313116554,0.00037599542378352613,0.0001920656360112627,0.00020551232522947327,0.00023259044943413354,1.0863641382363731e-05,0.00012877512970166372,0.0005651430161071058,0.0002818585700977705,0.0015466846723642957,0.00031459943293388193,-4.6963599568128345e-05,-0.0003082965386376202,0.0012104132188635042,-0.0008681266143395483,-0.017121504487120465,-0.0016507351529808645,-0.00012110052166125485,-4.6963599568128345e-05,8.509038450066342e-06,0.0012104132188635042,-0.017121504487120465,0.0002884512099967651,-0.00011084553441520484,-0.0059527795951350715,-7.013498448737998e-05,-0.00449385248352252,-0.010259921726488042,0.0001920656360112627,-0.00011641642911652816,-0.0005764371736429741,-0.0004220660049714109
B0_single_s1_coh_max_drop,0.11530962242932508,1.0,0.9218062404760835,-0.017646420758809844,0.020162079100604968,-0.017780775921603098,-0.017780775921603098,,0.0009440097719631835,0.0009440097719631835,,0.013292298490374166,0.013292298490374166,,-0.05191495868442142,,,0.0020022841393335655,-0.008228352571747921,,-0.0021409202593889454,,,-0.06148723246726551,-0.061034288708318174,,-0.0036164135502074757,,,,,,,,,,,-0.010732874347307186,-0.01238218374137312,0.08344555515890884,,-0.04412356263002626,,-0.05322126773341429,,-0.0005687975865060757,0.5771772793575589,,,0.025548193682113585,,0.01812411150706672,,0.0017949335981979342,,0.04334678518033164,,0.006859011472088006,,0.0021232518930113242,,0.002221816361120621,0.0011991031130358376,0.0008686707947176409,,0.0018231593173576588,0.001982142421209754,,-0.016319573203949833,-0.009811504481836542,,0.0005100849559872556,0.0021755783941704854,,0.0017322318615591303,0.0017322318615591303,-0.00020468837709297638,-0.00020468837709297638,0.001649315898576309,-0.0004576921600141226,-0.004910825947999742,-0.002314274862042609,-0.0017336160538017342,-0.00019467414759355428,-0.0036939922857144314,-0.00023328998210558893,-0.004478674113639558,-0.00014736788042624127,-0.0036939922857144314,-0.0015085844547342298,-0.0032482201602699323,-0.00029903920703722164,-0.0006500676563714336,-0.001712718420272319,0.001263667836673199,0.0005018596204400261,-0.0015085844547342298,-0.0032482201602699323,-0.0006500676563714336,-0.001712718420272319,-0.00031052347767457356,-0.0006265487420733518,-0.00031052347767457356,-0.0002506804835498144,-3.861034295260524e-05,-0.35284397296716685,-0.35284397296716685,-0.00019305780185230326,,0.0009788539143338326,-0.03479227109070582,8.862458366099002e-05,-0.015687051050604417,0.0004890383915243657,0.000842801212207922,0.000694435966069884,0.0009788539143338326,0.002141440691115548,0.000694435966069884,-0.0001544450240351658,-0.002687637975733459,-0.013988449518409496,0.0018231593173576588,-0.016319573203949833,0.0009839901105304083,0.003137897655588584,-0.013988449518409496,-0.044624195525909016,-0.05192943211417522,-0.08196303317037401,-0.01708552285565257,0.05615274484428645,-0.0109508302741117,0.003333368962180727,-0.0003282988925463748,-0.01609622483314954,-0.03563100116404172,-0.0109508302741117,-0.050165165887481544,-0.06320564678527729,-0.08196303317037401,-0.0002729573361011095,0.003086869038311346,0.00798356060903238,-0.1488034607612314,-0.32942921041172735,-0.023997278115553744,-0.34036622122558446,-0.023120968250141205,-0.13732752716811203,0.0018708693342052163,0.011244879405939767,-0.001403152896288784,-0.0007620311230664978,0.016808827554486427,0.016808827554486427,0.016808827554486427,-0.8765156526374911,-0.39471934098431816,-0.17410098839358512,-0.6269955429857024,0.6429293142308988,0.5968112373163337,-0.0007669117713826612,-0.0034006881779542475,-0.000744066832193857,-0.3443790090633052,-0.0008055375979696411,-0.3443790090633052,-0.0006281926335831578,0.006796315274246956,-0.0007669117713826612,-0.015267241274422805,-0.0012355093532030459,-0.001607848348333274,-0.0011881336910251061,-0.0004247472530545249,-0.0034006881779542475,0.8445961188407709,-0.0010431842888656284,0.0018231593173576588,0.0047976688339631535,0.0018231593173576588,-0.0003119537898594871,0.0011919186942662696,-0.01609622483314954,0.001678435618862717,-0.03563100116404172,-0.0005795884147545838,-8.123112761726503e-05,-0.0012073172565658652,-0.03437939275803914,-0.010463893318928275,,,-0.0010957637251682861,-8.123112761726503e-05,-0.0005261103323457306,-0.03437939275803914,,0.0018708693342052163,-0.00425879770612525,-0.002687637975733459,0.0003930919823503798,-0.018253632895731675,-0.045638826639559094,0.0018231593173576588,-0.0007669117713826612,0.0015408235914980972,-0.0012284542714877666
B0_single_s1_coh_running_min,0.10377790409560894,0.9218062404760835,1.0,-0.018015579328262143,0.023503806814838324,-0.0178526191663817,-0.0178526191663817,,0.006068840170047385,0.006068840170047385,,0.01996917326093639,0.01996917326093639,,-0.03462323955611235,,,0.007110948377583748,-0.0041816768087157286,,-0.001990572188182327,,,-0.0415670130578627,-0.04302507955520318,,-0.0034661541394891415,,,,,,,,,,,-0.009334435640248717,-0.009767460740663925,0.08463397016326857,,-0.048253637699888774,,-0.055112707685720075,,0.005161702922814704,0.577988005719275,,,0.03203231040932464,,0.023646036304122764,,0.002397336061241151,,0.05009359745589803,,0.008286356700576092,,0.0024389856288623557,,0.0027131535072977275,0.00095203167475022,0.0009554126867709067,,0.0019639520301735214,0.002428776753845785,,-0.014011162332338678,-0.006815416891438053,,0.0006848488054825852,0.002664482389708178,,0.0022703480302032064,0.0022703480302032064,-2.8911987754343116e-05,-2.8911987754343116e-05,0.0023169701032472734,-0.00034184583665508583,-0.0041299338132401164,-0.0017802050605730813,-0.0008684730948336217,-7.368576074862077e-05,-0.0031457370003058482,-0.0001123007263630349,-0.00359297654160895,-8.673838688055824e-05,-0.0031457370003058482,-0.0010706164864286993,-0.0030001601422187107,-0.00043280843682413916,-0.000725408079484291,-0.0016644657501558857,0.001579432246040846,0.0007143307480018679,-0.0010706164864286993,-0.0030001601422187107,-0.000725408079484291,-0.0016644657501558857,-0.00031190605571418395,-0.0006273797285079041,-0.00031190605571418395,-0.00019253097474236647,-3.8610348287448915e-05,-0.35748319670467343,-0.35748319670467343,-0.00019305793523294312,,0.0012073675801080874,-0.03714766238894662,0.00036285262396074103,-0.015687839319390218,0.0005979133132217873,0.0008270625889501559,0.0010316098757545689,0.0012073675801080874,0.002230917373198027,0.0010316098757545689,-0.00015444510939732758,-0.0024736295498424266,-0.009807715690785646,0.0019639520301735214,-0.014011162332338678,0.00212806451243186,0.003742123084381599,-0.009807715690785646,-0.04544440279769413,-0.05009547264950731,-0.07260161975988333,-0.009587924934605363,0.0628597401007206,-0.0062747586998019855,0.003892239834862754,-0.00020574914224380514,-0.0160973085970626,-0.03763281351655623,-0.0062747586998019855,-0.047223973480992054,-0.06314446112597594,-0.07260161975988333,-0.00021155911803516503,0.0030344009717017117,0.007755144186159857,-0.14474826959296916,-0.32066734843567213,-0.023598486148206144,-0.32791775941021895,-0.018633132292904975,-0.13362819473198462,0.002549844204206231,0.015478135765568002,-0.0004886580524150475,9.605457724104483e-06,0.02302487019479782,0.02302487019479782,0.02302487019479782,-0.8056178343528408,-0.39609167030549197,-0.14948671717776363,-0.6333124432921415,0.6484654057984289,0.5973031332103107,-0.000707655805055829,-0.0032088846156077544,-0.0006850868092047602,-0.33373112868013055,-0.0006850868092047602,-0.33373112868013055,-0.000569213257175738,0.0028874226439796757,-0.000707655805055829,-0.014740365387025056,-0.0011191799846383965,-0.0014926171551321588,-0.0011321879293308967,-0.00042474789867874563,-0.0032088846156077544,0.8409498298803982,-1.0442204208649386e-05,0.0019639520301735214,0.00551767043756235,0.002148488741662513,-0.00025055513556759834,0.0014562487398339652,-0.0160973085970626,0.0023453624418208197,-0.03763281351655623,0.00033025910615358534,3.7183616726221835e-05,-0.0004570840599469328,-0.03320439239206441,0.022960135816494587,,,-0.0005065831213444394,3.7183616726221835e-05,-0.0005256156779029908,-0.03320439239206441,,0.002549844204206231,-0.004086727227576636,-0.0024736295498424266,0.0003041806198863517,-0.013622269368325002,-0.0426721083477517,0.0019639520301735214,-0.000707655805055829,0.001734721438200415,-0.001112675542537911
B0_single_s1_vh_mean,0.0006402021503715272,-0.017646420758809844,-0.018015579328262143,1.0,0.08309219969801929,0.5309809839288022,0.5309809839288022,,0.3270904531687947,0.3270904531687947,,0.040369394287534166,0.040369394287534166,,0.018557685712542682,,,0.012000366860388634,0.01277218936443092,,0.00031818358645874234,,,0.01696001679600012,0.014827204883567924,,0.0013975790824742873,,-0.0008485754315621374,-0.007641665310056833,0.011605422679011657,0.034249055607327494,-0.013302573542135931,0.034249055607327494,0.0025479695076852105,0.010473241032595837,0.0025479695076852105,0.12970605420740466,0.04672453844578506,-0.01246966055904597,,0.070682664485755,,0.02041798502755865,,0.540123017452183,0.31691144639569424,0.3744281071305693,0.21255505668457098,0.040663378426464836,,0.03376804344261419,,0.0016171268686701046,,0.04146185525615609,,0.006574878300488307,,0.0006722907845908566,,0.0014647815447464962,0.0026311348955759817,0.0015969482907209898,,0.0005311119988307134,0.00033805596534519644,,0.007032898801097143,0.004803189190213386,,0.0006243731566730748,0.00123914614530507,,0.001816114182478623,0.001816114182478623,-0.0006457771891654751,-0.0006457771891654751,0.0015484678434705135,-0.0005185900691115908,0.0033645546905562984,0.00032546057793381156,0.004079774073852294,0.0003794716421293698,0.001390926019416705,0.00012648321356678593,0.002339502398832849,6.32431064381267e-05,0.001390926019416705,0.0019918152577464987,0.0023396510599724696,0.00037943265439566165,0.0006007840452554314,0.0019285361812295676,0.002498708427708829,0.00030232290011389384,0.0019918152577464987,0.0023396510599724696,0.0006007840452554314,0.0019285361812295676,-3.1644055202173504e-05,0.0004743388042734997,-1.2000779259224714e-08,-9.489416342334245e-05,-6.325610759860822e-05,0.034459860556469324,0.034459860556469324,-3.0001947592950273e-09,-0.0025931724732290995,-0.00043694248182712947,0.0003490175018032726,0.0006274653348196102,-0.015503714843192684,-0.0003094024523273564,-0.00021164664972173064,0.0007536052235463941,-0.00043694248182712947,0.000498703190019878,0.0007536052235463941,3.1620053105752e-05,0.0033504592689627133,0.01449687401853439,0.0005311119988307134,0.007032898801097143,0.004452604083568623,0.0014024111482487944,0.01449687401853439,0.027111569834844418,0.01937614502456242,-0.0001380947918678821,0.026625017817094365,0.01572147913688504,0.004402260591385598,0.0012871856101942525,-0.002478607382275566,-0.01533936528210833,0.0004996169151367802,0.004402260591385598,0.019223500396504556,0.024985814480442237,-0.0001380947918678821,-0.002609300743546372,0.0019198963681490433,0.006078482128740514,0.0188479068548989,0.0329538743249177,0.0011518694363175097,0.03270861184115381,0.0610489679085654,0.020056023964856062,0.001336895489958967,0.024551268062801057,0.002932843717921574,0.0017019470986038288,0.07741413183574086,0.07741413183574086,0.07741413183574086,0.0177322702925371,0.04724151224797901,0.0037293733938589257,0.029899693964768104,-0.03498226553034711,-0.045786531749411497,0.0013597803306505396,0.004047561824127244,0.000347838591246874,0.007421453228683372,0.000347838591246874,0.007421453228683372,0.000505955860821361,-0.01736759592349868,0.0013597803306505396,-0.012554888338290215,0.0006956781961254821,0.0006956662036942118,0.0006956821936023871,0.0002846034808692277,0.004047561824127244,-0.010568094701786546,0.0013354187022652786,0.0005311119988307134,0.0018160821356990597,0.00011066660618630486,-0.0023170828011709332,-0.00017769093910824374,-0.015208667817498966,0.0013396915508360197,0.0004996169151367802,0.0014279229317321063,0.0025807614715747107,0.0032044671389450663,-0.050229027537015414,0.0019080750473219332,0.0013678038401946369,-0.0011321797365835273,0.0016720838456248943,0.0025807614715747107,-0.000446864884278364,-0.050229027537015414,0.0013678038401946369,0.001336895489958967,0.00540747094254268,0.0033504592689627133,0.0048698998113323455,0.015116605454840282,0.040947057005539245,0.0005311119988307134,0.0013597803306505396,0.001030292849695802,0.0016759919118204403
B0_single_s1_vv_mean,-0.0019588216358543686,0.020162079100604968,0.023503806814838324,0.08309219969801929,1.0,0.050473839318776914,0.050473839318776914,,0.38179594425570285,0.38179594425570285,,0.5471995591911922,0.5471995591911922,,0.029019379065798656,,,0.00750178905873955,0.010352696740357437,,0.0009782453137449076,,,0.03267785554230862,0.03355613757001541,,0.0010631015976138025,,-0.020094682725065427,0.016135095129764854,0.009342011781984239,0.04783615075274139,0.013870734013837982,0.04783615075274139,0.013870734013837982,0.02179599791958209,0.010474192339947619,0.04406811797170884,0.17069082723600937,0.002912255101918282,,0.062187247069072304,,0.07158371702260591,,0.5424631973936311,0.3552126733719013,0.40307785050927847,0.26480774808487406,0.038042925115245985,,0.032311462713069394,,0.002158319776741413,,0.04028490728503975,,0.0052819723389232465,,0.0004256592658539171,,0.0012222286689331785,0.002584525922802894,0.0021268368947073846,,0.00015204280139369253,0.00015374533864331852,,0.003743608877731841,0.0021175743685112325,,0.0006918429480307076,0.0016455109740705076,,0.0017096160382534809,0.0017096160382534809,-0.0014826604957192124,-0.0014826604957192124,0.0005313968288883641,-0.0010313827802712616,0.0020973040245113594,-0.00038073348152911635,0.0014582780517651273,0.0002529774278481334,-0.0010757123924676204,-1.100071456150431e-08,-0.0002536306303067004,6.32431064381267e-05,-0.0010757123924676204,0.00230805093845321,0.0017704268213227792,0.0005059268736105071,0.001296502260330068,0.0019917833193949797,0.0010886186317200508,0.0003119361530697917,0.00230805093845321,0.0017704268213227792,0.001296502260330068,0.0019917833193949797,-0.00015813827068522635,0.00034784458954950637,-0.00012650621518695004,-0.00022138837928586952,-9.000584499929687e-09,0.009982981612106312,0.009982981612106312,-6.325010682939336e-05,-0.0025931724732290995,-0.00023914895881427256,-0.002328335670399806,0.00044300016947773635,-0.015503355648367245,8.277602606343581e-05,-0.0003384090395506245,0.0006983207683579629,-0.00023914895881427256,0.000993410177315912,0.0006983207683579629,-3.162705356052342e-05,0.0057856576146964045,0.004782184288391389,0.00015204280139369253,0.003743608877731841,0.0032695574406990113,0.0009656395299798559,0.004782184288391389,0.020989356739216647,0.023986337767533672,-0.0011609905751588379,0.021199851695357208,0.019135944212025358,0.005473586431668287,-0.0002567783439406668,-0.002737424277468481,-0.015338320126907057,-0.0024973747887844233,0.005473586431668287,0.014269576221414892,0.02274347218157524,-0.0011609905751588379,-0.002673809036987995,0.0019377347921613053,0.0037589032579717907,0.026126816882358295,0.016499843265285308,0.0025682159923273717,0.019122160275684474,0.0374294443949591,0.027919279573839773,0.0008998976035015094,0.030055663366418517,0.0015400930032016813,0.003862844307777835,0.0827008045621902,0.0827008045621902,0.0827008045621902,-0.020294711466506854,0.013909812045171499,0.002527675710674804,-0.007954285753419166,0.0014887866664026195,-0.003777863277550031,0.0007905563541455995,0.004996268661787706,0.0002845914835053476,-0.021799006745722993,0.0004110856989884004,-0.021799006745722993,0.00012647321418246538,-0.015619356384644734,0.0007905563541455995,-0.013693336633995301,6.32071063761952e-05,-6.329911311309111e-05,0.0002529524325489696,-3.1632054043218005e-05,0.004996268661787706,0.021197459181811595,0.0009699798962593542,0.00015204280139369253,0.001710149410876327,0.00031534068521144043,-0.002510929158930475,-0.0002971023997884181,-0.015531694118971817,0.0006437353811242774,-0.0024973747887844233,0.0011913514750553356,0.0006387853531013565,0.0023211294116320946,-0.050354410592503784,0.0006391355928168085,0.0012352438603790983,0.001144418567224692,-0.00015802007212317726,0.0006387853531013565,-0.000419604984333688,-0.050354410592503784,0.0012352438603790983,0.0008998976035015094,0.004205775730810712,0.0057856576146964045,0.004553664238627131,0.009145150703776528,0.033863340870387115,0.00015204280139369253,0.0007905563541455995,0.0032572021499682746,0.0018657332418762218
B1_PWTT_VH_exact,-0.006569016724920385,-0.017780775921603098,-0.0178526191663817,0.5309809839288022,0.050473839318776914,1.0,1.0,,0.49181831333081416,0.49181831333081416,,0.0677543399945344,0.0677543399945344,,0.01978325916925361,,,0.013314031676783356,0.013623752386226928,,0.00024496289857267595,,,0.0146155856561061,0.0136275599061767,,0.0010649353794148775,,-0.024672002984253094,-0.01221742615240018,0.0036338534517761367,0.039865349689893304,-0.02353976872681174,0.039865349689893304,0.020617367313393586,0.017220664541070074,0.008162790481540783,0.1181799835430799,0.03972590186873881,-0.027690624712963352,,0.026371256847588342,,0.004231629160886152,,0.3498093368433848,0.21220263498332792,0.1077481874628462,0.2089487711154535,0.05616709716142532,,0.035485284420067154,,0.0023048268957873708,,0.06096659706393537,,0.007011889828388629,,0.0010065197261361902,,0.0015258393708754703,0.0034726213066086364,0.001168568976047446,,-3.1905355871497676e-05,0.0007468261735121828,,0.010358091540471626,0.010424192362906148,,0.0004868000648694526,0.001428514781078527,,0.002434667209698871,0.002434667209698871,-0.00035649197087006534,-0.00035649197087006534,0.001980312199570955,-0.0006160930626777361,0.0026620840563141845,0.0009413323639526627,0.0036683277858884367,0.00019306365335747255,0.00289559801108219,0.0001287053053466991,0.00315289631146054,0.00012871255302504547,0.00289559801108219,0.00202680274992173,0.0020911435615224017,0.0004504566784725439,0.0009974886931354288,0.001898052919158233,0.0023045160136450082,0.0009090058123164546,0.00202680274992173,0.0020911435615224017,0.0009974886931354288,0.001898052919158233,0.00016087464353364833,0.00016088085562948606,0.0003217793141961911,0.00016087153748578498,-0.0001287260153979286,0.023126896804453234,0.023126896804453234,-6.436145402521909e-05,-0.00231694305651442,2.021192557766227e-07,0.002890361491115323,0.0013632686847097064,-0.0023359680926449133,-0.0001945061028669759,-0.00022694203116691014,0.0007791947793418519,2.021192557766227e-07,0.0006429731775771108,0.0007791947793418519,9.653389696073766e-05,0.005420253420995391,0.022311076179073797,-3.1905355871497676e-05,0.010358091540471626,0.00512902122601866,0.0009742773104616242,0.022311076179073797,0.024742381019303705,0.022697248729942054,0.005732469698279008,0.030786840105967883,0.030497469445331382,0.017378087578956536,0.0012985271841997603,-0.00210881546142927,-0.002238601288265585,0.003571968291565142,0.017378087578956536,0.02805219010271165,0.020102352974696314,0.005732469698279008,-0.0022386139489982693,0.001915213408262506,0.00633115455033173,0.02837335504661953,0.03144020849532869,0.002339073435733696,0.05497728436718652,0.061637678490159,0.028989993683577242,0.0014934076511863292,0.037863366759286254,0.00418733603929744,0.0024020170509103655,0.07686090742491347,0.07686090742491347,0.07686090742491347,0.017853693548111615,0.044383499394645365,0.009587127194325862,0.022052334456384215,-0.017507528921220317,-0.036065666994988366,0.0015123875576569246,0.003989955559623115,0.000547024735396695,0.01620815999874381,0.0007400997813282739,0.01620815999874381,0.0007722784382921954,-0.015102721688265541,0.0015123875576569246,0.0006112764911005986,0.0009653338285143809,0.0007078880113459141,0.00064354621819529,0.0001608870677253238,0.003989955559623115,-0.01380878913567396,0.0017857807451343577,-3.1905355871497676e-05,0.002100965205312999,6.544450781764688e-05,-0.0020763753340615754,0.00016281542011087335,-0.002043909889737794,0.0008769569385794762,0.003571968291565142,0.0018830590738390107,0.002412178820346944,0.0037023986345618987,-0.007394777521837925,0.0013203624680377946,0.0018185765608172977,-0.00015802312791191042,0.00213706200269681,0.002412178820346944,4.706176661928296e-06,-0.007394777521837925,0.0018185765608172977,0.0014934076511863292,0.005502476495907183,0.005420253420995391,0.003056916712123159,0.020428515160833216,0.04211690874689222,-3.1905355871497676e-05,0.0015123875576569246,0.002759034876945732,0.001769796147032876
B1_PWTT_VH_faithful,-0.006569016724920385,-0.017780775921603098,-0.0178526191663817,0.5309809839288022,0.050473839318776914,1.0,1.0,,0.49181831333081416,0.49181831333081416,,0.0677543399945344,0.0677543399945344,,0.01978325916925361,,,0.013314031676783356,0.013623752386226928,,0.00024496289857267595,,,0.0146155856561061,0.0136275599061767,,0.0010649353794148775,,-0.024672002984253094,-0.01221742615240018,0.0036338534517761367,0.039865349689893304,-0.02353976872681174,0.039865349689893304,0.020617367313393586,0.017220664541070074,0.008162790481540783,0.1181799835430799,0.03972590186873881,-0.027690624712963352,,0.026371256847588342,,0.004231629160886152,,0.3498093368433848,0.21220263498332792,0.1077481874628462,0.2089487711154535,0.05616709716142532,,0.035485284420067154,,0.0023048268957873708,,0.06096659706393537,,0.007011889828388629,,0.0010065197261361902,,0.0015258393708754703,0.0034726213066086364,0.001168568976047446,,-3.1905355871497676e-05,0.0007468261735121828,,0.010358091540471626,0.010424192362906148,,0.0004868000648694526,0.001428514781078527,,0.002434667209698871,0.002434667209698871,-0.00035649197087006534,-0.00035649197087006534,0.001980312199570955,-0.0006160930626777361,0.0026620840563141845,0.0009413323639526627,0.0036683277858884367,0.00019306365335747255,0.00289559801108219,0.0001287053053466991,0.00315289631146054,0.00012871255302504547,0.00289559801108219,0.00202680274992173,0.0020911435615224017,0.0004504566784725439,0.0009974886931354288,0.001898052919158233,0.0023045160136450082,0.0009090058123164546,0.00202680274992173,0.0020911435615224017,0.0009974886931354288,0.001898052919158233,0.00016087464353364833,0.00016088085562948606,0.0003217793141961911,0.00016087153748578498,-0.0001287260153979286,0.023126896804453234,0.023126896804453234,-6.436145402521909e-05,-0.00231694305651442,2.021192557766227e-07,0.002890361491115323,0.0013632686847097064,-0.0023359680926449133,-0.0001945061028669759,-0.00022694203116691014,0.0007791947793418519,2.021192557766227e-07,0.0006429731775771108,0.0007791947793418519,9.653389696073766e-05,0.005420253420995391,0.022311076179073797,-3.1905355871497676e-05,0.010358091540471626,0.00512902122601866,0.0009742773104616242,0.022311076179073797,0.024742381019303705,0.022697248729942054,0.005732469698279008,0.030786840105967883,0.030497469445331382,0.017378087578956536,0.0012985271841997603,-0.00210881546142927,-0.002238601288265585,0.003571968291565142,0.017378087578956536,0.02805219010271165,0.020102352974696314,0.005732469698279008,-0.0022386139489982693,0.001915213408262506,0.00633115455033173,0.02837335504661953,0.03144020849532869,0.002339073435733696,0.05497728436718652,0.061637678490159,0.028989993683577242,0.0014934076511863292,0.037863366759286254,0.00418733603929744,0.0024020170509103655,0.07686090742491347,0.07686090742491347,0.07686090742491347,0.017853693548111615,0.044383499394645365,0.009587127194325862,0.022052334456384215,-0.017507528921220317,-0.036065666994988366,0.0015123875576569246,0.003989955559623115,0.000547024735396695,0.01620815999874381,0.0007400997813282739,0.01620815999874381,0.0007722784382921954,-0.015102721688265541,0.0015123875576569246,0.0006112764911005986,0.0009653338285143809,0.0007078880113459141,0.00064354621819529,0.0001608870677253238,0.003989955559623115,-0.01380878913567396,0.0017857807451343577,-3.1905355871497676e-05,0.002100965205312999,6.544450781764688e-05,-0.0020763753340615754,0.00016281542011087335,-0.002043909889737794,0.0008769569385794762,0.003571968291565142,0.0018830590738390107,0.002412178820346944,0.0037023986345618987,-0.007394777521837925,0.0013203624680377946,0.0018185765608172977,-0.00015802312791191042,0.00213706200269681,0.002412178820346944,4.706176661928296e-06,-0.007394777521837925,0.0018185765608172977,0.0014934076511863292,0.005502476495907183,0.005420253420995391,0.003056916712123159,0.020428515160833216,0.04211690874689222,-3.1905355871497676e-05,0.0015123875576569246,0.002759034876945732,0.001769796147032876
B1_PWTT_VH_faithful_bldg,,,,,,,,1.0,,,0.4876090305694899,,,0.06797640113129677,,0.023117644289484596,0.01865978676300417,,,0.020781280050945483,,0.0008423120518462612,0.015209081690202964,,,0.013176450188718491,,0.0014271264790478577,,,,,,,,,,,,,-0.01829367147000638,,0.0318663567078441,,0.005428490790497453,,,,,,0.06540441586343348,,0.06338083383714765,,0.048754946492825524,,0.07162765620787859,,0.06431792832296712,,0.07230879592656436,,,,0.04292530141069906,,,0.08070266735114384,,,0.026991921597028123,,,0.058092265565535706,,,,,,,,,,,,,,,,,,,,,,,,,,,,,,,,,,,,,,,,,,,,,,,,,,,,,,,,,,,,,,,,,,,,,,,,,,,,,,,,,,,,,,,,,,,,,,,,,,,,,,,,,,,,,,,,,,,,,,,,,,,,,,,,,,,,,,,,
B1_PWTT_VV+VH,-0.013061676133358402,0.0009440097719631835,0.006068840170047385,0.3270904531687947,0.38179594425570285,0.49181831333081416,0.49181831333081416,,1.0,1.0,,0.5625492750392027,0.5625492750392027,,0.04199260398000504,,,0.017316620626872004,0.018524098139360512,,0.00042249267654614897,,,0.03961861524686261,0.038206564977022794,,0.0012291909981594351,,-0.0003435530208550919,-0.003740305323133075,-0.0014758037882809383,0.054004483815592086,-0.008269308392836905,0.054004483815592086,0.001920948513996934,0.010978954653404815,0.007582202351126832,0.10035243586154385,0.14688426609169036,-0.019452623713260175,,0.040723399214258604,,0.022445334496167257,,0.4976428387756535,0.30639054222926254,0.08398881438767869,0.2965438961319743,0.05916174330370694,,0.04214362412892436,,0.003464113614342512,,0.06611688812207672,,0.008283829179724034,,0.0014557419974268182,,0.00255749093807911,0.003854831432597683,0.0020729721092351827,,0.0012619075517320555,0.001456412364586268,,0.009720074751374264,0.010881064032960963,,0.0009399840732027265,0.0025898430593025434,,0.003463813708306396,0.003463813708306396,-9.960197753389188e-05,-9.960197753389188e-05,0.002426535230007132,-0.0005534998479812536,0.004013572153527822,0.0006789716813631053,0.0037194490754366427,0.0005148553934111177,0.0021232974350887668,0.0003217803493789084,0.0023805956307023646,0.00012871255302504547,0.0021232974350887668,0.002670386535592373,0.0013832013848222857,0.000579173379692155,0.0017697889112500143,0.0017049777770592467,0.0024279670374488527,0.0016837314277525772,0.002670386535592373,0.0013832013848222857,0.0017697889112500143,0.0017049777770592467,3.215794624589208e-05,0.00022523920387351737,0.0003217793141961911,0.00028958823517333254,-9.319643057281723e-09,0.0063291974313901544,0.0063291974313901544,-0.00012871980150275242,-0.002510018106544498,0.000258351364105569,0.0015098825058541543,0.0018782593477172371,-0.0025307318280571867,0.0004531102536027287,3.1425801096496286e-05,0.001554138618080736,0.000258351364105569,0.001737574851591872,0.001554138618080736,9.653389696073766e-05,0.008909734703022143,0.02009345994000722,0.0012619075517320555,0.009720074751374264,0.0064080742207442976,0.0021357126194212483,0.02009345994000722,0.0239651197715387,0.022900462913309383,0.0044849481165453176,0.03435734324618289,0.03567286083552634,0.019256854891703035,0.002072024934026473,-0.002303852946031526,-0.0023687185849745607,0.0018004992643823048,0.019256854891703035,0.02441739573184487,0.018939011009332707,0.0044849481165453176,-0.0023686489711811642,0.002427666820100094,0.004420739398780071,0.03226948190511747,0.030570018476155925,0.0036812612995694716,0.05258265549675989,0.06185898201346529,0.03256043628679217,0.0023952454284488223,0.046211072046257184,0.005082377109735581,0.003627097377583488,0.09304921085015339,0.09304921085015339,0.09304921085015339,-0.000947233128454128,0.038773122430495355,0.012290183965905421,0.008068588537020749,0.0029503652285031157,-0.01593248403625047,0.0013193125093261537,0.005405839572138582,0.00048266638675287243,-0.00020338777047768097,0.0007400997813282739,-0.00020338777047768097,0.0007079200896150661,-0.016193467683632612,0.0013193125093261537,0.0004825597800842685,0.0005148253789105661,0.001287113168034093,0.0005791878685185159,9.652871988119482e-05,0.005405839572138582,0.006598434569013989,0.002425726949797924,0.0012619075517320555,0.0042833210134675115,0.0014240141573114151,-0.002336250959731334,0.0010022132493807678,-0.0023039225553294074,0.002038309835248553,0.0018004992643823048,0.0031071546205923006,0.0021264144644089766,0.006066695413693646,-0.008591129635417305,0.0038305669465259484,0.0023391822142828644,-0.001132408022878728,0.003099581537182039,0.0021264144644089766,0.0002804298617432588,-0.008591129635417305,0.0023391822142828644,0.0023952454284488223,0.005438118138133108,0.008909734703022143,0.003249991774249228,0.018735011999082785,0.04250306110000257,0.0012619075517320555,0.0013193125093261537,0.005085993168309377,0.0021559462532910745
B1_PWTT_VV+VH_faithful,-0.013061676133358402,0.0009440097719631835,0.006068840170047385,0.3270904531687947,0.38179594425570285,0.49181831333081416,0.49181831333081416,,1.0,1.0,,0.5625492750392027,0.5625492750392027,,0.04199260398000504,,,0.017316620626872004,0.018524098139360512,,0.00042249267654614897,,,0.03961861524686261,0.038206564977022794,,0.0012291909981594351,,-0.0003435530208550919,-0.003740305323133075,-0.0014758037882809383,0.054004483815592086,-0.008269308392836905,0.054004483815592086,0.001920948513996934,0.010978954653404815,0.007582202351126832,0.10035243586154385,0.14688426609169036,-0.019452623713260175,,0.040723399214258604,,0.022445334496167257,,0.4976428387756535,0.30639054222926254,0.08398881438767869,0.2965438961319743,0.05916174330370694,,0.04214362412892436,,0.003464113614342512,,0.06611688812207672,,0.008283829179724034,,0.0014557419974268182,,0.00255749093807911,0.003854831432597683,0.0020729721092351827,,0.0012619075517320555,0.001456412364586268,,0.009720074751374264,0.010881064032960963,,0.0009399840732027265,0.0025898430593025434,,0.003463813708306396,0.003463813708306396,-9.960197753389188e-05,-9.960197753389188e-05,0.002426535230007132,-0.0005534998479812536,0.004013572153527822,0.0006789716813631053,0.0037194490754366427,0.0005148553934111177,0.0021232974350887668,0.0003217803493789084,0.0023805956307023646,0.00012871255302504547,0.0021232974350887668,0.002670386535592373,0.0013832013848222857,0.000579173379692155,0.0017697889112500143,0.0017049777770592467,0.0024279670374488527,0.0016837314277525772,0.002670386535592373,0.0013832013848222857,0.0017697889112500143,0.0017049777770592467,3.215794624589208e-05,0.00022523920387351737,0.0003217793141961911,0.00028958823517333254,-9.319643057281723e-09,0.0063291974313901544,0.0063291974313901544,-0.00012871980150275242,-0.002510018106544498,0.000258351364105569,0.0015098825058541543,0.0018782593477172371,-0.0025307318280571867,0.0004531102536027287,3.1425801096496286e-05,0.001554138618080736,0.000258351364105569,0.001737574851591872,0.001554138618080736,9.653389696073766e-05,0.008909734703022143,0.02009345994000722,0.0012619075517320555,0.009720074751374264,0.0064080742207442976,0.0021357126194212483,0.02009345994000722,0.0239651197715387,0.022900462913309383,0.0044849481165453176,0.03435734324618289,0.03567286083552634,0.019256854891703035,0.002072024934026473,-0.002303852946031526,-0.0023687185849745607,0.0018004992643823048,0.019256854891703035,0.02441739573184487,0.018939011009332707,0.0044849481165453176,-0.0023686489711811642,0.002427666820100094,0.004420739398780071,0.03226948190511747,0.030570018476155925,0.0036812612995694716,0.05258265549675989,0.06185898201346529,0.03256043628679217,0.0023952454284488223,0.046211072046257184,0.005082377109735581,0.003627097377583488,0.09304921085015339,0.09304921085015339,0.09304921085015339,-0.000947233128454128,0.038773122430495355,0.012290183965905421,0.008068588537020749,0.0029503652285031157,-0.01593248403625047,0.0013193125093261537,0.005405839572138582,0.00048266638675287243,-0.00020338777047768097,0.0007400997813282739,-0.00020338777047768097,0.0007079200896150661,-0.016193467683632612,0.0013193125093261537,0.0004825597800842685,0.0005148253789105661,0.001287113168034093,0.0005791878685185159,9.652871988119482e-05,0.005405839572138582,0.006598434569013989,0.002425726949797924,0.0012619075517320555,0.0042833210134675115,0.0014240141573114151,-0.002336250959731334,0.0010022132493807678,-0.0023039225553294074,0.002038309835248553,0.0018004992643823048,0.0031071546205923006,0.0021264144644089766,0.006066695413693646,-0.008591129635417305,0.0038305669465259484,0.0023391822142828644,-0.001132408022878728,0.003099581537182039,0.0021264144644089766,0.0002804298617432588,-0.008591129635417305,0.0023391822142828644,0.0023952454284488223,0.005438118138133108,0.008909734703022143,0.003249991774249228,0.018735011999082785,0.04250306110000257,0.0012619075517320555,0.0013193125093261537,0.005085993168309377,0.0021559462532910745
B1_PWTT_VV+VH_faithful_bldg,,,,,,,,0.4876090305694899,,,1.0,,,0.5657797830059489,,0.035870918317221445,0.018596125205267544,,,0.020400202191503625,,0.0009478014724351169,0.0305216876836214,,,0.029687426854581922,,0.0016439519286288728,,,,,,,,,,,,,-0.00970004490316434,,0.04817207853419769,,0.027486837606388037,,,,,,0.061457055132906,,0.054811304288789664,,0.04180721275086696,,0.06752386074518035,,0.055746813392853256,,0.06441251530666348,,,,0.039400674081839226,,,0.07225215267201346,,,0.010050016601701905,,,0.04924552634847734,,,,,,,,,,,,,,,,,,,,,,,,,,,,,,,,,,,,,,,,,,,,,,,,,,,,,,,,,,,,,,,,,,,,,,,,,,,,,,,,,,,,,,,,,,,,,,,,,,,,,,,,,,,,,,,,,,,,,,,,,,,,,,,,,,,,,,,,
B1_PWTT_VV_exact,-0.008787442833664283,0.013292298490374166,0.01996917326093639,0.040369394287534166,0.5471995591911922,0.0677543399945344,0.0677543399945344,,0.5625492750392027,0.5625492750392027,,1.0,1.0,,0.031857778382327506,,,0.008757955167567721,0.009705476528708568,,0.0006007569920275513,,,0.03562124920348386,0.03806984179569828,,0.0012099254551863892,,-0.0189977692098402,0.007043284892189083,0.0002499664307902272,0.04100987719918381,0.007043284892189083,0.04100987719918381,0.0036466256614896553,0.010439944122888623,-0.01786554946627361,0.029042245135399436,0.16895953271539754,0.004424707309316767,,0.019098646590037904,,0.025534584871055976,,0.35334910288878085,0.24872734941632169,0.03861906549711591,0.23089525239769282,0.038976396757192,,0.02686833205616379,,0.001455102881997683,,0.04158145059185925,,0.0030351124481099445,,-0.0004892597223018491,,0.0006128584467155473,0.0021049335566118987,0.0007764772174928547,,-9.947169105450904e-05,-0.0002292830946923896,,0.003439762081423159,0.0027861536850684043,,0.00029151104505953374,0.001099340331396359,,0.0011305233802980652,0.0011305233802980652,-0.0012018071194570545,-0.0012018071194570545,0.0007417109022088697,-0.0008773292175483505,0.0008374292919818282,0.0004849991727780001,8.977357287687227e-05,0.0004504970454003443,-5.291488933689692e-07,0.0003861386973896819,0.0010290694393757516,6.435420548078774e-05,-5.291488933689692e-07,0.0007396351785806665,0.0006109008284221895,0.0006435317303020716,0.0015767138567213124,0.002091128061257219,0.0004832657136538687,0.00025746749501287525,0.0007396351785806665,0.0006109008284221895,0.0015767138567213124,0.002091128061257219,3.215794624589208e-05,0.00016088085562948606,0.00019306261804152847,9.65131886420112e-05,6.43490282344894e-05,-0.0006215747229807445,-0.0006215747229807445,-6.436145402521909e-05,-0.002510018106544498,-0.00019542400701633156,-0.001210674545700341,0.0006466490688440407,-0.0025307122213640287,-6.556227357101818e-05,-0.0002277841847801998,0.0006468005114445008,-0.00019542400701633156,0.0005501927991578004,0.0006468005114445008,-3.218279806116442e-05,0.005280283129054153,0.006631536924225134,-9.947169105450904e-05,0.003439762081423159,0.0016118450334929868,0.0003856966916425675,0.006631536924225134,0.012316922460574364,0.017024680177504026,0.0003012128724665386,0.021101665899189048,0.023199607663734412,0.010399368364264805,-0.00013242132262125672,-0.00262812984073002,-0.0023686421166599914,-0.0007899381439488984,0.010399368364264805,0.015494538563423643,0.011571930457443647,0.0003012128724665386,-0.0026280791945010318,0.001585872706921565,0.002610878278461626,0.018977491161732862,0.01258430812632605,0.00024775446522218303,0.029816779036947016,0.023879293967442816,0.019463374205798356,0.0003208750816221517,0.02848417589403862,0.0018418652994032225,0.003045067004291857,0.06232470350752373,0.06232470350752373,0.06232470350752373,-0.013335474680463921,0.01596419856410436,0.00855739128134314,-0.0070323850220261885,0.012669964810458234,0.004689000532941745,0.0009975207621082394,0.005277122843728055,0.00048266638675287243,-0.009535444345132982,0.0004183080381090498,-0.009535444345132982,0.00032176999755206825,-0.014634600748936188,0.0009975207621082394,-0.0008046073300795875,0.00045046702896711643,0.0008366047128322007,0.00064354621819529,-0.00016090467149521004,0.005277122843728055,0.015269726503406078,0.000416761030785362,-9.947169105450904e-05,0.0015917559851703622,-2.2057581643419866e-06,-0.002401052764788414,-0.00022938414496032067,-0.0025633085526697297,0.0005478012312921665,-0.0007899381439488984,0.000838674252399807,0.0010969372189295612,0.001778810332241032,-0.00858919747575837,0.002750971351006659,0.0022134074543416205,-0.0011323164580590017,-0.0006347646982982624,0.0010969372189295612,4.888656097368216e-05,-0.00858919747575837,0.0022134074543416205,0.0003208750816221517,0.0040865926248772055,0.005280283129054153,0.0024776915257449517,0.009878251953739925,0.02602722736729224,-9.947169105450904e-05,0.0009975207621082394,0.003596052309094766,0.0019628712001619197
B1_PWTT_VV_faithful,-0.008787442833664283,0.013292298490374166,0.01996917326093639,0.040369394287534166,0.5471995591911922,0.0677543399945344,0.0677543399945344,,0.5625492750392027,0.5625492750392027,,1.0,1.0,,0.031857778382327506,,,0.008757955167567721,0.009705476528708568,,0.0006007569920275513,,,0.03562124920348386,0.03806984179569828,,0.0012099254551863892,,-0.0189977692098402,0.007043284892189083,0.0002499664307902272,0.04100987719918381,0.007043284892189083,0.04100987719918381,0.0036466256614896553,0.010439944122888623,-0.01786554946627361,0.029042245135399436,0.16895953271539754,0.004424707309316767,,0.019098646590037904,,0.025534584871055976,,0.35334910288878085,0.24872734941632169,0.03861906549711591,0.23089525239769282,0.038976396757192,,0.02686833205616379,,0.001455102881997683,,0.04158145059185925,,0.0030351124481099445,,-0.0004892597223018491,,0.0006128584467155473,0.0021049335566118987,0.0007764772174928547,,-9.947169105450904e-05,-0.0002292830946923896,,0.003439762081423159,0.0027861536850684043,,0.00029151104505953374,0.001099340331396359,,0.0011305233802980652,0.0011305233802980652,-0.0012018071194570545,-0.0012018071194570545,0.0007417109022088697,-0.0008773292175483505,0.0008374292919818282,0.0004849991727780001,8.977357287687227e-05,0.0004504970454003443,-5.291488933689692e-07,0.0003861386973896819,0.0010290694393757516,6.435420548078774e-05,-5.291488933689692e-07,0.0007396351785806665,0.0006109008284221895,0.0006435317303020716,0.0015767138567213124,0.002091128061257219,0.0004832657136538687,0.00025746749501287525,0.0007396351785806665,0.0006109008284221895,0.0015767138567213124,0.002091128061257219,3.215794624589208e-05,0.00016088085562948606,0.00019306261804152847,9.65131886420112e-05,6.43490282344894e-05,-0.0006215747229807445,-0.0006215747229807445,-6.436145402521909e-05,-0.002510018106544498,-0.00019542400701633156,-0.001210674545700341,0.0006466490688440407,-0.0025307122213640287,-6.556227357101818e-05,-0.0002277841847801998,0.0006468005114445008,-0.00019542400701633156,0.0005501927991578004,0.0006468005114445008,-3.218279806116442e-05,0.005280283129054153,0.006631536924225134,-9.947169105450904e-05,0.003439762081423159,0.0016118450334929868,0.0003856966916425675,0.006631536924225134,0.012316922460574364,0.017024680177504026,0.0003012128724665386,0.021101665899189048,0.023199607663734412,0.010399368364264805,-0.00013242132262125672,-0.00262812984073002,-0.0023686421166599914,-0.0007899381439488984,0.010399368364264805,0.015494538563423643,0.011571930457443647,0.0003012128724665386,-0.0026280791945010318,0.001585872706921565,0.002610878278461626,0.018977491161732862,0.01258430812632605,0.00024775446522218303,0.029816779036947016,0.023879293967442816,0.019463374205798356,0.0003208750816221517,0.02848417589403862,0.0018418652994032225,0.003045067004291857,0.06232470350752373,0.06232470350752373,0.06232470350752373,-0.013335474680463921,0.01596419856410436,0.00855739128134314,-0.0070323850220261885,0.012669964810458234,0.004689000532941745,0.0009975207621082394,0.005277122843728055,0.00048266638675287243,-0.009535444345132982,0.0004183080381090498,-0.009535444345132982,0.00032176999755206825,-0.014634600748936188,0.0009975207621082394,-0.0008046073300795875,0.00045046702896711643,0.0008366047128322007,0.00064354621819529,-0.00016090467149521004,0.005277122843728055,0.015269726503406078,0.000416761030785362,-9.947169105450904e-05,0.0015917559851703622,-2.2057581643419866e-06,-0.002401052764788414,-0.00022938414496032067,-0.0025633085526697297,0.0005478012312921665,-0.0007899381439488984,0.000838674252399807,0.0010969372189295612,0.001778810332241032,-0.00858919747575837,0.002750971351006659,0.0022134074543416205,-0.0011323164580590017,-0.0006347646982982624,0.0010969372189295612,4.888656097368216e-05,-0.00858919747575837,0.0022134074543416205,0.0003208750816221517,0.0040865926248772055,0.005280283129054153,0.0024776915257449517,0.009878251953739925,0.02602722736729224,-9.947169105450904e-05,0.0009975207621082394,0.003596052309094766,0.0019628712001619197
B1_PWTT_VV_faithful_bldg,,,,,,,,0.06797640113129677,,,0.5657797830059489,,,1.0,,0.025253495214735633,0.011266133133795542,,,0.01132702470639746,,0.0010573154648934047,0.028832487142705365,,,0.03073587046652604,,0.0012426766959638957,,,,,,,,,,,,,0.010109454972714982,,0.03128390117255608,,0.03474684065709788,,,,,,0.040295149166788335,,0.03926409288237653,,0.02708446911746587,,0.04641397399561753,,0.03862351719323864,,0.04078152979394234,,,,0.03194284882603138,,,0.04138578832952278,,,-0.00020392667293855915,,,0.029874299543671046,,,,,,,,,,,,,,,,,,,,,,,,,,,,,,,,,,,,,,,,,,,,,,,,,,,,,,,,,,,,,,,,,,,,,,,,,,,,,,,,,,,,,,,,,,,,,,,,,,,,,,,,,,,,,,,,,,,,,,,,,,,,,,,,,,,,,,,,
B2_CCD_VV+VH_faithful,-0.02760831767031746,-0.05191495868442142,-0.03462323955611235,0.018557685712542682,0.029019379065798656,0.01978325916925361,0.01978325916925361,,0.04199260398000504,0.04199260398000504,,0.031857778382327506,0.031857778382327506,,1.0,,,0.4668790494183076,0.6315049439803854,,0.004831407356114981,,,0.453319839999206,0.6475613663286145,,0.008152161206992137,,0.015827829014703698,0.06931655228741751,-0.039558669891312626,-0.04622466584624063,0.044969870334173434,-0.04622466584624063,-0.009169199218314716,0.0008755790357982685,0.04228106752119243,0.01790637292901376,0.03350081062772581,0.021554591621185892,,0.016838492959713847,,0.016378343101262183,,0.03129953889829107,-0.017716521772286997,-0.054786272466228025,0.046494819488760664,-0.0063267366937929115,,0.018389000205191075,,0.0009576182142426726,,0.006514523742567335,,0.010488273418667649,,0.0012881551775701938,,0.001899922584981728,0.004292834874969564,0.001310213218319367,,0.001527008764168114,0.0011911432524265297,,0.011194400974962049,0.0016970015670494387,,0.0004977342664624906,7.002589359383915e-05,,0.002234949485944826,0.002234949485944826,0.0036590187515174177,0.0036590187515174177,0.0028800906358713574,0.0014149903862593627,0.0024251287510014263,0.007802392858449858,0.002980261758987246,0.0006690886798490503,0.002173597738518218,0.000513949207471387,0.003478007445747666,0.00013175564061851386,0.002173597738518218,0.0015982818316582215,-0.0033966050393268166,-0.0002345815250184291,0.0011245988884510671,-0.0004492376637728057,0.003400379771634099,0.0015017921374103071,0.0015982818316582215,-0.0033966050393268166,0.0011245988884510671,-0.0004492376637728057,-7.108095620567134e-05,0.0008362858329368228,4.853079033872998e-05,0.00027556338497258803,,-0.02926308674951028,-0.02926308674951028,-8.322257123394294e-05,,2.967641813789168e-05,0.0014022300071356852,0.002030910700673405,0.012537876713358376,0.0003063765748011482,-0.00027238835016674123,0.001669965769777071,2.967641813789168e-05,0.0009712352955854042,0.001669965769777071,-0.00014304526931918637,0.008016795801818466,0.01854579484610741,0.001527008764168114,0.011194400974962049,0.006096880694199003,0.002509772602206084,0.01854579484610741,0.008961514736871123,0.03293848061456828,0.07147329138226244,0.008757647550957648,0.016211006482794832,0.024381987800921934,0.0019474043312291967,0.00029040605065222547,0.012581902770226083,0.006145924656056567,0.024381987800921934,0.03125113686640302,0.008153553926733892,0.07147329138226244,0.00012108553041556558,-0.0007065507561787587,-0.0005692022960372967,0.017916538955265127,0.055488663487274215,0.00791984913496624,0.04745716902774988,0.037949590217789764,0.01723945928495274,0.0016962649781461225,0.022640726769687647,0.003451036362396964,0.0036414056180431587,0.026533563075027855,0.026533563075027855,0.026533563075027855,0.06293616747035924,0.02028481508286295,0.09042819176195216,0.01625818626883202,-0.0013702884858362019,-0.01523196059333376,0.0010275297272736017,0.0007306479678329536,-0.00024863464138435987,0.019092148355808414,0.00012126171102300187,0.019092148355808414,-0.00010570572769985631,0.0007593826539890047,0.0010275297272736017,0.01348196240598476,0.0008975671971065413,0.0004334527632368079,3.443343280506994e-06,0.00011963186174912543,0.0007306479678329536,-0.01003584991855666,0.003451523878574725,0.001527008764168114,0.003683121933566458,0.0010467949615281524,0.0001693520197344478,0.0023191312702101063,0.012570899218244391,0.003516210476778303,0.006145924656056567,0.0043114364872851585,0.001954903384089657,0.004315395039213521,0.044040022725162165,0.009038074122789563,0.007873319458436834,0.002044478483921086,0.0017337849880821876,0.001954903384089657,5.328574551610732e-05,0.044040022725162165,0.007873319458436834,0.0016962649781461225,0.00490690760225021,0.008016795801818466,0.0019468144762565531,0.030497816736174133,0.016356159592274544,0.001527008764168114,0.0010275297272736017,-4.29277598925637e-05,0.0012074384641618252
B2_CCD_VV+VH_faithful_bldg,,,,,,,,0.023117644289484596,,,0.035870918317221445,,,0.025253495214735633,,1.0,0.47290269731521584,,,0.6424604811542527,,0.004814549998375717,0.444449039387784,,,0.6377841091357148,,0.008453207528947182,,,,,,,,,,,,,0.01772961570401632,,0.026932161018332623,,0.020342500848362755,,,,,,0.013690717933007468,,0.020419240331430055,,0.02509585761502031,,0.019117488633940583,,0.023406837610628672,,0.029344642834589152,,,,0.024121049079615653,,,0.019642582827938626,,,0.007212183065295363,,,0.02371094076588831,,,,,,,,,,,,,,,,,,,,,,,,,,,,,,,,,,,,,,,,,,,,,,,,,,,,,,,,,,,,,,,,,,,,,,,,,,,,,,,,,,,,,,,,,,,,,,,,,,,,,,,,,,,,,,,,,,,,,,,,,,,,,,,,,,,,,,,,
B2_CCD_vh_Optuna,,,,,,,,0.01865978676300417,,,0.018596125205267544,,,0.011266133133795542,,0.47290269731521584,1.0,,,0.6059864213507768,,0.004415647487462038,0.07763773419203324,,,0.056265002508204875,,0.0036353889354699964,,,,,,,,,,,,,0.031709619033654546,,0.017709504464166304,,0.008878752371852316,,,,,,-0.0024215139779570904,,0.013945860946574573,,0.013410468544729826,,0.007272356377305722,,0.013891348209880916,,0.012250240597344808,,,,0.012711424789622838,,,0.009785275153046724,,,-0.00032410578215924524,,,0.014762715529921921,,,,,,,,,,,,,,,,,,,,,,,,,,,,,,,,,,,,,,,,,,,,,,,,,,,,,,,,,,,,,,,,,,,,,,,,,,,,,,,,,,,,,,,,,,,,,,,,,,,,,,,,,,,,,,,,,,,,,,,,,,,,,,,,,,,,,,,,
B2_CCD_vh_Optuna_pixel,-0.01579727035054601,0.0020022841393335655,0.007110948377583748,0.012000366860388634,0.00750178905873955,0.013314031676783356,0.013314031676783356,,0.017316620626872004,0.017316620626872004,,0.008757955167567721,0.008757955167567721,,0.4668790494183076,,,1.0,0.6078828184710483,,0.004560221554480104,,,0.07453896815882533,0.05508401734959323,,0.0033982355800264985,,0.0018280238324348552,0.0336498673287432,0.00630453522545249,-0.05386285254609091,0.013313959286009314,-0.05386285254609091,-0.01436590727019249,-0.0038788079149341126,0.023455356458386034,0.027620895446133442,0.019661758928812056,0.03484983129289243,,0.015149690991037912,,0.01158951800347885,,0.0036129812537134542,0.009008399275382106,-0.09104998393302477,-0.013479196821867045,-0.010924487882817413,,0.010583592410144949,,0.0031913940779820793,,0.0036642027618154493,,0.005760194205614799,,0.0010996837207150056,,0.0022036492846875255,0.004076127005569474,0.0009884273325234672,,0.0027979431220089834,0.0021163220562399054,,0.005267689108745199,0.004162209392903349,,0.0003542717244371385,0.002601977160767044,,0.0025195347337612084,0.0025195347337612084,0.0028237219445997885,0.0028237219445997885,0.003092442140348539,0.001975242480468875,0.0026096686699967897,0.0015221615257414722,-0.0009704798917817836,0.0006227566369989557,0.002304027019766508,0.00047381815065572486,0.003324491141247554,-3.389918081353471e-05,0.002304027019766508,0.000729953653020976,0.0025082601708797947,0.0001281067129766944,-8.157728107960338e-05,-0.0005963281912646501,0.0024875443383269857,0.001672195761424966,0.000729953653020976,0.0025082601708797947,-8.157728107960338e-05,-0.0005963281912646501,-0.0002302539510967705,0.0006294561855267888,0.0006227566369989557,8.78880781474134e-05,,-0.05007954588530428,-0.05007954588530428,-8.805789084509463e-05,,0.0009404622193520673,0.00010193675847636197,0.002155023066144013,0.0037748746799292077,0.0008725664624246177,7.26607629258913e-05,0.0024027929380208146,0.0009404622193520673,0.0018324452392806112,0.0024027929380208146,-0.00014222246732731314,0.007633058608629173,0.014783924431515882,0.0027979431220089834,0.005267689108745199,0.0051040505985575635,0.0026385301094641322,0.014783924431515882,0.007047702606755357,0.014387513780510397,0.023799796432713793,0.0055847203079707475,0.015010908469102469,0.011387847577685739,0.003432938056158963,0.0002668957751660317,0.003949384566163894,0.0013670609842512116,0.011387847577685739,0.015686377197774992,0.0035013842941238327,0.023799796432713793,0.00010946742082096339,0.0006741561310207311,-0.001372457436938257,-0.010364437589980291,0.014429829606206646,0.00798645603728354,0.006748432108267477,0.0418985471240938,-0.009888812755240783,0.0016815574186080928,0.019503705001224003,0.0050677796989599955,0.003000554302511116,0.012721856007805954,0.012721856007805954,0.012721856007805954,-0.002404725423094778,-0.020658323507639187,0.03766932625550279,-0.027333172162152142,0.037704390121719444,0.02436715693009328,0.0012451087634807179,0.0029854093631777046,-0.00028439366271637567,-0.016636814370689423,6.74738477435266e-05,-0.016636814370689423,-0.00014227896539908969,0.0025961224081474388,0.0012451087634807179,0.0056597240139226734,-0.00012207283338638852,0.00030373524552118614,-0.0005278168539000205,0.00010831668136235262,0.0029854093631777046,0.010950745676385987,0.0022129808058448663,0.0027979431220089834,0.0026172111832981626,0.003145319398245139,0.00015745457567573062,0.0030342958811341303,0.0037939851799866364,0.003624538143745859,0.0013670609842512116,0.0023230154517693835,0.0014879981900861594,0.0047622168089304084,0.023572731734201824,0.007668659193558525,-0.0015486833329039218,0.0017092255232891151,0.0036800273250472415,0.0014879981900861594,0.00011079036004624232,0.023572731734201824,-0.0015486833329039218,0.0016815574186080928,0.003837342723611359,0.007633058608629173,0.0007486897471687959,0.019647922454041122,0.02073131281204732,0.0027979431220089834,0.0012451087634807179,0.0007805390770355691,0.001514301225986947
B2_CCD_vh_faithful,-0.008402905437234098,-0.008228352571747921,-0.0041816768087157286,0.01277218936443092,0.010352696740357437,0.013623752386226928,0.013623752386226928,,0.018524098139360512,0.018524098139360512,,0.009705476528708568,0.009705476528708568,,0.6315049439803854,,,0.6078828184710483,1.0,,0.01041291929905519,,,0.056808954088496844,0.05639509975986612,,0.005040901443514212,,-0.008925169791576648,0.01068044097666132,-0.00878204977279684,-0.01946514970836488,0.01572472904730482,-0.01946514970836488,0.009911054637865346,0.03357608561115699,-0.014219110009108027,0.01922583269399125,0.011948239994386878,0.02224311379733923,,0.008015136266212974,,0.008017497819205133,,0.009902994296174472,0.005322902638084659,0.004137073711762085,0.05236486486486491,0.00023719758649798361,,0.01864936555982033,,0.0030680517846515265,,0.009973900603275965,,0.01130409358706419,,0.002025545276848284,,0.0044060652120311294,0.005946427691703393,0.0010355980897213124,,0.003044822536992897,0.002713057889621062,,0.00934936918842133,0.0037251972869375427,,0.0006659984601015134,0.0012197895756348442,,0.003919681048407564,0.003919681048407564,0.006020988563350649,0.006020988563350649,0.005238106797131881,0.0037156168038300352,0.004192282913312417,0.0037202296699243576,0.0026141974712577953,0.0016668123114075284,0.0006227991110087094,0.0013872063212972963,0.004788030735010107,0.00022679587435436854,0.0006227991110087094,-0.0004889402944656673,-0.0009134673364927792,8.802514355621405e-05,0.00011897741929167704,0.0009370432212378876,0.003262633122543379,0.0016705141404109725,-0.0004889402944656673,-0.0009134673364927792,0.00011897741929167704,0.0009370432212378876,-0.0001004548374763381,0.0012443528575194485,0.00026878236085625673,0.0005902071231270734,,-0.03491053516879705,-0.03491053516879705,4.211836551337722e-05,,0.000488626785094759,0.0005444634793360104,0.0015157287046909662,0.008446113843654679,0.0005898638066322848,-0.0004883241740791799,0.003495912743599505,0.000488626785094759,0.001385860373083525,0.003495912743599505,-0.00014262738297099453,0.01155040386532813,0.021177610214305642,0.003044822536992897,0.00934936918842133,0.009121474611733071,0.004010114022761413,0.021177610214305642,0.009606179391387082,0.024283050039378806,0.022237301167658208,0.010734222032481866,0.012404320472388708,0.013286535945147504,0.0039212408067517135,0.0007964822098233126,0.008972602274058716,0.003933579545265076,0.013286535945147504,0.019660494976135423,0.013096626950374612,0.022237301167658208,0.00037429451911230593,-0.000832975054601448,9.705260503889424e-05,0.002427942693430829,0.03306027046158866,0.010213698258794923,0.02601391887953497,0.04472622045648811,0.0030709807063477035,0.004192807104505314,0.01724789616650446,0.008143709767367002,0.006581881160290903,0.017565760571789935,0.017565760571789935,0.017565760571789935,0.01148228599726031,0.0008738431676764691,0.04105775641529974,-0.005664849130445848,0.01114028830036462,0.001023526860716606,0.0024920464609989867,0.003567347041495972,-0.0002113470109732507,-0.001854244522439874,0.0005312702544212344,-0.001854244522439874,-6.906735202338865e-05,0.0035437312518650232,0.0024920464609989867,0.011392657963821828,0.0012492442517243463,0.0011897317875076974,4.612929386615949e-05,0.0003694729292883503,0.003567347041495972,-0.001705274424909753,0.004123785346819453,0.003044822536992897,0.004445620021061747,0.004575843361230403,0.00042245081016123454,0.003950676104114925,0.008841086956628996,0.003870038422801647,0.003933579545265076,0.003600164726422994,0.003993331916236409,0.006205864523876725,0.034195763424730075,0.0173734099414512,0.0086536547013083,0.004458469795035058,0.004382786619176682,0.003993331916236409,-0.0005229506429995645,0.034195763424730075,0.0086536547013083,0.004192807104505314,0.00871137222609153,0.01155040386532813,0.004147985392037978,0.022269215889144767,0.023977184854114708,0.003044822536992897,0.0024920464609989867,0.0013902442298170392,0.003477044627016812
B2_CCD_vh_faithful_bldg,,,,,,,,0.020781280050945483,,,0.020400202191503625,,,0.01132702470639746,,0.6424604811542527,0.6059864213507768,,,1.0,,0.010120925780788714,0.05684451241773303,,,0.05594339682687144,,0.0048448493097107415,,,,,,,,,,,,,0.02194818058216952,,0.0141586045111457,,0.010241652292803938,,,,,,0.00595863259828866,,0.013016463757333008,,0.013727358412241042,,0.010882421244347906,,0.01371976588001711,,0.011464008774189738,,,,0.011053098845543619,,,0.008037107310521097,,,0.0027105525661803576,,,0.014269777652028304,,,,,,,,,,,,,,,,,,,,,,,,,,,,,,,,,,,,,,,,,,,,,,,,,,,,,,,,,,,,,,,,,,,,,,,,,,,,,,,,,,,,,,,,,,,,,,,,,,,,,,,,,,,,,,,,,,,,,,,,,,,,,,,,,,,,,,,,
B2_CCD_vh_persistence_faithful,-0.0011967750510881725,-0.0021409202593889454,-0.001990572188182327,0.00031818358645874234,0.0009782453137449076,0.00024496289857267595,0.00024496289857267595,,0.00042249267654614897,0.00042249267654614897,,0.0006007569920275513,0.0006007569920275513,,0.004831407356114981,,,0.004560221554480104,0.01041291929905519,,1.0,,,0.002833098550890978,0.004098877602970563,,0.13106023041340986,,-0.00878683782317835,-0.013231294085104262,0.0065416910759618085,-0.021003070624360243,-0.01680094934732379,-0.021003070624360243,0.01319261213720313,0.024148812489619753,-0.007768690500586928,0.0007880667810645781,0.0012027103008445117,0.00039416918825108116,,0.0010649487074316788,,0.0011374028901504074,,0.0008169086979216145,-0.0012718259235107165,0.0134232776499007,0.016891891891891886,-0.0011890290356972866,,0.001308123663676497,,-0.0018746397252467073,,0.0019430679554596209,,-0.00046379964211640257,,-0.001787725418852748,,-0.0018265850273726514,0.003507301434130694,-0.0017002915390724738,,-0.001739478116834281,-0.001748023772278673,,0.001151409372863732,-0.0006117269416321403,,-0.0010595395520365258,-0.001840188055933556,,-0.001879418611602679,-0.001879418611602679,-0.0011242366033599183,-0.0011242366033599183,-0.0018638482986794713,0.04101879436275646,-0.0019173220541786051,-0.0016404373781930826,-0.001953168210738543,-0.0004507301828964305,-0.0020080106399325004,-0.0004507301828964305,0.00246759431907706,-0.0002881604477373845,-0.0020080106399325004,0.004529631032877068,0.004189790594300025,-0.0011973163309746404,0.01549658623722594,0.0037109373406815083,-0.0017002915390724738,-0.0016446053121099702,0.004529631032877068,0.004189790594300025,0.01549658623722594,0.0037109373406815083,-0.00032312381745658314,-0.0005352873303436922,0.03465280420948602,-0.0005871197440310283,,0.0032780116019891503,0.0032780116019891503,-0.0002140461864104104,,-0.0013708752765377863,-0.0007419693678809569,-0.001673482757614142,-0.0018728432515027205,-0.001323635851090188,-0.001317280887173311,-0.0016251901566970428,-0.0013708752765377863,-0.00153921964566206,-0.0016251901566970428,-0.00013376812929721815,0.023432685923348573,0.0004199240088522682,-0.001739478116834281,0.001151409372863732,0.00022625646671348143,-0.0018623540168487551,0.0004199240088522682,0.003794744377445869,0.0023125887570842885,-0.0003307491885067293,0.00024073158534620998,0.000883281067768027,0.00047047117557663665,-0.0017830628817103733,-0.00028985535158687625,0.0025160642202893824,-0.001588612923181243,0.00047047117557663665,0.0016579214195019398,0.0030002644488880126,-0.0003307491885067293,-0.00017618383759132605,-0.0017237372575145127,-0.0019883272043126343,0.0019240946835697992,0.004700332335902169,0.023665754240106862,0.002489120732076855,0.0045180236858622935,0.0019111027034299788,-0.001817341581925369,0.0010864971175393867,0.006269950254688461,0.007352390227247985,0.0013172324698674798,0.0013172324698674798,0.0013172324698674798,0.003564491556485083,0.00022865453500631183,0.011620906368171258,0.003343007976439827,-0.00039230379497934287,-0.0004825884016164128,-0.0007449036177487045,0.003563156795600597,-0.0008214976815508201,-0.0002141077632213939,-0.0008567348881485248,-0.0002141077632213939,-0.0007648716545363143,-0.0015870303000706798,-0.0007449036177487045,-0.0019734478495321284,-0.0011879463048269923,-0.0012969453491038507,-0.001148536156310831,-0.0001747247115102546,0.003563156795600597,-0.0021404312048012297,-0.0018871550872223697,-0.001739478116834281,-0.0018299653968023577,-0.0017356770117498144,-0.00013500488215312245,-0.0017583900507838202,-0.001876840711794392,-0.0018180770581142092,-0.001588612923181243,-0.0018798417246863597,,,-0.0033509076536790694,-0.0031844126658893135,0.09522045201926643,-0.0016242555495398214,,,-0.0004523701816625536,-0.0033509076536790694,0.09522045201926643,-0.001817341581925369,0.03016473562759514,0.023432685923348573,0.011229369643327325,0.000637830022120256,0.001859442005017864,-0.001739478116834281,-0.0007449036177487045,-0.001778246001501449,-0.0011879463048269923
B2_CCD_vh_persistence_faithful_bldg,,,,,,,,0.0008423120518462612,,,0.0009478014724351169,,,0.0010573154648934047,,0.004814549998375717,0.004415647487462038,,,0.010120925780788714,,1.0,0.0029832112898954266,,,0.004642603890129271,,0.17472414097288003,,,,,,,,,,,,,0.00032640273478357074,,0.0011656029052290462,,0.0012380762582405724,,,,,,0.00018569048845629155,,0.0012587812823701139,,0.0010151393405097853,,0.0010861333420409958,,0.0012605202036215513,,0.001124606803635686,,,,0.0006535430159874123,,,0.0016214015069976329,,,0.0003765207670769488,,,0.0010957149320641735,,,,,,,,,,,,,,,,,,,,,,,,,,,,,,,,,,,,,,,,,,,,,,,,,,,,,,,,,,,,,,,,,,,,,,,,,,,,,,,,,,,,,,,,,,,,,,,,,,,,,,,,,,,,,,,,,,,,,,,,,,,,,,,,,,,,,,,,
B2_CCD_vv_Optuna,,,,,,,,0.015209081690202964,,,0.0305216876836214,,,0.028832487142705365,,0.444449039387784,0.07763773419203324,,,0.05684451241773303,,0.0029832112898954266,1.0,,,0.6134937035609926,,0.010472934959466551,,,,,,,,,,,,,0.007656139606757262,,0.030230562547001294,,0.02422552828597424,,,,,,0.006416949701259833,,0.02789228883650141,,0.030758409381608787,,0.016419034490565032,,0.03154774902441737,,0.042045467000488945,,,,0.037477195567530264,,,0.029666148911786427,,,0.008342022040285446,,,0.025782472884249397,,,,,,,,,,,,,,,,,,,,,,,,,,,,,,,,,,,,,,,,,,,,,,,,,,,,,,,,,,,,,,,,,,,,,,,,,,,,,,,,,,,,,,,,,,,,,,,,,,,,,,,,,,,,,,,,,,,,,,,,,,,,,,,,,,,,,,,,
B2_CCD_vv_Optuna_pixel,-0.03185407492551917,-0.06148723246726551,-0.0415670130578627,0.01696001679600012,0.03267785554230862,0.0146155856561061,0.0146155856561061,,0.03961861524686261,0.03961861524686261,,0.03562124920348386,0.03562124920348386,,0.453319839999206,,,0.07453896815882533,0.056808954088496844,,0.002833098550890978,,,1.0,0.6162691195979549,,0.009773594228323024,,0.044732775908737366,0.0709777023254754,-0.010992732741696765,-0.052652056293504224,0.0645275859721609,-0.052652056293504224,-0.00546780984505868,-0.015674102581669347,0.07074025827382313,0.014079266660765088,0.0440676723345802,0.016864423212140878,,0.03063743557366716,,0.02681307588560311,,0.03546574479549924,-0.04155231427133943,-0.0924908737334107,-0.014937509239989488,0.0005411901122269747,,0.03328187785615233,,0.0041982518923057155,,0.01446234787794709,,0.017569748749019065,,0.003232513274703641,,0.003108149133776883,0.002994249429541629,0.0022910547802298398,,0.0033509577265677937,0.003154136785286421,,0.020522758450601253,0.011916943940039393,,0.0011373676593606774,0.003300205328007566,,0.004955393974380717,0.004955393974380717,0.002751944803035533,0.002751944803035533,0.0007196615917171023,-0.0008661652404020614,0.006812586580644431,0.008004415614742744,0.005166822984061126,0.0009001580882868065,0.00035001207983409444,0.0007166349725793442,-0.001765903240388278,0.00021926906487923503,0.00035001207983409444,-0.0004999689901854509,-0.0033136785800380597,-0.0006780177323941761,0.0005332077084471143,-0.0010657169526921972,0.0035804413982559735,0.0022459981790443617,-0.0004999689901854509,-0.0033136785800380597,0.0005332077084471143,-0.0010657169526921972,-0.00019519612966489852,0.000574551688156566,0.0003495887411643084,-0.0004375612594074152,,-0.054361713546760004,-0.054361713546760004,-0.0002367514743328858,,0.0006165630265178024,0.0005991098645653503,0.0017155775099697568,0.010687904347853827,0.0004434020729792154,0.0007659723104762595,0.001014632864181353,0.0006165630265178024,0.0010632085478067266,0.001014632864181353,-0.00014206351114998128,0.005977193064659603,0.03596511473058439,0.0033509577265677937,0.020522758450601253,0.012572381583018877,0.005063043854749982,0.03596511473058439,0.005842877505317867,0.044160949977511854,0.08524015499470106,0.009342227955698723,0.03579537914931685,0.04574812228155245,0.004204666419578507,0.00022184116645318497,0.010847227889766664,0.004342630991833296,0.04574812228155245,0.04096306607040079,-0.002175096218842043,0.08524015499470106,-5.922499815014248e-06,-0.00031098385032923836,0.0005790409868415836,0.017465836837228688,0.035710921354108915,0.012919739113682382,0.01820051098760367,0.03875474565011339,0.01572050191071317,0.0028966199791676805,0.0393784680412792,0.0049491588363087535,0.0029168643920965964,-0.0014187627628134969,-0.0014187627628134969,-0.0014187627628134969,0.07855963908772545,0.0033820551891877715,0.17135057053760006,0.0004713386974322109,0.013937610588561244,0.003391327380716458,0.001065655600107851,0.0003058500243964257,-0.0005908834817207609,0.02943585263027504,4.8079384692090166e-05,0.02943585263027504,-0.00026562026023735363,-0.00022295513552128554,0.001065655600107851,0.01110540318959996,0.00028502080102732474,0.00022022720630587855,-0.00025871249779374494,-5.821232329061843e-06,0.0003058500243964257,0.004400902359961489,0.004969206551440064,0.0033509577265677937,0.007721374477411058,0.0013748242962943191,4.20071075241113e-05,0.002726072747062158,0.010624955472938735,0.00601256804173278,0.004342630991833296,0.005272895258900401,0.001910623646550036,0.006677005340588682,0.04743153094695707,-0.0044385308297771875,0.00550889759446993,0.0022346147107726866,0.004779871991019591,0.001910623646550036,0.00023526639265136762,0.04743153094695707,0.00550889759446993,0.0028966199791676805,0.0033935853316258147,0.005977193064659603,0.0010224210440760162,0.050156093971321036,0.008913920727452895,0.0033509577265677937,0.001065655600107851,0.0004903845912153093,0.00046818587599972705
B2_CCD_vv_faithful,-0.023380377454973233,-0.061034288708318174,-0.04302507955520318,0.014827204883567924,0.03355613757001541,0.0136275599061767,0.0136275599061767,,0.038206564977022794,0.038206564977022794,,0.03806984179569828,0.03806984179569828,,0.6475613663286145,,,0.05508401734959323,0.05639509975986612,,0.004098877602970563,,,0.6162691195979549,1.0,,0.0169082021054745,,0.02093975523175562,0.052874947715809695,-0.027832182249252657,-0.05599806292599352,0.050241343264507576,-0.05599806292599352,0.011005683460167726,-0.005888398282020368,0.0335142234436685,0.007669567765484886,0.03370988870853109,0.006171226960390519,,0.013197433532937897,,0.013695999668367431,,0.03630272862988637,-0.030990779292160653,-0.06724145314395824,0.02826804645056602,-0.004835420067541785,,0.019011316575721415,,0.0002884225033453758,,0.007881544505018767,,0.009033130237236064,,0.0006511596814775533,,-0.0005759825259028517,0.0037966342331203773,0.002440376018991053,,0.0003043825239417153,-7.311266509391068e-05,,0.01373285375968647,0.004820413165198878,,0.0008063931789844547,-0.0003619423215370787,,0.0009307843423468354,0.0009307843423468354,0.0046709306741166134,0.0046709306741166134,0.002735259870750073,0.0004705757047742676,0.000978114041313427,0.01601188098126316,0.005043447335100759,0.0015998489811070993,0.004151754180933276,0.0013286182962337634,0.004716265033318123,0.0004814061945844772,0.004151754180933276,0.002114131587481638,-0.003764300692778555,4.8044332484620256e-06,0.0029782871463879257,0.0013584081726435437,0.0034259355521655266,0.0019734882549038435,0.002114131587481638,-0.003764300692778555,0.0029782871463879257,0.0013584081726435437,-0.00010880533018253757,0.0009146467028672278,0.0005149262416136446,0.0002773055260687496,,-0.0083763193794828,-0.0083763193794828,-0.00023764512253832137,,-0.00046594730095250725,0.0023166589749153976,0.002071964355267575,0.0185197134795414,-0.0003090879292571014,-0.0003568650236824844,0.0008231047122682078,-0.00046594730095250725,0.00039791864412419553,0.0008231047122682078,-0.0001426122217675907,0.008984274704803674,0.012980824711884664,0.0003043825239417153,0.01373285375968647,0.005151971440487069,0.0017653314918996132,0.012980824711884664,0.01274821497922507,0.04038898925554946,0.09352855030839347,0.005621403537375613,0.01801527459022667,0.030461781572928448,0.0011080927698282617,0.0004874212988842386,0.018738863525470495,0.011980217186788544,0.030461781572928448,0.0404465387473939,0.009879953388396423,0.09352855030839347,8.233095130127932e-05,6.217031673527718e-05,-0.0007364281105644022,0.030695133521197904,0.07014463657165992,0.010774507278855538,0.055096372922244785,0.03016572841837961,0.02992035705835816,-0.0003287190352934122,0.021394398181429408,0.0023549104481161987,0.00293124725579319,0.024313483073163167,0.024313483073163167,0.024313483073163167,0.08471830166931615,0.0316543220985267,0.1282822923610234,0.037754333287638664,-0.019602375177546483,-0.026301592750394898,0.0021125414475655635,0.0030185603235977077,2.6124763978008225e-05,0.03946253983051495,0.00047287353348979266,0.03946253983051495,-0.00010245260463204175,0.00023521209880184024,0.0021125414475655635,0.018415207520941612,0.00194340324086828,0.002136403553071098,0.0013225831539410704,8.128915501026679e-05,0.0030185603235977077,-0.019928574488240702,0.003489209633838919,0.0003043825239417153,0.004487905544397153,-0.0012657293307629658,0.0001304543962969973,0.0019250220145763386,0.018617826806065274,0.0033706805749873503,0.011980217186788544,0.005920294310099994,0.0025298952132911667,0.004949913619648361,0.05154134164472779,0.0038109015051716044,0.014901436685599623,-0.0016882444870716107,0.001297950081599386,0.0025298952132911667,0.0003881503934096697,0.05154134164472779,0.014901436685599623,-0.0003287190352934122,0.00686485540113424,0.008984274704803674,0.0022073474706839624,0.030492528750851067,0.009916818893718982,0.0003043825239417153,0.0021125414475655635,-9.380375510281702e-05,0.0008626705968410864
B2_CCD_vv_faithful_bldg,,,,,,,,0.013176450188718491,,,0.029687426854581922,,,0.03073587046652604,,0.6377841091357148,0.056265002508204875,,,0.05594339682687144,,0.004642603890129271,0.6134937035609926,,,1.0,,0.017924058782891605,,,,,,,,,,,,,0.004415115915249457,,0.019663993369106403,,0.01709855559205742,,,,,,0.01620175866186624,,0.019128784154319622,,0.024015477834848697,,0.02073962952664543,,0.022877973418720776,,0.033967703105278635,,,,0.024175279593917187,,,0.026396309459363998,,,0.006643218721967825,,,0.021419649324348478,,,,,,,,,,,,,,,,,,,,,,,,,,,,,,,,,,,,,,,,,,,,,,,,,,,,,,,,,,,,,,,,,,,,,,,,,,,,,,,,,,,,,,,,,,,,,,,,,,,,,,,,,,,,,,,,,,,,,,,,,,,,,,,,,,,,,,,,
B2_CCD_vv_persistence_faithful,-0.001976968782160915,-0.0036164135502074757,-0.0034661541394891415,0.0013975790824742873,0.0010631015976138025,0.0010649353794148775,0.0010649353794148775,,0.0012291909981594351,0.0012291909981594351,,0.0012099254551863892,0.0012099254551863892,,0.008152161206992137,,,0.0033982355800264985,0.005040901443514212,,0.13106023041340986,,,0.009773594228323024,0.0169082021054745,,1.0,,0.0025715043186480546,0.007495783441001325,-8.529966839732062e-05,-0.006547684055195679,0.019482608992423378,-0.006547684055195679,-0.0073696759510131216,-0.015433922105831055,-0.001348698190145381,0.0005829053490677971,0.001829779200164583,-0.00018097170695785536,,0.0012357561945842699,,0.0013939648247713876,,0.0013123811370714389,-0.0024567715418268854,-0.01699387963714072,0.010092730891924417,-0.0016880237817631372,,0.00010731012461961953,,-0.0028101417136916496,,0.0003568827300822752,,-0.003114734538570474,,-0.002613269741072566,,-0.0026989694586154744,0.002317811132647618,0.005222895148211615,,-0.0025116552550179527,-0.0025323608679004295,,-0.002405759114725292,-0.002496223346927229,,-0.0013223380865075018,-0.002733420206262327,,-0.0028189765829280677,-0.0028189765829280677,-0.001404586249513784,-0.001404586249513784,-0.0027848513673724984,0.015117068553004098,-0.0029071671738349902,-0.0023230114261312274,-0.002989623929610774,-0.0004930337360495862,-0.0032547094233474905,-0.0004930337360495862,-0.0011532151901560983,-0.0003048711475275301,-0.0032547094233474905,0.0061187901715673565,0.002690341352075909,-0.0015511734150648326,0.011571154965574149,-0.0032486017976749437,-0.0024357027828563194,-0.002318875295577616,0.0061187901715673565,0.002690341352075909,0.011571154965574149,-0.0032486017976749437,-0.0003442898286141194,-0.0005960362024024501,-0.0004930337360495862,-0.000661023578639508,,0.009332574091854284,0.009332574091854284,-0.00022312378584699033,,-0.0018119137133192353,-0.00090605473124028,-0.0023774038816020138,-0.0028061063170374823,-0.0017194396986597305,-0.0017302845327027416,-0.002275466615154098,-0.0018119137133192353,-0.002112047343798773,-0.002275466615154098,-0.0001372517090998393,0.021595677853056383,-0.0010539212310956003,-0.0025116552550179527,-0.002405759114725292,-0.0030439890651625667,-0.0027826213141428635,-0.0010539212310956003,0.003000651624420425,0.001116547881833907,-0.0023953611123392893,0.000574464761602056,-0.0005037320081089369,-0.0010441133435741268,-0.002605151022283536,-0.0003055519626098402,0.0013517102104292356,-0.002217924903396229,-0.0010441133435741268,4.418786066184843e-05,0.0017952043520989003,-0.0023953611123392893,-0.0001818536773221524,-0.002478364210199313,0.0025669112056081467,0.001565305657476035,0.007287341035019823,0.021882814708081177,0.004179843081548618,0.0033140755779446085,0.0014290915785464264,-0.002681694812441071,0.0009898056597860139,0.0010542470040537655,-0.0023737238341758893,0.0025341037366112262,0.0025341037366112262,0.0025341037366112262,0.0060168926601290584,0.0005892791056426594,0.016940040043289417,0.005159248825451379,-0.0010626229813894827,-0.0011571020836007584,0.01914929664871834,0.007120436845386102,-0.000973893431894135,0.0006804897114894848,-0.0010238204398564932,0.0006804897114894848,-0.000895305559541093,-0.001906390451872353,0.01914929664871834,-0.0031629517190467915,-0.0015354809381729062,-0.0017226322306658215,-0.001470264349958672,-0.00018072260506873938,0.007120436845386102,-0.0036150196338917695,0.0011667536200455908,-0.0025116552550179527,-0.002707980447408609,-0.0025089865141973977,-0.00013830522539515222,-0.0025543657343436443,-0.0028150910285129616,-0.0026833073121095286,-0.002217924903396229,0.0013325255906618816,,,-0.006963829753616757,0.006914109078953623,0.07889955878536214,-0.0016387621882936187,,,-0.0004854441281487709,-0.006963829753616757,0.07889955878536214,-0.002681694812441071,0.015765884529809315,0.021595677853056383,-0.0021653095872056216,-0.0014578499812474277,0.002946578913161413,-0.0025116552550179527,0.01914929664871834,-0.0025989317257300026,-0.0015354809381729062
B2_CCD_vv_persistence_faithful_bldg,,,,,,,,0.0014271264790478577,,,0.0016439519286288728,,,0.0012426766959638957,,0.008453207528947182,0.0036353889354699964,,,0.0048448493097107415,,0.17472414097288003,0.010472934959466551,,,0.017924058782891605,,1.0,,,,,,,,,,,,,0.0003979614945546217,,0.0014787015493362698,,0.0012548454952154842,,,,,,-0.0005631825852037142,,0.000911936569140237,,0.0006750352568729578,,0.00046406946460975096,,0.0007828440772237322,,0.0006449549951975664,,,,0.0001477636583843145,,,0.0013038227074657627,,,-0.0010268285969496915,,,0.00034550463736682246,,,,,,,,,,,,,,,,,,,,,,,,,,,,,,,,,,,,,,,,,,,,,,,,,,,,,,,,,,,,,,,,,,,,,,,,,,,,,,,,,,,,,,,,,,,,,,,,,,,,,,,,,,,,,,,,,,,,,,,,,,,,,,,,,,,,,,,,
B3_logratio_BAEI,-0.0036029159539208155,,,-0.0008485754315621374,-0.020094682725065427,-0.024672002984253094,-0.024672002984253094,,-0.0003435530208550919,-0.0003435530208550919,,-0.0189977692098402,-0.0189977692098402,,0.015827829014703698,,,0.0018280238324348552,-0.008925169791576648,,-0.00878683782317835,,,0.044732775908737366,0.02093975523175562,,0.0025715043186480546,,1.0,-0.03481468805539589,0.010472606826678277,-0.22049259707190028,-0.2397396973967818,-0.22049259707190028,-0.3201246458124636,-0.3518257522299155,0.14407012672879727,0.018896849462160636,-0.013385384401152667,0.01730002682149856,,-0.05073965620624432,,-0.013928612575650812,,-0.00933136637269616,,-0.11686885469774211,0.058590904952658396,-0.02723083348111288,,-0.02784043431231331,,0.0005648102999870064,,-0.0851302114083845,,-0.014154934428146637,,-0.00226468710779848,,-1.2814756447099285e-06,-0.004536780487711223,-0.0005683350857532687,,-3.203686032016151e-07,0.0005657708628004077,,0.006776534391504718,-0.009068472800428218,,,-0.0005664117813650726,,0.00226148631775136,0.00226148631775136,0.0011305818876553575,0.0011305818876553575,-0.0017005206322679989,-0.0017001997182031214,-0.0016995578906899844,0.0028275782749979106,-0.007931751948698329,,0.0005542439871736304,,0.0028160774635952457,0.0005657708628004077,0.0005542439871736304,0.007910637856848868,0.003953060490251348,-0.000567373432634799,0.0016957140051624409,-0.001141804676112912,0.006781943799474388,-0.009060714185598506,0.007910637856848868,0.003953060490251348,0.0016957140051624409,-0.001141804676112912,0.00622253433318487,0.0016966734819802154,0.0022627648949471446,0.006222215957219279,0.0005657708628004077,-0.21831373427516487,-0.21831373427516487,0.0005657708628004077,,-0.0005664117813650726,0.010182634833652005,-0.0022688613516512746,,,0.0005657708628004077,-0.006796654757970755,-0.0005664117813650726,,-0.006796654757970755,0.0005657708628004077,0.007891885051376724,-0.0012072393994495556,-3.203686032016151e-07,0.006776534391504718,0.002258289860425866,0.0005654506754011468,-0.0012072393994495556,0.03672394580812677,0.01635984416449865,0.022594339448849143,-0.0974347004688838,-0.010895348073432398,-0.03344505178872881,-0.0005660912313527611,-3.203686032016151e-07,-0.0011321826440628957,0.010748092757363659,-0.03344505178872881,0.029375235984351655,0.03389921737396162,0.022594339448849143,0.0005657708628004077,-0.002832064350652974,-0.004540642401744455,0.19505522060201907,0.14639631267888353,0.06896662205166526,0.033080000833225154,0.1175779428249728,0.19505728411788104,0.0033936700508857554,0.019634683444120338,0.0028215084353715447,0.004522026015024938,0.005102800481911696,0.005102800481911696,0.005102800481911696,,-0.11272346173612258,0.18094256513566098,0.02495631890930461,0.09351095583610125,0.09410198339870723,0.0028275782749979106,0.008481499540908488,0.002828856126555812,0.03619765840540323,-6.407374117944897e-07,0.03619765840540323,0.0022627648949471446,0.005418879375745034,0.0028275782749979106,0.0011305818876553575,0.0016969933071762089,0.0022627648949471446,0.0022627648949471446,0.0005657708628004077,0.008481499540908488,,-0.022648705112065404,-3.203686032016151e-07,-0.0016869480782439883,-0.0011321826440628957,0.0005657708628004077,-0.0005664117813650726,-0.0005660912313527611,-0.0005664117813650726,0.010748092757363659,-0.016986725576536132,,,,,0.0011296218666088098,0.0011315419068563815,,,,,0.0011296218666088098,0.0033936700508857554,0.0005593670758332614,0.007891885051376724,-3.5240659261859264e-06,-0.041954665521372725,0.0009459038789269014,-3.203686032016151e-07,0.0028275782749979106,-0.0005705789502179481,0.0028259809559445515
B3_logratio_BSI,-0.01106961204603829,,,-0.007641665310056833,0.016135095129764854,-0.01221742615240018,-0.01221742615240018,,-0.003740305323133075,-0.003740305323133075,,0.007043284892189083,0.007043284892189083,,0.06931655228741751,,,0.0336498673287432,0.01068044097666132,,-0.013231294085104262,,,0.0709777023254754,0.052874947715809695,,0.007495783441001325,,-0.03481468805539589,1.0,0.005943877338470904,0.04896680747644133,0.5709028809923468,0.04896680747644133,0.10104719659082673,0.09538628473056743,0.5765637928526061,0.01776458962310945,0.00359872818657625,0.03201788356265123,,-0.020168567070933285,,-0.004870623853590272,,0.0031225259773876024,,-0.03201992856655367,0.15347384944377462,0.092754255608692,,0.03102267426063865,,0.0005648102999870064,,0.0065709332176761,,0.014141799233353014,,0.0022627648949471446,,-0.0011331448389448884,-0.002273035630274034,0.000563529546696806,,-0.0011321826440628957,-0.0005660912313527611,,-0.0011466157614976602,0.01017343862706166,,,0.0016973131321673662,,-0.002265971486819174,-0.002265971486819174,0.0011305818876553575,0.0011305818876553575,0.0005632093578613606,-0.0005683350857532687,0.0016960338309732759,-0.0005680145345083876,0.009046323603497552,,-0.0017095063095711183,,-0.005107063805138923,-0.0005660912313527611,-0.0017095063095711183,0.003383133637142599,-0.002838168642769645,-0.000567373432634799,-0.0005680145345083876,-9.931522154671413e-06,0.018100668086659888,0.009049180853066163,0.003383133637142599,-0.002838168642769645,-0.0005680145345083876,-9.931522154671413e-06,0.0016950743529260404,0.0005648102999870064,-0.0033965501084847194,0.0039584852418598215,0.0005657708628004077,0.0024773235163381147,0.0024773235163381147,0.0005657708628004077,,0.0005654506754011468,0.0033914350726479414,0.006786080365811409,,,-0.0005660912313527611,0.010181366401522896,0.0005654506754011468,,0.010181366401522896,0.0005657708628004077,-0.011350371599081477,0.025959491799630974,-0.0011321826440628957,-0.0011466157614976602,-0.004532918603371572,-0.001698274238131292,0.025959491799630974,-0.02666437268158517,-0.006278594404787841,-0.03513315179389398,0.07688705700631804,-0.0007071530760518474,0.026546829640408776,-0.0005660912313527611,-0.0011321826440628957,0.0011315419068563815,0.003956889732814606,0.026546829640408776,-0.00231863386105724,-0.022697196370973227,-0.03513315179389398,-0.0005660912313527611,0.0028272588115966224,0.014701262861162245,0.029764168855035744,0.021865270762009725,-0.019325904975654007,0.11799686258674758,0.011166559406816878,0.020709635389545844,-1.922214698968361e-06,0.025294991276429202,-0.0028378473623844602,0.004522026015024938,0.0005728189246295701,0.0005728189246295701,0.0005728189246295701,,0.11253795116874876,-0.008114230472278994,-0.005619963772981906,-0.03671545275708854,-0.08481287488004807,0.0016957140051624409,0.0005584065007102623,0.0016969933071762089,0.00563669161379543,-0.0011325033754847613,0.00563669161379543,0.001130901894260794,0.0032276048238020216,0.0016957140051624409,-0.0022650082022448448,0.0005651304877966057,0.001130901894260794,0.001130901894260794,0.0005657708628004077,0.0005584065007102623,,0.021494404461117278,-0.0011321826440628957,0.0017265938619588361,-3.203686032016151e-07,0.0005657708628004077,0.0005654506754011468,-0.0005660912313527611,0.0005654506754011468,0.003956889732814606,0.01470568212089618,,,,,-2.2425845338513994e-06,-3.203686032016151e-07,,,,,-2.2425845338513994e-06,-1.922214698968361e-06,0.006218713808133103,-0.011350371599081477,-3.5240659261859264e-06,0.012378657612821642,0.0020779765090923608,-0.0011321826440628957,0.0016957140051624409,-0.0017024461209762531,0.0028259809559445515
B3_logratio_IBI,-0.007492451521658117,,,0.011605422679011657,0.009342011781984239,0.0036338534517761367,0.0036338534517761367,,-0.0014758037882809383,-0.0014758037882809383,,0.0002499664307902272,0.0002499664307902272,,-0.039558669891312626,,,0.00630453522545249,-0.00878204977279684,,0.0065416910759618085,,,-0.010992732741696765,-0.027832182249252657,,-8.529966839732062e-05,,0.010472606826678277,0.005943877338470904,1.0,0.00028296547821160534,0.02066224817514495,0.00028296547821160534,0.0410415308720784,0.043305895616182144,0.012736971570782019,0.008706510910700072,0.00359872818657625,-0.018928543618261795,,0.026254197912316646,,0.05400630283980323,,0.012179902231993944,,0.008541661927617628,0.2412308637201156,-0.013647615848304762,,-0.0018048285973537581,,-0.0016989160639995227,,-0.025128227887628807,,-0.0005725022706266625,,-9.611064255565793e-07,,0.002262445250955536,0.005650071370755794,0.000563529546696806,,-3.203686032016151e-07,-0.0005660912313527611,,0.0033808986116465878,-0.0011453328008736996,,,-0.0005664117813650726,,0.003393350768894021,0.003393350768894021,-0.0011331448389448884,-0.0011331448389448884,0.0016950743529260404,-0.002832064350652974,0.0016960338309732759,-0.003963607344014575,-0.004536136838259264,,0.00281799428391849,,0.0028160774635952457,-0.0005660912313527611,0.00281799428391849,-0.0022762466374903756,0.0016893174459109428,-0.0016992369772419469,0.0005638497353270822,-0.003405550984029615,-9.290772836845207e-06,-0.0011376351061826995,-0.0022762466374903756,0.0016893174459109428,0.0005638497353270822,-0.003405550984029615,0.0005632093578613606,-0.0005670528820063137,-9.611064255565793e-07,0.000562889168820746,-0.0005660912313527611,0.03304839305670004,0.03304839305670004,-0.0005660912313527611,,0.0005654506754011468,0.0033914350726479414,-0.0011369936369685085,,,-0.0005660912313527611,0.0011264217831262746,0.0005654506754011468,,0.0011264217831262746,-0.0005660912313527611,0.006759987601349771,-0.004603080799334691,-3.203686032016151e-07,0.0033808986116465878,0.004522026015024938,0.0005654506754011468,-0.004603080799334691,0.001633983787036164,0.011832156450641285,0.003351842367934732,0.01236536755121087,-0.02900769473544229,0.008436072982555887,0.0005657708628004077,-3.203686032016151e-07,-3.203686032016151e-07,0.003956889732814606,0.008436072982555887,0.010132529292496195,-0.0034544156976954454,0.003351842367934732,-0.0005660912313527611,0.0016953941791467697,-0.006804395962086485,-0.034767269155772995,-0.049457053244926996,0.02708426948742404,-0.0586302098605791,-0.01826637643224749,-0.033632488889415724,-1.922214698968361e-06,-0.026779840780811526,-0.005101589681486995,-0.0011373143714727973,0.005102800481911696,0.005102800481911696,0.005102800481911696,,-0.0029226725312354596,-0.04434068232529742,0.00570458536860563,-0.02425901367426153,0.003512181738578035,-0.0016998788043438573,0.0005584065007102623,-0.0016985951509627117,0.011296129908537567,-0.0011325033754847613,0.011296129908537567,-9.611064255565793e-07,-0.006210694894730917,-0.0016998788043438573,-0.0011331448389448884,0.0005651304877966057,-0.00226468710779848,-9.611064255565793e-07,-0.0005660912313527611,0.0005584065007102623,,-1.1213023253908716e-05,-3.203686032016151e-07,-0.0016861404731540741,0.0011315419068563815,-0.0005660912313527611,-0.001698274238131292,0.0005657708628004077,0.0005654506754011468,0.003956889732814606,-0.002272393431299813,,,,,0.0011296218666088098,-3.203686032016151e-07,,,,,0.0011296218666088098,-1.922214698968361e-06,-0.0005725022706266625,0.006759987601349771,-3.5240659261859264e-06,0.022566155700483148,0.0020779765090923608,-3.203686032016151e-07,-0.0016998788043438573,0.0028250225620564118,0.0005622487901237871
B3_logratio_MNDWI,-0.021201097772197253,,,0.034249055607327494,0.04783615075274139,0.039865349689893304,0.039865349689893304,,0.054004483815592086,0.054004483815592086,,0.04100987719918381,0.04100987719918381,,-0.04622466584624063,,,-0.05386285254609091,-0.01946514970836488,,-0.021003070624360243,,,-0.052652056293504224,-0.05599806292599352,,-0.006547684055195679,,-0.22049259707190028,0.04896680747644133,0.00028296547821160534,1.0,0.23124816937679016,1.0,-0.1401076486562185,-0.12199273070338879,-0.07670543582131462,-0.012806426031272133,-0.013385384401152667,-0.034778543185657096,,0.040973611199688675,,0.03362582821516702,,0.05859895553685157,,0.13726337086058837,0.09682259136967841,0.023706232641917513,,-0.06066793717030561,,-0.0005670528820063137,,-0.06022372768278772,,0.009614321847513096,,0.001130901894260794,,-0.0011331448389448884,-0.01019614263130375,-0.0017001997182031214,,-0.0011321826440628957,-0.0005660912313527611,,-0.003410372948069673,-0.004540964229254207,,,0.0005654506754011468,,-0.002265971486819174,-0.002265971486819174,-0.0011331448389448884,-0.0011331448389448884,0.0005632093578613606,-0.0017001997182031214,0.0005641699237521891,-0.0050954716138500444,-0.006799880245218715,,-0.002841381457943548,,-0.002843309156929319,-0.0005660912313527611,-0.002841381457943548,-0.0022762466374903756,0.0028211889680811453,-0.000567373432634799,-0.0005680145345083876,-0.0022736778300713745,-0.011328015060022345,-0.0022695035460993385,-0.0022762466374903756,0.0028211889680811453,-0.0005680145345083876,-0.0022736778300713745,-0.00962357559772098,-0.0028307792459927317,-0.0033965501084847194,-0.01075576440797632,-0.0005660912313527611,0.3897108710275894,0.3897108710275894,-0.0005660912313527611,,0.0005654506754011468,-0.014718430956696338,-5.12592228574249e-06,,,-0.0005660912313527611,-0.0011373143714727973,0.0005654506754011468,,-0.0011373143714727973,0.0005657708628004077,-0.03285642314959358,-0.027242023465235077,-0.0011321826440628957,-0.003410372948069673,-0.004532918603371572,-0.001698274238131292,-0.027242023465235077,-0.05835853192644125,-0.030048954902538894,-0.06456285321176303,0.03840043522607861,-0.09126888638610176,-0.015334295130875919,-0.0005660912313527611,-0.0011321826440628957,-0.0011321826440628957,-0.016416719340832442,-0.015334295130875919,-0.04193597116781844,-0.058918901167731574,-0.06456285321176303,-0.0005660912313527611,0.007354717341396477,0.009041878960307281,-0.33704611036429744,-0.23964991726342522,-0.1630842502637253,-0.22619948372086318,-0.2231648913118882,-0.3347784276019947,-0.004529378568811859,-0.13658981272760173,-0.014156558957896692,0.0011264217831262746,-0.0039571626326526665,-0.0039571626326526665,-0.0039571626326526665,,-0.08782018995769447,-0.30924661150049504,-0.09055408233488915,0.038023181739872625,0.09863147348171375,0.0005638497353270822,-0.0028372048022318186,-0.0005667323315829975,-0.08038677046628595,-0.0011325033754847613,-0.08038677046628595,-9.611064255565793e-07,-0.006215061977014713,0.0005638497353270822,-0.0011331448389448884,-0.0005667323315829975,-0.0011328241071120182,-0.0011328241071120182,-0.0005660912313527611,-0.0028372048022318186,,0.0011206615811867326,-0.0011321826440628957,0.0045571032399635,-3.203686032016151e-07,-0.0005660912313527611,0.0005654506754011468,-0.0005660912313527611,-0.0005664117813650726,-0.016416719340832442,-0.0011405217278199764,,,,,-0.004529700389104496,-3.203686032016151e-07,,,,,-0.004529700389104496,-0.004529378568811859,-0.0028362409635467323,-0.03285642314959358,-3.5240659261859264e-06,-0.010260227026426039,0.0009459038789269014,-0.0011321826440628957,0.0005638497353270822,-0.0017024461209762531,-0.0017014833756969772
B3_logratio_NDBI,0.002362213797633128,,,-0.013302573542135931,0.013870734013837982,-0.02353976872681174,-0.02353976872681174,,-0.008269308392836905,-0.008269308392836905,,0.007043284892189083,0.007043284892189083,,0.044969870334173434,,,0.013313959286009314,0.01572472904730482,,-0.01680094934732379,,,0.0645275859721609,0.050241343264507576,,0.019482608992423378,,-0.2397396973967818,0.5709028809923468,0.02066224817514495,0.23124816937679016,1.0,0.23124816937679016,0.19162178635497518,0.18256432737856032,0.3523916831863386,-0.0026160874798115685,0.009260099049152481,0.007110741385315977,,-0.013374991707530981,,0.004187364868470267,,-0.014992226531825192,,0.0072140187314354565,0.22633486349359744,0.08596264679228793,,0.01743887997457283,,0.0005648102999870064,,-0.017203437611302608,,0.014141799233353014,,0.0022627648949471446,,-0.0011331448389448884,-0.0011411632015554396,0.0016953941791467697,,-0.0011321826440628957,-0.0005660912313527611,,-0.0022784943547835557,0.007909684341474543,,,0.0016973131321673662,,-0.0011341070356765126,-0.0011341070356765126,-0.0011331448389448884,-0.0011331448389448884,0.0005632093578613606,-0.0017001997182031214,0.0028278977381943626,-0.0005680145345083876,0.006782580196538102,,-0.0017095063095711183,,-0.006238941129243836,-0.0005660912313527611,-0.0017095063095711183,0.004515009692069194,-0.0017062971205994426,-0.000567373432634799,-0.0005680145345083876,-0.0022736778300713745,0.016968795657941294,0.009049180853066163,0.004515009692069194,-0.0017062971205994426,-0.0005680145345083876,-0.0022736778300713745,0.00282693934799072,0.0028285366639734244,-0.0011328241071120182,0.00509035059953955,0.0005657708628004077,0.1802424315843687,0.1802424315843687,0.0005657708628004077,,0.0016973131321673662,0.0056551683263159624,0.007917948080494175,,,-0.0005660912313527611,0.010181366401522896,0.0016973131321673662,,0.010181366401522896,0.0005657708628004077,-0.01248226904910843,0.020299756133155933,-0.0011321826440628957,-0.0022784943547835557,-0.002269182448772389,-0.001698274238131292,0.020299756133155933,-0.04477532082150293,-0.031180876831003124,-0.044188444537853755,0.094998408432313,-0.013159391406183607,0.020887218184829748,-0.0005660912313527611,-0.0011321826440628957,0.0011315419068563815,0.006220624074330994,0.020887218184829748,-0.013637873091560504,-0.03288455084506148,-0.044188444537853755,-0.0005660912313527611,0.00509098807649655,0.014701262861162245,-0.08910953274382227,-0.11738307610867649,-0.046492836368675405,0.0013777057785767655,-0.09977296798657975,-0.09929588905982767,0.002261805962357477,-0.02564777921434991,0.0005577661162691205,0.011313234478822376,-0.0016921718540114927,-0.0016921718540114927,-0.0016921718540114927,,0.12159368636090429,-0.18811441311696453,-0.035063791541109834,-0.06502554158169493,-0.09047473748380619,-0.0005680145345083876,0.0005584065007102623,0.0016969933071762089,0.00790046693169233,-6.407374117944897e-07,0.00790046693169233,0.001130901894260794,0.00205756024793613,-0.0005680145345083876,-0.0022650082022448448,-0.0005667323315829975,0.001130901894260794,-9.611064255565793e-07,0.0005657708628004077,0.0005584065007102623,,0.020362529856676637,-0.0011321826440628957,0.0029955362957173604,-3.203686032016151e-07,0.0005657708628004077,0.0005654506754011468,-0.0005660912313527611,0.0016973131321673662,0.006220624074330994,0.01696942552785563,,,,,-0.0011341070356765126,0.0011315419068563815,,,,,-0.0011341070356765126,0.002261805962357477,0.00282310576875322,-0.01248226904910843,0.0011283418356763386,0.011246713380859252,-0.00018616875123855792,-0.0011321826440628957,-0.0005680145345083876,-0.0005705789502179481,0.0005622487901237871
B3_logratio_NDSI,-0.021201097772197253,,,0.034249055607327494,0.04783615075274139,0.039865349689893304,0.039865349689893304,,0.054004483815592086,0.054004483815592086,,0.04100987719918381,0.04100987719918381,,-0.04622466584624063,,,-0.05386285254609091,-0.01946514970836488,,-0.021003070624360243,,,-0.052652056293504224,-0.05599806292599352,,-0.006547684055195679,,-0.22049259707190028,0.04896680747644133,0.00028296547821160534,1.0,0.23124816937679016,1.0,-0.1401076486562185,-0.12199273070338879,-0.07670543582131462,-0.012806426031272133,-0.013385384401152667,-0.034778543185657096,,0.040973611199688675,,0.03362582821516702,,0.05859895553685157,,0.13726337086058837,0.09682259136967841,0.023706232641917513,,-0.06066793717030561,,-0.0005670528820063137,,-0.06022372768278772,,0.009614321847513096,,0.001130901894260794,,-0.0011331448389448884,-0.01019614263130375,-0.0017001997182031214,,-0.0011321826440628957,-0.0005660912313527611,,-0.003410372948069673,-0.004540964229254207,,,0.0005654506754011468,,-0.002265971486819174,-0.002265971486819174,-0.0011331448389448884,-0.0011331448389448884,0.0005632093578613606,-0.0017001997182031214,0.0005641699237521891,-0.0050954716138500444,-0.006799880245218715,,-0.002841381457943548,,-0.002843309156929319,-0.0005660912313527611,-0.002841381457943548,-0.0022762466374903756,0.0028211889680811453,-0.000567373432634799,-0.0005680145345083876,-0.0022736778300713745,-0.011328015060022345,-0.0022695035460993385,-0.0022762466374903756,0.0028211889680811453,-0.0005680145345083876,-0.0022736778300713745,-0.00962357559772098,-0.0028307792459927317,-0.0033965501084847194,-0.01075576440797632,-0.0005660912313527611,0.3897108710275894,0.3897108710275894,-0.0005660912313527611,,0.0005654506754011468,-0.014718430956696338,-5.12592228574249e-06,,,-0.0005660912313527611,-0.0011373143714727973,0.0005654506754011468,,-0.0011373143714727973,0.0005657708628004077,-0.03285642314959358,-0.027242023465235077,-0.0011321826440628957,-0.003410372948069673,-0.004532918603371572,-0.001698274238131292,-0.027242023465235077,-0.05835853192644125,-0.030048954902538894,-0.06456285321176303,0.03840043522607861,-0.09126888638610176,-0.015334295130875919,-0.0005660912313527611,-0.0011321826440628957,-0.0011321826440628957,-0.016416719340832442,-0.015334295130875919,-0.04193597116781844,-0.058918901167731574,-0.06456285321176303,-0.0005660912313527611,0.007354717341396477,0.009041878960307281,-0.33704611036429744,-0.23964991726342522,-0.1630842502637253,-0.22619948372086318,-0.2231648913118882,-0.3347784276019947,-0.004529378568811859,-0.13658981272760173,-0.014156558957896692,0.0011264217831262746,-0.0039571626326526665,-0.0039571626326526665,-0.0039571626326526665,,-0.08782018995769447,-0.30924661150049504,-0.09055408233488915,0.038023181739872625,0.09863147348171375,0.0005638497353270822,-0.0028372048022318186,-0.0005667323315829975,-0.08038677046628595,-0.0011325033754847613,-0.08038677046628595,-9.611064255565793e-07,-0.006215061977014713,0.0005638497353270822,-0.0011331448389448884,-0.0005667323315829975,-0.0011328241071120182,-0.0011328241071120182,-0.0005660912313527611,-0.0028372048022318186,,0.0011206615811867326,-0.0011321826440628957,0.0045571032399635,-3.203686032016151e-07,-0.0005660912313527611,0.0005654506754011468,-0.0005660912313527611,-0.0005664117813650726,-0.016416719340832442,-0.0011405217278199764,,,,,-0.004529700389104496,-3.203686032016151e-07,,,,,-0.004529700389104496,-0.004529378568811859,-0.0028362409635467323,-0.03285642314959358,-3.5240659261859264e-06,-0.010260227026426039,0.0009459038789269014,-0.0011321826440628957,0.0005638497353270822,-0.0017024461209762531,-0.0017014833756969772
B3_logratio_NDVI,0.023502607286461696,,,0.0025479695076852105,0.013870734013837982,0.020617367313393586,0.020617367313393586,,0.001920948513996934,0.001920948513996934,,0.0036466256614896553,0.0036466256614896553,,-0.009169199218314716,,,-0.01436590727019249,0.009911054637865346,,0.01319261213720313,,,-0.00546780984505868,0.011005683460167726,,-0.0073696759510131216,,-0.3201246458124636,0.10104719659082673,0.0410415308720784,-0.1401076486562185,0.19162178635497518,-0.1401076486562185,1.0,0.9275403281886813,-0.0699123415890035,-0.0445097015247049,0.02284738911933548,-0.00760711535583658,,-0.026962142434335812,,-0.004870623853590272,,0.011047730200168138,,0.13545304955509263,0.041077553989956495,0.16859388739187064,,0.11478940569137785,,0.003960399845966633,,0.22959717385142864,,0.01866927661919293,,0.0022627648949471446,,0.0033943086142556034,0.007913816228192871,0.000563529546696806,,0.0011315419068563815,0.0005657708628004077,,0.013567805951220868,0.029415350054551537,,,0.0016973131321673662,,0.004525215220036682,0.004525215220036682,0.002262445250955536,0.002262445250955536,0.00622253433318487,0.00509098807649655,0.006223489459857734,0.0016957140051624409,0.023760655748734094,,0.0073454948774079876,,0.0062117094359098735,0.0005657708628004077,0.0073454948774079876,-1.2494527637185726e-05,0.0028211889680811453,0.0028282172011862006,0.0028275782749979106,0.0022538147857619206,0.028287519945126793,0.020367865252231554,-1.2494527637185726e-05,0.0028211889680811453,0.0028275782749979106,0.0022538147857619206,0.00961812931837902,0.003960399845966633,0.003394627895633495,0.008485946672578626,0.0005657708628004077,0.18816826442816614,0.18816826442816614,0.0005657708628004077,,0.0016973131321673662,0.012446368087320137,0.018104757512639735,,,0.0005657708628004077,0.019236311019919405,0.0016973131321673662,,0.019236311019919405,0.0005657708628004077,0.0011005003512150058,0.045202593065646446,0.0011315419068563815,0.013567805951220868,0.011313234478822376,0.0016973131321673662,0.045202593065646446,-0.014213095835391876,0.020887531878355903,0.0010880191819447882,0.18102732770578922,0.03098945358246563,0.07861525503173572,0.0005657708628004077,0.0011315419068563815,0.0011315419068563815,0.013011827098879936,0.07861525503173572,0.021451768522999348,0.010128723601088963,0.0010880191819447882,0.0005657708628004077,-0.0005683350857532687,-1.3135281060616677e-05,-0.16156588419455464,-0.24304621840661267,0.01350080379091334,0.07270786965153564,-0.13146997581326447,-0.15137375816049925,0.006789262316470479,-0.03244014861312028,0.02093144698819116,0.0056538940923245296,-0.009619639579255157,-0.009619639579255157,-0.009619639579255157,,0.32761166198244485,-0.25037862723934,0.06459224090486138,-0.2654609704599087,-0.37243549515095853,0.0016957140051624409,0.005085888237966407,0.002828856126555812,0.0633629622201658,0.002263084538734028,0.0633629622201658,0.003394627895633495,0.005838104861344839,0.0016957140051624409,0.002262445250955536,0.0016969933071762089,0.0022627648949471446,0.0022627648949471446,0.0005657708628004077,0.005085888237966407,,0.03960439813216654,0.0011315419068563815,0.0037007605857645176,0.0011315419068563815,0.0005657708628004077,0.0016973131321673662,0.0005657708628004077,0.0016973131321673662,0.013011827098879936,0.030551885969612447,,,,,0.0011296218666088098,-3.203686032016151e-07,,,,,0.0011296218666088098,0.006789262316470479,0.009614321847513096,0.0011005003512150058,0.0033920736388816097,0.07123975767486557,0.0666061164285271,0.0011315419068563815,0.0016957140051624409,0.007352491245089077,0.008485311370496573
B3_logratio_SAVI,0.016683668700136933,,,0.010473241032595837,0.02179599791958209,0.017220664541070074,0.017220664541070074,,0.010978954653404815,0.010978954653404815,,0.010439944122888623,0.010439944122888623,,0.0008755790357982685,,,-0.0038788079149341126,0.03357608561115699,,0.024148812489619753,,,-0.015674102581669347,-0.005888398282020368,,-0.015433922105831055,,-0.3518257522299155,0.09538628473056743,0.043305895616182144,-0.12199273070338879,0.18256432737856032,-0.12199273070338879,0.9275403281886813,1.0,-0.0812341653095221,-0.03431936297324434,0.040963775879579556,-0.006474972529594281,,-0.016771779389232133,,-0.0014738780828176257,,0.017840762391122977,,0.14886269650211315,0.05447915393601077,0.17198969180007262,,0.13176914854896005,,0.003960399845966633,,0.25337154468040735,,0.019801145965652966,,0.0022627648949471446,,0.0033943086142556034,0.01017756108563006,0.0016953941791467697,,0.0011315419068563815,0.0005657708628004077,,0.013567805951220868,0.03167910434013865,,,0.0016973131321673662,,0.004525215220036682,0.004525215220036682,0.0011305818876553575,0.0011305818876553575,0.008486264323314341,0.00509098807649655,0.006223489459857734,0.0016957140051624409,0.02489252745221382,,0.008477370025780417,,0.008475464084119588,0.0005657708628004077,0.008477370025780417,0.0011193815272894092,0.0005574459237408513,0.0028282172011862006,0.0028275782749979106,0.001121941631803569,0.026023775087689716,0.020367865252231554,0.0011193815272894092,0.0005574459237408513,0.0028275782749979106,0.001121941631803569,0.00735439932824955,0.0028285366639734244,0.003394627895633495,0.008485946672578626,0.0005657708628004077,0.1632585040619453,0.1632585040619453,0.0005657708628004077,,0.0016973131321673662,0.010182634833652005,0.018104757512639735,,,0.0005657708628004077,0.019236311019919405,0.0016973131321673662,,0.019236311019919405,0.0005657708628004077,0.01015567995143063,0.059917905798481774,0.0011315419068563815,0.013567805951220868,0.011313234478822376,0.0016973131321673662,0.059917905798481774,-0.004025687506688191,0.02994290730607052,0.009011400332909592,0.1866871250264126,0.05476190857635377,0.08540678877843055,0.0005657708628004077,0.0011315419068563815,0.0011315419068563815,0.010748092757363659,0.08540678877843055,0.030507159907401937,0.018052221525379886,0.009011400332909592,0.0005657708628004077,-0.0005683350857532687,-1.3135281060616677e-05,-0.13892327436620078,-0.2102153073558004,0.02142449211387787,0.10667461435294456,-0.10882925593706116,-0.12873120637759872,0.006789262316470479,-0.005270671018038131,0.02093144698819116,0.0056538940923245296,-0.010752134968575744,-0.010752134968575744,-0.010752134968575744,,0.32761166198244485,-0.21641632862713522,0.06912206056149639,-0.2654609704599087,-0.37470024019246173,0.0028275782749979106,0.00621775867228036,0.002828856126555812,0.05430786094857831,0.002263084538734028,0.05430786094857831,0.003394627895633495,0.006446287488699243,0.0028275782749979106,0.0033943086142556034,0.0016969933071762089,0.0022627648949471446,0.0022627648949471446,0.0005657708628004077,0.00621775867228036,,0.03960439813216654,0.0011315419068563815,0.0032985272181018654,0.0011315419068563815,0.0005657708628004077,0.0016973131321673662,0.0005657708628004077,0.0016973131321673662,0.010748092757363659,0.030551885969612447,,,,,0.003393350768894021,-3.203686032016151e-07,,,,,0.003393350768894021,0.006789262316470479,0.011878060540433055,0.01015567995143063,0.004523939540484245,0.08482308845841413,0.08132306062067896,0.0011315419068563815,0.0028275782749979106,0.006220624074330994,0.009617177453406955
B3_logratio_UI,-0.006944233292558222,,,0.0025479695076852105,0.010474192339947619,0.008162790481540783,0.008162790481540783,,0.007582202351126832,0.007582202351126832,,-0.01786554946627361,-0.01786554946627361,,0.04228106752119243,,,0.023455356458386034,-0.014219110009108027,,-0.007768690500586928,,,0.07074025827382313,0.0335142234436685,,-0.001348698190145381,,0.14407012672879727,0.5765637928526061,0.012736971570782019,-0.07670543582131462,0.3523916831863386,-0.07670543582131462,-0.0699123415890035,-0.0812341653095221,1.0,0.03135170769172346,-0.00319491684851525,0.0682464540024117,,-0.016771779389232133,,0.012113105000273294,,0.014444246295645558,,-0.10161275180577567,0.09407955938789969,0.04860879830206566,,0.05366233140408161,,0.0005648102999870064,,0.03260952983989085,,0.014141799233353014,,0.003394627895633495,,-1.2814756447099285e-06,-0.002273035630274034,0.0016953941791467697,,-0.0011321826440628957,-0.0005660912313527611,,-0.003410372948069673,0.006777807198681041,,,0.0016973131321673662,,0.0011296218666088098,0.0011296218666088098,-0.0011331448389448884,-0.0011331448389448884,0.0016950743529260404,-0.002832064350652974,0.0016960338309732759,0.0016957140051624409,0.0033869650860989253,,-0.003973256606315978,,-0.002843309156929319,-0.0005660912313527611,-0.003973256606315978,0.013570018131481842,-0.002838168642769645,0.0016963536565791637,0.0005638497353270822,-9.931522154671413e-06,0.0158369232292227,0.009049180853066163,0.013570018131481842,-0.002838168642769645,0.0005638497353270822,-9.931522154671413e-06,0.003958804343055511,0.0005648102999870064,-9.611064255565793e-07,0.007354081314899008,0.0005657708628004077,-0.1798168318910054,-0.1798168318910054,0.0005657708628004077,,0.0016973131321673662,0.007918901579983983,0.004522344936445655,,,-0.0005660912313527611,0.004522026015024938,0.0016973131321673662,,0.004522026015024938,0.0005657708628004077,0.011287577401457582,0.03388312173269614,-0.0011321826440628957,-0.003410372948069673,-0.0034010505260719803,-0.001698274238131292,0.03388312173269614,0.019744931926953924,0.0016448590944623254,0.003351842367934732,0.025948881120707146,0.03778158358071948,0.010699917564787498,-0.0005660912313527611,-0.0011321826440628957,0.0011315419068563815,0.00848435841584727,0.010699917564787498,0.019187920676898784,-5.863087299928793e-05,0.003351842367934732,-0.0005660912313527611,0.0016953941791467697,0.012437509300820215,0.18599817667067753,0.15771731648950837,0.042931646133353096,0.1870625768129457,0.12323812279402369,0.18147175304814056,0.002261805962357477,0.11246373189398429,-0.0028378473623844602,0.009049498324223304,0.0073677912605527585,0.0073677912605527585,0.0073677912605527585,,0.0695232090060095,0.15603687948671074,0.03175104839425724,0.03689077818688835,-0.02026764119720581,-0.0005680145345083876,0.003954017803652343,0.0016969933071762089,0.0237468941569704,-6.407374117944897e-07,0.0237468941569704,0.001130901894260794,0.0037436960490083715,-0.0005680145345083876,-0.0022650082022448448,0.0005651304877966057,-9.611064255565793e-07,0.001130901894260794,0.0005657708628004077,0.003954017803652343,,0.014703156834473763,-0.0011321826440628957,0.0010499717315302082,-3.203686032016151e-07,0.0005657708628004077,0.0005654506754011468,-0.0005660912313527611,0.0016973131321673662,0.00848435841584727,0.01470568212089618,,,,,-2.2425845338513994e-06,0.0011315419068563815,,,,,-2.2425845338513994e-06,0.002261805962357477,0.00282310576875322,0.011287577401457582,-0.002267255869131457,0.02143421146852076,-0.008110677162397328,-0.0011321826440628957,-0.0005680145345083876,0.0028250225620564118,-0.000569617292786484
B3_logratio_VH,-0.018673993956479507,-0.010732874347307186,-0.009334435640248717,0.12970605420740466,0.04406811797170884,0.1181799835430799,0.1181799835430799,,0.10035243586154385,0.10035243586154385,,0.029042245135399436,0.029042245135399436,,0.01790637292901376,,,0.027620895446133442,0.01922583269399125,,0.0007880667810645781,,,0.014079266660765088,0.007669567765484886,,0.0005829053490677971,,0.018896849462160636,0.01776458962310945,0.008706510910700072,-0.012806426031272133,-0.0026160874798115685,-0.012806426031272133,-0.0445097015247049,-0.03431936297324434,0.03135170769172346,1.0,0.07917081709343055,-0.0021076937738548907,,0.1057586236061252,,0.028527370112105932,,0.10788545745606415,0.050233036438765866,0.02135747739339755,0.13609487659555097,0.03172978239612556,,0.026481762619046334,,0.0016430831991123274,,0.03707563999362884,,0.0032809978068865098,,0.0015071997958683303,,0.0019257268159260654,0.0030321926828068557,0.0014458651707752734,,0.0012899893257044548,0.0011623791484289825,,0.002632236871989102,0.005883122761837556,,0.0007001237222299395,0.0017001033370398488,,0.0017819225154230844,0.0017819225154230844,-0.00048769329053222066,-0.00048769329053222066,0.0009845822106026025,-0.000752851750114969,0.0009507514142824691,-0.0001640330046237537,0.0021560813158273406,0.00012648321356678593,-6.375817220738433e-05,-1.100071456150431e-08,-6.388918915023467e-05,0.00012649021313604347,-6.375817220738433e-05,0.005090924928672136,0.0023396510599724696,0.0015811277369369714,0.0018024791440207633,0.001232817661410368,0.0006172679666076597,-4.878421092380236e-05,0.005090924928672136,0.0023396510599724696,0.0018024791440207633,0.001232817661410368,0.00047433280672992684,0.00022135037482540199,0.0004427177496479917,0.0004743298079582514,0.00018973232045793598,0.0532444420719107,0.0532444420719107,-3.0001947592950273e-09,-0.0025931724732290995,0.0002923229889113532,8.964031021185814e-05,0.0005393587513862208,-0.015502232851845266,-3.731053882694013e-05,0.0001916450285098792,0.0007281250184523191,0.0002923229889113532,-5.003592945818092e-05,0.0007281250184523191,3.1620053105752e-05,0.003948279194623816,0.0112908264272632,0.0012899893257044548,0.002632236871989102,0.0016626116290775483,0.0015396056731299401,0.0112908264272632,0.022211568179644647,0.017767942577539664,-0.0033509432365856906,0.01388706491167302,0.024866541645867435,0.006141153830310775,0.0015381098735943732,-0.0023451820798496836,-0.015269929962314244,-0.00013105211280484141,0.006141153830310775,0.02063151785613293,0.020513135259665805,-0.0033509432365856906,-0.0024774377595011554,0.0012119972087730746,0.004848819972739338,0.024820582665645574,0.016655559214728388,0.007689338986831884,0.02262275614482745,0.04025211423697661,0.023263134028982724,0.001408033315105972,0.030084585085928373,0.000992433631835321,0.002498780294645231,0.05652546774786893,0.05652546774786893,0.05652546774786893,0.010941536489497805,-0.0016922104415306727,0.014481405296032923,0.026310456807261406,-0.007514557456577142,-0.013817863786050655,0.0010435447881477211,0.007968883419790185,0.0005375799144715643,-0.006619547018758665,0.000347838591246874,-0.006619547018758665,0.0005692029685945288,-0.01617239443020968,0.0010435447881477211,-0.012428394083211947,0.0005059368692006405,0.0003794306550244375,0.0008221764110462049,9.486215992171587e-05,0.007968883419790185,-0.009071215161752244,1.3414033248615453e-06,0.0012899893257044548,0.001466215445255159,0.0015847200259021532,-0.0023787439428601953,0.0007769052455325332,-0.015528404734412193,0.0006969549640457595,-0.00013105211280484141,2.49610310583126e-05,0.0014784322734824329,0.0024253802688423143,-0.049964995995012806,0.0017742504618087906,0.001690479924524535,0.0006911242408084162,0.001581965154970777,0.0014784322734824329,-0.00020643229114125639,-0.049964995995012806,0.001690479924524535,0.001408033315105972,0.004774999778473177,0.003948279194623816,0.0038579459786757253,0.014845871325968374,0.035824012300652464,0.0012899893257044548,0.0010435447881477211,0.002548188643809235,0.0015494976917833636
B3_logratio_VV,-0.023154375457095755,-0.01238218374137312,-0.009767460740663925,0.04672453844578506,0.17069082723600937,0.03972590186873881,0.03972590186873881,,0.14688426609169036,0.14688426609169036,,0.16895953271539754,0.16895953271539754,,0.03350081062772581,,,0.019661758928812056,0.011948239994386878,,0.0012027103008445117,,,0.0440676723345802,0.03370988870853109,,0.001829779200164583,,-0.013385384401152667,0.00359872818657625,0.00359872818657625,-0.013385384401152667,0.009260099049152481,-0.013385384401152667,0.02284738911933548,0.040963775879579556,-0.00319491684851525,0.07917081709343055,1.0,0.0175219164892082,,0.10273373284427612,,0.12184846808404581,,0.14532833651923394,0.07297426233212567,0.09045197531110116,0.21195004168883902,0.027116264111437638,,0.03301206563995829,,0.0019812354647047448,,0.04332437417071544,,0.005271860854148547,,0.0005374240183938506,,0.001740014287247793,0.003238151726935534,0.0009303911932380116,,0.0007748589527322158,0.0009731866979927339,,0.0075937945442825505,0.004154817075073702,,0.00024538254824924,0.0021008941025209005,,0.002381359255978044,0.002381359255978044,-0.0010052022326119125,-0.0010052022326119125,0.0031464590070108267,-0.0004235926059248385,0.0016829886518527903,-0.00022525644939475065,0.0020461841181292906,0.0002529774278481334,0.0020233974070794636,0.00012648321356678593,0.00265573813409381,0.00012649021313604347,0.0020233974070794636,0.00635586765149887,0.0011379554450453577,0.0013281392985072804,0.002181961806788757,0.0007900876942527058,0.0021898537837298226,0.0003473761796538577,0.00635586765149887,0.0011379554450453577,0.002181961806788757,0.0007900876942527058,0.0004110856989884004,0.00041109169691155856,0.00025297642803634446,0.0004110827000269879,6.323810642971939e-05,0.03996241473776019,0.03996241473776019,6.324410643987477e-05,-0.0025931724732290995,0.0004900521042653372,-0.000991476352052878,0.0008708540278967725,-0.015502031503564107,0.0005509993529296819,0.0006498175235316594,0.001189666738492412,0.0004900521042653372,0.0005922956221143805,0.001189666738492412,3.1620053105752e-05,0.0070954269781962065,0.01631153082593917,0.0007748589527322158,0.0075937945442825505,0.0031870099250230766,0.0012887727513800629,0.01631153082593917,0.03150358757283822,0.028740775973713162,0.0022607512322322387,0.014176538236364111,0.03465199174083722,0.014786695665250482,0.0014806134158215079,-0.0024750159944639805,-0.015138972518602412,-0.0014051749814076864,0.014786695665250482,0.02661347676125636,0.028437597773860235,0.0022607512322322387,-0.002477135821025822,0.0009608272731118639,0.004176591036865074,0.040181668948575444,0.02107892281753232,0.009938382925488987,0.038302191842520594,0.036607248517223856,0.03759096717254051,0.0003750308595447116,0.03974899462986492,0.0021182516603589496,0.003161829242766534,0.07406169937134999,0.07406169937134999,0.07406169937134999,0.012613161884548973,-0.0009185431875637917,0.016125833704600634,0.024022188663510913,-0.0029576584072870116,-0.009133228644692348,0.0012965332221499537,0.009170578747493385,0.00047433280672992684,-0.002002461351807039,0.0006008270222130907,-0.002002461351807039,0.00012647321418246538,-0.016439818124847072,0.0012965332221499537,-0.012301899828133678,0.00044268976022576734,0.00031618354529050485,0.000505940867436605,0.0001581092669041828,0.009170578747493385,-0.007206151724400867,-0.00011650570650489911,0.0007748589527322158,0.0016151815397792424,0.0006136939318045487,-0.0025086629779731417,0.0009788197475042448,-0.015332320541360023,-1.0331162054288967e-05,-0.0014051749814076864,-2.827596704224611e-05,0.0011648010073852522,0.0011640231125492617,-0.050126831340009614,0.00038343732632017957,0.0021444503275346305,0.0006277649214676551,0.0008404336644813881,0.0011648010073852522,2.4531983847220218e-05,-0.050126831340009614,0.0021444503275346305,0.0003750308595447116,0.004269022847217641,0.0070954269781962065,0.004110934436839853,0.022979433344325062,0.04847350539913842,0.0007748589527322158,0.0012965332221499537,0.0028213394076441745,0.0016759919118204403
B3a_LogRatio_VH_faithful,5.900488310894847e-05,0.08344555515890884,0.08463397016326857,-0.01246966055904597,0.002912255101918282,-0.027690624712963352,-0.027690624712963352,,-0.019452623713260175,-0.019452623713260175,,0.004424707309316767,0.004424707309316767,,0.021554591621185892,,,0.03484983129289243,0.02224311379733923,,0.00039416918825108116,,,0.016864423212140878,0.006171226960390519,,-0.00018097170695785536,,0.01730002682149856,0.03201788356265123,-0.018928543618261795,-0.034778543185657096,0.007110741385315977,-0.034778543185657096,-0.00760711535583658,-0.006474972529594281,0.0682464540024117,-0.0021076937738548907,0.0175219164892082,1.0,,0.0742546376583626,,0.022316615730546885,,-0.008736783863915631,0.06084863381786776,0.021880705506293507,-0.02871167179510503,0.01536217966155562,,0.026604156958197178,,0.004303420738928865,,0.02677090057367515,,0.012228161023079331,,0.00406913386356611,,0.003930242406045448,0.0023138940838788313,0.0015895615396412932,,0.003947325459332962,0.0038170903600815986,,0.00937908493265005,0.009572127975335465,,0.00022070909217153378,0.0037677874062217453,,0.005399752289408033,0.005399752289408033,-0.00180094461813618,-0.00180094461813618,0.003336195445803103,-0.002057986708990711,0.003928976645072968,0.00046403713757237064,0.0029046614798643455,-0.00012872808669617264,0.0015440720030936994,-1.1390674625744168e-08,0.001737011730070681,-0.00012872083715187443,0.0015440720030936994,0.0006109184214464491,-0.0027357349159782274,0.0005148150290823494,0.0002251884750209543,0.0008039604472638295,0.0019924046321576627,0.0021710613388773448,0.0006109184214464491,-0.0027357349159782274,0.0002251884750209543,0.0008039604472638295,3.215794624589208e-05,-0.00022526923383425768,-0.00012872912234529466,-3.2203509045647394e-05,6.43490282344894e-05,-0.0973531538713095,-0.0973531538713095,-0.00012871980150275242,-0.0026387348065646243,0.001670203655525504,-0.009358426259441721,0.0023643624161657772,-0.0027253522400110253,0.0013484983795143402,0.001509579211981027,0.002301753863033662,0.001670203655525504,0.0023510900111164412,0.002301753863033662,-9.654114557200444e-05,0.0007158214096387727,0.028095138594917413,0.003947325459332962,0.00937908493265005,0.009370925554035181,0.005965651226667479,0.028095138594917413,-0.002048710246678187,0.01474001650594936,0.03473216185044525,0.01438259664504593,0.04011216200838841,0.027449197361821498,0.0047486584314099245,-0.002823833787071406,-0.0026945122532797683,-0.009209562687729989,0.027449197361821498,0.008612625621978731,-0.0045255835378374965,0.03473216185044525,-0.0028231458445768798,0.0030240476422881413,0.006534687593847788,0.009229711791418072,-0.01365325284601715,-0.002810890288365453,-0.018013888822618895,0.025440251267786262,0.00756612987822991,0.004479081622204117,0.03751131758135984,0.0021359639076030668,0.0027272482535506404,-0.007086158325109393,-0.007086158325109393,-0.007086158325109393,-0.08258630021401303,-0.04627528985568219,0.002893843759938286,-0.08139455193839185,0.07663553868056716,0.06411313269642382,-0.00028964622676319607,0.0016730544482342902,3.215794624589208e-05,0.06100203155708972,9.651629488982572e-05,0.06100203155708972,-0.00012873844318805894,-0.018700644551576273,-0.00028964622676319607,-0.0027997163508333145,-0.00025747482041027503,-0.00019312889905798158,-0.00012875397792666554,-0.00016090467149521004,0.0016730544482342902,0.07520202474518134,0.0035868757427126585,0.003947325459332962,0.005787113557149892,0.003785101066777541,-0.002791159443347624,0.003169102580914074,-0.0025658784854960537,0.0041217265066278985,-0.009209562687729989,0.003945832518125636,0.0001766198930022167,0.005398139259261248,-0.008524851759704966,-0.002611744040637909,0.003691016876792408,0.001449898392012261,0.00481411534921361,0.0001766198930022167,-0.000617048455666902,-0.008524851759704966,0.003691016876792408,0.004479081622204117,0.001383541598365512,0.0007158214096387727,-0.0004184344061457512,0.03026929673672074,0.00865037147732417,0.003947325459332962,-0.00028964622676319607,0.0028184286358304833,0.0002251957220000822
B3a_LogRatio_VH_faithful_bldg,,,,,,,,-0.01829367147000638,,,-0.00970004490316434,,,0.010109454972714982,,0.01772961570401632,0.031709619033654546,,,0.02194818058216952,,0.00032640273478357074,0.007656139606757262,,,0.004415115915249457,,0.0003979614945546217,,,,,,,,,,,,,1.0,,0.06153379714383145,,0.011824630918955026,,,,,,0.014246052491491024,,0.027178213455492095,,0.017890816267406295,,0.01442196082864533,,0.02704051530020235,,0.024669283499449524,,,,0.03368941728805808,,,0.00920763915963052,,,0.006104325674760602,,,0.023751929120867432,,,,,,,,,,,,,,,,,,,,,,,,,,,,,,,,,,,,,,,,,,,,,,,,,,,,,,,,,,,,,,,,,,,,,,,,,,,,,,,,,,,,,,,,,,,,,,,,,,,,,,,,,,,,,,,,,,,,,,,,,,,,,,,,,,,,,,,,
B3a_LogRatio_VV+VH_faithful,-0.014045996768783597,-0.04412356263002626,-0.048253637699888774,0.070682664485755,0.062187247069072304,0.026371256847588342,0.026371256847588342,,0.040723399214258604,0.040723399214258604,,0.019098646590037904,0.019098646590037904,,0.016838492959713847,,,0.015149690991037912,0.008015136266212974,,0.0010649487074316788,,,0.03063743557366716,0.013197433532937897,,0.0012357561945842699,,-0.05073965620624432,-0.020168567070933285,0.026254197912316646,0.040973611199688675,-0.013374991707530981,0.040973611199688675,-0.026962142434335812,-0.016771779389232133,-0.016771779389232133,0.1057586236061252,0.10273373284427612,0.0742546376583626,,1.0,,0.49735322025248974,,0.08812408701464958,0.01877093532344054,0.03670502553306498,-0.0004096670033142402,-0.007884423193881274,,0.015777348569054106,,0.0037687988000810746,,0.0023057485852368,,0.011665534683175327,,0.003496420150577717,,0.0033062653401673137,0.0009010318490209057,0.001963802150169669,,0.0030375794832872005,0.0037530829061007687,,0.004535337602526224,-0.004984515966572012,,0.0006203849351471558,0.0037291904657774655,,0.003835303618991426,0.003835303618991426,-0.0026861228800620918,-0.0026861228800620918,0.0027273676627112,-0.002881949077427448,0.006280911649107934,-0.00047691655992454507,0.005609520418058511,0.0001287053053466991,0.0002569043764378831,-1.1390674625744168e-08,-0.0006442487022668697,-4.142063358969494e-09,0.0002569043764378831,0.002477311399891158,-0.0002901164873778672,0.0003860983278626273,0.0002895468265304846,9.601825956739862e-05,0.0010301112227119047,0.0013789994132258343,0.002477311399891158,-0.0002901164873778672,0.0002895468265304846,9.601825956739862e-05,-0.0001609170996856868,0.00016088085562948606,-1.2426190520997693e-08,-3.2203509045647394e-05,-6.436766752049294e-05,0.02956279694738928,0.02956279694738928,-6.436145402521909e-05,-0.0025743764565546723,0.0014356635444394694,-0.00216994903311285,0.0017693696317068186,-0.0026603083922693838,0.0007848086982108482,0.0009476094237287347,0.0018333313730101164,0.0014356635444394694,0.0019027263913172776,0.0018333313730101164,-3.218279806116442e-05,0.0014444543333681503,0.014183899319741733,0.0030375794832872005,0.004535337602526224,0.006113688683649254,0.005549624773959261,0.014183899319741733,-0.0008512592559546395,-0.00383695888756308,0.01879646688883785,0.013579534248533975,-0.009500840424236046,-0.00124786087824158,0.003788646990135369,-0.0027570589309762195,-0.0027570589309762195,-0.0020009987943760965,-0.00124786087824158,-0.006949110561613958,-0.006738812085724133,0.01879646688883785,-0.0027574078795342682,0.001226627038718342,0.0006659675239027996,-0.024132452049864028,0.01675692405383422,0.003915811366284827,-0.015134608128127391,0.002232473159066939,-0.022796260228417742,0.003664187313750955,0.005557017504312922,0.0007957125960011968,0.001717103423739652,0.0009150938542910048,0.0009150938542910048,0.0009150938542910048,0.04423387527239009,0.0078081761005561745,0.01718142955257329,0.06764834778626039,-0.038357447920903676,-0.04115202872716939,9.650386989823456e-05,0.0010294708061818758,-3.2200402397819516e-05,0.0444617657661488,9.651629488982572e-05,0.0444617657661488,6.433660284332898e-05,-0.01823102290734613,9.650386989823456e-05,-0.004473033594046383,-0.0001287581205235977,0.00012866285465762406,-6.43956282497804e-05,3.2170372037176875e-05,0.0010294708061818758,-0.033431096552841266,0.004486484250014744,0.0030375794832872005,0.0048542009378447215,0.003590400253593362,-0.0024647137922126916,0.0031037395796212897,-0.002691705658145027,0.004412589679826051,-0.0020009987943760965,0.003932287587570249,6.073872464096297e-06,0.004677021526752534,-0.009039952743349344,-0.00013994700107788915,0.00022356242749765887,-0.00022684667612571374,0.006985807455425541,6.073872464096297e-06,-0.0002642427093779709,-0.009039952743349344,0.00022356242749765887,0.003664187313750955,-0.0008690009237275476,0.0014444543333681503,0.00048258255044242304,0.011890450139107167,-0.00010241519317832903,0.0030375794832872005,9.650386989823456e-05,-0.001497580624740813,-0.00022531273530113083
B3a_LogRatio_VV+VH_faithful_bldg,,,,,,,,0.0318663567078441,,,0.04817207853419769,,,0.03128390117255608,,0.026932161018332623,0.017709504464166304,,,0.0141586045111457,,0.0011656029052290462,0.030230562547001294,,,0.019663993369106403,,0.0014787015493362698,,,,,,,,,,,,,0.06153379714383145,,1.0,,0.49028019002823797,,,,,,-0.02674244477722998,,0.005904437006126528,,0.00015315922257175263,,-0.006832646642306761,,0.0020211205838277513,,0.002414209591148575,,,,-0.004746157023259423,,,0.011012211393922944,,,-0.009278052506566548,,,-0.0014710960910588877,,,,,,,,,,,,,,,,,,,,,,,,,,,,,,,,,,,,,,,,,,,,,,,,,,,,,,,,,,,,,,,,,,,,,,,,,,,,,,,,,,,,,,,,,,,,,,,,,,,,,,,,,,,,,,,,,,,,,,,,,,,,,,,,,,,,,,,,
B3a_LogRatio_VV_faithful,-0.011967314380266103,-0.05322126773341429,-0.055112707685720075,0.02041798502755865,0.07158371702260591,0.004231629160886152,0.004231629160886152,,0.022445334496167257,0.022445334496167257,,0.025534584871055976,0.025534584871055976,,0.016378343101262183,,,0.01158951800347885,0.008017497819205133,,0.0011374028901504074,,,0.02681307588560311,0.013695999668367431,,0.0013939648247713876,,-0.013928612575650812,-0.004870623853590272,0.05400630283980323,0.03362582821516702,0.004187364868470267,0.03362582821516702,-0.004870623853590272,-0.0014738780828176257,0.012113105000273294,0.028527370112105932,0.12184846808404581,0.022316615730546885,,0.49735322025248974,,1.0,,0.05690978643252054,-0.0045537519755229905,-0.0054221357411485815,0.0013256638275839228,-0.0029096643169930214,,0.01616026523646963,,0.004085451507854887,,0.007359302287815894,,0.00865150843521667,,0.0032960503727232915,,0.003234867017200216,0.0025200167204012525,0.002090014529928852,,0.0025133253668159217,0.003228451538024979,,0.004617163630016519,-0.0010737536769385159,,0.00042458595917160835,0.003917453843156449,,0.0035668034676707983,0.0035668034676707983,-0.002492663231429937,-0.002492663231429937,0.0020700545363387945,-0.002233384083554446,0.005100047778618166,-0.00034908886654760884,0.003711751081712178,0.0001287053053466991,0.00038562113910345364,6.434695733603668e-05,0.0005785607089334732,6.435420548078774e-05,0.00038562113910345364,0.0022842362641899427,-3.268296857794617e-05,0.0005148150290823494,0.0008687719901163682,-0.0005475655474291852,0.000959815974722944,0.0018302808066736898,0.0022842362641899427,-3.268296857794617e-05,0.0008687719901163682,-0.0005475655474291852,-0.0001609170996856868,0.00016088085562948606,0.00019306261804152847,3.215483979823741e-05,6.43490282344894e-05,0.02776074490736713,0.02776074490736713,6.435524092995859e-05,-0.0025743764565546723,0.0013039330606373634,-4.076316680090564e-05,0.0015056590428979,-0.0025953574460435558,0.0008484454252869478,0.0008161823086979547,0.0018297378886212856,0.0013039330606373634,0.0022740700970135252,0.0018297378886212856,-3.218279806116442e-05,0.002343350891036877,0.011067400783818848,0.0025133253668159217,0.004617163630016519,0.006226372604176467,0.00450252792065875,0.011067400783818848,1.1350286017397515e-05,-0.0015380591466811477,0.0192439411077564,0.017496818315171025,-0.0030627434823182753,0.004285777552158532,0.0026785293816040667,-0.0027572143819456496,-0.002432318965155167,0.00012670637470113544,0.004285777552158532,-0.0019298948175914266,-0.00022192301136847448,0.0192439411077564,-0.0025625497871766267,0.002130599954990653,-7.373772752705676e-05,-0.0031333417958452348,0.024541945033890622,0.002662191829694849,0.008855611458549073,0.005014729091317616,-0.0004354164889435186,0.0032676723459407198,0.0032858752161792903,0.0016945764859557233,0.000865835704440765,-0.008235618757679752,-0.008235618757679752,-0.008235618757679752,0.053286926862109674,0.020463965803238948,0.01344863686801101,0.06796419490455108,-0.0469316924137857,-0.04667637367477062,0.0002252205687853781,0.002574071547107759,9.651629488982572e-05,0.041243815223164115,0.00016087464353364833,0.041243815223164115,0.00019305330019769862,-0.0181967539268324,0.0002252205687853781,-0.00389380839447262,-6.439977058003699e-05,0.00032173790688705406,-6.43956282497804e-05,-3.2187975806952096e-05,0.002574071547107759,-0.03797241277761332,0.0032428184824130346,0.0025133253668159217,0.004480880787876673,0.0034557410897154694,-0.0024649448212146208,0.002579208162247437,-0.0023670672796549663,0.004145554434903609,0.00012670637470113544,0.0034039526500300177,0.0003278045757896253,0.005874815736370387,-0.008462195721032018,-0.0024711092121725287,0.000518204836348013,0.0007441347600962711,0.006379481897566763,0.0003278045757896253,-0.0002713178451725362,-0.008462195721032018,0.000518204836348013,0.0032676723459407198,0.0001607328006578701,0.002343350891036877,0.0007400159666105521,0.010467515918999415,0.006011663731069761,0.0025133253668159217,0.0002252205687853781,-0.00117865685527474,-3.223768217197609e-05
B3a_LogRatio_VV_faithful_bldg,,,,,,,,0.005428490790497453,,,0.027486837606388037,,,0.03474684065709788,,0.020342500848362755,0.008878752371852316,,,0.010241652292803938,,0.0012380762582405724,0.02422552828597424,,,0.01709855559205742,,0.0012548454952154842,,,,,,,,,,,,,0.011824630918955026,,0.49028019002823797,,1.0,,,,,,-0.0030064822676469927,,0.016136277077988037,,0.017451398336307267,,0.01207661637416102,,0.01382877373348479,,0.012132790720949749,,,,0.010052897168132624,,,0.016597148341411017,,,0.004339804639451272,,,0.013421175798109308,,,,,,,,,,,,,,,,,,,,,,,,,,,,,,,,,,,,,,,,,,,,,,,,,,,,,,,,,,,,,,,,,,,,,,,,,,,,,,,,,,,,,,,,,,,,,,,,,,,,,,,,,,,,,,,,,,,,,,,,,,,,,,,,,,,,,,,,
B4_step1_card,0.00022998691183595543,-0.0005687975865060757,0.005161702922814704,0.540123017452183,0.5424631973936311,0.3498093368433848,0.3498093368433848,,0.4976428387756535,0.4976428387756535,,0.35334910288878085,0.35334910288878085,,0.03129953889829107,,,0.0036129812537134542,0.009902994296174472,,0.0008169086979216145,,,0.03546574479549924,0.03630272862988637,,0.0013123811370714389,,-0.00933136637269616,0.0031225259773876024,0.012179902231993944,0.05859895553685157,-0.014992226531825192,0.05859895553685157,0.011047730200168138,0.017840762391122977,0.014444246295645558,0.10788545745606415,0.14532833651923394,-0.008736783863915631,,0.08812408701464958,,0.05690978643252054,,1.0,0.40837867824160257,0.5919763441471667,0.335697023115635,0.0500127689716261,,0.041244707467812614,,0.0030268957080885617,,0.05098389587907648,,0.00847146668143317,,0.0010887521944388245,,0.0026042953928414603,0.003643320563912922,0.0022687808191570458,,0.0009421325651383095,0.0012690184112852387,,0.007661064933471073,0.004238631068545606,,0.0008245986579659137,0.0023786644553149827,,0.0038130669108285,0.0038130669108285,-0.00037200207751508785,-0.00037200207751508785,0.002046817068176887,-0.0005054925653869002,0.004336836331584437,8.129850741367406e-05,0.00376979555690804,0.0003794716421293698,0.0005054660766889985,0.0002529774278481334,0.0010745594577891149,6.32431064381267e-05,0.0005054660766889985,0.0031935108444319793,0.003225110986760815,0.0005059268736105071,0.0010435138184847759,0.002687501839214068,0.0024698133776520637,0.0005170273226774436,0.0031935108444319793,0.003225110986760815,0.0010435138184847759,0.002687501839214068,-9.489116294369992e-05,0.00034784458954950637,-0.00018975332239090648,-0.0003478825951483966,-6.325610759860822e-05,0.02162056746679053,0.02162056746679053,-6.325010682939336e-05,-0.0025931724732290995,8.925555351368963e-05,-0.0007872001698390196,0.0008434095544243014,-0.015502975601038527,2.124495352240352e-05,0.0001194674274980212,0.0010982494694160572,8.925555351368963e-05,0.0010807092350807457,0.0010982494694160572,3.1620053105752e-05,0.005695032424253177,0.010174303181664679,0.0009421325651383095,0.007661064933471073,0.00643863568879488,0.0016332715972686707,0.010174303181664679,0.03212146143214045,0.02875307630316626,-8.954341026434776e-05,0.03237369913766508,0.01883180354905445,0.008316902945458837,0.0014448352432128164,-0.0024770302773069464,-0.015337214297948654,-0.0006918815660597044,0.008316902945458837,0.02054218361474114,0.030760361417233928,-8.954341026434776e-05,-0.002543527292665937,0.002606313283474271,0.0069587694444464,0.028550211151769034,0.03196511427840998,0.0024319965774136643,0.03231978788644185,0.06181111531573058,0.029958720895194024,0.0023469361322800975,0.030939279068556202,0.003913814657140691,0.0045357803605659,0.10159094489379361,0.10159094489379361,0.10159094489379361,0.0005726413947392262,0.0386668517625659,0.0024644284641913705,0.014002509594807644,-0.024493742169538146,-0.033561796810042344,0.0015495216561521863,0.005312504274341157,0.00047433280672992684,-0.00864347498235385,0.00047433280672992684,-0.00864347498235385,0.0003162145375018577,-0.01676638584451773,0.0015495216561521863,-0.012365146955672701,0.0006324310871504979,0.0006956662036942118,0.0007589293023243515,0.0004110976948342726,0.005312504274341157,0.004157626121649938,0.0014495627466888372,0.0009421325651383095,0.0030746587107394197,0.0012357741836745983,-0.002380327333385557,0.00029847012806039075,-0.015270704680901526,0.0013764207952127183,-0.0006918815660597044,0.0018650363605674514,0.0025211268679733445,0.004043350127356793,-0.049907338426912196,-0.0009760275061414525,0.0013360078619244486,3.7406962594466187e-05,0.0023687120304664022,0.0025211268679733445,-0.00022192976879864545,-0.049907338426912196,0.0013360078619244486,0.0023469361322800975,0.006039942106612184,0.005695032424253177,0.005818606529447878,0.013166536128286777,0.04372994548720621,0.0009421325651383095,0.0015495216561521863,0.003346697062137305,0.0018657332418762218
B4_step2_card+coh,0.06734104615069103,0.5771772793575589,0.577988005719275,0.31691144639569424,0.3552126733719013,0.21220263498332792,0.21220263498332792,,0.30639054222926254,0.30639054222926254,,0.24872734941632169,0.24872734941632169,,-0.017716521772286997,,,0.009008399275382106,0.005322902638084659,,-0.0012718259235107165,,,-0.04155231427133943,-0.030990779292160653,,-0.0024567715418268854,,,,,,,,,,,0.050233036438765866,0.07297426233212567,0.06084863381786776,,0.01877093532344054,,-0.0045537519755229905,,0.40837867824160257,1.0,,,0.06119907765354671,,0.042296766540718456,,0.0037283699339025755,,0.06868307789561356,,0.011944819098153259,,0.00258949897484384,,0.0025020146723786496,0.0023815156822242223,0.002408957085984653,,0.0018226573900737009,0.002403680010198306,,-0.006554256734755182,-0.003152658178048995,,0.0011949988826217561,0.0036247407099619933,,0.002055839655171865,0.002055839655171865,0.000494201885287815,0.000494201885287815,0.0028778838842087318,6.775746406650907e-05,-0.001317505305685751,-0.0013128625312901487,0.002184302926667603,0.00019302336459525726,-0.0008506293532049014,-2.0869485695129697e-08,-0.0016617249213690677,-3.861898307810918e-05,-0.0008506293532049014,0.0003464323284563253,-0.0010049801745324327,0.00034736814973357344,0.00046315655645357,0.0009253779687573571,0.002973804269622904,0.0014787630805443985,0.0003464323284563253,-0.0010049801745324327,0.00046315655645357,0.0009253779687573571,-0.00015445804625446868,-0.0002702911482168613,-0.00030889224166785745,7.718132236567143e-05,-3.861003866756363e-05,-0.25606905225097987,-0.25606905225097987,-0.00019305019448911942,,0.0006838756516671651,-0.028635561181168834,0.0013607281529172122,-0.015636767372728233,0.0006852852652911023,0.000917828197384285,0.0014815801184380195,0.0006838756516671651,0.0022624863687115138,0.0014815801184380195,-0.00015444015536103528,0.00023246526462272765,0.0007235969565483336,0.0018226573900737009,-0.006554256734755182,0.0032484399767257477,0.004318896282010876,0.0007235969565483336,-0.022126526856778073,-0.029102476672483002,-0.052132976823943133,0.01837518832586338,0.057534261721020497,0.0007669038169580977,0.0036784915118956985,-0.00015702489751201476,-0.01594946190997759,-0.028967927293658047,0.0007669038169580977,-0.026554214864564774,-0.036144217022264113,-0.052132976823943133,-0.00019531125729321808,0.00364301232914932,0.009332679876927319,-0.08732718071368395,-0.22262965216020625,-0.01904843799804956,-0.20934759379943557,0.013028684135691804,-0.07865852420888997,0.002426138334438277,0.03073194519894229,0.002087795420078864,0.0011689338217883982,0.08666666234964404,0.08666666234964404,0.08666666234964404,-0.5771658462308518,-0.22020317962199032,-0.14737638557544086,-0.4141235476410665,0.36345828329423113,0.32860715758195924,0.00011577943814455871,0.0011962768726737627,-0.0002316990003283781,-0.22441948856241045,-0.0002316990003283781,-0.22441948856241045,-0.00011586887845482785,0.010551571204238774,0.00011577943814455871,-0.013243543036057792,-0.0002703597379241085,-0.0007336862277287359,-0.00057921920298587,-0.0004247104316745798,0.0011962768726737627,0.4595342954964601,0.0011519195613588495,0.0018226573900737009,0.005210832682358557,0.0021331928262346977,-0.00023430302200777575,0.0014710161443772796,-0.01594946190997759,0.002411362315558274,-0.028967927293658047,0.0018144804155036942,0.00025987377142422385,0.0011960022843219287,-0.04486084491693054,0.003488439699515955,,,-0.00015368472249099874,0.00025987377142422385,-0.0005285942006578725,-0.04486084491693054,,0.002426138334438277,-0.0003477408730661047,0.00023246526462272765,0.0027409854010597146,-0.00620430703622632,-0.009471269548994021,0.0018226573900737009,0.00011577943814455871,0.002161277050865773,0.00030876406825197655
B4_step3_card+coh+optical,0.03186834715601139,,,0.3744281071305693,0.40307785050927847,0.1077481874628462,0.1077481874628462,,0.08398881438767869,0.08398881438767869,,0.03861906549711591,0.03861906549711591,,-0.054786272466228025,,,-0.09104998393302477,0.004137073711762085,,0.0134232776499007,,,-0.0924908737334107,-0.06724145314395824,,-0.01699387963714072,,-0.11686885469774211,-0.03201992856655367,0.008541661927617628,0.13726337086058837,0.0072140187314354565,0.13726337086058837,0.13545304955509263,0.14886269650211315,-0.10161275180577567,0.02135747739339755,0.09045197531110116,0.021880705506293507,,0.03670502553306498,,-0.0054221357411485815,,0.5919763441471667,,1.0,0.4569967694967695,0.013411995843530478,,0.04449698626555543,,,,0.10099125364431483,,,,,,0.005042031120914836,0.02679788297292396,0.005025082828695626,,,,,-0.010215728474000763,0.006700167504187671,,,,,0.005036381754330299,0.005036381754330299,-0.001697720568821559,-0.001697720568821559,0.0016693305927544255,0.008386541786498225,0.005036381754330299,-0.0033954893365735206,-2.2712174293282317e-05,,-0.005104720588944955,,-6.813961807727864e-05,,-0.005104720588944955,0.008347126913238245,-0.00845472689642257,-0.005059065009837216,-0.003372700431524045,0.0016239803986700663,0.003361344537815003,,0.008347126913238245,-0.00845472689642257,-0.003372700431524045,0.0016239803986700663,,-5.677946854465432e-06,,-5.677946854465432e-06,,,,,,,,,,,,,,,,,0.07531917915216935,0.02293103644193939,,-0.010215728474000763,0.016784773326065316,,0.02293103644193939,0.09854604659356647,0.06684731974458613,0.046515459700237405,0.05026778057327208,0.06251990355306847,0.05850291832938059,,,0.003361344537815003,0.0016749990773308188,0.05850291832938059,0.04659671289221168,0.05321083194127196,0.046515459700237405,,0.0016806674975371472,0.010011072939439591,-0.00814441239203667,0.015340140413836134,-0.006161664104043396,0.028912615663278518,0.0026182256967469675,-0.01149873707531146,0.0016806674975371472,0.08052599085604395,0.005042031120914836,-0.003372700431524045,,,,,0.0636966189391659,-0.005058978690191562,,-0.033624789951866685,-0.04358003246290987,-5.677946854465432e-06,0.0016409872042744134,,,,,,,-5.677946854465432e-06,-0.0016863454282722845,0.0016806674975371472,0.0016806674975371472,0.0016806674975371472,,0.0016409872042744134,,,,0.0016806674975371472,,,,,,0.0016749990773308188,,,,,,0.008380911282148795,0.0016806674975371472,,,,,0.008380911282148795,0.0016806674975371472,0.0033500266866532957,0.07531917915216935,0.0033500266866532957,0.06500623584860099,0.1033843775223674,,-5.677946854465432e-06,-5.6782370209784716e-05,0.0033387085784370996
B4_step4_all+methods,0.011663860487962863,,,0.21255505668457098,0.26480774808487406,0.2089487711154535,0.2089487711154535,,0.2965438961319743,0.2965438961319743,,0.23089525239769282,0.23089525239769282,,0.046494819488760664,,,-0.013479196821867045,0.05236486486486491,,0.016891891891891886,,,-0.014937509239989488,0.02826804645056602,,0.010092730891924417,,0.058590904952658396,0.15347384944377462,0.2412308637201156,0.09682259136967841,0.22633486349359744,0.09682259136967841,0.041077553989956495,0.05447915393601077,0.09407955938789969,0.13609487659555097,0.21195004168883902,-0.02871167179510503,,-0.0004096670033142402,,0.0013256638275839228,,0.335697023115635,,0.4569967694967695,1.0,0.016779190396965515,,0.041126605264728444,,,,0.009909692099836498,,,,,,0.005042031120914836,0.013327957477739516,0.005025082828695626,,,,,-0.003480956950840719,0.010067285580444674,,,,,0.005036381754330299,0.005036381754330299,-0.001697720568821559,-0.001697720568821559,0.0016693305927544255,0.011753650303352181,0.005036381754330299,-2.839037906809949e-05,-0.003389792013263948,,0.00162964939825061,,0.006666325968576414,,0.00162964939825061,0.02181609632698034,-0.005087599260708231,-0.0016920329662533096,0.003361344537815003,0.011725592738649815,0.003361344537815003,,0.02181609632698034,-0.005087599260708231,0.003361344537815003,0.011725592738649815,,0.003361344537815003,,-5.677946854465432e-06,,,,,,,,,,,,,,,,,0.08542498047291058,-0.004022590138972548,,-0.003480956950840719,0.006683247024620753,,-0.004022590138972548,0.09180620395127548,0.07358488422296461,0.009454223151483365,0.02332502257535074,0.028797597925480978,0.02818637544911018,,,0.003361344537815003,-0.0016920329662533096,0.02818637544911018,0.07017912635424184,0.06668825782111154,0.009454223151483365,,0.0016806674975371472,-0.006825473439141305,-0.014899148823473984,0.018718047307785257,0.007321239267535029,-0.004864336835390004,0.0026182256967469675,-0.01149873707531146,0.0016806674975371472,0.026538526098967563,0.005042031120914836,-5.677946854465432e-06,,,,,0.05359262561836553,-0.005058978690191562,,-0.01673549599840496,-0.04020275080445379,-0.003372700431524045,0.0050081339590660745,,,,,,,-0.003372700431524045,0.0016806674975371472,0.0016806674975371472,0.0016806674975371472,0.0016806674975371472,,0.0050081339590660745,,,,0.0016806674975371472,,,,,,-0.0016920329662533096,,,,,,0.008380911282148795,0.0016806674975371472,,,,,0.008380911282148795,0.0016806674975371472,0.006717087407306477,0.08542498047291058,-1.7034033999996367e-05,0.024574073074486447,0.07304775871673319,,-0.003372700431524045,0.003310412183225364,0.0033387085784370996
B5_UISEM_ExtraTrees_Optuna,0.014273143252955145,0.025548193682113585,0.03203231040932464,0.040663378426464836,0.038042925115245985,0.05616709716142532,0.05616709716142532,,0.05916174330370694,0.05916174330370694,,0.038976396757192,0.038976396757192,,-0.0063267366937929115,,,-0.010924487882817413,0.00023719758649798361,,-0.0011890290356972866,,,0.0005411901122269747,-0.004835420067541785,,-0.0016880237817631372,,-0.02723083348111288,0.092754255608692,-0.013647615848304762,0.023706232641917513,0.08596264679228793,0.023706232641917513,0.16859388739187064,0.17198969180007262,0.04860879830206566,0.03172978239612556,0.027116264111437638,0.01536217966155562,,-0.007884423193881274,,-0.0029096643169930214,,0.0500127689716261,0.06119907765354671,0.013411995843530478,0.016779190396965515,1.0,,0.6031668171056497,,0.04349285646992129,,0.7598251529897184,,0.13022850318128965,,0.026298905757119573,,0.03273008572434344,0.02487365195524882,0.017438420105738817,,0.02095933280854345,0.021607483110111514,,0.19301779800179575,0.20926728766246605,,0.004016825717831463,0.033632534181469165,,0.04500586895177183,0.04500586895177183,0.010906408085936903,0.010906408085936903,0.041169287485492645,0.009766402950032838,0.05530513742464627,6.534551681303125e-05,0.06787908739308612,0.0007764427097350923,0.005469256730669669,0.000890691915919728,0.009751972027300382,0.00019932197371252958,0.005469256730669669,-0.0003497390995697014,0.00497528518781587,0.0022899837864219785,0.0023324403086197876,0.0026745586232966856,0.025733936939904112,0.01972686072777352,-0.0003497390995697014,0.00497528518781587,0.0023324403086197876,0.0026745586232966856,0.0010777834872292003,0.0006650496583825438,0.0010869452121029521,0.00042772210430075397,0.0006768839092463619,0.03547068863377467,0.03547068863377467,0.00026379368309858986,0.005689809618815489,0.007860503978258437,0.06278140251847308,0.019758919258528018,-0.004089440053422155,0.006879993481602953,0.00712517596452511,0.018250278517609075,0.007860503978258437,0.016221230200224812,0.018250278517609075,0.00034584893067690636,0.032350479289108613,0.42750355984205946,0.02095933280854345,0.19301779800179575,0.09184963717321104,0.0341952960528098,0.42750355984205946,0.09559631915770306,0.13397648507537574,0.05360450121238769,0.4686365644967313,0.5751967689038835,0.4298842880161239,0.025895002734038997,0.006231643966792544,-0.0038245821250670886,0.06394391442428993,0.4298842880161239,0.1379892440549263,0.1082425135490952,0.05360450121238769,0.005969337447171652,0.030431830074045485,0.09065388915815731,0.43013458435097984,0.22331377276037856,0.044711947885173076,0.45279473180476026,0.25822702254464214,0.4391022371673966,0.0336474693100518,0.5799310967335501,0.06056270738418179,0.035322425512646305,0.05356627901530364,0.05356627901530364,0.05356627901530364,-0.0325998789380626,0.25761687349190876,-0.021965295361638493,-0.02333850461739906,-0.094152561641204,-0.18086814481150038,0.0025872736620825565,0.008339815139796869,0.0009635883210088458,0.1551957215459039,0.000735197988568026,0.1551957215459039,0.0008171700065616738,0.03287956992285057,0.0025872736620825565,0.0020375859925166884,0.0008488064866182254,0.0013308228750630313,0.0007640778627470146,0.0004805959555600481,0.008339815139796869,0.022688956226170953,0.046127121340167054,0.02095933280854345,0.03942846984677828,0.0213644568356548,0.006214545182170794,0.022903013806463313,-0.0036763434435802544,0.03482030417761928,0.06394391442428993,0.044085264914592526,0.00421992663978088,0.045631794477706045,-0.004448774163865243,0.11885099144600741,-0.0028728696882764915,0.003828230428890911,0.03782427652428677,0.00421992663978088,0.002703883572492183,-0.004448774163865243,-0.0028728696882764915,0.0336474693100518,0.01153946552697982,0.032350479289108613,0.005236148724092948,0.40661009358497124,0.10282129247605809,0.02095933280854345,0.0025872736620825565,0.037830733829660956,0.004460943937963924
B5_UISEM_ExtraTrees_Optuna_bldg,,,,,,,,0.06540441586343348,,,0.061457055132906,,,0.040295149166788335,,0.013690717933007468,-0.0024215139779570904,,,0.00595863259828866,,0.00018569048845629155,0.006416949701259833,,,0.01620175866186624,,-0.0005631825852037142,,,,,,,,,,,,,0.014246052491491024,,-0.02674244477722998,,-0.0030064822676469927,,,,,,1.0,,0.7331930565943314,,0.5625051906538461,,0.8084025634602598,,0.7154893919919053,,0.6299140091522457,,,,0.5194515489192,,,0.588628404628168,,,0.4111723153340574,,,0.6254407271625658,,,,,,,,,,,,,,,,,,,,,,,,,,,,,,,,,,,,,,,,,,,,,,,,,,,,,,,,,,,,,,,,,,,,,,,,,,,,,,,,,,,,,,,,,,,,,,,,,,,,,,,,,,,,,,,,,,,,,,,,,,,,,,,,,,,,,,,,
B5_UISEM_LightGBM_Optuna,-0.007857735641932262,0.01812411150706672,0.023646036304122764,0.03376804344261419,0.032311462713069394,0.035485284420067154,0.035485284420067154,,0.04214362412892436,0.04214362412892436,,0.02686833205616379,0.02686833205616379,,0.018389000205191075,,,0.010583592410144949,0.01864936555982033,,0.001308123663676497,,,0.03328187785615233,0.019011316575721415,,0.00010731012461961953,,-0.02784043431231331,0.03102267426063865,-0.0018048285973537581,-0.06066793717030561,0.01743887997457283,-0.06066793717030561,0.11478940569137785,0.13176914854896005,0.05366233140408161,0.026481762619046334,0.03301206563995829,0.026604156958197178,,0.015777348569054106,,0.01616026523646963,,0.041244707467812614,0.042296766540718456,0.04449698626555543,0.041126605264728444,0.6031668171056497,,1.0,,0.08165508609899919,,0.6699142319849273,,0.2363162814185844,,0.04998611961562782,,0.06229068960193462,0.05457380469961881,0.03447084036253922,,0.03974743363980926,0.04097026613135435,,0.2877136881601118,0.29719654591913147,,0.007713178813351429,0.0637118654007105,,0.08438948442923944,0.08438948442923944,0.018264045009182883,0.018264045009182883,0.07711036519280123,0.01571888017865508,0.09410513048553926,0.0028700483096454343,0.1112068656241989,0.000810750894844281,0.004840876633090074,0.000810750894844281,0.010064990424168752,-0.0002577561006698037,0.004840876633090074,0.001797237616588343,0.0024043415179529903,0.002686053548825229,0.00276119858610413,0.004768218348307651,0.045479832786578966,0.03525549022470664,0.001797237616588343,0.0024043415179529903,0.00276119858610413,0.004768218348307651,0.001147098858515716,0.0007749417529575586,0.0009683686163057814,0.0005746782675575268,0.0009397515910193333,-0.043017441488206076,-0.043017441488206076,0.0001867796261271204,0.010611251792125409,0.015067176782623815,-0.011386857916219517,0.033741826513645656,0.0033419491158154235,0.013193667598879077,0.01347320982593081,0.03291986519109058,0.015067176782623815,0.03063312323603229,0.03291986519109058,0.00015454635979716969,0.07455661499660038,0.583075094332999,0.03974743363980926,0.2877136881601118,0.17105345178122733,0.06457612596172058,0.583075094332999,0.1164611087389601,0.14675486894710488,0.03880915063428514,0.4311778243236434,0.6252467359286338,0.5564150949910833,0.04922749797671111,0.011254587559713425,0.0038548325146195994,-0.008742913835791732,0.5564150949910833,0.1403178844418692,0.11673769479926965,0.03880915063428514,0.010694915973869401,0.051076113203170515,0.12504075155544947,0.3542140358381831,0.22152197349152258,0.11412748830962682,0.3556712944491174,0.3155693922461651,0.35527006517591264,0.06249425794210528,0.6384277052805927,0.09242841146162306,0.059294923967654234,0.07358787095147379,0.07358787095147379,0.07358787095147379,-0.026016091760887594,0.16687701467486127,0.0326984982343026,-0.01898404051916236,-0.03836250577060918,-0.11505863584225984,0.003025889190943376,0.013002086923512457,0.0007678116357545672,0.08217340648620286,0.001336742469896346,0.08217340648620286,0.000925244382834034,0.10476234951188623,0.003025889190943376,0.011081354415701572,0.00046094078380498615,0.0013916961262401273,0.000717895723165829,0.0005921533350898844,0.013002086923512457,0.019017387016202036,0.07300335316341011,0.03974743363980926,0.07385627745618939,0.0405118456721526,0.01135283581217228,0.04303864013975989,0.004218879154305966,0.06174588965815331,-0.008742913835791732,0.07304540287787598,0.005413422092698128,0.08485440550855383,0.03364392626472301,0.017788063647114938,0.012895756162723093,0.0018628418122002,0.07300000507051319,0.005413422092698128,0.006137056775997851,0.03364392626472301,0.012895756162723093,0.06249425794210528,0.015464079740874825,0.07455661499660038,0.007087943015559817,0.5572521061667994,0.11933538621307627,0.03974743363980926,0.003025889190943376,0.06801517098598564,0.006955382952261502
B5_UISEM_LightGBM_Optuna_bldg,,,,,,,,0.06338083383714765,,,0.054811304288789664,,,0.03926409288237653,,0.020419240331430055,0.013945860946574573,,,0.013016463757333008,,0.0012587812823701139,0.02789228883650141,,,0.019128784154319622,,0.000911936569140237,,,,,,,,,,,,,0.027178213455492095,,0.005904437006126528,,0.016136277077988037,,,,,,0.7331930565943314,,1.0,,0.6514637601991755,,0.7624053652282065,,0.9250706270309774,,0.7679459563920035,,,,0.6339443949548723,,,0.632825085333844,,,0.4546319813781896,,,0.7123061688875731,,,,,,,,,,,,,,,,,,,,,,,,,,,,,,,,,,,,,,,,,,,,,,,,,,,,,,,,,,,,,,,,,,,,,,,,,,,,,,,,,,,,,,,,,,,,,,,,,,,,,,,,,,,,,,,,,,,,,,,,,,,,,,,,,,,,,,,,
B5_UISEM_Model2_full_F8,0.00034452391139971894,0.0017949335981979342,0.002397336061241151,0.0016171268686701046,0.002158319776741413,0.0023048268957873708,0.0023048268957873708,,0.003464113614342512,0.003464113614342512,,0.001455102881997683,0.001455102881997683,,0.0009576182142426726,,,0.0031913940779820793,0.0030680517846515265,,-0.0018746397252467073,,,0.0041982518923057155,0.0002884225033453758,,-0.0028101417136916496,,0.0005648102999870064,0.0005648102999870064,-0.0016989160639995227,-0.0005670528820063137,0.0005648102999870064,-0.0005670528820063137,0.003960399845966633,0.003960399845966633,0.0005648102999870064,0.0016430831991123274,0.0019812354647047448,0.004303420738928865,,0.0037687988000810746,,0.004085451507854887,,0.0030268957080885617,0.0037283699339025755,,,0.04349285646992129,,0.08165508609899919,,1.0,,0.047905089020711555,,0.417238339022061,,0.522476763758016,,0.4877019633116477,0.2684407611879537,0.3562354872130261,,0.4249897787381586,0.46075601596284876,,0.17219032985137417,0.20741037786206762,,0.06007292965745459,0.865442357684929,,0.5010337710365464,0.5010337710365464,0.04171043461856749,0.04171043461856749,0.4612136393949168,0.028933798985728898,0.38267804972397645,0.009163938654392467,0.3152695697956217,0.010059030695840798,0.009421307877954588,0.006478774025662992,0.007809799832738662,0.0034164927196970174,0.009421307877954588,0.002743945280159754,-0.0004061387681972839,0.00045129952154632225,-0.00027410300960872824,0.005823993503127012,0.15802407236437355,0.2385150593086499,0.002743945280159754,-0.0004061387681972839,-0.00027410300960872824,0.005823993503127012,0.009163962629847977,0.006185686542630409,0.006436463233874923,0.012322651800308226,-0.0005617394256083319,-0.004328380779010876,-0.004328380779010876,-0.00019131366489921753,0.007416899679561495,0.2159511147720654,-0.005486634199981522,0.21874774489799254,-0.002333844094740689,0.1881150524993349,0.20963091078483598,0.2561935416869856,0.2159511147720654,0.2829856611257815,0.2561935416869856,-0.00022279599550412144,0.19606355744849413,0.08486042035023733,0.4249897787381586,0.17219032985137417,0.47870569947604114,0.4951153716264328,0.08486042035023733,0.025852405781039423,0.036966852886959,0.013483925621057158,0.053406648707998716,0.053600908543806614,0.09058798887503827,0.4502617795086875,0.009996308029622702,-0.0005720784644318577,-0.005184745005309965,0.09058798887503827,0.03282018494990513,0.026027624767591018,0.013483925621057158,0.01025620045866149,0.18714341264076062,0.10453254355883479,0.025768001256562423,0.03179821216377221,0.09304994418766632,0.02495039633756657,0.05497805337472228,0.025706726490819065,0.4465460030720536,0.05151294286188002,0.2709516519272678,0.22105328895523302,0.004738294943067545,0.004738294943067545,0.004738294943067545,-0.003060188268406039,0.012861564568147577,0.003587523291865846,-0.005948887754075205,-0.0010937116454787787,-0.009946384459405655,0.028083741030999976,0.01673532960576285,0.0022350392915951867,0.02105718314261673,0.0022350392915951867,0.02105718314261673,0.009118454874685655,0.05173916729178696,0.028083741030999976,-0.0009952906645205317,0.01074559968682498,0.012828072674710533,0.007821653880001,0.0030805537381799475,0.01673532960576285,0.0013978360553991154,0.32275529964134697,0.4249897787381586,0.43068015049204555,0.41470018574802214,0.006947878770371396,0.43428878610599375,-0.0006696125928842278,0.39324960327659264,-0.005184745005309965,0.3346645550248758,0.02943174995768394,0.4288131153423955,0.0027596062563838286,0.02360790760610121,-0.002648756030649846,-0.000881362334351099,0.47229858474510367,0.02943174995768394,0.021451679362444298,0.0027596062563838286,-0.002648756030649846,0.4465460030720536,0.03147331657162533,0.19606355744849413,0.008841923870202995,0.08754493909850458,0.02075977752906233,0.4249897787381586,0.028083741030999976,0.3186931676430067,0.012412592682572443
B5_UISEM_Model2_full_F8_bldg,,,,,,,,0.048754946492825524,,,0.04180721275086696,,,0.02708446911746587,,0.02509585761502031,0.013410468544729826,,,0.013727358412241042,,0.0010151393405097853,0.030758409381608787,,,0.024015477834848697,,0.0006750352568729578,,,,,,,,,,,,,0.017890816267406295,,0.00015315922257175263,,0.017451398336307267,,,,,,0.5625051906538461,,0.6514637601991755,,1.0,,0.5806647494422414,,0.6735314211007261,,0.676749120946359,,,,0.6882428124378905,,,0.5764125216920962,,,0.7181008622430491,,,0.8918396418066374,,,,,,,,,,,,,,,,,,,,,,,,,,,,,,,,,,,,,,,,,,,,,,,,,,,,,,,,,,,,,,,,,,,,,,,,,,,,,,,,,,,,,,,,,,,,,,,,,,,,,,,,,,,,,,,,,,,,,,,,,,,,,,,,,,,,,,,,
B5_UISEM_RF_Optuna,-0.019599173557852234,0.04334678518033164,0.05009359745589803,0.04146185525615609,0.04028490728503975,0.06096659706393537,0.06096659706393537,,0.06611688812207672,0.06611688812207672,,0.04158145059185925,0.04158145059185925,,0.006514523742567335,,,0.0036642027618154493,0.009973900603275965,,0.0019430679554596209,,,0.01446234787794709,0.007881544505018767,,0.0003568827300822752,,-0.0851302114083845,0.0065709332176761,-0.025128227887628807,-0.06022372768278772,-0.017203437611302608,-0.06022372768278772,0.22959717385142864,0.25337154468040735,0.03260952983989085,0.03707563999362884,0.04332437417071544,0.02677090057367515,,0.0023057485852368,,0.007359302287815894,,0.05098389587907648,0.06868307789561356,0.10099125364431483,0.009909692099836498,0.7598251529897184,,0.6699142319849273,,0.047905089020711555,,1.0,,0.14279762147028507,,0.028992706345796204,,0.036444093670528255,0.032746281211495476,0.019528913980310758,,0.02311260493896672,0.023826541743428464,,0.19935348239128303,0.21090144365059293,,0.004433396446129501,0.037063413132235934,,0.05018702053268698,0.05018702053268698,0.012552787958779121,0.012552787958779121,0.04572951193777597,0.011784937019606923,0.05526854581651064,0.0010204723765024903,0.06929039065830744,0.0007644345317440182,0.004046026926915469,0.001255489542724253,0.007810779455115657,0.00023343014664767292,0.004046026926915469,0.0009573485902605317,0.003506575279344726,0.002697315117354493,0.002929554663216538,0.0025574315938092784,0.02974893870163542,0.022008434458272275,0.0009573485902605317,0.003506575279344726,0.002929554663216538,0.0025574315938092784,0.0008884392687794618,0.0006615580560489498,0.0009777184974802955,0.0005724603042809306,0.0010161769303507207,-0.018076757569662094,-0.018076757569662094,0.000297903896999796,0.006554179699799767,0.008673956666698235,-0.02276111641719103,0.021812606508451182,-0.0032399170649737297,0.0075923637045686165,0.007862832790781704,0.020757401698544897,0.008673956666698235,0.01904803536283506,0.020757401698544897,0.00038848356690346364,0.04879692034892402,0.4581108119572056,0.02311260493896672,0.19935348239128303,0.10299937701654038,0.037682482612717894,0.4581108119572056,0.0982178105000362,0.11644192980457813,-0.003065211685847169,0.4089499931453513,0.6238638277610924,0.45402215138852664,0.02854802989075078,0.0070491142318123146,-0.0028041619683134567,-0.021088830105625345,0.45402215138852664,0.11383505055371257,0.10002278173162704,-0.003065211685847169,0.006753178534825599,0.033632064099803904,0.09856163328818712,0.43243978248426374,0.24035304624204212,0.07708858427453025,0.4438392857776847,0.29936972103781745,0.43916401982128495,0.03720739371304216,0.6281002660154589,0.06189806731183167,0.0393535649288318,0.09776169297066584,0.09776169297066584,0.09776169297066584,-0.05708044895957265,0.20123752153060592,0.036939910776890406,-0.024807900481394585,-0.03688267886547125,-0.12890824694992498,0.0025678256215644346,0.009169579261081418,0.0006430477519598909,0.06170060422769286,0.0006430477519598909,0.06170060422769286,0.0008562171293883258,0.07897323783467414,0.0025678256215644346,0.0027421238383065205,0.001961738400305446,0.002046348536540843,0.0014840304698453544,0.0004345180022871098,0.009169579261081418,0.044409649940155504,0.0466243754729293,0.02311260493896672,0.046312238995397936,0.023558854214016822,0.007023665790928946,0.02525342332838243,-0.0026310930950330658,0.035710424794810014,-0.021088830105625345,0.04546238514532297,0.00420150467542868,0.05056315637284603,0.01463188898430845,0.01765317161006852,0.0079532575215564,0.0003128065453031903,0.041639726484593576,0.00420150467542868,0.004264911806042271,0.01463188898430845,0.0079532575215564,0.03720739371304216,0.012643443961557477,0.04879692034892402,0.0058609343229607536,0.44621355644805294,0.11228806057242946,0.02311260493896672,0.0025678256215644346,0.042879988268748614,0.005307369642190363
B5_UISEM_RF_Optuna_bldg,,,,,,,,0.07162765620787859,,,0.06752386074518035,,,0.04641397399561753,,0.019117488633940583,0.007272356377305722,,,0.010882421244347906,,0.0010861333420409958,0.016419034490565032,,,0.02073962952664543,,0.00046406946460975096,,,,,,,,,,,,,0.01442196082864533,,-0.006832646642306761,,0.01207661637416102,,,,,,0.8084025634602598,,0.7624053652282065,,0.5806647494422414,,1.0,,0.7425429406796236,,0.6542450109047548,,,,0.5299128733345756,,,0.6379106494383919,,,0.40162562944661684,,,0.6518918063681023,,,,,,,,,,,,,,,,,,,,,,,,,,,,,,,,,,,,,,,,,,,,,,,,,,,,,,,,,,,,,,,,,,,,,,,,,,,,,,,,,,,,,,,,,,,,,,,,,,,,,,,,,,,,,,,,,,,,,,,,,,,,,,,,,,,,,,,,
B5_UISEM_Tuned_Voting,0.000910604597206377,0.006859011472088006,0.008286356700576092,0.006574878300488307,0.0052819723389232465,0.007011889828388629,0.007011889828388629,,0.008283829179724034,0.008283829179724034,,0.0030351124481099445,0.0030351124481099445,,0.010488273418667649,,,0.005760194205614799,0.01130409358706419,,-0.00046379964211640257,,,0.017569748749019065,0.009033130237236064,,-0.003114734538570474,,-0.014154934428146637,0.014141799233353014,-0.0005725022706266625,0.009614321847513096,0.014141799233353014,0.009614321847513096,0.01866927661919293,0.019801145965652966,0.014141799233353014,0.0032809978068865098,0.005271860854148547,0.012228161023079331,,0.011665534683175327,,0.00865150843521667,,0.00847146668143317,0.011944819098153259,,,0.13022850318128965,,0.2363162814185844,,0.417238339022061,,0.14279762147028507,,1.0,,0.32117653829926995,,0.3496376701380912,0.20852197411569606,0.19378583784586534,,0.258697983745502,0.2669037229108703,,0.324832554313197,0.2836862344246399,,0.04321184104728204,0.3639775776268711,,0.4073276296870906,0.4073276296870906,0.024669915286014032,0.024669915286014032,0.36856604105984037,0.014310893980457373,0.38509146525809346,0.0063890307918983424,0.3663119759749852,0.001690804271282098,0.009954461404673265,0.0004952243961579006,0.014772613559300263,-0.0002567087199421003,0.009954461404673265,0.001062749801051588,-0.003543065567515713,0.0004169690504763901,0.0007283239676731945,0.006604396789031131,0.159029306326124,0.16388122501866909,0.001062749801051588,-0.003543065567515713,0.0007283239676731945,0.006604396789031131,0.0022572590280376392,0.0002713091738673068,0.0028529351718230567,-0.00029643980844418216,-0.0005743182737216745,-0.01943993412967715,-0.01943993412967715,0.0010137536684178272,0.006725831795646564,0.10608123366956435,-0.013658591481979343,0.15687255927810895,-0.004608868036307667,0.08751046922923456,0.095347155158087,0.16009722974923624,0.10608123366956435,0.16410595422084795,0.16009722974923624,0.0009810681102828678,0.17207091524215445,0.23486806747347033,0.258697983745502,0.324832554313197,0.6004738441480547,0.39090413294550874,0.23486806747347033,0.038135773807211226,0.05782970299209822,0.037081023524836665,0.15882335898290756,0.1588349443759134,0.24751184797220527,0.3057068214562594,0.0073598852802655435,-0.004908440792715352,-0.010556028566041542,0.24751184797220527,0.058125931820789845,0.03972085887377563,0.037081023524836665,0.006417119539325999,0.16915246227329095,0.1769060135238265,0.07337432242879627,0.08015805195716441,0.1255403341311898,0.0735938049489151,0.13675075030168393,0.0734601992396704,0.3379888552568947,0.15332249498865935,0.2562213664098636,0.19261753198897247,0.013602402665612523,0.013602402665612523,0.013602402665612523,-0.011446790104037374,0.0410023359249011,0.01078737019128817,-0.017097973694325974,-0.002043995866882975,-0.031169131172795295,0.00615015626817883,0.01933170189632516,0.0010743986356583912,0.04534879369695555,0.004622979812796357,0.04534879369695555,-0.00013987909575807755,0.061547680075349276,0.00615015626817883,-0.004573587876213869,0.0010069392215746875,0.001406284776608202,0.0012590391364120102,0.0006562531466318688,0.01933170189632516,0.005911146702782144,0.310864159217618,0.258697983745502,0.3408514228217169,0.26107114841258305,0.00746365587732134,0.2622661153365533,-0.004105362417033742,0.3156934138393288,-0.010556028566041542,0.31241029964576816,0.014551471803405436,0.3673721616970185,0.0021786760462858545,0.02941001895183548,-0.00594304410173585,-0.0010806892688872693,0.3637671969163836,0.014551471803405436,0.0355543550634847,0.0021786760462858545,-0.00594304410173585,0.3379888552568947,0.02018736826383749,0.17207091524215445,0.01369478576283012,0.24149864068389326,0.03523669869677615,0.258697983745502,0.00615015626817883,0.24491049994250091,0.0068121018677260725
B5_UISEM_Tuned_Voting_bldg,,,,,,,,0.06431792832296712,,,0.055746813392853256,,,0.03862351719323864,,0.023406837610628672,0.013891348209880916,,,0.01371976588001711,,0.0012605202036215513,0.03154774902441737,,,0.022877973418720776,,0.0007828440772237322,,,,,,,,,,,,,0.02704051530020235,,0.0020211205838277513,,0.01382877373348479,,,,,,0.7154893919919053,,0.9250706270309774,,0.6735314211007261,,0.7425429406796236,,1.0,,0.84227468336241,,,,0.6515651537268192,,,0.6564360938888334,,,0.4621005004868193,,,0.7312076595521109,,,,,,,,,,,,,,,,,,,,,,,,,,,,,,,,,,,,,,,,,,,,,,,,,,,,,,,,,,,,,,,,,,,,,,,,,,,,,,,,,,,,,,,,,,,,,,,,,,,,,,,,,,,,,,,,,,,,,,,,,,,,,,,,,,,,,,,,
B5_UISEM_XGBoost_Optuna,0.00018484188165557303,0.0021232518930113242,0.0024389856288623557,0.0006722907845908566,0.0004256592658539171,0.0010065197261361902,0.0010065197261361902,,0.0014557419974268182,0.0014557419974268182,,-0.0004892597223018491,-0.0004892597223018491,,0.0012881551775701938,,,0.0010996837207150056,0.002025545276848284,,-0.001787725418852748,,,0.003232513274703641,0.0006511596814775533,,-0.002613269741072566,,-0.00226468710779848,0.0022627648949471446,-9.611064255565793e-07,0.001130901894260794,0.0022627648949471446,0.001130901894260794,0.0022627648949471446,0.0022627648949471446,0.003394627895633495,0.0015071997958683303,0.0005374240183938506,0.00406913386356611,,0.003496420150577717,,0.0032960503727232915,,0.0010887521944388245,0.00258949897484384,,,0.026298905757119573,,0.04998611961562782,,0.522476763758016,,0.028992706345796204,,0.32117653829926995,,1.0,,0.5535728197548271,0.2622098935648979,0.35494621264011283,,0.5704319153359128,0.6206689522753646,,0.11541319955987495,0.0994658900493639,,0.0793825430046119,0.5646176809237717,,0.4955336370828327,0.4955336370828327,0.02678829726381382,0.02678829726381382,0.45954888625763424,0.008049726460009121,0.3894267525852453,-0.003909686915854138,0.33309092739590473,0.005136549786324496,0.004102777365346033,-0.0006644032761460306,0.004261806241596666,-0.00025171611896412927,0.004102777365346033,0.00028915313803279385,1.160674738243106e-05,0.0023023033141038596,0.0015369432887367696,0.0028037538927138117,0.20898332780931272,0.2850063728619797,0.00028915313803279385,1.160674738243106e-05,0.0015369432887367696,0.0028037538927138117,-0.0011741723228884116,0.00482814202964732,0.005091734950834481,0.004088190171070316,-0.0005499163278757102,-0.005792552587029487,-0.005792552587029487,-0.00018992299739650775,0.0028361148441065076,0.3277518960533703,-0.008348650745956698,0.30640016132042147,-0.0037817358169816018,0.3130200346966614,0.32044981866268507,0.3032738339434383,0.3277518960533703,0.3785022411529483,0.3032738339434383,-0.0002209122297438526,0.16987051081649596,0.051963918181748614,0.5704319153359128,0.11541319955987495,0.3776878931525611,0.597088486656628,0.051963918181748614,0.00878930667089417,0.016529889976053647,0.011617503841072296,0.03586742651858821,0.03263893368350346,0.05594816847805628,0.593845865706403,0.0023628797681803926,-0.0038882770634964814,-0.007313435147552116,0.05594816847805628,0.016465765359617412,0.0083987645738135,0.011617503841072296,0.002548092216432929,0.1985595493673018,0.07829636755715408,0.015825234173850178,0.02278072762648098,0.07702793051989376,0.014962032040186868,0.0351527760412369,0.01607404130565493,0.5187982289640181,0.03151370633748396,0.23975648981450437,0.2182597642456332,0.002675353228718591,0.002675353228718591,0.002675353228718591,-0.00363168300581429,0.009057921510198796,0.0029443467017407077,-0.005109123526062076,0.0005657757191325219,-0.007193657221546079,0.008579943633754361,0.013084581455856226,-0.0011741723228884116,0.014846187320576854,-0.0011741723228884116,0.014846187320576854,-0.0011995457005822274,0.014592876617611217,0.008579943633754361,-0.0049057565376973145,-0.002071205794855535,-0.002542423840718344,-0.0019015167858773552,-0.0005208778485004117,0.013084581455856226,0.0015443740623204416,0.4060265964571361,0.5704319153359128,0.5237406518566412,0.6067130280452782,0.002454825146301798,0.564113708175645,-0.00393632212605044,0.4916775818185991,-0.007313435147552116,0.4186153836393314,0.015430659792989965,0.5055753736594172,0.0004243924619815598,0.01692640392335465,-0.0023832491630255692,-0.0008498583569405138,0.5879564259766046,0.015430659792989965,-0.0006961061561889803,0.0004243924619815598,-0.0023832491630255692,0.5187982289640181,0.010653651627792526,0.16987051081649596,0.003627387304323215,0.054133600987154584,0.007731803281101346,0.5704319153359128,0.008579943633754361,0.31944826225599254,-0.002705859458257187
B5_UISEM_XGBoost_Optuna_bldg,,,,,,,,0.07230879592656436,,,0.06441251530666348,,,0.04078152979394234,,0.029344642834589152,0.012250240597344808,,,0.011464008774189738,,0.001124606803635686,0.042045467000488945,,,0.033967703105278635,,0.0006449549951975664,,,,,,,,,,,,,0.024669283499449524,,0.002414209591148575,,0.012132790720949749,,,,,,0.6299140091522457,,0.7679459563920035,,0.676749120946359,,0.6542450109047548,,0.84227468336241,,1.0,,,,0.6460974166748836,,,0.6549886444116848,,,0.4644865175654762,,,0.7137885830488303,,,,,,,,,,,,,,,,,,,,,,,,,,,,,,,,,,,,,,,,,,,,,,,,,,,,,,,,,,,,,,,,,,,,,,,,,,,,,,,,,,,,,,,,,,,,,,,,,,,,,,,,,,,,,,,,,,,,,,,,,,,,,,,,,,,,,,,,
B5_UISEM_all_features,0.00018034306645331455,0.002221816361120621,0.0027131535072977275,0.0014647815447464962,0.0012222286689331785,0.0015258393708754703,0.0015258393708754703,,0.00255749093807911,0.00255749093807911,,0.0006128584467155473,0.0006128584467155473,,0.001899922584981728,,,0.0022036492846875255,0.0044060652120311294,,-0.0018265850273726514,,,0.003108149133776883,-0.0005759825259028517,,-0.0026989694586154744,,-1.2814756447099285e-06,-0.0011331448389448884,0.002262445250955536,-0.0011331448389448884,-0.0011331448389448884,-0.0011331448389448884,0.0033943086142556034,0.0033943086142556034,-1.2814756447099285e-06,0.0019257268159260654,0.001740014287247793,0.003930242406045448,,0.0033062653401673137,,0.003234867017200216,,0.0026042953928414603,0.0025020146723786496,0.005042031120914836,0.005042031120914836,0.03273008572434344,,0.06229068960193462,,0.4877019633116477,,0.036444093670528255,,0.3496376701380912,,0.5535728197548271,,1.0,0.32563635424198,0.3358375599740513,,0.4732286451084401,0.5003913235579676,,0.18523653894109726,0.12155931780985407,,0.042509762767735104,0.5083183388590904,,0.8379411844879366,0.8379411844879366,0.028819102602431035,0.028819102602431035,0.45151192485208447,0.012844575334839625,0.3587836750183483,-0.0008906706137885578,0.2949851437505344,0.003991873388233813,0.006177744052749179,0.008657016838406029,0.0031854329883154175,-0.0002529783519760187,0.006177744052749179,-0.0016270253084351705,-0.0004300339625604721,0.0013891917433341838,0.008180886239925522,0.006468701015752143,0.1806764524711052,0.24435090335613074,-0.0016270253084351705,-0.0004300339625604721,0.008180886239925522,0.006468701015752143,0.016676458267070315,0.003717744184716376,0.008606601527815116,0.007462477510965182,-0.0005559766867728744,-0.005336453075931669,-0.005336453075931669,0.004652897521846611,0.0018940760951628999,0.2924629173916625,-0.003923508144700438,0.23287361002471674,-0.004907897308656484,0.2508643519435618,0.2573934484000876,0.26881754140730063,0.2924629173916625,0.31503891083308133,0.26881754140730063,-0.00022188383660770583,0.1764058429539982,0.06478540377118913,0.4732286451084401,0.18523653894109726,0.5007686893796043,0.4966421583373033,0.06478540377118913,0.016609935450946134,0.025666523697091215,0.013844833491966302,0.04233692674998746,0.0408753973304784,0.06900332848429236,0.4742156618295521,0.005425140315800547,-0.00502791342527753,-0.0022840890861117735,0.06900332848429236,0.025043701301788124,0.014154314897596554,0.013844833491966302,0.001622536688107079,0.17213193062286947,0.08789431105728551,0.019808432721960312,0.025591504304103063,0.07145089317067077,0.019460828927759133,0.04389438086400099,0.019781152479946718,0.45756349923954387,0.03921268578336734,0.23824728724738076,0.21904389605760732,0.004158128660650795,0.004158128660650795,0.004158128660650795,-0.0037955515538246054,0.010476226831191537,0.0030780927320863682,-0.005167493792169298,0.00015108177405709355,-0.007770599431482728,0.010924832643926075,0.02143721871449722,-0.0012021515826192708,0.01614515315937981,0.003267500879803098,0.01614515315937981,-0.0012287623109401569,0.011984725528302875,0.010924832643926075,-0.006192739470772146,-0.0021598801531854672,-0.002677350684077151,-0.001975995338366454,-0.0005263119060212595,0.02143721871449722,0.001648905258137101,0.3264242380751129,0.4732286451084401,0.4023707770304894,0.4936614356656964,0.0015341683677057016,0.427162966635537,-0.0006495981609351276,0.38872306899176257,-0.0022840890861117735,0.32958188740379424,0.012505398439914495,0.39986722200612157,-0.0012653382892910958,0.027966713328284487,-0.002890247993600159,-0.0009065669443026891,0.48622532630647,0.012505398439914495,-0.0007456051237986205,-0.0012653382892910958,-0.002890247993600159,0.45756349923954387,0.01940716285854227,0.1764058429539982,0.0022260642339575476,0.06787555000772227,0.016502185352486598,0.4732286451084401,0.010924832643926075,0.28697352556264966,0.0009979366732960626
B5_sub_GBM,-0.0016976010437852462,0.0011991031130358376,0.00095203167475022,0.0026311348955759817,0.002584525922802894,0.0034726213066086364,0.0034726213066086364,,0.003854831432597683,0.003854831432597683,,0.0021049335566118987,0.0021049335566118987,,0.004292834874969564,,,0.004076127005569474,0.005946427691703393,,0.003507301434130694,,,0.002994249429541629,0.0037966342331203773,,0.002317811132647618,,-0.004536780487711223,-0.002273035630274034,0.005650071370755794,-0.01019614263130375,-0.0011411632015554396,-0.01019614263130375,0.007913816228192871,0.01017756108563006,-0.002273035630274034,0.0030321926828068557,0.003238151726935534,0.0023138940838788313,,0.0009010318490209057,,0.0025200167204012525,,0.003643320563912922,0.0023815156822242223,0.02679788297292396,0.013327957477739516,0.02487365195524882,,0.05457380469961881,,0.2684407611879537,,0.032746281211495476,,0.20852197411569606,,0.2622098935648979,,0.32563635424198,1.0,0.4027454063773114,,0.14369619875502082,0.1478384762258501,,0.07522457751135225,0.06979526975681616,,0.016234951915241824,0.28342729231659247,,0.31504694320759274,0.31504694320759274,0.022284535095774993,0.022284535095774993,0.2663776567216255,0.026523390696388427,0.17101298460979608,-0.004231381111101884,0.1524111609901928,-0.0006730994882970798,0.009078182625753661,-0.0006730994882970798,0.010461419607923461,-0.00025295426575167035,0.009078182625753661,-0.004616959773013907,0.0010949570793569174,0.001407397532283583,0.0006706498260666827,-0.003584075480150606,0.07722115726193268,0.10001469741793456,-0.004616959773013907,0.0010949570793569174,0.0006706498260666827,-0.003584075480150606,0.007777778742634189,0.012963824488800069,-0.0007020710984348977,0.011932998840293751,-0.0005558603637592086,-0.007497166471294836,-0.007497166471294836,-0.00019062701107097624,-0.0022030931467584836,0.06952857794302436,-0.0038788739838118147,0.10510780193495606,-0.007151898963262626,0.08793410006750024,0.0751005608792027,0.12772053602897138,0.06952857794302436,0.13090136754586434,0.12772053602897138,-0.0002218653073327026,0.2794350232527517,0.05455368214884393,0.14369619875502082,0.07522457751135225,0.24135896145653812,0.16149062905670142,0.05455368214884393,0.021488212332079204,0.018200096556352796,-0.0001450155268154507,0.032425049263000716,0.03789316095764883,0.054491584079424116,0.1361182249786651,-0.002529048814987611,-0.005003226815885942,-0.004507623847974207,0.054491584079424116,0.020842570474466693,0.019545108605350414,-0.0001450155268154507,-0.0024010070744202583,0.09892433800278644,0.04109718332576384,0.018941040960001265,0.011121638367676101,0.1029548243918248,0.01729425960602149,0.04413737444057442,0.018832462471153666,0.18437914367290908,0.03592196278949733,0.11978693768655335,0.08314812310455932,0.009638112796861553,0.009638112796861553,0.009638112796861553,-0.0020473951082706776,0.005576478262877438,0.02366494462845925,-0.003141385625325066,0.0016384327766927331,-0.002056365320774134,-0.0018088084332730237,0.010438650397640914,0.0032880854337773435,-0.0016327074808737407,-0.0012016078750796133,-0.0016327074808737407,-0.0012281942717409233,-0.003477749510515382,-0.0018088084332730237,-0.004244298056255591,-0.0021581256678575578,-0.002674655326178943,-0.001974526776319818,-0.0005262076637848612,0.010438650397640914,0.0011674195763833328,0.15157206077540042,0.14369619875502082,0.18847310578329568,0.1606129695754439,-0.0024654087512685496,0.16462881935153229,-0.007278438171966162,0.1662131149902798,-0.004507623847974207,0.16027155861979359,0.008428852195908831,0.17993362571275207,-0.003066192822892333,0.010515498568748116,0.021530986896246218,-0.0010956419895347125,0.15136764610281006,0.008428852195908831,0.05198473999095332,-0.003066192822892333,0.021530986896246218,0.18437914367290908,0.013886330189926466,0.2794350232527517,0.03203836648031044,0.05487675657352553,0.01708769400532073,0.14369619875502082,-0.0018088084332730237,0.2832561965971361,0.02424807961769837
B5_sub_GB_full_F8,-0.00016342584246920033,0.0008686707947176409,0.0009554126867709067,0.0015969482907209898,0.0021268368947073846,0.001168568976047446,0.001168568976047446,,0.0020729721092351827,0.0020729721092351827,,0.0007764772174928547,0.0007764772174928547,,0.001310213218319367,,,0.0009884273325234672,0.0010355980897213124,,-0.0017002915390724738,,,0.0022910547802298398,0.002440376018991053,,0.005222895148211615,,-0.0005683350857532687,0.000563529546696806,0.000563529546696806,-0.0017001997182031214,0.0016953941791467697,-0.0017001997182031214,0.000563529546696806,0.0016953941791467697,0.0016953941791467697,0.0014458651707752734,0.0009303911932380116,0.0015895615396412932,,0.001963802150169669,,0.002090014529928852,,0.0022687808191570458,0.002408957085984653,0.005025082828695626,0.005025082828695626,0.017438420105738817,,0.03447084036253922,,0.3562354872130261,,0.019528913980310758,,0.19378583784586534,,0.35494621264011283,,0.3358375599740513,0.4027454063773114,1.0,,0.20781165299755677,0.22442399675978753,,0.06646067372463893,0.05866119762774169,,0.019770513004408352,0.3970785603363973,,0.29912149120906095,0.29912149120906095,0.019576366072862394,0.019576366072862394,0.2678180612015484,0.0157118814381082,0.20734172040121424,-0.003434299512191208,0.16820693788482688,0.014864806575852096,0.005059919318734396,-0.0006491334780716063,0.006880133588998971,-0.00024949262344931,0.005059919318734396,-0.004367842122769083,-0.0010909401256260498,0.009713913472564895,0.00842407179184157,0.002002239287190455,0.1045601037092817,0.15022753324474913,-0.004367842122769083,-0.0010909401256260498,0.00842407179184157,0.002002239287190455,0.006101047973563034,0.006720231861939152,0.007051190597548995,0.012887100439467725,-0.0005394139815646515,-0.0035169154830823057,-0.0035169154830823057,-0.00018865443423865536,-0.001965571020625223,0.13665503428118697,-0.00509298733915764,0.14829339041927125,-0.00513679960053115,0.1670866703488907,0.14065396342035097,0.18067074549325157,0.13665503428118697,0.2005134568233936,0.18067074549325157,-0.0002191977851999649,0.2261331103203461,0.03458065107799824,0.20781165299755677,0.06646067372463893,0.2241701051302094,0.2184120571925443,0.03458065107799824,0.01027167789855099,0.011991108242840998,0.002826607874402254,0.0224631828568026,0.0223197042560922,0.035769558913211874,0.2022927189587106,-0.002220957203254992,-0.0024352075780624816,-0.005284545447894917,0.035769558913211874,0.011764753524121097,0.00828441711482919,0.002826607874402254,-0.0021215988513572093,0.1000903789069808,0.04439558474603278,0.011337871906921815,0.009654372238313336,0.07599312086015331,0.010637819547712701,0.026074519123050477,0.011188679022414494,0.23825952436494002,0.02140366569280716,0.15762178659403037,0.14096093171971147,0.005350919236039475,0.005350919236039475,0.005350919236039475,-0.0014883462619901255,0.003997041176923455,0.006129038456834879,-0.002159726444161736,0.00020212158975552175,-0.0024099010195195447,0.005009905728105335,0.027392955789311113,0.013329403988300736,0.003786743545188931,0.006101047973563034,0.003786743545188931,-0.0011506762486699351,0.014592876617611217,0.005009905728105335,-0.005600911025598565,0.01075295633219997,0.00945968008791609,0.004723500492260668,-0.0005114458639587927,0.027392955789311113,0.0006635481043790747,0.19804339021826323,0.20781165299755677,0.2515227346833625,0.2137204598074659,-0.0021717271937073956,0.24057358095435644,-0.005201753910305529,0.2233807723141258,-0.005284545447894917,0.20244048255092195,0.006007586686510025,0.23325462796138596,-0.003066192822892333,0.010515498568748116,-0.00411615394415743,-0.0009999833336111763,0.2050228441032479,0.006007586686510025,-0.0006827744539936731,-0.003066192822892333,-0.00411615394415743,0.23825952436494002,0.01759692958671688,0.2261331103203461,0.023972829621237257,0.03483987647073383,0.00860984201245707,0.20781165299755677,0.005009905728105335,0.26441812909506746,0.02050994202643175
B5_sub_GB_full_F8_bldg,,,,,,,,0.04292530141069906,,,0.039400674081839226,,,0.03194284882603138,,0.024121049079615653,0.012711424789622838,,,0.011053098845543619,,0.0006535430159874123,0.037477195567530264,,,0.024175279593917187,,0.0001477636583843145,,,,,,,,,,,,,0.03368941728805808,,-0.004746157023259423,,0.010052897168132624,,,,,,0.5194515489192,,0.6339443949548723,,0.6882428124378905,,0.5299128733345756,,0.6515651537268192,,0.6460974166748836,,,,1.0,,,0.48277804614585107,,,0.4746530281316603,,,0.6947142050588514,,,,,,,,,,,,,,,,,,,,,,,,,,,,,,,,,,,,,,,,,,,,,,,,,,,,,,,,,,,,,,,,,,,,,,,,,,,,,,,,,,,,,,,,,,,,,,,,,,,,,,,,,,,,,,,,,,,,,,,,,,,,,,,,,,,,,,,,
B5_sub_RF,0.0001920656360112627,0.0018231593173576588,0.0019639520301735214,0.0005311119988307134,0.00015204280139369253,-3.1905355871497676e-05,-3.1905355871497676e-05,,0.0012619075517320555,0.0012619075517320555,,-9.947169105450904e-05,-9.947169105450904e-05,,0.001527008764168114,,,0.0027979431220089834,0.003044822536992897,,-0.001739478116834281,,,0.0033509577265677937,0.0003043825239417153,,-0.0025116552550179527,,-3.203686032016151e-07,-0.0011321826440628957,-3.203686032016151e-07,-0.0011321826440628957,-0.0011321826440628957,-0.0011321826440628957,0.0011315419068563815,0.0011315419068563815,-0.0011321826440628957,0.0012899893257044548,0.0007748589527322158,0.003947325459332962,,0.0030375794832872005,,0.0025133253668159217,,0.0009421325651383095,0.0018226573900737009,,,0.02095933280854345,,0.03974743363980926,,0.4249897787381586,,0.02311260493896672,,0.258697983745502,,0.5704319153359128,,0.4732286451084401,0.14369619875502082,0.20781165299755677,,1.0,0.7268204176862458,,0.09231275671624439,0.0811406731352945,,0.05757329177490356,0.46222882932436926,,0.41864442878702235,0.41864442878702235,0.013978981119162737,0.013978981119162737,0.34352214998814046,0.0010610395611578838,0.36088214169276545,0.005354752246465533,0.2736616952086005,-0.0006536911554393399,0.002850816329570849,-0.0006536911554393399,0.0009567475919650681,-0.00025016299834934586,0.002850816329570849,-0.0014221710495776474,4.560290712274373e-05,-0.0023091770524272803,-0.0027329228716452825,-0.0017930684943754382,0.1754531463422413,0.2953557272671553,-0.0014221710495776474,4.560290712274373e-05,-0.0027329228716452825,-0.0017930684943754382,0.012297010895756522,0.0061581355976561,0.0136144603714079,0.005304902915626353,-0.0005425574193409499,-0.005304567249365011,-0.005304567249365011,-0.00018903748109422303,-0.002007962771985339,0.4974513124412664,-0.0029247146183111195,0.3194088817873272,-0.005436764257397586,0.3682121290528655,0.4698193836682134,0.3368618281424228,0.4974513124412664,0.38536070903624,0.3368618281424228,-0.00021971507388274247,0.10464435189065846,0.04211195887149222,1.0,0.09231275671624439,0.31807067059830796,0.7242451628196391,0.04211195887149222,0.0029510751181038852,0.010383175282274948,0.012837559489547457,0.029048747879712344,0.025895866334347928,0.04522361224623239,0.7256997517379904,0.0033873393423300424,-0.005486981321979334,-0.003323630578726977,0.04522361224623239,0.009355991833284172,0.003340561414382881,0.012837559489547457,-0.002171072572234145,0.18332169467650905,0.06515820411696538,0.012696814536899081,0.02147261387898647,0.03676371784699517,0.012195089994928132,0.025729522951363104,0.01279444955511333,0.49891530932505157,0.024999090981155492,0.2057859831805231,0.16984104802671318,0.00022551281818483648,0.00022551281818483648,0.00022551281818483648,-0.003122134490574968,0.007188314341037394,0.003623615830440796,-0.004345806029541599,0.0002351903171375902,-0.006650630772844668,0.004546430894310616,0.005053447542338163,-0.001141125010423627,0.015775516443870874,0.005577942942666447,0.015775516443870874,-0.0011650756432972642,-0.0012382378382649328,0.004546430894310616,-0.005959419647113329,-0.0019705405151420052,-0.002392402421636186,-0.001816331167115104,-0.0005142709300265391,0.005053447542338163,0.0012924565725417336,0.3747628482024469,1.0,0.4922869791095942,0.7581407131351061,-0.002223595004909873,0.6714407531886852,-0.005509579874142689,0.5017575271840483,-0.003323630578726977,0.39704820550616216,0.01872438746216376,0.4672849212744079,-0.002380703704338849,0.018240009421100933,-0.000991641875619731,-0.0005664117813650726,0.6551227596387484,0.01872438746216376,-0.0006416347738149586,-0.002380703704338849,-0.000991641875619731,0.49891530932505157,0.00952918829843341,0.10464435189065846,0.0050872088156763695,0.04367297801268544,0.0039078970152987,1.0,0.004546430894310616,0.21009916670617346,0.0028825441434883192
B5_sub_RF_full_F8,0.00012057752805993971,0.001982142421209754,0.002428776753845785,0.00033805596534519644,0.00015374533864331852,0.0007468261735121828,0.0007468261735121828,,0.001456412364586268,0.001456412364586268,,-0.0002292830946923896,-0.0002292830946923896,,0.0011911432524265297,,,0.0021163220562399054,0.002713057889621062,,-0.001748023772278673,,,0.003154136785286421,-7.311266509391068e-05,,-0.0025323608679004295,,0.0005657708628004077,-0.0005660912313527611,-0.0005660912313527611,-0.0005660912313527611,-0.0005660912313527611,-0.0005660912313527611,0.0005657708628004077,0.0005657708628004077,-0.0005660912313527611,0.0011623791484289825,0.0009731866979927339,0.0038170903600815986,,0.0037530829061007687,,0.003228451538024979,,0.0012690184112852387,0.002403680010198306,,,0.021607483110111514,,0.04097026613135435,,0.46075601596284876,,0.023826541743428464,,0.2669037229108703,,0.6206689522753646,,0.5003913235579676,0.1478384762258501,0.22442399675978753,,0.7268204176862458,1.0,,0.09796338649198899,0.08473307721918921,,0.06244445024685008,0.49220048107061376,,0.44605781026430025,0.44605781026430025,0.013627621207955354,0.013627621207955354,0.3811247950201775,0.005395937644898097,0.3619124418997084,0.005152400608559926,0.2699175008181085,0.006317955348567272,0.00735075504173488,-0.000655251982319971,0.004665920064292117,0.0070774504430538565,0.00735075504173488,7.580130211759517e-05,0.001486894974865094,-0.002328772631635667,0.00236879637192966,-0.0019868994044718313,0.17316884597732485,0.3024149959746425,7.580130211759517e-05,0.001486894974865094,0.00236879637192966,-0.0019868994044718313,0.00539754732108555,-0.0008433344643634655,0.006266508977220919,0.005130012632609593,-0.0005436322119523052,-0.005661768349543683,-0.005661768349543683,-0.00018916778843736104,0.003752584131194503,0.48081503785602164,-0.005776250549844653,0.3260137513234256,-0.0028580235461930226,0.39991231223176327,0.4476975340643379,0.33537790308940574,0.48081503785602164,0.4293708316414224,0.33537790308940574,-0.00021989112603559846,0.1130240561742929,0.043405866488120504,0.7268204176862458,0.09796338649198899,0.32725789277448336,0.6776101525689417,0.043405866488120504,0.0038027506870519368,0.011047875890848324,0.01368199782587376,0.029656839192863327,0.02683189835137967,0.04639696013093042,0.7225494075707848,0.008780820697606773,-0.002956092692676604,-0.005983879379387824,0.04639696013093042,0.010391497766498836,0.003759320003223543,0.01368199782587376,0.00907215810026163,0.18989422980469772,0.0701306140854524,0.013117382012881595,0.022943350814812136,0.04000928613686783,0.0122806666506039,0.028639981648214907,0.013128147885050567,0.5312761122481358,0.025904232567299346,0.2224388834563663,0.19534451090623328,0.0008057421252746222,0.0008057421252746222,0.0008057421252746222,-0.0033938633441379373,0.00757513252285158,0.003832193221789848,-0.0049806884792407136,0.0004691273788872685,-0.006525419646540964,0.010456199540698763,0.007446893067307392,0.00539754732108555,0.01702398034452257,0.00539754732108555,0.01702398034452257,0.005352237360420675,0.019180988848597536,0.010456199540698763,-0.003880515948028851,0.0038238150285769823,0.0030196928053891625,0.0041171364268250965,-0.0005152364746707772,0.007446893067307392,0.0015743977820832367,0.39221883938081903,0.7268204176862458,0.5252765927114813,0.7579854671388894,0.0033417602544174585,0.6541571939114551,-0.0030002374636790563,0.5074183330112709,-0.005983879379387824,0.4051911030839763,0.011112289772513662,0.5027862669868436,0.001895041580051382,0.018777411729778315,-0.0005286310344176925,-0.0003775365738556413,0.677739208104505,0.011112289772513662,0.07351060060414727,0.001895041580051382,-0.0005286310344176925,0.5312761122481358,0.005781431800855774,0.1130240561742929,0.0005898080027030295,0.044816853629124576,0.0036520762465063195,0.7268204176862458,0.010456199540698763,0.23095080600923457,-0.002560237178252045
B5_sub_RF_full_F8_bldg,,,,,,,,0.08070266735114384,,,0.07225215267201346,,,0.04138578832952278,,0.019642582827938626,0.009785275153046724,,,0.008037107310521097,,0.0016214015069976329,0.029666148911786427,,,0.026396309459363998,,0.0013038227074657627,,,,,,,,,,,,,0.00920763915963052,,0.011012211393922944,,0.016597148341411017,,,,,,0.588628404628168,,0.632825085333844,,0.5764125216920962,,0.6379106494383919,,0.6564360938888334,,0.6549886444116848,,,,0.48277804614585107,,,1.0,,,0.3544280611777636,,,0.607396203456857,,,,,,,,,,,,,,,,,,,,,,,,,,,,,,,,,,,,,,,,,,,,,,,,,,,,,,,,,,,,,,,,,,,,,,,,,,,,,,,,,,,,,,,,,,,,,,,,,,,,,,,,,,,,,,,,,,,,,,,,,,,,,,,,,,,,,,,,
B5_sub_XGB,0.0004525914337492054,-0.016319573203949833,-0.014011162332338678,0.007032898801097143,0.003743608877731841,0.010358091540471626,0.010358091540471626,,0.009720074751374264,0.009720074751374264,,0.003439762081423159,0.003439762081423159,,0.011194400974962049,,,0.005267689108745199,0.00934936918842133,,0.001151409372863732,,,0.020522758450601253,0.01373285375968647,,-0.002405759114725292,,0.006776534391504718,-0.0011466157614976602,0.0033808986116465878,-0.003410372948069673,-0.0022784943547835557,-0.003410372948069673,0.013567805951220868,0.013567805951220868,-0.003410372948069673,0.002632236871989102,0.0075937945442825505,0.00937908493265005,,0.004535337602526224,,0.004617163630016519,,0.007661064933471073,-0.006554256734755182,-0.010215728474000763,-0.003480956950840719,0.19301779800179575,,0.2877136881601118,,0.17219032985137417,,0.19935348239128303,,0.324832554313197,,0.11541319955987495,,0.18523653894109726,0.07522457751135225,0.06646067372463893,,0.09231275671624439,0.09796338649198899,,1.0,0.3479531573189337,,0.008512440116781428,0.14077726221317943,,0.24721674108355463,0.24721674108355463,0.0194870083019556,0.0194870083019556,0.1578380377800065,0.010730799242855138,0.167029243920788,0.0032830762885439624,0.1627958480069186,0.00196231310840711,0.005650189796021943,0.0024958804363363063,0.00762563979280606,0.0013485794067531476,0.005650189796021943,0.004113037649543405,0.003656800818589989,2.6076790903384328e-05,0.001264090766915249,0.004048658534386962,0.05925455760436227,0.05536256882264423,0.004113037649543405,0.003656800818589989,0.001264090766915249,0.004048658534386962,0.006127776013195252,0.0012022856641248358,0.004063559392748384,0.005927903663620726,-4.372024471610558e-05,0.010772140957535203,0.010772140957535203,0.0008780164772855814,0.004773045815889554,0.04155284885208521,0.021368980635092405,0.05409355893094325,0.016355566258523635,0.03521063499413302,0.036142550849838084,0.05596382396023236,0.04155284885208521,0.061923801950476864,0.05596382396023236,0.0008456271089704037,0.0747640481789622,0.31885865143334735,0.09231275671624439,1.0,0.41508147225915104,0.1276757044128476,0.31885865143334735,0.12554806660560147,0.14691154136877427,0.04649505232063844,0.18838910418303234,0.2329308055183058,0.33612470054264687,0.10920400308018308,0.007954174543385983,0.016895792447658264,0.02163612843748286,0.33612470054264687,0.14821962920053244,0.13433773012977146,0.04649505232063844,0.006579355425008537,0.0718382795852538,0.13481517006284882,0.10578713343100343,0.1119710294046179,0.05201718993511639,0.11277127545557908,0.1341428724670406,0.10450962093539118,0.12253153715091758,0.22778829077803397,0.14783435890833252,0.09808774398945852,-0.01325062535894772,-0.01325062535894772,-0.01325062535894772,0.02640098733228624,0.06031021602014819,0.007798690903069616,0.009446097541993437,-0.026098772103537282,-0.045543882509587075,0.007444574555857564,0.00800871677323256,0.002409387147397579,0.09771974040828613,0.004002982375596598,0.09771974040828613,0.0013147562352602282,0.02254887175678555,0.007444574555857564,0.01919403185568469,0.0037857310149433943,0.004056663536625038,0.003518957008632251,0.0015909591427805125,0.00800871677323256,-0.017454610901622925,0.12009535743736588,0.09231275671624439,0.13031302773759668,0.09407885708785424,0.006480190690373422,0.09562390149537947,0.01814009774160752,0.10753180632120207,0.02163612843748286,0.1111305920235568,0.01471292338913377,0.15082042196831946,0.04373444287178485,0.04608367525584944,0.031071031022633755,-0.0011093225294964704,0.1594215740839382,0.01471292338913377,0.007724631774562285,0.04373444287178485,0.031071031022633755,0.12253153715091758,0.02706420292373024,0.0747640481789622,0.00299949851994874,0.3385624598984056,0.10305508296737564,0.09231275671624439,0.007444574555857564,0.12712038508908685,0.0058553225895026095
B5_sub_XGB_full_F8,0.0025729175572807295,-0.009811504481836542,-0.006815416891438053,0.004803189190213386,0.0021175743685112325,0.010424192362906148,0.010424192362906148,,0.010881064032960963,0.010881064032960963,,0.0027861536850684043,0.0027861536850684043,,0.0016970015670494387,,,0.004162209392903349,0.0037251972869375427,,-0.0006117269416321403,,,0.011916943940039393,0.004820413165198878,,-0.002496223346927229,,-0.009068472800428218,0.01017343862706166,-0.0011453328008736996,-0.004540964229254207,0.007909684341474543,-0.004540964229254207,0.029415350054551537,0.03167910434013865,0.006777807198681041,0.005883122761837556,0.004154817075073702,0.009572127975335465,,-0.004984515966572012,,-0.0010737536769385159,,0.004238631068545606,-0.003152658178048995,0.006700167504187671,0.010067285580444674,0.20926728766246605,,0.29719654591913147,,0.20741037786206762,,0.21090144365059293,,0.2836862344246399,,0.0994658900493639,,0.12155931780985407,0.06979526975681616,0.05866119762774169,,0.0811406731352945,0.08473307721918921,,0.3479531573189337,1.0,,0.011740986001632314,0.1639896501531466,,0.160289008890228,0.160289008890228,0.02635890450645717,0.02635890450645717,0.14081619307214488,0.02150349141209329,0.14766619671248793,0.0015930392747495192,0.13962556417367755,0.0006776954869616159,-0.0002138409286414067,0.0006776954869616159,0.004220948114567191,0.00020507188693363876,-0.0002138409286414067,0.001786500138443059,0.002828186605893568,0.002776553256398917,0.0028167984558646886,0.00035047317899417063,0.04683414139046316,0.05205971017435895,0.001786500138443059,0.002828186605893568,0.0028167984558646886,0.00035047317899417063,0.00420338674233256,0.00183426543699583,0.0015678116328329272,0.0035478029146632784,0.001268343528775806,0.02065031845686449,0.02065031845686449,0.00026954794558620154,0.013353291810247248,0.031511777279805475,0.023995482848194416,0.05005177076912115,0.02467574005816131,0.028321175239144458,0.030941770874323926,0.05041596486498312,0.031511777279805475,0.05489414056578423,0.05041596486498312,0.00023730349674333517,0.07232841665160206,0.33039283553628374,0.0811406731352945,0.3479531573189337,0.27212315381770236,0.11655585629916176,0.33039283553628374,0.1337122378702167,0.16265421694962245,0.03787304984891915,0.19001004183962567,0.25784930509861037,0.3555031034414786,0.09404714796672486,0.014657723038796422,0.024657771190171984,0.022326668105547065,0.3555031034414786,0.16734208241836723,0.15175200081917117,0.03787304984891915,0.01395485916108874,0.06765750554252004,0.12191757640816181,0.12131968734703236,0.09443545259028885,0.05134582208778116,0.11727760897274453,0.13743720490664735,0.11913747403437747,0.10777863703455148,0.24589049747966463,0.1350441845958984,0.08714234508817875,-0.009833997325503718,-0.009833997325503718,-0.009833997325503718,0.01576565407834918,0.05599040407069378,-0.009256346435757346,-0.0034068322845244303,-0.020544651550782556,-0.0388693130096458,0.00890805045081522,0.010495479157297316,0.002824803521394359,0.09406038902400848,0.0037438590020197893,0.09406038902400848,0.002792276941995131,0.08371977375964179,0.00890805045081522,0.027962657493123766,0.001565728267880262,0.003977553771291609,0.0036493354866941052,0.0013007223908660936,0.010495479157297316,-0.010578592191754721,0.10300398100807506,0.0811406731352945,0.11866228931595901,0.07958976696639797,0.015216018574970791,0.08354997299605493,0.02529739688705379,0.0954728317693827,0.022326668105547065,0.0972083512479468,0.010815062578046652,0.1280156479322747,0.07759557073305945,0.05711168037639158,0.01370819060026407,-0.0011070767243710478,0.13468464124525514,0.010815062578046652,0.009301860966789532,0.07759557073305945,0.01370819060026407,0.10777863703455148,0.02364412867275556,0.07232841665160206,0.007546248478200623,0.3521498566168487,0.11546073513065747,0.0811406731352945,0.00890805045081522,0.11256771504106244,0.006405297941050825
B5_sub_XGB_full_F8_bldg,,,,,,,,0.026991921597028123,,,0.010050016601701905,,,-0.00020392667293855915,,0.007212183065295363,-0.00032410578215924524,,,0.0027105525661803576,,0.0003765207670769488,0.008342022040285446,,,0.006643218721967825,,-0.0010268285969496915,,,,,,,,,,,,,0.006104325674760602,,-0.009278052506566548,,0.004339804639451272,,,,,,0.4111723153340574,,0.4546319813781896,,0.7181008622430491,,0.40162562944661684,,0.4621005004868193,,0.4644865175654762,,,,0.4746530281316603,,,0.3544280611777636,,,1.0,,,0.6583132785458832,,,,,,,,,,,,,,,,,,,,,,,,,,,,,,,,,,,,,,,,,,,,,,,,,,,,,,,,,,,,,,,,,,,,,,,,,,,,,,,,,,,,,,,,,,,,,,,,,,,,,,,,,,,,,,,,,,,,,,,,,,,,,,,,,,,,,,,,
B6_AdaBoost_alone,2.348562994458625e-05,0.0005100849559872556,0.0006848488054825852,0.0006243731566730748,0.0006918429480307076,0.0004868000648694526,0.0004868000648694526,,0.0009399840732027265,0.0009399840732027265,,0.00029151104505953374,0.00029151104505953374,,0.0004977342664624906,,,0.0003542717244371385,0.0006659984601015134,,-0.0010595395520365258,,,0.0011373676593606774,0.0008063931789844547,,-0.0013223380865075018,,,,,,,,,,,0.0007001237222299395,0.00024538254824924,0.00022070909217153378,,0.0006203849351471558,,0.00042458595917160835,,0.0008245986579659137,0.0011949988826217561,,,0.004016825717831463,,0.007713178813351429,,0.06007292965745459,,0.004433396446129501,,0.04321184104728204,,0.0793825430046119,,0.042509762767735104,0.016234951915241824,0.019770513004408352,,0.05757329177490356,0.06244445024685008,,0.008512440116781428,0.011740986001632314,,1.0,0.08510090015675964,,0.0312720970423902,0.0312720970423902,0.0068056808407434,0.0068056808407434,0.02341414642218309,-0.0012503506912997508,0.046147009263907024,0.0070135744795835064,0.03621258207494904,-0.0004896775918219465,0.0003752941979873192,-0.0004896775918219465,0.0015070071963873,-0.00022174033923438863,0.0003752941979873192,-0.0015024210538148175,0.004456311743376462,0.012470098647480943,0.010303013035195208,0.0004147386709512091,0.03060356022498223,0.01904688751208583,-0.0015024210538148175,0.004456311743376462,0.010303013035195208,0.0004147386709512091,-0.0007200907837698889,-0.0005876135529074844,-0.0005048330937578172,-0.0007739196797054149,-0.0004245367819966095,-0.0013745305462951052,-0.0013745305462951052,-0.0001723442065526548,-0.0009897042919739807,0.040375763325587455,1.479203128751383e-05,0.018635785359839896,-0.0014361243247857924,0.029106614712924306,0.05787155835309177,0.0200743802303176,0.040375763325587455,0.05749422864205189,0.0200743802303176,-0.00019748270011232805,0.007802605595000345,0.007184341523199134,0.05757329177490356,0.008512440116781428,0.032512972447192534,0.06250334833478888,0.007184341523199134,-0.00022304148506147037,0.004072383421266923,0.0034605622213573772,0.005320436245247584,0.004864593060591504,0.0070676463242115295,0.06411418953052439,-0.0010505292872888816,-0.001439604592080368,0.0026953960496906015,0.0070676463242115295,0.004127175025797403,-0.000202741786395233,0.0034605622213573772,-0.001027762494897555,0.015851028977278636,0.005418571573120978,0.0025030763450982763,0.004398626117183335,0.022004409074657505,0.0026424538941618447,0.0069990869956195745,0.0024890773589894,0.0673512665159558,0.004693485072588266,0.03933689220058778,0.021903013610684807,0.0013216172802831272,0.0013216172802831272,0.0013216172802831272,-0.000877071265741769,0.0013216172802831272,0.0013118277890558083,-0.001201092411985405,0.0006597009442501633,-0.0013061508733585026,-0.0009014322725773294,0.020289438061513954,0.021518133455869504,0.0032645464211938924,0.021518133455869504,0.0032645464211938924,-0.000729554785469988,,-0.0009014322725773294,-0.0014701835336097258,0.014538551750332918,0.01201111070450922,0.015603694167594218,-0.00040701929945785587,0.020289438061513954,0.00017768669408702031,0.03280330525807962,0.05757329177490356,0.053625467392392934,0.05662247828806033,-0.001039384574210489,0.05934086421581375,-0.0014411554882154398,0.04844229639171693,0.0026953960496906015,0.03431026586486208,0.037213988982013335,0.05637958523935149,,,,,0.052825674798293254,0.037213988982013335,,,,0.0673512665159558,0.009697224454957576,0.007802605595000345,0.014683729444556648,0.007291254345831333,0.0021425471072048508,0.05757329177490356,-0.0009014322725773294,0.023325832740350605,-0.0011029999127480927
B6_UISEM_Model1_full_F8,0.000284883638496769,0.0021755783941704854,0.002664482389708178,0.00123914614530507,0.0016455109740705076,0.001428514781078527,0.001428514781078527,,0.0025898430593025434,0.0025898430593025434,,0.001099340331396359,0.001099340331396359,,7.002589359383915e-05,,,0.002601977160767044,0.0012197895756348442,,-0.001840188055933556,,,0.003300205328007566,-0.0003619423215370787,,-0.002733420206262327,,-0.0005664117813650726,0.0016973131321673662,-0.0005664117813650726,0.0005654506754011468,0.0016973131321673662,0.0005654506754011468,0.0016973131321673662,0.0016973131321673662,0.0016973131321673662,0.0017001033370398488,0.0021008941025209005,0.0037677874062217453,,0.0037291904657774655,,0.003917453843156449,,0.0023786644553149827,0.0036247407099619933,,,0.033632534181469165,,0.0637118654007105,,0.865442357684929,,0.037063413132235934,,0.3639775776268711,,0.5646176809237717,,0.5083183388590904,0.28342729231659247,0.3970785603363973,,0.46222882932436926,0.49220048107061376,,0.14077726221317943,0.1639896501531466,,0.08510090015675964,1.0,,0.48942039702943885,0.48942039702943885,0.031693965607050734,0.031693965607050734,0.4675353971936459,0.01262476940037971,0.3654225358662564,0.00235646133682621,0.29788133547307827,0.003916392293552007,0.007400366818625881,-0.0006738547465698908,0.007791009997568099,-0.0002530608558637404,0.007400366818625881,0.004249632260871938,0.0008833881750903716,0.0013265886910723834,-0.0031236964387919564,0.006276484132253346,0.15393237568289286,0.24472792676896415,0.004249632260871938,0.0008833881750903716,-0.0031236964387919564,0.006276484132253346,-0.0012040169222045094,0.0036442178057587427,-0.0007028928113930188,0.0029818393484949413,-0.0005563753356394585,-0.005660772640326828,-0.005660772640326828,-0.000190687539121992,-0.002211204844797532,0.25695692367529743,-0.007712489360114594,0.23940246909039797,-0.0072380966653053935,0.22717598774770698,0.24175574569787917,0.2658310904103176,0.25695692367529743,0.2888049079051659,0.2658310904103176,-0.00022194730267965923,0.19828971175489485,0.06647887873834413,0.46222882932436926,0.14077726221317943,0.42277076341770703,0.5068614440197106,0.06647887873834413,0.01725702137854146,0.027486641023442004,0.01179470790107573,0.043982402841886925,0.041703165968409284,0.071007951518123,0.48059521920673054,-0.002539744217438411,-0.007327375843917405,-0.005841129028467895,0.071007951518123,0.023958975322108222,0.018363485422931314,0.01179470790107573,-0.002410644845576737,0.19486225755958198,0.09171121094993306,0.020429514656161607,0.02524015980669736,0.0843914887687498,0.019406328635015013,0.04505658106570687,0.02039938451736767,0.45846728267694714,0.04027184583777721,0.25780384323446437,0.2171951180100521,0.004125889843973662,0.004125889843973662,0.004125889843973662,-0.0037151613049553056,0.010315047258033228,0.0037572133038535904,-0.005015164707706576,-0.00023919542824835105,-0.007942117401115611,0.014917489519641447,0.012371502278407998,-0.0012040169222045094,0.016720925008016252,-0.0012040169222045094,0.016720925008016252,-0.0012307112134863907,0.011718305586104982,0.014917489519641447,-0.004386838949160143,0.0018914428348137946,0.005056133186897016,-0.0019810401537458944,-0.0005266691353815744,0.012371502278407998,0.0018182615423764092,0.3220493031211308,0.46222882932436926,0.43888514767127895,0.4557648796624457,-0.002475571574209301,0.4719709838015369,-0.005168239242202999,0.40919236945919013,-0.005841129028467895,0.3394512370098922,0.017123337162896712,0.43212873707714905,-0.005379602233507308,0.020717959677301723,-0.0014005368724676615,-0.00067977114371498,0.4727346303799175,0.017123337162896712,0.031014922273924328,-0.005379602233507308,-0.0014005368724676615,0.45846728267694714,0.019123403314228238,0.19828971175489485,0.011909574964616199,0.06943218105977389,0.013673327577588434,0.46222882932436926,0.014917489519641447,0.3063523768296682,0.004742126185129036
B6_UISEM_Model1_full_F8_bldg,,,,,,,,0.058092265565535706,,,0.04924552634847734,,,0.029874299543671046,,0.02371094076588831,0.014762715529921921,,,0.014269777652028304,,0.0010957149320641735,0.025782472884249397,,,0.021419649324348478,,0.00034550463736682246,,,,,,,,,,,,,0.023751929120867432,,-0.0014710960910588877,,0.013421175798109308,,,,,,0.6254407271625658,,0.7123061688875731,,0.8918396418066374,,0.6518918063681023,,0.7312076595521109,,0.7137885830488303,,,,0.6947142050588514,,,0.607396203456857,,,0.6583132785458832,,,1.0,,,,,,,,,,,,,,,,,,,,,,,,,,,,,,,,,,,,,,,,,,,,,,,,,,,,,,,,,,,,,,,,,,,,,,,,,,,,,,,,,,,,,,,,,,,,,,,,,,,,,,,,,,,,,,,,,,,,,,,,,,,,,,,,,,,,,,,,
B6_UISEM_no_AdaBoost,0.00020789227094941687,0.0017322318615591303,0.0022703480302032064,0.001816114182478623,0.0017096160382534809,0.002434667209698871,0.002434667209698871,,0.003463813708306396,0.003463813708306396,,0.0011305233802980652,0.0011305233802980652,,0.002234949485944826,,,0.0025195347337612084,0.003919681048407564,,-0.001879418611602679,,,0.004955393974380717,0.0009307843423468354,,-0.0028189765829280677,,0.00226148631775136,-0.002265971486819174,0.003393350768894021,-0.002265971486819174,-0.0011341070356765126,-0.002265971486819174,0.004525215220036682,0.004525215220036682,0.0011296218666088098,0.0017819225154230844,0.002381359255978044,0.005399752289408033,,0.003835303618991426,,0.0035668034676707983,,0.0038130669108285,0.002055839655171865,0.005036381754330299,0.005036381754330299,0.04500586895177183,,0.08438948442923944,,0.5010337710365464,,0.05018702053268698,,0.4073276296870906,,0.4955336370828327,,0.8379411844879366,0.31504694320759274,0.29912149120906095,,0.41864442878702235,0.44605781026430025,,0.24721674108355463,0.160289008890228,,0.0312720970423902,0.48942039702943885,,1.0,1.0,0.026883860332582166,0.026883860332582166,0.4553893804007043,0.011606227153878157,0.38083729649884146,0.0033186833476164246,0.3092721193541127,0.0027381569144169227,0.008724008169303188,0.0061592953126521355,0.006010657237822237,-0.000254337221848866,0.008724008169303188,-0.0032643104722740457,0.00039571669564097967,0.0003079026992316436,0.008319721907964928,0.006487957184173387,0.1660847553961643,0.23061187190242072,-0.0032643104722740457,0.00039571669564097967,0.008319721907964928,0.006487957184173387,0.015343245072927725,0.0024915522611479446,0.009533377555991485,0.008449538209251206,-0.0005625825168906751,-0.004853238236786739,-0.004853238236786739,0.0033241999289943536,0.0007953332368367816,0.2346989905719573,-0.0037667581891995816,0.21646197523202115,-0.006522947139159685,0.20213858948621088,0.20113637617788993,0.24252914413855198,0.2346989905719573,0.2739345003382395,0.24252914413855198,-0.00022292849872451725,0.1919162856090404,0.08641043911526802,0.41864442878702235,0.24721674108355463,0.6088998403262823,0.47150608457774534,0.08641043911526802,0.026079383076463958,0.034962057142179925,0.01681175629506315,0.05439960114657849,0.055895096509804065,0.09388239698185585,0.4390037791554482,0.0034023718118771917,-0.006668351010785445,-0.002581670478471132,0.09388239698185585,0.03385133709251742,0.023200913317447558,0.01681175629506315,0.0005341746246001478,0.16741225871174803,0.10204788379210805,0.025858336314755648,0.03193039837416989,0.07988523815144488,0.025823723631658413,0.05616910717453305,0.025625373424913,0.4241242520337015,0.053215497521458044,0.24377506466525745,0.20924426127733886,0.004738281498458452,0.004738281498458452,0.004738281498458452,-0.002952043896226497,0.013635195969921576,0.0032534350398348844,-0.0055773074093992125,-0.0007295057950889028,-0.00980001350159565,0.010880844017407743,0.017821996603901824,-0.001233467972982627,0.021517068165496478,0.0020818746361994656,0.021517068165496478,-0.0012614993580868372,0.008182083990807776,0.010880844017407743,-0.0064414876980543045,-0.0022631136418949094,-0.0028378132214170737,-0.0020620490269249725,-0.0005322278682651227,0.017821996603901824,0.0012113007294408673,0.33084379903639616,0.41864442878702235,0.3917181026773622,0.4330962365188149,0.0004486869683294481,0.38490896633150473,-0.0029459990890321475,0.372559567568414,-0.002581670478471132,0.32839734269747056,0.013048324652338739,0.3900684931895133,-0.004619185284284288,0.04789608088770203,-0.003978402955385096,-0.000991641875619731,0.46889577569835983,0.013048324652338739,-0.0007921048992711732,-0.004619185284284288,-0.003978402955385096,0.4241242520337015,0.03024114385126786,0.1919162856090404,0.00043865366098072567,0.09076049116419893,0.022670727876940022,0.41864442878702235,0.010880844017407743,0.3069417760350286,0.005859783712709565
B7_UISEM_all_multimodal,0.00020789227094941687,0.0017322318615591303,0.0022703480302032064,0.001816114182478623,0.0017096160382534809,0.002434667209698871,0.002434667209698871,,0.003463813708306396,0.003463813708306396,,0.0011305233802980652,0.0011305233802980652,,0.002234949485944826,,,0.0025195347337612084,0.003919681048407564,,-0.001879418611602679,,,0.004955393974380717,0.0009307843423468354,,-0.0028189765829280677,,0.00226148631775136,-0.002265971486819174,0.003393350768894021,-0.002265971486819174,-0.0011341070356765126,-0.002265971486819174,0.004525215220036682,0.004525215220036682,0.0011296218666088098,0.0017819225154230844,0.002381359255978044,0.005399752289408033,,0.003835303618991426,,0.0035668034676707983,,0.0038130669108285,0.002055839655171865,0.005036381754330299,0.005036381754330299,0.04500586895177183,,0.08438948442923944,,0.5010337710365464,,0.05018702053268698,,0.4073276296870906,,0.4955336370828327,,0.8379411844879366,0.31504694320759274,0.29912149120906095,,0.41864442878702235,0.44605781026430025,,0.24721674108355463,0.160289008890228,,0.0312720970423902,0.48942039702943885,,1.0,1.0,0.026883860332582166,0.026883860332582166,0.4553893804007043,0.011606227153878157,0.38083729649884146,0.0033186833476164246,0.3092721193541127,0.0027381569144169227,0.008724008169303188,0.0061592953126521355,0.006010657237822237,-0.000254337221848866,0.008724008169303188,-0.0032643104722740457,0.00039571669564097967,0.0003079026992316436,0.008319721907964928,0.006487957184173387,0.1660847553961643,0.23061187190242072,-0.0032643104722740457,0.00039571669564097967,0.008319721907964928,0.006487957184173387,0.015343245072927725,0.0024915522611479446,0.009533377555991485,0.008449538209251206,-0.0005625825168906751,-0.004853238236786739,-0.004853238236786739,0.0033241999289943536,0.0007953332368367816,0.2346989905719573,-0.0037667581891995816,0.21646197523202115,-0.006522947139159685,0.20213858948621088,0.20113637617788993,0.24252914413855198,0.2346989905719573,0.2739345003382395,0.24252914413855198,-0.00022292849872451725,0.1919162856090404,0.08641043911526802,0.41864442878702235,0.24721674108355463,0.6088998403262823,0.47150608457774534,0.08641043911526802,0.026079383076463958,0.034962057142179925,0.01681175629506315,0.05439960114657849,0.055895096509804065,0.09388239698185585,0.4390037791554482,0.0034023718118771917,-0.006668351010785445,-0.002581670478471132,0.09388239698185585,0.03385133709251742,0.023200913317447558,0.01681175629506315,0.0005341746246001478,0.16741225871174803,0.10204788379210805,0.025858336314755648,0.03193039837416989,0.07988523815144488,0.025823723631658413,0.05616910717453305,0.025625373424913,0.4241242520337015,0.053215497521458044,0.24377506466525745,0.20924426127733886,0.004738281498458452,0.004738281498458452,0.004738281498458452,-0.002952043896226497,0.013635195969921576,0.0032534350398348844,-0.0055773074093992125,-0.0007295057950889028,-0.00980001350159565,0.010880844017407743,0.017821996603901824,-0.001233467972982627,0.021517068165496478,0.0020818746361994656,0.021517068165496478,-0.0012614993580868372,0.008182083990807776,0.010880844017407743,-0.0064414876980543045,-0.0022631136418949094,-0.0028378132214170737,-0.0020620490269249725,-0.0005322278682651227,0.017821996603901824,0.0012113007294408673,0.33084379903639616,0.41864442878702235,0.3917181026773622,0.4330962365188149,0.0004486869683294481,0.38490896633150473,-0.0029459990890321475,0.372559567568414,-0.002581670478471132,0.32839734269747056,0.013048324652338739,0.3900684931895133,-0.004619185284284288,0.04789608088770203,-0.003978402955385096,-0.000991641875619731,0.46889577569835983,0.013048324652338739,-0.0007921048992711732,-0.004619185284284288,-0.003978402955385096,0.4241242520337015,0.03024114385126786,0.1919162856090404,0.00043865366098072567,0.09076049116419893,0.022670727876940022,0.41864442878702235,0.010880844017407743,0.3069417760350286,0.005859783712709565
B7_UISEM_card+coh,-0.000121775030507143,-0.00020468837709297638,-2.8911987754343116e-05,-0.0006457771891654751,-0.0014826604957192124,-0.00035649197087006534,-0.00035649197087006534,,-9.960197753389188e-05,-9.960197753389188e-05,,-0.0012018071194570545,-0.0012018071194570545,,0.0036590187515174177,,,0.0028237219445997885,0.006020988563350649,,-0.0011242366033599183,,,0.002751944803035533,0.0046709306741166134,,-0.001404586249513784,,0.0011305818876553575,0.0011305818876553575,-0.0011331448389448884,-0.0011331448389448884,-0.0011331448389448884,-0.0011331448389448884,0.002262445250955536,0.0011305818876553575,-0.0011331448389448884,-0.00048769329053222066,-0.0010052022326119125,-0.00180094461813618,,-0.0026861228800620918,,-0.002492663231429937,,-0.00037200207751508785,0.000494201885287815,-0.001697720568821559,-0.001697720568821559,0.010906408085936903,,0.018264045009182883,,0.04171043461856749,,0.012552787958779121,,0.024669915286014032,,0.02678829726381382,,0.028819102602431035,0.022284535095774993,0.019576366072862394,,0.013978981119162737,0.013627621207955354,,0.0194870083019556,0.02635890450645717,,0.0068056808407434,0.031693965607050734,,0.026883860332582166,0.026883860332582166,1.0,1.0,0.03474947414294616,0.5977150659078682,0.008264367606083733,0.0019498398823100116,0.009254544616022597,0.08991656928351666,0.012843220950507606,0.07180545623443235,0.010816681960913788,0.038408946240793274,0.012843220950507606,0.0018406498405937333,0.0050771497727419845,0.03149303620082855,0.009845167704783386,0.006435395999366045,0.01623318009884911,0.00997229240266162,0.0018406498405937333,0.0050771497727419845,0.009845167704783386,0.006435395999366045,0.015587869357554185,0.03429977454783284,0.017364951535817963,0.031333115365964836,0.008689101435795155,0.0005110104122149073,0.0005110104122149073,0.029086000336415396,0.5828490010054911,0.004701913994033413,0.001353472723689686,0.009754350770344478,0.2428946998810002,0.005172916432354957,0.01205815669539223,0.010504350444422217,0.004701913994033413,0.0168746059267888,0.010504350444422217,0.038625388869306665,0.02660418069676096,0.014559524208435537,0.013978981119162737,0.0194870083019556,0.03365205640671998,0.01506453075583869,0.014559524208435537,0.034156982600824115,0.038051205187536574,-0.0009783561084071302,0.0012209977725742283,0.01151809576526186,0.021822109041822024,0.02322521859148019,0.6208245257780123,0.2498029179443675,0.0020367907697965704,0.021822109041822024,0.03529671288494085,0.03475334770759031,-0.0009783561084071302,0.5991931946599992,0.028360447688474122,0.016451983429121464,0.008287120029127015,0.016180015029694572,0.10518173798262342,0.009596073826249274,0.01703605600616742,0.00781382898860472,0.034769469419135945,0.012345561218948031,0.02204054810773659,0.034758736533500256,0.005769995843404541,0.005769995843404541,0.005769995843404541,0.00035185986349706155,0.002095184039304754,-0.0015103928864186322,0.002355073611751024,-0.0026492780199514065,-0.003681368218342529,0.1425851693235729,0.03253495969666409,0.05730024777460707,0.011718835109798098,0.06564272345801758,0.011718835109798098,0.08196123006924316,0.8901973342065219,0.1425851693235729,0.21891965741185215,0.06997389825778288,0.07056080677965992,0.06482682123803774,0.06434242296962889,0.03253495969666409,-8.231277167980444e-05,0.007842914280536184,0.013978981119162737,0.029381719500850112,0.02246649509868337,0.6066991096007113,0.02968943606148966,0.250479790342621,0.011478209317786536,0.0020367907697965704,0.008346090400714767,0.3455267068507789,0.02286486053624559,0.2901239562297624,-0.002780425168779521,-0.002890247993600159,-0.0009065669443026891,0.018700546419310515,0.3455267068507789,0.03769383350590716,0.2901239562297624,-0.002890247993600159,0.034769469419135945,0.23528232373227498,0.02660418069676096,0.09683208255609621,0.015706579788054564,0.011738158914906927,0.013978981119162737,0.1425851693235729,0.048666054443919915,0.17757640385405427
B7_UISEM_card+coh+delta,-0.000121775030507143,-0.00020468837709297638,-2.8911987754343116e-05,-0.0006457771891654751,-0.0014826604957192124,-0.00035649197087006534,-0.00035649197087006534,,-9.960197753389188e-05,-9.960197753389188e-05,,-0.0012018071194570545,-0.0012018071194570545,,0.0036590187515174177,,,0.0028237219445997885,0.006020988563350649,,-0.0011242366033599183,,,0.002751944803035533,0.0046709306741166134,,-0.001404586249513784,,0.0011305818876553575,0.0011305818876553575,-0.0011331448389448884,-0.0011331448389448884,-0.0011331448389448884,-0.0011331448389448884,0.002262445250955536,0.0011305818876553575,-0.0011331448389448884,-0.00048769329053222066,-0.0010052022326119125,-0.00180094461813618,,-0.0026861228800620918,,-0.002492663231429937,,-0.00037200207751508785,0.000494201885287815,-0.001697720568821559,-0.001697720568821559,0.010906408085936903,,0.018264045009182883,,0.04171043461856749,,0.012552787958779121,,0.024669915286014032,,0.02678829726381382,,0.028819102602431035,0.022284535095774993,0.019576366072862394,,0.013978981119162737,0.013627621207955354,,0.0194870083019556,0.02635890450645717,,0.0068056808407434,0.031693965607050734,,0.026883860332582166,0.026883860332582166,1.0,1.0,0.03474947414294616,0.5977150659078682,0.008264367606083733,0.0019498398823100116,0.009254544616022597,0.08991656928351666,0.012843220950507606,0.07180545623443235,0.010816681960913788,0.038408946240793274,0.012843220950507606,0.0018406498405937333,0.0050771497727419845,0.03149303620082855,0.009845167704783386,0.006435395999366045,0.01623318009884911,0.00997229240266162,0.0018406498405937333,0.0050771497727419845,0.009845167704783386,0.006435395999366045,0.015587869357554185,0.03429977454783284,0.017364951535817963,0.031333115365964836,0.008689101435795155,0.0005110104122149073,0.0005110104122149073,0.029086000336415396,0.5828490010054911,0.004701913994033413,0.001353472723689686,0.009754350770344478,0.2428946998810002,0.005172916432354957,0.01205815669539223,0.010504350444422217,0.004701913994033413,0.0168746059267888,0.010504350444422217,0.038625388869306665,0.02660418069676096,0.014559524208435537,0.013978981119162737,0.0194870083019556,0.03365205640671998,0.01506453075583869,0.014559524208435537,0.034156982600824115,0.038051205187536574,-0.0009783561084071302,0.0012209977725742283,0.01151809576526186,0.021822109041822024,0.02322521859148019,0.6208245257780123,0.2498029179443675,0.0020367907697965704,0.021822109041822024,0.03529671288494085,0.03475334770759031,-0.0009783561084071302,0.5991931946599992,0.028360447688474122,0.016451983429121464,0.008287120029127015,0.016180015029694572,0.10518173798262342,0.009596073826249274,0.01703605600616742,0.00781382898860472,0.034769469419135945,0.012345561218948031,0.02204054810773659,0.034758736533500256,0.005769995843404541,0.005769995843404541,0.005769995843404541,0.00035185986349706155,0.002095184039304754,-0.0015103928864186322,0.002355073611751024,-0.0026492780199514065,-0.003681368218342529,0.1425851693235729,0.03253495969666409,0.05730024777460707,0.011718835109798098,0.06564272345801758,0.011718835109798098,0.08196123006924316,0.8901973342065219,0.1425851693235729,0.21891965741185215,0.06997389825778288,0.07056080677965992,0.06482682123803774,0.06434242296962889,0.03253495969666409,-8.231277167980444e-05,0.007842914280536184,0.013978981119162737,0.029381719500850112,0.02246649509868337,0.6066991096007113,0.02968943606148966,0.250479790342621,0.011478209317786536,0.0020367907697965704,0.008346090400714767,0.3455267068507789,0.02286486053624559,0.2901239562297624,-0.002780425168779521,-0.002890247993600159,-0.0009065669443026891,0.018700546419310515,0.3455267068507789,0.03769383350590716,0.2901239562297624,-0.002890247993600159,0.034769469419135945,0.23528232373227498,0.02660418069676096,0.09683208255609621,0.015706579788054564,0.011738158914906927,0.013978981119162737,0.1425851693235729,0.048666054443919915,0.17757640385405427
B7_UISEM_card+ms,0.0003170271018537729,0.001649315898576309,0.0023169701032472734,0.0015484678434705135,0.0005313968288883641,0.001980312199570955,0.001980312199570955,,0.002426535230007132,0.002426535230007132,,0.0007417109022088697,0.0007417109022088697,,0.0028800906358713574,,,0.003092442140348539,0.005238106797131881,,-0.0018638482986794713,,,0.0007196615917171023,0.002735259870750073,,-0.0027848513673724984,,-0.0017005206322679989,0.0005632093578613606,0.0016950743529260404,0.0005632093578613606,0.0005632093578613606,0.0005632093578613606,0.00622253433318487,0.008486264323314341,0.0016950743529260404,0.0009845822106026025,0.0031464590070108267,0.003336195445803103,,0.0027273676627112,,0.0020700545363387945,,0.002046817068176887,0.0028778838842087318,0.0016693305927544255,0.0016693305927544255,0.041169287485492645,,0.07711036519280123,,0.4612136393949168,,0.04572951193777597,,0.36856604105984037,,0.45954888625763424,,0.45151192485208447,0.2663776567216255,0.2678180612015484,,0.34352214998814046,0.3811247950201775,,0.1578380377800065,0.14081619307214488,,0.02341414642218309,0.4675353971936459,,0.4553893804007043,0.4553893804007043,0.03474947414294616,0.03474947414294616,1.0,0.02142075946673805,0.29906901788330864,0.003967009069363758,0.30771870747267505,0.00304633528652265,0.00606162949772604,-0.000680594301191384,0.006150114775639315,0.003571057669748634,0.00606162949772604,-0.0009630053563598473,-0.0013173031384154932,0.00058211593298374,0.0029866964710678623,0.0023565440440319607,0.14432979286323022,0.21391547511748132,-0.0009630053563598473,-0.0013173031384154932,0.0029866964710678623,0.0023565440440319607,0.005977358933928478,0.002793942693333995,0.010450108234206223,0.009300696995119484,-0.0005609617971398251,-0.005040432891595392,-0.005040432891595392,-0.00019122338502342018,0.0010722709714742207,0.19101586740628174,-0.0073322704954277285,0.201642806608879,-0.0020388976979759388,0.20181455268632886,0.20074021995972346,0.2208824785373361,0.19101586740628174,0.2293930478454892,0.2208824785373361,-0.00022267356771510372,0.1829612085794503,0.07910577745282699,0.34352214998814046,0.1578380377800065,0.4281618351196943,0.40581961906165065,0.07910577745282699,0.02527585429321455,0.028664578384886563,0.008567746731999781,0.05299675644270985,0.0511689091091333,0.08468674165004275,0.3995559552106651,0.007191578564011314,-0.002228126767621852,-0.006864419539392763,0.08468674165004275,0.027419241259956317,0.024993268374364885,0.008567746731999781,0.004117978063758243,0.15286407761904752,0.1002616853007543,0.024532720275161735,0.027851783255207208,0.08614245463084202,0.02480443920990516,0.048774491427470146,0.02481533221539345,0.4141029657755405,0.04890233162406554,0.21132719373291542,0.19343549172951735,0.00538301025040433,0.00538301025040433,0.00538301025040433,-0.0028131716134776052,0.012474753492825674,-0.00012678309725466796,-0.005167051935835998,0.0004934136465015726,-0.008301398709924745,0.025773658269853006,0.009531551728947263,0.0023758276257180855,0.015965876491592312,0.009578890242138871,0.015965876491592312,0.0023417854153755524,0.0075645040731945334,0.025773658269853006,-0.0006159410076609362,0.0011317511640657196,0.00368306054048384,0.0013736659439556043,-0.0005307770995055527,0.009531551728947263,0.001415066924958408,0.31855738581300863,0.34352214998814046,0.3483179819279496,0.3800560024436793,0.0007234785067367078,0.3959574716053784,-0.0003310287293021297,0.30910715694809876,-0.006864419539392763,0.313808584659789,0.01871144610904718,0.37023121599763653,0.0030550817258411245,0.05868723356397432,-0.004365090282171913,-0.0010140324192129402,0.3989196636801494,0.01871144610904718,0.045227719966918656,0.0030550817258411245,-0.004365090282171913,0.4141029657755405,0.035006846530487135,0.1829612085794503,0.0065109535652453365,0.08197507270980742,0.02061147072985614,0.34352214998814046,0.025773658269853006,0.28279485155773754,0.003392367736348989
B7_UISEM_card_only,-0.0003681976324201308,-0.0004576921600141226,-0.00034184583665508583,-0.0005185900691115908,-0.0010313827802712616,-0.0006160930626777361,-0.0006160930626777361,,-0.0005534998479812536,-0.0005534998479812536,,-0.0008773292175483505,-0.0008773292175483505,,0.0014149903862593627,,,0.001975242480468875,0.0037156168038300352,,0.04101879436275646,,,-0.0008661652404020614,0.0004705757047742676,,0.015117068553004098,,-0.0017001997182031214,-0.0005683350857532687,-0.002832064350652974,-0.0017001997182031214,-0.0017001997182031214,-0.0017001997182031214,0.00509098807649655,0.00509098807649655,-0.002832064350652974,-0.000752851750114969,-0.0004235926059248385,-0.002057986708990711,,-0.002881949077427448,,-0.002233384083554446,,-0.0005054925653869002,6.775746406650907e-05,0.008386541786498225,0.011753650303352181,0.009766402950032838,,0.01571888017865508,,0.028933798985728898,,0.011784937019606923,,0.014310893980457373,,0.008049726460009121,,0.012844575334839625,0.026523390696388427,0.0157118814381082,,0.0010610395611578838,0.005395937644898097,,0.010730799242855138,0.02150349141209329,,-0.0012503506912997508,0.01262476940037971,,0.011606227153878157,0.011606227153878157,0.5977150659078682,0.5977150659078682,0.02142075946673805,1.0,-0.000250043346831319,-0.0030542096769474725,0.006065768448101361,0.04770560199757512,0.008343081777206662,0.04770560199757512,0.004418293507809423,0.020483255883072204,0.008343081777206662,-0.0031862235191479904,0.0002467773592732536,0.03320142619404853,0.029810242772609796,0.003479409109368614,0.013434360475947926,0.0012407731428337732,-0.0031862235191479904,0.0002467773592732536,0.029810242772609796,0.003479409109368614,0.01663521947020774,0.01789790081341902,-0.000659872333700795,0.0160526289064733,0.009328356875069499,-0.0006635664058616264,-0.0006635664058616264,0.010285792707676267,0.6060199909997743,-0.002041547914043207,0.00036439422550682554,0.0011416177863207144,0.24224152107349162,-0.001865715655929634,0.005455871242008636,0.0014832027080026178,-0.002041547914043207,-0.001612053732068519,0.0014832027080026178,0.010201461569115389,0.037407772235250825,0.01206007184141844,0.0010610395611578838,0.010730799242855138,0.01972362933238958,0.0057819116182215025,0.01206007184141844,0.03463967951868652,0.03389012853247919,-0.0025674896252179114,6.442727792521641e-05,0.009835099639631473,0.018324413357724723,0.008189072173085732,0.609127276401075,0.2463594272887769,-0.00012509268535487728,0.018324413357724723,0.029921288441734806,0.03523737252674897,-0.0025674896252179114,0.6079247297193398,0.012593786457525402,0.011355620983315995,0.007804643846381687,0.012915898017022642,0.10647541210890521,0.008843655983840182,0.01324211885603599,0.00758835293987814,0.012532128803635745,0.011889466911357838,0.01679083846854046,0.017310393145802183,0.005447651165008005,0.005447651165008005,0.005447651165008005,0.0007868264938660774,0.0013860170952835205,0.0012500323099663424,0.0030327356143330375,-0.0024160304786762232,-0.0031746195052917425,0.16670794940174483,0.03351972633632261,0.052071788137947994,0.008649213406018652,0.04321264597101293,0.008649213406018652,0.051817212709410865,0.89397722301925,0.16670794940174483,0.21564210496743463,0.051121891298301025,0.05333170280461941,0.05289233956831507,0.05893363103002658,0.03351972633632261,-0.0005199971326352859,-0.0019889957367349442,0.0010610395611578838,0.0026013350440349248,0.009962194261955881,0.6157153337060831,0.005005611622410755,0.25293082457312055,-0.004195916208854955,-0.00012509268535487728,0.0008263693063418343,0.2757739783024101,0.008715711271265913,0.27707440992121257,-0.008852197012965801,0.134382625910209,-0.0009999833336111763,0.006295577936204166,0.2757739783024101,0.03806816601314522,0.27707440992121257,0.134382625910209,0.012532128803635745,0.20585873302768753,0.037407772235250825,0.1368480760344054,0.011266681699585668,0.010261412907884404,0.0010610395611578838,0.16670794940174483,0.02420433358509999,0.17935226771783652
B7_UISEM_coh+ms,0.0004399775902643732,-0.004910825947999742,-0.0041299338132401164,0.0033645546905562984,0.0020973040245113594,0.0026620840563141845,0.0026620840563141845,,0.004013572153527822,0.004013572153527822,,0.0008374292919818282,0.0008374292919818282,,0.0024251287510014263,,,0.0026096686699967897,0.004192282913312417,,-0.0019173220541786051,,,0.006812586580644431,0.000978114041313427,,-0.0029071671738349902,,-0.0016995578906899844,0.0016960338309732759,0.0016960338309732759,0.0005641699237521891,0.0028278977381943626,0.0005641699237521891,0.006223489459857734,0.006223489459857734,0.0016960338309732759,0.0009507514142824691,0.0016829886518527903,0.003928976645072968,,0.006280911649107934,,0.005100047778618166,,0.004336836331584437,-0.001317505305685751,0.005036381754330299,0.005036381754330299,0.05530513742464627,,0.09410513048553926,,0.38267804972397645,,0.05526854581651064,,0.38509146525809346,,0.3894267525852453,,0.3587836750183483,0.17101298460979608,0.20734172040121424,,0.36088214169276545,0.3619124418997084,,0.167029243920788,0.14766619671248793,,0.046147009263907024,0.3654225358662564,,0.38083729649884146,0.38083729649884146,0.008264367606083733,0.008264367606083733,0.29906901788330864,-0.000250043346831319,1.0,0.004009818532952902,0.4649688334342128,0.00205332548185011,0.0016820708011260344,0.00205332548185011,0.0025341230802806702,-0.00025506929968077685,0.0016820708011260344,0.0017769686136233087,0.0012843235664175001,0.0021628521431950043,0.003759145222946292,0.0007965500119058166,0.17012974322291663,0.27877435011549667,0.0017769686136233087,0.0012843235664175001,0.003759145222946292,0.0007965500119058166,0.0014226877784655478,0.004533428717717114,0.002019334803075923,0.0038827676116124366,-0.0005661769262912397,-0.005230313368374873,-0.005230313368374873,0.0026098320698711985,0.00016307462793152538,0.1693782470034757,0.04002322515419443,0.27063034182837065,0.0025225488816070785,0.13426803814805932,0.15890557330824595,0.26607867428676435,0.1693782470034757,0.2625361952923079,0.26607867428676435,-0.00022349072902438927,0.15670789823592357,0.0941017028153538,0.36088214169276545,0.167029243920788,0.41164164925651103,0.4345142320324066,0.0941017028153538,0.004698866260075429,0.019234392035421544,0.0306542164926924,0.07654261498125858,0.05853439287764983,0.09612843135161331,0.36784799756604736,-0.0002663466972676609,0.002246915690430118,0.039324946402104155,0.09612843135161331,0.016751672904596226,0.007904870935348085,0.0306542164926924,-9.64737509181468e-05,0.11362843781871657,0.07882076726341014,0.03156882650600945,0.04381997373508417,0.08972286080701108,0.03175111639681594,0.05449927583792891,0.032143488953010224,0.3608149202266684,0.0600321608633021,0.205497545850717,0.14214335418355017,0.004125737722911471,0.004125737722911471,0.004125737722911471,0.00833231686621616,0.017922403232544237,0.007106570749933261,0.002727869275311323,-0.007064675553514421,-0.01669453107221952,0.005854071386128035,0.013742028793574113,0.0014226877784655478,0.025220355741118583,0.004096254879460304,0.025220355741118583,-0.0012797169129850072,0.00337295616410882,0.005854071386128035,0.005439254819705086,0.0002215406386225638,-0.00046142221243306025,0.0004583406948639457,-0.0005354437540159296,0.013742028793574113,-0.005278454518454767,0.42566347125044857,0.36088214169276545,0.4352385872920269,0.3693079558081881,-0.0001817215230706104,0.31710865628486407,0.0037903638938147077,0.49872590294941,0.039324946402104155,0.43188095193487697,0.0018509983791715756,0.5456288358614221,-0.0016684159601507709,0.12435444112364558,-0.003499323994228254,-0.0009589190367222944,0.49190388753366265,0.0018509983791715756,0.012868868180932802,-0.0016684159601507709,-0.003499323994228254,0.3608149202266684,0.014653394421335952,0.15670789823592357,0.0037439985951994714,0.09605431888301208,0.005195703728964829,0.36088214169276545,0.005854071386128035,0.21612301950072055,0.0017362878428242023
B7_UISEM_coh_only,-0.0004012043803738319,-0.002314274862042609,-0.0017802050605730813,0.00032546057793381156,-0.00038073348152911635,0.0009413323639526627,0.0009413323639526627,,0.0006789716813631053,0.0006789716813631053,,0.0004849991727780001,0.0004849991727780001,,0.007802392858449858,,,0.0015221615257414722,0.0037202296699243576,,-0.0016404373781930826,,,0.008004415614742744,0.01601188098126316,,-0.0023230114261312274,,0.0028275782749979106,-0.0005680145345083876,-0.003963607344014575,-0.0050954716138500444,-0.0005680145345083876,-0.0050954716138500444,0.0016957140051624409,0.0016957140051624409,0.0016957140051624409,-0.0001640330046237537,-0.00022525644939475065,0.00046403713757237064,,-0.00047691655992454507,,-0.00034908886654760884,,8.129850741367406e-05,-0.0013128625312901487,-0.0033954893365735206,-2.839037906809949e-05,6.534551681303125e-05,,0.0028700483096454343,,0.009163938654392467,,0.0010204723765024903,,0.0063890307918983424,,-0.003909686915854138,,-0.0008906706137885578,-0.004231381111101884,-0.003434299512191208,,0.005354752246465533,0.005152400608559926,,0.0032830762885439624,0.0015930392747495192,,0.0070135744795835064,0.00235646133682621,,0.0033186833476164246,0.0033186833476164246,0.0019498398823100116,0.0019498398823100116,0.003967009069363758,-0.0030542096769474725,0.004009818532952902,1.0,0.009464101891214938,0.008671228099417894,0.0014086946583450333,0.008671228099417894,0.0014265617818247645,0.019657743639390435,0.0014086946583450333,-0.001581961584006475,2.930944390500123e-05,0.011613786264249137,0.016391666528643545,0.004934692355296533,0.006176611991610792,0.005644994692895922,-0.001581961584006475,2.930944390500123e-05,0.016391666528643545,0.004934692355296533,0.016021391459909995,0.008202958331540944,0.01786788188234978,0.02381063486464463,-0.0005310251927432841,-0.003559769460470763,-0.003559769460470763,-0.00018761785354004523,-0.001858583585733209,-0.0020709345377123434,0.036268977964329485,0.0054849066382745,0.025252816274506595,-0.0018902279169243918,0.005219841349213383,0.010757980895799268,-0.0020709345377123434,0.008584275644957895,0.010757980895799268,-0.00021779963046619777,0.004937276816769587,0.0017445550064683069,0.005354752246465533,0.0032830762885439624,0.007733478682852235,0.002258415977941075,0.0017445550064683069,0.0016604535543679466,0.002941986975951383,0.027127638769739115,0.0006838085612387301,0.0022323190036379614,0.002625439137069363,0.00397147355746974,0.011736545328695724,0.024659267395085838,0.10744745812322987,0.002625439137069363,0.0038451173330168453,0.0015511029156780598,0.027127638769739115,0.012115152578724864,-0.0009611853526043657,0.0008270994408606791,0.0013480399655662056,0.006086514837537194,0.0033510376839708256,0.004026920135331125,0.0034138211822108966,0.001322126184253758,0.0056068594231570845,0.0017489871118649969,0.004708575999550324,0.007774392374714112,0.001063661032912222,0.001063661032912222,0.001063661032912222,0.00396747717042123,0.002159657532472714,0.004722570099405576,0.002548358613243873,-0.0016356412760458738,-0.002337001722335197,0.006194216945509479,0.009892953975903063,0.007465055733474446,0.005975974554803587,0.007465055733474446,0.005975974554803587,0.007406948128498292,-0.0031667550174141468,0.006194216945509479,0.01916952579383402,0.012852298584852373,0.011314092573912582,0.01342666811180937,0.00902471021622031,0.009892953975903063,-0.0022068737066336386,0.0054952248890846045,0.005354752246465533,0.002228108743798196,-0.0035953655861313827,0.004941008349044762,0.0005331073304100098,0.024392797922327625,-0.0011132665731961033,0.10744745812322987,0.0059121974692109,-0.0017380450153658966,-4.0521922360037266e-05,0.026534187785569374,-0.008119309339447822,-0.0038304902817094533,-0.0009821883912888296,0.009779498489969174,-0.0017380450153658966,-0.0007913294219270561,0.026534187785569374,-0.0038304902817094533,0.0056068594231570845,0.015975856443302017,0.004937276816769587,-0.003191778562646075,0.002842576343140446,0.0012212474993050781,0.005354752246465533,0.006194216945509479,0.003938248295909941,-0.0023027694685859856
B7_UISEM_ms_only,0.000272955116594753,-0.0017336160538017342,-0.0008684730948336217,0.004079774073852294,0.0014582780517651273,0.0036683277858884367,0.0036683277858884367,,0.0037194490754366427,0.0037194490754366427,,8.977357287687227e-05,8.977357287687227e-05,,0.002980261758987246,,,-0.0009704798917817836,0.0026141974712577953,,-0.001953168210738543,,,0.005166822984061126,0.005043447335100759,,-0.002989623929610774,,-0.007931751948698329,0.009046323603497552,-0.004536136838259264,-0.006799880245218715,0.006782580196538102,-0.006799880245218715,0.023760655748734094,0.02489252745221382,0.0033869650860989253,0.0021560813158273406,0.0020461841181292906,0.0029046614798643455,,0.005609520418058511,,0.003711751081712178,,0.00376979555690804,0.002184302926667603,-2.2712174293282317e-05,-0.003389792013263948,0.06787908739308612,,0.1112068656241989,,0.3152695697956217,,0.06929039065830744,,0.3663119759749852,,0.33309092739590473,,0.2949851437505344,0.1524111609901928,0.16820693788482688,,0.2736616952086005,0.2699175008181085,,0.1627958480069186,0.13962556417367755,,0.03621258207494904,0.29788133547307827,,0.3092721193541127,0.3092721193541127,0.009254544616022597,0.009254544616022597,0.30771870747267505,0.006065768448101361,0.4649688334342128,0.009464101891214938,1.0,0.0036158175454549246,-0.0008708664172367708,0.0036158175454549246,-0.0024359485059775032,0.0019306549628999026,-0.0008708664172367708,0.0016201161220368299,0.005419572428981945,0.005089653406490036,0.0041931134007930915,0.010137473856697166,0.19821053106241304,0.2991842025248935,0.0016201161220368299,0.005419572428981945,0.0041931134007930915,0.010137473856697166,0.002958647069007503,0.005509375600766364,0.007884766847314872,0.004855866709267409,-0.0005692754150168344,-0.009214921180967561,-0.009214921180967561,0.004189822877007088,-0.002430055169610368,0.1151709246243473,0.015692347339741897,0.28883537040899065,0.007179523152301748,0.11283667999913327,0.11039953164964156,0.2978376787139403,0.1151709246243473,0.237141236515928,0.2978376787139403,0.001964701967051452,0.14987927784840738,0.1026713356369725,0.2736616952086005,0.1627958480069186,0.3551190271275293,0.3493912549410807,0.1026713356369725,0.009387932165035862,0.017360942108910926,0.024754557916649045,0.0983826348496547,0.0710749312468808,0.10664326778606936,0.29670286792893197,-0.002832768152420728,0.00828093185585932,0.02045105460211083,0.10664326778606936,0.01647934015121566,0.009710561676677276,0.024754557916649045,-0.0026730969280615025,0.0960909649643803,0.08333408065762882,0.03703452549216846,0.0449661274124078,0.0755813088057693,0.040267309243567806,0.062454246929876556,0.037988918539938354,0.32917004214379497,0.0690437279302103,0.18152909148837781,0.11650587152209368,0.011056203427764477,0.011056203427764477,0.011056203427764477,0.002930095335982208,0.022725346957838677,0.0030949819554935143,-0.0006479552725937587,-0.004847907019370545,-0.01848040578202026,0.0062875443075040005,0.013796927629417532,0.002958647069007503,0.025077902716212574,0.005071022816742654,0.025077902716212574,0.0008145555557652617,-0.013185298575048687,0.0062875443075040005,0.007267187440766043,0.0016868517215400392,0.0009516953828972996,0.0019396962742913582,-0.0005382141656753436,0.013796927629417532,-0.002112749475278397,0.5194228506076441,0.2736616952086005,0.4204903349942951,0.26378130353741425,-0.0027531654516390613,0.286310146473882,0.009554912745080468,0.4319466163837504,0.02045105460211083,0.5224444831662229,0.0069086314127361215,0.5052298503425453,0.015228118531824042,0.24784819353412468,-0.006333461789789219,-0.0010929404145076926,0.39766751148241875,0.0069086314127361215,0.006360196441510091,0.015228118531824042,-0.006333461789789219,0.32917004214379497,0.02217335294269074,0.14987927784840738,0.007337513692250774,0.10332536127449266,0.012547452299474182,0.2736616952086005,0.0062875443075040005,0.16955551584041784,0.0006846982915580391
D1_blk_post_block_all,-2.1686015646116275e-05,-0.00019467414759355428,-7.368576074862077e-05,0.0003794716421293698,0.0002529774278481334,0.00019306365335747255,0.00019306365335747255,,0.0005148553934111177,0.0005148553934111177,,0.0004504970454003443,0.0004504970454003443,,0.0006690886798490503,,,0.0006227566369989557,0.0016668123114075284,,-0.0004507301828964305,,,0.0009001580882868065,0.0015998489811070993,,-0.0004930337360495862,,,,,,,,,,,0.00012648321356678593,0.0002529774278481334,-0.00012872808669617264,,0.0001287053053466991,,0.0001287053053466991,,0.0003794716421293698,0.00019302336459525726,,,0.0007764427097350923,,0.000810750894844281,,0.010059030695840798,,0.0007644345317440182,,0.001690804271282098,,0.005136549786324496,,0.003991873388233813,-0.0006730994882970798,0.014864806575852096,,-0.0006536911554393399,0.006317955348567272,,0.00196231310840711,0.0006776954869616159,,-0.0004896775918219465,0.003916392293552007,,0.0027381569144169227,0.0027381569144169227,0.08991656928351666,0.08991656928351666,0.00304633528652265,0.04770560199757512,0.00205332548185011,0.008671228099417894,0.0036158175454549246,1.0,0.006986525337309035,0.5907667331482203,0.005445289517076346,0.26653058771557114,0.006986525337309035,-0.0006802644140160297,0.0013044701278821513,0.03223499807942831,-0.0005933559214914563,0.001271288553001737,-0.0006716751384094888,-0.0006513928758418164,-0.0006802644140160297,0.0013044701278821513,-0.0005933559214914563,0.001271288553001737,0.03130743087579313,0.07806664584442813,0.043130927794638674,0.028525122893624744,-0.00031317617583415114,0.0002882176208252041,0.0002882176208252041,0.1427293368124979,-0.0005488567715050685,-0.0005772976075770764,-0.000697444317080409,-0.0006526693576327514,0.003284333419151353,0.01831622206582162,-0.0005663677848581905,0.007230939618307897,-0.0005772976075770764,0.011301867153265754,0.007230939618307897,0.1377862389358574,0.004102751677303895,0.0014855286625791164,-0.0006536911554393399,0.00196231310840711,0.0009586465892076346,0.003843296521856998,0.0014855286625791164,0.0031262017996599445,0.003300169898384109,0.0005993963907899857,0.0007604957390587863,0.0010375627357913642,0.001403826488509785,0.005222519936312953,0.06668736546851672,0.010911355395755162,0.0007351686229339904,0.001403826488509785,0.002148367070243129,0.003412592807718995,0.0005993963907899857,0.03484701767055265,-0.0006739367439132504,0.0003054232448520544,0.0009071485333664864,0.0017832435170196392,-0.0006986860041580112,0.0010144127818377813,0.00269091355814155,0.000816831642348026,0.008443659831874117,0.0009911048618410634,0.006322755725266749,0.0075246029941354875,0.0006446923356270284,0.0006446923356270284,0.0006446923356270284,0.0003289223803404351,0.00045128120582937914,0.0015559785873897614,-0.0002553994066387677,5.538818837069748e-05,-0.0003807741473857984,0.1144822386781108,0.014437117164517677,0.09482825508065917,0.001174539086829074,0.19010949138795818,0.001174539086829074,0.15586459118116403,,0.1144822386781108,0.010944887710503393,0.21525806442606832,0.1900110521767716,0.19105827751573046,-0.0003033585604905742,0.014437117164517677,-0.00015542614768526697,0.005813624675432227,-0.0006536911554393399,0.004499279005350854,-0.0006546769764279592,0.016676278060496874,0.01255188188004619,0.01077829396815666,0.003723221906670071,0.0007351686229339904,0.006112648099741658,0.1345239930648533,0.0035477031305830575,0.007672869459182885,0.003231069866487468,,,0.004493470747821138,0.1345239930648533,-0.00023576217490606233,0.007672869459182885,,0.008443659831874117,0.07061222644354104,0.004102751677303895,0.01375663122236459,0.0013575818261997163,0.002120275512181302,-0.0006536911554393399,0.1144822386781108,0.006745499616394257,0.10318144044305089
D1_blk_post_block_mean,-2.728406260632532e-05,-0.0036939922857144314,-0.0031457370003058482,0.001390926019416705,-0.0010757123924676204,0.00289559801108219,0.00289559801108219,,0.0021232974350887668,0.0021232974350887668,,-5.291488933689692e-07,-5.291488933689692e-07,,0.002173597738518218,,,0.002304027019766508,0.0006227991110087094,,-0.0020080106399325004,,,0.00035001207983409444,0.004151754180933276,,-0.0032547094233474905,,0.0005542439871736304,-0.0017095063095711183,0.00281799428391849,-0.002841381457943548,-0.0017095063095711183,-0.002841381457943548,0.0073454948774079876,0.008477370025780417,-0.003973256606315978,-6.375817220738433e-05,0.0020233974070794636,0.0015440720030936994,,0.0002569043764378831,,0.00038562113910345364,,0.0005054660766889985,-0.0008506293532049014,-0.005104720588944955,0.00162964939825061,0.005469256730669669,,0.004840876633090074,,0.009421307877954588,,0.004046026926915469,,0.009954461404673265,,0.004102777365346033,,0.006177744052749179,0.009078182625753661,0.005059919318734396,,0.002850816329570849,0.00735075504173488,,0.005650189796021943,-0.0002138409286414067,,0.0003752941979873192,0.007400366818625881,,0.008724008169303188,0.008724008169303188,0.012843220950507606,0.012843220950507606,0.00606162949772604,0.008343081777206662,0.0016820708011260344,0.0014086946583450333,-0.0008708664172367708,0.006986525337309035,1.0,0.006986525337309035,0.7279754385787041,0.005575614914441918,1.0,0.001891446424820531,0.001079226376530129,0.009624892335083346,0.008643049608489606,0.009828075261276603,0.0009240942320138945,0.001564744680972674,0.001891446424820531,0.001079226376530129,0.008643049608489606,0.009828075261276603,0.004403314959503635,0.010535300446774643,0.0011713516344961095,0.002324135319647591,-0.0005596939317566996,0.004308191313536658,0.004308191313536658,0.001757219905866969,-0.0024063401221812164,0.002585730802488584,0.0049440686331599926,0.0061719695304367495,-0.010658719145845152,0.00297126558113181,-0.002589585675538464,0.0003364088294980361,0.002585730802488584,0.000979270809409849,0.0003364088294980361,0.003668213230309858,0.009678525072876365,0.003240199019068024,0.002850816329570849,0.005650189796021943,0.0033301824435197913,0.005796893569168793,0.003240199019068024,0.008422002650438354,0.012520221063755166,0.003214941495033874,0.00489657816779665,0.0032249595740709847,0.0014709081608592633,0.0057547668084630965,0.000748635405522613,-0.00817569952870234,0.006439387466980362,0.0014709081608592633,0.009687211723961697,0.012374327291916898,0.003214941495033874,-0.000884296859605449,0.010198202695222647,0.007468867264045387,0.0030997210788457075,0.011836649172832447,0.007735086883431164,0.007823288659753902,0.0055061189693415,0.0033141261182032533,0.007316030000594664,0.001416453886568525,0.00260280893457554,0.0059858321748645915,0.007155688654674974,0.007155688654674974,0.007155688654674974,0.0061341748154547515,0.005930750867950252,0.0016748051607038406,0.004645865893652235,-0.0035419141618979744,-0.00556239961463012,0.0035940796079931836,0.015579966946026258,0.004403314959503635,0.00635869788544019,0.006287130825237797,0.00635869788544019,0.010015191793717237,-0.013618803563740567,0.0035940796079931836,-0.005731708111546885,0.01038227007502035,0.01660261838462551,0.010692740340281115,0.003322800159555994,0.015579966946026258,-0.004138986668923872,0.0003675711424876438,0.002850816329570849,0.0046133698627927044,0.00586696609364834,0.000839350428541441,0.006855536183352329,-0.006941143861918242,-0.00010711140419572551,0.006439387466980362,0.006058668781952048,0.022542809060799085,0.00540845972531212,-0.01786748778870373,0.0094612127116378,-0.0055905343828805965,-0.0011032064771820949,0.010470695959182708,0.022542809060799085,-0.0008459779511056364,-0.01786748778870373,-0.0055905343828805965,0.007316030000594664,0.025488979047593285,0.009678525072876365,0.006084883567872845,0.0023168997033661265,0.011748221727073349,0.002850816329570849,0.0035940796079931836,0.006010707524855663,0.012682098084002558
D1_blk_pre+post_all,-2.027527943782026e-05,-0.00023328998210558893,-0.0001123007263630349,0.00012648321356678593,-1.100071456150431e-08,0.0001287053053466991,0.0001287053053466991,,0.0003217803493789084,0.0003217803493789084,,0.0003861386973896819,0.0003861386973896819,,0.000513949207471387,,,0.00047381815065572486,0.0013872063212972963,,-0.0004507301828964305,,,0.0007166349725793442,0.0013286182962337634,,-0.0004930337360495862,,,,,,,,,,,-1.100071456150431e-08,0.00012648321356678593,-1.1390674625744168e-08,,-1.1390674625744168e-08,,6.434695733603668e-05,,0.0002529774278481334,-2.0869485695129697e-08,,,0.000890691915919728,,0.000810750894844281,,0.006478774025662992,,0.001255489542724253,,0.0004952243961579006,,-0.0006644032761460306,,0.008657016838406029,-0.0006730994882970798,-0.0006491334780716063,,-0.0006536911554393399,-0.000655251982319971,,0.0024958804363363063,0.0006776954869616159,,-0.0004896775918219465,-0.0006738547465698908,,0.0061592953126521355,0.0061592953126521355,0.07180545623443235,0.07180545623443235,-0.000680594301191384,0.04770560199757512,0.00205332548185011,0.008671228099417894,0.0036158175454549246,0.5907667331482203,0.006986525337309035,1.0,0.005445289517076346,0.26653058771557114,0.006986525337309035,-0.0006802644140160297,0.0013044701278821513,0.03223499807942831,0.02626821068042784,-0.0006812602474812746,0.004197773402410121,0.006816154832186894,-0.0006802644140160297,0.0013044701278821513,0.02626821068042784,-0.0006812602474812746,0.03130743087579313,0.038835439284616524,0.043130927794638674,0.028525122893624744,-0.00031317617583415114,0.00018984983745617967,0.00018984983745617967,0.21416855874478968,-0.0005488567715050685,-0.0005772976075770764,-0.000697444317080409,-0.0006526693576327514,0.003284333419151353,-0.0005623121252202878,-0.0005663677848581905,0.007230939618307897,-0.0005772976075770764,-0.0005014425599032535,0.007230939618307897,0.20676333982098882,0.0017058870604020893,0.0016849523636650598,-0.0006536911554393399,0.0024958804363363063,0.0026140589395154956,-0.0006744209542344226,0.0016849523636650598,0.0031262017996599445,0.003300169898384109,0.0007862002419318781,0.0009073995179856853,0.0010375627357913642,0.0018261998303777949,-0.0006637373421705117,0.06668736546851672,0.007047727877769749,0.0007351686229339904,0.0018261998303777949,0.002148367070243129,0.002954760072130469,0.0007862002419318781,0.03484701767055265,0.003905806673678902,0.004334419020187608,0.0008220867776755902,0.0017832435170196392,0.0007107487648618793,0.0011005842290229273,0.00269091355814155,0.0007320617120555317,0.008443659831874117,0.0009911048618410634,0.006322755725266749,0.011625740998291945,0.0007091627122262079,0.0007091627122262079,0.0007091627122262079,0.00039415952357779727,0.00032234045263090927,0.0015559785873897614,-0.00010416635562471299,7.702829845079862e-07,-0.0003807741473857984,0.16048316134418306,0.014437117164517677,0.19010949138795818,0.001174539086829074,0.19010949138795818,0.001174539086829074,0.1871288655818617,,0.16048316134418306,0.008040173724337518,0.21525806442606832,0.2217753246404276,0.21234621758110606,-0.0003033585604905742,0.014437117164517677,-0.00019403894164327085,0.005813624675432227,-0.0006536911554393399,-0.000527150328387016,-0.0006546769764279592,0.016676278060496874,0.0059468777454645405,0.018417071620912218,0.003723221906670071,0.0007351686229339904,0.006112648099741658,0.19123236985661463,-0.0008646510540923913,0.007554021057713856,0.0066659946888201205,,,-0.0008570142818131732,0.19123236985661463,-0.00028816886695604005,0.007554021057713856,,0.008443659831874117,0.08248938648899096,0.0017058870604020893,0.01375663122236459,0.0019772792622368973,0.002648114562426196,-0.0006536911554393399,0.16048316134418306,0.006745499616394257,0.10318144044305089
D1_blk_pre+post_mean,-9.519251649603433e-06,-0.004478674113639558,-0.00359297654160895,0.002339502398832849,-0.0002536306303067004,0.00315289631146054,0.00315289631146054,,0.0023805956307023646,0.0023805956307023646,,0.0010290694393757516,0.0010290694393757516,,0.003478007445747666,,,0.003324491141247554,0.004788030735010107,,0.00246759431907706,,,-0.001765903240388278,0.004716265033318123,,-0.0011532151901560983,,0.0028160774635952457,-0.005107063805138923,0.0028160774635952457,-0.002843309156929319,-0.006238941129243836,-0.002843309156929319,0.0062117094359098735,0.008475464084119588,-0.002843309156929319,-6.388918915023467e-05,0.00265573813409381,0.001737011730070681,,-0.0006442487022668697,,0.0005785607089334732,,0.0010745594577891149,-0.0016617249213690677,-6.813961807727864e-05,0.006666325968576414,0.009751972027300382,,0.010064990424168752,,0.007809799832738662,,0.007810779455115657,,0.014772613559300263,,0.004261806241596666,,0.0031854329883154175,0.010461419607923461,0.006880133588998971,,0.0009567475919650681,0.004665920064292117,,0.00762563979280606,0.004220948114567191,,0.0015070071963873,0.007791009997568099,,0.006010657237822237,0.006010657237822237,0.010816681960913788,0.010816681960913788,0.006150114775639315,0.004418293507809423,0.0025341230802806702,0.0014265617818247645,-0.0024359485059775032,0.005445289517076346,0.7279754385787041,0.005445289517076346,1.0,0.004393641614166666,0.7279754385787041,0.0008566352069906413,-0.001810258759791017,0.010101509413518617,0.0062902671728745085,0.0014570356824862296,0.003667581257617125,-0.0013883375734284886,0.0008566352069906413,-0.001810258759791017,0.0062902671728745085,0.0014570356824862296,0.004787285504234018,0.009774529155784917,0.002314777513515276,0.0030784573336142262,-0.0005616786843596344,0.00465473795333915,0.00465473795333915,0.0013617829978602725,-0.0024434620437314702,0.002974621669645572,0.0058737817247019875,0.003736097894243673,-0.010264154138327486,0.003363718615221001,-0.0011575510708097259,0.0003207232519497616,0.002974621669645572,0.0014225398015990098,0.0003207232519497616,0.002878839102949615,0.012002939887775455,0.006901847244836334,0.0009567475919650681,0.00762563979280606,0.00634108741631334,0.00520289654682371,0.006901847244836334,0.012984234446221543,0.015815487063072453,0.0037516556792439593,0.006274265074010743,0.005370853521770802,0.00618994860673161,0.0018698522182432065,1.4276957976178117e-05,-0.009352311736178676,0.006800103306411787,0.00618994860673161,0.01332772185531661,0.017654873360769763,0.0037516556792439593,0.00019534340472404654,0.008958890093307192,0.006766451270806106,0.0063557891008945155,0.014994267563534613,0.00865906054510135,0.012148854514028251,0.009001164193521927,0.006530835325561313,0.00889955879406401,0.004441964619589678,0.004716346546495664,0.007487277630482958,0.00886402114126783,0.00886402114126783,0.00886402114126783,0.007404167461963818,0.006543086075153193,0.004012834237364538,0.005435224692529994,-0.00447410516423008,-0.006479218029263434,0.0024961042192390703,0.012065511544226193,0.004787285504234018,0.009589018187594278,0.006298618403999812,0.009589018187594278,0.009283869510450349,-0.014444057448421477,0.0024961042192390703,-0.006800568636399218,0.00937098105403611,0.01573739817253894,0.00966421359207792,0.0025453245020609083,0.012065511544226193,-0.004737664804302266,0.001967076193420958,0.0009567475919650681,0.0016997516826073866,0.0021312491426228597,0.00010461911235348786,0.0016005952639450705,-0.007181999913586257,-0.002232284104303206,0.006800103306411787,0.009210247481585054,0.012395059883963944,0.0016298046433845803,-0.01900042996662643,0.013822288935275484,-0.005721236363986026,-0.0011073800365435371,0.006266323914686844,0.012395059883963944,-0.0008495109083657137,-0.01900042996662643,-0.005721236363986026,0.00889955879406401,0.019675420339300254,0.012002939887775455,0.0036643754602954104,0.0054351508495669165,0.013551913208675548,0.0009567475919650681,0.0024961042192390703,0.007227765876590908,0.009631924093093214
D1_blk_pre_baseline_all,-7.017535281272913e-05,-0.00014736788042624127,-8.673838688055824e-05,6.32431064381267e-05,6.32431064381267e-05,0.00012871255302504547,0.00012871255302504547,,0.00012871255302504547,0.00012871255302504547,,6.435420548078774e-05,6.435420548078774e-05,,0.00013175564061851386,,,-3.389918081353471e-05,0.00022679587435436854,,-0.0002881604477373845,,,0.00021926906487923503,0.0004814061945844772,,-0.0003048711475275301,,0.0005657708628004077,-0.0005660912313527611,-0.0005660912313527611,-0.0005660912313527611,-0.0005660912313527611,-0.0005660912313527611,0.0005657708628004077,0.0005657708628004077,-0.0005660912313527611,0.00012649021313604347,0.00012649021313604347,-0.00012872083715187443,,-4.142063358969494e-09,,6.435420548078774e-05,,6.32431064381267e-05,-3.861898307810918e-05,,,0.00019932197371252958,,-0.0002577561006698037,,0.0034164927196970174,,0.00023343014664767292,,-0.0002567087199421003,,-0.00025171611896412927,,-0.0002529783519760187,-0.00025295426575167035,-0.00024949262344931,,-0.00025016299834934586,0.0070774504430538565,,0.0013485794067531476,0.00020507188693363876,,-0.00022174033923438863,-0.0002530608558637404,,-0.000254337221848866,-0.000254337221848866,0.038408946240793274,0.038408946240793274,0.003571057669748634,0.020483255883072204,-0.00025506929968077685,0.019657743639390435,0.0019306549628999026,0.26653058771557114,0.005575614914441918,0.26653058771557114,0.004393641614166666,1.0,0.005575614914441918,-0.0002509181585432785,0.005786713246100139,0.036811407945706365,0.02939862622869671,0.003706418502056108,0.004786303849928508,-0.0002498256742340388,-0.0002509181585432785,0.005786713246100139,0.02939862622869671,0.003706418502056108,0.08143820497435472,0.05386644394358342,0.12483394221188981,0.07252675901545103,-0.0001751792850495093,4.2219113524533114e-05,4.2219113524533114e-05,0.42850946452413063,-0.00023055735483246131,-0.00023810498197462948,0.0013288756939000557,-0.00025001320754292067,0.003820605124512322,-0.00023551627480533632,0.020821379970074827,-0.0002493516320172251,-0.00023810498197462948,-0.0002613600664174154,-0.0002493516320172251,0.26658007681335283,-0.00025543799869987005,0.0007403157895031764,-0.00025016299834934586,0.0013485794067531476,0.0014178441324741442,-0.00025314066733006513,0.0007403157895031764,0.0008712398428711854,0.0011585854760288727,0.00030313293050254764,0.00018316544849306116,0.00014535367779411335,-4.6330115388126814e-05,-0.00025162047442917057,0.075970337924536,0.011653927344278059,0.002638639699971468,-4.6330115388126814e-05,0.0006221056464867925,0.000888186127704027,0.00030313293050254764,0.0603833278427357,-0.00025307241922623014,0.001770984346801674,0.00025257975590031734,0.00024077837667690893,0.001166355865473867,0.00025924403142441044,0.0004584289410299869,0.00016604522408292244,0.00916105139736767,3.807800775135206e-06,-0.000255500703833178,0.003966881859435278,0.0002578773480246266,0.0002578773480246266,0.0002578773480246266,0.00024902516136537933,6.44662196338519e-05,0.0006493410645009856,0.00012023799295024507,-9.40534235926993e-05,-0.00014840737921240077,0.0819849821229679,0.0075047371269992835,0.2447380796455806,0.00023926944854946175,0.2447380796455806,0.00023926944854946175,0.19982995295238504,-0.00021701313737509942,0.0819849821229679,0.008641055103508766,0.18162996234434148,0.1426557342232324,0.19981780396845739,0.07984170070527441,0.0075047371269992835,-0.0001316689777650648,0.003068581355166744,-0.00025016299834934586,-0.0002681766843970479,-0.0002503072413908569,0.01937478840288165,0.013593492020023912,0.011513788152190396,-0.00025327159228982765,0.002638639699971468,0.003224783238932827,0.03434539227487354,-0.0001489941078605117,0.011539747880775275,0.003118373241280281,-0.0004419052428901171,-0.0003775365738556413,-0.00014876567806765273,0.03434539227487354,-0.00028816886695604005,0.011539747880775275,-0.0004419052428901171,0.00916105139736767,0.030720605545397572,-0.00025543799869987005,0.01490984693557218,-5.09672077477763e-05,0.0009797192993130643,-0.00025016299834934586,0.0819849821229679,0.003556471022886809,0.0328293420315674
D1_blk_pre_baseline_mean,-2.728406260632532e-05,-0.0036939922857144314,-0.0031457370003058482,0.001390926019416705,-0.0010757123924676204,0.00289559801108219,0.00289559801108219,,0.0021232974350887668,0.0021232974350887668,,-5.291488933689692e-07,-5.291488933689692e-07,,0.002173597738518218,,,0.002304027019766508,0.0006227991110087094,,-0.0020080106399325004,,,0.00035001207983409444,0.004151754180933276,,-0.0032547094233474905,,0.0005542439871736304,-0.0017095063095711183,0.00281799428391849,-0.002841381457943548,-0.0017095063095711183,-0.002841381457943548,0.0073454948774079876,0.008477370025780417,-0.003973256606315978,-6.375817220738433e-05,0.0020233974070794636,0.0015440720030936994,,0.0002569043764378831,,0.00038562113910345364,,0.0005054660766889985,-0.0008506293532049014,-0.005104720588944955,0.00162964939825061,0.005469256730669669,,0.004840876633090074,,0.009421307877954588,,0.004046026926915469,,0.009954461404673265,,0.004102777365346033,,0.006177744052749179,0.009078182625753661,0.005059919318734396,,0.002850816329570849,0.00735075504173488,,0.005650189796021943,-0.0002138409286414067,,0.0003752941979873192,0.007400366818625881,,0.008724008169303188,0.008724008169303188,0.012843220950507606,0.012843220950507606,0.00606162949772604,0.008343081777206662,0.0016820708011260344,0.0014086946583450333,-0.0008708664172367708,0.006986525337309035,1.0,0.006986525337309035,0.7279754385787041,0.005575614914441918,1.0,0.001891446424820531,0.001079226376530129,0.009624892335083346,0.008643049608489606,0.009828075261276603,0.0009240942320138945,0.001564744680972674,0.001891446424820531,0.001079226376530129,0.008643049608489606,0.009828075261276603,0.004403314959503635,0.010535300446774643,0.0011713516344961095,0.002324135319647591,-0.0005596939317566996,0.004308191313536658,0.004308191313536658,0.001757219905866969,-0.0024063401221812164,0.002585730802488584,0.0049440686331599926,0.0061719695304367495,-0.010658719145845152,0.00297126558113181,-0.002589585675538464,0.0003364088294980361,0.002585730802488584,0.000979270809409849,0.0003364088294980361,0.003668213230309858,0.009678525072876365,0.003240199019068024,0.002850816329570849,0.005650189796021943,0.0033301824435197913,0.005796893569168793,0.003240199019068024,0.008422002650438354,0.012520221063755166,0.003214941495033874,0.00489657816779665,0.0032249595740709847,0.0014709081608592633,0.0057547668084630965,0.000748635405522613,-0.00817569952870234,0.006439387466980362,0.0014709081608592633,0.009687211723961697,0.012374327291916898,0.003214941495033874,-0.000884296859605449,0.010198202695222647,0.007468867264045387,0.0030997210788457075,0.011836649172832447,0.007735086883431164,0.007823288659753902,0.0055061189693415,0.0033141261182032533,0.007316030000594664,0.001416453886568525,0.00260280893457554,0.0059858321748645915,0.007155688654674974,0.007155688654674974,0.007155688654674974,0.0061341748154547515,0.005930750867950252,0.0016748051607038406,0.004645865893652235,-0.0035419141618979744,-0.00556239961463012,0.0035940796079931836,0.015579966946026258,0.004403314959503635,0.00635869788544019,0.006287130825237797,0.00635869788544019,0.010015191793717237,-0.013618803563740567,0.0035940796079931836,-0.005731708111546885,0.01038227007502035,0.01660261838462551,0.010692740340281115,0.003322800159555994,0.015579966946026258,-0.004138986668923872,0.0003675711424876438,0.002850816329570849,0.0046133698627927044,0.00586696609364834,0.000839350428541441,0.006855536183352329,-0.006941143861918242,-0.00010711140419572551,0.006439387466980362,0.006058668781952048,0.022542809060799085,0.00540845972531212,-0.01786748778870373,0.0094612127116378,-0.0055905343828805965,-0.0011032064771820949,0.010470695959182708,0.022542809060799085,-0.0008459779511056364,-0.01786748778870373,-0.0055905343828805965,0.007316030000594664,0.025488979047593285,0.009678525072876365,0.006084883567872845,0.0023168997033661265,0.011748221727073349,0.002850816329570849,0.0035940796079931836,0.006010707524855663,0.012682098084002558
D1_delta_only,-0.00037666736587693705,-0.0015085844547342298,-0.0010706164864286993,0.0019918152577464987,0.00230805093845321,0.00202680274992173,0.00202680274992173,,0.002670386535592373,0.002670386535592373,,0.0007396351785806665,0.0007396351785806665,,0.0015982818316582215,,,0.000729953653020976,-0.0004889402944656673,,0.004529631032877068,,,-0.0004999689901854509,0.002114131587481638,,0.0061187901715673565,,0.007910637856848868,0.003383133637142599,-0.0022762466374903756,-0.0022762466374903756,0.004515009692069194,-0.0022762466374903756,-1.2494527637185726e-05,0.0011193815272894092,0.013570018131481842,0.005090924928672136,0.00635586765149887,0.0006109184214464491,,0.002477311399891158,,0.0022842362641899427,,0.0031935108444319793,0.0003464323284563253,0.008347126913238245,0.02181609632698034,-0.0003497390995697014,,0.001797237616588343,,0.002743945280159754,,0.0009573485902605317,,0.001062749801051588,,0.00028915313803279385,,-0.0016270253084351705,-0.004616959773013907,-0.004367842122769083,,-0.0014221710495776474,7.580130211759517e-05,,0.004113037649543405,0.001786500138443059,,-0.0015024210538148175,0.004249632260871938,,-0.0032643104722740457,-0.0032643104722740457,0.0018406498405937333,0.0018406498405937333,-0.0009630053563598473,-0.0031862235191479904,0.0017769686136233087,-0.001581961584006475,0.0016201161220368299,-0.0006802644140160297,0.001891446424820531,-0.0006802644140160297,0.0008566352069906413,-0.0002509181585432785,0.001891446424820531,1.0,0.002490210550882832,0.000994663186047573,0.005863837572395947,-0.0072084280624769015,0.006435723876787591,0.0005639727997711619,1.0,0.002490210550882832,0.005863837572395947,-0.0072084280624769015,0.0028428231582544594,-0.0008904146475712249,0.00133777127542134,0.004676330878256474,-0.000558838508615489,0.0073805880407840085,0.0073805880407840085,-0.00018857514757275595,-0.002390607203145656,-0.0008493732278431754,0.0021319127382249947,0.0038255603315617837,-0.010338348504198347,-0.0024887749320237074,-0.0005908266811891494,0.0009336826288403044,-0.0008493732278431754,-0.0002518170186240898,0.0009336826288403044,-0.00021977863246136486,0.0021762788704995373,-8.650955982902886e-05,-0.0014221710495776474,0.004113037649543405,-0.0006893949570490054,-0.00042487079312714116,-8.650955982902886e-05,0.0016571202086258507,0.006264353401379097,0.0020215316958225316,-0.0009930129981654545,-0.0019604469259983937,0.0019572434509756986,-0.0012088903261042727,-0.0028384108192174295,-0.010521455239202337,0.00043636207341046784,0.0019572434509756986,0.005825507424474519,0.0031614853051790126,0.0020215316958225316,-0.0026781208513395605,0.004224061935471535,0.0011807283056282092,0.0003501626100145261,0.004073944481546521,0.0071285755484601365,0.00236180443681111,0.0004015905301151257,-4.538201675119424e-06,-0.00033637198322278294,-1.658565400286527e-05,0.0006367793023820401,6.514557099468465e-05,-0.00019389233532463024,-0.00019389233532463024,-0.00019389233532463024,0.0025120670176533855,0.001740219871073423,0.003917593435138866,0.004761760847695529,-0.0018427303520820448,-0.0024354801366228696,0.00206555057947988,0.021589932538376266,0.0007994682876771853,0.005947353602148486,0.0007994682876771853,0.005947353602148486,0.002809699097552576,-0.01255774133762344,0.00206555057947988,-0.007443326479765311,-0.002336751781574886,-0.0010465105087362758,-0.0021192582088460643,-0.000528327897311609,0.021589932538376266,-0.0019836475586751945,0.0028416632913211837,-0.0014221710495776474,-0.00038344318736105443,-0.0015427906365668154,-0.002758495150323226,-0.0003236447487084959,-0.010604863592862612,0.0007984958687604626,0.00043636207341046784,-0.003336619527066542,0.010817126338120264,0.0023192378079744946,-0.02066841242927997,0.009243219051114249,-0.005649132971899284,-0.0011050976169562077,-0.001830417363664516,0.010817126338120264,-0.0008425913111971273,-0.02066841242927997,-0.005649132971899284,-0.00033637198322278294,0.011767264325424964,0.0021762788704995373,-0.0030334531168858536,0.0013040485636718335,0.008437799829072667,-0.0014221710495776474,0.00206555057947988,0.0031994376461298435,0.0025217951989990883
D1_post_only,0.0002580466780207624,-0.0032482201602699323,-0.0030001601422187107,0.0023396510599724696,0.0017704268213227792,0.0020911435615224017,0.0020911435615224017,,0.0013832013848222857,0.0013832013848222857,,0.0006109008284221895,0.0006109008284221895,,-0.0033966050393268166,,,0.0025082601708797947,-0.0009134673364927792,,0.004189790594300025,,,-0.0033136785800380597,-0.003764300692778555,,0.002690341352075909,,0.003953060490251348,-0.002838168642769645,0.0016893174459109428,0.0028211889680811453,-0.0017062971205994426,0.0028211889680811453,0.0028211889680811453,0.0005574459237408513,-0.002838168642769645,0.0023396510599724696,0.0011379554450453577,-0.0027357349159782274,,-0.0002901164873778672,,-3.268296857794617e-05,,0.003225110986760815,-0.0010049801745324327,-0.00845472689642257,-0.005087599260708231,0.00497528518781587,,0.0024043415179529903,,-0.0004061387681972839,,0.003506575279344726,,-0.003543065567515713,,1.160674738243106e-05,,-0.0004300339625604721,0.0010949570793569174,-0.0010909401256260498,,4.560290712274373e-05,0.001486894974865094,,0.003656800818589989,0.002828186605893568,,0.004456311743376462,0.0008833881750903716,,0.00039571669564097967,0.00039571669564097967,0.0050771497727419845,0.0050771497727419845,-0.0013173031384154932,0.0002467773592732536,0.0012843235664175001,2.930944390500123e-05,0.005419572428981945,0.0013044701278821513,0.001079226376530129,0.0013044701278821513,-0.001810258759791017,0.005786713246100139,0.001079226376530129,0.002490210550882832,1.0,0.01374283639244489,0.010856211767445001,0.004456774531270469,0.0029749349790201274,0.0020002964867930073,0.002490210550882832,1.0,0.010856211767445001,0.004456774531270469,0.006553012284978843,0.0030527115868463905,0.0012401747430936805,0.0024569979751626336,0.0034269519188605546,0.006590691511538904,0.006590691511538904,0.003844386430569058,-0.0023998164490066642,-0.002820966913803069,0.013445559355297898,0.00017425146117455714,-0.010463045625273448,-0.002495935808382921,-0.0025778728762280156,0.0006993768958674096,-0.002820966913803069,-0.0007270091201732054,0.0006993768958674096,0.0017946853061314716,0.0004962499744649573,-0.0012728770744272477,4.560290712274373e-05,0.003656800818589989,-0.0022258372071464194,-0.0007423725704782669,-0.0012728770744272477,0.005488830038839376,0.0035191958982726534,0.001366290541170656,0.0027939012370300498,0.0018248520487349484,0.0039230256339303216,0.0001336318413769355,-0.0009483959633354022,-0.007872215204543176,0.014635997144963886,0.0039230256339303216,0.0050264889074665975,0.0038679155052327996,0.001366290541170656,-0.0026864145900302727,0.0008600478819035251,-0.005150117992154479,0.0024138694542049643,0.00800454225183267,-0.002255109779709663,0.007279405154872465,0.00601457156933316,0.0023847518807181833,-0.0021210016695722977,0.0004742006371315499,0.012572128429297447,0.005383586939602059,0.00319078693502417,0.00319078693502417,0.00319078693502417,0.005400315195013494,0.004222313462789229,-0.004183314248056735,0.006109921148562902,-0.005271332750740987,-0.005209594248174021,-2.5535040112156793e-05,0.021756706702994233,0.006553012284978843,0.006030012863001977,0.006553012284978843,0.006030012863001977,0.010412471827777714,-0.013364634969148748,-2.5535040112156793e-05,-0.007840903041699265,0.01269903610918921,0.01173872485147709,0.00923978168946693,0.0014662959890426874,0.021756706702994233,-0.004193754230379154,0.0010667396311195843,4.560290712274373e-05,-0.0013422577898711818,-8.201776784977355e-05,-0.0008627037377040292,0.0010664661352889349,-0.007968868932397788,-0.001005198416028641,0.014635997144963886,-0.0010131198475327174,0.004110338292033666,0.00015746895179979958,-0.018076494825717715,-0.006129443630512821,-0.005496205001308763,-0.0010922036238489863,0.00033770520608134014,0.004110338292033666,-0.0008459255356176865,-0.018076494825717715,-0.005496205001308763,-0.0021210016695722977,0.004784689522563723,0.0004962499744649573,0.006497138358668941,0.0004990669888595978,0.004505508582909545,4.560290712274373e-05,-2.5535040112156793e-05,-0.0027277485696071135,0.0004349807864961752
D1_pre+post,-5.7174501848278325e-05,-0.00029903920703722164,-0.00043280843682413916,0.00037943265439566165,0.0005059268736105071,0.0004504566784725439,0.0004504566784725439,,0.000579173379692155,0.000579173379692155,,0.0006435317303020716,0.0006435317303020716,,-0.0002345815250184291,,,0.0001281067129766944,8.802514355621405e-05,,-0.0011973163309746404,,,-0.0006780177323941761,4.8044332484620256e-06,,-0.0015511734150648326,,-0.000567373432634799,-0.000567373432634799,-0.0016992369772419469,-0.000567373432634799,-0.000567373432634799,-0.000567373432634799,0.0028282172011862006,0.0028282172011862006,0.0016963536565791637,0.0015811277369369714,0.0013281392985072804,0.0005148150290823494,,0.0003860983278626273,,0.0005148150290823494,,0.0005059268736105071,0.00034736814973357344,-0.005059065009837216,-0.0016920329662533096,0.0022899837864219785,,0.002686053548825229,,0.00045129952154632225,,0.002697315117354493,,0.0004169690504763901,,0.0023023033141038596,,0.0013891917433341838,0.001407397532283583,0.009713913472564895,,-0.0023091770524272803,-0.002328772631635667,,2.6076790903384328e-05,0.002776553256398917,,0.012470098647480943,0.0013265886910723834,,0.0003079026992316436,0.0003079026992316436,0.03149303620082855,0.03149303620082855,0.00058211593298374,0.03320142619404853,0.0021628521431950043,0.011613786264249137,0.005089653406490036,0.03223499807942831,0.009624892335083346,0.03223499807942831,0.010101509413518617,0.036811407945706365,0.009624892335083346,0.000994663186047573,0.01374283639244489,1.0,0.3247965687237405,0.017119136464006757,0.017993665025141325,0.00933989575918881,0.000994663186047573,0.01374283639244489,0.3247965687237405,0.017119136464006757,0.04167194687028264,0.04583328375782447,0.03166536775525153,0.06708393087737574,-0.00048263363522083047,0.0011654023575670136,0.0011654023575670136,0.037563569013501885,-0.0014268529904664096,-0.001573591088348314,0.004446311680764037,0.00912570544649638,0.004235591026804708,-0.001467024108254833,-0.0014949527769880788,0.003814000353435709,-0.001573591088348314,0.006822030540566848,0.003814000353435709,0.03718398409838253,0.0037446934490833472,0.0013929086826246495,-0.0023091770524272803,2.6076790903384328e-05,-0.0013945547651990076,0.0012656700788918895,0.0013929086826246495,0.004006646045099482,0.004096387441556715,-1.1318736200305324e-05,0.0020934482366991025,0.0017763008094359156,0.0020817187683949134,-0.00243961720746122,0.01885856300131894,0.007443496042643161,0.003823401809582072,0.0020817187683949134,0.003603837201607507,0.0034312772277114156,-1.1318736200305324e-05,0.019554038044708344,0.005218886911604326,0.003756095454133801,0.0009766395583481469,0.0029093389138379333,0.007730797903236275,0.002752955535009871,0.004129606473934899,0.0009623520162604926,0.005186269585679026,0.0013837716884046447,0.010037666195832684,0.015106732798987998,0.002030765507475607,0.002030765507475607,0.002030765507475607,0.0005046158310513249,0.001450532094869672,-0.0013298925442786214,0.00043846143425863016,-0.0008434314513876551,-0.000947368142847349,0.04729797607870578,0.22162753808694957,0.05586939950924141,0.000971167708602394,0.07006685214820019,0.000971167708602394,0.05545453876715234,-0.003477749510515382,0.04729797607870578,0.005086577430953976,0.04309950790570516,0.047483955154240864,0.04524772916314568,0.03374404460987246,0.22162753808694957,-0.0005317049464577117,0.00883274285827429,-0.0023091770524272803,0.00634269015368083,-0.0023215259777440433,0.00882207772752841,0.008185725068920124,0.007337278698408611,0.004934154471311958,0.003823401809582072,0.009320387614439207,0.017378266848137813,0.005992980910618284,0.007398208296183095,0.006212973379007503,-0.002599385224764328,-0.0009271898421201463,-0.0022706606674778307,0.017378266848137813,-0.0007144619795769191,0.007398208296183095,-0.002599385224764328,0.005186269585679026,0.06522606691518829,0.0037446934490833472,0.025874639656812803,0.0005289455721793068,0.0029865045120971434,-0.0023091770524272803,0.04729797607870578,0.007080783296894655,0.00772492353786125
D1_pre+post+delta,5.832035934705271e-05,-0.0006500676563714336,-0.000725408079484291,0.0006007840452554314,0.001296502260330068,0.0009974886931354288,0.0009974886931354288,,0.0017697889112500143,0.0017697889112500143,,0.0015767138567213124,0.0015767138567213124,,0.0011245988884510671,,,-8.157728107960338e-05,0.00011897741929167704,,0.01549658623722594,,,0.0005332077084471143,0.0029782871463879257,,0.011571154965574149,,0.0016957140051624409,-0.0005680145345083876,0.0005638497353270822,-0.0005680145345083876,-0.0005680145345083876,-0.0005680145345083876,0.0028275782749979106,0.0028275782749979106,0.0005638497353270822,0.0018024791440207633,0.002181961806788757,0.0002251884750209543,,0.0002895468265304846,,0.0008687719901163682,,0.0010435138184847759,0.00046315655645357,-0.003372700431524045,0.003361344537815003,0.0023324403086197876,,0.00276119858610413,,-0.00027410300960872824,,0.002929554663216538,,0.0007283239676731945,,0.0015369432887367696,,0.008180886239925522,0.0006706498260666827,0.00842407179184157,,-0.0027329228716452825,0.00236879637192966,,0.001264090766915249,0.0028167984558646886,,0.010303013035195208,-0.0031236964387919564,,0.008319721907964928,0.008319721907964928,0.009845167704783386,0.009845167704783386,0.0029866964710678623,0.029810242772609796,0.003759145222946292,0.016391666528643545,0.0041931134007930915,-0.0005933559214914563,0.008643049608489606,0.02626821068042784,0.0062902671728745085,0.02939862622869671,0.008643049608489606,0.005863837572395947,0.010856211767445001,0.3247965687237405,1.0,0.02128978601099829,0.01250438051696745,0.0026976274745629247,0.005863837572395947,0.010856211767445001,1.0,0.02128978601099829,0.046684648510845195,0.012082922606608482,0.02586823395832838,0.04494091524064381,-0.0004988182524274798,0.0018838889634418265,0.0018838889634418265,0.029899420853897185,-0.0015782423814456603,-0.0017595008463671125,0.010841921157311862,-0.0027151515151515593,6.292736342239369e-05,-0.0016273235371040418,0.00774351400547324,0.002962226667082013,-0.0017595008463671125,-0.0023432900721991334,0.002962226667082013,-0.00020984838041426812,0.0092955634148576,0.0015175413241306224,-0.0027329228716452825,0.001264090766915249,0.0024299149363442574,-0.003135900644338774,0.0015175413241306224,0.00470203798238733,0.006964868848894801,0.00023873919782335662,0.0022492009299556193,0.0013095960390251404,0.002472768733260522,-0.0029175420822022957,0.03416805775335785,0.003202329011931071,0.010987027667432647,0.002472768733260522,0.006439707026496544,0.004605068708944282,0.00023873919782335662,0.016758431055506562,0.0005829528345251411,0.0038495866341653473,0.0011267812570203706,0.003157792164446005,0.0067981273621506855,0.0027437171883015754,0.004859756756498745,0.00127836371933443,0.0005658006807651716,0.00207942545590023,0.0048217462210311535,0.003570958000027602,0.0023853385982428588,0.0023853385982428588,0.0023853385982428588,0.0010963801959893438,0.0014827532770832486,-0.0021563831302415792,0.0014579599660500264,-0.0008401140459208811,-0.0013801857494704084,0.07165442342521688,0.3569891217079634,0.08243397419168852,0.0011993965941314855,0.05860109040445971,0.0011993965941314855,0.04638545398556326,0.011456149103706292,0.07165442342521688,0.011779235241897057,0.05650654683072365,0.05023069432122973,0.05893402829251604,0.04121206581714343,0.3569891217079634,-0.000942748239001201,0.007786300445324357,-0.0027329228716452825,0.0011012895700086567,-0.0027502368092853224,0.016474956428156884,0.0021156688762566933,0.00632791317446213,0.0040221073596876655,0.010987027667432647,0.0024569623793386786,0.015818026644840444,0.0014057952523086614,0.0058819061472881184,0.004687662464171516,0.07111079850182,-0.0009821883912888296,-0.002606486828543808,0.015818026644840444,-0.0007495846652276761,0.0058819061472881184,0.07111079850182,0.0005658006807651716,0.07881127940061561,0.0092955634148576,0.028724208610779955,0.002125909017933303,0.004757874764809933,-0.0027329228716452825,0.07165442342521688,0.0029647390254822215,0.014803673597578504
D1_pre_only,-0.0001606729440113419,-0.001712718420272319,-0.0016644657501558857,0.0019285361812295676,0.0019917833193949797,0.001898052919158233,0.001898052919158233,,0.0017049777770592467,0.0017049777770592467,,0.002091128061257219,0.002091128061257219,,-0.0004492376637728057,,,-0.0005963281912646501,0.0009370432212378876,,0.0037109373406815083,,,-0.0010657169526921972,0.0013584081726435437,,-0.0032486017976749437,,-0.001141804676112912,-9.931522154671413e-06,-0.003405550984029615,-0.0022736778300713745,-0.0022736778300713745,-0.0022736778300713745,0.0022538147857619206,0.001121941631803569,-9.931522154671413e-06,0.001232817661410368,0.0007900876942527058,0.0008039604472638295,,9.601825956739862e-05,,-0.0005475655474291852,,0.002687501839214068,0.0009253779687573571,0.0016239803986700663,0.011725592738649815,0.0026745586232966856,,0.004768218348307651,,0.005823993503127012,,0.0025574315938092784,,0.006604396789031131,,0.0028037538927138117,,0.006468701015752143,-0.003584075480150606,0.002002239287190455,,-0.0017930684943754382,-0.0019868994044718313,,0.004048658534386962,0.00035047317899417063,,0.0004147386709512091,0.006276484132253346,,0.006487957184173387,0.006487957184173387,0.006435395999366045,0.006435395999366045,0.0023565440440319607,0.003479409109368614,0.0007965500119058166,0.004934692355296533,0.010137473856697166,0.001271288553001737,0.009828075261276603,-0.0006812602474812746,0.0014570356824862296,0.003706418502056108,0.009828075261276603,-0.0072084280624769015,0.004456774531270469,0.017119136464006757,0.02128978601099829,1.0,0.008432042453324518,0.009849138524405276,-0.0072084280624769015,0.004456774531270469,0.02128978601099829,1.0,0.0064251722604852235,0.004927018677689188,0.0012070736903373458,0.00048565191455496315,-0.0005595103865738693,0.0026759325912990573,0.0026759325912990573,-0.00018865159112246843,-0.0024029510082534955,-0.0028298084736360085,0.00990520191921751,0.008030719336808323,-0.010585719578048991,-0.002502854801880172,-0.0025852542741262585,0.008684211017503496,-0.0028298084736360085,0.007263787599036231,0.008684211017503496,-0.00021988247421123042,0.004480860422561572,0.0005101116958554641,-0.0017930684943754382,0.004048658534386962,0.00840524162445444,0.0018020156722954317,0.0005101116958554641,0.008225253545838362,0.008158785579485794,0.008617705406938625,-0.0008051642218280808,-1.5955830492186962e-05,0.0011182375816189971,0.002937223710634207,0.0008234690549138168,-0.00942011524648878,0.012922060268547697,0.0011182375816189971,0.00808290938187739,0.0024208452384532064,0.008617705406938625,-0.0008444419039626005,0.004815193170406573,0.0010708565088354272,0.001075462041305264,0.009595739299630646,-0.0020245330055699284,0.00670406007800628,0.005813913084638966,0.000627331324035918,0.007626672560555381,0.0006793626228018823,0.010722420308573177,0.0007501736057222708,0.005962996918611685,0.005962996918611685,0.005962996918611685,0.0028445886905189566,0.004673588736127776,-0.0008413875524402314,0.0017847921807701006,-0.001983175570882345,-0.003066336998920116,0.00744721347623456,0.026682144939569996,0.002588976014386679,0.005016205770081772,0.004507074137436007,0.005016205770081772,0.0025561822636130938,0.0026157290889209373,0.00744721347623456,-0.004340329056399028,0.006906751565880276,0.006071599418446927,0.0034643247120547116,0.001432893053946116,0.026682144939569996,-0.002577436945789602,0.0057309348889749145,-0.0017930684943754382,0.004778727434438079,-0.0003101483479577283,-0.0009307691281730257,-0.003948463035784,-0.010865313808829713,0.005764051107262413,0.012922060268547697,0.0024971927436523433,0.003616116082976628,0.00900567145443465,-0.021823419567103874,-0.0024584215418770317,-0.005434510393188097,-0.0010980058796443704,0.005827099194121943,0.003616116082976628,-0.0008446946186388971,-0.021823419567103874,-0.005434510393188097,0.007626672560555381,0.018355031934282784,0.004480860422561572,0.004700654982838226,0.0019862477188979932,0.00916105379406329,-0.0017930684943754382,0.00744721347623456,0.003649802357413301,0.003969524328272134
D1c_post_composite,0.00013379614485731217,0.001263667836673199,0.001579432246040846,0.002498708427708829,0.0010886186317200508,0.0023045160136450082,0.0023045160136450082,,0.0024279670374488527,0.0024279670374488527,,0.0004832657136538687,0.0004832657136538687,,0.003400379771634099,,,0.0024875443383269857,0.003262633122543379,,-0.0017002915390724738,,,0.0035804413982559735,0.0034259355521655266,,-0.0024357027828563194,,0.006781943799474388,0.018100668086659888,-9.290772836845207e-06,-0.011328015060022345,0.016968795657941294,-0.011328015060022345,0.028287519945126793,0.026023775087689716,0.0158369232292227,0.0006172679666076597,0.0021898537837298226,0.0019924046321576627,,0.0010301112227119047,,0.000959815974722944,,0.0024698133776520637,0.002973804269622904,0.003361344537815003,0.003361344537815003,0.025733936939904112,,0.045479832786578966,,0.15802407236437355,,0.02974893870163542,,0.159029306326124,,0.20898332780931272,,0.1806764524711052,0.07722115726193268,0.1045601037092817,,0.1754531463422413,0.17316884597732485,,0.05925455760436227,0.04683414139046316,,0.03060356022498223,0.15393237568289286,,0.1660847553961643,0.1660847553961643,0.01623318009884911,0.01623318009884911,0.14432979286323022,0.013434360475947926,0.17012974322291663,0.006176611991610792,0.19821053106241304,-0.0006716751384094888,0.0009240942320138945,0.004197773402410121,0.003667581257617125,0.004786303849928508,0.0009240942320138945,0.006435723876787591,0.0029749349790201274,0.017993665025141325,0.01250438051696745,0.008432042453324518,1.0,0.2356569800420687,0.006435723876787591,0.0029749349790201274,0.01250438051696745,0.008432042453324518,0.08262407440321062,0.03744010554114141,0.033303865020669066,0.08132698595130505,0.004361843014780709,-0.0008175783788921809,-0.0008175783788921809,0.004873743164779065,-0.0021879072682069456,0.09672707377994005,0.02352105396857218,0.2114009759104747,-0.0069943033990311765,0.0782856807388358,0.0903521363232892,0.21856140496998988,0.09672707377994005,0.23448381413017405,0.21856140496998988,-0.00022171033524354122,0.0887772842636505,0.0356536244779454,0.1754531463422413,0.05925455760436227,0.14804503852419193,0.19723709429303715,0.0356536244779454,0.0031761956700104843,0.005465987612747081,0.004012599856668131,0.030783049128480844,0.02648693505981148,0.037575403595038415,0.16502181477555644,0.005742046062974904,-0.004801753385921037,0.022208226343475634,0.037575403595038415,0.005773503070713115,0.0009600828751067381,0.004012599856668131,0.005970210141137633,0.06859827365386495,0.04694831704511959,0.01352596914880333,0.01792183761644528,0.06582171222432143,0.014978482252828162,0.021902442816568946,0.014197489631787796,0.22324854487213852,0.026244810254648532,0.10848441487971705,0.08968488608267633,0.006350131196223074,0.006350131196223074,0.006350131196223074,-0.0021603658705755535,0.009831532196411419,0.0018348646886581221,-0.0002122238147830302,-0.00014304464157866015,-0.006146504350571291,0.02026748845322912,0.013172729939404326,0.00811638501463885,0.0050955399622270026,0.012773115601424578,0.0050955399622270026,0.0034225883417003944,0.006220211102453188,0.02026748845322912,-0.003984845276997273,0.00640351520376814,0.01361791423518699,0.015425312726313867,0.004403359486042091,0.013172729939404326,0.001865557993078637,0.24863007530118764,0.1754531463422413,0.2776019130830908,0.1554922507270352,0.001704509892857864,0.15675927212139662,-0.004854639819228845,0.2725672367507057,0.022208226343475634,0.25597276476949604,0.016692346043696182,0.30357914316616375,-0.006590240816513271,-0.00027906018960011103,-0.006425270621003953,-0.0010956419895347125,0.2123250830505491,0.016692346043696182,-0.0007750648169013719,-0.006590240816513271,-0.006425270621003953,0.22324854487213852,0.04594789016434564,0.0887772842636505,0.012688872609141089,0.03309372265105581,0.005100680752957665,0.1754531463422413,0.02026748845322912,0.10841038280532878,0.017146037217470655
D1c_pre_composite,6.87025313330647e-05,0.0005018596204400261,0.0007143307480018679,0.00030232290011389384,0.0003119361530697917,0.0009090058123164546,0.0009090058123164546,,0.0016837314277525772,0.0016837314277525772,,0.00025746749501287525,0.00025746749501287525,,0.0015017921374103071,,,0.001672195761424966,0.0016705141404109725,,-0.0016446053121099702,,,0.0022459981790443617,0.0019734882549038435,,-0.002318875295577616,,-0.009060714185598506,0.009049180853066163,-0.0011376351061826995,-0.0022695035460993385,0.009049180853066163,-0.0022695035460993385,0.020367865252231554,0.020367865252231554,0.009049180853066163,-4.878421092380236e-05,0.0003473761796538577,0.0021710613388773448,,0.0013789994132258343,,0.0018302808066736898,,0.0005170273226774436,0.0014787630805443985,,,0.01972686072777352,,0.03525549022470664,,0.2385150593086499,,0.022008434458272275,,0.16388122501866909,,0.2850063728619797,,0.24435090335613074,0.10001469741793456,0.15022753324474913,,0.2953557272671553,0.3024149959746425,,0.05536256882264423,0.05205971017435895,,0.01904688751208583,0.24472792676896415,,0.23061187190242072,0.23061187190242072,0.00997229240266162,0.00997229240266162,0.21391547511748132,0.0012407731428337732,0.27877435011549667,0.005644994692895922,0.2991842025248935,-0.0006513928758418164,0.001564744680972674,0.006816154832186894,-0.0013883375734284886,-0.0002498256742340388,0.001564744680972674,0.0005639727997711619,0.0020002964867930073,0.00933989575918881,0.0026976274745629247,0.009849138524405276,0.2356569800420687,1.0,0.0005639727997711619,0.0020002964867930073,0.0026976274745629247,0.009849138524405276,0.012818949375776212,0.013720675636984314,0.021641477874388526,0.019230232202682607,-0.0005409732240246878,-0.0023159454711787486,-0.0023159454711787486,0.007749161905244328,-0.0019864341085269466,0.21462605768497744,-0.0013047833445678503,0.6008077747589398,0.011266075211053828,0.19230903629653062,0.18449662823089974,0.5967743999220104,0.21462605768497744,0.47573407411062707,0.5967743999220104,-0.0002194548229881299,0.0869817763787113,0.03207959139748551,0.2953557272671553,0.05536256882264423,0.17743003385900824,0.29331441336702035,0.03207959139748551,0.0015290298264079016,0.0058822192101880555,0.007482817624837379,0.02664721422906602,0.021992356936945345,0.03397270449213563,0.28759486362820585,-0.00224763075444967,0.010929537410938939,-0.0017996336545915703,0.03397270449213563,0.004312762417725935,0.0021176604246483377,0.007482817624837379,-0.0021459261409721986,0.08622210086824211,0.040273696496637035,0.009063248705742044,0.014529585562865432,0.03485418485573044,0.011432680060428524,0.020266063482083707,0.00917444148138924,0.28906345801527,0.021336448437044964,0.11681384642995374,0.08513939497208167,0.00464173984309324,0.00464173984309324,0.00464173984309324,-0.0008600192265679762,0.006575851366165231,0.0002857198414218942,-6.481155601889554e-05,-0.0005580432357989995,-0.0050894892432933325,0.011222944992089423,0.008047267536741676,-0.001134139678983015,0.0071846783714387685,-0.001134139678983015,0.0071846783714387685,-0.001157794945236823,-0.0025105212824203527,0.011222944992089423,0.007772068661569764,-0.0019498026865072404,-0.002361903559112921,-0.0017986975893977686,-0.0005128473975477554,0.008047267536741676,0.0005594530650646634,0.4636590643014864,0.2953557272671553,0.4469077453197705,0.3121473996891899,-0.002197224564446154,0.3044594101634388,0.013466250212841202,0.4212263249167746,-0.0017996336545915703,0.48670612083909337,0.007270540815952131,0.4408071735499004,0.01707285471967024,0.09057224704612377,-0.005738946265699596,-0.0010737454328535456,0.3440482447457073,0.007270540815952131,0.03376286401840145,0.01707285471967024,-0.005738946265699596,0.28906345801527,0.017102621026197307,0.0869817763787113,-0.0035884037625812937,0.031245444735960137,0.004084932625229465,0.2953557272671553,0.011222944992089423,0.12373194586874714,0.008667628866369181
D1d_delta_only,-0.00037666736587693705,-0.0015085844547342298,-0.0010706164864286993,0.0019918152577464987,0.00230805093845321,0.00202680274992173,0.00202680274992173,,0.002670386535592373,0.002670386535592373,,0.0007396351785806665,0.0007396351785806665,,0.0015982818316582215,,,0.000729953653020976,-0.0004889402944656673,,0.004529631032877068,,,-0.0004999689901854509,0.002114131587481638,,0.0061187901715673565,,0.007910637856848868,0.003383133637142599,-0.0022762466374903756,-0.0022762466374903756,0.004515009692069194,-0.0022762466374903756,-1.2494527637185726e-05,0.0011193815272894092,0.013570018131481842,0.005090924928672136,0.00635586765149887,0.0006109184214464491,,0.002477311399891158,,0.0022842362641899427,,0.0031935108444319793,0.0003464323284563253,0.008347126913238245,0.02181609632698034,-0.0003497390995697014,,0.001797237616588343,,0.002743945280159754,,0.0009573485902605317,,0.001062749801051588,,0.00028915313803279385,,-0.0016270253084351705,-0.004616959773013907,-0.004367842122769083,,-0.0014221710495776474,7.580130211759517e-05,,0.004113037649543405,0.001786500138443059,,-0.0015024210538148175,0.004249632260871938,,-0.0032643104722740457,-0.0032643104722740457,0.0018406498405937333,0.0018406498405937333,-0.0009630053563598473,-0.0031862235191479904,0.0017769686136233087,-0.001581961584006475,0.0016201161220368299,-0.0006802644140160297,0.001891446424820531,-0.0006802644140160297,0.0008566352069906413,-0.0002509181585432785,0.001891446424820531,1.0,0.002490210550882832,0.000994663186047573,0.005863837572395947,-0.0072084280624769015,0.006435723876787591,0.0005639727997711619,1.0,0.002490210550882832,0.005863837572395947,-0.0072084280624769015,0.0028428231582544594,-0.0008904146475712249,0.00133777127542134,0.004676330878256474,-0.000558838508615489,0.0073805880407840085,0.0073805880407840085,-0.00018857514757275595,-0.002390607203145656,-0.0008493732278431754,0.0021319127382249947,0.0038255603315617837,-0.010338348504198347,-0.0024887749320237074,-0.0005908266811891494,0.0009336826288403044,-0.0008493732278431754,-0.0002518170186240898,0.0009336826288403044,-0.00021977863246136486,0.0021762788704995373,-8.650955982902886e-05,-0.0014221710495776474,0.004113037649543405,-0.0006893949570490054,-0.00042487079312714116,-8.650955982902886e-05,0.0016571202086258507,0.006264353401379097,0.0020215316958225316,-0.0009930129981654545,-0.0019604469259983937,0.0019572434509756986,-0.0012088903261042727,-0.0028384108192174295,-0.010521455239202337,0.00043636207341046784,0.0019572434509756986,0.005825507424474519,0.0031614853051790126,0.0020215316958225316,-0.0026781208513395605,0.004224061935471535,0.0011807283056282092,0.0003501626100145261,0.004073944481546521,0.0071285755484601365,0.00236180443681111,0.0004015905301151257,-4.538201675119424e-06,-0.00033637198322278294,-1.658565400286527e-05,0.0006367793023820401,6.514557099468465e-05,-0.00019389233532463024,-0.00019389233532463024,-0.00019389233532463024,0.0025120670176533855,0.001740219871073423,0.003917593435138866,0.004761760847695529,-0.0018427303520820448,-0.0024354801366228696,0.00206555057947988,0.021589932538376266,0.0007994682876771853,0.005947353602148486,0.0007994682876771853,0.005947353602148486,0.002809699097552576,-0.01255774133762344,0.00206555057947988,-0.007443326479765311,-0.002336751781574886,-0.0010465105087362758,-0.0021192582088460643,-0.000528327897311609,0.021589932538376266,-0.0019836475586751945,0.0028416632913211837,-0.0014221710495776474,-0.00038344318736105443,-0.0015427906365668154,-0.002758495150323226,-0.0003236447487084959,-0.010604863592862612,0.0007984958687604626,0.00043636207341046784,-0.003336619527066542,0.010817126338120264,0.0023192378079744946,-0.02066841242927997,0.009243219051114249,-0.005649132971899284,-0.0011050976169562077,-0.001830417363664516,0.010817126338120264,-0.0008425913111971273,-0.02066841242927997,-0.005649132971899284,-0.00033637198322278294,0.011767264325424964,0.0021762788704995373,-0.0030334531168858536,0.0013040485636718335,0.008437799829072667,-0.0014221710495776474,0.00206555057947988,0.0031994376461298435,0.0025217951989990883
D1d_post_only,0.0002580466780207624,-0.0032482201602699323,-0.0030001601422187107,0.0023396510599724696,0.0017704268213227792,0.0020911435615224017,0.0020911435615224017,,0.0013832013848222857,0.0013832013848222857,,0.0006109008284221895,0.0006109008284221895,,-0.0033966050393268166,,,0.0025082601708797947,-0.0009134673364927792,,0.004189790594300025,,,-0.0033136785800380597,-0.003764300692778555,,0.002690341352075909,,0.003953060490251348,-0.002838168642769645,0.0016893174459109428,0.0028211889680811453,-0.0017062971205994426,0.0028211889680811453,0.0028211889680811453,0.0005574459237408513,-0.002838168642769645,0.0023396510599724696,0.0011379554450453577,-0.0027357349159782274,,-0.0002901164873778672,,-3.268296857794617e-05,,0.003225110986760815,-0.0010049801745324327,-0.00845472689642257,-0.005087599260708231,0.00497528518781587,,0.0024043415179529903,,-0.0004061387681972839,,0.003506575279344726,,-0.003543065567515713,,1.160674738243106e-05,,-0.0004300339625604721,0.0010949570793569174,-0.0010909401256260498,,4.560290712274373e-05,0.001486894974865094,,0.003656800818589989,0.002828186605893568,,0.004456311743376462,0.0008833881750903716,,0.00039571669564097967,0.00039571669564097967,0.0050771497727419845,0.0050771497727419845,-0.0013173031384154932,0.0002467773592732536,0.0012843235664175001,2.930944390500123e-05,0.005419572428981945,0.0013044701278821513,0.001079226376530129,0.0013044701278821513,-0.001810258759791017,0.005786713246100139,0.001079226376530129,0.002490210550882832,1.0,0.01374283639244489,0.010856211767445001,0.004456774531270469,0.0029749349790201274,0.0020002964867930073,0.002490210550882832,1.0,0.010856211767445001,0.004456774531270469,0.006553012284978843,0.0030527115868463905,0.0012401747430936805,0.0024569979751626336,0.0034269519188605546,0.006590691511538904,0.006590691511538904,0.003844386430569058,-0.0023998164490066642,-0.002820966913803069,0.013445559355297898,0.00017425146117455714,-0.010463045625273448,-0.002495935808382921,-0.0025778728762280156,0.0006993768958674096,-0.002820966913803069,-0.0007270091201732054,0.0006993768958674096,0.0017946853061314716,0.0004962499744649573,-0.0012728770744272477,4.560290712274373e-05,0.003656800818589989,-0.0022258372071464194,-0.0007423725704782669,-0.0012728770744272477,0.005488830038839376,0.0035191958982726534,0.001366290541170656,0.0027939012370300498,0.0018248520487349484,0.0039230256339303216,0.0001336318413769355,-0.0009483959633354022,-0.007872215204543176,0.014635997144963886,0.0039230256339303216,0.0050264889074665975,0.0038679155052327996,0.001366290541170656,-0.0026864145900302727,0.0008600478819035251,-0.005150117992154479,0.0024138694542049643,0.00800454225183267,-0.002255109779709663,0.007279405154872465,0.00601457156933316,0.0023847518807181833,-0.0021210016695722977,0.0004742006371315499,0.012572128429297447,0.005383586939602059,0.00319078693502417,0.00319078693502417,0.00319078693502417,0.005400315195013494,0.004222313462789229,-0.004183314248056735,0.006109921148562902,-0.005271332750740987,-0.005209594248174021,-2.5535040112156793e-05,0.021756706702994233,0.006553012284978843,0.006030012863001977,0.006553012284978843,0.006030012863001977,0.010412471827777714,-0.013364634969148748,-2.5535040112156793e-05,-0.007840903041699265,0.01269903610918921,0.01173872485147709,0.00923978168946693,0.0014662959890426874,0.021756706702994233,-0.004193754230379154,0.0010667396311195843,4.560290712274373e-05,-0.0013422577898711818,-8.201776784977355e-05,-0.0008627037377040292,0.0010664661352889349,-0.007968868932397788,-0.001005198416028641,0.014635997144963886,-0.0010131198475327174,0.004110338292033666,0.00015746895179979958,-0.018076494825717715,-0.006129443630512821,-0.005496205001308763,-0.0010922036238489863,0.00033770520608134014,0.004110338292033666,-0.0008459255356176865,-0.018076494825717715,-0.005496205001308763,-0.0021210016695722977,0.004784689522563723,0.0004962499744649573,0.006497138358668941,0.0004990669888595978,0.004505508582909545,4.560290712274373e-05,-2.5535040112156793e-05,-0.0027277485696071135,0.0004349807864961752
D1d_pre+post+delta,5.832035934705271e-05,-0.0006500676563714336,-0.000725408079484291,0.0006007840452554314,0.001296502260330068,0.0009974886931354288,0.0009974886931354288,,0.0017697889112500143,0.0017697889112500143,,0.0015767138567213124,0.0015767138567213124,,0.0011245988884510671,,,-8.157728107960338e-05,0.00011897741929167704,,0.01549658623722594,,,0.0005332077084471143,0.0029782871463879257,,0.011571154965574149,,0.0016957140051624409,-0.0005680145345083876,0.0005638497353270822,-0.0005680145345083876,-0.0005680145345083876,-0.0005680145345083876,0.0028275782749979106,0.0028275782749979106,0.0005638497353270822,0.0018024791440207633,0.002181961806788757,0.0002251884750209543,,0.0002895468265304846,,0.0008687719901163682,,0.0010435138184847759,0.00046315655645357,-0.003372700431524045,0.003361344537815003,0.0023324403086197876,,0.00276119858610413,,-0.00027410300960872824,,0.002929554663216538,,0.0007283239676731945,,0.0015369432887367696,,0.008180886239925522,0.0006706498260666827,0.00842407179184157,,-0.0027329228716452825,0.00236879637192966,,0.001264090766915249,0.0028167984558646886,,0.010303013035195208,-0.0031236964387919564,,0.008319721907964928,0.008319721907964928,0.009845167704783386,0.009845167704783386,0.0029866964710678623,0.029810242772609796,0.003759145222946292,0.016391666528643545,0.0041931134007930915,-0.0005933559214914563,0.008643049608489606,0.02626821068042784,0.0062902671728745085,0.02939862622869671,0.008643049608489606,0.005863837572395947,0.010856211767445001,0.3247965687237405,1.0,0.02128978601099829,0.01250438051696745,0.0026976274745629247,0.005863837572395947,0.010856211767445001,1.0,0.02128978601099829,0.046684648510845195,0.012082922606608482,0.02586823395832838,0.04494091524064381,-0.0004988182524274798,0.0018838889634418265,0.0018838889634418265,0.029899420853897185,-0.0015782423814456603,-0.0017595008463671125,0.010841921157311862,-0.0027151515151515593,6.292736342239369e-05,-0.0016273235371040418,0.00774351400547324,0.002962226667082013,-0.0017595008463671125,-0.0023432900721991334,0.002962226667082013,-0.00020984838041426812,0.0092955634148576,0.0015175413241306224,-0.0027329228716452825,0.001264090766915249,0.0024299149363442574,-0.003135900644338774,0.0015175413241306224,0.00470203798238733,0.006964868848894801,0.00023873919782335662,0.0022492009299556193,0.0013095960390251404,0.002472768733260522,-0.0029175420822022957,0.03416805775335785,0.003202329011931071,0.010987027667432647,0.002472768733260522,0.006439707026496544,0.004605068708944282,0.00023873919782335662,0.016758431055506562,0.0005829528345251411,0.0038495866341653473,0.0011267812570203706,0.003157792164446005,0.0067981273621506855,0.0027437171883015754,0.004859756756498745,0.00127836371933443,0.0005658006807651716,0.00207942545590023,0.0048217462210311535,0.003570958000027602,0.0023853385982428588,0.0023853385982428588,0.0023853385982428588,0.0010963801959893438,0.0014827532770832486,-0.0021563831302415792,0.0014579599660500264,-0.0008401140459208811,-0.0013801857494704084,0.07165442342521688,0.3569891217079634,0.08243397419168852,0.0011993965941314855,0.05860109040445971,0.0011993965941314855,0.04638545398556326,0.011456149103706292,0.07165442342521688,0.011779235241897057,0.05650654683072365,0.05023069432122973,0.05893402829251604,0.04121206581714343,0.3569891217079634,-0.000942748239001201,0.007786300445324357,-0.0027329228716452825,0.0011012895700086567,-0.0027502368092853224,0.016474956428156884,0.0021156688762566933,0.00632791317446213,0.0040221073596876655,0.010987027667432647,0.0024569623793386786,0.015818026644840444,0.0014057952523086614,0.0058819061472881184,0.004687662464171516,0.07111079850182,-0.0009821883912888296,-0.002606486828543808,0.015818026644840444,-0.0007495846652276761,0.0058819061472881184,0.07111079850182,0.0005658006807651716,0.07881127940061561,0.0092955634148576,0.028724208610779955,0.002125909017933303,0.004757874764809933,-0.0027329228716452825,0.07165442342521688,0.0029647390254822215,0.014803673597578504
D1d_pre_only,-0.0001606729440113419,-0.001712718420272319,-0.0016644657501558857,0.0019285361812295676,0.0019917833193949797,0.001898052919158233,0.001898052919158233,,0.0017049777770592467,0.0017049777770592467,,0.002091128061257219,0.002091128061257219,,-0.0004492376637728057,,,-0.0005963281912646501,0.0009370432212378876,,0.0037109373406815083,,,-0.0010657169526921972,0.0013584081726435437,,-0.0032486017976749437,,-0.001141804676112912,-9.931522154671413e-06,-0.003405550984029615,-0.0022736778300713745,-0.0022736778300713745,-0.0022736778300713745,0.0022538147857619206,0.001121941631803569,-9.931522154671413e-06,0.001232817661410368,0.0007900876942527058,0.0008039604472638295,,9.601825956739862e-05,,-0.0005475655474291852,,0.002687501839214068,0.0009253779687573571,0.0016239803986700663,0.011725592738649815,0.0026745586232966856,,0.004768218348307651,,0.005823993503127012,,0.0025574315938092784,,0.006604396789031131,,0.0028037538927138117,,0.006468701015752143,-0.003584075480150606,0.002002239287190455,,-0.0017930684943754382,-0.0019868994044718313,,0.004048658534386962,0.00035047317899417063,,0.0004147386709512091,0.006276484132253346,,0.006487957184173387,0.006487957184173387,0.006435395999366045,0.006435395999366045,0.0023565440440319607,0.003479409109368614,0.0007965500119058166,0.004934692355296533,0.010137473856697166,0.001271288553001737,0.009828075261276603,-0.0006812602474812746,0.0014570356824862296,0.003706418502056108,0.009828075261276603,-0.0072084280624769015,0.004456774531270469,0.017119136464006757,0.02128978601099829,1.0,0.008432042453324518,0.009849138524405276,-0.0072084280624769015,0.004456774531270469,0.02128978601099829,1.0,0.0064251722604852235,0.004927018677689188,0.0012070736903373458,0.00048565191455496315,-0.0005595103865738693,0.0026759325912990573,0.0026759325912990573,-0.00018865159112246843,-0.0024029510082534955,-0.0028298084736360085,0.00990520191921751,0.008030719336808323,-0.010585719578048991,-0.002502854801880172,-0.0025852542741262585,0.008684211017503496,-0.0028298084736360085,0.007263787599036231,0.008684211017503496,-0.00021988247421123042,0.004480860422561572,0.0005101116958554641,-0.0017930684943754382,0.004048658534386962,0.00840524162445444,0.0018020156722954317,0.0005101116958554641,0.008225253545838362,0.008158785579485794,0.008617705406938625,-0.0008051642218280808,-1.5955830492186962e-05,0.0011182375816189971,0.002937223710634207,0.0008234690549138168,-0.00942011524648878,0.012922060268547697,0.0011182375816189971,0.00808290938187739,0.0024208452384532064,0.008617705406938625,-0.0008444419039626005,0.004815193170406573,0.0010708565088354272,0.001075462041305264,0.009595739299630646,-0.0020245330055699284,0.00670406007800628,0.005813913084638966,0.000627331324035918,0.007626672560555381,0.0006793626228018823,0.010722420308573177,0.0007501736057222708,0.005962996918611685,0.005962996918611685,0.005962996918611685,0.0028445886905189566,0.004673588736127776,-0.0008413875524402314,0.0017847921807701006,-0.001983175570882345,-0.003066336998920116,0.00744721347623456,0.026682144939569996,0.002588976014386679,0.005016205770081772,0.004507074137436007,0.005016205770081772,0.0025561822636130938,0.0026157290889209373,0.00744721347623456,-0.004340329056399028,0.006906751565880276,0.006071599418446927,0.0034643247120547116,0.001432893053946116,0.026682144939569996,-0.002577436945789602,0.0057309348889749145,-0.0017930684943754382,0.004778727434438079,-0.0003101483479577283,-0.0009307691281730257,-0.003948463035784,-0.010865313808829713,0.005764051107262413,0.012922060268547697,0.0024971927436523433,0.003616116082976628,0.00900567145443465,-0.021823419567103874,-0.0024584215418770317,-0.005434510393188097,-0.0010980058796443704,0.005827099194121943,0.003616116082976628,-0.0008446946186388971,-0.021823419567103874,-0.005434510393188097,0.007626672560555381,0.018355031934282784,0.004480860422561572,0.004700654982838226,0.0019862477188979932,0.00916105379406329,-0.0017930684943754382,0.00744721347623456,0.003649802357413301,0.003969524328272134
D1e_zonal_max,2.2579074785644693e-05,-0.00031052347767457356,-0.00031190605571418395,-3.1644055202173504e-05,-0.00015813827068522635,0.00016087464353364833,0.00016087464353364833,,3.215794624589208e-05,3.215794624589208e-05,,3.215794624589208e-05,3.215794624589208e-05,,-7.108095620567134e-05,,,-0.0002302539510967705,-0.0001004548374763381,,-0.00032312381745658314,,,-0.00019519612966489852,-0.00010880533018253757,,-0.0003442898286141194,,0.00622253433318487,0.0016950743529260404,0.0005632093578613606,-0.00962357559772098,0.00282693934799072,-0.00962357559772098,0.00961812931837902,0.00735439932824955,0.003958804343055511,0.00047433280672992684,0.0004110856989884004,3.215794624589208e-05,,-0.0001609170996856868,,-0.0001609170996856868,,-9.489116294369992e-05,-0.00015445804625446868,,,0.0010777834872292003,,0.001147098858515716,,0.009163962629847977,,0.0008884392687794618,,0.0022572590280376392,,-0.0011741723228884116,,0.016676458267070315,0.007777778742634189,0.006101047973563034,,0.012297010895756522,0.00539754732108555,,0.006127776013195252,0.00420338674233256,,-0.0007200907837698889,-0.0012040169222045094,,0.015343245072927725,0.015343245072927725,0.015587869357554185,0.015587869357554185,0.005977358933928478,0.01663521947020774,0.0014226877784655478,0.016021391459909995,0.002958647069007503,0.03130743087579313,0.004403314959503635,0.03130743087579313,0.004787285504234018,0.08143820497435472,0.004403314959503635,0.0028428231582544594,0.006553012284978843,0.04167194687028264,0.046684648510845195,0.0064251722604852235,0.08262407440321062,0.012818949375776212,0.0028428231582544594,0.006553012284978843,0.046684648510845195,0.0064251722604852235,1.0,0.17098325917274027,0.18422484081223178,0.2494802689188047,0.033515994295766016,0.0007693816357506877,0.0007693816357506877,0.0849549232165373,-0.0008651386068103672,-0.0009269880342941406,0.0327389140693235,0.0056956917182486855,-0.00121973731208036,-0.0008889477390876532,0.014739922640360947,0.006209809669351363,-0.0009269880342941406,0.011000753777485217,0.006209809669351363,0.041485425473379745,0.010464556747889597,0.0016695129662011032,0.012297010895756522,0.006127776013195252,0.010136063871548195,0.011796847318611414,0.0016695129662011032,0.002736156698201264,0.003390622203510052,0.002040212349571524,0.0007356117032031317,0.000693741164324857,0.0016348036924354048,0.0044054663382321335,0.028082600146364545,0.00250670001480624,0.029850346911295844,0.0016348036924354048,0.002851038565719999,0.0021111734841349206,0.002040212349571524,0.014253354898808523,0.003186968111704269,0.003695177896628321,0.0009751120821891446,0.000796920969537096,0.009847469598607272,0.0010050734291006114,0.0010046802428570478,0.0008824792013681915,0.03814386131811209,0.0005095040103971771,0.00789306570286108,0.01063245177725125,0.001063739922343765,0.001063739922343765,0.001063739922343765,0.0005246285966958864,0.00041903614998739513,-0.0012863434510870242,0.001249327635140851,-0.0003933398166569013,-0.0006648922832961368,0.05585310463887938,0.017035619304743843,0.09697555109787359,0.0011640514456470186,0.07256948491132964,0.0011640514456470186,0.0716800823527729,0.014908321649566236,0.05585310463887938,-0.0012229952807774058,0.04877133888310281,0.06809888157305188,0.08774191922056485,0.034115689857364795,0.017035619304743843,-0.0002712654467800224,0.008222656579089604,0.012297010895756522,-0.0005995184152010058,0.005464079569507119,0.013907343569272812,0.011281995052419336,0.006152129750832125,0.003015707416597513,0.029850346911295844,0.008646539608473836,-0.000349354547623415,-0.00039287781054686555,0.0022646742778736906,0.00527280460751367,-0.0036466712633111964,-0.0010140324192129402,-0.00039129349735778085,-0.000349354547623415,-0.0005765038643774645,0.0022646742778736906,-0.0036466712633111964,0.03814386131811209,0.04947129395511818,0.010464556747889597,0.019105776573179578,0.0013639163736245408,0.0016942950082485808,0.012297010895756522,0.05585310463887938,0.009539817685438101,0.02504646379770259
D1e_zonal_mean,-5.043510476343549e-05,-0.0006265487420733518,-0.0006273797285079041,0.0004743388042734997,0.00034784458954950637,0.00016088085562948606,0.00016088085562948606,,0.00022523920387351737,0.00022523920387351737,,0.00016088085562948606,0.00016088085562948606,,0.0008362858329368228,,,0.0006294561855267888,0.0012443528575194485,,-0.0005352873303436922,,,0.000574551688156566,0.0009146467028672278,,-0.0005960362024024501,,0.0016966734819802154,0.0005648102999870064,-0.0005670528820063137,-0.0028307792459927317,0.0028285366639734244,-0.0028307792459927317,0.003960399845966633,0.0028285366639734244,0.0005648102999870064,0.00022135037482540199,0.00041109169691155856,-0.00022526923383425768,,0.00016088085562948606,,0.00016088085562948606,,0.00034784458954950637,-0.0002702911482168613,-5.677946854465432e-06,0.003361344537815003,0.0006650496583825438,,0.0007749417529575586,,0.006185686542630409,,0.0006615580560489498,,0.0002713091738673068,,0.00482814202964732,,0.003717744184716376,0.012963824488800069,0.006720231861939152,,0.0061581355976561,-0.0008433344643634655,,0.0012022856641248358,0.00183426543699583,,-0.0005876135529074844,0.0036442178057587427,,0.0024915522611479446,0.0024915522611479446,0.03429977454783284,0.03429977454783284,0.002793942693333995,0.01789790081341902,0.004533428717717114,0.008202958331540944,0.005509375600766364,0.07806664584442813,0.010535300446774643,0.038835439284616524,0.009774529155784917,0.05386644394358342,0.010535300446774643,-0.0008904146475712249,0.0030527115868463905,0.04583328375782447,0.012082922606608482,0.004927018677689188,0.03744010554114141,0.013720675636984314,-0.0008904146475712249,0.0030527115868463905,0.012082922606608482,0.004927018677689188,0.17098325917274027,1.0,0.07508759174412549,0.10475541775557473,0.042216790397179516,0.0003619936491010556,0.0003619936491010556,0.17129828566161365,-0.0006779547945556796,-0.000718469505111452,0.010007363781083689,0.013407758113379686,-0.000882664258449406,-0.0006954052298413504,-0.0007016185614401316,0.006837552110608214,-0.000718469505111452,0.010521331585477744,0.006837552110608214,0.05538710791260715,0.008606317944388486,0.0014589480223333728,0.0061581355976561,0.0012022856641248358,0.004025342896165185,0.008021313692393894,0.0014589480223333728,0.003575546023034004,0.0026018528715854305,0.001867680870013655,0.0011223416167133182,0.00027472584646737186,0.0011779356604658675,-0.0008574426313279204,-0.000720193266794622,0.006741804976903909,0.009071409763723448,0.0011779356604658675,0.003020053154218272,0.0031855165732930235,0.001867680870013655,0.015969070477193092,0.0036339032828588413,0.0020897125926737647,0.0006815005774818417,0.0014328431828563026,0.006097455298854415,0.0008749216799606163,0.0008550550324886164,0.0006759539827949634,0.017078096597271775,0.0002425561573381474,0.0037349468602864144,0.015295009424539763,0.0005479831357867448,0.0005479831357867448,0.0005479831357867448,0.0010584402358159162,0.00035457200528565824,0.00043546341715816617,0.0010312685783546716,-0.0006618702301046664,-0.0004969694022745053,0.04194562866768836,0.006586933341765855,0.05663612250691141,0.0008547301322613388,0.0280493383404542,0.0008547301322613388,0.055825805731383404,0.01692483652265464,0.04194562866768836,-0.0008796582652925711,0.017687430131631654,0.029379127684753592,0.03897566911004802,0.043153959573508205,0.006586933341765855,-0.0006722617579377754,0.00874729535867902,0.0061581355976561,0.004116390279212734,-0.0008423822254466362,0.01555684969400739,0.012066067226197963,0.006655057825415089,0.0034558768482649826,0.009071409763723448,0.009185935037792525,-0.00014227228673813208,0.004470631730974839,0.0019477470692093046,0.001471898709139552,-0.002213438735177986,-0.000881362334351099,-0.00014876567806765273,-0.00014227228673813208,-0.0006085513475209137,0.0019477470692093046,-0.002213438735177986,0.017078096597271775,0.05152907060032497,0.008606317944388486,0.02024553057188394,0.000512332408246885,0.002250186266634535,0.0061581355976561,0.04194562866768836,0.002780281639870874,0.027459250952088787
D1e_zonal_median,-1.74536495396449e-05,-0.00031052347767457356,-0.00031190605571418395,-1.2000779259224714e-08,-0.00012650621518695004,0.0003217793141961911,0.0003217793141961911,,0.0003217793141961911,0.0003217793141961911,,0.00019306261804152847,0.00019306261804152847,,4.853079033872998e-05,,,0.0006227566369989557,0.00026878236085625673,,0.03465280420948602,,,0.0003495887411643084,0.0005149262416136446,,-0.0004930337360495862,,0.0022627648949471446,-0.0033965501084847194,-9.611064255565793e-07,-0.0033965501084847194,-0.0011328241071120182,-0.0033965501084847194,0.003394627895633495,0.003394627895633495,-9.611064255565793e-07,0.0004427177496479917,0.00025297642803634446,-0.00012872912234529466,,-1.2426190520997693e-08,,0.00019306261804152847,,-0.00018975332239090648,-0.00030889224166785745,,,0.0010869452121029521,,0.0009683686163057814,,0.006436463233874923,,0.0009777184974802955,,0.0028529351718230567,,0.005091734950834481,,0.008606601527815116,-0.0007020710984348977,0.007051190597548995,,0.0136144603714079,0.006266508977220919,,0.004063559392748384,0.0015678116328329272,,-0.0005048330937578172,-0.0007028928113930188,,0.009533377555991485,0.009533377555991485,0.017364951535817963,0.017364951535817963,0.010450108234206223,-0.000659872333700795,0.002019334803075923,0.01786788188234978,0.007884766847314872,0.043130927794638674,0.0011713516344961095,0.043130927794638674,0.002314777513515276,0.12483394221188981,0.0011713516344961095,0.00133777127542134,0.0012401747430936805,0.03166536775525153,0.02586823395832838,0.0012070736903373458,0.033303865020669066,0.021641477874388526,0.00133777127542134,0.0012401747430936805,0.02586823395832838,0.0012070736903373458,0.18422484081223178,0.07508759174412549,1.0,0.14041319546336595,-0.00032538181522379084,0.00022498605817145023,0.00022498605817145023,0.06652496939908348,-0.0005874782941994727,0.016218301839307392,0.013377208363841597,0.006597798399587851,-0.0007082215281748461,-0.0005823893245504586,0.01760574531047132,0.02287029089214221,0.016218301839307392,-0.0005341537450984646,0.02287029089214221,0.06435577648573088,0.006460668466763186,0.0010544222411422721,0.0136144603714079,0.004063559392748384,0.00754262062943567,0.008311838035586439,0.0010544222411422721,0.0015151417312649906,0.001617495889489895,0.0009407542113499812,0.0010220546849971646,0.00019940500099713265,0.0005268574819281557,0.01104642954190549,0.03275364757446153,0.003147230109634802,0.01216440888416448,0.0005268574819281557,0.00167661918511941,0.0015489570607770675,0.0009407542113499812,0.0169620621340566,0.0038664379808559524,0.002286941160944078,0.0004496067217242272,0.0011280052847090216,0.004903994430343617,0.0007236625756015247,0.0006907176647623636,0.00044551889160504565,0.031137395821030367,0.0006973660072565613,-0.0007220441234003783,0.0033858231018421003,0.0004190454981853886,0.0004190454981853886,0.0004190454981853886,0.0005246285966958864,0.0002901047449199723,-0.00030588036283885067,0.0006197636906140058,-0.0002499417747925392,-0.0004677634684771004,0.021929756731259964,0.010561111822970148,0.09187293599852209,0.0006191887027152676,0.09187293599852209,0.0006191887027152676,0.09046980097420387,-0.0021640016031190257,0.021929756731259964,-0.0007331533929058054,0.037899836797581576,0.046286874644009934,0.06196604015378038,-0.0003147969617462998,0.010561111822970148,-0.0002712654467800224,0.012260932789243117,0.0136144603714079,0.004402152449541341,0.006340278037552882,-0.0005960268278235592,0.012481121485370728,0.003102783537299314,0.00807358880915865,0.01216440888416448,0.009463716188242932,0.03252517160641977,0.004292532345138045,0.0026927469239020896,0.0023398928816625864,-0.001991654021244349,-0.0008498583569405138,-0.00029508123885491067,0.03252517160641977,-0.0005006101185820455,0.0026927469239020896,-0.001991654021244349,0.031137395821030367,0.0406213387003338,0.006460668466763186,0.00645341322595383,0.0002925466806776855,0.0017050208809145095,0.0136144603714079,0.021929756731259964,0.014114992013903982,0.028588959733415464
D1e_zonal_min,-4.620371349628449e-05,-0.0002506804835498144,-0.00019253097474236647,-9.489416342334245e-05,-0.00022138837928586952,0.00016087153748578498,0.00016087153748578498,,0.00028958823517333254,0.00028958823517333254,,9.65131886420112e-05,9.65131886420112e-05,,0.00027556338497258803,,,8.78880781474134e-05,0.0005902071231270734,,-0.0005871197440310283,,,-0.0004375612594074152,0.0002773055260687496,,-0.000661023578639508,,0.006222215957219279,0.0039584852418598215,0.000562889168820746,-0.01075576440797632,0.00509035059953955,-0.01075576440797632,0.008485946672578626,0.008485946672578626,0.007354081314899008,0.0004743298079582514,0.0004110827000269879,-3.2203509045647394e-05,,-3.2203509045647394e-05,,3.215483979823741e-05,,-0.0003478825951483966,7.718132236567143e-05,-5.677946854465432e-06,-5.677946854465432e-06,0.00042772210430075397,,0.0005746782675575268,,0.012322651800308226,,0.0005724603042809306,,-0.00029643980844418216,,0.004088190171070316,,0.007462477510965182,0.011932998840293751,0.012887100439467725,,0.005304902915626353,0.005130012632609593,,0.005927903663620726,0.0035478029146632784,,-0.0007739196797054149,0.0029818393484949413,,0.008449538209251206,0.008449538209251206,0.031333115365964836,0.031333115365964836,0.009300696995119484,0.0160526289064733,0.0038827676116124366,0.02381063486464463,0.004855866709267409,0.028525122893624744,0.002324135319647591,0.028525122893624744,0.0030784573336142262,0.07252675901545103,0.002324135319647591,0.004676330878256474,0.0024569979751626336,0.06708393087737574,0.04494091524064381,0.00048565191455496315,0.08132698595130505,0.019230232202682607,0.004676330878256474,0.0024569979751626336,0.04494091524064381,0.00048565191455496315,0.2494802689188047,0.10475541775557473,0.14041319546336595,1.0,0.030370131875496864,0.0006780374618770013,0.0006780374618770013,0.07531610725938931,-0.0009456927242146307,0.012982102813623886,0.027788537694391713,0.005418960662581518,0.006174973478402124,-0.0009724452897919011,0.013955430467020857,0.013093563472726943,0.012982102813623886,-0.0008123756198055165,0.013093563472726943,0.03685146482727597,0.00788133637789612,0.00187421150060596,0.005304902915626353,0.005927903663620726,0.006656055389464677,0.00719389030763995,0.00187421150060596,0.0027672367717820334,0.0031962455264236134,0.001660087106660657,0.0005423901561564248,-0.0003047372475768473,0.0012305370077991817,-0.0013217306500239445,0.040687617828154776,0.009679180268542531,0.026723372973382675,0.0012305370077991817,0.002876295529602557,0.0021459120087374828,0.001660087106660657,0.04252166979603389,-0.0013628016154909606,0.0005091386708991896,0.0006966913539055986,0.0006036362600884138,0.008234853063016412,0.0006393962742416992,0.0009900909331806984,0.0007738519081219586,0.03748252880803116,0.00031628969103514315,0.005383913413718577,0.0064298502513272515,0.0011282071857240394,0.0011282071857240394,0.0011282071857240394,0.0004234521858066387,0.00048350341135794395,-0.0005777147889602929,0.0013583462209824093,-0.0004229366078105645,-0.0005845974356160077,0.052754332067373344,0.013071736930666655,0.09027911384097531,0.0003840748731244181,0.0675360916869997,0.0003840748731244181,0.06676114316923687,0.01555626613299399,0.052754332067373344,0.004219608964658894,0.04635122061736907,0.05200967681375013,0.06638729994577852,0.06212972268097949,0.013071736930666655,-0.0003722565301453873,0.004843060939609289,0.005304902915626353,0.003976585874495675,-0.0012862818520975594,0.027386403854711694,0.010911305968551943,0.005908788270056808,0.0069761409724525825,0.026723372973382675,0.005122721990402868,-0.0004232877529386503,0.004058764940239157,0.005936062991354296,-0.0018875778836544566,-0.0038293767905215326,-0.0010254057773519953,-0.00048646084121517497,-0.0004232877529386503,-0.0005986903648269593,0.005936062991354296,-0.0038293767905215326,0.03748252880803116,0.042961105049274084,0.00788133637789612,0.03839640014807788,0.00034576927768426025,0.002207275091601235,0.005304902915626353,0.052754332067373344,0.01636440195979494,0.023975446610088547
D1e_zonal_std,1.41079845195069e-06,-3.861034295260524e-05,-3.8610348287448915e-05,-6.325610759860822e-05,-9.000584499929687e-09,-0.0001287260153979286,-0.0001287260153979286,,-9.319643057281723e-09,-9.319643057281723e-09,,6.43490282344894e-05,6.43490282344894e-05,,,,,,,,,,,,,,,,0.0005657708628004077,0.0005657708628004077,-0.0005660912313527611,-0.0005660912313527611,0.0005657708628004077,-0.0005660912313527611,0.0005657708628004077,0.0005657708628004077,0.0005657708628004077,0.00018973232045793598,6.323810642971939e-05,6.43490282344894e-05,,-6.436766752049294e-05,,6.43490282344894e-05,,-6.325610759860822e-05,-3.861003866756363e-05,,,0.0006768839092463619,,0.0009397515910193333,,-0.0005617394256083319,,0.0010161769303507207,,-0.0005743182737216745,,-0.0005499163278757102,,-0.0005559766867728744,-0.0005558603637592086,-0.0005394139815646515,,-0.0005425574193409499,-0.0005436322119523052,,-4.372024471610558e-05,0.001268343528775806,,-0.0004245367819966095,-0.0005563753356394585,,-0.0005625825168906751,-0.0005625825168906751,0.008689101435795155,0.008689101435795155,-0.0005609617971398251,0.009328356875069499,-0.0005661769262912397,-0.0005310251927432841,-0.0005692754150168344,-0.00031317617583415114,-0.0005596939317566996,-0.00031317617583415114,-0.0005616786843596344,-0.0001751792850495093,-0.0005596939317566996,-0.000558838508615489,0.0034269519188605546,-0.00048263363522083047,-0.0004988182524274798,-0.0005595103865738693,0.004361843014780709,-0.0005409732240246878,-0.000558838508615489,0.0034269519188605546,-0.0004988182524274798,-0.0005595103865738693,0.033515994295766016,0.042216790397179516,-0.00032538181522379084,0.030370131875496864,1.0,0.0012016916640175124,0.0012016916640175124,0.08320286554701573,-0.00046698900297847956,-0.0004888643325091646,0.0025740947992300978,-0.0005418533319141439,-0.0005597087891953123,-0.00047807540501243473,-0.0004810038051823451,-0.0005387553590094907,-0.0004888643325091646,-3.874639374723543e-05,-0.0005387553590094907,-0.0001594106361055836,0.0018401091513206014,0.00041785059759180676,-0.0005425574193409499,-4.372024471610558e-05,-0.0005719020936054697,-0.0005567612716330661,0.00041785059759180676,0.002127916679571018,0.002014965718275863,-1.905448501249296e-05,-0.0002859558425354347,0.0003605169763681859,0.0011105138221446653,-0.0005494600431967811,-0.0004896617842116147,-0.0005602366397396974,0.002302142150291786,0.0011105138221446653,0.0022777972907070954,0.0021685177311669968,-1.905448501249296e-05,-0.0004846576129191593,-0.0005564312333121713,0.0014429996474721873,0.0005257132683180732,0.0006662013247641374,0.0022532828199998134,0.0007124985197688449,0.0010308743889996252,0.0005219172129240501,-0.0005565422576729873,0.0004662566184476802,0.004129196913335131,0.003575565483128207,0.00025787215374406536,0.00025787215374406536,0.00025787215374406536,6.525282288849521e-05,0.00032234253020924086,-0.0005672499618085691,-0.00012647521694897357,-0.00019797642921393077,-0.0002518126155657274,0.023661148476536886,-0.0005500558988893456,0.033515994295766016,0.0009073662206841027,-0.0003957252026280944,0.0009073662206841027,-0.0003986219071212549,0.0204126868059048,0.023661148476536886,-0.0005545824033996727,-0.00046489599404941906,0.015915918018667652,0.021776752691642143,0.05688209958637869,-0.0005500558988893456,-3.8610191460231036e-05,-0.0005634941188856768,-0.0005425574193409499,-3.889295221104483e-05,-0.0005432363617263736,0.03524445995583869,-0.0005456092612479146,-0.0005604713616254031,-0.000557395004363137,0.002302142150291786,-0.0005627055717527529,-0.0005583244176656788,-0.0006784387434053407,0.0036796013282339723,-0.0003224735564484327,-0.0004419052428901171,-0.0003775365738556413,-0.0006737281433115694,-0.0005583244176656788,-0.00023576217490606233,0.0036796013282339723,-0.0004419052428901171,-0.0005565422576729873,0.005470488055274281,0.0018401091513206014,0.006771033073612598,0.00045362291652661924,0.001191205381060656,-0.0005425574193409499,0.023661148476536886,-0.0005610351333331653,0.014783416749539535
D1f_roll3_assess,0.008158896472070243,-0.35284397296716685,-0.35748319670467343,0.034459860556469324,0.009982981612106312,0.023126896804453234,0.023126896804453234,,0.0063291974313901544,0.0063291974313901544,,-0.0006215747229807445,-0.0006215747229807445,,-0.02926308674951028,,,-0.05007954588530428,-0.03491053516879705,,0.0032780116019891503,,,-0.054361713546760004,-0.0083763193794828,,0.009332574091854284,,-0.21831373427516487,0.0024773235163381147,0.03304839305670004,0.3897108710275894,0.1802424315843687,0.3897108710275894,0.18816826442816614,0.1632585040619453,-0.1798168318910054,0.0532444420719107,0.03996241473776019,-0.0973531538713095,,0.02956279694738928,,0.02776074490736713,,0.02162056746679053,-0.25606905225097987,,,0.03547068863377467,,-0.043017441488206076,,-0.004328380779010876,,-0.018076757569662094,,-0.01943993412967715,,-0.005792552587029487,,-0.005336453075931669,-0.007497166471294836,-0.0035169154830823057,,-0.005304567249365011,-0.005661768349543683,,0.010772140957535203,0.02065031845686449,,-0.0013745305462951052,-0.005660772640326828,,-0.004853238236786739,-0.004853238236786739,0.0005110104122149073,0.0005110104122149073,-0.005040432891595392,-0.0006635664058616264,-0.005230313368374873,-0.003559769460470763,-0.009214921180967561,0.0002882176208252041,0.004308191313536658,0.00018984983745617967,0.00465473795333915,4.2219113524533114e-05,0.004308191313536658,0.0073805880407840085,0.006590691511538904,0.0011654023575670136,0.0018838889634418265,0.0026759325912990573,-0.0008175783788921809,-0.0023159454711787486,0.0073805880407840085,0.006590691511538904,0.0018838889634418265,0.0026759325912990573,0.0007693816357506877,0.0003619936491010556,0.00022498605817145023,0.0006780374618770013,0.0012016916640175124,1.0,1.0,0.00010546203393135833,-0.002589439776253366,-0.0018687162973085591,0.0645272040810051,-0.003015202304012421,-0.015329479053341144,-0.0017880729828043673,-0.0018845228232990952,-0.0021715177786545414,-0.0018687162973085591,-0.005623401841994946,-0.0021715177786545414,0.0002706274540861253,-0.007851769832394329,-0.04157599688430458,-0.005304567249365011,0.010772140957535203,-0.009127312824011247,-0.009522937532443487,-0.04157599688430458,0.11512835538382105,0.12541469136618533,-0.1366097815203675,-0.06170891831493952,-0.10293664940860814,-0.002220749090441121,-0.005531588286081579,-0.0021042490849414452,-0.015438168451857193,0.06081329307136307,-0.002220749090441121,0.14235602021051463,0.14247614294155564,-0.1366097815203675,-0.0023182255051534817,0.0038102711826861757,0.02134922506261694,0.018764195136400486,0.29532397234811014,0.013965167940981571,0.28468067573408273,0.02842636367250828,0.000956499002294664,-0.004442230452023743,-0.06499297800117976,0.01786751872406911,0.01601376443323499,0.04940684750220192,0.04940684750220192,0.04940684750220192,0.49304191547481946,0.2936231221579487,-0.07669113558967733,0.45888862499127736,-0.39897046947084935,-0.3850410698694875,0.0024682841918003406,0.004364418157610128,0.0008677165881065818,0.2604041903898179,0.00037604182632711147,0.2604041903898179,0.0010327670738623507,-0.018027441981018466,0.0024682841918003406,-0.014721070492956567,0.0012077985756300258,0.0015301864281478395,0.0009692336736387697,0.001036574534095891,0.004364418157610128,-0.3649236988569451,-0.004428138569350315,-0.005304567249365011,-0.012816365417896769,-0.005058934697871109,-0.0020078295606182905,-0.005159687361016463,-0.014820611248379745,-0.008489681309430175,0.06081329307136307,-0.0059885742507965745,0.011548811519149882,-0.0006669359353828064,-0.050735371162156095,0.015726507272574297,-0.006637563386668877,-0.0002252035080902992,0.00416983881069144,0.011548811519149882,-0.00038140533615749206,-0.050735371162156095,-0.006637563386668877,-0.004442230452023743,0.010742567176453832,-0.007851769832394329,0.0050678168715693195,-0.012401048022818495,0.09963518191847143,-0.005304567249365011,0.0024682841918003406,0.007811603637053244,0.002915475141167967
D1f_roll7_assess,0.008158896472070243,-0.35284397296716685,-0.35748319670467343,0.034459860556469324,0.009982981612106312,0.023126896804453234,0.023126896804453234,,0.0063291974313901544,0.0063291974313901544,,-0.0006215747229807445,-0.0006215747229807445,,-0.02926308674951028,,,-0.05007954588530428,-0.03491053516879705,,0.0032780116019891503,,,-0.054361713546760004,-0.0083763193794828,,0.009332574091854284,,-0.21831373427516487,0.0024773235163381147,0.03304839305670004,0.3897108710275894,0.1802424315843687,0.3897108710275894,0.18816826442816614,0.1632585040619453,-0.1798168318910054,0.0532444420719107,0.03996241473776019,-0.0973531538713095,,0.02956279694738928,,0.02776074490736713,,0.02162056746679053,-0.25606905225097987,,,0.03547068863377467,,-0.043017441488206076,,-0.004328380779010876,,-0.018076757569662094,,-0.01943993412967715,,-0.005792552587029487,,-0.005336453075931669,-0.007497166471294836,-0.0035169154830823057,,-0.005304567249365011,-0.005661768349543683,,0.010772140957535203,0.02065031845686449,,-0.0013745305462951052,-0.005660772640326828,,-0.004853238236786739,-0.004853238236786739,0.0005110104122149073,0.0005110104122149073,-0.005040432891595392,-0.0006635664058616264,-0.005230313368374873,-0.003559769460470763,-0.009214921180967561,0.0002882176208252041,0.004308191313536658,0.00018984983745617967,0.00465473795333915,4.2219113524533114e-05,0.004308191313536658,0.0073805880407840085,0.006590691511538904,0.0011654023575670136,0.0018838889634418265,0.0026759325912990573,-0.0008175783788921809,-0.0023159454711787486,0.0073805880407840085,0.006590691511538904,0.0018838889634418265,0.0026759325912990573,0.0007693816357506877,0.0003619936491010556,0.00022498605817145023,0.0006780374618770013,0.0012016916640175124,1.0,1.0,0.00010546203393135833,-0.002589439776253366,-0.0018687162973085591,0.0645272040810051,-0.003015202304012421,-0.015329479053341144,-0.0017880729828043673,-0.0018845228232990952,-0.0021715177786545414,-0.0018687162973085591,-0.005623401841994946,-0.0021715177786545414,0.0002706274540861253,-0.007851769832394329,-0.04157599688430458,-0.005304567249365011,0.010772140957535203,-0.009127312824011247,-0.009522937532443487,-0.04157599688430458,0.11512835538382105,0.12541469136618533,-0.1366097815203675,-0.06170891831493952,-0.10293664940860814,-0.002220749090441121,-0.005531588286081579,-0.0021042490849414452,-0.015438168451857193,0.06081329307136307,-0.002220749090441121,0.14235602021051463,0.14247614294155564,-0.1366097815203675,-0.0023182255051534817,0.0038102711826861757,0.02134922506261694,0.018764195136400486,0.29532397234811014,0.013965167940981571,0.28468067573408273,0.02842636367250828,0.000956499002294664,-0.004442230452023743,-0.06499297800117976,0.01786751872406911,0.01601376443323499,0.04940684750220192,0.04940684750220192,0.04940684750220192,0.49304191547481946,0.2936231221579487,-0.07669113558967733,0.45888862499127736,-0.39897046947084935,-0.3850410698694875,0.0024682841918003406,0.004364418157610128,0.0008677165881065818,0.2604041903898179,0.00037604182632711147,0.2604041903898179,0.0010327670738623507,-0.018027441981018466,0.0024682841918003406,-0.014721070492956567,0.0012077985756300258,0.0015301864281478395,0.0009692336736387697,0.001036574534095891,0.004364418157610128,-0.3649236988569451,-0.004428138569350315,-0.005304567249365011,-0.012816365417896769,-0.005058934697871109,-0.0020078295606182905,-0.005159687361016463,-0.014820611248379745,-0.008489681309430175,0.06081329307136307,-0.0059885742507965745,0.011548811519149882,-0.0006669359353828064,-0.050735371162156095,0.015726507272574297,-0.006637563386668877,-0.0002252035080902992,0.00416983881069144,0.011548811519149882,-0.00038140533615749206,-0.050735371162156095,-0.006637563386668877,-0.004442230452023743,0.010742567176453832,-0.007851769832394329,0.0050678168715693195,-0.012401048022818495,0.09963518191847143,-0.005304567249365011,0.0024682841918003406,0.007811603637053244,0.002915475141167967
D1i_allblocks_groupkfold,7.0545171151348285e-06,-0.00019305780185230326,-0.00019305793523294312,-3.0001947592950273e-09,-6.325010682939336e-05,-6.436145402521909e-05,-6.436145402521909e-05,,-0.00012871980150275242,-0.00012871980150275242,,-6.436145402521909e-05,-6.436145402521909e-05,,-8.322257123394294e-05,,,-8.805789084509463e-05,4.211836551337722e-05,,-0.0002140461864104104,,,-0.0002367514743328858,-0.00023764512253832137,,-0.00022312378584699033,,0.0005657708628004077,0.0005657708628004077,-0.0005660912313527611,-0.0005660912313527611,0.0005657708628004077,-0.0005660912313527611,0.0005657708628004077,0.0005657708628004077,0.0005657708628004077,-3.0001947592950273e-09,6.324410643987477e-05,-0.00012871980150275242,,-6.436145402521909e-05,,6.435524092995859e-05,,-6.325010682939336e-05,-0.00019305019448911942,,,0.00026379368309858986,,0.0001867796261271204,,-0.00019131366489921753,,0.000297903896999796,,0.0010137536684178272,,-0.00018992299739650775,,0.004652897521846611,-0.00019062701107097624,-0.00018865443423865536,,-0.00018903748109422303,-0.00018916778843736104,,0.0008780164772855814,0.00026954794558620154,,-0.0001723442065526548,-0.000190687539121992,,0.0033241999289943536,0.0033241999289943536,0.029086000336415396,0.029086000336415396,-0.00019122338502342018,0.010285792707676267,0.0026098320698711985,-0.00018761785354004523,0.004189822877007088,0.1427293368124979,0.001757219905866969,0.21416855874478968,0.0013617829978602725,0.42850946452413063,0.001757219905866969,-0.00018857514757275595,0.003844386430569058,0.037563569013501885,0.029899420853897185,-0.00018865159112246843,0.004873743164779065,0.007749161905244328,-0.00018857514757275595,0.003844386430569058,0.029899420853897185,-0.00018865159112246843,0.0849549232165373,0.17129828566161365,0.06652496939908348,0.07531610725938931,0.08320286554701573,0.00010546203393135833,0.00010546203393135833,1.0,-0.00017683847315064227,-0.00018207007991177804,0.001395076905408743,-0.00018895193535128918,0.003899683485745431,-0.00018055255530247116,-0.00018096865030137188,0.008216372189427279,-0.00018207007991177804,-0.0001889768480491938,0.008216372189427279,0.3076215673752395,0.004692908618962099,0.0008048611423635554,-0.00018903748109422303,0.0008780164772855814,0.0014842900742408904,-0.0001907328524766161,0.0008048611423635554,0.000935820650809327,0.0009871330290210922,-0.0001933431424419041,0.00039463680619411523,0.00020982173139660887,0.0004409760850704325,-0.00018986854290226063,0.03865984585081372,0.015748161972616748,0.0012569441027502348,0.0004409760850704325,0.000686643744679305,0.0007235538942994557,-0.0001933431424419041,0.020440815219477715,-0.00019069410471495019,0.0018369554338327765,0.00031705239019041986,0.0005545686220398416,-0.00019262478551884676,0.00032371687618149014,0.0005229307320995247,0.000230516083033927,0.004538326933553938,6.826663298364899e-05,0.002189340091235503,0.008285202787664425,0.00019340801081746406,0.00019340801081746406,0.00019340801081746406,0.00032624672986392156,0.0001289376347541893,-0.00018952347365708277,0.0002603318646575703,-0.0001934199659925362,-0.00019341989053001107,0.08434798471891924,0.007595996234678104,0.17007539547546402,0.0003025192987046177,0.12751515934600066,0.0003025192987046177,0.12485470288222023,0.020840187139201327,0.08434798471891924,0.005756566250812001,0.06960322092675575,0.07256089513278874,0.10240689038521189,0.17379717200053646,0.007595996234678104,-0.00019305401436464642,0.006476426670999902,-0.00018903748109422303,-0.00019251504482742376,-0.00018911983484493078,0.03982543124711024,0.006780554412019746,0.01949763612511124,0.0043658707664797625,0.0012569441027502348,0.00679071349504079,,,0.01141383464685497,0.006547770785934159,-0.0004419052428901171,-0.0003775365738556413,,,-0.00033251728050753826,0.01141383464685497,-0.0004419052428901171,0.004538326933553938,0.03720390715518085,0.004692908618962099,0.0227195765164524,0.00022027047880845974,0.000690846107795462,-0.00018903748109422303,0.08434798471891924,-0.00019123190613723473,0.033439293003272974
D1j_dynamic_groupkfold,,,,-0.0025931724732290995,-0.0025931724732290995,-0.00231694305651442,-0.00231694305651442,,-0.002510018106544498,-0.002510018106544498,,-0.002510018106544498,-0.002510018106544498,,,,,,,,,,,,,,,,,,,,,,,,,-0.0025931724732290995,-0.0025931724732290995,-0.0026387348065646243,,-0.0025743764565546723,,-0.0025743764565546723,,-0.0025931724732290995,,,,0.005689809618815489,,0.010611251792125409,,0.007416899679561495,,0.006554179699799767,,0.006725831795646564,,0.0028361148441065076,,0.0018940760951628999,-0.0022030931467584836,-0.001965571020625223,,-0.002007962771985339,0.003752584131194503,,0.004773045815889554,0.013353291810247248,,-0.0009897042919739807,-0.002211204844797532,,0.0007953332368367816,0.0007953332368367816,0.5828490010054911,0.5828490010054911,0.0010722709714742207,0.6060199909997743,0.00016307462793152538,-0.001858583585733209,-0.002430055169610368,-0.0005488567715050685,-0.0024063401221812164,-0.0005488567715050685,-0.0024434620437314702,-0.00023055735483246131,-0.0024063401221812164,-0.002390607203145656,-0.0023998164490066642,-0.0014268529904664096,-0.0015782423814456603,-0.0024029510082534955,-0.0021879072682069456,-0.0019864341085269466,-0.002390607203145656,-0.0023998164490066642,-0.0015782423814456603,-0.0024029510082534955,-0.0008651386068103672,-0.0006779547945556796,-0.0005874782941994727,-0.0009456927242146307,-0.00046698900297847956,-0.002589439776253366,-0.002589439776253366,-0.00017683847315064227,1.0,-0.0014276503888770442,-0.0024872589297793013,-0.001998352693583838,0.2886580712331691,-0.0013393792070712784,-0.0013626207012338298,-0.0019568539622640824,-0.0014276503888770442,,-0.0019568539622640824,-0.00020399898426992635,0.006553136517196689,0.007103580335948045,-0.002007962771985339,0.004773045815889554,0.00858100367569059,0.0017676461534780197,0.007103580335948045,0.015779099109816452,0.01660903843246675,-0.002630109197571562,-0.0016086221084983254,0.005808891349830647,0.011880492693061018,-0.0021058711454948753,0.9160809101056837,0.2821086146791838,-0.0025006971535626032,0.011880492693061018,0.01530676689656496,0.016053346082301356,-0.002630109197571562,0.9479044438525299,-0.0022120880177016744,-0.0025438949162526203,0.004329658701884731,0.007437433143277605,0.09639245504701777,0.004420482285330207,0.0032527108726994047,0.00430577301558055,0.0018030454044823951,0.006628786095205674,-0.0024125043840146354,-0.002252857489017712,0.0025143021616612637,0.0025143021616612637,0.0025143021616612637,,-6.451298269838368e-05,-0.002552522561549919,0.0035563614440091706,-0.002644396976902108,-0.002534855124082025,-0.001147957137046518,-0.0022377617569115937,-0.0008651386068103672,0.00547257456139727,-0.0008651386068103672,0.00547257456139727,-0.0008791047222014292,0.9311570684579968,-0.001147957137046518,0.21715079844380458,-0.0012822209317484567,-0.0014520512352056425,-0.0012138639547170094,-0.00044549059811926917,-0.0022377617569115937,,-0.0023280950716251247,-0.002007962771985339,,0.003808388275884367,0.9317217881775676,0.00347053072175163,0.27918409736286764,-0.0022273988819656587,-0.0025006971535626032,-0.002314693637273546,,,0.2774089473465031,-0.007787336522319999,,,,,0.04369141392238873,0.2774089473465031,,0.0018030454044823951,-0.002061797161544643,0.006553136517196689,-0.001967924665384091,0.0066279940054685405,-0.0025812223704373416,-0.002007962771985339,-0.001147957137046518,-0.0022866870974758147,-0.0015049716770210164
D2_all_features,7.381831620945078e-05,0.0009788539143338326,0.0012073675801080874,-0.00043694248182712947,-0.00023914895881427256,2.021192557766227e-07,2.021192557766227e-07,,0.000258351364105569,0.000258351364105569,,-0.00019542400701633156,-0.00019542400701633156,,2.967641813789168e-05,,,0.0009404622193520673,0.000488626785094759,,-0.0013708752765377863,,,0.0006165630265178024,-0.00046594730095250725,,-0.0018119137133192353,,-0.0005664117813650726,0.0005654506754011468,0.0005654506754011468,0.0005654506754011468,0.0016973131321673662,0.0005654506754011468,0.0016973131321673662,0.0016973131321673662,0.0016973131321673662,0.0002923229889113532,0.0004900521042653372,0.001670203655525504,,0.0014356635444394694,,0.0013039330606373634,,8.925555351368963e-05,0.0006838756516671651,,,0.007860503978258437,,0.015067176782623815,,0.2159511147720654,,0.008673956666698235,,0.10608123366956435,,0.3277518960533703,,0.2924629173916625,0.06952857794302436,0.13665503428118697,,0.4974513124412664,0.48081503785602164,,0.04155284885208521,0.031511777279805475,,0.040375763325587455,0.25695692367529743,,0.2346989905719573,0.2346989905719573,0.004701913994033413,0.004701913994033413,0.19101586740628174,-0.002041547914043207,0.1693782470034757,-0.0020709345377123434,0.1151709246243473,-0.0005772976075770764,0.002585730802488584,-0.0005772976075770764,0.002974621669645572,-0.00023810498197462948,0.002585730802488584,-0.0008493732278431754,-0.002820966913803069,-0.001573591088348314,-0.0017595008463671125,-0.0028298084736360085,0.09672707377994005,0.21462605768497744,-0.0008493732278431754,-0.002820966913803069,-0.0017595008463671125,-0.0028298084736360085,-0.0009269880342941406,-0.000718469505111452,0.016218301839307392,0.012982102813623886,-0.0004888643325091646,-0.0018687162973085591,-0.0018687162973085591,-0.00018207007991177804,-0.0014276503888770442,1.0,-0.0013971000636729958,0.2569555735663973,-0.0025882105302290626,0.4992768758453935,0.5895600884348071,0.2544656734411659,1.0,0.34715474052099693,0.2544656734411659,-0.0002103587602919621,0.04797002954659879,0.015974821901098113,0.4974513124412664,0.04155284885208521,0.1378277181869738,0.34263745234119447,0.015974821901098113,0.0002921722531649129,0.003256230978601171,0.006221551306402007,0.010830981233088788,0.009643524224991595,0.01688139857588522,0.4189085815718915,-0.0015577539536661966,-0.002599536433472771,-0.0015364297205295863,0.01688139857588522,0.003700662309929603,0.0005701641883960606,0.006221551306402007,-0.0015082132101764678,0.10734557765449493,0.029158840081556114,0.0046431533973212424,0.008227520312107606,0.007836420881342954,0.004830003666829841,0.009571012549409952,0.0046166574290238405,0.255436981138494,0.009436641211740482,0.1050432133466015,0.09732786400777449,-0.0002579313942705497,-0.0002579313942705497,-0.0002579313942705497,-0.001681717958820661,0.0027721764223928025,0.000763153097734115,-0.0020347772286097854,0.0005646420843063993,-0.0026031653713507463,-0.0012509468555075287,-0.0026062623986535804,-0.0009269880342941406,0.005983042572344277,-0.0009269880342941406,0.005983042572344277,-0.000942731184832013,-0.00021701313737509942,-0.0012509468555075287,-0.0027009801063786476,-0.0014086305030129864,-0.0016118002375080653,-0.0013280304340308469,-0.00046578034261401946,-0.0026062623986535804,0.0007454890615413712,0.18042529044312794,0.4974513124412664,0.26072142469250104,0.4792675811523711,-0.0015333740805745233,0.4177551337598714,-0.0026045977701050216,0.2589925697388241,-0.0015364297205295863,0.18487138959058402,0.012005039152236718,0.24669105663212787,-0.00021524645070258863,-0.00021534183690041786,-0.0014005368724676615,-0.00067977114371498,0.3724488457885242,0.012005039152236718,-0.00017288139255966506,-0.00021524645070258863,-0.0014005368724676615,0.255436981138494,0.0025277013193224507,0.04797002954659879,-0.00210211040307251,0.01644743105982216,0.00221908892362932,0.4974513124412664,-0.0012509468555075287,0.1151456795181095,-0.0016759762295031067
D2_coh-only,0.0016654524907212531,-0.03479227109070582,-0.03714766238894662,0.0003490175018032726,-0.002328335670399806,0.002890361491115323,0.002890361491115323,,0.0015098825058541543,0.0015098825058541543,,-0.001210674545700341,-0.001210674545700341,,0.0014022300071356852,,,0.00010193675847636197,0.0005444634793360104,,-0.0007419693678809569,,,0.0005991098645653503,0.0023166589749153976,,-0.00090605473124028,,0.010182634833652005,0.0033914350726479414,0.0033914350726479414,-0.014718430956696338,0.0056551683263159624,-0.014718430956696338,0.012446368087320137,0.010182634833652005,0.007918901579983983,8.964031021185814e-05,-0.000991476352052878,-0.009358426259441721,,-0.00216994903311285,,-4.076316680090564e-05,,-0.0007872001698390196,-0.028635561181168834,,,0.06278140251847308,,-0.011386857916219517,,-0.005486634199981522,,-0.02276111641719103,,-0.013658591481979343,,-0.008348650745956698,,-0.003923508144700438,-0.0038788739838118147,-0.00509298733915764,,-0.0029247146183111195,-0.005776250549844653,,0.021368980635092405,0.023995482848194416,,1.479203128751383e-05,-0.007712489360114594,,-0.0037667581891995816,-0.0037667581891995816,0.001353472723689686,0.001353472723689686,-0.0073322704954277285,0.00036439422550682554,0.04002322515419443,0.036268977964329485,0.015692347339741897,-0.000697444317080409,0.0049440686331599926,-0.000697444317080409,0.0058737817247019875,0.0013288756939000557,0.0049440686331599926,0.0021319127382249947,0.013445559355297898,0.004446311680764037,0.010841921157311862,0.00990520191921751,0.02352105396857218,-0.0013047833445678503,0.0021319127382249947,0.013445559355297898,0.010841921157311862,0.00990520191921751,0.0327389140693235,0.010007363781083689,0.013377208363841597,0.027788537694391713,0.0025740947992300978,0.0645272040810051,0.0645272040810051,0.001395076905408743,-0.0024872589297793013,-0.0013971000636729958,1.0,-0.004136038651990415,-0.007874690775604876,-0.002544259883191069,-0.0011341086558520619,-0.0022878370544985316,-0.0013971000636729958,-0.005457375098423478,-0.0022878370544985316,-0.0002244477012116608,-0.00435780590163648,0.005817651139309876,-0.0029247146183111195,0.021368980635092405,-0.005007396546400589,-0.005439339976509361,0.005817651139309876,0.005556990892457314,0.07332904454603117,0.17855032217520006,0.05872705120659083,-0.016832727102495504,0.005596613196362066,-0.0069619537905847295,0.0030279688684482498,-0.00812167695900623,0.9517970751078306,0.005596613196362066,0.07346050991593667,0.011168237274781223,0.17855032217520006,0.001730721943928537,-0.007732476268632604,-0.013196826294357145,-0.0005139284773103547,0.030490697993876825,-0.011755848153568893,0.042517467417496846,-0.019329512319141928,0.0007739569192589668,0.003109384837865381,0.014705343585786568,0.014743188513211658,-0.004019243616802948,-0.01650507850511751,-0.01650507850511751,-0.01650507850511751,0.058279368813016985,0.029720211105345395,-0.019354082011612483,0.04141638743353471,-0.03116838305590708,-0.029545927275819617,0.005600593801791676,0.011295014722622065,0.007996823941600284,0.06413677175735133,0.004904062675634924,0.06413677175735133,0.0033239607607205013,-0.015695679479107882,0.005600593801791676,-0.00964971367918932,0.0005756938175122128,0.002803929186858456,0.0038466803889393164,0.005756691731624186,0.011295014722622065,-0.036220865026736826,0.008765623283490731,-0.0029247146183111195,-0.011630070874344645,-0.005706739560813245,0.003124671305902882,-0.006142539710436878,-0.007082205218362558,0.0194649041200069,0.9517970751078306,0.003937440154031635,-0.0021109878516913927,-0.0030856271219719122,-0.031137142191999256,0.11303786405132277,-0.005178104017298235,-0.0010524185387574825,-0.005991012346818314,-0.0021109878516913927,-0.0008584464412972892,-0.031137142191999256,-0.005178104017298235,0.003109384837865381,0.024027717258602643,-0.00435780590163648,0.0012670215315511157,-0.0038721603457585463,0.009332103135043512,-0.0029247146183111195,0.005600593801791676,-0.0027992609460412154,0.005455050260218974
D2_ms-only,4.047401263507222e-05,8.862458366099002e-05,0.00036285262396074103,0.0006274653348196102,0.00044300016947773635,0.0013632686847097064,0.0013632686847097064,,0.0018782593477172371,0.0018782593477172371,,0.0006466490688440407,0.0006466490688440407,,0.002030910700673405,,,0.002155023066144013,0.0015157287046909662,,-0.001673482757614142,,,0.0017155775099697568,0.002071964355267575,,-0.0023774038816020138,,-0.0022688613516512746,0.006786080365811409,-0.0011369936369685085,-5.12592228574249e-06,0.007917948080494175,-5.12592228574249e-06,0.018104757512639735,0.018104757512639735,0.004522344936445655,0.0005393587513862208,0.0008708540278967725,0.0023643624161657772,,0.0017693696317068186,,0.0015056590428979,,0.0008434095544243014,0.0013607281529172122,,,0.019758919258528018,,0.033741826513645656,,0.21874774489799254,,0.021812606508451182,,0.15687255927810895,,0.30640016132042147,,0.23287361002471674,0.10510780193495606,0.14829339041927125,,0.3194088817873272,0.3260137513234256,,0.05409355893094325,0.05005177076912115,,0.018635785359839896,0.23940246909039797,,0.21646197523202115,0.21646197523202115,0.009754350770344478,0.009754350770344478,0.201642806608879,0.0011416177863207144,0.27063034182837065,0.0054849066382745,0.28883537040899065,-0.0006526693576327514,0.0061719695304367495,-0.0006526693576327514,0.003736097894243673,-0.00025001320754292067,0.0061719695304367495,0.0038255603315617837,0.00017425146117455714,0.00912570544649638,-0.0027151515151515593,0.008030719336808323,0.2114009759104747,0.6008077747589398,0.0038255603315617837,0.00017425146117455714,-0.0027151515151515593,0.008030719336808323,0.0056956917182486855,0.013407758113379686,0.006597798399587851,0.005418960662581518,-0.0005418533319141439,-0.003015202304012421,-0.003015202304012421,-0.00018895193535128918,-0.001998352693583838,0.2569555735663973,-0.004136038651990415,1.0,0.011047270356325911,0.23058028143666986,0.22256802686813482,0.6100518442770104,0.2569555735663973,0.5078722403983613,0.6100518442770104,-0.00021959951844974235,0.08446338086794714,0.031287498137600345,0.3194088817873272,0.05409355893094325,0.17095619657595584,0.30553486402141605,0.031287498137600345,0.001117313542808418,0.00707718329117879,0.008579108846250905,0.026449258925811736,0.021396301090502057,0.033352733450538574,0.3126745137900726,-0.0022629018105297938,0.010713853969112286,-0.0031963254563940335,0.033352733450538574,0.00498454065620102,0.001927156054041368,0.008579108846250905,-0.0021598421653803435,0.07629082778711105,0.039998192429261836,0.009378940535903713,0.014706248173487535,0.022362087564895217,0.011754791501854767,0.019715371621077282,0.009403825188562642,0.2563241103704448,0.020621376971234673,0.12344513445534999,0.08430870095940124,0.003932562512853455,0.003932562512853455,0.003932562512853455,-0.00015184249300270736,0.006640318653595156,0.00010167778913383607,-0.00040899151049211824,-0.0013531935934878447,-0.006050618686985754,0.0109708894955306,0.005194543285845787,-0.0011380148678801216,0.008800674637512551,-0.0011380148678801216,0.008800674637512551,-0.0011618337609526908,-0.0021640016031190257,0.0109708894955306,0.007580969106298241,-0.0019612844778926775,-0.0023787727210100584,-0.001808464258610254,-0.0005136383018786717,0.005194543285845787,8.792266259494141e-08,0.4674114672666091,0.3194088817873272,0.47373145381565196,0.3435854728378508,-0.002211816129058519,0.2971776454761923,0.010563836623286194,0.42331613728391915,-0.0031963254563940335,0.4953302906703245,-0.002057373472974744,0.46645527761190586,0.016060636258653727,0.11145989380870769,-0.0055437997302347775,-0.0010667200026668322,0.3817844584412071,-0.002057373472974744,0.02956598658399745,0.016060636258653727,-0.0055437997302347775,0.2563241103704448,0.020370212602434545,0.08446338086794714,0.014057579294081024,0.031245567955974107,0.0037178368326120648,0.3194088817873272,0.0109708894955306,0.11480149028569764,0.01395854563487664
D2_sar-only,0.000548597550286356,-0.015687051050604417,-0.015687839319390218,-0.015503714843192684,-0.015503355648367245,-0.0023359680926449133,-0.0023359680926449133,,-0.0025307318280571867,-0.0025307318280571867,,-0.0025307122213640287,-0.0025307122213640287,,0.012537876713358376,,,0.0037748746799292077,0.008446113843654679,,-0.0018728432515027205,,,0.010687904347853827,0.0185197134795414,,-0.0028061063170374823,,,,,,,,,,,-0.015502232851845266,-0.015502031503564107,-0.0027253522400110253,,-0.0026603083922693838,,-0.0025953574460435558,,-0.015502975601038527,-0.015636767372728233,,,-0.004089440053422155,,0.0033419491158154235,,-0.002333844094740689,,-0.0032399170649737297,,-0.004608868036307667,,-0.0037817358169816018,,-0.004907897308656484,-0.007151898963262626,-0.00513679960053115,,-0.005436764257397586,-0.0028580235461930226,,0.016355566258523635,0.02467574005816131,,-0.0014361243247857924,-0.0072380966653053935,,-0.006522947139159685,-0.006522947139159685,0.2428946998810002,0.2428946998810002,-0.0020388976979759388,0.24224152107349162,0.0025225488816070785,0.025252816274506595,0.007179523152301748,0.003284333419151353,-0.010658719145845152,0.003284333419151353,-0.010264154138327486,0.003820605124512322,-0.010658719145845152,-0.010338348504198347,-0.010463045625273448,0.004235591026804708,6.292736342239369e-05,-0.010585719578048991,-0.0069943033990311765,0.011266075211053828,-0.010338348504198347,-0.010463045625273448,6.292736342239369e-05,-0.010585719578048991,-0.00121973731208036,-0.000882664258449406,-0.0007082215281748461,0.006174973478402124,-0.0005597087891953123,-0.015329479053341144,-0.015329479053341144,0.003899683485745431,0.2886580712331691,-0.0025882105302290626,-0.007874690775604876,0.011047270356325911,1.0,0.004759007097909107,-0.0023821112577078196,0.0061679376403723785,-0.0025882105302290626,-0.004418720376984764,0.0061679376403723785,0.003860064851616274,0.002603916462170064,0.018768202956918056,-0.005436764257397586,0.016355566258523635,0.0009195124727652271,-0.002846865489996686,0.018768202956918056,0.0032809764400053565,0.03177191009047531,0.027390330552930275,-0.002579145850487352,0.0014773812372633754,0.032151357809969916,-0.00621973342177351,0.2878006604285982,0.986615563598463,0.001420255296658346,0.032151357809969916,0.01808522023429615,0.0033320080677076147,0.027390330552930275,0.2909326718907389,-0.007247568433468743,-0.006037361255844198,0.012021656697503769,0.035777028143424316,0.07112251616058485,0.023867102139786267,0.009775237173299867,0.010999887468206349,0.0016870301936952048,0.004894708306534268,-0.0038230029009211908,-0.007704370925832205,-0.004803295155587639,-0.004803295155587639,-0.004803295155587639,0.026762111649440756,0.01228135873528724,-0.01062031320170731,0.020825690649849515,-0.015607007833561948,-0.015441903655856182,0.0018061822847393882,-0.0059716959016851145,0.006423161446027059,0.032913067605991775,0.006423161446027059,0.032913067605991775,0.006381408485668816,0.9311570684579968,0.0018061822847393882,0.8550928748099412,0.0049032320927747675,0.004066987167546943,0.0051978341601067735,0.0034724634461490433,-0.0059716959016851145,-0.015662870466754297,0.01194239569491562,-0.005436764257397586,-0.007748599124764111,-0.002806372989694328,0.285883611482433,0.007404803701536178,0.9805563729799303,0.0013838272699376875,0.001420255296658346,0.016492854792918288,,,0.9842934335811532,-0.0031767735240526562,,,,,0.007302672108106534,0.9842934335811532,,0.0016870301936952048,-0.0011039471826488345,0.002603916462170064,0.0012537725754411255,0.018149561534460346,-0.01498324128792361,-0.005436764257397586,0.0018061822847393882,-0.008114932804199393,-0.0029607412512642206
D2_sar_+_ms,2.2522414159342752e-05,0.0004890383915243657,0.0005979133132217873,-0.0003094024523273564,8.277602606343581e-05,-0.0001945061028669759,-0.0001945061028669759,,0.0004531102536027287,0.0004531102536027287,,-6.556227357101818e-05,-6.556227357101818e-05,,0.0003063765748011482,,,0.0008725664624246177,0.0005898638066322848,,-0.001323635851090188,,,0.0004434020729792154,-0.0003090879292571014,,-0.0017194396986597305,,,,,,,,,,,-3.731053882694013e-05,0.0005509993529296819,0.0013484983795143402,,0.0007848086982108482,,0.0008484454252869478,,2.124495352240352e-05,0.0006852852652911023,,,0.006879993481602953,,0.013193667598879077,,0.1881150524993349,,0.0075923637045686165,,0.08751046922923456,,0.3130200346966614,,0.2508643519435618,0.08793410006750024,0.1670866703488907,,0.3682121290528655,0.39991231223176327,,0.03521063499413302,0.028321175239144458,,0.029106614712924306,0.22717598774770698,,0.20213858948621088,0.20213858948621088,0.005172916432354957,0.005172916432354957,0.20181455268632886,-0.001865715655929634,0.13426803814805932,-0.0018902279169243918,0.11283667999913327,0.01831622206582162,0.00297126558113181,-0.0005623121252202878,0.003363718615221001,-0.00023551627480533632,0.00297126558113181,-0.0024887749320237074,-0.002495935808382921,-0.001467024108254833,-0.0016273235371040418,-0.002502854801880172,0.0782856807388358,0.19230903629653062,-0.0024887749320237074,-0.002495935808382921,-0.0016273235371040418,-0.002502854801880172,-0.0008889477390876532,-0.0006954052298413504,-0.0005823893245504586,-0.0009724452897919011,-0.00047807540501243473,-0.0017880729828043673,-0.0017880729828043673,-0.00018055255530247116,-0.0013393792070712784,0.4992768758453935,-0.002544259883191069,0.23058028143666986,0.004759007097909107,1.0,0.478814150837345,0.26436032972903023,0.4992768758453935,0.2990295039029863,0.26436032972903023,-0.00020833565850786329,0.04894795439735222,0.013790655833462284,0.3682121290528655,0.03521063499413302,0.12051392041650288,0.2875005194173812,0.013790655833462284,0.0013499234961606987,0.0038781401132110815,0.004749974831245285,0.009463471129822598,0.008558893808439327,0.014968128111645718,0.3468596860590114,-0.0014532500015382865,0.004591548702604253,-0.002558322838238203,0.014968128111645718,0.004088411854815677,0.0014104017509066757,0.004749974831245285,-0.0014100411197430773,0.09415243645486526,0.027733890347807377,0.004265153889896123,0.007123945656256403,0.012321957633379732,0.004011519793907903,0.009071176499721778,0.004325985745723071,0.24180415443126402,0.008260340333600458,0.09799891796869997,0.08152916688035217,6.442673546236399e-05,6.442673546236399e-05,6.442673546236399e-05,-0.0008403407734915991,0.0023208899891218326,0.00019365284511463354,-0.0010435428684267833,-3.182549667246626e-05,-0.0022707911269090886,-0.0011826517977444606,0.004492176359711775,-0.0008889477390876532,0.005463163279930461,-0.0008889477390876532,0.005463163279930461,-0.0009034152322262567,-0.00042959645354412324,-0.0011826517977444606,0.0030986024308375937,-0.0013226247961446447,-0.0015001787644337572,-0.001251317421243181,-0.00045597604018343674,0.004492176359711775,0.0002947360935890986,0.16912033309756747,0.3682121290528655,0.2438158397531761,0.40340100216301633,-0.0014320092144788354,0.3932557077825609,0.004516765178330773,0.19934477764876057,-0.002558322838238203,0.179324113717382,0.014345528012572939,0.20115863711646298,0.006467951598331578,0.01610155163753524,,,0.3052761417312144,0.014345528012572939,-0.0005353029737624748,0.006467951598331578,,0.24180415443126402,0.00290912943502164,0.04894795439735222,-0.0019161663663340711,0.01417236004745237,0.002075528444113628,0.3682121290528655,-0.0011826517977444606,0.11774526304906907,-0.0015556209467015858
D2_sar_+_ms_+_coh,2.5242755978927e-05,0.000842801212207922,0.0008270625889501559,-0.00021164664972173064,-0.0003384090395506245,-0.00022694203116691014,-0.00022694203116691014,,3.1425801096496286e-05,3.1425801096496286e-05,,-0.0002277841847801998,-0.0002277841847801998,,-0.00027238835016674123,,,7.26607629258913e-05,-0.0004883241740791799,,-0.001317280887173311,,,0.0007659723104762595,-0.0003568650236824844,,-0.0017302845327027416,,0.0005657708628004077,-0.0005660912313527611,-0.0005660912313527611,-0.0005660912313527611,-0.0005660912313527611,-0.0005660912313527611,0.0005657708628004077,0.0005657708628004077,-0.0005660912313527611,0.0001916450285098792,0.0006498175235316594,0.001509579211981027,,0.0009476094237287347,,0.0008161823086979547,,0.0001194674274980212,0.000917828197384285,,,0.00712517596452511,,0.01347320982593081,,0.20963091078483598,,0.007862832790781704,,0.095347155158087,,0.32044981866268507,,0.2573934484000876,0.0751005608792027,0.14065396342035097,,0.4698193836682134,0.4476975340643379,,0.036142550849838084,0.030941770874323926,,0.05787155835309177,0.24175574569787917,,0.20113637617788993,0.20113637617788993,0.01205815669539223,0.01205815669539223,0.20074021995972346,0.005455871242008636,0.15890557330824595,0.005219841349213383,0.11039953164964156,-0.0005663677848581905,-0.002589585675538464,-0.0005663677848581905,-0.0011575510708097259,0.020821379970074827,-0.002589585675538464,-0.0005908266811891494,-0.0025778728762280156,-0.0014949527769880788,0.00774351400547324,-0.0025852542741262585,0.0903521363232892,0.18449662823089974,-0.0005908266811891494,-0.0025778728762280156,0.00774351400547324,-0.0025852542741262585,0.014739922640360947,-0.0007016185614401316,0.01760574531047132,0.013955430467020857,-0.0004810038051823451,-0.0018845228232990952,-0.0018845228232990952,-0.00018096865030137188,-0.0013626207012338298,0.5895600884348071,-0.0011341086558520619,0.22256802686813482,-0.0023821112577078196,0.478814150837345,1.0,0.22412281814270008,0.5895600884348071,0.30497076195971484,0.22412281814270008,-0.0002088898584486909,0.03978962116577489,0.014485941920833412,0.4698193836682134,0.036142550849838084,0.1264458261101329,0.3252032861614669,0.014485941920833412,0.0005804808956644258,0.003781158463286527,0.005025039027939049,0.009805475224292648,0.008863641224589158,0.015289122431359714,0.37887917011123484,0.009405007476949279,-0.0023917018719672445,-0.001271932413765775,0.015289122431359714,0.003554177630699762,0.0006309411880699445,0.005025039027939049,0.009816264683319198,0.0895225546139563,0.030534803856453685,0.004423416146587256,0.007648623494003415,0.00950610804023122,0.0044314374295914005,0.00843867033925505,0.004398660304605784,0.2442781726540474,0.008554503137926162,0.10848510716107818,0.0882612089067375,-0.0004835730427235063,-0.0004835730427235063,-0.0004835730427235063,-0.0014481659522094237,0.00241759400221786,9.855981284001558e-05,-0.001744898649997939,0.00014460248689573962,-0.002203276730915471,0.025146652177153506,0.00438702136487279,0.014739922640360947,0.005769588353446986,0.014739922640360947,0.005769588353446986,0.014604115759921599,-0.00021701313737509942,0.025146652177153506,-0.0024773059307936496,0.010646875535467726,0.008957822171636654,0.01132303097679932,-0.0004586392090939473,0.00438702136487279,0.0002860716535706409,0.1594710458713664,0.4698193836682134,0.24702028058875902,0.44008189964752387,-0.0014586085056780274,0.4008909301832556,-0.0023959855803077357,0.24053411844489603,-0.001271932413765775,0.18149610360965296,0.042219008662535806,0.22780962158657425,-0.00042886936729513714,0.003118373241280281,-0.0005286310344176925,-0.0003775365738556413,0.3480623340772223,0.042219008662535806,-0.00028816886695604005,-0.00042886936729513714,-0.0005286310344176925,0.2442781726540474,0.017844634143445615,0.03978962116577489,-0.0019640934349220984,0.014895701762205449,0.002155600865498153,0.4698193836682134,0.025146652177153506,0.11708582176328108,-0.0015870609732651086
D4_a9_ms_only,8.737154779669964e-05,0.000694435966069884,0.0010316098757545689,0.0007536052235463941,0.0006983207683579629,0.0007791947793418519,0.0007791947793418519,,0.001554138618080736,0.001554138618080736,,0.0006468005114445008,0.0006468005114445008,,0.001669965769777071,,,0.0024027929380208146,0.003495912743599505,,-0.0016251901566970428,,,0.001014632864181353,0.0008231047122682078,,-0.002275466615154098,,-0.006796654757970755,0.010181366401522896,0.0011264217831262746,-0.0011373143714727973,0.010181366401522896,-0.0011373143714727973,0.019236311019919405,0.019236311019919405,0.004522026015024938,0.0007281250184523191,0.001189666738492412,0.002301753863033662,,0.0018333313730101164,,0.0018297378886212856,,0.0010982494694160572,0.0014815801184380195,,,0.018250278517609075,,0.03291986519109058,,0.2561935416869856,,0.020757401698544897,,0.16009722974923624,,0.3032738339434383,,0.26881754140730063,0.12772053602897138,0.18067074549325157,,0.3368618281424228,0.33537790308940574,,0.05596382396023236,0.05041596486498312,,0.0200743802303176,0.2658310904103176,,0.24252914413855198,0.24252914413855198,0.010504350444422217,0.010504350444422217,0.2208824785373361,0.0014832027080026178,0.26607867428676435,0.010757980895799268,0.2978376787139403,0.007230939618307897,0.0003364088294980361,0.007230939618307897,0.0003207232519497616,-0.0002493516320172251,0.0003364088294980361,0.0009336826288403044,0.0006993768958674096,0.003814000353435709,0.002962226667082013,0.008684211017503496,0.21856140496998988,0.5967743999220104,0.0009336826288403044,0.0006993768958674096,0.002962226667082013,0.008684211017503496,0.006209809669351363,0.006837552110608214,0.02287029089214221,0.013093563472726943,-0.0005387553590094907,-0.0021715177786545414,-0.0021715177786545414,0.008216372189427279,-0.0019568539622640824,0.2544656734411659,-0.0022878370544985316,0.6100518442770104,0.0061679376403723785,0.26436032972903023,0.22412281814270008,1.0,0.2544656734411659,0.5219542935923146,1.0,-0.00021908894748201568,0.10195187997934085,0.029211020440184088,0.3368618281424228,0.05596382396023236,0.1823407164086689,0.3152281439385437,0.029211020440184088,0.003082646770954711,0.008184416041476572,0.008302987313949739,0.02507049559485408,0.020717226932401744,0.03133111329868499,0.3316555067624305,-0.0022098341843692637,0.005923827852049479,-0.0014261310824881246,0.03133111329868499,0.006922593453947856,0.0025628896913135746,0.008302987313949739,-0.0021114465113800662,0.08836258573093503,0.04092205755278655,0.008581117344518274,0.013621863354528085,0.026887060849399957,0.010938850095322139,0.01931325249482918,0.008780086863775516,0.31411555164663263,0.020625510721869578,0.1337684059564117,0.08713265950008109,0.004448335932298986,0.004448335932298986,0.004448335932298986,-0.0011904534423272661,0.006124565906768575,-0.0015914764972762008,-0.0008225491245208438,-0.0005435841351248971,-0.005623802252982424,0.011850660972284488,0.013972020827214049,-0.0011244352777382005,0.007133135144905323,-0.0011244352777382005,0.007133135144905323,-0.0011476833086634386,-0.0012382378382649328,0.011850660972284488,0.005934865502531084,-0.0019212956157608208,-0.0023202016790691005,-0.001774410250788394,-0.0005108537312690231,0.013972020827214049,0.0007675303404095501,0.46199759232056903,0.3368618281424228,0.47380595029316763,0.3455824377579504,-0.002161090637278873,0.328633756261303,0.008552875501631862,0.43333078488622945,-0.0014261310824881246,0.4526646704091273,0.016958500307579616,0.4507811979034403,0.010675036975695384,0.08584252750954113,-0.005645429100052279,-0.0010704278563109515,0.36665543055519,0.016958500307579616,0.03930255638512481,0.010675036975695384,-0.005645429100052279,0.31411555164663263,0.021485257172769168,0.10195187997934085,0.005755762675822229,0.030295363913546924,0.004533581558153976,0.3368618281424228,0.011850660972284488,0.1397514907911409,0.014978454649811512
D4_f8_strategy_B_impute,7.381831620945078e-05,0.0009788539143338326,0.0012073675801080874,-0.00043694248182712947,-0.00023914895881427256,2.021192557766227e-07,2.021192557766227e-07,,0.000258351364105569,0.000258351364105569,,-0.00019542400701633156,-0.00019542400701633156,,2.967641813789168e-05,,,0.0009404622193520673,0.000488626785094759,,-0.0013708752765377863,,,0.0006165630265178024,-0.00046594730095250725,,-0.0018119137133192353,,-0.0005664117813650726,0.0005654506754011468,0.0005654506754011468,0.0005654506754011468,0.0016973131321673662,0.0005654506754011468,0.0016973131321673662,0.0016973131321673662,0.0016973131321673662,0.0002923229889113532,0.0004900521042653372,0.001670203655525504,,0.0014356635444394694,,0.0013039330606373634,,8.925555351368963e-05,0.0006838756516671651,,,0.007860503978258437,,0.015067176782623815,,0.2159511147720654,,0.008673956666698235,,0.10608123366956435,,0.3277518960533703,,0.2924629173916625,0.06952857794302436,0.13665503428118697,,0.4974513124412664,0.48081503785602164,,0.04155284885208521,0.031511777279805475,,0.040375763325587455,0.25695692367529743,,0.2346989905719573,0.2346989905719573,0.004701913994033413,0.004701913994033413,0.19101586740628174,-0.002041547914043207,0.1693782470034757,-0.0020709345377123434,0.1151709246243473,-0.0005772976075770764,0.002585730802488584,-0.0005772976075770764,0.002974621669645572,-0.00023810498197462948,0.002585730802488584,-0.0008493732278431754,-0.002820966913803069,-0.001573591088348314,-0.0017595008463671125,-0.0028298084736360085,0.09672707377994005,0.21462605768497744,-0.0008493732278431754,-0.002820966913803069,-0.0017595008463671125,-0.0028298084736360085,-0.0009269880342941406,-0.000718469505111452,0.016218301839307392,0.012982102813623886,-0.0004888643325091646,-0.0018687162973085591,-0.0018687162973085591,-0.00018207007991177804,-0.0014276503888770442,1.0,-0.0013971000636729958,0.2569555735663973,-0.0025882105302290626,0.4992768758453935,0.5895600884348071,0.2544656734411659,1.0,0.34715474052099693,0.2544656734411659,-0.0002103587602919621,0.04797002954659879,0.015974821901098113,0.4974513124412664,0.04155284885208521,0.1378277181869738,0.34263745234119447,0.015974821901098113,0.0002921722531649129,0.003256230978601171,0.006221551306402007,0.010830981233088788,0.009643524224991595,0.01688139857588522,0.4189085815718915,-0.0015577539536661966,-0.002599536433472771,-0.0015364297205295863,0.01688139857588522,0.003700662309929603,0.0005701641883960606,0.006221551306402007,-0.0015082132101764678,0.10734557765449493,0.029158840081556114,0.0046431533973212424,0.008227520312107606,0.007836420881342954,0.004830003666829841,0.009571012549409952,0.0046166574290238405,0.255436981138494,0.009436641211740482,0.1050432133466015,0.09732786400777449,-0.0002579313942705497,-0.0002579313942705497,-0.0002579313942705497,-0.001681717958820661,0.0027721764223928025,0.000763153097734115,-0.0020347772286097854,0.0005646420843063993,-0.0026031653713507463,-0.0012509468555075287,-0.0026062623986535804,-0.0009269880342941406,0.005983042572344277,-0.0009269880342941406,0.005983042572344277,-0.000942731184832013,-0.00021701313737509942,-0.0012509468555075287,-0.0027009801063786476,-0.0014086305030129864,-0.0016118002375080653,-0.0013280304340308469,-0.00046578034261401946,-0.0026062623986535804,0.0007454890615413712,0.18042529044312794,0.4974513124412664,0.26072142469250104,0.4792675811523711,-0.0015333740805745233,0.4177551337598714,-0.0026045977701050216,0.2589925697388241,-0.0015364297205295863,0.18487138959058402,0.012005039152236718,0.24669105663212787,-0.00021524645070258863,-0.00021534183690041786,-0.0014005368724676615,-0.00067977114371498,0.3724488457885242,0.012005039152236718,-0.00017288139255966506,-0.00021524645070258863,-0.0014005368724676615,0.255436981138494,0.0025277013193224507,0.04797002954659879,-0.00210211040307251,0.01644743105982216,0.00221908892362932,0.4974513124412664,-0.0012509468555075287,0.1151456795181095,-0.0016759762295031067
D6_fusion,0.00013286052095007328,0.002141440691115548,0.002230917373198027,0.000498703190019878,0.000993410177315912,0.0006429731775771108,0.0006429731775771108,,0.001737574851591872,0.001737574851591872,,0.0005501927991578004,0.0005501927991578004,,0.0009712352955854042,,,0.0018324452392806112,0.001385860373083525,,-0.00153921964566206,,,0.0010632085478067266,0.00039791864412419553,,-0.002112047343798773,,,,,,,,,,,-5.003592945818092e-05,0.0005922956221143805,0.0023510900111164412,,0.0019027263913172776,,0.0022740700970135252,,0.0010807092350807457,0.0022624863687115138,,,0.016221230200224812,,0.03063312323603229,,0.2829856611257815,,0.01904803536283506,,0.16410595422084795,,0.3785022411529483,,0.31503891083308133,0.13090136754586434,0.2005134568233936,,0.38536070903624,0.4293708316414224,,0.061923801950476864,0.05489414056578423,,0.05749422864205189,0.2888049079051659,,0.2739345003382395,0.2739345003382395,0.0168746059267888,0.0168746059267888,0.2293930478454892,-0.001612053732068519,0.2625361952923079,0.008584275644957895,0.237141236515928,0.011301867153265754,0.000979270809409849,-0.0005014425599032535,0.0014225398015990098,-0.0002613600664174154,0.000979270809409849,-0.0002518170186240898,-0.0007270091201732054,0.006822030540566848,-0.0023432900721991334,0.007263787599036231,0.23448381413017405,0.47573407411062707,-0.0002518170186240898,-0.0007270091201732054,-0.0023432900721991334,0.007263787599036231,0.011000753777485217,0.010521331585477744,-0.0005341537450984646,-0.0008123756198055165,-3.874639374723543e-05,-0.005623401841994946,-0.005623401841994946,-0.0001889768480491938,,0.34715474052099693,-0.005457375098423478,0.5078722403983613,-0.004418720376984764,0.2990295039029863,0.30497076195971484,0.5219542935923146,0.34715474052099693,1.0,0.5219542935923146,-0.0001521148874332745,0.09062087669816543,0.026343830815941827,0.38536070903624,0.061923801950476864,0.18870323056765803,0.3453055516293121,0.026343830815941827,0.0024117583962600664,0.007498722129528734,0.0064133326525409595,0.01814140411444065,0.019890326665628844,0.0337051954583637,0.4079584880695719,-0.0003667028659231075,-0.004455304176322894,-0.0015046235254505547,0.0337051954583637,0.00579515218803317,0.00421126508369607,0.0064133326525409595,-0.0002613600664174154,0.12351833028108672,0.0580566171911151,0.00999451836297749,0.01781637952656634,0.030224883604856312,0.009624556857783406,0.021717929702731786,0.009857501440067362,0.3711078811440922,0.018750128130571087,0.19471987172598215,0.19043636217728377,0.0024833251678154644,0.0024833251678154644,0.0024833251678154644,-0.0036731362086828145,0.005905470966624193,-0.0017005208969846919,-0.003726376088569072,0.0001544355517800744,-0.004603513021460115,-0.001010448078809567,0.002944279936353489,-0.0010375525242896089,0.009748480141767657,-0.0010375525242896089,0.009748480141767657,-0.0009553693731199076,-0.0007152610702907403,-0.001010448078809567,-0.004757341091129463,-0.0018344009736503963,-0.002121577062285551,-0.0017158900339702132,-0.0004009858633329255,0.002944279936353489,0.002614314916055571,0.36173314775564236,0.38536070903624,0.5411193742876449,0.4009211974150694,-0.00029689748042538433,0.37768565745007876,-0.004455304176322894,0.42828556541365725,-0.0015046235254505547,0.376303386291597,0.02301191342152098,0.5026804978409423,-0.001167184217294226,-0.0011734748175120657,,,0.4282329136525135,0.02301191342152098,-0.00036662864591807676,-0.001167184217294226,,0.3711078811440922,0.014893551590796639,0.09062087669816543,0.0035975371801819644,0.029628075367599593,0.0023403684667521185,0.38536070903624,-0.001010448078809567,0.19770262789623683,0.006935919200318774
D6_ms_only,8.737154779669964e-05,0.000694435966069884,0.0010316098757545689,0.0007536052235463941,0.0006983207683579629,0.0007791947793418519,0.0007791947793418519,,0.001554138618080736,0.001554138618080736,,0.0006468005114445008,0.0006468005114445008,,0.001669965769777071,,,0.0024027929380208146,0.003495912743599505,,-0.0016251901566970428,,,0.001014632864181353,0.0008231047122682078,,-0.002275466615154098,,-0.006796654757970755,0.010181366401522896,0.0011264217831262746,-0.0011373143714727973,0.010181366401522896,-0.0011373143714727973,0.019236311019919405,0.019236311019919405,0.004522026015024938,0.0007281250184523191,0.001189666738492412,0.002301753863033662,,0.0018333313730101164,,0.0018297378886212856,,0.0010982494694160572,0.0014815801184380195,,,0.018250278517609075,,0.03291986519109058,,0.2561935416869856,,0.020757401698544897,,0.16009722974923624,,0.3032738339434383,,0.26881754140730063,0.12772053602897138,0.18067074549325157,,0.3368618281424228,0.33537790308940574,,0.05596382396023236,0.05041596486498312,,0.0200743802303176,0.2658310904103176,,0.24252914413855198,0.24252914413855198,0.010504350444422217,0.010504350444422217,0.2208824785373361,0.0014832027080026178,0.26607867428676435,0.010757980895799268,0.2978376787139403,0.007230939618307897,0.0003364088294980361,0.007230939618307897,0.0003207232519497616,-0.0002493516320172251,0.0003364088294980361,0.0009336826288403044,0.0006993768958674096,0.003814000353435709,0.002962226667082013,0.008684211017503496,0.21856140496998988,0.5967743999220104,0.0009336826288403044,0.0006993768958674096,0.002962226667082013,0.008684211017503496,0.006209809669351363,0.006837552110608214,0.02287029089214221,0.013093563472726943,-0.0005387553590094907,-0.0021715177786545414,-0.0021715177786545414,0.008216372189427279,-0.0019568539622640824,0.2544656734411659,-0.0022878370544985316,0.6100518442770104,0.0061679376403723785,0.26436032972903023,0.22412281814270008,1.0,0.2544656734411659,0.5219542935923146,1.0,-0.00021908894748201568,0.10195187997934085,0.029211020440184088,0.3368618281424228,0.05596382396023236,0.1823407164086689,0.3152281439385437,0.029211020440184088,0.003082646770954711,0.008184416041476572,0.008302987313949739,0.02507049559485408,0.020717226932401744,0.03133111329868499,0.3316555067624305,-0.0022098341843692637,0.005923827852049479,-0.0014261310824881246,0.03133111329868499,0.006922593453947856,0.0025628896913135746,0.008302987313949739,-0.0021114465113800662,0.08836258573093503,0.04092205755278655,0.008581117344518274,0.013621863354528085,0.026887060849399957,0.010938850095322139,0.01931325249482918,0.008780086863775516,0.31411555164663263,0.020625510721869578,0.1337684059564117,0.08713265950008109,0.004448335932298986,0.004448335932298986,0.004448335932298986,-0.0011904534423272661,0.006124565906768575,-0.0015914764972762008,-0.0008225491245208438,-0.0005435841351248971,-0.005623802252982424,0.011850660972284488,0.013972020827214049,-0.0011244352777382005,0.007133135144905323,-0.0011244352777382005,0.007133135144905323,-0.0011476833086634386,-0.0012382378382649328,0.011850660972284488,0.005934865502531084,-0.0019212956157608208,-0.0023202016790691005,-0.001774410250788394,-0.0005108537312690231,0.013972020827214049,0.0007675303404095501,0.46199759232056903,0.3368618281424228,0.47380595029316763,0.3455824377579504,-0.002161090637278873,0.328633756261303,0.008552875501631862,0.43333078488622945,-0.0014261310824881246,0.4526646704091273,0.016958500307579616,0.4507811979034403,0.010675036975695384,0.08584252750954113,-0.005645429100052279,-0.0010704278563109515,0.36665543055519,0.016958500307579616,0.03930255638512481,0.010675036975695384,-0.005645429100052279,0.31411555164663263,0.021485257172769168,0.10195187997934085,0.005755762675822229,0.030295363913546924,0.004533581558153976,0.3368618281424228,0.011850660972284488,0.1397514907911409,0.014978454649811512
D6_sar_only,5.643508715125201e-06,-0.0001544450240351658,-0.00015444510939732758,3.1620053105752e-05,-3.162705356052342e-05,9.653389696073766e-05,9.653389696073766e-05,,9.653389696073766e-05,9.653389696073766e-05,,-3.218279806116442e-05,-3.218279806116442e-05,,-0.00014304526931918637,,,-0.00014222246732731314,-0.00014262738297099453,,-0.00013376812929721815,,,-0.00014206351114998128,-0.0001426122217675907,,-0.0001372517090998393,,0.0005657708628004077,0.0005657708628004077,-0.0005660912313527611,0.0005657708628004077,0.0005657708628004077,0.0005657708628004077,0.0005657708628004077,0.0005657708628004077,0.0005657708628004077,3.1620053105752e-05,3.1620053105752e-05,-9.654114557200444e-05,,-3.218279806116442e-05,,-3.218279806116442e-05,,3.1620053105752e-05,-0.00015444015536103528,,,0.00034584893067690636,,0.00015454635979716969,,-0.00022279599550412144,,0.00038848356690346364,,0.0009810681102828678,,-0.0002209122297438526,,-0.00022188383660770583,-0.0002218653073327026,-0.0002191977851999649,,-0.00021971507388274247,-0.00021989112603559846,,0.0008456271089704037,0.00023730349674333517,,-0.00019748270011232805,-0.00022194730267965923,,-0.00022292849872451725,-0.00022292849872451725,0.038625388869306665,0.038625388869306665,-0.00022267356771510372,0.010201461569115389,-0.00022349072902438927,-0.00021779963046619777,0.001964701967051452,0.1377862389358574,0.003668213230309858,0.20676333982098882,0.002878839102949615,0.26658007681335283,0.003668213230309858,-0.00021977863246136486,0.0017946853061314716,0.03718398409838253,-0.00020984838041426812,-0.00021988247421123042,-0.00022171033524354122,-0.0002194548229881299,-0.00021977863246136486,0.0017946853061314716,-0.00020984838041426812,-0.00021988247421123042,0.041485425473379745,0.05538710791260715,0.06435577648573088,0.03685146482727597,-0.0001594106361055836,0.0002706274540861253,0.0002706274540861253,0.3076215673752395,-0.00020399898426992635,-0.0002103587602919621,-0.0002244477012116608,-0.00021959951844974235,0.003860064851616274,-0.00020833565850786329,-0.0002088898584486909,-0.00021908894748201568,-0.0002103587602919621,-0.0001521148874332745,-0.00021908894748201568,1.0,-0.0002237737358523617,0.0005729603902833169,-0.00021971507388274247,0.0008456271089704037,0.001451040337106524,-0.00022200869276667312,0.0005729603902833169,0.0011293376701929647,0.0011909012464578206,0.00014839786338705085,0.0003623941244501605,-9.120095225045866e-05,0.00019730507862525393,-0.00022083855853116674,0.03825912857841307,0.007731496920660552,-0.00022455659440789866,0.00019730507862525393,0.0006543721860432505,0.0009204764165874346,0.00014839786338705085,0.020202864315160163,-0.00022195619738374361,0.0018039542193825087,0.0002848157408800178,0.0005223230146855773,-0.0002245761409331859,0.0003776655875801227,0.000490677988365773,2.8714632716697608e-05,0.00449605431766531,0.00016685299258878405,-0.00022382185712443992,0.004006910064020541,0.00022564267940428095,0.00022564267940428095,0.00022564267940428095,0.000261000860667715,0.00022564267940428095,-0.0002210678353136153,0.0002280959637442903,-0.00011643000648309254,-6.14259596050104e-05,0.055366773960997206,-0.0002184071735578108,0.2498581590661232,0.0003693407993141662,0.2498581590661232,0.0003693407993141662,0.28557872833623665,-0.00021701313737509942,0.055366773960997206,0.0057169012036764055,0.13775551847557044,0.08990132815807106,0.15172759228930066,0.08318957507739211,-0.0002184071735578108,-0.00015444260007169142,0.003105457856265037,-0.00021971507388274247,-0.00015439903954250767,-0.0002198263336008477,0.01959608474153407,0.006725759819081967,0.011567846928274728,-0.00022210938847089245,-0.00022455659440789866,0.0032621495607437767,-9.650777830749746e-05,-9.955441296938261e-05,0.011539747880775275,0.0066659946888201205,-0.0004419052428901171,-0.0003775365738556413,-9.945237622654979e-05,-9.650777830749746e-05,-0.00028816886695604005,0.011539747880775275,-0.0004419052428901171,0.00449605431766531,0.03084602449646434,-0.0002237737358523617,0.022603082205681857,0.00039482149645519993,0.0006591955590539156,-0.00021971507388274247,0.055366773960997206,0.003594958714030594,0.03313178460900168
E1_base_GBM,-0.0059527795951350715,-0.002687637975733459,-0.0024736295498424266,0.0033504592689627133,0.0057856576146964045,0.005420253420995391,0.005420253420995391,,0.008909734703022143,0.008909734703022143,,0.005280283129054153,0.005280283129054153,,0.008016795801818466,,,0.007633058608629173,0.01155040386532813,,0.023432685923348573,,,0.005977193064659603,0.008984274704803674,,0.021595677853056383,,0.007891885051376724,-0.011350371599081477,0.006759987601349771,-0.03285642314959358,-0.01248226904910843,-0.03285642314959358,0.0011005003512150058,0.01015567995143063,0.011287577401457582,0.003948279194623816,0.0070954269781962065,0.0007158214096387727,,0.0014444543333681503,,0.002343350891036877,,0.005695032424253177,0.00023246526462272765,0.07531917915216935,0.08542498047291058,0.032350479289108613,,0.07455661499660038,,0.19606355744849413,,0.04879692034892402,,0.17207091524215445,,0.16987051081649596,,0.1764058429539982,0.2794350232527517,0.2261331103203461,,0.10464435189065846,0.1130240561742929,,0.0747640481789622,0.07232841665160206,,0.007802605595000345,0.19828971175489485,,0.1919162856090404,0.1919162856090404,0.02660418069676096,0.02660418069676096,0.1829612085794503,0.037407772235250825,0.15670789823592357,0.004937276816769587,0.14987927784840738,0.004102751677303895,0.009678525072876365,0.0017058870604020893,0.012002939887775455,-0.00025543799869987005,0.009678525072876365,0.0021762788704995373,0.0004962499744649573,0.0037446934490833472,0.0092955634148576,0.004480860422561572,0.0887772842636505,0.0869817763787113,0.0021762788704995373,0.0004962499744649573,0.0092955634148576,0.004480860422561572,0.010464556747889597,0.008606317944388486,0.006460668466763186,0.00788133637789612,0.0018401091513206014,-0.007851769832394329,-0.007851769832394329,0.004692908618962099,0.006553136517196689,0.04797002954659879,-0.00435780590163648,0.08446338086794714,0.002603916462170064,0.04894795439735222,0.03978962116577489,0.10195187997934085,0.04797002954659879,0.09062087669816543,0.10195187997934085,-0.0002237737358523617,1.0,0.06072727932974664,0.10464435189065846,0.0747640481789622,0.2422132111170887,0.13161977547835757,0.06072727932974664,0.0335004474301519,0.03003941172098956,0.002297416926377527,0.035816264978181245,0.05411923356054593,0.06449037088625975,0.10480942360954537,0.008218409031617746,0.0038588051747374674,-0.001863924308793452,0.06449037088625975,0.027722561351289476,0.029815157583634733,0.002297416926377527,0.00622783005445271,0.08308426035993788,0.060334452815436146,0.02952831127069777,0.027967293160811257,0.16251285498179535,0.030325167421798027,0.07114796170317805,0.029509308976919835,0.158375805819032,0.0543666774368079,0.1046940814105407,0.08035070197153449,0.020791282593966454,0.020791282593966454,0.020791282593966454,0.004558564610643523,0.004867093029540137,0.061569999366649864,0.001013065575093619,0.003625040561892723,-0.002624194720066697,0.01403235546514947,0.02821874394208901,0.005774815310675807,-0.002043207123445967,0.003429944592068912,-0.002043207123445967,-0.0012890518758439384,0.06873062268642893,0.01403235546514947,0.006311916784539462,0.002136471369280857,0.005768953415701272,0.0023927294752130734,0.0018738616238176409,0.02821874394208901,-0.0030542081741655736,0.1483597966779444,0.10464435189065846,0.145988530082384,0.10404466332407902,0.008331872628225101,0.12022029205909812,0.0052569822917443165,0.14793810879992986,-0.001863924308793452,0.1546656250290004,0.004393486315671269,0.16143989771125977,0.019133746152743214,0.04119923068220388,0.03092707911824688,-0.001122003577817443,0.13190861761745376,0.004393486315671269,-0.0007943363815992033,0.019133746152743214,0.03092707911824688,0.158375805819032,0.033813842184766574,1.0,0.04229553574844924,0.0644053316484331,0.025012832703268817,0.10464435189065846,0.01403235546514947,0.19328537244252786,0.02929296739125875
E1_base_LGBM,-0.0020559138602380678,-0.013988449518409496,-0.009807715690785646,0.01449687401853439,0.004782184288391389,0.022311076179073797,0.022311076179073797,,0.02009345994000722,0.02009345994000722,,0.006631536924225134,0.006631536924225134,,0.01854579484610741,,,0.014783924431515882,0.021177610214305642,,0.0004199240088522682,,,0.03596511473058439,0.012980824711884664,,-0.0010539212310956003,,-0.0012072393994495556,0.025959491799630974,-0.004603080799334691,-0.027242023465235077,0.020299756133155933,-0.027242023465235077,0.045202593065646446,0.059917905798481774,0.03388312173269614,0.0112908264272632,0.01631153082593917,0.028095138594917413,,0.014183899319741733,,0.011067400783818848,,0.010174303181664679,0.0007235969565483336,0.02293103644193939,-0.004022590138972548,0.42750355984205946,,0.583075094332999,,0.08486042035023733,,0.4581108119572056,,0.23486806747347033,,0.051963918181748614,,0.06478540377118913,0.05455368214884393,0.03458065107799824,,0.04211195887149222,0.043405866488120504,,0.31885865143334735,0.33039283553628374,,0.007184341523199134,0.06647887873834413,,0.08641043911526802,0.08641043911526802,0.014559524208435537,0.014559524208435537,0.07910577745282699,0.01206007184141844,0.0941017028153538,0.0017445550064683069,0.1026713356369725,0.0014855286625791164,0.003240199019068024,0.0016849523636650598,0.006901847244836334,0.0007403157895031764,0.003240199019068024,-8.650955982902886e-05,-0.0012728770744272477,0.0013929086826246495,0.0015175413241306224,0.0005101116958554641,0.0356536244779454,0.03207959139748551,-8.650955982902886e-05,-0.0012728770744272477,0.0015175413241306224,0.0005101116958554641,0.0016695129662011032,0.0014589480223333728,0.0010544222411422721,0.00187421150060596,0.00041785059759180676,-0.04157599688430458,-0.04157599688430458,0.0008048611423635554,0.007103580335948045,0.015974821901098113,0.005817651139309876,0.031287498137600345,0.018768202956918056,0.013790655833462284,0.014485941920833412,0.029211020440184088,0.015974821901098113,0.026343830815941827,0.029211020440184088,0.0005729603902833169,0.06072727932974664,1.0,0.04211195887149222,0.31885865143334735,0.18033441989941612,0.06836498657139178,1.0,0.12896275301543803,0.17201035535911502,0.060420810283921655,0.3834121692269268,0.5331833327442759,0.5870705211534903,0.05155235618264853,0.008798644488701601,0.019699446493780637,0.006986300278051472,0.5870705211534903,0.17248282658956782,0.13045325363491267,0.060420810283921655,0.008001929645835126,0.043325209195145487,0.10275136758855419,0.2750863410850758,0.16850406476734636,0.075242716861876,0.23708255976413273,0.23088935416263434,0.2723451618821381,0.06423503556658461,0.5564421363883305,0.08590574745452628,0.056688828652320944,-0.014446642251820352,-0.014446642251820352,-0.014446642251820352,0.020129399041682094,0.11758937448359286,0.020175548158629097,0.00025103737513743063,-0.03911885832783146,-0.08590957083038808,0.004276931892925218,0.00862404175562792,0.002067849320129822,0.09179609609232509,0.0026653538510228447,0.09179609609232509,0.001238946483043235,0.050280999804111826,0.004276931892925218,0.024475530800955658,0.0016065800885326498,0.0032156438863194525,0.0020628338106193356,0.0012480417265716692,0.00862404175562792,-0.013034006135611786,0.06837889840698164,0.04211195887149222,0.06422450706668292,0.042724568912091976,0.008301137949079829,0.045205576125003644,0.019697815034306898,0.055710827198584,0.006986300278051472,0.06741390961805871,0.00345337484006647,0.08370653721214494,0.06865197074129481,0.01663077938519142,0.004737118785109962,-0.0011286573300288705,0.0792175213673898,0.00345337484006647,0.0048525989122401025,0.06865197074129481,0.004737118785109962,0.06423503556658461,0.015936006309421602,0.06072727932974664,0.005988961653542568,0.6119057776366241,0.1249906900864225,0.04211195887149222,0.004276931892925218,0.062051463170084364,0.006097073041229195
E1_base_RF,0.0001920656360112627,0.0018231593173576588,0.0019639520301735214,0.0005311119988307134,0.00015204280139369253,-3.1905355871497676e-05,-3.1905355871497676e-05,,0.0012619075517320555,0.0012619075517320555,,-9.947169105450904e-05,-9.947169105450904e-05,,0.001527008764168114,,,0.0027979431220089834,0.003044822536992897,,-0.001739478116834281,,,0.0033509577265677937,0.0003043825239417153,,-0.0025116552550179527,,-3.203686032016151e-07,-0.0011321826440628957,-3.203686032016151e-07,-0.0011321826440628957,-0.0011321826440628957,-0.0011321826440628957,0.0011315419068563815,0.0011315419068563815,-0.0011321826440628957,0.0012899893257044548,0.0007748589527322158,0.003947325459332962,,0.0030375794832872005,,0.0025133253668159217,,0.0009421325651383095,0.0018226573900737009,,,0.02095933280854345,,0.03974743363980926,,0.4249897787381586,,0.02311260493896672,,0.258697983745502,,0.5704319153359128,,0.4732286451084401,0.14369619875502082,0.20781165299755677,,1.0,0.7268204176862458,,0.09231275671624439,0.0811406731352945,,0.05757329177490356,0.46222882932436926,,0.41864442878702235,0.41864442878702235,0.013978981119162737,0.013978981119162737,0.34352214998814046,0.0010610395611578838,0.36088214169276545,0.005354752246465533,0.2736616952086005,-0.0006536911554393399,0.002850816329570849,-0.0006536911554393399,0.0009567475919650681,-0.00025016299834934586,0.002850816329570849,-0.0014221710495776474,4.560290712274373e-05,-0.0023091770524272803,-0.0027329228716452825,-0.0017930684943754382,0.1754531463422413,0.2953557272671553,-0.0014221710495776474,4.560290712274373e-05,-0.0027329228716452825,-0.0017930684943754382,0.012297010895756522,0.0061581355976561,0.0136144603714079,0.005304902915626353,-0.0005425574193409499,-0.005304567249365011,-0.005304567249365011,-0.00018903748109422303,-0.002007962771985339,0.4974513124412664,-0.0029247146183111195,0.3194088817873272,-0.005436764257397586,0.3682121290528655,0.4698193836682134,0.3368618281424228,0.4974513124412664,0.38536070903624,0.3368618281424228,-0.00021971507388274247,0.10464435189065846,0.04211195887149222,1.0,0.09231275671624439,0.31807067059830796,0.7242451628196391,0.04211195887149222,0.0029510751181038852,0.010383175282274948,0.012837559489547457,0.029048747879712344,0.025895866334347928,0.04522361224623239,0.7256997517379904,0.0033873393423300424,-0.005486981321979334,-0.003323630578726977,0.04522361224623239,0.009355991833284172,0.003340561414382881,0.012837559489547457,-0.002171072572234145,0.18332169467650905,0.06515820411696538,0.012696814536899081,0.02147261387898647,0.03676371784699517,0.012195089994928132,0.025729522951363104,0.01279444955511333,0.49891530932505157,0.024999090981155492,0.2057859831805231,0.16984104802671318,0.00022551281818483648,0.00022551281818483648,0.00022551281818483648,-0.003122134490574968,0.007188314341037394,0.003623615830440796,-0.004345806029541599,0.0002351903171375902,-0.006650630772844668,0.004546430894310616,0.005053447542338163,-0.001141125010423627,0.015775516443870874,0.005577942942666447,0.015775516443870874,-0.0011650756432972642,-0.0012382378382649328,0.004546430894310616,-0.005959419647113329,-0.0019705405151420052,-0.002392402421636186,-0.001816331167115104,-0.0005142709300265391,0.005053447542338163,0.0012924565725417336,0.3747628482024469,1.0,0.4922869791095942,0.7581407131351061,-0.002223595004909873,0.6714407531886852,-0.005509579874142689,0.5017575271840483,-0.003323630578726977,0.39704820550616216,0.01872438746216376,0.4672849212744079,-0.002380703704338849,0.018240009421100933,-0.000991641875619731,-0.0005664117813650726,0.6551227596387484,0.01872438746216376,-0.0006416347738149586,-0.002380703704338849,-0.000991641875619731,0.49891530932505157,0.00952918829843341,0.10464435189065846,0.0050872088156763695,0.04367297801268544,0.0039078970152987,1.0,0.004546430894310616,0.21009916670617346,0.0028825441434883192
E1_base_XGB,0.0004525914337492054,-0.016319573203949833,-0.014011162332338678,0.007032898801097143,0.003743608877731841,0.010358091540471626,0.010358091540471626,,0.009720074751374264,0.009720074751374264,,0.003439762081423159,0.003439762081423159,,0.011194400974962049,,,0.005267689108745199,0.00934936918842133,,0.001151409372863732,,,0.020522758450601253,0.01373285375968647,,-0.002405759114725292,,0.006776534391504718,-0.0011466157614976602,0.0033808986116465878,-0.003410372948069673,-0.0022784943547835557,-0.003410372948069673,0.013567805951220868,0.013567805951220868,-0.003410372948069673,0.002632236871989102,0.0075937945442825505,0.00937908493265005,,0.004535337602526224,,0.004617163630016519,,0.007661064933471073,-0.006554256734755182,-0.010215728474000763,-0.003480956950840719,0.19301779800179575,,0.2877136881601118,,0.17219032985137417,,0.19935348239128303,,0.324832554313197,,0.11541319955987495,,0.18523653894109726,0.07522457751135225,0.06646067372463893,,0.09231275671624439,0.09796338649198899,,1.0,0.3479531573189337,,0.008512440116781428,0.14077726221317943,,0.24721674108355463,0.24721674108355463,0.0194870083019556,0.0194870083019556,0.1578380377800065,0.010730799242855138,0.167029243920788,0.0032830762885439624,0.1627958480069186,0.00196231310840711,0.005650189796021943,0.0024958804363363063,0.00762563979280606,0.0013485794067531476,0.005650189796021943,0.004113037649543405,0.003656800818589989,2.6076790903384328e-05,0.001264090766915249,0.004048658534386962,0.05925455760436227,0.05536256882264423,0.004113037649543405,0.003656800818589989,0.001264090766915249,0.004048658534386962,0.006127776013195252,0.0012022856641248358,0.004063559392748384,0.005927903663620726,-4.372024471610558e-05,0.010772140957535203,0.010772140957535203,0.0008780164772855814,0.004773045815889554,0.04155284885208521,0.021368980635092405,0.05409355893094325,0.016355566258523635,0.03521063499413302,0.036142550849838084,0.05596382396023236,0.04155284885208521,0.061923801950476864,0.05596382396023236,0.0008456271089704037,0.0747640481789622,0.31885865143334735,0.09231275671624439,1.0,0.41508147225915104,0.1276757044128476,0.31885865143334735,0.12554806660560147,0.14691154136877427,0.04649505232063844,0.18838910418303234,0.2329308055183058,0.33612470054264687,0.10920400308018308,0.007954174543385983,0.016895792447658264,0.02163612843748286,0.33612470054264687,0.14821962920053244,0.13433773012977146,0.04649505232063844,0.006579355425008537,0.0718382795852538,0.13481517006284882,0.10578713343100343,0.1119710294046179,0.05201718993511639,0.11277127545557908,0.1341428724670406,0.10450962093539118,0.12253153715091758,0.22778829077803397,0.14783435890833252,0.09808774398945852,-0.01325062535894772,-0.01325062535894772,-0.01325062535894772,0.02640098733228624,0.06031021602014819,0.007798690903069616,0.009446097541993437,-0.026098772103537282,-0.045543882509587075,0.007444574555857564,0.00800871677323256,0.002409387147397579,0.09771974040828613,0.004002982375596598,0.09771974040828613,0.0013147562352602282,0.02254887175678555,0.007444574555857564,0.01919403185568469,0.0037857310149433943,0.004056663536625038,0.003518957008632251,0.0015909591427805125,0.00800871677323256,-0.017454610901622925,0.12009535743736588,0.09231275671624439,0.13031302773759668,0.09407885708785424,0.006480190690373422,0.09562390149537947,0.01814009774160752,0.10753180632120207,0.02163612843748286,0.1111305920235568,0.01471292338913377,0.15082042196831946,0.04373444287178485,0.04608367525584944,0.031071031022633755,-0.0011093225294964704,0.1594215740839382,0.01471292338913377,0.007724631774562285,0.04373444287178485,0.031071031022633755,0.12253153715091758,0.02706420292373024,0.0747640481789622,0.00299949851994874,0.3385624598984056,0.10305508296737564,0.09231275671624439,0.007444574555857564,0.12712038508908685,0.0058553225895026095
E1_soft_voting,1.4225665436740087e-06,0.0009839901105304083,0.00212806451243186,0.004452604083568623,0.0032695574406990113,0.00512902122601866,0.00512902122601866,,0.0064080742207442976,0.0064080742207442976,,0.0016118450334929868,0.0016118450334929868,,0.006096880694199003,,,0.0051040505985575635,0.009121474611733071,,0.00022625646671348143,,,0.012572381583018877,0.005151971440487069,,-0.0030439890651625667,,0.002258289860425866,-0.004532918603371572,0.004522026015024938,-0.004532918603371572,-0.002269182448772389,-0.004532918603371572,0.011313234478822376,0.011313234478822376,-0.0034010505260719803,0.0016626116290775483,0.0031870099250230766,0.009370925554035181,,0.006113688683649254,,0.006226372604176467,,0.00643863568879488,0.0032484399767257477,0.016784773326065316,0.006683247024620753,0.09184963717321104,,0.17105345178122733,,0.47870569947604114,,0.10299937701654038,,0.6004738441480547,,0.3776878931525611,,0.5007686893796043,0.24135896145653812,0.2241701051302094,,0.31807067059830796,0.32725789277448336,,0.41508147225915104,0.27212315381770236,,0.032512972447192534,0.42277076341770703,,0.6088998403262823,0.6088998403262823,0.03365205640671998,0.03365205640671998,0.4281618351196943,0.01972362933238958,0.41164164925651103,0.007733478682852235,0.3551190271275293,0.0009586465892076346,0.0033301824435197913,0.0026140589395154956,0.00634108741631334,0.0014178441324741442,0.0033301824435197913,-0.0006893949570490054,-0.0022258372071464194,-0.0013945547651990076,0.0024299149363442574,0.00840524162445444,0.14804503852419193,0.17743003385900824,-0.0006893949570490054,-0.0022258372071464194,0.0024299149363442574,0.00840524162445444,0.010136063871548195,0.004025342896165185,0.00754262062943567,0.006656055389464677,-0.0005719020936054697,-0.009127312824011247,-0.009127312824011247,0.0014842900742408904,0.00858100367569059,0.1378277181869738,-0.005007396546400589,0.17095619657595584,0.0009195124727652271,0.12051392041650288,0.1264458261101329,0.1823407164086689,0.1378277181869738,0.18870323056765803,0.1823407164086689,0.001451040337106524,0.2422132111170887,0.18033441989941612,0.31807067059830796,0.41508147225915104,1.0,0.4195582291785741,0.18033441989941612,0.048791224480222106,0.06281020840211204,0.025709381448686952,0.11028012960206024,0.11440013065190835,0.1885384442153889,0.3575968861857516,0.012722455902233198,0.0006136717277601678,-0.0034182558355766446,0.1885384442153889,0.06309472589397691,0.051210162028822004,0.025709381448686952,0.009821748792158025,0.15895420597068066,0.1582195194955358,0.05381627786059717,0.062248556447381365,0.11554666940035885,0.0529345363425453,0.10187058792149406,0.05392972717686895,0.37785099221620577,0.11034951946437166,0.267503500373113,0.21414854363635094,0.007381245868248509,0.007381245868248509,0.007381245868248509,-0.0016583296317369545,0.026464488892507188,0.009676930250759552,-0.006908963899019849,-0.004650013861364988,-0.020811769037862637,0.01561636915224951,0.015980625660003467,0.0019823246942133332,0.03855407919294995,0.005243820365147256,0.03855407919294995,0.0019495965779317004,0.06765297440220874,0.01561636915224951,0.0029435070840814204,0.002325189313279963,0.0031239332815676812,0.002583100808713379,0.001121466075262867,0.015980625660003467,0.0004528449786094235,0.32149265476162736,0.31807067059830796,0.3557621696121185,0.31270517089373073,0.008144025468920901,0.31651984807773925,0.0028695677295891286,0.33268130733327295,-0.0034182558355766446,0.3176718960096565,0.015774720483049842,0.38297828019745206,0.01101536797266045,0.059984202094572336,0.07815835665828541,-0.0010704278563109515,0.41790642262708044,0.015774720483049842,0.024827038743413854,0.01101536797266045,0.07815835665828541,0.37785099221620577,0.030929240941849123,0.2422132111170887,0.008883642673434,0.18257201509841126,0.03967088389806683,0.31807067059830796,0.01561636915224951,0.2732530623745225,0.00592446813775005
E1_stacking_LogReg,0.00027993947672055874,0.003137897655588584,0.003742123084381599,0.0014024111482487944,0.0009656395299798559,0.0009742773104616242,0.0009742773104616242,,0.0021357126194212483,0.0021357126194212483,,0.0003856966916425675,0.0003856966916425675,,0.002509772602206084,,,0.0026385301094641322,0.004010114022761413,,-0.0018623540168487551,,,0.005063043854749982,0.0017653314918996132,,-0.0027826213141428635,,0.0005654506754011468,-0.001698274238131292,0.0005654506754011468,-0.001698274238131292,-0.001698274238131292,-0.001698274238131292,0.0016973131321673662,0.0016973131321673662,-0.001698274238131292,0.0015396056731299401,0.0012887727513800629,0.005965651226667479,,0.005549624773959261,,0.00450252792065875,,0.0016332715972686707,0.004318896282010876,,,0.0341952960528098,,0.06457612596172058,,0.4951153716264328,,0.037682482612717894,,0.39090413294550874,,0.597088486656628,,0.4966421583373033,0.16149062905670142,0.2184120571925443,,0.7242451628196391,0.6776101525689417,,0.1276757044128476,0.11655585629916176,,0.06250334833478888,0.5068614440197106,,0.47150608457774534,0.47150608457774534,0.01506453075583869,0.01506453075583869,0.40581961906165065,0.0057819116182215025,0.4345142320324066,0.002258415977941075,0.3493912549410807,0.003843296521856998,0.005796893569168793,-0.0006744209542344226,0.00520289654682371,-0.00025314066733006513,0.005796893569168793,-0.00042487079312714116,-0.0007423725704782669,0.0012656700788918895,-0.003135900644338774,0.0018020156722954317,0.19723709429303715,0.29331441336702035,-0.00042487079312714116,-0.0007423725704782669,-0.003135900644338774,0.0018020156722954317,0.011796847318611414,0.008021313692393894,0.008311838035586439,0.00719389030763995,-0.0005567612716330661,-0.009522937532443487,-0.009522937532443487,-0.0001907328524766161,0.0017676461534780197,0.34263745234119447,-0.005439339976509361,0.30553486402141605,-0.002846865489996686,0.2875005194173812,0.3252032861614669,0.3152281439385437,0.34263745234119447,0.3453055516293121,0.3152281439385437,-0.00022200869276667312,0.13161977547835757,0.06836498657139178,0.7242451628196391,0.1276757044128476,0.4195582291785741,1.0,0.06836498657139178,0.0052297760291151185,0.018362096806892603,0.023057874508934817,0.04707219751940328,0.04226558336966346,0.073215749899734,0.7046350577566536,0.00519387583212183,-0.003000577291522699,-0.005993669719204009,0.073215749899734,0.016268880368775496,0.00550168770422188,0.023057874508934817,0.0014977881874295162,0.1859030572269179,0.09381150171347108,0.02020337212751644,0.03621600895146859,0.0650142411157123,0.019180237104878817,0.04376913584005093,0.02034210666078362,0.5578734073676457,0.040814343691700894,0.24659172719245548,0.2085623385413654,0.0017727169883486882,0.0017727169883486882,0.0017727169883486882,-0.005355391574973556,0.011701157042845023,0.006213885026489119,-0.0070508583447128625,0.0011217182941979376,-0.010033550093141441,0.0064270356920062,0.00997658105032051,-0.0012058257429858887,0.027818537494562423,0.003128398610879879,0.027818537494562423,-0.0012326011931806935,0.018786526918500357,0.0064270356920062,-0.0044960611785564986,-0.002171769492074649,-0.0026956435625824504,-0.001985941757304932,-0.0005270149466947149,0.00997658105032051,0.0023305570275040655,0.43492090734091615,0.7242451628196391,0.5517545040795858,0.6717906267535829,0.0014099082053690148,0.6104192699205016,-0.0030700699232912854,0.5354451003319338,-0.005993669719204009,0.4532314541654726,0.015940888709879197,0.5421669148233459,0.003877732641115905,0.033380488779296225,-0.0014005368724676615,-0.00067977114371498,0.6535017001347938,0.015940888709879197,-0.0007076201848659203,0.003877732641115905,-0.0014005368724676615,0.5578734073676457,0.01610437632145012,0.13161977547835757,0.0052536327682787265,0.07118817304412894,0.006164889384130845,0.7242451628196391,0.0064270356920062,0.22662446057912422,0.004632124116443759
E2_LightGBM_all,-0.0020559138602380678,-0.013988449518409496,-0.009807715690785646,0.01449687401853439,0.004782184288391389,0.022311076179073797,0.022311076179073797,,0.02009345994000722,0.02009345994000722,,0.006631536924225134,0.006631536924225134,,0.01854579484610741,,,0.014783924431515882,0.021177610214305642,,0.0004199240088522682,,,0.03596511473058439,0.012980824711884664,,-0.0010539212310956003,,-0.0012072393994495556,0.025959491799630974,-0.004603080799334691,-0.027242023465235077,0.020299756133155933,-0.027242023465235077,0.045202593065646446,0.059917905798481774,0.03388312173269614,0.0112908264272632,0.01631153082593917,0.028095138594917413,,0.014183899319741733,,0.011067400783818848,,0.010174303181664679,0.0007235969565483336,0.02293103644193939,-0.004022590138972548,0.42750355984205946,,0.583075094332999,,0.08486042035023733,,0.4581108119572056,,0.23486806747347033,,0.051963918181748614,,0.06478540377118913,0.05455368214884393,0.03458065107799824,,0.04211195887149222,0.043405866488120504,,0.31885865143334735,0.33039283553628374,,0.007184341523199134,0.06647887873834413,,0.08641043911526802,0.08641043911526802,0.014559524208435537,0.014559524208435537,0.07910577745282699,0.01206007184141844,0.0941017028153538,0.0017445550064683069,0.1026713356369725,0.0014855286625791164,0.003240199019068024,0.0016849523636650598,0.006901847244836334,0.0007403157895031764,0.003240199019068024,-8.650955982902886e-05,-0.0012728770744272477,0.0013929086826246495,0.0015175413241306224,0.0005101116958554641,0.0356536244779454,0.03207959139748551,-8.650955982902886e-05,-0.0012728770744272477,0.0015175413241306224,0.0005101116958554641,0.0016695129662011032,0.0014589480223333728,0.0010544222411422721,0.00187421150060596,0.00041785059759180676,-0.04157599688430458,-0.04157599688430458,0.0008048611423635554,0.007103580335948045,0.015974821901098113,0.005817651139309876,0.031287498137600345,0.018768202956918056,0.013790655833462284,0.014485941920833412,0.029211020440184088,0.015974821901098113,0.026343830815941827,0.029211020440184088,0.0005729603902833169,0.06072727932974664,1.0,0.04211195887149222,0.31885865143334735,0.18033441989941612,0.06836498657139178,1.0,0.12896275301543803,0.17201035535911502,0.060420810283921655,0.3834121692269268,0.5331833327442759,0.5870705211534903,0.05155235618264853,0.008798644488701601,0.019699446493780637,0.006986300278051472,0.5870705211534903,0.17248282658956782,0.13045325363491267,0.060420810283921655,0.008001929645835126,0.043325209195145487,0.10275136758855419,0.2750863410850758,0.16850406476734636,0.075242716861876,0.23708255976413273,0.23088935416263434,0.2723451618821381,0.06423503556658461,0.5564421363883305,0.08590574745452628,0.056688828652320944,-0.014446642251820352,-0.014446642251820352,-0.014446642251820352,0.020129399041682094,0.11758937448359286,0.020175548158629097,0.00025103737513743063,-0.03911885832783146,-0.08590957083038808,0.004276931892925218,0.00862404175562792,0.002067849320129822,0.09179609609232509,0.0026653538510228447,0.09179609609232509,0.001238946483043235,0.050280999804111826,0.004276931892925218,0.024475530800955658,0.0016065800885326498,0.0032156438863194525,0.0020628338106193356,0.0012480417265716692,0.00862404175562792,-0.013034006135611786,0.06837889840698164,0.04211195887149222,0.06422450706668292,0.042724568912091976,0.008301137949079829,0.045205576125003644,0.019697815034306898,0.055710827198584,0.006986300278051472,0.06741390961805871,0.00345337484006647,0.08370653721214494,0.06865197074129481,0.01663077938519142,0.004737118785109962,-0.0011286573300288705,0.0792175213673898,0.00345337484006647,0.0048525989122401025,0.06865197074129481,0.004737118785109962,0.06423503556658461,0.015936006309421602,0.06072727932974664,0.005988961653542568,0.6119057776366241,0.1249906900864225,0.04211195887149222,0.004276931892925218,0.062051463170084364,0.006097073041229195
E2_LightGBM_card,-0.007612713359291368,-0.044624195525909016,-0.04544440279769413,0.027111569834844418,0.020989356739216647,0.024742381019303705,0.024742381019303705,,0.0239651197715387,0.0239651197715387,,0.012316922460574364,0.012316922460574364,,0.008961514736871123,,,0.007047702606755357,0.009606179391387082,,0.003794744377445869,,,0.005842877505317867,0.01274821497922507,,0.003000651624420425,,0.03672394580812677,-0.02666437268158517,0.001633983787036164,-0.05835853192644125,-0.04477532082150293,-0.05835853192644125,-0.014213095835391876,-0.004025687506688191,0.019744931926953924,0.022211568179644647,0.03150358757283822,-0.002048710246678187,,-0.0008512592559546395,,1.1350286017397515e-05,,0.03212146143214045,-0.022126526856778073,0.09854604659356647,0.09180620395127548,0.09559631915770306,,0.1164611087389601,,0.025852405781039423,,0.0982178105000362,,0.038135773807211226,,0.00878930667089417,,0.016609935450946134,0.021488212332079204,0.01027167789855099,,0.0029510751181038852,0.0038027506870519368,,0.12554806660560147,0.1337122378702167,,-0.00022304148506147037,0.01725702137854146,,0.026079383076463958,0.026079383076463958,0.034156982600824115,0.034156982600824115,0.02527585429321455,0.03463967951868652,0.004698866260075429,0.0016604535543679466,0.009387932165035862,0.0031262017996599445,0.008422002650438354,0.0031262017996599445,0.012984234446221543,0.0008712398428711854,0.008422002650438354,0.0016571202086258507,0.005488830038839376,0.004006646045099482,0.00470203798238733,0.008225253545838362,0.0031761956700104843,0.0015290298264079016,0.0016571202086258507,0.005488830038839376,0.00470203798238733,0.008225253545838362,0.002736156698201264,0.003575546023034004,0.0015151417312649906,0.0027672367717820334,0.002127916679571018,0.11512835538382105,0.11512835538382105,0.000935820650809327,0.015779099109816452,0.0002921722531649129,0.005556990892457314,0.001117313542808418,0.0032809764400053565,0.0013499234961606987,0.0005804808956644258,0.003082646770954711,0.0002921722531649129,0.0024117583962600664,0.003082646770954711,0.0011293376701929647,0.0335004474301519,0.12896275301543803,0.0029510751181038852,0.12554806660560147,0.048791224480222106,0.0052297760291151185,0.12896275301543803,1.0,0.4199130190526993,-0.015095305199522402,0.010696513297882237,0.13377546721793732,0.19322243734030342,0.006306522300113748,0.018194727341101724,0.005698838148212149,0.005077160877323905,0.19322243734030342,0.42610527640355644,0.5466194542448378,-0.015095305199522402,0.017498320822129876,0.022689811958263917,0.06525620305103852,0.0978612978656983,0.12683263713363302,0.045180835401583574,0.11373140955632699,0.17040290649063627,0.09580840065995033,0.012787839950374247,0.12785660904405904,0.041068688674244624,0.03190264823552291,0.03616344801712679,0.03616344801712679,0.03616344801712679,0.06761632492407588,0.05853477133070917,0.017554502184073173,0.01454405606738629,-0.032095384898704005,-0.039451144910885416,0.00915352654837065,0.01782241520244321,0.0036369256658442817,0.1494521550479304,0.004312502391576545,0.1494521550479304,0.0036045062654227467,0.10365969104677564,0.00915352654837065,0.00858470707464365,0.00641720258958367,0.008102277426159654,0.006453086667856933,0.0030627916639929254,0.01782241520244321,-0.044839156781053324,0.00415046684985465,0.0029510751181038852,0.004551099425521787,0.005225902074709077,0.017846607781027868,0.008153983264314935,0.006595991738493123,0.0026680557129579174,0.005077160877323905,0.004559288734911404,0.014015747953194269,0.007931104922191956,0.015922727416277094,0.021257501033030368,0.04596407213750142,-0.0011278060004085155,0.008376349216627665,0.014015747953194269,0.0020301632286862104,0.015922727416277094,0.04596407213750142,0.012787839950374247,0.04481042318144712,0.0335004474301519,0.014490217604087863,0.17420221073678954,0.349592205436032,0.0029510751181038852,0.00915352654837065,0.04017511825620668,0.014301902357764518
E2_LightGBM_card+coh,-0.0030397642388191315,-0.05192943211417522,-0.05009547264950731,0.01937614502456242,0.023986337767533672,0.022697248729942054,0.022697248729942054,,0.022900462913309383,0.022900462913309383,,0.017024680177504026,0.017024680177504026,,0.03293848061456828,,,0.014387513780510397,0.024283050039378806,,0.0023125887570842885,,,0.044160949977511854,0.04038898925554946,,0.001116547881833907,,0.01635984416449865,-0.006278594404787841,0.011832156450641285,-0.030048954902538894,-0.031180876831003124,-0.030048954902538894,0.020887531878355903,0.02994290730607052,0.0016448590944623254,0.017767942577539664,0.028740775973713162,0.01474001650594936,,-0.00383695888756308,,-0.0015380591466811477,,0.02875307630316626,-0.029102476672483002,0.06684731974458613,0.07358488422296461,0.13397648507537574,,0.14675486894710488,,0.036966852886959,,0.11644192980457813,,0.05782970299209822,,0.016529889976053647,,0.025666523697091215,0.018200096556352796,0.011991108242840998,,0.010383175282274948,0.011047875890848324,,0.14691154136877427,0.16265421694962245,,0.004072383421266923,0.027486641023442004,,0.034962057142179925,0.034962057142179925,0.038051205187536574,0.038051205187536574,0.028664578384886563,0.03389012853247919,0.019234392035421544,0.002941986975951383,0.017360942108910926,0.003300169898384109,0.012520221063755166,0.003300169898384109,0.015815487063072453,0.0011585854760288727,0.012520221063755166,0.006264353401379097,0.0035191958982726534,0.004096387441556715,0.006964868848894801,0.008158785579485794,0.005465987612747081,0.0058822192101880555,0.006264353401379097,0.0035191958982726534,0.006964868848894801,0.008158785579485794,0.003390622203510052,0.0026018528715854305,0.001617495889489895,0.0031962455264236134,0.002014965718275863,0.12541469136618533,0.12541469136618533,0.0009871330290210922,0.01660903843246675,0.003256230978601171,0.07332904454603117,0.00707718329117879,0.03177191009047531,0.0038781401132110815,0.003781158463286527,0.008184416041476572,0.003256230978601171,0.007498722129528734,0.008184416041476572,0.0011909012464578206,0.03003941172098956,0.17201035535911502,0.010383175282274948,0.14691154136877427,0.06281020840211204,0.018362096806892603,0.17201035535911502,0.4199130190526993,1.0,0.07756600089408994,0.02808130405146103,0.15884517904584716,0.2357910920467584,0.014624300273402335,0.019387919644587415,0.03360156279035187,0.07299621856097138,0.2357910920467584,0.55658151915428,0.42192208808648723,0.07756600089408994,0.018417847354572747,0.026312819481633887,0.06787546350172202,0.10493798612049154,0.15995081477147044,0.04475492926079705,0.1366621875311853,0.18189300846977674,0.09953966987718699,0.020545079519759257,0.15638906953043308,0.051840534540912975,0.03597739223664054,0.008280080591639205,0.008280080591639205,0.008280080591639205,0.07921902377430412,0.07474933051265464,0.007365507759174217,0.02620834315049536,-0.04558119024265084,-0.05868811353747372,0.010600912901558623,0.017709793941340757,0.005509064433119937,0.20580415350818004,0.005744446903076628,0.20580415350818004,0.005241110874009025,0.09507358073000405,0.010600912901558623,0.03737193315170073,0.00705732058376074,0.007914938613250988,0.005909881489920887,0.003226661495689398,0.017709793941340757,-0.05087985724487121,0.012122185308330091,0.010383175282274948,0.015921682254751213,0.012531321662456962,0.018785847550273793,0.012835893564629441,0.03475824277625805,0.010910850631886904,0.07299621856097138,0.011627474108109603,0.01602302016916146,0.01853919310316876,0.09351449297990011,0.01737772326019682,0.050753254955907545,0.004886122374304747,0.022095319165255978,0.01602302016916146,0.0020544214088388246,0.09351449297990011,0.050753254955907545,0.020545079519759257,0.043770982215430965,0.03003941172098956,0.013335031116950558,0.2201602679822151,0.3284332408666213,0.010383175282274948,0.010600912901558623,0.041716017080901335,0.014873723556569796
E2_LightGBM_coh,-0.0015204503597012753,-0.08196303317037401,-0.07260161975988333,-0.0001380947918678821,-0.0011609905751588379,0.005732469698279008,0.005732469698279008,,0.0044849481165453176,0.0044849481165453176,,0.0003012128724665386,0.0003012128724665386,,0.07147329138226244,,,0.023799796432713793,0.022237301167658208,,-0.0003307491885067293,,,0.08524015499470106,0.09352855030839347,,-0.0023953611123392893,,0.022594339448849143,-0.03513315179389398,0.003351842367934732,-0.06456285321176303,-0.044188444537853755,-0.06456285321176303,0.0010880191819447882,0.009011400332909592,0.003351842367934732,-0.0033509432365856906,0.0022607512322322387,0.03473216185044525,,0.01879646688883785,,0.0192439411077564,,-8.954341026434776e-05,-0.052132976823943133,0.046515459700237405,0.009454223151483365,0.05360450121238769,,0.03880915063428514,,0.013483925621057158,,-0.003065211685847169,,0.037081023524836665,,0.011617503841072296,,0.013844833491966302,-0.0001450155268154507,0.002826607874402254,,0.012837559489547457,0.01368199782587376,,0.04649505232063844,0.03787304984891915,,0.0034605622213573772,0.01179470790107573,,0.01681175629506315,0.01681175629506315,-0.0009783561084071302,-0.0009783561084071302,0.008567746731999781,-0.0025674896252179114,0.0306542164926924,0.027127638769739115,0.024754557916649045,0.0005993963907899857,0.003214941495033874,0.0007862002419318781,0.0037516556792439593,0.00030313293050254764,0.003214941495033874,0.0020215316958225316,0.001366290541170656,-1.1318736200305324e-05,0.00023873919782335662,0.008617705406938625,0.004012599856668131,0.007482817624837379,0.0020215316958225316,0.001366290541170656,0.00023873919782335662,0.008617705406938625,0.002040212349571524,0.001867680870013655,0.0009407542113499812,0.001660087106660657,-1.905448501249296e-05,-0.1366097815203675,-0.1366097815203675,-0.0001933431424419041,-0.002630109197571562,0.006221551306402007,0.17855032217520006,0.008579108846250905,0.027390330552930275,0.004749974831245285,0.005025039027939049,0.008302987313949739,0.006221551306402007,0.0064133326525409595,0.008302987313949739,0.00014839786338705085,0.002297416926377527,0.060420810283921655,0.012837559489547457,0.04649505232063844,0.025709381448686952,0.023057874508934817,0.060420810283921655,-0.015095305199522402,0.07756600089408994,1.0,0.08976276316434406,0.03698674651084355,0.07088974110871571,0.016366082150171546,-0.0018067317939556293,0.027507060327451094,0.19326673854194432,0.07088974110871571,0.07340865452138357,-0.011447202470409978,1.0,-0.0021731057253937536,0.0008176206277421549,-0.00244288566280626,0.04889374413194736,0.10381138996831252,-0.008945477551630221,0.07407451248444497,0.021646298039388667,0.04841522951590016,0.013157447906694597,0.055619229412485316,0.013573821281301024,0.003945163703610977,-0.03746305164651975,-0.03746305164651975,-0.03746305164651975,0.11242533658416298,0.05118420761360731,0.03404625033508979,0.07797202727821018,-0.06278998285864956,-0.0606994241150971,-0.00022387165835113798,0.002566549503385862,0.001667038641933738,0.25784425298094493,0.001667038641933738,0.25784425298094493,0.0005153311095301705,-0.018479507267827877,-0.00022387165835113798,0.026243787183490297,0.0017150161167032163,0.0016872363768993814,0.0008552026449986094,0.00020000754184568148,0.002566549503385862,-0.07476819959772851,0.019426427170115,0.012837559489547457,0.01413362382585892,0.013779652553090549,-0.0020828773695753533,0.011138994150815651,0.02730960569469787,0.019749010550923485,0.19326673854194432,0.017225480946390204,0.00017790145748897146,0.030711858362333144,0.05463693392672242,0.022186491148423415,0.013394307171886055,-0.001125242810150029,0.030653434962378268,0.00017790145748897146,-0.00039580336293942864,0.05463693392672242,0.013394307171886055,0.013157447906694597,0.0038652515361848883,0.002297416926377527,-0.0008889347193332675,0.0666073049186614,-0.0027101890308522947,0.012837559489547457,-0.00022387165835113798,0.001070512327340789,0.0008408789362265301
E2_LightGBM_ms,0.006989429672194736,-0.01708552285565257,-0.009587924934605363,0.026625017817094365,0.021199851695357208,0.030786840105967883,0.030786840105967883,,0.03435734324618289,0.03435734324618289,,0.021101665899189048,0.021101665899189048,,0.008757647550957648,,,0.0055847203079707475,0.010734222032481866,,0.00024073158534620998,,,0.009342227955698723,0.005621403537375613,,0.000574464761602056,,-0.0974347004688838,0.07688705700631804,0.01236536755121087,0.03840043522607861,0.094998408432313,0.03840043522607861,0.18102732770578922,0.1866871250264126,0.025948881120707146,0.01388706491167302,0.014176538236364111,0.01438259664504593,,0.013579534248533975,,0.017496818315171025,,0.03237369913766508,0.01837518832586338,0.05026778057327208,0.02332502257535074,0.4686365644967313,,0.4311778243236434,,0.053406648707998716,,0.4089499931453513,,0.15882335898290756,,0.03586742651858821,,0.04233692674998746,0.032425049263000716,0.0224631828568026,,0.029048747879712344,0.029656839192863327,,0.18838910418303234,0.19001004183962567,,0.005320436245247584,0.043982402841886925,,0.05439960114657849,0.05439960114657849,0.0012209977725742283,0.0012209977725742283,0.05299675644270985,6.442727792521641e-05,0.07654261498125858,0.0006838085612387301,0.0983826348496547,0.0007604957390587863,0.00489657816779665,0.0009073995179856853,0.006274265074010743,0.00018316544849306116,0.00489657816779665,-0.0009930129981654545,0.0027939012370300498,0.0020934482366991025,0.0022492009299556193,-0.0008051642218280808,0.030783049128480844,0.02664721422906602,-0.0009930129981654545,0.0027939012370300498,0.0022492009299556193,-0.0008051642218280808,0.0007356117032031317,0.0011223416167133182,0.0010220546849971646,0.0005423901561564248,-0.0002859558425354347,-0.06170891831493952,-0.06170891831493952,0.00039463680619411523,-0.0016086221084983254,0.010830981233088788,0.05872705120659083,0.026449258925811736,-0.002579145850487352,0.009463471129822598,0.009805475224292648,0.02507049559485408,0.010830981233088788,0.01814140411444065,0.02507049559485408,0.0003623941244501605,0.035816264978181245,0.3834121692269268,0.029048747879712344,0.18838910418303234,0.11028012960206024,0.04707219751940328,0.3834121692269268,0.010696513297882237,0.02808130405146103,0.08976276316434406,1.0,0.39161363077512823,0.3470029728189067,0.03516303266345988,-0.0010640817688458704,-0.0022680107757526713,0.05993944194646761,0.3470029728189067,0.02510728393238848,0.017844234303610373,0.08976276316434406,-0.0014576015430243228,0.023421329497855248,0.05402137501122195,0.2524779093291303,0.15818576430130094,0.013694206711173829,0.2733482666536986,0.13589733712359042,0.26368944571093966,0.04359287978245663,0.4140631503439981,0.052615445538816474,0.0275304342694489,0.007793903476569386,0.007793903476569386,0.007793903476569386,0.02247272222250052,0.15872011997828162,0.006825915618303147,0.02313421989680975,-0.07362951813895902,-0.12842399014035366,0.0020163100821385394,0.007706949054860912,0.0016163441791166022,0.11768731550821887,0.001909921671087722,0.11768731550821887,0.0017308803525203365,-0.011909872293270674,0.0020163100821385394,0.0016604468384793236,0.0015331216762582978,0.0023717542974318606,0.0013509435689766924,0.00033398178360555253,0.007706949054860912,-0.019179385199125543,0.06397658101799497,0.029048747879712344,0.044785544074727124,0.029319753631609102,-0.0011143485669682374,0.031453234882433345,-0.0021688439736264886,0.048402712505943746,0.05993944194646761,0.061448537960829275,0.0018059947989760294,0.07165407054147044,-0.009899322669139066,0.16402728201601235,-0.004133008673220306,0.0025786233488730437,0.05774759320720246,0.0018059947989760294,0.0023914440078415256,-0.009899322669139066,-0.004133008673220306,0.04359287978245663,0.006732507204352256,0.035816264978181245,0.0038955428217799515,0.3468839837019084,0.039551795428595216,0.029048747879712344,0.0020163100821385394,0.030758810606009712,0.002521166313219747
E5_HistGBM_native_NaN,-0.013925571507465095,0.05615274484428645,0.0628597401007206,0.01572147913688504,0.019135944212025358,0.030497469445331382,0.030497469445331382,,0.03567286083552634,0.03567286083552634,,0.023199607663734412,0.023199607663734412,,0.016211006482794832,,,0.015010908469102469,0.012404320472388708,,0.000883281067768027,,,0.03579537914931685,0.01801527459022667,,-0.0005037320081089369,,-0.010895348073432398,-0.0007071530760518474,-0.02900769473544229,-0.09126888638610176,-0.013159391406183607,-0.09126888638610176,0.03098945358246563,0.05476190857635377,0.03778158358071948,0.024866541645867435,0.03465199174083722,0.04011216200838841,,-0.009500840424236046,,-0.0030627434823182753,,0.01883180354905445,0.057534261721020497,0.06251990355306847,0.028797597925480978,0.5751967689038835,,0.6252467359286338,,0.053600908543806614,,0.6238638277610924,,0.1588349443759134,,0.03263893368350346,,0.0408753973304784,0.03789316095764883,0.0223197042560922,,0.025895866334347928,0.02683189835137967,,0.2329308055183058,0.25784930509861037,,0.004864593060591504,0.041703165968409284,,0.055895096509804065,0.055895096509804065,0.01151809576526186,0.01151809576526186,0.0511689091091333,0.009835099639631473,0.05853439287764983,0.0022323190036379614,0.0710749312468808,0.0010375627357913642,0.0032249595740709847,0.0010375627357913642,0.005370853521770802,0.00014535367779411335,0.0032249595740709847,-0.0019604469259983937,0.0018248520487349484,0.0017763008094359156,0.0013095960390251404,-1.5955830492186962e-05,0.02648693505981148,0.021992356936945345,-0.0019604469259983937,0.0018248520487349484,0.0013095960390251404,-1.5955830492186962e-05,0.000693741164324857,0.00027472584646737186,0.00019940500099713265,-0.0003047372475768473,0.0003605169763681859,-0.10293664940860814,-0.10293664940860814,0.00020982173139660887,0.005808891349830647,0.009643524224991595,-0.016832727102495504,0.021396301090502057,0.0014773812372633754,0.008558893808439327,0.008863641224589158,0.020717226932401744,0.009643524224991595,0.019890326665628844,0.020717226932401744,-9.120095225045866e-05,0.05411923356054593,0.5331833327442759,0.025895866334347928,0.2329308055183058,0.11440013065190835,0.04226558336966346,0.5331833327442759,0.13377546721793732,0.15884517904584716,0.03698674651084355,0.39161363077512823,1.0,0.5502151566672516,0.03213924501197851,0.006529702461638087,0.0018576087521893214,-0.01519745616962953,0.5502151566672516,0.16156848413149383,0.13768699475794344,0.03698674651084355,0.006321868584622914,0.034249769432411314,0.09732854713802785,0.3954109138554651,0.15907774935477925,0.06597124116224928,0.30435222215980917,0.28060558868614704,0.39380832651658326,0.04027859444120174,0.7007305932864488,0.06413339201777268,0.03997915852042255,0.03184088176329303,0.03184088176329303,0.03184088176329303,-0.07482340657589415,0.1336403921645556,0.03950963472309521,-0.08364321794510854,0.016324388918999344,-0.053887639583748426,0.002871936333465941,0.006755499861913927,0.000693741164324857,0.08373980618614596,0.0010964436663742916,0.08373980618614596,0.0002588400766063703,0.08879811547448191,0.002871936333465941,0.00858808405228828,-0.00029278393418774584,0.0006778208375046724,0.00036663912550760624,0.0002583993447909938,0.006755499861913927,0.05617428750919773,0.046165177637535804,0.025895866334347928,0.047645000659751746,0.026530899407544162,0.0062248171852520295,0.028169932997610725,0.0021955770327602986,0.03935104947433643,-0.01519745616962953,0.04627049131102223,0.004096352207499376,0.049371475064393655,0.048487535509555424,0.007752059395949917,0.01240721917455001,0.0011366717852197006,0.041681562707329145,0.004096352207499376,0.005999055964952871,0.048487535509555424,0.01240721917455001,0.04027859444120174,0.011294834970409284,0.05411923356054593,0.003678821383694242,0.5276934290743822,0.13532722966798483,0.025895866334347928,0.002871936333465941,0.04898944365460833,0.0048072447790925565
E5_LightGBM_native_NaN,-0.0010841169498618797,-0.0109508302741117,-0.0062747586998019855,0.004402260591385598,0.005473586431668287,0.017378087578956536,0.017378087578956536,,0.019256854891703035,0.019256854891703035,,0.010399368364264805,0.010399368364264805,,0.024381987800921934,,,0.011387847577685739,0.013286535945147504,,0.00047047117557663665,,,0.04574812228155245,0.030461781572928448,,-0.0010441133435741268,,-0.03344505178872881,0.026546829640408776,0.008436072982555887,-0.015334295130875919,0.020887218184829748,-0.015334295130875919,0.07861525503173572,0.08540678877843055,0.010699917564787498,0.006141153830310775,0.014786695665250482,0.027449197361821498,,-0.00124786087824158,,0.004285777552158532,,0.008316902945458837,0.0007669038169580977,0.05850291832938059,0.02818637544911018,0.4298842880161239,,0.5564150949910833,,0.09058798887503827,,0.45402215138852664,,0.24751184797220527,,0.05594816847805628,,0.06900332848429236,0.054491584079424116,0.035769558913211874,,0.04522361224623239,0.04639696013093042,,0.33612470054264687,0.3555031034414786,,0.0070676463242115295,0.071007951518123,,0.09388239698185585,0.09388239698185585,0.021822109041822024,0.021822109041822024,0.08468674165004275,0.018324413357724723,0.09612843135161331,0.002625439137069363,0.10664326778606936,0.001403826488509785,0.0014709081608592633,0.0018261998303777949,0.00618994860673161,-4.6330115388126814e-05,0.0014709081608592633,0.0019572434509756986,0.0039230256339303216,0.0020817187683949134,0.002472768733260522,0.0011182375816189971,0.037575403595038415,0.03397270449213563,0.0019572434509756986,0.0039230256339303216,0.002472768733260522,0.0011182375816189971,0.0016348036924354048,0.0011779356604658675,0.0005268574819281557,0.0012305370077991817,0.0011105138221446653,-0.002220749090441121,-0.002220749090441121,0.0004409760850704325,0.011880492693061018,0.01688139857588522,0.005596613196362066,0.033352733450538574,0.032151357809969916,0.014968128111645718,0.015289122431359714,0.03133111329868499,0.01688139857588522,0.0337051954583637,0.03133111329868499,0.00019730507862525393,0.06449037088625975,0.5870705211534903,0.04522361224623239,0.33612470054264687,0.1885384442153889,0.073215749899734,0.5870705211534903,0.19322243734030342,0.2357910920467584,0.07088974110871571,0.3470029728189067,0.5502151566672516,1.0,0.05571237272554497,0.012857582952549684,0.03294189970883288,0.008762585228372477,1.0,0.23537249811391392,0.20517792975179994,0.07088974110871571,0.01263510164366577,0.05229250881315517,0.1298473928595063,0.275894169172217,0.19259998180167137,0.06942668809564567,0.26301511878522876,0.2550401442521095,0.27178550058193784,0.06802562711619642,0.5132786689496347,0.10541372344117328,0.06605691646683853,-0.007902572323325696,-0.007902572323325696,-0.007902572323325696,0.01621951204722516,0.13548024795665492,0.0064021057517404945,-0.019124604146546043,-0.03431097117231041,-0.08462172647717292,0.0048618760459537835,0.010033927574763513,0.0014239111710353525,0.19872915159722715,0.0020565887352353984,0.19872915159722715,0.0009699162064731315,0.11957676537337203,0.0048618760459537835,0.037503374428653924,0.001221467646214891,0.0033904650195487607,0.0010578812573359686,0.001142790838249197,0.010033927574763513,-0.00976328857326303,0.0730602766164461,0.04522361224623239,0.079514318148875,0.046086819840073345,0.012746366667727771,0.0489468448328807,0.032945353281341294,0.06027315815304923,0.008762585228372477,0.07301973373471504,0.00728842722842582,0.08310171365085661,0.13810133441467598,0.02781605639597673,0.021375491420131065,-0.0011266909880791598,0.07882756233843802,0.00728842722842582,0.0055568875159337505,0.13810133441467598,0.021375491420131065,0.06802562711619642,0.02011880366153962,0.06449037088625975,0.005047474294950449,0.6024879055477603,0.1552734669993816,0.04522361224623239,0.0048618760459537835,0.07809161943869447,0.0064570730942172805
E6_A_impute+obs_all_multimodal,0.00020898010529524225,0.003333368962180727,0.003892239834862754,0.0012871856101942525,-0.0002567783439406668,0.0012985271841997603,0.0012985271841997603,,0.002072024934026473,0.002072024934026473,,-0.00013242132262125672,-0.00013242132262125672,,0.0019474043312291967,,,0.003432938056158963,0.0039212408067517135,,-0.0017830628817103733,,,0.004204666419578507,0.0011080927698282617,,-0.002605151022283536,,-0.0005660912313527611,-0.0005660912313527611,0.0005657708628004077,-0.0005660912313527611,-0.0005660912313527611,-0.0005660912313527611,0.0005657708628004077,0.0005657708628004077,-0.0005660912313527611,0.0015381098735943732,0.0014806134158215079,0.0047486584314099245,,0.003788646990135369,,0.0026785293816040667,,0.0014448352432128164,0.0036784915118956985,,,0.025895002734038997,,0.04922749797671111,,0.4502617795086875,,0.02854802989075078,,0.3057068214562594,,0.593845865706403,,0.4742156618295521,0.1361182249786651,0.2022927189587106,,0.7256997517379904,0.7225494075707848,,0.10920400308018308,0.09404714796672486,,0.06411418953052439,0.48059521920673054,,0.4390037791554482,0.4390037791554482,0.02322521859148019,0.02322521859148019,0.3995559552106651,0.008189072173085732,0.36784799756604736,0.00397147355746974,0.29670286792893197,0.005222519936312953,0.0057547668084630965,-0.0006637373421705117,0.0018698522182432065,-0.00025162047442917057,0.0057547668084630965,-0.0012088903261042727,0.0001336318413769355,-0.00243961720746122,-0.0029175420822022957,0.002937223710634207,0.16502181477555644,0.28759486362820585,-0.0012088903261042727,0.0001336318413769355,-0.0029175420822022957,0.002937223710634207,0.0044054663382321335,-0.0008574426313279204,0.01104642954190549,-0.0013217306500239445,-0.0005494600431967811,-0.005531588286081579,-0.005531588286081579,-0.00018986854290226063,-0.0021058711454948753,0.4189085815718915,-0.0069619537905847295,0.3126745137900726,-0.00621973342177351,0.3468596860590114,0.37887917011123484,0.3316555067624305,0.4189085815718915,0.4079584880695719,0.3316555067624305,-0.00022083855853116674,0.10480942360954537,0.05155235618264853,0.7256997517379904,0.10920400308018308,0.3575968861857516,0.7046350577566536,0.05155235618264853,0.006306522300113748,0.014624300273402335,0.016366082150171546,0.03516303266345988,0.03213924501197851,0.05571237272554497,1.0,0.002429090880210927,-0.006285543429439544,-0.003626412223014963,0.05571237272554497,0.014266722313624913,0.00543056827954691,0.016366082150171546,-0.002285988650395865,0.18352880226535484,0.08301756759878265,0.015647486399968824,0.02652522288866732,0.03859102949458715,0.014951674737265441,0.03391357318852484,0.01572841957098703,0.5196553682601084,0.03103097271859978,0.2706288103064889,0.22486893047966405,0.0008379498039263744,0.0008379498039263744,0.0008379498039263744,-0.005703027550508999,0.008574396185622724,0.0017367613098324686,-0.006609194691119313,0.0011647751874156453,-0.007306187932271779,0.013950347810173791,0.005917385339929693,-0.0011720940744388564,0.02022841227070926,0.0044054663382321335,0.02022841227070926,-0.0011973767444262151,-0.00042959645354412324,0.013950347810173791,-0.0069133709721234116,-0.002064747863363303,-0.0025327000664190358,-0.0018960722832837007,-0.0005204684620516709,0.005917385339929693,0.0027761574394962185,0.3950840196371056,0.7256997517379904,0.5608986161115938,0.6847470852056998,-0.002344292973567752,0.6359790164893964,-0.006315216310281535,0.5030548973469904,-0.003626412223014963,0.4051327208866601,0.024968283485650167,0.5729584779098585,-0.0005350777297103981,0.010089489963167941,-0.0005286310344176925,-0.0003775365738556413,0.7418407979843847,0.024968283485650167,0.15356479307033988,-0.0005350777297103981,-0.0005286310344176925,0.5196553682601084,0.020375319014230064,0.10480942360954537,0.0075865702899069465,0.05410774949839792,0.005799596047415645,0.7256997517379904,0.013950347810173791,0.23948438580243847,0.0019580282702564844
E6_A_impute+obs_card+coh,-2.67769571185017e-05,-0.0003282988925463748,-0.00020574914224380514,-0.002478607382275566,-0.002737424277468481,-0.00210881546142927,-0.00210881546142927,,-0.002303852946031526,-0.002303852946031526,,-0.00262812984073002,-0.00262812984073002,,0.00029040605065222547,,,0.0002668957751660317,0.0007964822098233126,,-0.00028985535158687625,,,0.00022184116645318497,0.0004874212988842386,,-0.0003055519626098402,,-3.203686032016151e-07,-0.0011321826440628957,-3.203686032016151e-07,-0.0011321826440628957,-0.0011321826440628957,-0.0011321826440628957,0.0011315419068563815,0.0011315419068563815,-0.0011321826440628957,-0.0023451820798496836,-0.0024750159944639805,-0.002823833787071406,,-0.0027570589309762195,,-0.0027572143819456496,,-0.0024770302773069464,-0.00015702489751201476,,,0.006231643966792544,,0.011254587559713425,,0.009996308029622702,,0.0070491142318123146,,0.0073598852802655435,,0.0023628797681803926,,0.005425140315800547,-0.002529048814987611,-0.002220957203254992,,0.0033873393423300424,0.008780820697606773,,0.007954174543385983,0.014657723038796422,,-0.0010505292872888816,-0.002539744217438411,,0.0034023718118771917,0.0034023718118771917,0.6208245257780123,0.6208245257780123,0.007191578564011314,0.609127276401075,-0.0002663466972676609,0.011736545328695724,-0.002832768152420728,0.06668736546851672,0.000748635405522613,0.06668736546851672,1.4276957976178117e-05,0.075970337924536,0.000748635405522613,-0.0028384108192174295,-0.0009483959633354022,0.01885856300131894,0.03416805775335785,0.0008234690549138168,0.005742046062974904,-0.00224763075444967,-0.0028384108192174295,-0.0009483959633354022,0.03416805775335785,0.0008234690549138168,0.028082600146364545,-0.000720193266794622,0.03275364757446153,0.040687617828154776,-0.0004896617842116147,-0.0021042490849414452,-0.0021042490849414452,0.03865984585081372,0.9160809101056837,-0.0015577539536661966,0.0030279688684482498,-0.0022629018105297938,0.2878006604285982,-0.0014532500015382865,0.009405007476949279,-0.0022098341843692637,-0.0015577539536661966,-0.0003667028659231075,-0.0022098341843692637,0.03825912857841307,0.008218409031617746,0.008798644488701601,0.0033873393423300424,0.007954174543385983,0.012722455902233198,0.00519387583212183,0.008798644488701601,0.018194727341101724,0.019387919644587415,-0.0018067317939556293,-0.0010640817688458704,0.006529702461638087,0.012857582952549684,0.002429090880210927,1.0,0.28818892895611226,0.002525179014376433,0.012857582952549684,0.017867363904847777,0.018284102791457313,-0.0018067317939556293,0.9360734577033477,-0.0025409093987642795,-7.018344032072577e-05,0.004950886402070642,0.008568083943664817,0.097696126511713,0.005142154811762278,0.0045504733750603155,0.00483852282379138,0.009159613047846071,0.007447786359920383,-0.0006546848062447541,-0.002594848048087517,0.0029978222311610736,0.0029978222311610736,0.0029978222311610736,0.0005649616276340863,0.00022559592936921558,-0.002115515589672823,0.003753054137193068,-0.002855169009367886,-0.0027997325822253227,0.0976333176468338,0.010717055174974566,0.07160128969204982,0.006454759913319785,0.10061374938917322,0.006454759913319785,0.07106478088179324,0.9102270406468456,0.0976333176468338,0.2405232706151601,0.06647728894462035,0.05817773742944743,0.06976670229739412,0.12239780332816375,0.010717055174974566,-0.000320611357137901,-0.0026951706053797153,0.0033873393423300424,-0.0003802643954822216,0.00888032543793571,0.9213449282398031,0.008276782287520157,0.2886199616692965,-0.00256113122228796,0.002525179014376433,-0.002677226228317897,0.1637081991852103,-0.0002959813306908643,0.2906361532931292,-0.00525830034551511,-0.000991641875619731,-0.0005664117813650726,-0.00029508123885491067,0.1637081991852103,0.04047623161089575,0.2906361532931292,-0.000991641875619731,0.009159613047846071,0.06117356771754867,0.008218409031617746,0.01799243493387881,0.007373565440662255,-0.0006380111763080176,0.0033873393423300424,0.0976333176468338,0.003892024931026139,0.07463350039070948
E6_A_impute+obs_card_only,0.0004431466548363572,-0.01609622483314954,-0.0160973085970626,-0.01533936528210833,-0.015338320126907057,-0.002238601288265585,-0.002238601288265585,,-0.0023687185849745607,-0.0023687185849745607,,-0.0023686421166599914,-0.0023686421166599914,,0.012581902770226083,,,0.003949384566163894,0.008972602274058716,,0.0025160642202893824,,,0.010847227889766664,0.018738863525470495,,0.0013517102104292356,,-0.0011321826440628957,0.0011315419068563815,-3.203686032016151e-07,-0.0011321826440628957,0.0011315419068563815,-0.0011321826440628957,0.0011315419068563815,0.0011315419068563815,0.0011315419068563815,-0.015269929962314244,-0.015138972518602412,-0.0026945122532797683,,-0.0027570589309762195,,-0.002432318965155167,,-0.015337214297948654,-0.01594946190997759,0.003361344537815003,0.003361344537815003,-0.0038245821250670886,,0.0038548325146195994,,-0.0005720784644318577,,-0.0028041619683134567,,-0.004908440792715352,,-0.0038882770634964814,,-0.00502791342527753,-0.005003226815885942,-0.0024352075780624816,,-0.005486981321979334,-0.002956092692676604,,0.016895792447658264,0.024657771190171984,,-0.001439604592080368,-0.007327375843917405,,-0.006668351010785445,-0.006668351010785445,0.2498029179443675,0.2498029179443675,-0.002228126767621852,0.2463594272887769,0.002246915690430118,0.024659267395085838,0.00828093185585932,0.010911355395755162,-0.00817569952870234,0.007047727877769749,-0.009352311736178676,0.011653927344278059,-0.00817569952870234,-0.010521455239202337,-0.007872215204543176,0.007443496042643161,0.003202329011931071,-0.00942011524648878,-0.004801753385921037,0.010929537410938939,-0.010521455239202337,-0.007872215204543176,0.003202329011931071,-0.00942011524648878,0.00250670001480624,0.006741804976903909,0.003147230109634802,0.009679180268542531,-0.0005602366397396974,-0.015438168451857193,-0.015438168451857193,0.015748161972616748,0.2821086146791838,-0.002599536433472771,-0.00812167695900623,0.010713853969112286,0.986615563598463,0.004591548702604253,-0.0023917018719672445,0.005923827852049479,-0.002599536433472771,-0.004455304176322894,0.005923827852049479,0.007731496920660552,0.0038588051747374674,0.019699446493780637,-0.005486981321979334,0.016895792447658264,0.0006136717277601678,-0.003000577291522699,0.019699446493780637,0.005698838148212149,0.03360156279035187,0.027507060327451094,-0.0022680107757526713,0.0018576087521893214,0.03294189970883288,-0.006285543429439544,0.28818892895611226,1.0,0.00109913531792738,0.03294189970883288,0.019571356890803693,0.00579017971759932,0.027507060327451094,0.28442733951519517,-0.00733708287116408,-0.0038764737164800334,0.012534253506662374,0.03657879546960541,0.07033776518281643,0.02447569440637809,0.010579924311687305,0.011509480517991166,0.003677043128511581,0.00551017882363225,-0.004051714519973215,-0.005710373726843798,-0.004448714783718444,-0.004448714783718444,-0.004448714783718444,0.027452854988086806,0.012571468830074983,-0.010096623055500853,0.021235865692765032,-0.01602810186019865,-0.01586296037759527,0.016002409557890007,-0.0020751333798438854,0.013693540762303669,0.03339068422043412,0.017422487678136256,0.03339068422043412,0.01363870743640716,0.9258368552169641,0.016002409557890007,0.8505333684631556,0.01517412594880696,0.017276468974505965,0.01913878699991478,0.011171978921257097,-0.0020751333798438854,-0.01606298136056039,0.013422075144610579,-0.005486981321979334,-0.007861802731029988,-0.0029040368674000394,0.28631756872416236,0.009717860038604531,0.9797974403839212,0.0011678003082449262,0.00109913531792738,0.01796533971297587,0.03499459775777347,-9.955441296938261e-05,0.98131870016983,-0.0017266382296599048,0.2492562685932852,-0.0005664117813650726,-9.945237622654979e-05,0.03499459775777347,0.00715565595242873,0.98131870016983,0.2492562685932852,0.003677043128511581,0.021138764456508308,0.0038588051747374674,0.003987274980089661,0.01852789117353093,-0.013480645596623875,-0.005486981321979334,0.016002409557890007,-0.008227321002501009,0.01019980547403121
E6_A_impute+obs_coh_only,0.0015466846723642957,-0.03563100116404172,-0.03763281351655623,0.0004996169151367802,-0.0024973747887844233,0.003571968291565142,0.003571968291565142,,0.0018004992643823048,0.0018004992643823048,,-0.0007899381439488984,-0.0007899381439488984,,0.006145924656056567,,,0.0013670609842512116,0.003933579545265076,,-0.001588612923181243,,,0.004342630991833296,0.011980217186788544,,-0.002217924903396229,,0.010748092757363659,0.003956889732814606,0.003956889732814606,-0.016416719340832442,0.006220624074330994,-0.016416719340832442,0.013011827098879936,0.010748092757363659,0.00848435841584727,-0.00013105211280484141,-0.0014051749814076864,-0.009209562687729989,,-0.0020009987943760965,,0.00012670637470113544,,-0.0006918815660597044,-0.028967927293658047,0.0016749990773308188,-0.0016920329662533096,0.06394391442428993,,-0.008742913835791732,,-0.005184745005309965,,-0.021088830105625345,,-0.010556028566041542,,-0.007313435147552116,,-0.0022840890861117735,-0.004507623847974207,-0.005284545447894917,,-0.003323630578726977,-0.005983879379387824,,0.02163612843748286,0.022326668105547065,,0.0026953960496906015,-0.005841129028467895,,-0.002581670478471132,-0.002581670478471132,0.0020367907697965704,0.0020367907697965704,-0.006864419539392763,-0.00012509268535487728,0.039324946402104155,0.10744745812322987,0.02045105460211083,0.0007351686229339904,0.006439387466980362,0.0007351686229339904,0.006800103306411787,0.002638639699971468,0.006439387466980362,0.00043636207341046784,0.014635997144963886,0.003823401809582072,0.010987027667432647,0.012922060268547697,0.022208226343475634,-0.0017996336545915703,0.00043636207341046784,0.014635997144963886,0.010987027667432647,0.012922060268547697,0.029850346911295844,0.009071409763723448,0.01216440888416448,0.026723372973382675,0.002302142150291786,0.06081329307136307,0.06081329307136307,0.0012569441027502348,-0.0025006971535626032,-0.0015364297205295863,0.9517970751078306,-0.0031963254563940335,0.001420255296658346,-0.002558322838238203,-0.001271932413765775,-0.0014261310824881246,-0.0015364297205295863,-0.0015046235254505547,-0.0014261310824881246,-0.00022455659440789866,-0.001863924308793452,0.006986300278051472,-0.003323630578726977,0.02163612843748286,-0.0034182558355766446,-0.005993669719204009,0.006986300278051472,0.005077160877323905,0.07299621856097138,0.19326673854194432,0.05993944194646761,-0.01519745616962953,0.008762585228372477,-0.003626412223014963,0.002525179014376433,0.00109913531792738,1.0,0.008762585228372477,0.07391940964362576,0.010066266536695734,0.19326673854194432,0.0013480367861465892,-0.006992539687060706,-0.01261806022040135,0.000706011614684865,0.03493152998859439,-0.011040273152804092,0.04485097010600425,-0.01615002211292138,0.0020589143883089633,0.004248329934729456,0.016205662989045688,0.020755103418944598,-0.0014510639718341434,-0.016311730615998554,-0.016311730615998554,-0.016311730615998554,0.05952645581510729,0.03120297031422148,-0.01934781956708842,0.041978002778787715,-0.03200248485634116,-0.030867417634058425,0.004958515905112426,0.012759172399359309,0.008621689294475154,0.06859932818534475,0.005791201612232344,0.06859932818534475,0.002927392300521192,-0.015709709156077167,0.004958515905112426,-0.0012902984757185987,0.0016937086886394948,0.0036606960776869313,0.004720636310325488,0.00521277020881461,0.012759172399359309,-0.03690215519828177,0.01117100403963489,-0.003323630578726977,-0.008389792564881704,-0.004681413928221634,0.002620897069275263,-0.005142000395117252,0.0020312629930769877,0.017239764473025332,1.0,0.0067261364889384945,-0.0022609886834281667,0.0008926768340740132,-0.02012678543041435,0.10820853810867637,-0.005373675607351025,-0.0010602612264296596,0.0026430271436356234,-0.0022609886834281667,-0.0008587202144916262,-0.02012678543041435,-0.005373675607351025,0.004248329934729456,0.022793504181923496,-0.001863924308793452,0.0006719899245328786,-0.001523573826348379,0.009472679925073613,-0.003323630578726977,0.004958515905112426,-0.0026223916276870707,0.00472000208554002
E6_B_nativeNaN_all_multimodal,-0.0010841169498618797,-0.0109508302741117,-0.0062747586998019855,0.004402260591385598,0.005473586431668287,0.017378087578956536,0.017378087578956536,,0.019256854891703035,0.019256854891703035,,0.010399368364264805,0.010399368364264805,,0.024381987800921934,,,0.011387847577685739,0.013286535945147504,,0.00047047117557663665,,,0.04574812228155245,0.030461781572928448,,-0.0010441133435741268,,-0.03344505178872881,0.026546829640408776,0.008436072982555887,-0.015334295130875919,0.020887218184829748,-0.015334295130875919,0.07861525503173572,0.08540678877843055,0.010699917564787498,0.006141153830310775,0.014786695665250482,0.027449197361821498,,-0.00124786087824158,,0.004285777552158532,,0.008316902945458837,0.0007669038169580977,0.05850291832938059,0.02818637544911018,0.4298842880161239,,0.5564150949910833,,0.09058798887503827,,0.45402215138852664,,0.24751184797220527,,0.05594816847805628,,0.06900332848429236,0.054491584079424116,0.035769558913211874,,0.04522361224623239,0.04639696013093042,,0.33612470054264687,0.3555031034414786,,0.0070676463242115295,0.071007951518123,,0.09388239698185585,0.09388239698185585,0.021822109041822024,0.021822109041822024,0.08468674165004275,0.018324413357724723,0.09612843135161331,0.002625439137069363,0.10664326778606936,0.001403826488509785,0.0014709081608592633,0.0018261998303777949,0.00618994860673161,-4.6330115388126814e-05,0.0014709081608592633,0.0019572434509756986,0.0039230256339303216,0.0020817187683949134,0.002472768733260522,0.0011182375816189971,0.037575403595038415,0.03397270449213563,0.0019572434509756986,0.0039230256339303216,0.002472768733260522,0.0011182375816189971,0.0016348036924354048,0.0011779356604658675,0.0005268574819281557,0.0012305370077991817,0.0011105138221446653,-0.002220749090441121,-0.002220749090441121,0.0004409760850704325,0.011880492693061018,0.01688139857588522,0.005596613196362066,0.033352733450538574,0.032151357809969916,0.014968128111645718,0.015289122431359714,0.03133111329868499,0.01688139857588522,0.0337051954583637,0.03133111329868499,0.00019730507862525393,0.06449037088625975,0.5870705211534903,0.04522361224623239,0.33612470054264687,0.1885384442153889,0.073215749899734,0.5870705211534903,0.19322243734030342,0.2357910920467584,0.07088974110871571,0.3470029728189067,0.5502151566672516,1.0,0.05571237272554497,0.012857582952549684,0.03294189970883288,0.008762585228372477,1.0,0.23537249811391392,0.20517792975179994,0.07088974110871571,0.01263510164366577,0.05229250881315517,0.1298473928595063,0.275894169172217,0.19259998180167137,0.06942668809564567,0.26301511878522876,0.2550401442521095,0.27178550058193784,0.06802562711619642,0.5132786689496347,0.10541372344117328,0.06605691646683853,-0.007902572323325696,-0.007902572323325696,-0.007902572323325696,0.01621951204722516,0.13548024795665492,0.0064021057517404945,-0.019124604146546043,-0.03431097117231041,-0.08462172647717292,0.0048618760459537835,0.010033927574763513,0.0014239111710353525,0.19872915159722715,0.0020565887352353984,0.19872915159722715,0.0009699162064731315,0.11957676537337203,0.0048618760459537835,0.037503374428653924,0.001221467646214891,0.0033904650195487607,0.0010578812573359686,0.001142790838249197,0.010033927574763513,-0.00976328857326303,0.0730602766164461,0.04522361224623239,0.079514318148875,0.046086819840073345,0.012746366667727771,0.0489468448328807,0.032945353281341294,0.06027315815304923,0.008762585228372477,0.07301973373471504,0.00728842722842582,0.08310171365085661,0.13810133441467598,0.02781605639597673,0.021375491420131065,-0.0011266909880791598,0.07882756233843802,0.00728842722842582,0.0055568875159337505,0.13810133441467598,0.021375491420131065,0.06802562711619642,0.02011880366153962,0.06449037088625975,0.005047474294950449,0.6024879055477603,0.1552734669993816,0.04522361224623239,0.0048618760459537835,0.07809161943869447,0.0064570730942172805
E6_B_nativeNaN_card+coh,-0.0029597357355608533,-0.050165165887481544,-0.047223973480992054,0.019223500396504556,0.014269576221414892,0.02805219010271165,0.02805219010271165,,0.02441739573184487,0.02441739573184487,,0.015494538563423643,0.015494538563423643,,0.03125113686640302,,,0.015686377197774992,0.019660494976135423,,0.0016579214195019398,,,0.04096306607040079,0.0404465387473939,,4.418786066184843e-05,,0.029375235984351655,-0.00231863386105724,0.010132529292496195,-0.04193597116781844,-0.013637873091560504,-0.04193597116781844,0.021451768522999348,0.030507159907401937,0.019187920676898784,0.02063151785613293,0.02661347676125636,0.008612625621978731,,-0.006949110561613958,,-0.0019298948175914266,,0.02054218361474114,-0.026554214864564774,0.04659671289221168,0.07017912635424184,0.1379892440549263,,0.1403178844418692,,0.03282018494990513,,0.11383505055371257,,0.058125931820789845,,0.016465765359617412,,0.025043701301788124,0.020842570474466693,0.011764753524121097,,0.009355991833284172,0.010391497766498836,,0.14821962920053244,0.16734208241836723,,0.004127175025797403,0.023958975322108222,,0.03385133709251742,0.03385133709251742,0.03529671288494085,0.03529671288494085,0.027419241259956317,0.029921288441734806,0.016751672904596226,0.0038451173330168453,0.01647934015121566,0.002148367070243129,0.009687211723961697,0.002148367070243129,0.01332772185531661,0.0006221056464867925,0.009687211723961697,0.005825507424474519,0.0050264889074665975,0.003603837201607507,0.006439707026496544,0.00808290938187739,0.005773503070713115,0.004312762417725935,0.005825507424474519,0.0050264889074665975,0.006439707026496544,0.00808290938187739,0.002851038565719999,0.003020053154218272,0.00167661918511941,0.002876295529602557,0.0022777972907070954,0.14235602021051463,0.14235602021051463,0.000686643744679305,0.01530676689656496,0.003700662309929603,0.07346050991593667,0.00498454065620102,0.01808522023429615,0.004088411854815677,0.003554177630699762,0.006922593453947856,0.003700662309929603,0.00579515218803317,0.006922593453947856,0.0006543721860432505,0.027722561351289476,0.17248282658956782,0.009355991833284172,0.14821962920053244,0.06309472589397691,0.016268880368775496,0.17248282658956782,0.42610527640355644,0.55658151915428,0.07340865452138357,0.02510728393238848,0.16156848413149383,0.23537249811391392,0.014266722313624913,0.017867363904847777,0.019571356890803693,0.07391940964362576,0.23537249811391392,1.0,0.43999346595492117,0.07340865452138357,0.016537871341771093,0.024778780877984685,0.06017340098105228,0.10542131997889204,0.1594374656372316,0.04451293631503328,0.14085492043506187,0.17910583460296847,0.09922058598501537,0.02044904921472457,0.1617837746680263,0.05081275953399844,0.034566629026376416,0.014275534391712363,0.014275534391712363,0.014275534391712363,0.07602862112571718,0.0739753842987253,0.002325399159025854,0.022647230342819902,-0.04406708514810931,-0.05710336423371887,0.00908356325244919,0.017405379676772137,0.00482559096459978,0.20978931513307197,0.00394801212065321,0.20978931513307197,0.0036961975234717226,0.09184666259158347,0.00908356325244919,0.021907307476696225,0.005748952923040229,0.008027446367780411,0.006008960589038548,0.0027497751875286136,0.017405379676772137,-0.051619343463076506,0.011570632939030046,0.009355991833284172,0.014722128642779664,0.011567136503342512,0.01753051641193537,0.012889495275683505,0.020859164260656704,0.008214814942402393,0.07391940964362576,0.009476377799946034,0.013514677851847234,0.0171346305008363,0.05571995122123885,0.017193191132567565,0.026294453008078866,-0.0011268682289058418,0.020050116362658188,0.013514677851847234,0.001914678121931579,0.05571995122123885,0.026294453008078866,0.02044904921472457,0.039568303504830094,0.027722561351289476,0.011140940287154177,0.21292706753198054,0.3382356129033759,0.009355991833284172,0.00908356325244919,0.040894470134581806,0.0129705117683796
E6_B_nativeNaN_card_only,-0.005579566131195701,-0.06320564678527729,-0.06314446112597594,0.024985814480442237,0.02274347218157524,0.020102352974696314,0.020102352974696314,,0.018939011009332707,0.018939011009332707,,0.011571930457443647,0.011571930457443647,,0.008153553926733892,,,0.0035013842941238327,0.013096626950374612,,0.0030002644488880126,,,-0.002175096218842043,0.009879953388396423,,0.0017952043520989003,,0.03389921737396162,-0.022697196370973227,-0.0034544156976954454,-0.058918901167731574,-0.03288455084506148,-0.058918901167731574,0.010128723601088963,0.018052221525379886,-5.863087299928793e-05,0.020513135259665805,0.028437597773860235,-0.0045255835378374965,,-0.006738812085724133,,-0.00022192301136847448,,0.030760361417233928,-0.036144217022264113,0.05321083194127196,0.06668825782111154,0.1082425135490952,,0.11673769479926965,,0.026027624767591018,,0.10002278173162704,,0.03972085887377563,,0.0083987645738135,,0.014154314897596554,0.019545108605350414,0.00828441711482919,,0.003340561414382881,0.003759320003223543,,0.13433773012977146,0.15175200081917117,,-0.000202741786395233,0.018363485422931314,,0.023200913317447558,0.023200913317447558,0.03475334770759031,0.03475334770759031,0.024993268374364885,0.03523737252674897,0.007904870935348085,0.0015511029156780598,0.009710561676677276,0.003412592807718995,0.012374327291916898,0.002954760072130469,0.017654873360769763,0.000888186127704027,0.012374327291916898,0.0031614853051790126,0.0038679155052327996,0.0034312772277114156,0.004605068708944282,0.0024208452384532064,0.0009600828751067381,0.0021176604246483377,0.0031614853051790126,0.0038679155052327996,0.004605068708944282,0.0024208452384532064,0.0021111734841349206,0.0031855165732930235,0.0015489570607770675,0.0021459120087374828,0.0021685177311669968,0.14247614294155564,0.14247614294155564,0.0007235538942994557,0.016053346082301356,0.0005701641883960606,0.011168237274781223,0.001927156054041368,0.0033320080677076147,0.0014104017509066757,0.0006309411880699445,0.0025628896913135746,0.0005701641883960606,0.00421126508369607,0.0025628896913135746,0.0009204764165874346,0.029815157583634733,0.13045325363491267,0.003340561414382881,0.13433773012977146,0.051210162028822004,0.00550168770422188,0.13045325363491267,0.5466194542448378,0.42192208808648723,-0.011447202470409978,0.017844234303610373,0.13768699475794344,0.20517792975179994,0.00543056827954691,0.018284102791457313,0.00579017971759932,0.010066266536695734,0.20517792975179994,0.43999346595492117,1.0,-0.011447202470409978,0.01734693234011575,0.02409624602432714,0.06291794097413161,0.10677530096629417,0.13857259588916404,0.04246188609622803,0.132223948088807,0.15914353755305166,0.10323181773957424,0.01316625869820831,0.12811249163078797,0.041579092516272675,0.03367874559039785,0.022785850011707742,0.022785850011707742,0.022785850011707742,0.09631486645342124,0.07371767772015247,0.009465833914101607,0.03394234804635898,-0.04985955962547983,-0.05468048847074436,0.01023374800378174,0.015227011008865365,0.003939645910183254,0.17596537317729743,0.004396764016695309,0.17596537317729743,0.0036786575167674362,0.09280454861493681,0.01023374800378174,0.009218912590366113,0.006323372977187214,0.008272475203824348,0.007039839320440944,0.002429897414198967,0.015227011008865365,-0.06358371805616692,0.002733950011807873,0.003340561414382881,0.005767783034835161,0.004528342929362883,0.01792941665321124,0.007733174792811326,0.006702795331979705,0.0018015121189802752,0.010066266536695734,0.003352172925281227,0.016708370365103753,0.009212235315700479,0.009522698339555657,0.02215384382170149,0.04534441398732425,-0.0011272984876951053,0.008357130491464915,0.016708370365103753,0.0017598975510978443,0.009522698339555657,0.04534441398732425,0.01316625869820831,0.04538416490330699,0.029815157583634733,0.012317799419165554,0.1772992507458614,0.35153870056458114,0.003340561414382881,0.01023374800378174,0.041424308320699765,0.014795403261231299
E6_B_nativeNaN_coh_only,-0.0015204503597012753,-0.08196303317037401,-0.07260161975988333,-0.0001380947918678821,-0.0011609905751588379,0.005732469698279008,0.005732469698279008,,0.0044849481165453176,0.0044849481165453176,,0.0003012128724665386,0.0003012128724665386,,0.07147329138226244,,,0.023799796432713793,0.022237301167658208,,-0.0003307491885067293,,,0.08524015499470106,0.09352855030839347,,-0.0023953611123392893,,0.022594339448849143,-0.03513315179389398,0.003351842367934732,-0.06456285321176303,-0.044188444537853755,-0.06456285321176303,0.0010880191819447882,0.009011400332909592,0.003351842367934732,-0.0033509432365856906,0.0022607512322322387,0.03473216185044525,,0.01879646688883785,,0.0192439411077564,,-8.954341026434776e-05,-0.052132976823943133,0.046515459700237405,0.009454223151483365,0.05360450121238769,,0.03880915063428514,,0.013483925621057158,,-0.003065211685847169,,0.037081023524836665,,0.011617503841072296,,0.013844833491966302,-0.0001450155268154507,0.002826607874402254,,0.012837559489547457,0.01368199782587376,,0.04649505232063844,0.03787304984891915,,0.0034605622213573772,0.01179470790107573,,0.01681175629506315,0.01681175629506315,-0.0009783561084071302,-0.0009783561084071302,0.008567746731999781,-0.0025674896252179114,0.0306542164926924,0.027127638769739115,0.024754557916649045,0.0005993963907899857,0.003214941495033874,0.0007862002419318781,0.0037516556792439593,0.00030313293050254764,0.003214941495033874,0.0020215316958225316,0.001366290541170656,-1.1318736200305324e-05,0.00023873919782335662,0.008617705406938625,0.004012599856668131,0.007482817624837379,0.0020215316958225316,0.001366290541170656,0.00023873919782335662,0.008617705406938625,0.002040212349571524,0.001867680870013655,0.0009407542113499812,0.001660087106660657,-1.905448501249296e-05,-0.1366097815203675,-0.1366097815203675,-0.0001933431424419041,-0.002630109197571562,0.006221551306402007,0.17855032217520006,0.008579108846250905,0.027390330552930275,0.004749974831245285,0.005025039027939049,0.008302987313949739,0.006221551306402007,0.0064133326525409595,0.008302987313949739,0.00014839786338705085,0.002297416926377527,0.060420810283921655,0.012837559489547457,0.04649505232063844,0.025709381448686952,0.023057874508934817,0.060420810283921655,-0.015095305199522402,0.07756600089408994,1.0,0.08976276316434406,0.03698674651084355,0.07088974110871571,0.016366082150171546,-0.0018067317939556293,0.027507060327451094,0.19326673854194432,0.07088974110871571,0.07340865452138357,-0.011447202470409978,1.0,-0.0021731057253937536,0.0008176206277421549,-0.00244288566280626,0.04889374413194736,0.10381138996831252,-0.008945477551630221,0.07407451248444497,0.021646298039388667,0.04841522951590016,0.013157447906694597,0.055619229412485316,0.013573821281301024,0.003945163703610977,-0.03746305164651975,-0.03746305164651975,-0.03746305164651975,0.11242533658416298,0.05118420761360731,0.03404625033508979,0.07797202727821018,-0.06278998285864956,-0.0606994241150971,-0.00022387165835113798,0.002566549503385862,0.001667038641933738,0.25784425298094493,0.001667038641933738,0.25784425298094493,0.0005153311095301705,-0.018479507267827877,-0.00022387165835113798,0.026243787183490297,0.0017150161167032163,0.0016872363768993814,0.0008552026449986094,0.00020000754184568148,0.002566549503385862,-0.07476819959772851,0.019426427170115,0.012837559489547457,0.01413362382585892,0.013779652553090549,-0.0020828773695753533,0.011138994150815651,0.02730960569469787,0.019749010550923485,0.19326673854194432,0.017225480946390204,0.00017790145748897146,0.030711858362333144,0.05463693392672242,0.022186491148423415,0.013394307171886055,-0.001125242810150029,0.030653434962378268,0.00017790145748897146,-0.00039580336293942864,0.05463693392672242,0.013394307171886055,0.013157447906694597,0.0038652515361848883,0.002297416926377527,-0.0008889347193332675,0.0666073049186614,-0.0027101890308522947,0.012837559489547457,-0.00022387165835113798,0.001070512327340789,0.0008408789362265301
E6_C_SAR_only_no_NaN,-3.084923418694707e-05,-0.0002729573361011095,-0.00021155911803516503,-0.002609300743546372,-0.002673809036987995,-0.0022386139489982693,-0.0022386139489982693,,-0.0023686489711811642,-0.0023686489711811642,,-0.0026280791945010318,-0.0026280791945010318,,0.00012108553041556558,,,0.00010946742082096339,0.00037429451911230593,,-0.00017618383759132605,,,-5.922499815014248e-06,8.233095130127932e-05,,-0.0001818536773221524,,0.0005657708628004077,-0.0005660912313527611,-0.0005660912313527611,-0.0005660912313527611,-0.0005660912313527611,-0.0005660912313527611,0.0005657708628004077,0.0005657708628004077,-0.0005660912313527611,-0.0024774377595011554,-0.002477135821025822,-0.0028231458445768798,,-0.0027574078795342682,,-0.0025625497871766267,,-0.002543527292665937,-0.00019531125729321808,,,0.005969337447171652,,0.010694915973869401,,0.01025620045866149,,0.006753178534825599,,0.006417119539325999,,0.002548092216432929,,0.001622536688107079,-0.0024010070744202583,-0.0021215988513572093,,-0.002171072572234145,0.00907215810026163,,0.006579355425008537,0.01395485916108874,,-0.001027762494897555,-0.002410644845576737,,0.0005341746246001478,0.0005341746246001478,0.5991931946599992,0.5991931946599992,0.004117978063758243,0.6079247297193398,-9.64737509181468e-05,0.012115152578724864,-0.0026730969280615025,0.03484701767055265,-0.000884296859605449,0.03484701767055265,0.00019534340472404654,0.0603833278427357,-0.000884296859605449,-0.0026781208513395605,-0.0026864145900302727,0.019554038044708344,0.016758431055506562,-0.0008444419039626005,0.005970210141137633,-0.0021459261409721986,-0.0026781208513395605,-0.0026864145900302727,0.016758431055506562,-0.0008444419039626005,0.014253354898808523,0.015969070477193092,0.0169620621340566,0.04252166979603389,-0.0004846576129191593,-0.0023182255051534817,-0.0023182255051534817,0.020440815219477715,0.9479044438525299,-0.0015082132101764678,0.001730721943928537,-0.0021598421653803435,0.2909326718907389,-0.0014100411197430773,0.009816264683319198,-0.0021114465113800662,-0.0015082132101764678,-0.0002613600664174154,-0.0021114465113800662,0.020202864315160163,0.00622783005445271,0.008001929645835126,-0.002171072572234145,0.006579355425008537,0.009821748792158025,0.0014977881874295162,0.008001929645835126,0.017498320822129876,0.018417847354572747,-0.0021731057253937536,-0.0014576015430243228,0.006321868584622914,0.01263510164366577,-0.002285988650395865,0.9360734577033477,0.28442733951519517,0.0013480367861465892,0.01263510164366577,0.016537871341771093,0.01734693234011575,-0.0021731057253937536,1.0,-0.002411694556920585,-0.0018359976383535148,0.004634417281715875,0.008016473924227774,0.09690829753705377,0.00481907121369507,0.00385343329366139,0.004523789687350788,0.0054792403142935875,0.006989830556671128,-0.00048397928459631423,-0.0024602343291104667,0.0028044142024565843,0.0028044142024565843,0.0028044142024565843,0.0004697570077275559,9.665828821725508e-05,-0.002403411684073209,0.003719733471711839,-0.0028254929461648537,-0.002660917194633239,0.050121042181353714,0.004248441438385986,0.05974935390347891,0.006043686944779636,0.05974935390347891,0.006043686944779636,0.04422739967795053,0.9153728105579401,0.050121042181353714,0.2317205949169303,0.045473658617020685,0.039522968623506904,0.04784599459103822,0.09217340669349239,0.004248441438385986,-0.00027295000394023106,-0.0025502374340686806,-0.002171072572234145,-0.0002681766843970479,0.0034960998229345286,0.9079709379245705,0.008555788316691793,0.2849021127578958,-0.002429904594038579,0.0013480367861465892,-0.0025341653344337356,0.07008570329385444,-9.955441296938261e-05,0.2808795117912233,-0.008283839855624642,-0.0005286310344176925,-0.0003775365738556413,-9.945237622654979e-05,0.07008570329385444,0.04090683845391485,0.2808795117912233,-0.0005286310344176925,0.0054792403142935875,0.03245452748967681,0.00622783005445271,0.011653065966039211,0.006746634922328298,-0.001505502769589162,-0.002171072572234145,0.050121042181353714,0.004094764411123997,0.018012210310594745
E7_KNN_15,0.00026406924039446,0.003086869038311346,0.0030344009717017117,0.0019198963681490433,0.0019377347921613053,0.001915213408262506,0.001915213408262506,,0.002427666820100094,0.002427666820100094,,0.001585872706921565,0.001585872706921565,,-0.0007065507561787587,,,0.0006741561310207311,-0.000832975054601448,,-0.0017237372575145127,,,-0.00031098385032923836,6.217031673527718e-05,,-0.002478364210199313,,-0.002832064350652974,0.0028272588115966224,0.0016953941791467697,0.007354717341396477,0.00509098807649655,0.007354717341396477,-0.0005683350857532687,-0.0005683350857532687,0.0016953941791467697,0.0012119972087730746,0.0009608272731118639,0.0030240476422881413,,0.001226627038718342,,0.002130599954990653,,0.002606313283474271,0.00364301232914932,0.0016806674975371472,0.0016806674975371472,0.030431830074045485,,0.051076113203170515,,0.18714341264076062,,0.033632064099803904,,0.16915246227329095,,0.1985595493673018,,0.17213193062286947,0.09892433800278644,0.1000903789069808,,0.18332169467650905,0.18989422980469772,,0.0718382795852538,0.06765750554252004,,0.015851028977278636,0.19486225755958198,,0.16741225871174803,0.16741225871174803,0.028360447688474122,0.028360447688474122,0.15286407761904752,0.012593786457525402,0.11362843781871657,-0.0009611853526043657,0.0960909649643803,-0.0006739367439132504,0.010198202695222647,0.003905806673678902,0.008958890093307192,-0.00025307241922623014,0.010198202695222647,0.004224061935471535,0.0008600478819035251,0.005218886911604326,0.0005829528345251411,0.004815193170406573,0.06859827365386495,0.08622210086824211,0.004224061935471535,0.0008600478819035251,0.0005829528345251411,0.004815193170406573,0.003186968111704269,0.0036339032828588413,0.0038664379808559524,-0.0013628016154909606,-0.0005564312333121713,0.0038102711826861757,0.0038102711826861757,-0.00019069410471495019,-0.0022120880177016744,0.10734557765449493,-0.007732476268632604,0.07629082778711105,-0.007247568433468743,0.09415243645486526,0.0895225546139563,0.08836258573093503,0.10734557765449493,0.12351833028108672,0.08836258573093503,-0.00022195619738374361,0.08308426035993788,0.043325209195145487,0.18332169467650905,0.0718382795852538,0.15895420597068066,0.1859030572269179,0.043325209195145487,0.022689811958263917,0.026312819481633887,0.0008176206277421549,0.023421329497855248,0.034249769432411314,0.05229250881315517,0.18352880226535484,-0.0025409093987642795,-0.00733708287116408,-0.006992539687060706,0.05229250881315517,0.024778780877984685,0.02409624602432714,0.0008176206277421549,-0.002411694556920585,1.0,0.23270155820608152,0.015737675878435664,0.02163645208886944,0.03416256167525411,0.016885673792992217,0.04344785598587497,0.01563883441396785,0.2570376770016797,0.031591068980382664,0.13963233895038918,0.14148463189952498,0.006156706604098505,0.006156706604098505,0.006156706604098505,-0.005283521090935217,0.008928933363919755,-0.004289668260227808,-0.005952712100105284,0.000111569163732117,-0.005067260351677261,0.014882047076213212,0.001378535458727459,0.003186968111704269,0.014584002652840433,0.003186968111704269,0.014584002652840433,0.0031507701017319256,-0.003477749510515382,0.014882047076213212,-0.006304806835726318,-0.0021667563771246012,0.008903843392649047,0.0021331657734039444,0.0041053489214349925,0.001378535458727459,0.0025460485830047785,0.1279188035969454,0.18332169467650905,0.2105747466877136,0.2056362840918765,-0.0024766786044776445,0.17369797799225484,-0.005180430729653462,0.14272898088254105,-0.006992539687060706,0.13794410762434384,0.025438768192158956,0.18011640028204856,-0.002380703704338849,0.007923792357224624,-0.00411615394415743,-0.0009999833336111763,0.1873906308595633,0.025438768192158956,-0.0006416347738149586,-0.002380703704338849,-0.00411615394415743,0.2570376770016797,0.03289903778686121,0.08308426035993788,0.015135464342216576,0.048698118671018475,0.016589831675663747,0.18332169467650905,0.014882047076213212,0.1416992563424465,0.012323742839182028
E7_KNN_5,-0.0001408193859817608,0.00798356060903238,0.007755144186159857,0.006078482128740514,0.0037589032579717907,0.00633115455033173,0.00633115455033173,,0.004420739398780071,0.004420739398780071,,0.002610878278461626,0.002610878278461626,,-0.0005692022960372967,,,-0.001372457436938257,9.705260503889424e-05,,-0.0019883272043126343,,,0.0005790409868415836,-0.0007364281105644022,,0.0025669112056081467,,-0.004540642401744455,0.014701262861162245,-0.006804395962086485,0.009041878960307281,0.014701262861162245,0.009041878960307281,-1.3135281060616677e-05,-1.3135281060616677e-05,0.012437509300820215,0.004848819972739338,0.004176591036865074,0.006534687593847788,,0.0006659675239027996,,-7.373772752705676e-05,,0.0069587694444464,0.009332679876927319,0.010011072939439591,-0.006825473439141305,0.09065388915815731,,0.12504075155544947,,0.10453254355883479,,0.09856163328818712,,0.1769060135238265,,0.07829636755715408,,0.08789431105728551,0.04109718332576384,0.04439558474603278,,0.06515820411696538,0.0701306140854524,,0.13481517006284882,0.12191757640816181,,0.005418571573120978,0.09171121094993306,,0.10204788379210805,0.10204788379210805,0.016451983429121464,0.016451983429121464,0.1002616853007543,0.011355620983315995,0.07882076726341014,0.0008270994408606791,0.08333408065762882,0.0003054232448520544,0.007468867264045387,0.004334419020187608,0.006766451270806106,0.001770984346801674,0.007468867264045387,0.0011807283056282092,-0.005150117992154479,0.003756095454133801,0.0038495866341653473,0.0010708565088354272,0.04694831704511959,0.040273696496637035,0.0011807283056282092,-0.005150117992154479,0.0038495866341653473,0.0010708565088354272,0.003695177896628321,0.0020897125926737647,0.002286941160944078,0.0005091386708991896,0.0014429996474721873,0.02134922506261694,0.02134922506261694,0.0018369554338327765,-0.0025438949162526203,0.029158840081556114,-0.013196826294357145,0.039998192429261836,-0.006037361255844198,0.027733890347807377,0.030534803856453685,0.04092205755278655,0.029158840081556114,0.0580566171911151,0.04092205755278655,0.0018039542193825087,0.060334452815436146,0.10275136758855419,0.06515820411696538,0.13481517006284882,0.1582195194955358,0.09381150171347108,0.10275136758855419,0.06525620305103852,0.06787546350172202,-0.00244288566280626,0.05402137501122195,0.09732854713802785,0.1298473928595063,0.08301756759878265,-7.018344032072577e-05,-0.0038764737164800334,-0.01261806022040135,0.1298473928595063,0.06017340098105228,0.06291794097413161,-0.00244288566280626,-0.0018359976383535148,0.23270155820608152,1.0,0.048825943175702324,0.05449776732326084,0.028538032918853262,0.049123427012479626,0.10181088419074025,0.048957487978973924,0.13057723774296803,0.09113241442024156,0.11840912508789059,0.09514211512638937,0.013441066150384429,0.013441066150384429,0.013441066150384429,-0.013370633761237816,0.025497038745050493,-0.007485113140365263,-0.013434159047544858,-0.0028056554155067026,-0.012663616119912513,0.00783988841280392,0.006596040102181067,0.003695177896628321,0.04452165801641128,0.003695177896628321,0.04452165801641128,0.003661848076029095,-0.004988815654101586,0.00783988841280392,-0.004225665440674042,0.0024179950409886075,0.00553347686921668,0.003660277644092713,0.0024852888164541564,0.006596040102181067,0.0068129613355775165,0.08105665676706819,0.06515820411696538,0.11916821786398313,0.07482979759508845,-0.0009518821186695892,0.0718968358090385,-0.003202309214490162,0.08967134208170513,-0.01261806022040135,0.08256308289399139,0.01547626521091372,0.09983969414471983,0.006469731385079003,0.03287796016622346,-0.00681564511149646,-0.001106448435454821,0.09746031638516695,0.01547626521091372,-0.0008409570090763818,0.006469731385079003,-0.00681564511149646,0.13057723774296803,0.029304031186463297,0.060334452815436146,0.015413893082387387,0.11812174152479737,0.04221139516632877,0.06515820411696538,0.00783988841280392,0.1042161553718901,0.0090988208210655
E7_LogReg,-0.03906409540396538,-0.1488034607612314,-0.14474826959296916,0.0188479068548989,0.026126816882358295,0.02837335504661953,0.02837335504661953,,0.03226948190511747,0.03226948190511747,,0.018977491161732862,0.018977491161732862,,0.017916538955265127,,,-0.010364437589980291,0.002427942693430829,,0.0019240946835697992,,,0.017465836837228688,0.030695133521197904,,0.001565305657476035,,0.19505522060201907,0.029764168855035744,-0.034767269155772995,-0.33704611036429744,-0.08910953274382227,-0.33704611036429744,-0.16156588419455464,-0.13892327436620078,0.18599817667067753,0.024820582665645574,0.040181668948575444,0.009229711791418072,,-0.024132452049864028,,-0.0031333417958452348,,0.028550211151769034,-0.08732718071368395,-0.00814441239203667,-0.014899148823473984,0.43013458435097984,,0.3542140358381831,,0.025768001256562423,,0.43243978248426374,,0.07337432242879627,,0.015825234173850178,,0.019808432721960312,0.018941040960001265,0.011337871906921815,,0.012696814536899081,0.013117382012881595,,0.10578713343100343,0.12131968734703236,,0.0025030763450982763,0.020429514656161607,,0.025858336314755648,0.025858336314755648,0.008287120029127015,0.008287120029127015,0.024532720275161735,0.007804643846381687,0.03156882650600945,0.0013480399655662056,0.03703452549216846,0.0009071485333664864,0.0030997210788457075,0.0008220867776755902,0.0063557891008945155,0.00025257975590031734,0.0030997210788457075,0.0003501626100145261,0.0024138694542049643,0.0009766395583481469,0.0011267812570203706,0.001075462041305264,0.01352596914880333,0.009063248705742044,0.0003501626100145261,0.0024138694542049643,0.0011267812570203706,0.001075462041305264,0.0009751120821891446,0.0006815005774818417,0.0004496067217242272,0.0006966913539055986,0.0005257132683180732,0.018764195136400486,0.018764195136400486,0.00031705239019041986,0.004329658701884731,0.0046431533973212424,-0.0005139284773103547,0.009378940535903713,0.012021656697503769,0.004265153889896123,0.004423416146587256,0.008581117344518274,0.0046431533973212424,0.00999451836297749,0.008581117344518274,0.0002848157408800178,0.02952831127069777,0.2750863410850758,0.012696814536899081,0.10578713343100343,0.05381627786059717,0.02020337212751644,0.2750863410850758,0.0978612978656983,0.10493798612049154,0.04889374413194736,0.2524779093291303,0.3954109138554651,0.275894169172217,0.015647486399968824,0.004950886402070642,0.012534253506662374,0.000706011614684865,0.275894169172217,0.10542131997889204,0.10677530096629417,0.04889374413194736,0.004634417281715875,0.015737675878435664,0.048825943175702324,1.0,0.3542073953263848,0.07274472359656736,0.46000089652499854,0.31602687716918687,0.9531498823811551,0.0206714604585575,0.4169697395808326,0.03509314304025479,0.02239137447846473,0.0968557093203023,0.0968557093203023,0.0968557093203023,0.17222113342453882,0.22231659304537577,0.04625790777108185,0.12436511677704742,-0.162852526222514,-0.2086387106089962,0.0015621173933960675,0.005589998266714691,0.0004648414320226335,0.19804868794675023,0.0008900669738280964,0.19804868794675023,0.0007727918116101629,0.0491729318755052,0.0015621173933960675,0.015942098040714336,0.0009937278532131666,0.0015804929077308794,0.0012515041783517367,0.0005579487461183641,0.005589998266714691,-0.13673002765805098,0.020713291135949885,0.012696814536899081,0.02389898514949773,0.0127051214598215,0.004707658023398342,0.014127980311594457,0.012764279553000413,0.018968743828596257,0.000706011614684865,0.021668915784540665,0.0044668487816790226,0.03591540654840786,0.02599228127188613,-0.004666222505222972,0.009615738745015423,0.00021820898573898795,0.030931917078859783,0.0044668487816790226,0.0010273587919672478,0.02599228127188613,0.009615738745015423,0.0206714604585575,0.007667430272259801,0.02952831127069777,0.00292629120588328,0.2600784973459974,0.08503659702262956,0.012696814536899081,0.0015621173933960675,0.020490469829483993,0.0024803117273690667
E7b_GaussianNB,-0.044195261916399,-0.32942921041172735,-0.32066734843567213,0.0329538743249177,0.016499843265285308,0.03144020849532869,0.03144020849532869,,0.030570018476155925,0.030570018476155925,,0.01258430812632605,0.01258430812632605,,0.055488663487274215,,,0.014429829606206646,0.03306027046158866,,0.004700332335902169,,,0.035710921354108915,0.07014463657165992,,0.007287341035019823,,0.14639631267888353,0.021865270762009725,-0.049457053244926996,-0.23964991726342522,-0.11738307610867649,-0.23964991726342522,-0.24304621840661267,-0.2102153073558004,0.15771731648950837,0.016655559214728388,0.02107892281753232,-0.01365325284601715,,0.01675692405383422,,0.024541945033890622,,0.03196511427840998,-0.22262965216020625,0.015340140413836134,0.018718047307785257,0.22331377276037856,,0.22152197349152258,,0.03179821216377221,,0.24035304624204212,,0.08015805195716441,,0.02278072762648098,,0.025591504304103063,0.011121638367676101,0.009654372238313336,,0.02147261387898647,0.022943350814812136,,0.1119710294046179,0.09443545259028885,,0.004398626117183335,0.02524015980669736,,0.03193039837416989,0.03193039837416989,0.016180015029694572,0.016180015029694572,0.027851783255207208,0.012915898017022642,0.04381997373508417,0.006086514837537194,0.0449661274124078,0.0017832435170196392,0.011836649172832447,0.0017832435170196392,0.014994267563534613,0.00024077837667690893,0.011836649172832447,0.004073944481546521,0.00800454225183267,0.0029093389138379333,0.003157792164446005,0.009595739299630646,0.01792183761644528,0.014529585562865432,0.004073944481546521,0.00800454225183267,0.003157792164446005,0.009595739299630646,0.000796920969537096,0.0014328431828563026,0.0011280052847090216,0.0006036362600884138,0.0006662013247641374,0.29532397234811014,0.29532397234811014,0.0005545686220398416,0.007437433143277605,0.008227520312107606,0.030490697993876825,0.014706248173487535,0.035777028143424316,0.007123945656256403,0.007648623494003415,0.013621863354528085,0.008227520312107606,0.01781637952656634,0.013621863354528085,0.0005223230146855773,0.027967293160811257,0.16850406476734636,0.02147261387898647,0.1119710294046179,0.062248556447381365,0.03621600895146859,0.16850406476734636,0.12683263713363302,0.15995081477147044,0.10381138996831252,0.15818576430130094,0.15907774935477925,0.19259998180167137,0.02652522288866732,0.008568083943664817,0.03657879546960541,0.03493152998859439,0.19259998180167137,0.1594374656372316,0.13857259588916404,0.10381138996831252,0.008016473924227774,0.02163645208886944,0.05449776732326084,0.3542073953263848,1.0,0.10403763984866599,0.6362451805914766,0.3795449578410116,0.3401456360018452,0.03388496569750399,0.1934159564449538,0.054534078541394915,0.0371961994300779,0.1221962815720451,0.1221962815720451,0.1221962815720451,0.44100656649714476,0.29375338154904096,0.06874564882962086,0.33253410381348836,-0.2929186141289475,-0.3480581118717345,0.0042550585500161775,0.014700287061153339,0.002789349840983668,0.45609249045602596,0.002913876645449065,0.45609249045602596,0.0027570709744866306,0.026136202590862467,0.0042550585500161775,0.0362315199666019,0.004392672594906499,0.005482636922608752,0.004153412747587404,0.0013215242395840932,0.014700287061153339,-0.3223219890201272,0.03434909547770648,0.02147261387898647,0.04052399612358126,0.02205171863669375,0.008416632450129247,0.022050043612579118,0.036873049216929576,0.032621262585522226,0.03493152998859439,0.03535489159887373,0.014208749124440034,0.10602183779242103,0.03700618980259318,0.033906189520647945,0.011814438739028987,0.0003885792136799626,0.09746382729809333,0.014208749124440034,0.0008283416974644853,0.03700618980259318,0.011814438739028987,0.03388496569750399,0.020389503442071466,0.027967293160811257,0.006044361734634407,0.1771797615274292,0.10848581287648518,0.02147261387898647,0.0042550585500161775,0.02471740586131721,0.006186081147982803
E7b_LDA,-0.014003695009850992,-0.023997278115553744,-0.023598486148206144,0.0011518694363175097,0.0025682159923273717,0.002339073435733696,0.002339073435733696,,0.0036812612995694716,0.0036812612995694716,,0.00024775446522218303,0.00024775446522218303,,0.00791984913496624,,,0.00798645603728354,0.010213698258794923,,0.023665754240106862,,,0.012919739113682382,0.010774507278855538,,0.021882814708081177,,0.06896662205166526,-0.019325904975654007,0.02708426948742404,-0.1630842502637253,-0.046492836368675405,-0.1630842502637253,0.01350080379091334,0.02142449211387787,0.042931646133353096,0.007689338986831884,0.009938382925488987,-0.002810890288365453,,0.003915811366284827,,0.002662191829694849,,0.0024319965774136643,-0.01904843799804956,-0.006161664104043396,0.007321239267535029,0.044711947885173076,,0.11412748830962682,,0.09304994418766632,,0.07708858427453025,,0.1255403341311898,,0.07702793051989376,,0.07145089317067077,0.1029548243918248,0.07599312086015331,,0.03676371784699517,0.04000928613686783,,0.05201718993511639,0.05134582208778116,,0.022004409074657505,0.0843914887687498,,0.07988523815144488,0.07988523815144488,0.10518173798262342,0.10518173798262342,0.08614245463084202,0.10647541210890521,0.08972286080701108,0.0033510376839708256,0.0755813088057693,-0.0006986860041580112,0.007735086883431164,0.0007107487648618793,0.00865906054510135,0.001166355865473867,0.007735086883431164,0.0071285755484601365,-0.002255109779709663,0.007730797903236275,0.0067981273621506855,-0.0020245330055699284,0.06582171222432143,0.03485418485573044,0.0071285755484601365,-0.002255109779709663,0.0067981273621506855,-0.0020245330055699284,0.009847469598607272,0.006097455298854415,0.004903994430343617,0.008234853063016412,0.0022532828199998134,0.013965167940981571,0.013965167940981571,-0.00019262478551884676,0.09639245504701777,0.007836420881342954,-0.011755848153568893,0.022362087564895217,0.07112251616058485,0.012321957633379732,0.00950610804023122,0.026887060849399957,0.007836420881342954,0.030224883604856312,0.026887060849399957,-0.0002245761409331859,0.16251285498179535,0.075242716861876,0.03676371784699517,0.05201718993511639,0.11554666940035885,0.0650142411157123,0.075242716861876,0.045180835401583574,0.04475492926079705,-0.008945477551630221,0.013694206711173829,0.06597124116224928,0.06942668809564567,0.03859102949458715,0.097696126511713,0.07033776518281643,-0.011040273152804092,0.06942668809564567,0.04451293631503328,0.04246188609622803,-0.008945477551630221,0.09690829753705377,0.03416256167525411,0.028538032918853262,0.07274472359656736,0.10403763984866599,1.0,0.07048219443814929,0.1383801939350191,0.07235693397159337,0.1131315053224089,0.0774765596834418,0.09315253670208812,0.13836111866717715,0.04216293009114902,0.04216293009114902,0.04216293009114902,0.04057100228676813,0.005866082116545601,0.12162726733806084,0.03572678351566949,-0.008479316518111402,-0.01594169294575498,0.008952128750154387,0.020905257599188043,0.00010598300295050489,0.020650061620137494,0.00010598300295050489,0.020650061620137494,0.0014652928016801736,0.43000627263889624,0.008952128750154387,0.06799270773211996,0.0029807203591190046,0.0035484800813695427,0.0032420422703711704,0.0022866699824747316,0.020905257599188043,-0.024351081571405864,0.059652568475354495,0.03676371784699517,0.07238661445378824,0.04258775584637042,0.09797512022382415,0.05121209586104292,0.07210970494129254,0.06209630717804093,-0.011040273152804092,0.06107297530192246,0.039513253192107634,0.1530699223183014,0.13128102823668608,0.0022990549118576675,0.018844568637307324,-0.001129084314808626,0.11305805514938094,0.039513253192107634,0.009832578547405713,0.13128102823668608,0.018844568637307324,0.1131315053224089,0.036475156706481826,0.16251285498179535,0.019420974272898683,0.06739372750367423,0.02404449197267422,0.03676371784699517,0.008952128750154387,0.07332084581695164,0.016539923435496928
E7b_NearestCentroid,-0.04288813858292451,-0.34036622122558446,-0.32791775941021895,0.03270861184115381,0.019122160275684474,0.05497728436718652,0.05497728436718652,,0.05258265549675989,0.05258265549675989,,0.029816779036947016,0.029816779036947016,,0.04745716902774988,,,0.006748432108267477,0.02601391887953497,,0.002489120732076855,,,0.01820051098760367,0.055096372922244785,,0.004179843081548618,,0.033080000833225154,0.11799686258674758,-0.0586302098605791,-0.22619948372086318,0.0013777057785767655,-0.22619948372086318,0.07270786965153564,0.10667461435294456,0.1870625768129457,0.02262275614482745,0.038302191842520594,-0.018013888822618895,,-0.015134608128127391,,0.008855611458549073,,0.03231978788644185,-0.20934759379943557,0.028912615663278518,-0.004864336835390004,0.45279473180476026,,0.3556712944491174,,0.02495039633756657,,0.4438392857776847,,0.0735938049489151,,0.014962032040186868,,0.019460828927759133,0.01729425960602149,0.010637819547712701,,0.012195089994928132,0.0122806666506039,,0.11277127545557908,0.11727760897274453,,0.0026424538941618447,0.019406328635015013,,0.025823723631658413,0.025823723631658413,0.009596073826249274,0.009596073826249274,0.02480443920990516,0.008843655983840182,0.03175111639681594,0.004026920135331125,0.040267309243567806,0.0010144127818377813,0.007823288659753902,0.0011005842290229273,0.012148854514028251,0.00025924403142441044,0.007823288659753902,0.00236180443681111,0.007279405154872465,0.002752955535009871,0.0027437171883015754,0.00670406007800628,0.014978482252828162,0.011432680060428524,0.00236180443681111,0.007279405154872465,0.0027437171883015754,0.00670406007800628,0.0010050734291006114,0.0008749216799606163,0.0007236625756015247,0.0006393962742416992,0.0007124985197688449,0.28468067573408273,0.28468067573408273,0.00032371687618149014,0.004420482285330207,0.004830003666829841,0.042517467417496846,0.011754791501854767,0.023867102139786267,0.004011519793907903,0.0044314374295914005,0.010938850095322139,0.004830003666829841,0.009624556857783406,0.010938850095322139,0.0003776655875801227,0.030325167421798027,0.23708255976413273,0.012195089994928132,0.11277127545557908,0.0529345363425453,0.019180237104878817,0.23708255976413273,0.11373140955632699,0.1366621875311853,0.07407451248444497,0.2733482666536986,0.30435222215980917,0.26301511878522876,0.014951674737265441,0.005142154811762278,0.02447569440637809,0.04485097010600425,0.26301511878522876,0.14085492043506187,0.132223948088807,0.07407451248444497,0.00481907121369507,0.016885673792992217,0.049123427012479626,0.46000089652499854,0.6362451805914766,0.07048219443814929,1.0,0.29098021126980045,0.44888607652175927,0.018966214260583314,0.3411778544715396,0.04041015317947416,0.02278733157216195,0.15794226908392617,0.15794226908392617,0.15794226908392617,0.4040382517355484,0.4091863527972667,0.03811186001566924,0.32497361049852713,-0.33697816549907356,-0.42251453749385837,0.0033324248459223327,0.011615842605782967,0.002038917516794192,0.4035856720317125,0.0018666101688452619,0.4035856720317125,0.0019205216344416742,0.015416332252222942,0.0033324248459223327,0.02736997682507636,0.0027626493652312956,0.0032805678711214092,0.0025899499127512993,0.0007447360133610026,0.011615842605782967,-0.3258892412433996,0.027733929073248675,0.012195089994928132,0.023961597873593865,0.01246344584433412,0.004980618270543524,0.013654792684586803,0.024538916707017133,0.018878519840651586,0.04485097010600425,0.02663676483956834,0.007195749393543283,0.04881427448163733,0.03273341254619622,0.04091843152393526,0.005072938893810552,-0.0001326996383297363,0.04437358789865986,0.007195749393543283,0.0005947448419458823,0.03273341254619622,0.005072938893810552,0.018966214260583314,0.014683616199863136,0.030325167421798027,0.004167057912913608,0.23373962348528898,0.13950209888764475,0.012195089994928132,0.0033324248459223327,0.02431123806399338,0.004798296025909199
E7b_QDA,-0.03133963127504513,-0.023120968250141205,-0.018633132292904975,0.0610489679085654,0.0374294443949591,0.061637678490159,0.061637678490159,,0.06185898201346529,0.06185898201346529,,0.023879293967442816,0.023879293967442816,,0.037949590217789764,,,0.0418985471240938,0.04472622045648811,,0.0045180236858622935,,,0.03875474565011339,0.03016572841837961,,0.0033140755779446085,,0.1175779428249728,0.011166559406816878,-0.01826637643224749,-0.2231648913118882,-0.09977296798657975,-0.2231648913118882,-0.13146997581326447,-0.10882925593706116,0.12323812279402369,0.04025211423697661,0.036607248517223856,0.025440251267786262,,0.002232473159066939,,0.005014729091317616,,0.06181111531573058,0.013028684135691804,0.0026182256967469675,0.0026182256967469675,0.25822702254464214,,0.3155693922461651,,0.05497805337472228,,0.29936972103781745,,0.13675075030168393,,0.0351527760412369,,0.04389438086400099,0.04413737444057442,0.026074519123050477,,0.025729522951363104,0.028639981648214907,,0.1341428724670406,0.13743720490664735,,0.0069990869956195745,0.04505658106570687,,0.05616910717453305,0.05616910717453305,0.01703605600616742,0.01703605600616742,0.048774491427470146,0.01324211885603599,0.05449927583792891,0.0034138211822108966,0.062454246929876556,0.00269091355814155,0.0055061189693415,0.00269091355814155,0.009001164193521927,0.0004584289410299869,0.0055061189693415,0.0004015905301151257,0.00601457156933316,0.004129606473934899,0.004859756756498745,0.005813913084638966,0.021902442816568946,0.020266063482083707,0.0004015905301151257,0.00601457156933316,0.004859756756498745,0.005813913084638966,0.0010046802428570478,0.0008550550324886164,0.0006907176647623636,0.0009900909331806984,0.0010308743889996252,0.02842636367250828,0.02842636367250828,0.0005229307320995247,0.0032527108726994047,0.009571012549409952,-0.019329512319141928,0.019715371621077282,0.009775237173299867,0.009071176499721778,0.00843867033925505,0.01931325249482918,0.009571012549409952,0.021717929702731786,0.01931325249482918,0.000490677988365773,0.07114796170317805,0.23088935416263434,0.025729522951363104,0.1341428724670406,0.10187058792149406,0.04376913584005093,0.23088935416263434,0.17040290649063627,0.18189300846977674,0.021646298039388667,0.13589733712359042,0.28060558868614704,0.2550401442521095,0.03391357318852484,0.0045504733750603155,0.010579924311687305,-0.01615002211292138,0.2550401442521095,0.17910583460296847,0.15914353755305166,0.021646298039388667,0.00385343329366139,0.04344785598587497,0.10181088419074025,0.31602687716918687,0.3795449578410116,0.1383801939350191,0.29098021126980045,1.0,0.30751549209692053,0.05002807843038526,0.292272810682089,0.07811322820846578,0.05463367347516557,0.2058815387063231,0.2058815387063231,0.2058815387063231,0.033359372799997344,0.081710874492674,0.0874203029827223,-0.00499146597500455,-0.013774518775044875,-0.06377230191732952,0.004337240222603622,0.018159096261368468,0.0013621025397290154,0.12698240669697425,0.0018982359850369113,0.12698240669697425,0.001687268218206861,0.05974262229858829,0.004337240222603622,0.018816692132856083,0.003673885995895132,0.003968206503434213,0.003040415385937023,0.0012420945531089744,0.018159096261368468,-0.022599757425054046,0.04349962956911646,0.025729522951363104,0.053678955155261,0.02803418896679033,0.004291098478901412,0.029516862905519803,0.010736623477197615,0.039167282560566896,-0.01615002211292138,0.04718367277909785,0.009871882944574528,0.06003529440260047,0.05254299978290122,0.03142650264810076,0.016961791450099573,-0.0011311064282781835,0.04906633000448557,0.009871882944574528,0.0036973618028413036,0.05254299978290122,0.016961791450099573,0.05002807843038526,0.022995129944813453,0.07114796170317805,0.01127098325210052,0.2372383442542252,0.13850688500496056,0.025729522951363104,0.004337240222603622,0.04748862165543899,0.008661308423431713
E7b_RidgeClassifier,-0.038475066479810804,-0.13732752716811203,-0.13362819473198462,0.020056023964856062,0.027919279573839773,0.028989993683577242,0.028989993683577242,,0.03256043628679217,0.03256043628679217,,0.019463374205798356,0.019463374205798356,,0.01723945928495274,,,-0.009888812755240783,0.0030709807063477035,,0.0019111027034299788,,,0.01572050191071317,0.02992035705835816,,0.0014290915785464264,,0.19505728411788104,0.020709635389545844,-0.033632488889415724,-0.3347784276019947,-0.09929588905982767,-0.3347784276019947,-0.15137375816049925,-0.12873120637759872,0.18147175304814056,0.023263134028982724,0.03759096717254051,0.00756612987822991,,-0.022796260228417742,,-0.0004354164889435186,,0.029958720895194024,-0.07865852420888997,-0.01149873707531146,-0.01149873707531146,0.4391022371673966,,0.35527006517591264,,0.025706726490819065,,0.43916401982128495,,0.0734601992396704,,0.01607404130565493,,0.019781152479946718,0.018832462471153666,0.011188679022414494,,0.01279444955511333,0.013128147885050567,,0.10450962093539118,0.11913747403437747,,0.0024890773589894,0.02039938451736767,,0.025625373424913,0.025625373424913,0.00781382898860472,0.00781382898860472,0.02481533221539345,0.00758835293987814,0.032143488953010224,0.001322126184253758,0.037988918539938354,0.000816831642348026,0.0033141261182032533,0.0007320617120555317,0.006530835325561313,0.00016604522408292244,0.0033141261182032533,-4.538201675119424e-06,0.0023847518807181833,0.0009623520162604926,0.00127836371933443,0.000627331324035918,0.014197489631787796,0.00917444148138924,-4.538201675119424e-06,0.0023847518807181833,0.00127836371933443,0.000627331324035918,0.0008824792013681915,0.0006759539827949634,0.00044551889160504565,0.0007738519081219586,0.0005219172129240501,0.000956499002294664,0.000956499002294664,0.000230516083033927,0.00430577301558055,0.0046166574290238405,0.0007739569192589668,0.009403825188562642,0.010999887468206349,0.004325985745723071,0.004398660304605784,0.008780086863775516,0.0046166574290238405,0.009857501440067362,0.008780086863775516,2.8714632716697608e-05,0.029509308976919835,0.2723451618821381,0.01279444955511333,0.10450962093539118,0.05392972717686895,0.02034210666078362,0.2723451618821381,0.09580840065995033,0.09953966987718699,0.04841522951590016,0.26368944571093966,0.39380832651658326,0.27178550058193784,0.01572841957098703,0.00483852282379138,0.011509480517991166,0.0020589143883089633,0.27178550058193784,0.09922058598501537,0.10323181773957424,0.04841522951590016,0.004523789687350788,0.01563883441396785,0.048957487978973924,0.9531498823811551,0.3401456360018452,0.07235693397159337,0.44888607652175927,0.30751549209692053,1.0,0.020555759890567016,0.4142893047333629,0.03387639671051046,0.02226465432285396,0.09237492527554103,0.09237492527554103,0.09237492527554103,0.15799762112702098,0.22273562289543414,0.046988875582472334,0.1151909203419782,-0.1559313028450373,-0.20364221100894975,0.0015495774549517671,0.005600061040817783,0.0002044506000712376,0.18373672509459538,0.0006282184758817921,0.18373672509459538,0.0004264847081631995,0.04834177825124364,0.0015495774549517671,0.014891300734893087,0.0007273184622542672,0.001394190486537994,0.0009003477969558027,0.0005541526554235787,0.005600061040817783,-0.12543020924837345,0.021421387310861406,0.01279444955511333,0.02405399134619035,0.012802178321444035,0.004596453060635386,0.014133572394666616,0.011653784341869922,0.019194745422432824,0.0020589143883089633,0.02229260875817729,0.004359230051336094,0.03593921868561267,0.024151916112718164,-0.001320581709243429,0.009806170067359288,0.0002329511530790862,0.030796095159436154,0.004359230051336094,0.0010520407947604005,0.024151916112718164,0.009806170067359288,0.020555759890567016,0.007184310370641156,0.029509308976919835,0.0029786288291246965,0.25692293736651817,0.08146825962715043,0.01279444955511333,0.0015495774549517671,0.019605597058553248,0.0026287242464425598
E7c_ExtraTrees,0.0002884512099967651,0.0018708693342052163,0.002549844204206231,0.001336895489958967,0.0008998976035015094,0.0014934076511863292,0.0014934076511863292,,0.0023952454284488223,0.0023952454284488223,,0.0003208750816221517,0.0003208750816221517,,0.0016962649781461225,,,0.0016815574186080928,0.004192807104505314,,-0.001817341581925369,,,0.0028966199791676805,-0.0003287190352934122,,-0.002681694812441071,,0.0033936700508857554,-1.922214698968361e-06,-1.922214698968361e-06,-0.004529378568811859,0.002261805962357477,-0.004529378568811859,0.006789262316470479,0.006789262316470479,0.002261805962357477,0.001408033315105972,0.0003750308595447116,0.004479081622204117,,0.003664187313750955,,0.0032676723459407198,,0.0023469361322800975,0.002426138334438277,0.0016806674975371472,0.0016806674975371472,0.0336474693100518,,0.06249425794210528,,0.4465460030720536,,0.03720739371304216,,0.3379888552568947,,0.5187982289640181,,0.45756349923954387,0.18437914367290908,0.23825952436494002,,0.49891530932505157,0.5312761122481358,,0.12253153715091758,0.10777863703455148,,0.0673512665159558,0.45846728267694714,,0.4241242520337015,0.4241242520337015,0.034769469419135945,0.034769469419135945,0.4141029657755405,0.012532128803635745,0.3608149202266684,0.0056068594231570845,0.32917004214379497,0.008443659831874117,0.007316030000594664,0.008443659831874117,0.00889955879406401,0.00916105139736767,0.007316030000594664,-0.00033637198322278294,-0.0021210016695722977,0.005186269585679026,0.0005658006807651716,0.007626672560555381,0.22324854487213852,0.28906345801527,-0.00033637198322278294,-0.0021210016695722977,0.0005658006807651716,0.007626672560555381,0.03814386131811209,0.017078096597271775,0.031137395821030367,0.03748252880803116,-0.0005565422576729873,-0.004442230452023743,-0.004442230452023743,0.004538326933553938,0.0018030454044823951,0.255436981138494,0.003109384837865381,0.2563241103704448,0.0016870301936952048,0.24180415443126402,0.2442781726540474,0.31411555164663263,0.255436981138494,0.3711078811440922,0.31411555164663263,0.00449605431766531,0.158375805819032,0.06423503556658461,0.49891530932505157,0.12253153715091758,0.37785099221620577,0.5578734073676457,0.06423503556658461,0.012787839950374247,0.020545079519759257,0.013157447906694597,0.04359287978245663,0.04027859444120174,0.06802562711619642,0.5196553682601084,0.009159613047846071,0.003677043128511581,0.004248329934729456,0.06802562711619642,0.02044904921472457,0.01316625869820831,0.013157447906694597,0.0054792403142935875,0.2570376770016797,0.13057723774296803,0.0206714604585575,0.03388496569750399,0.1131315053224089,0.018966214260583314,0.05002807843038526,0.020555759890567016,1.0,0.03952719836425311,0.2651976228310373,0.2688790259089362,0.005769883232390138,0.005769883232390138,0.005769883232390138,-0.0031967343602126164,0.012152451825587551,0.0018853548486327254,-0.0055642657009928875,0.00048476187289892003,-0.009355616500074104,0.0189685163231349,0.018841187027786255,0.00753934781459753,0.02293768917447947,0.01191142117224242,0.02293768917447947,0.007493800959676555,0.013678900864811938,0.0189685163231349,-0.0006363411677388076,0.009930172109267943,0.008856782347184011,0.01031111385889194,-0.0005268187061440166,0.018841187027786255,0.0016922160725452162,0.40280072287231783,0.49891530932505157,0.5063165575558373,0.5455071142883997,0.0014447167240615455,0.5304100654583548,0.003564772138740846,0.48589132293105075,0.004248329934729456,0.41211306507304357,0.017318656293059065,0.5067348973205238,0.013041351021765735,0.07017719467497407,-0.003671248442997266,-0.0009713846278380789,0.5442848605235098,0.017318656293059065,0.03206004723313949,0.013041351021765735,-0.003671248442997266,1.0,0.03553710044612579,0.158375805819032,0.015065533927069885,0.06590816395420374,0.010454714657691544,0.49891530932505157,0.0189685163231349,0.24060218456517124,0.004694626916690647
E7c_HistGBM_imputed,-0.024550281253962636,0.011244879405939767,0.015478135765568002,0.024551268062801057,0.030055663366418517,0.037863366759286254,0.037863366759286254,,0.046211072046257184,0.046211072046257184,,0.02848417589403862,0.02848417589403862,,0.022640726769687647,,,0.019503705001224003,0.01724789616650446,,0.0010864971175393867,,,0.0393784680412792,0.021394398181429408,,0.0009898056597860139,,0.019634683444120338,0.025294991276429202,-0.026779840780811526,-0.13658981272760173,-0.02564777921434991,-0.13658981272760173,-0.03244014861312028,-0.005270671018038131,0.11246373189398429,0.030084585085928373,0.03974899462986492,0.03751131758135984,,0.005557017504312922,,0.0032858752161792903,,0.030939279068556202,0.03073194519894229,0.08052599085604395,0.026538526098967563,0.5799310967335501,,0.6384277052805927,,0.05151294286188002,,0.6281002660154589,,0.15332249498865935,,0.03151370633748396,,0.03921268578336734,0.03592196278949733,0.02140366569280716,,0.024999090981155492,0.025904232567299346,,0.22778829077803397,0.24589049747966463,,0.004693485072588266,0.04027184583777721,,0.053215497521458044,0.053215497521458044,0.012345561218948031,0.012345561218948031,0.04890233162406554,0.011889466911357838,0.0600321608633021,0.0017489871118649969,0.0690437279302103,0.0009911048618410634,0.001416453886568525,0.0009911048618410634,0.004441964619589678,3.807800775135206e-06,0.001416453886568525,-1.658565400286527e-05,0.0004742006371315499,0.0013837716884046447,0.00207942545590023,0.0006793626228018823,0.026244810254648532,0.021336448437044964,-1.658565400286527e-05,0.0004742006371315499,0.00207942545590023,0.0006793626228018823,0.0005095040103971771,0.0002425561573381474,0.0006973660072565613,0.00031628969103514315,0.0004662566184476802,-0.06499297800117976,-0.06499297800117976,6.826663298364899e-05,0.006628786095205674,0.009436641211740482,0.014705343585786568,0.020621376971234673,0.004894708306534268,0.008260340333600458,0.008554503137926162,0.020625510721869578,0.009436641211740482,0.018750128130571087,0.020625510721869578,0.00016685299258878405,0.0543666774368079,0.5564421363883305,0.024999090981155492,0.22778829077803397,0.11034951946437166,0.040814343691700894,0.5564421363883305,0.12785660904405904,0.15638906953043308,0.055619229412485316,0.4140631503439981,0.7007305932864488,0.5132786689496347,0.03103097271859978,0.007447786359920383,0.00551017882363225,0.016205662989045688,0.5132786689496347,0.1617837746680263,0.12811249163078797,0.055619229412485316,0.006989830556671128,0.031591068980382664,0.09113241442024156,0.4169697395808326,0.1934159564449538,0.0774765596834418,0.3411778544715396,0.292272810682089,0.4142893047333629,0.03952719836425311,1.0,0.06054653708252544,0.03881038582898355,0.046314391357215046,0.046314391357215046,0.046314391357215046,-0.0148363468520325,0.14972569548180703,0.06205565439523575,-0.02329394856429179,-0.025470471071212142,-0.0914777037393184,0.0037846403464746325,0.008215072651573396,0.001032181743951699,0.07591672137861072,0.0012935206107289599,0.07591672137861072,0.0007386264931844577,0.06199811883398665,0.0037846403464746325,0.011669967936275616,0.00042948951637600263,0.0012229187193729674,0.0005563388610884124,0.0004984896143455098,0.008215072651573396,0.011859304575361107,0.04448276083402536,0.024999090981155492,0.04452266438359542,0.02548378575125454,0.007414491644259558,0.02706489587868577,0.005576260873621508,0.037321125844190006,0.016205662989045688,0.045376172940456594,0.004053159156909736,0.05212751431024487,0.039347822255815124,0.010058487536895755,0.011999077899340294,0.0006838801334364542,0.04561579647917857,0.004053159156909736,0.003946025739888781,0.039347822255815124,0.011999077899340294,0.03952719836425311,0.01254730351314648,0.0543666774368079,0.004059796485646583,0.5360805317073961,0.1372851004743164,0.024999090981155492,0.0037846403464746325,0.04420471617507604,0.00588713513683603
E7d_MLP_128_64,0.00013931915148523988,-0.001403152896288784,-0.0004886580524150475,0.002932843717921574,0.0015400930032016813,0.00418733603929744,0.00418733603929744,,0.005082377109735581,0.005082377109735581,,0.0018418652994032225,0.0018418652994032225,,0.003451036362396964,,,0.0050677796989599955,0.008143709767367002,,0.006269950254688461,,,0.0049491588363087535,0.0023549104481161987,,0.0010542470040537655,,0.0028215084353715447,-0.0028378473623844602,-0.005101589681486995,-0.014156558957896692,0.0005577661162691205,-0.014156558957896692,0.02093144698819116,0.02093144698819116,-0.0028378473623844602,0.000992433631835321,0.0021182516603589496,0.0021359639076030668,,0.0007957125960011968,,0.0016945764859557233,,0.003913814657140691,0.002087795420078864,0.005042031120914836,0.005042031120914836,0.06056270738418179,,0.09242841146162306,,0.2709516519272678,,0.06189806731183167,,0.2562213664098636,,0.23975648981450437,,0.23824728724738076,0.11978693768655335,0.15762178659403037,,0.2057859831805231,0.2224388834563663,,0.14783435890833252,0.1350441845958984,,0.03933689220058778,0.25780384323446437,,0.24377506466525745,0.24377506466525745,0.02204054810773659,0.02204054810773659,0.21132719373291542,0.01679083846854046,0.205497545850717,0.004708575999550324,0.18152909148837781,0.006322755725266749,0.00260280893457554,0.006322755725266749,0.004716346546495664,-0.000255500703833178,0.00260280893457554,0.0006367793023820401,0.012572128429297447,0.010037666195832684,0.0048217462210311535,0.010722420308573177,0.10848441487971705,0.11681384642995374,0.0006367793023820401,0.012572128429297447,0.0048217462210311535,0.010722420308573177,0.00789306570286108,0.0037349468602864144,-0.0007220441234003783,0.005383913413718577,0.004129196913335131,0.01786751872406911,0.01786751872406911,0.002189340091235503,-0.0024125043840146354,0.1050432133466015,0.014743188513211658,0.12344513445534999,-0.0038230029009211908,0.09799891796869997,0.10848510716107818,0.1337684059564117,0.1050432133466015,0.19471987172598215,0.1337684059564117,-0.00022382185712443992,0.1046940814105407,0.08590574745452628,0.2057859831805231,0.14783435890833252,0.267503500373113,0.24659172719245548,0.08590574745452628,0.041068688674244624,0.051840534540912975,0.013573821281301024,0.052615445538816474,0.06413339201777268,0.10541372344117328,0.2706288103064889,-0.0006546848062447541,-0.004051714519973215,0.020755103418944598,0.10541372344117328,0.05081275953399844,0.041579092516272675,0.013573821281301024,-0.00048397928459631423,0.13963233895038918,0.11840912508789059,0.03509314304025479,0.054534078541394915,0.09315253670208812,0.04041015317947416,0.07811322820846578,0.03387639671051046,0.2651976228310373,0.06054653708252544,1.0,0.33047076481499205,0.007671544737060998,0.007671544737060998,0.007671544737060998,0.002389165735757537,0.017922338940985605,-0.004750821216327417,-0.0017685869094838935,-0.0037993322310729827,-0.014187247331972408,0.01811363273458788,0.022990801999813515,0.010181663013811848,0.0423485262145511,0.00789306570286108,0.0423485262145511,0.003281453080394181,-0.003070347516971772,0.01811363273458788,0.00045116245788467957,0.0086080388148152,0.011980277705019082,0.004495598587876848,0.006516969025551322,0.022990801999813515,-0.0020490445481375907,0.17990443461048355,0.2057859831805231,0.3046418748672959,0.2157627932057541,0.0059135710771701655,0.2171171832398605,-0.004155797964103591,0.20102534931813432,0.020755103418944598,0.1896122831815633,0.015105084408884917,0.29756874669078437,0.005587290495431496,0.06306918312846477,-0.006257202574742271,-0.0010906466358362454,0.34191765579066136,0.015105084408884917,0.011382380747063991,0.005587290495431496,-0.006257202574742271,0.2651976228310373,0.031253812840225215,0.1046940814105407,0.01801850158239937,0.09648437296569012,0.028576327878271357,0.2057859831805231,0.01811363273458788,0.18555122833208437,0.011612800050650463
E7d_MLP_256_128_64,2.2748311031772772e-05,-0.0007620311230664978,9.605457724104483e-06,0.0017019470986038288,0.003862844307777835,0.0024020170509103655,0.0024020170509103655,,0.003627097377583488,0.003627097377583488,,0.003045067004291857,0.003045067004291857,,0.0036414056180431587,,,0.003000554302511116,0.006581881160290903,,0.007352390227247985,,,0.0029168643920965964,0.00293124725579319,,-0.0023737238341758893,,0.004522026015024938,0.004522026015024938,-0.0011373143714727973,0.0011264217831262746,0.011313234478822376,0.0011264217831262746,0.0056538940923245296,0.0056538940923245296,0.009049498324223304,0.002498780294645231,0.003161829242766534,0.0027272482535506404,,0.001717103423739652,,0.000865835704440765,,0.0045357803605659,0.0011689338217883982,-0.003372700431524045,-5.677946854465432e-06,0.035322425512646305,,0.059294923967654234,,0.22105328895523302,,0.0393535649288318,,0.19261753198897247,,0.2182597642456332,,0.21904389605760732,0.08314812310455932,0.14096093171971147,,0.16984104802671318,0.19534451090623328,,0.09808774398945852,0.08714234508817875,,0.021903013610684807,0.2171951180100521,,0.20924426127733886,0.20924426127733886,0.034758736533500256,0.034758736533500256,0.19343549172951735,0.017310393145802183,0.14214335418355017,0.007774392374714112,0.11650587152209368,0.0075246029941354875,0.0059858321748645915,0.011625740998291945,0.007487277630482958,0.003966881859435278,0.0059858321748645915,6.514557099468465e-05,0.005383586939602059,0.015106732798987998,0.003570958000027602,0.0007501736057222708,0.08968488608267633,0.08513939497208167,6.514557099468465e-05,0.005383586939602059,0.003570958000027602,0.0007501736057222708,0.01063245177725125,0.015295009424539763,0.0033858231018421003,0.0064298502513272515,0.003575565483128207,0.01601376443323499,0.01601376443323499,0.008285202787664425,-0.002252857489017712,0.09732786400777449,-0.004019243616802948,0.08430870095940124,-0.007704370925832205,0.08152916688035217,0.0882612089067375,0.08713265950008109,0.09732786400777449,0.19043636217728377,0.08713265950008109,0.004006910064020541,0.08035070197153449,0.056688828652320944,0.16984104802671318,0.09808774398945852,0.21414854363635094,0.2085623385413654,0.056688828652320944,0.03190264823552291,0.03597739223664054,0.003945163703610977,0.0275304342694489,0.03997915852042255,0.06605691646683853,0.22486893047966405,-0.002594848048087517,-0.005710373726843798,-0.0014510639718341434,0.06605691646683853,0.034566629026376416,0.03367874559039785,0.003945163703610977,-0.0024602343291104667,0.14148463189952498,0.09514211512638937,0.02239137447846473,0.0371961994300779,0.13836111866717715,0.02278733157216195,0.05463367347516557,0.02226465432285396,0.2688790259089362,0.03881038582898355,0.33047076481499205,1.0,0.006704678597074909,0.006704678597074909,0.006704678597074909,0.001305981997130501,0.010250550128012903,-0.0030993144234523484,-0.002989567128643067,-0.0002772414796561318,-0.007429540147782188,0.017024865974604952,0.021226493536925295,0.014582022828040664,0.02605712437520724,0.006682880726461837,0.02605712437520724,0.0026983960582870337,0.0056819939570808,0.017024865974604952,-0.008797775889940684,0.01247847765554777,0.011325301519111819,0.012885435081560703,0.007756955753453365,0.021226493536925295,-0.0007413937909623858,0.1228045365657705,0.16984104802671318,0.2431685486318308,0.1851552162895186,0.00463301630933477,0.18279850141357468,-0.0057690784456927435,0.13388923260772412,-0.0014510639718341434,0.13224491529723548,0.02176258389996344,0.21765083963419873,-0.003309512400796244,0.012179101888055044,-0.005645429100052279,-0.0010704278563109515,0.2687733149133531,0.02176258389996344,-0.0007784372871462164,-0.003309512400796244,-0.005645429100052279,0.2688790259089362,0.04558730190714233,0.08035070197153449,0.019498134352777696,0.0579491790072999,0.019092662871051824,0.16984104802671318,0.017024865974604952,0.1417441866710849,0.014381596568456168
E8_IsolationForest_c=0.050,-0.044455691922551166,0.016808827554486427,0.02302487019479782,0.07741413183574086,0.0827008045621902,0.07686090742491347,0.07686090742491347,,0.09304921085015339,0.09304921085015339,,0.06232470350752373,0.06232470350752373,,0.026533563075027855,,,0.012721856007805954,0.017565760571789935,,0.0013172324698674798,,,-0.0014187627628134969,0.024313483073163167,,0.0025341037366112262,,0.005102800481911696,0.0005728189246295701,0.005102800481911696,-0.0039571626326526665,-0.0016921718540114927,-0.0039571626326526665,-0.009619639579255157,-0.010752134968575744,0.0073677912605527585,0.05652546774786893,0.07406169937134999,-0.007086158325109393,,0.0009150938542910048,,-0.008235618757679752,,0.10159094489379361,0.08666666234964404,,,0.05356627901530364,,0.07358787095147379,,0.004738294943067545,,0.09776169297066584,,0.013602402665612523,,0.002675353228718591,,0.004158128660650795,0.009638112796861553,0.005350919236039475,,0.00022551281818483648,0.0008057421252746222,,-0.01325062535894772,-0.009833997325503718,,0.0013216172802831272,0.004125889843973662,,0.004738281498458452,0.004738281498458452,0.005769995843404541,0.005769995843404541,0.00538301025040433,0.005447651165008005,0.004125737722911471,0.001063661032912222,0.011056203427764477,0.0006446923356270284,0.007155688654674974,0.0007091627122262079,0.00886402114126783,0.0002578773480246266,0.007155688654674974,-0.00019389233532463024,0.00319078693502417,0.002030765507475607,0.0023853385982428588,0.005962996918611685,0.006350131196223074,0.00464173984309324,-0.00019389233532463024,0.00319078693502417,0.0023853385982428588,0.005962996918611685,0.001063739922343765,0.0005479831357867448,0.0004190454981853886,0.0011282071857240394,0.00025787215374406536,0.04940684750220192,0.04940684750220192,0.00019340801081746406,0.0025143021616612637,-0.0002579313942705497,-0.01650507850511751,0.003932562512853455,-0.004803295155587639,6.442673546236399e-05,-0.0004835730427235063,0.004448335932298986,-0.0002579313942705497,0.0024833251678154644,0.004448335932298986,0.00022564267940428095,0.020791282593966454,-0.014446642251820352,0.00022551281818483648,-0.01325062535894772,0.007381245868248509,0.0017727169883486882,-0.014446642251820352,0.03616344801712679,0.008280080591639205,-0.03746305164651975,0.007793903476569386,0.03184088176329303,-0.007902572323325696,0.0008379498039263744,0.0029978222311610736,-0.004448714783718444,-0.016311730615998554,-0.007902572323325696,0.014275534391712363,0.022785850011707742,-0.03746305164651975,0.0028044142024565843,0.006156706604098505,0.013441066150384429,0.0968557093203023,0.1221962815720451,0.04216293009114902,0.15794226908392617,0.2058815387063231,0.09237492527554103,0.005769883232390138,0.046314391357215046,0.007671544737060998,0.006704678597074909,1.0,1.0,1.0,-0.017163959772561466,0.0006285960364953436,0.03007334857570587,-0.008717360858723211,0.07180233752127907,0.01677586915572038,0.0020307831367119,0.008251948411952092,0.0009347991678725354,-0.0371456091874145,0.001063739922343765,-0.0371456091874145,0.0010959745919689734,0.029390931422359268,0.0020307831367119,-0.0013219782657136747,0.002063010548378763,0.0027077018980727896,0.0021274850745744978,0.00048351899068321824,0.008251948411952092,0.01241322716777915,0.007929550058423884,0.00022551281818483648,0.006056832338802276,0.0013537419521310046,0.002836647837647255,0.001837259983375139,-0.004255306736927311,0.003771292866007858,-0.016311730615998554,0.007510506408810458,0.002484296874306957,0.00718672210534832,-0.00699759405546474,0.01707349605394859,9.341746981561538e-05,1.3300531842785901e-05,1.4945537720523205e-05,0.002484296874306957,0.0007017869430835377,-0.00699759405546474,9.341746981561538e-05,0.005769883232390138,0.00886451549971845,0.020791282593966454,0.005737759102397599,-0.02273094426632616,0.06201501119132791,0.00022551281818483648,0.0020307831367119,0.006350065114572256,0.003255695461678365
E8_IsolationForest_c=0.100,-0.044455691922551166,0.016808827554486427,0.02302487019479782,0.07741413183574086,0.0827008045621902,0.07686090742491347,0.07686090742491347,,0.09304921085015339,0.09304921085015339,,0.06232470350752373,0.06232470350752373,,0.026533563075027855,,,0.012721856007805954,0.017565760571789935,,0.0013172324698674798,,,-0.0014187627628134969,0.024313483073163167,,0.0025341037366112262,,0.005102800481911696,0.0005728189246295701,0.005102800481911696,-0.0039571626326526665,-0.0016921718540114927,-0.0039571626326526665,-0.009619639579255157,-0.010752134968575744,0.0073677912605527585,0.05652546774786893,0.07406169937134999,-0.007086158325109393,,0.0009150938542910048,,-0.008235618757679752,,0.10159094489379361,0.08666666234964404,,,0.05356627901530364,,0.07358787095147379,,0.004738294943067545,,0.09776169297066584,,0.013602402665612523,,0.002675353228718591,,0.004158128660650795,0.009638112796861553,0.005350919236039475,,0.00022551281818483648,0.0008057421252746222,,-0.01325062535894772,-0.009833997325503718,,0.0013216172802831272,0.004125889843973662,,0.004738281498458452,0.004738281498458452,0.005769995843404541,0.005769995843404541,0.00538301025040433,0.005447651165008005,0.004125737722911471,0.001063661032912222,0.011056203427764477,0.0006446923356270284,0.007155688654674974,0.0007091627122262079,0.00886402114126783,0.0002578773480246266,0.007155688654674974,-0.00019389233532463024,0.00319078693502417,0.002030765507475607,0.0023853385982428588,0.005962996918611685,0.006350131196223074,0.00464173984309324,-0.00019389233532463024,0.00319078693502417,0.0023853385982428588,0.005962996918611685,0.001063739922343765,0.0005479831357867448,0.0004190454981853886,0.0011282071857240394,0.00025787215374406536,0.04940684750220192,0.04940684750220192,0.00019340801081746406,0.0025143021616612637,-0.0002579313942705497,-0.01650507850511751,0.003932562512853455,-0.004803295155587639,6.442673546236399e-05,-0.0004835730427235063,0.004448335932298986,-0.0002579313942705497,0.0024833251678154644,0.004448335932298986,0.00022564267940428095,0.020791282593966454,-0.014446642251820352,0.00022551281818483648,-0.01325062535894772,0.007381245868248509,0.0017727169883486882,-0.014446642251820352,0.03616344801712679,0.008280080591639205,-0.03746305164651975,0.007793903476569386,0.03184088176329303,-0.007902572323325696,0.0008379498039263744,0.0029978222311610736,-0.004448714783718444,-0.016311730615998554,-0.007902572323325696,0.014275534391712363,0.022785850011707742,-0.03746305164651975,0.0028044142024565843,0.006156706604098505,0.013441066150384429,0.0968557093203023,0.1221962815720451,0.04216293009114902,0.15794226908392617,0.2058815387063231,0.09237492527554103,0.005769883232390138,0.046314391357215046,0.007671544737060998,0.006704678597074909,1.0,1.0,1.0,-0.017163959772561466,0.0006285960364953436,0.03007334857570587,-0.008717360858723211,0.07180233752127907,0.01677586915572038,0.0020307831367119,0.008251948411952092,0.0009347991678725354,-0.0371456091874145,0.001063739922343765,-0.0371456091874145,0.0010959745919689734,0.029390931422359268,0.0020307831367119,-0.0013219782657136747,0.002063010548378763,0.0027077018980727896,0.0021274850745744978,0.00048351899068321824,0.008251948411952092,0.01241322716777915,0.007929550058423884,0.00022551281818483648,0.006056832338802276,0.0013537419521310046,0.002836647837647255,0.001837259983375139,-0.004255306736927311,0.003771292866007858,-0.016311730615998554,0.007510506408810458,0.002484296874306957,0.00718672210534832,-0.00699759405546474,0.01707349605394859,9.341746981561538e-05,1.3300531842785901e-05,1.4945537720523205e-05,0.002484296874306957,0.0007017869430835377,-0.00699759405546474,9.341746981561538e-05,0.005769883232390138,0.00886451549971845,0.020791282593966454,0.005737759102397599,-0.02273094426632616,0.06201501119132791,0.00022551281818483648,0.0020307831367119,0.006350065114572256,0.003255695461678365
E8_IsolationForest_c=0.130,-0.044455691922551166,0.016808827554486427,0.02302487019479782,0.07741413183574086,0.0827008045621902,0.07686090742491347,0.07686090742491347,,0.09304921085015339,0.09304921085015339,,0.06232470350752373,0.06232470350752373,,0.026533563075027855,,,0.012721856007805954,0.017565760571789935,,0.0013172324698674798,,,-0.0014187627628134969,0.024313483073163167,,0.0025341037366112262,,0.005102800481911696,0.0005728189246295701,0.005102800481911696,-0.0039571626326526665,-0.0016921718540114927,-0.0039571626326526665,-0.009619639579255157,-0.010752134968575744,0.0073677912605527585,0.05652546774786893,0.07406169937134999,-0.007086158325109393,,0.0009150938542910048,,-0.008235618757679752,,0.10159094489379361,0.08666666234964404,,,0.05356627901530364,,0.07358787095147379,,0.004738294943067545,,0.09776169297066584,,0.013602402665612523,,0.002675353228718591,,0.004158128660650795,0.009638112796861553,0.005350919236039475,,0.00022551281818483648,0.0008057421252746222,,-0.01325062535894772,-0.009833997325503718,,0.0013216172802831272,0.004125889843973662,,0.004738281498458452,0.004738281498458452,0.005769995843404541,0.005769995843404541,0.00538301025040433,0.005447651165008005,0.004125737722911471,0.001063661032912222,0.011056203427764477,0.0006446923356270284,0.007155688654674974,0.0007091627122262079,0.00886402114126783,0.0002578773480246266,0.007155688654674974,-0.00019389233532463024,0.00319078693502417,0.002030765507475607,0.0023853385982428588,0.005962996918611685,0.006350131196223074,0.00464173984309324,-0.00019389233532463024,0.00319078693502417,0.0023853385982428588,0.005962996918611685,0.001063739922343765,0.0005479831357867448,0.0004190454981853886,0.0011282071857240394,0.00025787215374406536,0.04940684750220192,0.04940684750220192,0.00019340801081746406,0.0025143021616612637,-0.0002579313942705497,-0.01650507850511751,0.003932562512853455,-0.004803295155587639,6.442673546236399e-05,-0.0004835730427235063,0.004448335932298986,-0.0002579313942705497,0.0024833251678154644,0.004448335932298986,0.00022564267940428095,0.020791282593966454,-0.014446642251820352,0.00022551281818483648,-0.01325062535894772,0.007381245868248509,0.0017727169883486882,-0.014446642251820352,0.03616344801712679,0.008280080591639205,-0.03746305164651975,0.007793903476569386,0.03184088176329303,-0.007902572323325696,0.0008379498039263744,0.0029978222311610736,-0.004448714783718444,-0.016311730615998554,-0.007902572323325696,0.014275534391712363,0.022785850011707742,-0.03746305164651975,0.0028044142024565843,0.006156706604098505,0.013441066150384429,0.0968557093203023,0.1221962815720451,0.04216293009114902,0.15794226908392617,0.2058815387063231,0.09237492527554103,0.005769883232390138,0.046314391357215046,0.007671544737060998,0.006704678597074909,1.0,1.0,1.0,-0.017163959772561466,0.0006285960364953436,0.03007334857570587,-0.008717360858723211,0.07180233752127907,0.01677586915572038,0.0020307831367119,0.008251948411952092,0.0009347991678725354,-0.0371456091874145,0.001063739922343765,-0.0371456091874145,0.0010959745919689734,0.029390931422359268,0.0020307831367119,-0.0013219782657136747,0.002063010548378763,0.0027077018980727896,0.0021274850745744978,0.00048351899068321824,0.008251948411952092,0.01241322716777915,0.007929550058423884,0.00022551281818483648,0.006056832338802276,0.0013537419521310046,0.002836647837647255,0.001837259983375139,-0.004255306736927311,0.003771292866007858,-0.016311730615998554,0.007510506408810458,0.002484296874306957,0.00718672210534832,-0.00699759405546474,0.01707349605394859,9.341746981561538e-05,1.3300531842785901e-05,1.4945537720523205e-05,0.002484296874306957,0.0007017869430835377,-0.00699759405546474,9.341746981561538e-05,0.005769883232390138,0.00886451549971845,0.020791282593966454,0.005737759102397599,-0.02273094426632616,0.06201501119132791,0.00022551281818483648,0.0020307831367119,0.006350065114572256,0.003255695461678365
L2b_coh_drop,-0.07090797608009036,-0.8765156526374911,-0.8056178343528408,0.0177322702925371,-0.020294711466506854,0.017853693548111615,0.017853693548111615,,-0.000947233128454128,-0.000947233128454128,,-0.013335474680463921,-0.013335474680463921,,0.06293616747035924,,,-0.002404725423094778,0.01148228599726031,,0.003564491556485083,,,0.07855963908772545,0.08471830166931615,,0.0060168926601290584,,,,,,,,,,,0.010941536489497805,0.012613161884548973,-0.08258630021401303,,0.04423387527239009,,0.053286926862109674,,0.0005726413947392262,-0.5771658462308518,,,-0.0325998789380626,,-0.026016091760887594,,-0.003060188268406039,,-0.05708044895957265,,-0.011446790104037374,,-0.00363168300581429,,-0.0037955515538246054,-0.0020473951082706776,-0.0014883462619901255,,-0.003122134490574968,-0.0033938633441379373,,0.02640098733228624,0.01576565407834918,,-0.000877071265741769,-0.0037151613049553056,,-0.002952043896226497,-0.002952043896226497,0.00035185986349706155,0.00035185986349706155,-0.0028131716134776052,0.0007868264938660774,0.00833231686621616,0.00396747717042123,0.002930095335982208,0.0003289223803404351,0.0061341748154547515,0.00039415952357779727,0.007404167461963818,0.00024902516136537933,0.0061341748154547515,0.0025120670176533855,0.005400315195013494,0.0005046158310513249,0.0010963801959893438,0.0028445886905189566,-0.0021603658705755535,-0.0008600192265679762,0.0025120670176533855,0.005400315195013494,0.0010963801959893438,0.0028445886905189566,0.0005246285966958864,0.0010584402358159162,0.0005246285966958864,0.0004234521858066387,6.525282288849521e-05,0.49304191547481946,0.49304191547481946,0.00032624672986392156,,-0.001681717958820661,0.058279368813016985,-0.00015184249300270736,0.026762111649440756,-0.0008403407734915991,-0.0014481659522094237,-0.0011904534423272661,-0.001681717958820661,-0.0036731362086828145,-0.0011904534423272661,0.000261000860667715,0.004558564610643523,0.020129399041682094,-0.003122134490574968,0.02640098733228624,-0.0016583296317369545,-0.005355391574973556,0.020129399041682094,0.06761632492407588,0.07921902377430412,0.11242533658416298,0.02247272222250052,-0.07482340657589415,0.01621951204722516,-0.005703027550508999,0.0005649616276340863,0.027452854988086806,0.05952645581510729,0.01621951204722516,0.07602862112571718,0.09631486645342124,0.11242533658416298,0.0004697570077275559,-0.005283521090935217,-0.013370633761237816,0.17222113342453882,0.44100656649714476,0.04057100228676813,0.4040382517355484,0.033359372799997344,0.15799762112702098,-0.0031967343602126164,-0.0148363468520325,0.002389165735757537,0.001305981997130501,-0.017163959772561466,-0.017163959772561466,-0.017163959772561466,1.0,0.3977619126892591,0.26820479975698697,0.7033626924065559,-0.5690016662042898,-0.5286359620012635,0.0012952834201517271,0.005699516817212924,0.0012566725857395822,0.4313700445848825,0.0013604920584437963,0.4313700445848825,0.0010610373130948147,-0.0003710174597353344,0.0012952834201517271,0.025510995830150596,0.002085134186100124,0.002712600096668405,0.00200543465852443,0.0007176854442340064,0.005699516817212924,-0.7965001025186342,0.0017752980597369739,-0.003122134490574968,-0.008187184134599068,-0.003122134490574968,0.0005368576033888406,-0.0020405548791448958,0.027452854988086806,-0.002862585995120348,0.05952645581510729,0.0009866754736541639,0.0008184700633165898,0.011024613866002952,0.002531395449532403,0.0008250386742488791,,,0.010223714483829194,0.0008184700633165898,2.162700111763005e-05,0.002531395449532403,,-0.0031967343602126164,0.007170718530606135,0.004558564610643523,-0.0006622583931723547,0.026735344055721755,0.06518724194279879,-0.003122134490574968,0.0012952834201517271,-0.002635068221814363,0.002073095693895355
L2b_ndvi_delta,0.03335506664731269,-0.39471934098431816,-0.39609167030549197,0.04724151224797901,0.013909812045171499,0.044383499394645365,0.044383499394645365,,0.038773122430495355,0.038773122430495355,,0.01596419856410436,0.01596419856410436,,0.02028481508286295,,,-0.020658323507639187,0.0008738431676764691,,0.00022865453500631183,,,0.0033820551891877715,0.0316543220985267,,0.0005892791056426594,,-0.11272346173612258,0.11253795116874876,-0.0029226725312354596,-0.08782018995769447,0.12159368636090429,-0.08782018995769447,0.32761166198244485,0.32761166198244485,0.0695232090060095,-0.0016922104415306727,-0.0009185431875637917,-0.04627528985568219,,0.0078081761005561745,,0.020463965803238948,,0.0386668517625659,-0.22020317962199032,0.0636966189391659,0.05359262561836553,0.25761687349190876,,0.16687701467486127,,0.012861564568147577,,0.20123752153060592,,0.0410023359249011,,0.009057921510198796,,0.010476226831191537,0.005576478262877438,0.003997041176923455,,0.007188314341037394,0.00757513252285158,,0.06031021602014819,0.05599040407069378,,0.0013216172802831272,0.010315047258033228,,0.013635195969921576,0.013635195969921576,0.002095184039304754,0.002095184039304754,0.012474753492825674,0.0013860170952835205,0.017922403232544237,0.002159657532472714,0.022725346957838677,0.00045128120582937914,0.005930750867950252,0.00032234045263090927,0.006543086075153193,6.44662196338519e-05,0.005930750867950252,0.001740219871073423,0.004222313462789229,0.001450532094869672,0.0014827532770832486,0.004673588736127776,0.009831532196411419,0.006575851366165231,0.001740219871073423,0.004222313462789229,0.0014827532770832486,0.004673588736127776,0.00041903614998739513,0.00035457200528565824,0.0002901047449199723,0.00048350341135794395,0.00032234253020924086,0.2936231221579487,0.2936231221579487,0.0001289376347541893,-6.451298269838368e-05,0.0027721764223928025,0.029720211105345395,0.006640318653595156,0.01228135873528724,0.0023208899891218326,0.00241759400221786,0.006124565906768575,0.0027721764223928025,0.005905470966624193,0.006124565906768575,0.00022564267940428095,0.004867093029540137,0.11758937448359286,0.007188314341037394,0.06031021602014819,0.026464488892507188,0.011701157042845023,0.11758937448359286,0.05853477133070917,0.07474933051265464,0.05118420761360731,0.15872011997828162,0.1336403921645556,0.13548024795665492,0.008574396185622724,0.00022559592936921558,0.012571468830074983,0.03120297031422148,0.13548024795665492,0.0739753842987253,0.07371767772015247,0.05118420761360731,9.665828821725508e-05,0.008928933363919755,0.025497038745050493,0.22231659304537577,0.29375338154904096,0.005866082116545601,0.4091863527972667,0.081710874492674,0.22273562289543414,0.012152451825587551,0.14972569548180703,0.017922338940985605,0.010250550128012903,0.0006285960364953436,0.0006285960364953436,0.0006285960364953436,0.3977619126892591,1.0,-0.03181834509090464,0.31112456853026604,-0.4538346383896059,-0.5378088312490201,0.0010637274661186025,0.005221839952962437,0.0009992695451082056,0.305646906760213,0.0009347991678725354,0.305646906760213,0.0010959745919689734,-0.00907386656717546,0.0010637274661186025,0.01395750593407219,0.0013538363844167733,0.0017406462078840557,0.0011604294004640137,0.00041904861425146045,0.005221839952962437,-0.3660176530432995,0.01643964229862982,0.007188314341037394,0.013275795196867612,0.00792972118524149,0.00019336229819832962,0.008155357740302627,0.012764876929924451,0.013119499469109508,0.03120297031422148,0.016342950503908882,0.0037598767941483535,0.03118347767299634,0.0030648700977043974,0.009525277273808697,0.0057974165611198725,-0.0011295593889257827,0.025797469917259952,0.0037598767941483535,2.718794777478717e-05,0.0030648700977043974,0.0057974165611198725,0.012152451825587551,0.006221229659505667,0.004867093029540137,0.001869536144684214,0.11910459501478576,0.053375930257905546,0.007188314341037394,0.0010637274661186025,0.009766995953107704,0.0016439359704938372
L2b_plausibility_score,-0.06990829061198656,-0.17410098839358512,-0.14948671717776363,0.0037293733938589257,0.002527675710674804,0.009587127194325862,0.009587127194325862,,0.012290183965905421,0.012290183965905421,,0.00855739128134314,0.00855739128134314,,0.09042819176195216,,,0.03766932625550279,0.04105775641529974,,0.011620906368171258,,,0.17135057053760006,0.1282822923610234,,0.016940040043289417,,0.18094256513566098,-0.008114230472278994,-0.04434068232529742,-0.30924661150049504,-0.18811441311696453,-0.30924661150049504,-0.25037862723934,-0.21641632862713522,0.15603687948671074,0.014481405296032923,0.016125833704600634,0.002893843759938286,,0.01718142955257329,,0.01344863686801101,,0.0024644284641913705,-0.14737638557544086,-0.005058978690191562,-0.005058978690191562,-0.021965295361638493,,0.0326984982343026,,0.003587523291865846,,0.036939910776890406,,0.01078737019128817,,0.0029443467017407077,,0.0030780927320863682,0.02366494462845925,0.006129038456834879,,0.003623615830440796,0.003832193221789848,,0.007798690903069616,-0.009256346435757346,,0.0013118277890558083,0.0037572133038535904,,0.0032534350398348844,0.0032534350398348844,-0.0015103928864186322,-0.0015103928864186322,-0.00012678309725466796,0.0012500323099663424,0.007106570749933261,0.004722570099405576,0.0030949819554935143,0.0015559785873897614,0.0016748051607038406,0.0015559785873897614,0.004012834237364538,0.0006493410645009856,0.0016748051607038406,0.003917593435138866,-0.004183314248056735,-0.0013298925442786214,-0.0021563831302415792,-0.0008413875524402314,0.0018348646886581221,0.0002857198414218942,0.003917593435138866,-0.004183314248056735,-0.0021563831302415792,-0.0008413875524402314,-0.0012863434510870242,0.00043546341715816617,-0.00030588036283885067,-0.0005777147889602929,-0.0005672499618085691,-0.07669113558967733,-0.07669113558967733,-0.00018952347365708277,-0.002552522561549919,0.000763153097734115,-0.019354082011612483,0.00010167778913383607,-0.01062031320170731,0.00019365284511463354,9.855981284001558e-05,-0.0015914764972762008,0.000763153097734115,-0.0017005208969846919,-0.0015914764972762008,-0.0002210678353136153,0.061569999366649864,0.020175548158629097,0.003623615830440796,0.007798690903069616,0.009676930250759552,0.006213885026489119,0.020175548158629097,0.017554502184073173,0.007365507759174217,0.03404625033508979,0.006825915618303147,0.03950963472309521,0.0064021057517404945,0.0017367613098324686,-0.002115515589672823,-0.010096623055500853,-0.01934781956708842,0.0064021057517404945,0.002325399159025854,0.009465833914101607,0.03404625033508979,-0.002403411684073209,-0.004289668260227808,-0.007485113140365263,0.04625790777108185,0.06874564882962086,0.12162726733806084,0.03811186001566924,0.0874203029827223,0.046988875582472334,0.0018853548486327254,0.06205565439523575,-0.004750821216327417,-0.0030993144234523484,0.03007334857570587,0.03007334857570587,0.03007334857570587,0.26820479975698697,-0.03181834509090464,1.0,0.042516612579579394,0.02144054658349892,0.0204685665601968,0.00020026436800835157,0.0005887308617129605,0.0005060688889462206,0.0008012243559805121,0.0009541719739545318,0.0008012243559805121,2.6586450817878138e-05,-0.0147961095756024,0.00020026436800835157,-0.007477784890598471,0.0019563912726846544,0.0012035019626368548,-1.8319748194217667e-05,-8.565492398759922e-05,0.0005887308617129605,-0.16561453159099981,0.001915575125953195,0.003623615830440796,-0.0018798264824380073,0.0002548316691367569,-0.0024967644875824035,0.003790177456130639,-0.011136116020993292,0.003182017108489754,-0.01934781956708842,0.00270309511241984,0.0002628680877552192,0.011488256767472338,-0.029496022924211607,0.0218355665120733,0.015254505530861717,0.000556696823865277,0.006521704099333059,0.0002628680877552192,-0.0008578502005893718,-0.029496022924211607,0.015254505530861717,0.0018853548486327254,-0.00130027767866836,0.061569999366649864,-0.0012581376036491232,0.024034419660815542,0.027215731856249814,0.003623615830440796,0.00020026436800835157,0.0002518651505620806,0.003574769371366582
L2b_s2__lu__date_persistent_loss,-0.047419699249849234,-0.6269955429857024,-0.6333124432921415,0.029899693964768104,-0.007954285753419166,0.022052334456384215,0.022052334456384215,,0.008068588537020749,0.008068588537020749,,-0.0070323850220261885,-0.0070323850220261885,,0.01625818626883202,,,-0.027333172162152142,-0.005664849130445848,,0.003343007976439827,,,0.0004713386974322109,0.037754333287638664,,0.005159248825451379,,0.02495631890930461,-0.005619963772981906,0.00570458536860563,-0.09055408233488915,-0.035063791541109834,-0.09055408233488915,0.06459224090486138,0.06912206056149639,0.03175104839425724,0.026310456807261406,0.024022188663510913,-0.08139455193839185,,0.06764834778626039,,0.06796419490455108,,0.014002509594807644,-0.4141235476410665,,,-0.02333850461739906,,-0.01898404051916236,,-0.005948887754075205,,-0.024807900481394585,,-0.017097973694325974,,-0.005109123526062076,,-0.005167493792169298,-0.003141385625325066,-0.002159726444161736,,-0.004345806029541599,-0.0049806884792407136,,0.009446097541993437,-0.0034068322845244303,,-0.001201092411985405,-0.005015164707706576,,-0.0055773074093992125,-0.0055773074093992125,0.002355073611751024,0.002355073611751024,-0.005167051935835998,0.0030327356143330375,0.002727869275311323,0.002548358613243873,-0.0006479552725937587,-0.0002553994066387677,0.004645865893652235,-0.00010416635562471299,0.005435224692529994,0.00012023799295024507,0.004645865893652235,0.004761760847695529,0.006109921148562902,0.00043846143425863016,0.0014579599660500264,0.0017847921807701006,-0.0002122238147830302,-6.481155601889554e-05,0.004761760847695529,0.006109921148562902,0.0014579599660500264,0.0017847921807701006,0.001249327635140851,0.0010312685783546716,0.0006197636906140058,0.0013583462209824093,-0.00012647521694897357,0.45888862499127736,0.45888862499127736,0.0002603318646575703,0.0035563614440091706,-0.0020347772286097854,0.04141638743353471,-0.00040899151049211824,0.020825690649849515,-0.0010435428684267833,-0.001744898649997939,-0.0008225491245208438,-0.0020347772286097854,-0.003726376088569072,-0.0008225491245208438,0.0002280959637442903,0.001013065575093619,0.00025103737513743063,-0.004345806029541599,0.009446097541993437,-0.006908963899019849,-0.0070508583447128625,0.00025103737513743063,0.01454405606738629,0.02620834315049536,0.07797202727821018,0.02313421989680975,-0.08364321794510854,-0.019124604146546043,-0.006609194691119313,0.003753054137193068,0.021235865692765032,0.041978002778787715,-0.019124604146546043,0.022647230342819902,0.03394234804635898,0.07797202727821018,0.003719733471711839,-0.005952712100105284,-0.013434159047544858,0.12436511677704742,0.33253410381348836,0.03572678351566949,0.32497361049852713,-0.00499146597500455,0.1151909203419782,-0.0055642657009928875,-0.02329394856429179,-0.0017685869094838935,-0.002989567128643067,-0.008717360858723211,-0.008717360858723211,-0.008717360858723211,0.7033626924065559,0.31112456853026604,0.042516612579579394,1.0,-0.7191279178665946,-0.6075848874477263,0.0007025790460476466,0.005065441537683291,0.0010981106061291879,0.31106990543760926,0.0009468935771174136,0.31106990543760926,0.001065876324887416,0.0005722867948800836,0.0007025790460476466,0.0203508237665585,0.0015798577005088354,0.0022424951710496854,0.001610923964361799,0.000283849898919053,0.005065441537683291,-0.6024603818181884,-0.00024076176149523398,-0.004345806029541599,-0.008225960426637036,-0.00397802017316673,0.0038497733485565178,-0.003532014804426886,0.021117697473690855,-0.004569426883796579,0.041978002778787715,-0.0008809256141879551,0.0003870139871610112,0.0022988459579440512,0.001203361615291887,0.0011439802169690427,0.0006423744495562822,9.148110772183582e-05,0.0026732154677384656,0.0003870139871610112,2.0609014427130923e-05,0.001203361615291887,0.0006423744495562822,-0.0055642657009928875,0.004573645400228976,0.001013065575093619,-7.785039972896257e-06,0.002038945286221616,0.031083071642049265,-0.004345806029541599,0.0007025790460476466,-0.005306688888534472,0.0014989750044597239
L2b_s2__lu__loss_count,-0.032905821789232625,0.6429293142308988,0.6484654057984289,-0.03498226553034711,0.0014887866664026195,-0.017507528921220317,-0.017507528921220317,,0.0029503652285031157,0.0029503652285031157,,0.012669964810458234,0.012669964810458234,,-0.0013702884858362019,,,0.037704390121719444,0.01114028830036462,,-0.00039230379497934287,,,0.013937610588561244,-0.019602375177546483,,-0.0010626229813894827,,0.09351095583610125,-0.03671545275708854,-0.02425901367426153,0.038023181739872625,-0.06502554158169493,0.038023181739872625,-0.2654609704599087,-0.2654609704599087,0.03689077818688835,-0.007514557456577142,-0.0029576584072870116,0.07663553868056716,,-0.038357447920903676,,-0.0469316924137857,,-0.024493742169538146,0.36345828329423113,-0.033624789951866685,-0.01673549599840496,-0.094152561641204,,-0.03836250577060918,,-0.0010937116454787787,,-0.03688267886547125,,-0.002043995866882975,,0.0005657757191325219,,0.00015108177405709355,0.0016384327766927331,0.00020212158975552175,,0.0002351903171375902,0.0004691273788872685,,-0.026098772103537282,-0.020544651550782556,,0.0006597009442501633,-0.00023919542824835105,,-0.0007295057950889028,-0.0007295057950889028,-0.0026492780199514065,-0.0026492780199514065,0.0004934136465015726,-0.0024160304786762232,-0.007064675553514421,-0.0016356412760458738,-0.004847907019370545,5.538818837069748e-05,-0.0035419141618979744,7.702829845079862e-07,-0.00447410516423008,-9.40534235926993e-05,-0.0035419141618979744,-0.0018427303520820448,-0.005271332750740987,-0.0008434314513876551,-0.0008401140459208811,-0.001983175570882345,-0.00014304464157866015,-0.0005580432357989995,-0.0018427303520820448,-0.005271332750740987,-0.0008401140459208811,-0.001983175570882345,-0.0003933398166569013,-0.0006618702301046664,-0.0002499417747925392,-0.0004229366078105645,-0.00019797642921393077,-0.39897046947084935,-0.39897046947084935,-0.0001934199659925362,-0.002644396976902108,0.0005646420843063993,-0.03116838305590708,-0.0013531935934878447,-0.015607007833561948,-3.182549667246626e-05,0.00014460248689573962,-0.0005435841351248971,0.0005646420843063993,0.0001544355517800744,-0.0005435841351248971,-0.00011643000648309254,0.003625040561892723,-0.03911885832783146,0.0002351903171375902,-0.026098772103537282,-0.004650013861364988,0.0011217182941979376,-0.03911885832783146,-0.032095384898704005,-0.04558119024265084,-0.06278998285864956,-0.07362951813895902,0.016324388918999344,-0.03431097117231041,0.0011647751874156453,-0.002855169009367886,-0.01602810186019865,-0.03200248485634116,-0.03431097117231041,-0.04406708514810931,-0.04985955962547983,-0.06278998285864956,-0.0028254929461648537,0.000111569163732117,-0.0028056554155067026,-0.162852526222514,-0.2929186141289475,-0.008479316518111402,-0.33697816549907356,-0.013774518775044875,-0.1559313028450373,0.00048476187289892003,-0.025470471071212142,-0.0037993322310729827,-0.0002772414796561318,0.07180233752127907,0.07180233752127907,0.07180233752127907,-0.5690016662042898,-0.4538346383896059,0.02144054658349892,-0.7191279178665946,1.0,0.8228542014255995,-0.00018396056842329145,-0.0030929937277091035,-0.0007757009719555619,-0.32069238692831115,-0.0006664549275845477,-0.32069238692831115,-0.000644077305398838,-0.015701559020044442,-0.00018396056842329145,-0.015434521770413046,-0.001050135256661422,-0.0015511134187691233,-0.0010106420915498848,-0.000329586720983821,-0.0030929937277091035,0.5828375141361744,-0.002170038307976574,0.0002351903171375902,0.0010395023633061884,-0.00014492129743581827,-0.0029222867088687376,-0.0002660733028427842,-0.01578449146724803,-0.0003057184539516644,-0.03200248485634116,-0.001625535292464786,-0.0006072592505697028,-0.003910287475155316,-0.004752149291919139,-0.0047990813187190895,-0.0012313378331496594,-0.0004626038203221494,-0.00465363394062579,-0.0006072592505697028,-0.0007413413645314115,-0.004752149291919139,-0.0012313378331496594,0.00048476187289892003,-0.0037058927640054584,0.003625040561892723,-0.0002861319115214922,-0.04261411842413576,-0.022433146431655837,0.0002351903171375902,-0.00018396056842329145,0.00020977627260765352,-0.0006939745098464289
L2b_s2__lu__loss_fraction,-0.028222892779417474,0.5968112373163337,0.5973031332103107,-0.045786531749411497,-0.003777863277550031,-0.036065666994988366,-0.036065666994988366,,-0.01593248403625047,-0.01593248403625047,,0.004689000532941745,0.004689000532941745,,-0.01523196059333376,,,0.02436715693009328,0.001023526860716606,,-0.0004825884016164128,,,0.003391327380716458,-0.026301592750394898,,-0.0011571020836007584,,0.09410198339870723,-0.08481287488004807,0.003512181738578035,0.09863147348171375,-0.09047473748380619,0.09863147348171375,-0.37243549515095853,-0.37470024019246173,-0.02026764119720581,-0.013817863786050655,-0.009133228644692348,0.06411313269642382,,-0.04115202872716939,,-0.04667637367477062,,-0.033561796810042344,0.32860715758195924,-0.04358003246290987,-0.04020275080445379,-0.18086814481150038,,-0.11505863584225984,,-0.009946384459405655,,-0.12890824694992498,,-0.031169131172795295,,-0.007193657221546079,,-0.007770599431482728,-0.002056365320774134,-0.0024099010195195447,,-0.006650630772844668,-0.006525419646540964,,-0.045543882509587075,-0.0388693130096458,,-0.0013061508733585026,-0.007942117401115611,,-0.00980001350159565,-0.00980001350159565,-0.003681368218342529,-0.003681368218342529,-0.008301398709924745,-0.0031746195052917425,-0.01669453107221952,-0.002337001722335197,-0.01848040578202026,-0.0003807741473857984,-0.00556239961463012,-0.0003807741473857984,-0.006479218029263434,-0.00014840737921240077,-0.00556239961463012,-0.0024354801366228696,-0.005209594248174021,-0.000947368142847349,-0.0013801857494704084,-0.003066336998920116,-0.006146504350571291,-0.0050894892432933325,-0.0024354801366228696,-0.005209594248174021,-0.0013801857494704084,-0.003066336998920116,-0.0006648922832961368,-0.0004969694022745053,-0.0004677634684771004,-0.0005845974356160077,-0.0002518126155657274,-0.3850410698694875,-0.3850410698694875,-0.00019341989053001107,-0.002534855124082025,-0.0026031653713507463,-0.029545927275819617,-0.006050618686985754,-0.015441903655856182,-0.0022707911269090886,-0.002203276730915471,-0.005623802252982424,-0.0026031653713507463,-0.004603513021460115,-0.005623802252982424,-6.14259596050104e-05,-0.002624194720066697,-0.08590957083038808,-0.006650630772844668,-0.045543882509587075,-0.020811769037862637,-0.010033550093141441,-0.08590957083038808,-0.039451144910885416,-0.05868811353747372,-0.0606994241150971,-0.12842399014035366,-0.053887639583748426,-0.08462172647717292,-0.007306187932271779,-0.0027997325822253227,-0.01586296037759527,-0.030867417634058425,-0.08462172647717292,-0.05710336423371887,-0.05468048847074436,-0.0606994241150971,-0.002660917194633239,-0.005067260351677261,-0.012663616119912513,-0.2086387106089962,-0.3480581118717345,-0.01594169294575498,-0.42251453749385837,-0.06377230191732952,-0.20364221100894975,-0.009355616500074104,-0.0914777037393184,-0.014187247331972408,-0.007429540147782188,0.01677586915572038,0.01677586915572038,0.01677586915572038,-0.5286359620012635,-0.5378088312490201,0.0204685665601968,-0.6075848874477263,0.8228542014255995,1.0,-0.0008912781935146441,-0.0052016603410429685,-0.0007196452320969993,-0.3327639547820964,-0.0006648922832961368,-0.3327639547820964,-0.0007518910288117908,-0.010317385522567335,-0.0008912781935146441,-0.015805357640655382,-0.0013750671216239407,-0.0019849671251606082,-0.0012265599880227906,-0.0003290661283148477,-0.0052016603410429685,0.5400155176134422,-0.01332912945846676,-0.006650630772844668,-0.009760786003736976,-0.007031424530034913,-0.0028124744832398463,-0.007316490391019226,-0.01578293205697734,-0.009982921434434688,-0.030867417634058425,-0.012783963065657433,-0.0015229426951077762,-0.014122545250008,-0.03547920460286491,-0.034222577724647874,-0.0015354924553026006,-0.00042188061583314784,-0.01370045203582615,-0.0015229426951077762,-0.0008591256909145084,-0.03547920460286491,-0.0015354924553026006,-0.009355616500074104,-0.00549982037340313,-0.002624194720066697,-0.0014220016473640573,-0.08556573909332066,-0.03580156663694001,-0.006650630772844668,-0.0008912781935146441,-0.005676991003634724,-0.0017823857841179347
R0_dietrich28_faithful_groupkfold,-0.00011641642911652816,-0.0007669117713826612,-0.000707655805055829,0.0013597803306505396,0.0007905563541455995,0.0015123875576569246,0.0015123875576569246,,0.0013193125093261537,0.0013193125093261537,,0.0009975207621082394,0.0009975207621082394,,0.0010275297272736017,,,0.0012451087634807179,0.0024920464609989867,,-0.0007449036177487045,,,0.001065655600107851,0.0021125414475655635,,0.01914929664871834,,0.0028275782749979106,0.0016957140051624409,-0.0016998788043438573,0.0005638497353270822,-0.0005680145345083876,0.0005638497353270822,0.0016957140051624409,0.0028275782749979106,-0.0005680145345083876,0.0010435447881477211,0.0012965332221499537,-0.00028964622676319607,,9.650386989823456e-05,,0.0002252205687853781,,0.0015495216561521863,0.00011577943814455871,-5.677946854465432e-06,-0.003372700431524045,0.0025872736620825565,,0.003025889190943376,,0.028083741030999976,,0.0025678256215644346,,0.00615015626817883,,0.008579943633754361,,0.010924832643926075,-0.0018088084332730237,0.005009905728105335,,0.004546430894310616,0.010456199540698763,,0.007444574555857564,0.00890805045081522,,-0.0009014322725773294,0.014917489519641447,,0.010880844017407743,0.010880844017407743,0.1425851693235729,0.1425851693235729,0.025773658269853006,0.16670794940174483,0.005854071386128035,0.006194216945509479,0.0062875443075040005,0.1144822386781108,0.0035940796079931836,0.16048316134418306,0.0024961042192390703,0.0819849821229679,0.0035940796079931836,0.00206555057947988,-2.5535040112156793e-05,0.04729797607870578,0.07165442342521688,0.00744721347623456,0.02026748845322912,0.011222944992089423,0.00206555057947988,-2.5535040112156793e-05,0.07165442342521688,0.00744721347623456,0.05585310463887938,0.04194562866768836,0.021929756731259964,0.052754332067373344,0.023661148476536886,0.0024682841918003406,0.0024682841918003406,0.08434798471891924,-0.001147957137046518,-0.0012509468555075287,0.005600593801791676,0.0109708894955306,0.0018061822847393882,-0.0011826517977444606,0.025146652177153506,0.011850660972284488,-0.0012509468555075287,-0.001010448078809567,0.011850660972284488,0.055366773960997206,0.01403235546514947,0.004276931892925218,0.004546430894310616,0.007444574555857564,0.01561636915224951,0.0064270356920062,0.004276931892925218,0.00915352654837065,0.010600912901558623,-0.00022387165835113798,0.0020163100821385394,0.002871936333465941,0.0048618760459537835,0.013950347810173791,0.0976333176468338,0.016002409557890007,0.004958515905112426,0.0048618760459537835,0.00908356325244919,0.01023374800378174,-0.00022387165835113798,0.050121042181353714,0.014882047076213212,0.00783988841280392,0.0015621173933960675,0.0042550585500161775,0.008952128750154387,0.0033324248459223327,0.004337240222603622,0.0015495774549517671,0.0189685163231349,0.0037846403464746325,0.01811363273458788,0.017024865974604952,0.0020307831367119,0.0020307831367119,0.0020307831367119,0.0012952834201517271,0.0010637274661186025,0.00020026436800835157,0.0007025790460476466,-0.00018396056842329145,-0.0008912781935146441,1.0,0.050625896423936,0.18803366998943627,0.002569074995565357,0.13138485626776908,0.002569074995565357,0.18625931573882348,0.17935783393415183,1.0,0.055608171252052196,0.16456977663898964,0.16462375405719787,0.1889047988944107,0.21917944578753923,0.050625896423936,-0.0009198141966464402,0.007229708008629432,0.004546430894310616,0.003658051852849953,0.010571343410124223,0.0743250245087167,0.009875807896353339,0.022878684011028216,0.0021982337608708047,0.004958515905112426,0.004457672349047814,0.4518605071028119,0.0073661140535700165,0.013073569323539092,0.01480127039980883,-0.003200337618034288,-0.0009821883912888296,0.009171241653465168,0.4518605071028119,-0.0006416347738149586,0.013073569323539092,-0.003200337618034288,0.0189685163231349,0.30407733774491597,0.01403235546514947,0.1106916647716174,0.004504291878137723,0.009009760650822707,0.004546430894310616,1.0,0.022235061629525155,0.2574579962364457
R0b_prepost_single_card_groupkfold,-0.0003255949131510949,-0.0034006881779542475,-0.0032088846156077544,0.004047561824127244,0.004996268661787706,0.003989955559623115,0.003989955559623115,,0.005405839572138582,0.005405839572138582,,0.005277122843728055,0.005277122843728055,,0.0007306479678329536,,,0.0029854093631777046,0.003567347041495972,,0.003563156795600597,,,0.0003058500243964257,0.0030185603235977077,,0.007120436845386102,,0.008481499540908488,0.0005584065007102623,0.0005584065007102623,-0.0028372048022318186,0.0005584065007102623,-0.0028372048022318186,0.005085888237966407,0.00621775867228036,0.003954017803652343,0.007968883419790185,0.009170578747493385,0.0016730544482342902,,0.0010294708061818758,,0.002574071547107759,,0.005312504274341157,0.0011962768726737627,0.0016409872042744134,0.0050081339590660745,0.008339815139796869,,0.013002086923512457,,0.01673532960576285,,0.009169579261081418,,0.01933170189632516,,0.013084581455856226,,0.02143721871449722,0.010438650397640914,0.027392955789311113,,0.005053447542338163,0.007446893067307392,,0.00800871677323256,0.010495479157297316,,0.020289438061513954,0.012371502278407998,,0.017821996603901824,0.017821996603901824,0.03253495969666409,0.03253495969666409,0.009531551728947263,0.03351972633632261,0.013742028793574113,0.009892953975903063,0.013796927629417532,0.014437117164517677,0.015579966946026258,0.014437117164517677,0.012065511544226193,0.0075047371269992835,0.015579966946026258,0.021589932538376266,0.021756706702994233,0.22162753808694957,0.3569891217079634,0.026682144939569996,0.013172729939404326,0.008047267536741676,0.021589932538376266,0.021756706702994233,0.3569891217079634,0.026682144939569996,0.017035619304743843,0.006586933341765855,0.010561111822970148,0.013071736930666655,-0.0005500558988893456,0.004364418157610128,0.004364418157610128,0.007595996234678104,-0.0022377617569115937,-0.0026062623986535804,0.011295014722622065,0.005194543285845787,-0.0059716959016851145,0.004492176359711775,0.00438702136487279,0.013972020827214049,-0.0026062623986535804,0.002944279936353489,0.013972020827214049,-0.0002184071735578108,0.02821874394208901,0.00862404175562792,0.005053447542338163,0.00800871677323256,0.015980625660003467,0.00997658105032051,0.00862404175562792,0.01782241520244321,0.017709793941340757,0.002566549503385862,0.007706949054860912,0.006755499861913927,0.010033927574763513,0.005917385339929693,0.010717055174974566,-0.0020751333798438854,0.012759172399359309,0.010033927574763513,0.017405379676772137,0.015227011008865365,0.002566549503385862,0.004248441438385986,0.001378535458727459,0.006596040102181067,0.005589998266714691,0.014700287061153339,0.020905257599188043,0.011615842605782967,0.018159096261368468,0.005600061040817783,0.018841187027786255,0.008215072651573396,0.022990801999813515,0.021226493536925295,0.008251948411952092,0.008251948411952092,0.008251948411952092,0.005699516817212924,0.005221839952962437,0.0005887308617129605,0.005065441537683291,-0.0030929937277091035,-0.0052016603410429685,0.050625896423936,1.0,0.024330345692092692,0.0055463816169660785,0.020682982498418268,0.0055463816169660785,0.01697586061048706,0.02073442607138498,0.050625896423936,0.018281296257799506,0.035306418944157314,0.04313940145473005,0.02564306808157879,0.010914048306263746,1.0,-0.0034749791631296656,0.011346910102001284,0.005053447542338163,0.013044691697001398,-0.0003369385589870877,0.004145706421402551,0.01465164336259428,-0.0001562286936092061,0.00964029373237918,0.012759172399359309,0.008276667086087763,0.06303137472340814,0.012683752706916351,-0.007103570548054439,-0.0005342770984677614,0.027823917027332667,-0.0010871513742634065,0.012616603796874015,0.06303137472340814,-0.0008324896338542942,-0.007103570548054439,0.027823917027332667,0.018841187027786255,0.12340706941484547,0.02821874394208901,0.03143538968148951,0.0098804462164227,0.018804786400097306,0.005053447542338163,0.050625896423936,0.013431167997805638,0.01644849044647223
R0c_roll13_baseline+assessment,-3.491769347374607e-05,-0.000744066832193857,-0.0006850868092047602,0.000347838591246874,0.0002845914835053476,0.000547024735396695,0.000547024735396695,,0.00048266638675287243,0.00048266638675287243,,0.00048266638675287243,0.00048266638675287243,,-0.00024863464138435987,,,-0.00028439366271637567,-0.0002113470109732507,,-0.0008214976815508201,,,-0.0005908834817207609,2.6124763978008225e-05,,-0.000973893431894135,,0.002828856126555812,0.0016969933071762089,-0.0016985951509627117,-0.0005667323315829975,0.0016969933071762089,-0.0005667323315829975,0.002828856126555812,0.002828856126555812,0.0016969933071762089,0.0005375799144715643,0.00047433280672992684,3.215794624589208e-05,,-3.2200402397819516e-05,,9.651629488982572e-05,,0.00047433280672992684,-0.0002316990003283781,,,0.0009635883210088458,,0.0007678116357545672,,0.0022350392915951867,,0.0006430477519598909,,0.0010743986356583912,,-0.0011741723228884116,,-0.0012021515826192708,0.0032880854337773435,0.013329403988300736,,-0.001141125010423627,0.00539754732108555,,0.002409387147397579,0.002824803521394359,,0.021518133455869504,-0.0012040169222045094,,-0.001233467972982627,-0.001233467972982627,0.05730024777460707,0.05730024777460707,0.0023758276257180855,0.052071788137947994,0.0014226877784655478,0.007465055733474446,0.002958647069007503,0.09482825508065917,0.004403314959503635,0.19010949138795818,0.004787285504234018,0.2447380796455806,0.004403314959503635,0.0007994682876771853,0.006553012284978843,0.05586939950924141,0.08243397419168852,0.002588976014386679,0.00811638501463885,-0.001134139678983015,0.0007994682876771853,0.006553012284978843,0.08243397419168852,0.002588976014386679,0.09697555109787359,0.05663612250691141,0.09187293599852209,0.09027911384097531,0.033515994295766016,0.0008677165881065818,0.0008677165881065818,0.17007539547546402,-0.0008651386068103672,-0.0009269880342941406,0.007996823941600284,-0.0011380148678801216,0.006423161446027059,-0.0008889477390876532,0.014739922640360947,-0.0011244352777382005,-0.0009269880342941406,-0.0010375525242896089,-0.0011244352777382005,0.2498581590661232,0.005774815310675807,0.002067849320129822,-0.001141125010423627,0.002409387147397579,0.0019823246942133332,-0.0012058257429858887,0.002067849320129822,0.0036369256658442817,0.005509064433119937,0.001667038641933738,0.0016163441791166022,0.000693741164324857,0.0014239111710353525,-0.0011720940744388564,0.07160128969204982,0.013693540762303669,0.008621689294475154,0.0014239111710353525,0.00482559096459978,0.003939645910183254,0.001667038641933738,0.05974935390347891,0.003186968111704269,0.003695177896628321,0.0004648414320226335,0.002789349840983668,0.00010598300295050489,0.002038917516794192,0.0013621025397290154,0.0002044506000712376,0.00753934781459753,0.001032181743951699,0.010181663013811848,0.014582022828040664,0.0009347991678725354,0.0009347991678725354,0.0009347991678725354,0.0012566725857395822,0.0009992695451082056,0.0005060688889462206,0.0010981106061291879,-0.0007757009719555619,-0.0007196452320969993,0.18803366998943627,0.024330345692092692,1.0,0.0019511562120413384,0.6339090072018406,0.0019511562120413384,0.6021486067226169,0.03601367464842831,0.18803366998943627,0.010090258903186156,0.31346105328084817,0.2889939614964766,0.38887565462348517,0.10310742629612446,0.024330345692092692,-0.0008891215177861955,0.005069151512568371,-0.001141125010423627,0.003613401623962731,-0.0011441325263765734,0.0435642655671894,0.011281995052419336,0.017215371349153075,0.003015707416597513,0.008621689294475154,0.005353006517472059,0.06114122226262686,0.004058764940239157,0.012701869427389822,0.004152872896690862,-0.001746637722384481,-0.0008093561571769214,-0.00048646084121517497,0.06114122226262686,-0.0006613399128176933,0.012701869427389822,-0.001746637722384481,0.00753934781459753,0.12258888672780144,0.005774815310675807,0.046071940791099,0.0013639163736245408,0.004154907661397256,-0.001141125010423627,0.18803366998943627,0.005951193836472357,0.09004336621118914
R0c_roll3_assessment_only,0.0093833525698519,-0.3443790090633052,-0.33373112868013055,0.007421453228683372,-0.021799006745722993,0.01620815999874381,0.01620815999874381,,-0.00020338777047768097,-0.00020338777047768097,,-0.009535444345132982,-0.009535444345132982,,0.019092148355808414,,,-0.016636814370689423,-0.001854244522439874,,-0.0002141077632213939,,,0.02943585263027504,0.03946253983051495,,0.0006804897114894848,,0.03619765840540323,0.00563669161379543,0.011296129908537567,-0.08038677046628595,0.00790046693169233,-0.08038677046628595,0.0633629622201658,0.05430786094857831,0.0237468941569704,-0.006619547018758665,-0.002002461351807039,0.06100203155708972,,0.0444617657661488,,0.041243815223164115,,-0.00864347498235385,-0.22441948856241045,,,0.1551957215459039,,0.08217340648620286,,0.02105718314261673,,0.06170060422769286,,0.04534879369695555,,0.014846187320576854,,0.01614515315937981,-0.0016327074808737407,0.003786743545188931,,0.015775516443870874,0.01702398034452257,,0.09771974040828613,0.09406038902400848,,0.0032645464211938924,0.016720925008016252,,0.021517068165496478,0.021517068165496478,0.011718835109798098,0.011718835109798098,0.015965876491592312,0.008649213406018652,0.025220355741118583,0.005975974554803587,0.025077902716212574,0.001174539086829074,0.00635869788544019,0.001174539086829074,0.009589018187594278,0.00023926944854946175,0.00635869788544019,0.005947353602148486,0.006030012863001977,0.000971167708602394,0.0011993965941314855,0.005016205770081772,0.0050955399622270026,0.0071846783714387685,0.005947353602148486,0.006030012863001977,0.0011993965941314855,0.005016205770081772,0.0011640514456470186,0.0008547301322613388,0.0006191887027152676,0.0003840748731244181,0.0009073662206841027,0.2604041903898179,0.2604041903898179,0.0003025192987046177,0.00547257456139727,0.005983042572344277,0.06413677175735133,0.008800674637512551,0.032913067605991775,0.005463163279930461,0.005769588353446986,0.007133135144905323,0.005983042572344277,0.009748480141767657,0.007133135144905323,0.0003693407993141662,-0.002043207123445967,0.09179609609232509,0.015775516443870874,0.09771974040828613,0.03855407919294995,0.027818537494562423,0.09179609609232509,0.1494521550479304,0.20580415350818004,0.25784425298094493,0.11768731550821887,0.08373980618614596,0.19872915159722715,0.02022841227070926,0.006454759913319785,0.03339068422043412,0.06859932818534475,0.19872915159722715,0.20978931513307197,0.17596537317729743,0.25784425298094493,0.006043686944779636,0.014584002652840433,0.04452165801641128,0.19804868794675023,0.45609249045602596,0.020650061620137494,0.4035856720317125,0.12698240669697425,0.18373672509459538,0.02293768917447947,0.07591672137861072,0.0423485262145511,0.02605712437520724,-0.0371456091874145,-0.0371456091874145,-0.0371456091874145,0.4313700445848825,0.305646906760213,0.0008012243559805121,0.31106990543760926,-0.32069238692831115,-0.3327639547820964,0.002569074995565357,0.0055463816169660785,0.0019511562120413384,1.0,0.002049544307840656,1.0,0.002017907564518917,0.03065434435602432,0.002569074995565357,0.029950707133332255,0.002291345144462942,0.003301813626878758,0.0024460051315140507,0.0006437078152866649,0.0055463816169660785,-0.3430780269280682,0.020816124026837857,0.015775516443870874,0.024927699648389923,0.016417662977043168,0.0061484281361360305,0.015802645112940716,0.03399590295502719,0.018411811062642558,0.06859932818534475,0.020188550442434172,0.007841287680466436,0.04741714972105204,0.04052155321747242,0.04558586280560528,0.006830667806128621,-0.0011177053980448992,0.047906120749820924,0.007841287680466436,-0.0002785720497766597,0.04052155321747242,0.006830667806128621,0.02293768917447947,0.013593226374174039,-0.002043207123445967,-0.000414080410590989,0.14969325914694576,0.09071762556260721,0.015775516443870874,0.002569074995565357,0.01790213904763116,0.0027224492324403604
R0c_roll3_baseline+assessment,-3.491769347374607e-05,-0.0008055375979696411,-0.0006850868092047602,0.000347838591246874,0.0004110856989884004,0.0007400997813282739,0.0007400997813282739,,0.0007400997813282739,0.0007400997813282739,,0.0004183080381090498,0.0004183080381090498,,0.00012126171102300187,,,6.74738477435266e-05,0.0005312702544212344,,-0.0008567348881485248,,,4.8079384692090166e-05,0.00047287353348979266,,-0.0010238204398564932,,-6.407374117944897e-07,-0.0011325033754847613,-0.0011325033754847613,-0.0011325033754847613,-6.407374117944897e-07,-0.0011325033754847613,0.002263084538734028,0.002263084538734028,-6.407374117944897e-07,0.000347838591246874,0.0006008270222130907,9.651629488982572e-05,,9.651629488982572e-05,,0.00016087464353364833,,0.00047433280672992684,-0.0002316990003283781,,,0.000735197988568026,,0.001336742469896346,,0.0022350392915951867,,0.0006430477519598909,,0.004622979812796357,,-0.0011741723228884116,,0.003267500879803098,-0.0012016078750796133,0.006101047973563034,,0.005577942942666447,0.00539754732108555,,0.004002982375596598,0.0037438590020197893,,0.021518133455869504,-0.0012040169222045094,,0.0020818746361994656,0.0020818746361994656,0.06564272345801758,0.06564272345801758,0.009578890242138871,0.04321264597101293,0.004096254879460304,0.007465055733474446,0.005071022816742654,0.19010949138795818,0.006287130825237797,0.19010949138795818,0.006298618403999812,0.2447380796455806,0.006287130825237797,0.0007994682876771853,0.006553012284978843,0.07006685214820019,0.05860109040445971,0.004507074137436007,0.012773115601424578,-0.001134139678983015,0.0007994682876771853,0.006553012284978843,0.05860109040445971,0.004507074137436007,0.07256948491132964,0.0280493383404542,0.09187293599852209,0.0675360916869997,-0.0003957252026280944,0.00037604182632711147,0.00037604182632711147,0.12751515934600066,-0.0008651386068103672,-0.0009269880342941406,0.004904062675634924,-0.0011380148678801216,0.006423161446027059,-0.0008889477390876532,0.014739922640360947,-0.0011244352777382005,-0.0009269880342941406,-0.0010375525242896089,-0.0011244352777382005,0.2498581590661232,0.003429944592068912,0.0026653538510228447,0.005577942942666447,0.004002982375596598,0.005243820365147256,0.003128398610879879,0.0026653538510228447,0.004312502391576545,0.005744446903076628,0.001667038641933738,0.001909921671087722,0.0010964436663742916,0.0020565887352353984,0.0044054663382321335,0.10061374938917322,0.017422487678136256,0.005791201612232344,0.0020565887352353984,0.00394801212065321,0.004396764016695309,0.001667038641933738,0.05974935390347891,0.003186968111704269,0.003695177896628321,0.0008900669738280964,0.002913876645449065,0.00010598300295050489,0.0018666101688452619,0.0018982359850369113,0.0006282184758817921,0.01191142117224242,0.0012935206107289599,0.00789306570286108,0.006682880726461837,0.001063739922343765,0.001063739922343765,0.001063739922343765,0.0013604920584437963,0.0009347991678725354,0.0009541719739545318,0.0009468935771174136,-0.0006664549275845477,-0.0006648922832961368,0.13138485626776908,0.020682982498418268,0.6339090072018406,0.002049544307840656,1.0,0.002049544307840656,0.5298119897630928,-0.0014305825058023025,0.13138485626776908,0.010090258903186156,0.2803748389811299,0.24757613401083456,0.3357344071994405,0.06861155807674468,0.020682982498418268,-0.0008198102666854279,0.005069151512568371,0.005577942942666447,0.003613401623962731,0.005464079569507119,0.0435642655671894,0.011281995052419336,0.02090311854859339,0.003015707416597513,0.005791201612232344,0.005353006517472059,0.0864467472708269,0.0038291217914748765,0.013073569323539092,0.007923792357224624,-0.0014745378903575634,-0.0007553583231045824,-0.0006737281433115694,0.0864467472708269,-0.0006416347738149586,0.013073569323539092,-0.0014745378903575634,0.01191142117224242,0.10571559608795145,0.003429944592068912,0.03258885868213923,0.0017764906696899896,0.004154907661397256,0.005577942942666447,0.13138485626776908,0.009539817685438101,0.09004336621118914
R0c_roll7_assessment_only,0.0093833525698519,-0.3443790090633052,-0.33373112868013055,0.007421453228683372,-0.021799006745722993,0.01620815999874381,0.01620815999874381,,-0.00020338777047768097,-0.00020338777047768097,,-0.009535444345132982,-0.009535444345132982,,0.019092148355808414,,,-0.016636814370689423,-0.001854244522439874,,-0.0002141077632213939,,,0.02943585263027504,0.03946253983051495,,0.0006804897114894848,,0.03619765840540323,0.00563669161379543,0.011296129908537567,-0.08038677046628595,0.00790046693169233,-0.08038677046628595,0.0633629622201658,0.05430786094857831,0.0237468941569704,-0.006619547018758665,-0.002002461351807039,0.06100203155708972,,0.0444617657661488,,0.041243815223164115,,-0.00864347498235385,-0.22441948856241045,,,0.1551957215459039,,0.08217340648620286,,0.02105718314261673,,0.06170060422769286,,0.04534879369695555,,0.014846187320576854,,0.01614515315937981,-0.0016327074808737407,0.003786743545188931,,0.015775516443870874,0.01702398034452257,,0.09771974040828613,0.09406038902400848,,0.0032645464211938924,0.016720925008016252,,0.021517068165496478,0.021517068165496478,0.011718835109798098,0.011718835109798098,0.015965876491592312,0.008649213406018652,0.025220355741118583,0.005975974554803587,0.025077902716212574,0.001174539086829074,0.00635869788544019,0.001174539086829074,0.009589018187594278,0.00023926944854946175,0.00635869788544019,0.005947353602148486,0.006030012863001977,0.000971167708602394,0.0011993965941314855,0.005016205770081772,0.0050955399622270026,0.0071846783714387685,0.005947353602148486,0.006030012863001977,0.0011993965941314855,0.005016205770081772,0.0011640514456470186,0.0008547301322613388,0.0006191887027152676,0.0003840748731244181,0.0009073662206841027,0.2604041903898179,0.2604041903898179,0.0003025192987046177,0.00547257456139727,0.005983042572344277,0.06413677175735133,0.008800674637512551,0.032913067605991775,0.005463163279930461,0.005769588353446986,0.007133135144905323,0.005983042572344277,0.009748480141767657,0.007133135144905323,0.0003693407993141662,-0.002043207123445967,0.09179609609232509,0.015775516443870874,0.09771974040828613,0.03855407919294995,0.027818537494562423,0.09179609609232509,0.1494521550479304,0.20580415350818004,0.25784425298094493,0.11768731550821887,0.08373980618614596,0.19872915159722715,0.02022841227070926,0.006454759913319785,0.03339068422043412,0.06859932818534475,0.19872915159722715,0.20978931513307197,0.17596537317729743,0.25784425298094493,0.006043686944779636,0.014584002652840433,0.04452165801641128,0.19804868794675023,0.45609249045602596,0.020650061620137494,0.4035856720317125,0.12698240669697425,0.18373672509459538,0.02293768917447947,0.07591672137861072,0.0423485262145511,0.02605712437520724,-0.0371456091874145,-0.0371456091874145,-0.0371456091874145,0.4313700445848825,0.305646906760213,0.0008012243559805121,0.31106990543760926,-0.32069238692831115,-0.3327639547820964,0.002569074995565357,0.0055463816169660785,0.0019511562120413384,1.0,0.002049544307840656,1.0,0.002017907564518917,0.03065434435602432,0.002569074995565357,0.029950707133332255,0.002291345144462942,0.003301813626878758,0.0024460051315140507,0.0006437078152866649,0.0055463816169660785,-0.3430780269280682,0.020816124026837857,0.015775516443870874,0.024927699648389923,0.016417662977043168,0.0061484281361360305,0.015802645112940716,0.03399590295502719,0.018411811062642558,0.06859932818534475,0.020188550442434172,0.007841287680466436,0.04741714972105204,0.04052155321747242,0.04558586280560528,0.006830667806128621,-0.0011177053980448992,0.047906120749820924,0.007841287680466436,-0.0002785720497766597,0.04052155321747242,0.006830667806128621,0.02293768917447947,0.013593226374174039,-0.002043207123445967,-0.000414080410590989,0.14969325914694576,0.09071762556260721,0.015775516443870874,0.002569074995565357,0.01790213904763116,0.0027224492324403604
R0c_roll7_baseline+assessment,8.920644845034076e-07,-0.0006281926335831578,-0.000569213257175738,0.000505955860821361,0.00012647321418246538,0.0007722784382921954,0.0007722784382921954,,0.0007079200896150661,0.0007079200896150661,,0.00032176999755206825,0.00032176999755206825,,-0.00010570572769985631,,,-0.00014227896539908969,-6.906735202338865e-05,,-0.0007648716545363143,,,-0.00026562026023735363,-0.00010245260463204175,,-0.000895305559541093,,0.0022627648949471446,0.001130901894260794,-9.611064255565793e-07,-9.611064255565793e-07,0.001130901894260794,-9.611064255565793e-07,0.003394627895633495,0.003394627895633495,0.001130901894260794,0.0005692029685945288,0.00012647321418246538,-0.00012873844318805894,,6.433660284332898e-05,,0.00019305330019769862,,0.0003162145375018577,-0.00011586887845482785,,,0.0008171700065616738,,0.000925244382834034,,0.009118454874685655,,0.0008562171293883258,,-0.00013987909575807755,,-0.0011995457005822274,,-0.0012287623109401569,-0.0012281942717409233,-0.0011506762486699351,,-0.0011650756432972642,0.005352237360420675,,0.0013147562352602282,0.002792276941995131,,-0.000729554785469988,-0.0012307112134863907,,-0.0012614993580868372,-0.0012614993580868372,0.08196123006924316,0.08196123006924316,0.0023417854153755524,0.051817212709410865,-0.0012797169129850072,0.007406948128498292,0.0008145555557652617,0.15586459118116403,0.010015191793717237,0.1871288655818617,0.009283869510450349,0.19982995295238504,0.010015191793717237,0.002809699097552576,0.010412471827777714,0.05545453876715234,0.04638545398556326,0.0025561822636130938,0.0034225883417003944,-0.001157794945236823,0.002809699097552576,0.010412471827777714,0.04638545398556326,0.0025561822636130938,0.0716800823527729,0.055825805731383404,0.09046980097420387,0.06676114316923687,-0.0003986219071212549,0.0010327670738623507,0.0010327670738623507,0.12485470288222023,-0.0008791047222014292,-0.000942731184832013,0.0033239607607205013,-0.0011618337609526908,0.006381408485668816,-0.0009034152322262567,0.014604115759921599,-0.0011476833086634386,-0.000942731184832013,-0.0009553693731199076,-0.0011476833086634386,0.28557872833623665,-0.0012890518758439384,0.001238946483043235,-0.0011650756432972642,0.0013147562352602282,0.0019495965779317004,-0.0012326011931806935,0.001238946483043235,0.0036045062654227467,0.005241110874009025,0.0005153311095301705,0.0017308803525203365,0.0002588400766063703,0.0009699162064731315,-0.0011973767444262151,0.07106478088179324,0.01363870743640716,0.002927392300521192,0.0009699162064731315,0.0036961975234717226,0.0036786575167674362,0.0005153311095301705,0.04422739967795053,0.0031507701017319256,0.003661848076029095,0.0007727918116101629,0.0027570709744866306,0.0014652928016801736,0.0019205216344416742,0.001687268218206861,0.0004264847081631995,0.007493800959676555,0.0007386264931844577,0.003281453080394181,0.0026983960582870337,0.0010959745919689734,0.0010959745919689734,0.0010959745919689734,0.0010610373130948147,0.0010959745919689734,2.6586450817878138e-05,0.001065876324887416,-0.000644077305398838,-0.0007518910288117908,0.18625931573882348,0.01697586061048706,0.6021486067226169,0.002017907564518917,0.5298119897630928,0.002017907564518917,1.0,0.017648231817789184,0.18625931573882348,0.010046522072009068,0.3272829444724207,0.30070824745017255,0.38544938443739807,0.10135099810746051,0.01697586061048706,-0.0009118883974088554,0.0018825433045860374,-0.0011650756432972642,-0.0010532288198115136,-0.0011682109047457256,0.04322231016262024,0.011219264713706711,0.020835484079965827,-0.0012357115752967829,0.002927392300521192,0.0020260988819886805,0.09049220190162033,-0.0005366091982419441,0.016659007352941235,0.00769090839239206,-0.001991654021244349,-0.0008498583569405138,-0.0005336579752683868,0.09049220190162033,-0.0006551695333063545,0.016659007352941235,-0.001991654021244349,0.007493800959676555,0.10539414351045362,-0.0012890518758439384,0.03245306352062238,0.0011254074526489966,0.0034201318064417396,-0.0011650756432972642,0.18625931573882348,0.005910860912457516,0.10235661107998395
R1_geographic_70_30,-0.0001964065153627903,0.006796315274246956,0.0028874226439796757,-0.01736759592349868,-0.015619356384644734,-0.015102721688265541,-0.015102721688265541,,-0.016193467683632612,-0.016193467683632612,,-0.014634600748936188,-0.014634600748936188,,0.0007593826539890047,,,0.0025961224081474388,0.0035437312518650232,,-0.0015870303000706798,,,-0.00022295513552128554,0.00023521209880184024,,-0.001906390451872353,,0.005418879375745034,0.0032276048238020216,-0.006210694894730917,-0.006215061977014713,0.00205756024793613,-0.006215061977014713,0.005838104861344839,0.006446287488699243,0.0037436960490083715,-0.01617239443020968,-0.016439818124847072,-0.018700644551576273,,-0.01823102290734613,,-0.0181967539268324,,-0.01676638584451773,0.010551571204238774,,,0.03287956992285057,,0.10476234951188623,,0.05173916729178696,,0.07897323783467414,,0.061547680075349276,,0.014592876617611217,,0.011984725528302875,-0.003477749510515382,0.014592876617611217,,-0.0012382378382649328,0.019180988848597536,,0.02254887175678555,0.08371977375964179,,,0.011718305586104982,,0.008182083990807776,0.008182083990807776,0.8901973342065219,0.8901973342065219,0.0075645040731945334,0.89397722301925,0.00337295616410882,-0.0031667550174141468,-0.013185298575048687,,-0.013618803563740567,,-0.014444057448421477,-0.00021701313737509942,-0.013618803563740567,-0.01255774133762344,-0.013364634969148748,-0.003477749510515382,0.011456149103706292,0.0026157290889209373,0.006220211102453188,-0.0025105212824203527,-0.01255774133762344,-0.013364634969148748,0.011456149103706292,0.0026157290889209373,0.014908321649566236,0.01692483652265464,-0.0021640016031190257,0.01555626613299399,0.0204126868059048,-0.018027441981018466,-0.018027441981018466,0.020840187139201327,0.9311570684579968,-0.00021701313737509942,-0.015695679479107882,-0.0021640016031190257,0.9311570684579968,-0.00042959645354412324,-0.00021701313737509942,-0.0012382378382649328,-0.00021701313737509942,-0.0007152610702907403,-0.0012382378382649328,-0.00021701313737509942,0.06873062268642893,0.050280999804111826,-0.0012382378382649328,0.02254887175678555,0.06765297440220874,0.018786526918500357,0.050280999804111826,0.10365969104677564,0.09507358073000405,-0.018479507267827877,-0.011909872293270674,0.08879811547448191,0.11957676537337203,-0.00042959645354412324,0.9102270406468456,0.9258368552169641,-0.015709709156077167,0.11957676537337203,0.09184666259158347,0.09280454861493681,-0.018479507267827877,0.9153728105579401,-0.003477749510515382,-0.004988815654101586,0.0491729318755052,0.026136202590862467,0.43000627263889624,0.015416332252222942,0.05974262229858829,0.04834177825124364,0.013678900864811938,0.06199811883398665,-0.003070347516971772,0.0056819939570808,0.029390931422359268,0.029390931422359268,0.029390931422359268,-0.0003710174597353344,-0.00907386656717546,-0.0147961095756024,0.0005722867948800836,-0.015701559020044442,-0.010317385522567335,0.17935783393415183,0.02073442607138498,0.03601367464842831,0.03065434435602432,-0.0014305825058023025,0.03065434435602432,0.017648231817789184,1.0,0.17935783393415183,0.8947257861228711,0.050425862922425346,0.06531169940222037,0.055102512774202084,0.018020365230535296,0.02073442607138498,-0.0019080659150043644,-0.009368275612131605,-0.0012382378382649328,-0.001341954373551335,0.018786526918500357,0.911202948868193,0.01692483652265464,0.9205757625893642,-0.006080807058778781,-0.015709709156077167,-0.0084193673438826,,,0.9101935523379759,-0.007317457162360874,,-0.0031152647975076775,,,0.03978072191805637,0.9101935523379759,,0.013678900864811938,0.1379568560394565,0.06873062268642893,0.07922124166691136,0.05223104968102443,-0.0069513443960973476,-0.0012382378382649328,0.17935783393415183,-0.004753055987460009,0.0808926575390525
R1_groupkfold,-0.00011641642911652816,-0.0007669117713826612,-0.000707655805055829,0.0013597803306505396,0.0007905563541455995,0.0015123875576569246,0.0015123875576569246,,0.0013193125093261537,0.0013193125093261537,,0.0009975207621082394,0.0009975207621082394,,0.0010275297272736017,,,0.0012451087634807179,0.0024920464609989867,,-0.0007449036177487045,,,0.001065655600107851,0.0021125414475655635,,0.01914929664871834,,0.0028275782749979106,0.0016957140051624409,-0.0016998788043438573,0.0005638497353270822,-0.0005680145345083876,0.0005638497353270822,0.0016957140051624409,0.0028275782749979106,-0.0005680145345083876,0.0010435447881477211,0.0012965332221499537,-0.00028964622676319607,,9.650386989823456e-05,,0.0002252205687853781,,0.0015495216561521863,0.00011577943814455871,-5.677946854465432e-06,-0.003372700431524045,0.0025872736620825565,,0.003025889190943376,,0.028083741030999976,,0.0025678256215644346,,0.00615015626817883,,0.008579943633754361,,0.010924832643926075,-0.0018088084332730237,0.005009905728105335,,0.004546430894310616,0.010456199540698763,,0.007444574555857564,0.00890805045081522,,-0.0009014322725773294,0.014917489519641447,,0.010880844017407743,0.010880844017407743,0.1425851693235729,0.1425851693235729,0.025773658269853006,0.16670794940174483,0.005854071386128035,0.006194216945509479,0.0062875443075040005,0.1144822386781108,0.0035940796079931836,0.16048316134418306,0.0024961042192390703,0.0819849821229679,0.0035940796079931836,0.00206555057947988,-2.5535040112156793e-05,0.04729797607870578,0.07165442342521688,0.00744721347623456,0.02026748845322912,0.011222944992089423,0.00206555057947988,-2.5535040112156793e-05,0.07165442342521688,0.00744721347623456,0.05585310463887938,0.04194562866768836,0.021929756731259964,0.052754332067373344,0.023661148476536886,0.0024682841918003406,0.0024682841918003406,0.08434798471891924,-0.001147957137046518,-0.0012509468555075287,0.005600593801791676,0.0109708894955306,0.0018061822847393882,-0.0011826517977444606,0.025146652177153506,0.011850660972284488,-0.0012509468555075287,-0.001010448078809567,0.011850660972284488,0.055366773960997206,0.01403235546514947,0.004276931892925218,0.004546430894310616,0.007444574555857564,0.01561636915224951,0.0064270356920062,0.004276931892925218,0.00915352654837065,0.010600912901558623,-0.00022387165835113798,0.0020163100821385394,0.002871936333465941,0.0048618760459537835,0.013950347810173791,0.0976333176468338,0.016002409557890007,0.004958515905112426,0.0048618760459537835,0.00908356325244919,0.01023374800378174,-0.00022387165835113798,0.050121042181353714,0.014882047076213212,0.00783988841280392,0.0015621173933960675,0.0042550585500161775,0.008952128750154387,0.0033324248459223327,0.004337240222603622,0.0015495774549517671,0.0189685163231349,0.0037846403464746325,0.01811363273458788,0.017024865974604952,0.0020307831367119,0.0020307831367119,0.0020307831367119,0.0012952834201517271,0.0010637274661186025,0.00020026436800835157,0.0007025790460476466,-0.00018396056842329145,-0.0008912781935146441,1.0,0.050625896423936,0.18803366998943627,0.002569074995565357,0.13138485626776908,0.002569074995565357,0.18625931573882348,0.17935783393415183,1.0,0.055608171252052196,0.16456977663898964,0.16462375405719787,0.1889047988944107,0.21917944578753923,0.050625896423936,-0.0009198141966464402,0.007229708008629432,0.004546430894310616,0.003658051852849953,0.010571343410124223,0.0743250245087167,0.009875807896353339,0.022878684011028216,0.0021982337608708047,0.004958515905112426,0.004457672349047814,0.4518605071028119,0.0073661140535700165,0.013073569323539092,0.01480127039980883,-0.003200337618034288,-0.0009821883912888296,0.009171241653465168,0.4518605071028119,-0.0006416347738149586,0.013073569323539092,-0.003200337618034288,0.0189685163231349,0.30407733774491597,0.01403235546514947,0.1106916647716174,0.004504291878137723,0.009009760650822707,0.004546430894310616,1.0,0.022235061629525155,0.2574579962364457
R1_random_cv,0.0005631049171322955,-0.015267241274422805,-0.014740365387025056,-0.012554888338290215,-0.013693336633995301,0.0006112764911005986,0.0006112764911005986,,0.0004825597800842685,0.0004825597800842685,,-0.0008046073300795875,-0.0008046073300795875,,0.01348196240598476,,,0.0056597240139226734,0.011392657963821828,,-0.0019734478495321284,,,0.01110540318959996,0.018415207520941612,,-0.0031629517190467915,,0.0011305818876553575,-0.0022650082022448448,-0.0011331448389448884,-0.0011331448389448884,-0.0022650082022448448,-0.0011331448389448884,0.002262445250955536,0.0033943086142556034,-0.0022650082022448448,-0.012428394083211947,-0.012301899828133678,-0.0027997163508333145,,-0.004473033594046383,,-0.00389380839447262,,-0.012365146955672701,-0.013243543036057792,-0.0016863454282722845,0.0016806674975371472,0.0020375859925166884,,0.011081354415701572,,-0.0009952906645205317,,0.0027421238383065205,,-0.004573587876213869,,-0.0049057565376973145,,-0.006192739470772146,-0.004244298056255591,-0.005600911025598565,,-0.005959419647113329,-0.003880515948028851,,0.01919403185568469,0.027962657493123766,,-0.0014701835336097258,-0.004386838949160143,,-0.0064414876980543045,-0.0064414876980543045,0.21891965741185215,0.21891965741185215,-0.0006159410076609362,0.21564210496743463,0.005439254819705086,0.01916952579383402,0.007267187440766043,0.010944887710503393,-0.005731708111546885,0.008040173724337518,-0.006800568636399218,0.008641055103508766,-0.005731708111546885,-0.007443326479765311,-0.007840903041699265,0.005086577430953976,0.011779235241897057,-0.004340329056399028,-0.003984845276997273,0.007772068661569764,-0.007443326479765311,-0.007840903041699265,0.011779235241897057,-0.004340329056399028,-0.0012229952807774058,-0.0008796582652925711,-0.0007331533929058054,0.004219608964658894,-0.0005545824033996727,-0.014721070492956567,-0.014721070492956567,0.005756566250812001,0.21715079844380458,-0.0027009801063786476,-0.00964971367918932,0.007580969106298241,0.8550928748099412,0.0030986024308375937,-0.0024773059307936496,0.005934865502531084,-0.0027009801063786476,-0.004757341091129463,0.005934865502531084,0.0057169012036764055,0.006311916784539462,0.024475530800955658,-0.005959419647113329,0.01919403185568469,0.0029435070840814204,-0.0044960611785564986,0.024475530800955658,0.00858470707464365,0.03737193315170073,0.026243787183490297,0.0016604468384793236,0.00858808405228828,0.037503374428653924,-0.0069133709721234116,0.2405232706151601,0.8505333684631556,-0.0012902984757185987,0.037503374428653924,0.021907307476696225,0.009218912590366113,0.026243787183490297,0.2317205949169303,-0.006304806835726318,-0.004225665440674042,0.015942098040714336,0.0362315199666019,0.06799270773211996,0.02736997682507636,0.018816692132856083,0.014891300734893087,-0.0006363411677388076,0.011669967936275616,0.00045116245788467957,-0.008797775889940684,-0.0013219782657136747,-0.0013219782657136747,-0.0013219782657136747,0.025510995830150596,0.01395750593407219,-0.007477784890598471,0.0203508237665585,-0.015434521770413046,-0.015805357640655382,0.055608171252052196,0.018281296257799506,0.010090258903186156,0.029950707133332255,0.010090258903186156,0.029950707133332255,0.010046522072009068,0.8947257861228711,0.055608171252052196,1.0,0.011153093590156593,0.0127552318961337,0.014212274479133757,0.01410302923516582,0.018281296257799506,-0.014943952210213496,0.009497034866965404,-0.005959419647113329,-0.008853696463400285,-0.0038239728201765466,0.23071240206630794,0.004518182452594388,0.8495463161905935,-0.0009382154673200915,-0.0012902984757185987,0.01517309829252489,0.07514819384365856,-0.0013183209122207273,0.9643671973957705,0.0011028339651651953,-0.004488518899318006,-0.0009065669443026891,-0.004688618871680372,0.07514819384365856,0.00687694944484063,0.9643671973957705,-0.004488518899318006,-0.0006363411677388076,0.06905750716680203,0.006311916784539462,0.018090810062106333,0.02363795390676693,-0.004708752594193566,-0.005959419647113329,0.055608171252052196,-0.002388255337936629,0.030370323406440414
R2_roll13,-6.564330818759068e-05,-0.0012355093532030459,-0.0011191799846383965,0.0006956781961254821,6.32071063761952e-05,0.0009653338285143809,0.0009653338285143809,,0.0005148253789105661,0.0005148253789105661,,0.00045046702896711643,0.00045046702896711643,,0.0008975671971065413,,,-0.00012207283338638852,0.0012492442517243463,,-0.0011879463048269923,,,0.00028502080102732474,0.00194340324086828,,-0.0015354809381729062,,0.0016969933071762089,0.0005651304877966057,0.0005651304877966057,-0.0005667323315829975,-0.0005667323315829975,-0.0005667323315829975,0.0016969933071762089,0.0016969933071762089,0.0005651304877966057,0.0005059368692006405,0.00044268976022576734,-0.00025747482041027503,,-0.0001287581205235977,,-6.439977058003699e-05,,0.0006324310871504979,-0.0002703597379241085,0.0016806674975371472,0.0016806674975371472,0.0008488064866182254,,0.00046094078380498615,,0.01074559968682498,,0.001961738400305446,,0.0010069392215746875,,-0.002071205794855535,,-0.0021598801531854672,-0.0021581256678575578,0.01075295633219997,,-0.0019705405151420052,0.0038238150285769823,,0.0037857310149433943,0.001565728267880262,,0.014538551750332918,0.0018914428348137946,,-0.0022631136418949094,-0.0022631136418949094,0.06997389825778288,0.06997389825778288,0.0011317511640657196,0.051121891298301025,0.0002215406386225638,0.012852298584852373,0.0016868517215400392,0.21525806442606832,0.01038227007502035,0.21525806442606832,0.00937098105403611,0.18162996234434148,0.01038227007502035,-0.002336751781574886,0.01269903610918921,0.04309950790570516,0.05650654683072365,0.006906751565880276,0.00640351520376814,-0.0019498026865072404,-0.002336751781574886,0.01269903610918921,0.05650654683072365,0.006906751565880276,0.04877133888310281,0.017687430131631654,0.037899836797581576,0.04635122061736907,-0.00046489599404941906,0.0012077985756300258,0.0012077985756300258,0.06960322092675575,-0.0012822209317484567,-0.0014086305030129864,0.0005756938175122128,-0.0019612844778926775,0.0049032320927747675,-0.0013226247961446447,0.010646875535467726,-0.0019212956157608208,-0.0014086305030129864,-0.0018344009736503963,-0.0019212956157608208,0.13775551847557044,0.002136471369280857,0.0016065800885326498,-0.0019705405151420052,0.0037857310149433943,0.002325189313279963,-0.002171769492074649,0.0016065800885326498,0.00641720258958367,0.00705732058376074,0.0017150161167032163,0.0015331216762582978,-0.00029278393418774584,0.001221467646214891,-0.002064747863363303,0.06647728894462035,0.01517412594880696,0.0016937086886394948,0.001221467646214891,0.005748952923040229,0.006323372977187214,0.0017150161167032163,0.045473658617020685,-0.0021667563771246012,0.0024179950409886075,0.0009937278532131666,0.004392672594906499,0.0029807203591190046,0.0027626493652312956,0.003673885995895132,0.0007273184622542672,0.009930172109267943,0.00042948951637600263,0.0086080388148152,0.01247847765554777,0.002063010548378763,0.002063010548378763,0.002063010548378763,0.002085134186100124,0.0013538363844167733,0.0019563912726846544,0.0015798577005088354,-0.001050135256661422,-0.0013750671216239407,0.16456977663898964,0.035306418944157314,0.31346105328084817,0.002291345144462942,0.2803748389811299,0.002291345144462942,0.3272829444724207,0.050425862922425346,0.16456977663898964,0.011153093590156593,1.0,0.6299055634078687,0.6311369073061723,0.040811820117611974,0.035306418944157314,-0.0014091043366917244,0.0036702989520477347,-0.0019705405151420052,0.0021726916696982457,-0.001979526071614668,0.021625458399572195,0.00909121696693116,0.014991101817534047,0.001725696066589899,0.0016937086886394948,0.003931277694463442,0.09323748802056264,0.0029496832821526153,0.014137842505718257,-0.0011994656485467825,0.10370037677470856,-0.0008093561571769214,-0.0013842160310306717,0.09323748802056264,-0.0007343424422394662,0.014137842505718257,0.10370037677470856,0.009930172109267943,0.14511067429825653,0.002136471369280857,0.05174360620515517,0.0009329487519396107,0.006951581807416507,-0.0019705405151420052,0.16456977663898964,0.007834466647424265,0.09191915304945042
R2_roll3,-4.305561767625754e-05,-0.001607848348333274,-0.0014926171551321588,0.0006956662036942118,-6.329911311309111e-05,0.0007078880113459141,0.0007078880113459141,,0.001287113168034093,0.001287113168034093,,0.0008366047128322007,0.0008366047128322007,,0.0004334527632368079,,,0.00030373524552118614,0.0011897317875076974,,-0.0012969453491038507,,,0.00022022720630587855,0.002136403553071098,,-0.0017226322306658215,,0.0022627648949471446,0.001130901894260794,-0.00226468710779848,-0.0011328241071120182,0.001130901894260794,-0.0011328241071120182,0.0022627648949471446,0.0022627648949471446,-9.611064255565793e-07,0.0003794306550244375,0.00031618354529050485,-0.00019312889905798158,,0.00012866285465762406,,0.00032173790688705406,,0.0006956662036942118,-0.0007336862277287359,0.0016806674975371472,0.0016806674975371472,0.0013308228750630313,,0.0013916961262401273,,0.012828072674710533,,0.002046348536540843,,0.001406284776608202,,-0.002542423840718344,,-0.002677350684077151,-0.002674655326178943,0.00945968008791609,,-0.002392402421636186,0.0030196928053891625,,0.004056663536625038,0.003977553771291609,,0.01201111070450922,0.005056133186897016,,-0.0028378132214170737,-0.0028378132214170737,0.07056080677965992,0.07056080677965992,0.00368306054048384,0.05333170280461941,-0.00046142221243306025,0.011314092573912582,0.0009516953828972996,0.1900110521767716,0.01660261838462551,0.2217753246404276,0.01573739817253894,0.1426557342232324,0.01660261838462551,-0.0010465105087362758,0.01173872485147709,0.047483955154240864,0.05023069432122973,0.006071599418446927,0.01361791423518699,-0.002361903559112921,-0.0010465105087362758,0.01173872485147709,0.05023069432122973,0.006071599418446927,0.06809888157305188,0.029379127684753592,0.046286874644009934,0.05200967681375013,0.015915918018667652,0.0015301864281478395,0.0015301864281478395,0.07256089513278874,-0.0014520512352056425,-0.0016118002375080653,0.002803929186858456,-0.0023787727210100584,0.004066987167546943,-0.0015001787644337572,0.008957822171636654,-0.0023202016790691005,-0.0016118002375080653,-0.002121577062285551,-0.0023202016790691005,0.08990132815807106,0.005768953415701272,0.0032156438863194525,-0.002392402421636186,0.004056663536625038,0.0031239332815676812,-0.0026956435625824504,0.0032156438863194525,0.008102277426159654,0.007914938613250988,0.0016872363768993814,0.0023717542974318606,0.0006778208375046724,0.0033904650195487607,-0.0025327000664190358,0.05817773742944743,0.017276468974505965,0.0036606960776869313,0.0033904650195487607,0.008027446367780411,0.008272475203824348,0.0016872363768993814,0.039522968623506904,0.008903843392649047,0.00553347686921668,0.0015804929077308794,0.005482636922608752,0.0035484800813695427,0.0032805678711214092,0.003968206503434213,0.001394190486537994,0.008856782347184011,0.0012229187193729674,0.011980277705019082,0.011325301519111819,0.0027077018980727896,0.0027077018980727896,0.0027077018980727896,0.002712600096668405,0.0017406462078840557,0.0012035019626368548,0.0022424951710496854,-0.0015511134187691233,-0.0019849671251606082,0.16462375405719787,0.04313940145473005,0.2889939614964766,0.003301813626878758,0.24757613401083456,0.003301813626878758,0.30070824745017255,0.06531169940222037,0.16462375405719787,0.0127552318961337,0.6299055634078687,1.0,0.5903579340095604,0.049147409675184606,0.04313940145473005,-0.0018885067894371943,0.0028858938149473046,-0.002392402421636186,0.0015845047405860235,-0.002405660081678196,0.028757202835198448,0.013169741096093035,0.02369127010920946,0.0010239254929429453,0.0036606960776869313,0.003137240391948515,0.14637994474766924,0.002429841096258323,0.016208642631719505,-0.0024555044209453314,-0.001991654021244349,-0.0008498583569405138,-0.001799284682106661,0.14637994474766924,-0.0007600763352526574,0.016208642631719505,-0.001991654021244349,0.008856782347184011,0.1697849496413557,0.005768953415701272,0.04777295573981988,0.002217081574941604,0.00898985529665175,-0.002392402421636186,0.16462375405719787,0.006890004147973805,0.09060842568520944
R2_roll7,-3.404395306549901e-05,-0.0011881336910251061,-0.0011321879293308967,0.0006956821936023871,0.0002529524325489696,0.00064354621819529,0.00064354621819529,,0.0005791878685185159,0.0005791878685185159,,0.00064354621819529,0.00064354621819529,,3.443343280506994e-06,,,-0.0005278168539000205,4.612929386615949e-05,,-0.001148536156310831,,,-0.00025871249779374494,0.0013225831539410704,,-0.001470264349958672,,0.0022627648949471446,0.001130901894260794,-9.611064255565793e-07,-0.0011328241071120182,-9.611064255565793e-07,-0.0011328241071120182,0.0022627648949471446,0.0022627648949471446,0.001130901894260794,0.0008221764110462049,0.000505940867436605,-0.00012875397792666554,,-6.43956282497804e-05,,-6.43956282497804e-05,,0.0007589293023243515,-0.00057921920298587,0.0016806674975371472,0.0016806674975371472,0.0007640778627470146,,0.000717895723165829,,0.007821653880001,,0.0014840304698453544,,0.0012590391364120102,,-0.0019015167858773552,,-0.001975995338366454,-0.001974526776319818,0.004723500492260668,,-0.001816331167115104,0.0041171364268250965,,0.003518957008632251,0.0036493354866941052,,0.015603694167594218,-0.0019810401537458944,,-0.0020620490269249725,-0.0020620490269249725,0.06482682123803774,0.06482682123803774,0.0013736659439556043,0.05289233956831507,0.0004583406948639457,0.01342666811180937,0.0019396962742913582,0.19105827751573046,0.010692740340281115,0.21234621758110606,0.00966421359207792,0.19981780396845739,0.010692740340281115,-0.0021192582088460643,0.00923978168946693,0.04524772916314568,0.05893402829251604,0.0034643247120547116,0.015425312726313867,-0.0017986975893977686,-0.0021192582088460643,0.00923978168946693,0.05893402829251604,0.0034643247120547116,0.08774191922056485,0.03897566911004802,0.06196604015378038,0.06638729994577852,0.021776752691642143,0.0009692336736387697,0.0009692336736387697,0.10240689038521189,-0.0012138639547170094,-0.0013280304340308469,0.0038466803889393164,-0.001808464258610254,0.0051978341601067735,-0.001251317421243181,0.01132303097679932,-0.001774410250788394,-0.0013280304340308469,-0.0017158900339702132,-0.001774410250788394,0.15172759228930066,0.0023927294752130734,0.0020628338106193356,-0.001816331167115104,0.003518957008632251,0.002583100808713379,-0.001985941757304932,0.0020628338106193356,0.006453086667856933,0.005909881489920887,0.0008552026449986094,0.0013509435689766924,0.00036663912550760624,0.0010578812573359686,-0.0018960722832837007,0.06976670229739412,0.01913878699991478,0.004720636310325488,0.0010578812573359686,0.006008960589038548,0.007039839320440944,0.0008552026449986094,0.04784599459103822,0.0021331657734039444,0.003660277644092713,0.0012515041783517367,0.004153412747587404,0.0032420422703711704,0.0025899499127512993,0.003040415385937023,0.0009003477969558027,0.01031111385889194,0.0005563388610884124,0.004495598587876848,0.012885435081560703,0.0021274850745744978,0.0021274850745744978,0.0021274850745744978,0.00200543465852443,0.0011604294004640137,-1.8319748194217667e-05,0.001610923964361799,-0.0010106420915498848,-0.0012265599880227906,0.1889047988944107,0.02564306808157879,0.38887565462348517,0.0024460051315140507,0.3357344071994405,0.0024460051315140507,0.38544938443739807,0.055102512774202084,0.1889047988944107,0.014212274479133757,0.6311369073061723,0.5903579340095604,1.0,0.06700995471349214,0.02564306808157879,-0.0013159930909409923,0.003944115380143942,-0.001816331167115104,0.0024039276305091173,-0.0018239626574971801,0.03487613073109386,0.01517763714498821,0.02589729309134836,0.0019742647139949776,0.004720636310325488,0.004208996050407698,0.12585192277906176,0.0032723567397019426,0.018223539266131183,-0.0009023421428382417,0.09820751138088002,-0.0008498583569405138,-0.0011247521630977086,0.12585192277906176,-0.0007265037654948792,0.018223539266131183,0.09820751138088002,0.01031111385889194,0.1586474256458773,0.0023927294752130734,0.04708704949668807,0.0011900477278619093,0.006329418678552745,-0.001816331167115104,0.1889047988944107,0.004763623252582061,0.1068659599888152
R3_card_block_stats_A15,1.5521669998630472e-05,-0.0004247472530545249,-0.00042474789867874563,0.0002846034808692277,-3.1632054043218005e-05,0.0001608870677253238,0.0001608870677253238,,9.652871988119482e-05,9.652871988119482e-05,,-0.00016090467149521004,-0.00016090467149521004,,0.00011963186174912543,,,0.00010831668136235262,0.0003694729292883503,,-0.0001747247115102546,,,-5.821232329061843e-06,8.128915501026679e-05,,-0.00018072260506873938,,0.0005657708628004077,0.0005657708628004077,-0.0005660912313527611,-0.0005660912313527611,0.0005657708628004077,-0.0005660912313527611,0.0005657708628004077,0.0005657708628004077,0.0005657708628004077,9.486215992171587e-05,0.0001581092669041828,-0.00016090467149521004,,3.2170372037176875e-05,,-3.2187975806952096e-05,,0.0004110976948342726,-0.0004247104316745798,,,0.0004805959555600481,,0.0005921533350898844,,0.0030805537381799475,,0.0004345180022871098,,0.0006562531466318688,,-0.0005208778485004117,,-0.0005263119060212595,-0.0005262076637848612,-0.0005114458639587927,,-0.0005142709300265391,-0.0005152364746707772,,0.0015909591427805125,0.0013007223908660936,,-0.00040701929945785587,-0.0005266691353815744,,-0.0005322278682651227,-0.0005322278682651227,0.06434242296962889,0.06434242296962889,-0.0005307770995055527,0.05893363103002658,-0.0005354437540159296,0.00902471021622031,-0.0005382141656753436,-0.0003033585604905742,0.003322800159555994,-0.0003033585604905742,0.0025453245020609083,0.07984170070527441,0.003322800159555994,-0.000528327897311609,0.0014662959890426874,0.03374404460987246,0.04121206581714343,0.001432893053946116,0.004403359486042091,-0.0005128473975477554,-0.000528327897311609,0.0014662959890426874,0.04121206581714343,0.001432893053946116,0.034115689857364795,0.043153959573508205,-0.0003147969617462998,0.06212972268097949,0.05688209958637869,0.001036574534095891,0.001036574534095891,0.17379717200053646,-0.00044549059811926917,-0.00046578034261401946,0.005756691731624186,-0.0005136383018786717,0.0034724634461490433,-0.00045597604018343674,-0.0004586392090939473,-0.0005108537312690231,-0.00046578034261401946,-0.0004009858633329255,-0.0005108537312690231,0.08318957507739211,0.0018738616238176409,0.0012480417265716692,-0.0005142709300265391,0.0015909591427805125,0.001121466075262867,-0.0005270149466947149,0.0012480417265716692,0.0030627916639929254,0.003226661495689398,0.00020000754184568148,0.00033398178360555253,0.0002583993447909938,0.001142790838249197,-0.0005204684620516709,0.12239780332816375,0.011171978921257097,0.00521277020881461,0.001142790838249197,0.0027497751875286136,0.002429897414198967,0.00020000754184568148,0.09217340669349239,0.0041053489214349925,0.0024852888164541564,0.0005579487461183641,0.0013215242395840932,0.0022866699824747316,0.0007447360133610026,0.0012420945531089744,0.0005541526554235787,-0.0005268187061440166,0.0004984896143455098,0.006516969025551322,0.007756955753453365,0.00048351899068321824,0.00048351899068321824,0.00048351899068321824,0.0007176854442340064,0.00041904861425146045,-8.565492398759922e-05,0.000283849898919053,-0.000329586720983821,-0.0003290661283148477,0.21917944578753923,0.010914048306263746,0.10310742629612446,0.0006437078152866649,0.06861155807674468,0.0006437078152866649,0.10135099810746051,0.018020365230535296,0.21917944578753923,0.01410302923516582,0.040811820117611974,0.049147409675184606,0.06700995471349214,1.0,0.010914048306263746,-0.00042472892031120146,-0.0005330436802060134,-0.0005142709300265391,-0.0004172579164740675,-0.0005148808840875763,0.1437467758405261,-0.0005170120448545479,0.01874770319180641,-0.0005275827364550345,0.00521277020881461,-0.0005323380009971679,0.16647563633938667,-0.00024720606839157,0.014601936832073337,0.0023398928816625864,-0.0004419052428901171,-0.0003775365738556413,-0.00024657787388093766,0.16647563633938667,-0.0005006101185820455,0.014601936832073337,-0.0004419052428901171,-0.0005268187061440166,0.07181570769722967,0.0018738616238176409,0.021484721673721396,0.00048585191114780546,0.0019268501827223172,-0.0005142709300265391,0.21917944578753923,0.003216463771869571,0.09188332375244401
R3_card_only_prepost_A13,-0.0003255949131510949,-0.0034006881779542475,-0.0032088846156077544,0.004047561824127244,0.004996268661787706,0.003989955559623115,0.003989955559623115,,0.005405839572138582,0.005405839572138582,,0.005277122843728055,0.005277122843728055,,0.0007306479678329536,,,0.0029854093631777046,0.003567347041495972,,0.003563156795600597,,,0.0003058500243964257,0.0030185603235977077,,0.007120436845386102,,0.008481499540908488,0.0005584065007102623,0.0005584065007102623,-0.0028372048022318186,0.0005584065007102623,-0.0028372048022318186,0.005085888237966407,0.00621775867228036,0.003954017803652343,0.007968883419790185,0.009170578747493385,0.0016730544482342902,,0.0010294708061818758,,0.002574071547107759,,0.005312504274341157,0.0011962768726737627,0.0016409872042744134,0.0050081339590660745,0.008339815139796869,,0.013002086923512457,,0.01673532960576285,,0.009169579261081418,,0.01933170189632516,,0.013084581455856226,,0.02143721871449722,0.010438650397640914,0.027392955789311113,,0.005053447542338163,0.007446893067307392,,0.00800871677323256,0.010495479157297316,,0.020289438061513954,0.012371502278407998,,0.017821996603901824,0.017821996603901824,0.03253495969666409,0.03253495969666409,0.009531551728947263,0.03351972633632261,0.013742028793574113,0.009892953975903063,0.013796927629417532,0.014437117164517677,0.015579966946026258,0.014437117164517677,0.012065511544226193,0.0075047371269992835,0.015579966946026258,0.021589932538376266,0.021756706702994233,0.22162753808694957,0.3569891217079634,0.026682144939569996,0.013172729939404326,0.008047267536741676,0.021589932538376266,0.021756706702994233,0.3569891217079634,0.026682144939569996,0.017035619304743843,0.006586933341765855,0.010561111822970148,0.013071736930666655,-0.0005500558988893456,0.004364418157610128,0.004364418157610128,0.007595996234678104,-0.0022377617569115937,-0.0026062623986535804,0.011295014722622065,0.005194543285845787,-0.0059716959016851145,0.004492176359711775,0.00438702136487279,0.013972020827214049,-0.0026062623986535804,0.002944279936353489,0.013972020827214049,-0.0002184071735578108,0.02821874394208901,0.00862404175562792,0.005053447542338163,0.00800871677323256,0.015980625660003467,0.00997658105032051,0.00862404175562792,0.01782241520244321,0.017709793941340757,0.002566549503385862,0.007706949054860912,0.006755499861913927,0.010033927574763513,0.005917385339929693,0.010717055174974566,-0.0020751333798438854,0.012759172399359309,0.010033927574763513,0.017405379676772137,0.015227011008865365,0.002566549503385862,0.004248441438385986,0.001378535458727459,0.006596040102181067,0.005589998266714691,0.014700287061153339,0.020905257599188043,0.011615842605782967,0.018159096261368468,0.005600061040817783,0.018841187027786255,0.008215072651573396,0.022990801999813515,0.021226493536925295,0.008251948411952092,0.008251948411952092,0.008251948411952092,0.005699516817212924,0.005221839952962437,0.0005887308617129605,0.005065441537683291,-0.0030929937277091035,-0.0052016603410429685,0.050625896423936,1.0,0.024330345692092692,0.0055463816169660785,0.020682982498418268,0.0055463816169660785,0.01697586061048706,0.02073442607138498,0.050625896423936,0.018281296257799506,0.035306418944157314,0.04313940145473005,0.02564306808157879,0.010914048306263746,1.0,-0.0034749791631296656,0.011346910102001284,0.005053447542338163,0.013044691697001398,-0.0003369385589870877,0.004145706421402551,0.01465164336259428,-0.0001562286936092061,0.00964029373237918,0.012759172399359309,0.008276667086087763,0.06303137472340814,0.012683752706916351,-0.007103570548054439,-0.0005342770984677614,0.027823917027332667,-0.0010871513742634065,0.012616603796874015,0.06303137472340814,-0.0008324896338542942,-0.007103570548054439,0.027823917027332667,0.018841187027786255,0.12340706941484547,0.02821874394208901,0.03143538968148951,0.0098804462164227,0.018804786400097306,0.005053447542338163,0.050625896423936,0.013431167997805638,0.01644849044647223
R3_coh_only_A14,0.08495239313116554,0.8445961188407709,0.8409498298803982,-0.010568094701786546,0.021197459181811595,-0.01380878913567396,-0.01380878913567396,,0.006598434569013989,0.006598434569013989,,0.015269726503406078,0.015269726503406078,,-0.01003584991855666,,,0.010950745676385987,-0.001705274424909753,,-0.0021404312048012297,,,0.004400902359961489,-0.019928574488240702,,-0.0036150196338917695,,,,,,,,,,,-0.009071215161752244,-0.007206151724400867,0.07520202474518134,,-0.033431096552841266,,-0.03797241277761332,,0.004157626121649938,0.4595342954964601,,,0.022688956226170953,,0.019017387016202036,,0.0013978360553991154,,0.044409649940155504,,0.005911146702782144,,0.0015443740623204416,,0.001648905258137101,0.0011674195763833328,0.0006635481043790747,,0.0012924565725417336,0.0015743977820832367,,-0.017454610901622925,-0.010578592191754721,,0.00017768669408702031,0.0018182615423764092,,0.0012113007294408673,0.0012113007294408673,-8.231277167980444e-05,-8.231277167980444e-05,0.001415066924958408,-0.0005199971326352859,-0.005278454518454767,-0.0022068737066336386,-0.002112749475278397,-0.00015542614768526697,-0.004138986668923872,-0.00019403894164327085,-0.004737664804302266,-0.0001316689777650648,-0.004138986668923872,-0.0019836475586751945,-0.004193754230379154,-0.0005317049464577117,-0.000942748239001201,-0.002577436945789602,0.001865557993078637,0.0005594530650646634,-0.0019836475586751945,-0.004193754230379154,-0.000942748239001201,-0.002577436945789602,-0.0002712654467800224,-0.0006722617579377754,-0.0002712654467800224,-0.0003722565301453873,-3.8610191460231036e-05,-0.3649236988569451,-0.3649236988569451,-0.00019305401436464642,,0.0007454890615413712,-0.036220865026736826,8.792266259494141e-08,-0.015662870466754297,0.0002947360935890986,0.0002860716535706409,0.0007675303404095501,0.0007454890615413712,0.002614314916055571,0.0007675303404095501,-0.00015444260007169142,-0.0030542081741655736,-0.013034006135611786,0.0012924565725417336,-0.017454610901622925,0.0004528449786094235,0.0023305570275040655,-0.013034006135611786,-0.044839156781053324,-0.05087985724487121,-0.07476819959772851,-0.019179385199125543,0.05617428750919773,-0.00976328857326303,0.0027761574394962185,-0.000320611357137901,-0.01606298136056039,-0.03690215519828177,-0.00976328857326303,-0.051619343463076506,-0.06358371805616692,-0.07476819959772851,-0.00027295000394023106,0.0025460485830047785,0.0068129613355775165,-0.13673002765805098,-0.3223219890201272,-0.024351081571405864,-0.3258892412433996,-0.022599757425054046,-0.12543020924837345,0.0016922160725452162,0.011859304575361107,-0.0020490445481375907,-0.0007413937909623858,0.01241322716777915,0.01241322716777915,0.01241322716777915,-0.7965001025186342,-0.3660176530432995,-0.16561453159099981,-0.6024603818181884,0.5828375141361744,0.5400155176134422,-0.0009198141966464402,-0.0034749791631296656,-0.0008891215177861955,-0.3430780269280682,-0.0008198102666854279,-0.3430780269280682,-0.0009118883974088554,-0.0019080659150043644,-0.0009198141966464402,-0.014943952210213496,-0.0014091043366917244,-0.0018885067894371943,-0.0013159930909409923,-0.00042472892031120146,-0.0034749791631296656,1.0,-0.0012503040687690259,0.0012924565725417336,0.005676556699822588,0.0013618449935399735,-0.0003119442130394834,0.0007157111651812098,-0.01606298136056039,0.0013977322244445034,-0.03690215519828177,-0.0008030232587812325,-4.389581768537987e-05,-0.0013302420398051407,-0.007537859245303258,0.009025803995592607,,,-0.001912431506809753,-4.389581768537987e-05,-0.0004970502917114317,-0.007537859245303258,,0.0016922160725452162,-0.004550183654005391,-0.0030542081741655736,0.0004846124584054756,-0.01680870379677679,-0.04658638668748094,0.0012924565725417336,-0.0009198141966464402,0.0013405414962254225,-0.0013170182571762279
R3_ms_only_A9,0.00037599542378352613,-0.0010431842888656284,-1.0442204208649386e-05,0.0013354187022652786,0.0009699798962593542,0.0017857807451343577,0.0017857807451343577,,0.002425726949797924,0.002425726949797924,,0.000416761030785362,0.000416761030785362,,0.003451523878574725,,,0.0022129808058448663,0.004123785346819453,,-0.0018871550872223697,,,0.004969206551440064,0.003489209633838919,,0.0011667536200455908,,-0.022648705112065404,0.021494404461117278,-1.1213023253908716e-05,0.0011206615811867326,0.020362529856676637,0.0011206615811867326,0.03960439813216654,0.03960439813216654,0.014703156834473763,1.3414033248615453e-06,-0.00011650570650489911,0.0035868757427126585,,0.004486484250014744,,0.0032428184824130346,,0.0014495627466888372,0.0011519195613588495,,,0.046127121340167054,,0.07300335316341011,,0.32275529964134697,,0.0466243754729293,,0.310864159217618,,0.4060265964571361,,0.3264242380751129,0.15157206077540042,0.19804339021826323,,0.3747628482024469,0.39221883938081903,,0.12009535743736588,0.10300398100807506,,0.03280330525807962,0.3220493031211308,,0.33084379903639616,0.33084379903639616,0.007842914280536184,0.007842914280536184,0.31855738581300863,-0.0019889957367349442,0.42566347125044857,0.0054952248890846045,0.5194228506076441,0.005813624675432227,0.0003675711424876438,0.005813624675432227,0.001967076193420958,0.003068581355166744,0.0003675711424876438,0.0028416632913211837,0.0010667396311195843,0.00883274285827429,0.007786300445324357,0.0057309348889749145,0.24863007530118764,0.4636590643014864,0.0028416632913211837,0.0010667396311195843,0.007786300445324357,0.0057309348889749145,0.008222656579089604,0.00874729535867902,0.012260932789243117,0.004843060939609289,-0.0005634941188856768,-0.004428138569350315,-0.004428138569350315,0.006476426670999902,-0.0023280950716251247,0.18042529044312794,0.008765623283490731,0.4674114672666091,0.01194239569491562,0.16912033309756747,0.1594710458713664,0.46199759232056903,0.18042529044312794,0.36173314775564236,0.46199759232056903,0.003105457856265037,0.1483597966779444,0.06837889840698164,0.3747628482024469,0.12009535743736588,0.32149265476162736,0.43492090734091615,0.06837889840698164,0.00415046684985465,0.012122185308330091,0.019426427170115,0.06397658101799497,0.046165177637535804,0.0730602766164461,0.3950840196371056,-0.0026951706053797153,0.013422075144610579,0.01117100403963489,0.0730602766164461,0.011570632939030046,0.002733950011807873,0.019426427170115,-0.0025502374340686806,0.1279188035969454,0.08105665676706819,0.020713291135949885,0.03434909547770648,0.059652568475354495,0.027733929073248675,0.04349962956911646,0.021421387310861406,0.40280072287231783,0.04448276083402536,0.17990443461048355,0.1228045365657705,0.007929550058423884,0.007929550058423884,0.007929550058423884,0.0017752980597369739,0.01643964229862982,0.001915575125953195,-0.00024076176149523398,-0.002170038307976574,-0.01332912945846676,0.007229708008629432,0.011346910102001284,0.005069151512568371,0.020816124026837857,0.005069151512568371,0.020816124026837857,0.0018825433045860374,-0.009368275612131605,0.007229708008629432,0.009497034866965404,0.0036702989520477347,0.0028858938149473046,0.003944115380143942,-0.0005330436802060134,0.011346910102001284,-0.0012503040687690259,1.0,0.3747628482024469,0.578595365664426,0.36779012026921243,-0.0026230147701720163,0.3663894869159996,0.015084576962080098,0.5945848757060439,0.01117100403963489,0.7800273680743665,0.006988461361705167,0.6523935600573266,0.02465229508221556,0.3141760797158347,-0.006648304682306039,-0.0011019457213019557,0.5010121292419764,0.006988461361705167,0.024198823643892697,0.02465229508221556,-0.006648304682306039,0.40280072287231783,0.02664427857906415,0.1483597966779444,0.010266093129543186,0.06976016544881791,0.008268311031568887,0.3747628482024469,0.007229708008629432,0.18354408395028265,0.0026052501938192973
R3_ms_plus_blocks_F8,0.0001920656360112627,0.0018231593173576588,0.0019639520301735214,0.0005311119988307134,0.00015204280139369253,-3.1905355871497676e-05,-3.1905355871497676e-05,,0.0012619075517320555,0.0012619075517320555,,-9.947169105450904e-05,-9.947169105450904e-05,,0.001527008764168114,,,0.0027979431220089834,0.003044822536992897,,-0.001739478116834281,,,0.0033509577265677937,0.0003043825239417153,,-0.0025116552550179527,,-3.203686032016151e-07,-0.0011321826440628957,-3.203686032016151e-07,-0.0011321826440628957,-0.0011321826440628957,-0.0011321826440628957,0.0011315419068563815,0.0011315419068563815,-0.0011321826440628957,0.0012899893257044548,0.0007748589527322158,0.003947325459332962,,0.0030375794832872005,,0.0025133253668159217,,0.0009421325651383095,0.0018226573900737009,,,0.02095933280854345,,0.03974743363980926,,0.4249897787381586,,0.02311260493896672,,0.258697983745502,,0.5704319153359128,,0.4732286451084401,0.14369619875502082,0.20781165299755677,,1.0,0.7268204176862458,,0.09231275671624439,0.0811406731352945,,0.05757329177490356,0.46222882932436926,,0.41864442878702235,0.41864442878702235,0.013978981119162737,0.013978981119162737,0.34352214998814046,0.0010610395611578838,0.36088214169276545,0.005354752246465533,0.2736616952086005,-0.0006536911554393399,0.002850816329570849,-0.0006536911554393399,0.0009567475919650681,-0.00025016299834934586,0.002850816329570849,-0.0014221710495776474,4.560290712274373e-05,-0.0023091770524272803,-0.0027329228716452825,-0.0017930684943754382,0.1754531463422413,0.2953557272671553,-0.0014221710495776474,4.560290712274373e-05,-0.0027329228716452825,-0.0017930684943754382,0.012297010895756522,0.0061581355976561,0.0136144603714079,0.005304902915626353,-0.0005425574193409499,-0.005304567249365011,-0.005304567249365011,-0.00018903748109422303,-0.002007962771985339,0.4974513124412664,-0.0029247146183111195,0.3194088817873272,-0.005436764257397586,0.3682121290528655,0.4698193836682134,0.3368618281424228,0.4974513124412664,0.38536070903624,0.3368618281424228,-0.00021971507388274247,0.10464435189065846,0.04211195887149222,1.0,0.09231275671624439,0.31807067059830796,0.7242451628196391,0.04211195887149222,0.0029510751181038852,0.010383175282274948,0.012837559489547457,0.029048747879712344,0.025895866334347928,0.04522361224623239,0.7256997517379904,0.0033873393423300424,-0.005486981321979334,-0.003323630578726977,0.04522361224623239,0.009355991833284172,0.003340561414382881,0.012837559489547457,-0.002171072572234145,0.18332169467650905,0.06515820411696538,0.012696814536899081,0.02147261387898647,0.03676371784699517,0.012195089994928132,0.025729522951363104,0.01279444955511333,0.49891530932505157,0.024999090981155492,0.2057859831805231,0.16984104802671318,0.00022551281818483648,0.00022551281818483648,0.00022551281818483648,-0.003122134490574968,0.007188314341037394,0.003623615830440796,-0.004345806029541599,0.0002351903171375902,-0.006650630772844668,0.004546430894310616,0.005053447542338163,-0.001141125010423627,0.015775516443870874,0.005577942942666447,0.015775516443870874,-0.0011650756432972642,-0.0012382378382649328,0.004546430894310616,-0.005959419647113329,-0.0019705405151420052,-0.002392402421636186,-0.001816331167115104,-0.0005142709300265391,0.005053447542338163,0.0012924565725417336,0.3747628482024469,1.0,0.4922869791095942,0.7581407131351061,-0.002223595004909873,0.6714407531886852,-0.005509579874142689,0.5017575271840483,-0.003323630578726977,0.39704820550616216,0.01872438746216376,0.4672849212744079,-0.002380703704338849,0.018240009421100933,-0.000991641875619731,-0.0005664117813650726,0.6551227596387484,0.01872438746216376,-0.0006416347738149586,-0.002380703704338849,-0.000991641875619731,0.49891530932505157,0.00952918829843341,0.10464435189065846,0.0050872088156763695,0.04367297801268544,0.0039078970152987,1.0,0.004546430894310616,0.21009916670617346,0.0028825441434883192
R3_ms_plus_cohdrop_F7,0.00020551232522947327,0.0047976688339631535,0.00551767043756235,0.0018160821356990597,0.001710149410876327,0.002100965205312999,0.002100965205312999,,0.0042833210134675115,0.0042833210134675115,,0.0015917559851703622,0.0015917559851703622,,0.003683121933566458,,,0.0026172111832981626,0.004445620021061747,,-0.0018299653968023577,,,0.007721374477411058,0.004487905544397153,,-0.002707980447408609,,-0.0016869480782439883,0.0017265938619588361,-0.0016861404731540741,0.0045571032399635,0.0029955362957173604,0.0045571032399635,0.0037007605857645176,0.0032985272181018654,0.0010499717315302082,0.001466215445255159,0.0016151815397792424,0.005787113557149892,,0.0048542009378447215,,0.004480880787876673,,0.0030746587107394197,0.005210832682358557,0.0016806674975371472,0.0016806674975371472,0.03942846984677828,,0.07385627745618939,,0.43068015049204555,,0.046312238995397936,,0.3408514228217169,,0.5237406518566412,,0.4023707770304894,0.18847310578329568,0.2515227346833625,,0.4922869791095942,0.5252765927114813,,0.13031302773759668,0.11866228931595901,,0.053625467392392934,0.43888514767127895,,0.3917181026773622,0.3917181026773622,0.029381719500850112,0.029381719500850112,0.3483179819279496,0.0026013350440349248,0.4352385872920269,0.002228108743798196,0.4204903349942951,0.004499279005350854,0.0046133698627927044,-0.000527150328387016,0.0016997516826073866,-0.0002681766843970479,0.0046133698627927044,-0.00038344318736105443,-0.0013422577898711818,0.00634269015368083,0.0011012895700086567,0.004778727434438079,0.2776019130830908,0.4469077453197705,-0.00038344318736105443,-0.0013422577898711818,0.0011012895700086567,0.004778727434438079,-0.0005995184152010058,0.004116390279212734,0.004402152449541341,0.003976585874495675,-3.889295221104483e-05,-0.012816365417896769,-0.012816365417896769,-0.00019251504482742376,,0.26072142469250104,-0.011630070874344645,0.47373145381565196,-0.007748599124764111,0.2438158397531761,0.24702028058875902,0.47380595029316763,0.26072142469250104,0.5411193742876449,0.47380595029316763,-0.00015439903954250767,0.145988530082384,0.06422450706668292,0.4922869791095942,0.13031302773759668,0.3557621696121185,0.5517545040795858,0.06422450706668292,0.004551099425521787,0.015921682254751213,0.01413362382585892,0.044785544074727124,0.047645000659751746,0.079514318148875,0.5608986161115938,-0.0003802643954822216,-0.007861802731029988,-0.008389792564881704,0.079514318148875,0.014722128642779664,0.005767783034835161,0.01413362382585892,-0.0002681766843970479,0.2105747466877136,0.11916821786398313,0.02389898514949773,0.04052399612358126,0.07238661445378824,0.023961597873593865,0.053678955155261,0.02405399134619035,0.5063165575558373,0.04452266438359542,0.3046418748672959,0.2431685486318308,0.006056832338802276,0.006056832338802276,0.006056832338802276,-0.008187184134599068,0.013275795196867612,-0.0018798264824380073,-0.008225960426637036,0.0010395023633061884,-0.009760786003736976,0.003658051852849953,0.013044691697001398,0.003613401623962731,0.024927699648389923,0.003613401623962731,0.024927699648389923,-0.0010532288198115136,-0.001341954373551335,0.003658051852849953,-0.008853696463400285,0.0021726916696982457,0.0015845047405860235,0.0024039276305091173,-0.0004172579164740675,0.013044691697001398,0.005676556699822588,0.578595365664426,0.4922869791095942,1.0,0.5020506910497944,-0.0003057251566300767,0.4755498710815368,-0.007861802731029988,0.6506382026024188,-0.008389792564881704,0.5817573264222444,0.02009747592820066,0.7644554798339995,-0.0033663337185863007,0.0034771541231054526,-0.0015683435878874885,-0.0008438818565401629,0.5805739121845211,0.02009747592820066,-0.0004612861340806962,-0.0033663337185863007,-0.0015683435878874885,0.5063165575558373,0.02382869011336275,0.145988530082384,0.014540108553520614,0.07265463038934428,0.0039743198288745285,0.4922869791095942,0.003658051852849953,0.28105280567835544,0.0020593164721338653
R3b_all_multimodal,0.00023259044943413354,0.0018231593173576588,0.002148488741662513,0.00011066660618630486,0.00031534068521144043,6.544450781764688e-05,6.544450781764688e-05,,0.0014240141573114151,0.0014240141573114151,,-2.2057581643419866e-06,-2.2057581643419866e-06,,0.0010467949615281524,,,0.003145319398245139,0.004575843361230403,,-0.0017356770117498144,,,0.0013748242962943191,-0.0012657293307629658,,-0.0025089865141973977,,-0.0011321826440628957,-3.203686032016151e-07,0.0011315419068563815,-3.203686032016151e-07,-3.203686032016151e-07,-3.203686032016151e-07,0.0011315419068563815,0.0011315419068563815,-3.203686032016151e-07,0.0015847200259021532,0.0006136939318045487,0.003785101066777541,,0.003590400253593362,,0.0034557410897154694,,0.0012357741836745983,0.0021331928262346977,,,0.0213644568356548,,0.0405118456721526,,0.41470018574802214,,0.023558854214016822,,0.26107114841258305,,0.6067130280452782,,0.4936614356656964,0.1606129695754439,0.2137204598074659,,0.7581407131351061,0.7579854671388894,,0.09407885708785424,0.07958976696639797,,0.05662247828806033,0.4557648796624457,,0.4330962365188149,0.4330962365188149,0.02246649509868337,0.02246649509868337,0.3800560024436793,0.009962194261955881,0.3693079558081881,-0.0035953655861313827,0.26378130353741425,-0.0006546769764279592,0.00586696609364834,-0.0006546769764279592,0.0021312491426228597,-0.0002503072413908569,0.00586696609364834,-0.0015427906365668154,-8.201776784977355e-05,-0.0023215259777440433,-0.0027502368092853224,-0.0003101483479577283,0.1554922507270352,0.3121473996891899,-0.0015427906365668154,-8.201776784977355e-05,-0.0027502368092853224,-0.0003101483479577283,0.005464079569507119,-0.0008423822254466362,0.006340278037552882,-0.0012862818520975594,-0.0005432363617263736,-0.005058934697871109,-0.005058934697871109,-0.00018911983484493078,0.003808388275884367,0.4792675811523711,-0.005706739560813245,0.3435854728378508,-0.002806372989694328,0.40340100216301633,0.44008189964752387,0.3455824377579504,0.4792675811523711,0.4009211974150694,0.3455824377579504,-0.0002198263336008477,0.10404466332407902,0.042724568912091976,0.7581407131351061,0.09407885708785424,0.31270517089373073,0.6717906267535829,0.042724568912091976,0.005225902074709077,0.012531321662456962,0.013779652553090549,0.029319753631609102,0.026530899407544162,0.046086819840073345,0.6847470852056998,0.00888032543793571,-0.0029040368674000394,-0.004681413928221634,0.046086819840073345,0.011567136503342512,0.004528342929362883,0.013779652553090549,0.0034960998229345286,0.2056362840918765,0.07482979759508845,0.0127051214598215,0.02205171863669375,0.04258775584637042,0.01246344584433412,0.02803418896679033,0.012802178321444035,0.5455071142883997,0.02548378575125454,0.2157627932057541,0.1851552162895186,0.0013537419521310046,0.0013537419521310046,0.0013537419521310046,-0.003122134490574968,0.00792972118524149,0.0002548316691367569,-0.00397802017316673,-0.00014492129743581827,-0.007031424530034913,0.010571343410124223,-0.0003369385589870877,-0.0011441325263765734,0.016417662977043168,0.005464079569507119,0.016417662977043168,-0.0011682109047457256,0.018786526918500357,0.010571343410124223,-0.0038239728201765466,-0.001979526071614668,-0.002405660081678196,-0.0018239626574971801,-0.0005148808840875763,-0.0003369385589870877,0.0013618449935399735,0.36779012026921243,0.7581407131351061,0.5020506910497944,1.0,0.003395490672224555,0.6800010315393146,-0.0029479947771857695,0.4980783691173055,-0.004681413928221634,0.38729300784317844,0.018799460159043435,0.48325780239203264,0.0008370113206243035,0.03447545397090057,-0.000991641875619731,-0.0005664117813650726,0.6597194712110366,0.018799460159043435,0.10750353899172704,0.0008370113206243035,-0.000991641875619731,0.5455071142883997,0.012852966371021624,0.10404466332407902,0.00496211853914208,0.044108787392022064,0.005147458373014224,0.7581407131351061,0.010571343410124223,0.21640367328831522,0.0027954601286264147
R3b_card_coh,1.0863641382363731e-05,-0.0003119537898594871,-0.00025055513556759834,-0.0023170828011709332,-0.002510929158930475,-0.0020763753340615754,-0.0020763753340615754,,-0.002336250959731334,-0.002336250959731334,,-0.002401052764788414,-0.002401052764788414,,0.0001693520197344478,,,0.00015745457567573062,0.00042245081016123454,,-0.00013500488215312245,,,4.20071075241113e-05,0.0001304543962969973,,-0.00013830522539515222,,0.0005657708628004077,0.0005657708628004077,-0.0005660912313527611,-0.0005660912313527611,0.0005657708628004077,-0.0005660912313527611,0.0005657708628004077,0.0005657708628004077,0.0005657708628004077,-0.0023787439428601953,-0.0025086629779731417,-0.002791159443347624,,-0.0024647137922126916,,-0.0024649448212146208,,-0.002380327333385557,-0.00023430302200777575,,,0.006214545182170794,,0.01135283581217228,,0.006947878770371396,,0.007023665790928946,,0.00746365587732134,,0.002454825146301798,,0.0015341683677057016,-0.0024654087512685496,-0.0021717271937073956,,-0.002223595004909873,0.0033417602544174585,,0.006480190690373422,0.015216018574970791,,-0.001039384574210489,-0.002475571574209301,,0.0004486869683294481,0.0004486869683294481,0.6066991096007113,0.6066991096007113,0.0007234785067367078,0.6157153337060831,-0.0001817215230706104,0.004941008349044762,-0.0027531654516390613,0.016676278060496874,0.000839350428541441,0.016676278060496874,0.00010461911235348786,0.01937478840288165,0.000839350428541441,-0.002758495150323226,-0.0008627037377040292,0.00882207772752841,0.016474956428156884,-0.0009307691281730257,0.001704509892857864,-0.002197224564446154,-0.002758495150323226,-0.0008627037377040292,0.016474956428156884,-0.0009307691281730257,0.013907343569272812,0.01555684969400739,-0.0005960268278235592,0.027386403854711694,0.03524445995583869,-0.0020078295606182905,-0.0020078295606182905,0.03982543124711024,0.9317217881775676,-0.0015333740805745233,0.003124671305902882,-0.002211816129058519,0.285883611482433,-0.0014320092144788354,-0.0014586085056780274,-0.002161090637278873,-0.0015333740805745233,-0.00029689748042538433,-0.002161090637278873,0.01959608474153407,0.008331872628225101,0.008301137949079829,-0.002223595004909873,0.006480190690373422,0.008144025468920901,0.0014099082053690148,0.008301137949079829,0.017846607781027868,0.018785847550273793,-0.0020828773695753533,-0.0011143485669682374,0.0062248171852520295,0.012746366667727771,-0.002344292973567752,0.9213449282398031,0.28631756872416236,0.002620897069275263,0.012746366667727771,0.01753051641193537,0.01792941665321124,-0.0020828773695753533,0.9079709379245705,-0.0024766786044776445,-0.0009518821186695892,0.004707658023398342,0.008416632450129247,0.09797512022382415,0.004980618270543524,0.004291098478901412,0.004596453060635386,0.0014447167240615455,0.007414491644259558,0.0059135710771701655,0.00463301630933477,0.002836647837647255,0.002836647837647255,0.002836647837647255,0.0005368576033888406,0.00019336229819832962,-0.0024967644875824035,0.0038497733485565178,-0.0029222867088687376,-0.0028124744832398463,0.0743250245087167,0.004145706421402551,0.0435642655671894,0.0061484281361360305,0.0435642655671894,0.0061484281361360305,0.04322231016262024,0.911202948868193,0.0743250245087167,0.23071240206630794,0.021625458399572195,0.028757202835198448,0.03487613073109386,0.1437467758405261,0.004145706421402551,-0.0003119442130394834,-0.0026230147701720163,-0.002223595004909873,-0.0003057251566300767,0.003395490672224555,1.0,0.0030697061257605185,0.2867702663528694,-0.002495887124237539,0.002620897069275263,-0.0026060153246785234,0.13543201760799317,-0.00019821082463877815,0.2906361532931292,-0.00525830034551511,-0.0005286310344176925,-0.0003775365738556413,-0.00019780676133862585,0.13543201760799317,0.04047623161089575,0.2906361532931292,-0.0005286310344176925,0.0014447167240615455,0.037068102820595694,0.008331872628225101,0.011469353653064118,0.007471194263046765,-0.0010716838067501566,-0.002223595004909873,0.0743250245087167,-0.0025705694656621425,0.04673233732582294
R3b_card_ms,0.00012877512970166372,0.0011919186942662696,0.0014562487398339652,-0.00017769093910824374,-0.0002971023997884181,0.00016281542011087335,0.00016281542011087335,,0.0010022132493807678,0.0010022132493807678,,-0.00022938414496032067,-0.00022938414496032067,,0.0023191312702101063,,,0.0030342958811341303,0.003950676104114925,,-0.0017583900507838202,,,0.002726072747062158,0.0019250220145763386,,-0.0025543657343436443,,-0.0005664117813650726,0.0005654506754011468,-0.001698274238131292,0.0005654506754011468,0.0005654506754011468,0.0005654506754011468,0.0016973131321673662,0.0016973131321673662,0.0005654506754011468,0.0007769052455325332,0.0009788197475042448,0.003169102580914074,,0.0031037395796212897,,0.002579208162247437,,0.00029847012806039075,0.0014710161443772796,,,0.022903013806463313,,0.04303864013975989,,0.43428878610599375,,0.02525342332838243,,0.2622661153365533,,0.564113708175645,,0.427162966635537,0.16462881935153229,0.24057358095435644,,0.6714407531886852,0.6541571939114551,,0.09562390149537947,0.08354997299605493,,0.05934086421581375,0.4719709838015369,,0.38490896633150473,0.38490896633150473,0.02968943606148966,0.02968943606148966,0.3959574716053784,0.005005611622410755,0.31710865628486407,0.0005331073304100098,0.286310146473882,0.01255188188004619,0.006855536183352329,0.0059468777454645405,0.0016005952639450705,0.013593492020023912,0.006855536183352329,-0.0003236447487084959,0.0010664661352889349,0.008185725068920124,0.0021156688762566933,-0.003948463035784,0.15675927212139662,0.3044594101634388,-0.0003236447487084959,0.0010664661352889349,0.0021156688762566933,-0.003948463035784,0.011281995052419336,0.012066067226197963,0.012481121485370728,0.010911305968551943,-0.0005456092612479146,-0.005159687361016463,-0.005159687361016463,0.006780554412019746,0.00347053072175163,0.4177551337598714,-0.006142539710436878,0.2971776454761923,0.007404803701536178,0.3932557077825609,0.4008909301832556,0.328633756261303,0.4177551337598714,0.37768565745007876,0.328633756261303,0.006725759819081967,0.12022029205909812,0.045205576125003644,0.6714407531886852,0.09562390149537947,0.31651984807773925,0.6104192699205016,0.045205576125003644,0.008153983264314935,0.012835893564629441,0.011138994150815651,0.031453234882433345,0.028169932997610725,0.0489468448328807,0.6359790164893964,0.008276782287520157,0.009717860038604531,-0.005142000395117252,0.0489468448328807,0.012889495275683505,0.007733174792811326,0.011138994150815651,0.008555788316691793,0.17369797799225484,0.0718968358090385,0.014127980311594457,0.022050043612579118,0.05121209586104292,0.013654792684586803,0.029516862905519803,0.014133572394666616,0.5304100654583548,0.02706489587868577,0.2171171832398605,0.18279850141357468,0.001837259983375139,0.001837259983375139,0.001837259983375139,-0.0020405548791448958,0.008155357740302627,0.003790177456130639,-0.003532014804426886,-0.0002660733028427842,-0.007316490391019226,0.009875807896353339,0.01465164336259428,0.011281995052419336,0.015802645112940716,0.011281995052419336,0.015802645112940716,0.011219264713706711,0.01692483652265464,0.009875807896353339,0.004518182452594388,0.00909121696693116,0.013169741096093035,0.01517763714498821,-0.0005170120448545479,0.01465164336259428,0.0007157111651812098,0.3663894869159996,0.6714407531886852,0.4755498710815368,0.6800010315393146,0.0030697061257605185,1.0,0.00957381995296036,0.4394980260742871,-0.005142000395117252,0.39492016359106374,0.018429253622203157,0.47043965354774164,0.01811357053226914,0.05581545724525594,-0.0014005368724676615,-0.00067977114371498,0.6094861222711867,0.018429253622203157,0.03930255638512481,0.01811357053226914,-0.0014005368724676615,0.5304100654583548,0.015502907548349154,0.12022029205909812,0.008666863518522083,0.04730360258548427,0.006286610106323698,0.6714407531886852,0.009875807896353339,0.2159501387247723,-0.00260468661484925
R3b_card_only,0.0005651430161071058,-0.01609622483314954,-0.0160973085970626,-0.015208667817498966,-0.015531694118971817,-0.002043909889737794,-0.002043909889737794,,-0.0023039225553294074,-0.0023039225553294074,,-0.0025633085526697297,-0.0025633085526697297,,0.012570899218244391,,,0.0037939851799866364,0.008841086956628996,,-0.001876840711794392,,,0.010624955472938735,0.018617826806065274,,-0.0028150910285129616,,-0.0005660912313527611,-0.0005660912313527611,0.0005657708628004077,-0.0005660912313527611,-0.0005660912313527611,-0.0005660912313527611,0.0005657708628004077,0.0005657708628004077,-0.0005660912313527611,-0.015528404734412193,-0.015332320541360023,-0.0025658784854960537,,-0.002691705658145027,,-0.0023670672796549663,,-0.015270704680901526,-0.01594946190997759,,,-0.0036763434435802544,,0.004218879154305966,,-0.0006696125928842278,,-0.0026310930950330658,,-0.004105362417033742,,-0.00393632212605044,,-0.0006495981609351276,-0.007278438171966162,-0.005201753910305529,,-0.005509579874142689,-0.0030002374636790563,,0.01814009774160752,0.02529739688705379,,-0.0014411554882154398,-0.005168239242202999,,-0.0029459990890321475,-0.0029459990890321475,0.250479790342621,0.250479790342621,-0.0003310287293021297,0.25293082457312055,0.0037903638938147077,0.024392797922327625,0.009554912745080468,0.01077829396815666,-0.006941143861918242,0.018417071620912218,-0.007181999913586257,0.011513788152190396,-0.006941143861918242,-0.010604863592862612,-0.007968868932397788,0.007337278698408611,0.00632791317446213,-0.010865313808829713,-0.004854639819228845,0.013466250212841202,-0.010604863592862612,-0.007968868932397788,0.00632791317446213,-0.010865313808829713,0.006152129750832125,0.006655057825415089,0.003102783537299314,0.005908788270056808,-0.0005604713616254031,-0.014820611248379745,-0.014820611248379745,0.01949763612511124,0.27918409736286764,-0.0026045977701050216,-0.007082205218362558,0.010563836623286194,0.9805563729799303,0.004516765178330773,-0.0023959855803077357,0.008552875501631862,-0.0026045977701050216,-0.004455304176322894,0.008552875501631862,0.011567846928274728,0.0052569822917443165,0.019697815034306898,-0.005509579874142689,0.01814009774160752,0.0028695677295891286,-0.0030700699232912854,0.019697815034306898,0.006595991738493123,0.03475824277625805,0.02730960569469787,-0.0021688439736264886,0.0021955770327602986,0.032945353281341294,-0.006315216310281535,0.2886199616692965,0.9797974403839212,0.0020312629930769877,0.032945353281341294,0.020859164260656704,0.006702795331979705,0.02730960569469787,0.2849021127578958,-0.005180430729653462,-0.003202309214490162,0.012764279553000413,0.036873049216929576,0.07210970494129254,0.024538916707017133,0.010736623477197615,0.011653784341869922,0.003564772138740846,0.005576260873621508,-0.004155797964103591,-0.0057690784456927435,-0.004255306736927311,-0.004255306736927311,-0.004255306736927311,0.027452854988086806,0.012764876929924451,-0.011136116020993292,0.021117697473690855,-0.01578449146724803,-0.01578293205697734,0.022878684011028216,-0.0001562286936092061,0.017215371349153075,0.03399590295502719,0.02090311854859339,0.03399590295502719,0.020835484079965827,0.9205757625893642,0.022878684011028216,0.8495463161905935,0.014991101817534047,0.02369127010920946,0.02589729309134836,0.01874770319180641,-0.0001562286936092061,-0.01606298136056039,0.015084576962080098,-0.005509579874142689,-0.007861802731029988,-0.0029479947771857695,0.2867702663528694,0.00957381995296036,1.0,0.0032252969940863574,0.0020312629930769877,0.019649120437765122,0.19329790031963923,-0.00034453808974443945,0.9813553188318027,0.002064197948650426,-0.0005286310344176925,-0.0003775365738556413,-0.0003433190550785614,0.19329790031963923,0.007123701567864904,0.9813553188318027,-0.0005286310344176925,0.003564772138740846,0.03819434252510201,0.0052569822917443165,0.009605923929874582,0.018932756381956573,-0.012455889654214403,-0.005509579874142689,0.022878684011028216,-0.00432032094797008,0.013326448841709193
R3b_coh_ms,0.0002818585700977705,0.001678435618862717,0.0023453624418208197,0.0013396915508360197,0.0006437353811242774,0.0008769569385794762,0.0008769569385794762,,0.002038309835248553,0.002038309835248553,,0.0005478012312921665,0.0005478012312921665,,0.003516210476778303,,,0.003624538143745859,0.003870038422801647,,-0.0018180770581142092,,,0.00601256804173278,0.0033706805749873503,,-0.0026833073121095286,,-0.0005664117813650726,0.0005654506754011468,0.0005654506754011468,-0.0005664117813650726,0.0016973131321673662,-0.0005664117813650726,0.0016973131321673662,0.0016973131321673662,0.0016973131321673662,0.0006969549640457595,-1.0331162054288967e-05,0.0041217265066278985,,0.004412589679826051,,0.004145554434903609,,0.0013764207952127183,0.002411362315558274,,,0.03482030417761928,,0.06174588965815331,,0.39324960327659264,,0.035710424794810014,,0.3156934138393288,,0.4916775818185991,,0.38872306899176257,0.1662131149902798,0.2233807723141258,,0.5017575271840483,0.5074183330112709,,0.10753180632120207,0.0954728317693827,,0.04844229639171693,0.40919236945919013,,0.372559567568414,0.372559567568414,0.011478209317786536,0.011478209317786536,0.30910715694809876,-0.004195916208854955,0.49872590294941,-0.0011132665731961033,0.4319466163837504,0.003723221906670071,-0.00010711140419572551,0.003723221906670071,-0.002232284104303206,-0.00025327159228982765,-0.00010711140419572551,0.0007984958687604626,-0.001005198416028641,0.004934154471311958,0.0040221073596876655,0.005764051107262413,0.2725672367507057,0.4212263249167746,0.0007984958687604626,-0.001005198416028641,0.0040221073596876655,0.005764051107262413,0.003015707416597513,0.0034558768482649826,0.00807358880915865,0.0069761409724525825,-0.000557395004363137,-0.008489681309430175,-0.008489681309430175,0.0043658707664797625,-0.0022273988819656587,0.2589925697388241,0.0194649041200069,0.42331613728391915,0.0013838272699376875,0.19934477764876057,0.24053411844489603,0.43333078488622945,0.2589925697388241,0.42828556541365725,0.43333078488622945,-0.00022210938847089245,0.14793810879992986,0.055710827198584,0.5017575271840483,0.10753180632120207,0.33268130733327295,0.5354451003319338,0.055710827198584,0.0026680557129579174,0.010910850631886904,0.019749010550923485,0.048402712505943746,0.03935104947433643,0.06027315815304923,0.5030548973469904,-0.00256113122228796,0.0011678003082449262,0.017239764473025332,0.06027315815304923,0.008214814942402393,0.0018015121189802752,0.019749010550923485,-0.002429904594038579,0.14272898088254105,0.08967134208170513,0.018968743828596257,0.032621262585522226,0.06209630717804093,0.018878519840651586,0.039167282560566896,0.019194745422432824,0.48589132293105075,0.037321125844190006,0.20102534931813432,0.13388923260772412,0.003771292866007858,0.003771292866007858,0.003771292866007858,-0.002862585995120348,0.013119499469109508,0.003182017108489754,-0.004569426883796579,-0.0003057184539516644,-0.009982921434434688,0.0021982337608708047,0.00964029373237918,0.003015707416597513,0.018411811062642558,0.003015707416597513,0.018411811062642558,-0.0012357115752967829,-0.006080807058778781,0.0021982337608708047,-0.0009382154673200915,0.001725696066589899,0.0010239254929429453,0.0019742647139949776,-0.0005275827364550345,0.00964029373237918,0.0013977322244445034,0.5945848757060439,0.5017575271840483,0.6506382026024188,0.4980783691173055,-0.002495887124237539,0.4394980260742871,0.0032252969940863574,1.0,0.017239764473025332,0.6048728767091773,0.007698344872853702,0.669550997477329,0.0057199486980581415,0.12892620166321678,-0.0014005368724676615,-0.00067977114371498,0.5544026128481097,0.007698344872853702,0.020277202572292485,0.0057199486980581415,-0.0014005368724676615,0.48589132293105075,0.010289652798273097,0.14793810879992986,0.01135826228566017,0.058711837689157664,0.002317541483126906,0.5017575271840483,0.0021982337608708047,0.19811934147204435,-0.0028971253747305248
R3b_coh_only,0.0015466846723642957,-0.03563100116404172,-0.03763281351655623,0.0004996169151367802,-0.0024973747887844233,0.003571968291565142,0.003571968291565142,,0.0018004992643823048,0.0018004992643823048,,-0.0007899381439488984,-0.0007899381439488984,,0.006145924656056567,,,0.0013670609842512116,0.003933579545265076,,-0.001588612923181243,,,0.004342630991833296,0.011980217186788544,,-0.002217924903396229,,0.010748092757363659,0.003956889732814606,0.003956889732814606,-0.016416719340832442,0.006220624074330994,-0.016416719340832442,0.013011827098879936,0.010748092757363659,0.00848435841584727,-0.00013105211280484141,-0.0014051749814076864,-0.009209562687729989,,-0.0020009987943760965,,0.00012670637470113544,,-0.0006918815660597044,-0.028967927293658047,0.0016749990773308188,-0.0016920329662533096,0.06394391442428993,,-0.008742913835791732,,-0.005184745005309965,,-0.021088830105625345,,-0.010556028566041542,,-0.007313435147552116,,-0.0022840890861117735,-0.004507623847974207,-0.005284545447894917,,-0.003323630578726977,-0.005983879379387824,,0.02163612843748286,0.022326668105547065,,0.0026953960496906015,-0.005841129028467895,,-0.002581670478471132,-0.002581670478471132,0.0020367907697965704,0.0020367907697965704,-0.006864419539392763,-0.00012509268535487728,0.039324946402104155,0.10744745812322987,0.02045105460211083,0.0007351686229339904,0.006439387466980362,0.0007351686229339904,0.006800103306411787,0.002638639699971468,0.006439387466980362,0.00043636207341046784,0.014635997144963886,0.003823401809582072,0.010987027667432647,0.012922060268547697,0.022208226343475634,-0.0017996336545915703,0.00043636207341046784,0.014635997144963886,0.010987027667432647,0.012922060268547697,0.029850346911295844,0.009071409763723448,0.01216440888416448,0.026723372973382675,0.002302142150291786,0.06081329307136307,0.06081329307136307,0.0012569441027502348,-0.0025006971535626032,-0.0015364297205295863,0.9517970751078306,-0.0031963254563940335,0.001420255296658346,-0.002558322838238203,-0.001271932413765775,-0.0014261310824881246,-0.0015364297205295863,-0.0015046235254505547,-0.0014261310824881246,-0.00022455659440789866,-0.001863924308793452,0.006986300278051472,-0.003323630578726977,0.02163612843748286,-0.0034182558355766446,-0.005993669719204009,0.006986300278051472,0.005077160877323905,0.07299621856097138,0.19326673854194432,0.05993944194646761,-0.01519745616962953,0.008762585228372477,-0.003626412223014963,0.002525179014376433,0.00109913531792738,1.0,0.008762585228372477,0.07391940964362576,0.010066266536695734,0.19326673854194432,0.0013480367861465892,-0.006992539687060706,-0.01261806022040135,0.000706011614684865,0.03493152998859439,-0.011040273152804092,0.04485097010600425,-0.01615002211292138,0.0020589143883089633,0.004248329934729456,0.016205662989045688,0.020755103418944598,-0.0014510639718341434,-0.016311730615998554,-0.016311730615998554,-0.016311730615998554,0.05952645581510729,0.03120297031422148,-0.01934781956708842,0.041978002778787715,-0.03200248485634116,-0.030867417634058425,0.004958515905112426,0.012759172399359309,0.008621689294475154,0.06859932818534475,0.005791201612232344,0.06859932818534475,0.002927392300521192,-0.015709709156077167,0.004958515905112426,-0.0012902984757185987,0.0016937086886394948,0.0036606960776869313,0.004720636310325488,0.00521277020881461,0.012759172399359309,-0.03690215519828177,0.01117100403963489,-0.003323630578726977,-0.008389792564881704,-0.004681413928221634,0.002620897069275263,-0.005142000395117252,0.0020312629930769877,0.017239764473025332,1.0,0.0067261364889384945,-0.0022609886834281667,0.0008926768340740132,-0.02012678543041435,0.10820853810867637,-0.005373675607351025,-0.0010602612264296596,0.0026430271436356234,-0.0022609886834281667,-0.0008587202144916262,-0.02012678543041435,-0.005373675607351025,0.004248329934729456,0.022793504181923496,-0.001863924308793452,0.0006719899245328786,-0.001523573826348379,0.009472679925073613,-0.003323630578726977,0.004958515905112426,-0.0026223916276870707,0.00472000208554002
R3b_ms_only,0.00031459943293388193,-0.0005795884147545838,0.00033025910615358534,0.0014279229317321063,0.0011913514750553356,0.0018830590738390107,0.0018830590738390107,,0.0031071546205923006,0.0031071546205923006,,0.000838674252399807,0.000838674252399807,,0.0043114364872851585,,,0.0023230154517693835,0.003600164726422994,,-0.0018798417246863597,,,0.005272895258900401,0.005920294310099994,,0.0013325255906618816,,-0.016986725576536132,0.01470568212089618,-0.002272393431299813,-0.0011405217278199764,0.01696942552785563,-0.0011405217278199764,0.030551885969612447,0.030551885969612447,0.01470568212089618,2.49610310583126e-05,-2.827596704224611e-05,0.003945832518125636,,0.003932287587570249,,0.0034039526500300177,,0.0018650363605674514,0.0018144804155036942,,,0.044085264914592526,,0.07304540287787598,,0.3346645550248758,,0.04546238514532297,,0.31241029964576816,,0.4186153836393314,,0.32958188740379424,0.16027155861979359,0.20244048255092195,,0.39704820550616216,0.4051911030839763,,0.1111305920235568,0.0972083512479468,,0.03431026586486208,0.3394512370098922,,0.32839734269747056,0.32839734269747056,0.008346090400714767,0.008346090400714767,0.313808584659789,0.0008263693063418343,0.43188095193487697,0.0059121974692109,0.5224444831662229,0.006112648099741658,0.006058668781952048,0.006112648099741658,0.009210247481585054,0.003224783238932827,0.006058668781952048,-0.003336619527066542,-0.0010131198475327174,0.009320387614439207,0.0024569623793386786,0.0024971927436523433,0.25597276476949604,0.48670612083909337,-0.003336619527066542,-0.0010131198475327174,0.0024569623793386786,0.0024971927436523433,0.008646539608473836,0.009185935037792525,0.009463716188242932,0.005122721990402868,-0.0005627055717527529,-0.0059885742507965745,-0.0059885742507965745,0.00679071349504079,-0.002314693637273546,0.18487138959058402,0.003937440154031635,0.4953302906703245,0.016492854792918288,0.179324113717382,0.18149610360965296,0.4526646704091273,0.18487138959058402,0.376303386291597,0.4526646704091273,0.0032621495607437767,0.1546656250290004,0.06741390961805871,0.39704820550616216,0.1111305920235568,0.3176718960096565,0.4532314541654726,0.06741390961805871,0.004559288734911404,0.011627474108109603,0.017225480946390204,0.061448537960829275,0.04627049131102223,0.07301973373471504,0.4051327208866601,-0.002677226228317897,0.01796533971297587,0.0067261364889384945,0.07301973373471504,0.009476377799946034,0.003352172925281227,0.017225480946390204,-0.0025341653344337356,0.13794410762434384,0.08256308289399139,0.021668915784540665,0.03535489159887373,0.06107297530192246,0.02663676483956834,0.04718367277909785,0.02229260875817729,0.41211306507304357,0.045376172940456594,0.1896122831815633,0.13224491529723548,0.007510506408810458,0.007510506408810458,0.007510506408810458,0.0009866754736541639,0.016342950503908882,0.00270309511241984,-0.0008809256141879551,-0.001625535292464786,-0.012783963065657433,0.004457672349047814,0.008276667086087763,0.005353006517472059,0.020188550442434172,0.005353006517472059,0.020188550442434172,0.0020260988819886805,-0.0084193673438826,0.004457672349047814,0.01517309829252489,0.003931277694463442,0.003137240391948515,0.004208996050407698,-0.0005323380009971679,0.008276667086087763,-0.0008030232587812325,0.7800273680743665,0.39704820550616216,0.5817573264222444,0.38729300784317844,-0.0026060153246785234,0.39492016359106374,0.019649120437765122,0.6048728767091773,0.0067261364889384945,1.0,0.0023411193493924065,0.6607970234984665,0.031799476148479555,0.2947710362072623,-0.006333461789789219,-0.0010929404145076926,0.5122790163892148,0.0023411193493924065,0.012262871934503039,0.031799476148479555,-0.006333461789789219,0.41211306507304357,0.02090762186046924,0.1546656250290004,0.00824232358035315,0.06873706737156493,0.0068877147721932985,0.39704820550616216,0.004457672349047814,0.18291412531772577,0.002853705816239116
R4_tier0_dietrich28,-4.6963599568128345e-05,-8.123112761726503e-05,3.7183616726221835e-05,0.0025807614715747107,0.0006387853531013565,0.002412178820346944,0.002412178820346944,,0.0021264144644089766,0.0021264144644089766,,0.0010969372189295612,0.0010969372189295612,,0.001954903384089657,,,0.0014879981900861594,0.003993331916236409,,,,,0.001910623646550036,0.0025298952132911667,,,,,,,,,,,,,0.0014784322734824329,0.0011648010073852522,0.0001766198930022167,,6.073872464096297e-06,,0.0003278045757896253,,0.0025211268679733445,0.00025987377142422385,,,0.00421992663978088,,0.005413422092698128,,0.02943174995768394,,0.00420150467542868,,0.014551471803405436,,0.015430659792989965,,0.012505398439914495,0.008428852195908831,0.006007586686510025,,0.01872438746216376,0.011112289772513662,,0.01471292338913377,0.010815062578046652,,0.037213988982013335,0.017123337162896712,,0.013048324652338739,0.013048324652338739,0.3455267068507789,0.3455267068507789,0.01871144610904718,0.2757739783024101,0.0018509983791715756,-0.0017380450153658966,0.0069086314127361215,0.1345239930648533,0.022542809060799085,0.19123236985661463,0.012395059883963944,0.03434539227487354,0.022542809060799085,0.010817126338120264,0.004110338292033666,0.017378266848137813,0.015818026644840444,0.003616116082976628,0.016692346043696182,0.007270540815952131,0.010817126338120264,0.004110338292033666,0.015818026644840444,0.003616116082976628,-0.000349354547623415,-0.00014227228673813208,0.03252517160641977,-0.0004232877529386503,-0.0005583244176656788,0.011548811519149882,0.011548811519149882,,,0.012005039152236718,-0.0021109878516913927,-0.002057373472974744,,0.014345528012572939,0.042219008662535806,0.016958500307579616,0.012005039152236718,0.02301191342152098,0.016958500307579616,-9.650777830749746e-05,0.004393486315671269,0.00345337484006647,0.01872438746216376,0.01471292338913377,0.015774720483049842,0.015940888709879197,0.00345337484006647,0.014015747953194269,0.01602302016916146,0.00017790145748897146,0.0018059947989760294,0.004096352207499376,0.00728842722842582,0.024968283485650167,0.1637081991852103,0.03499459775777347,-0.0022609886834281667,0.00728842722842582,0.013514677851847234,0.016708370365103753,0.00017790145748897146,0.07008570329385444,0.025438768192158956,0.01547626521091372,0.0044668487816790226,0.014208749124440034,0.039513253192107634,0.007195749393543283,0.009871882944574528,0.004359230051336094,0.017318656293059065,0.004053159156909736,0.015105084408884917,0.02176258389996344,0.002484296874306957,0.002484296874306957,0.002484296874306957,0.0008184700633165898,0.0037598767941483535,0.0002628680877552192,0.0003870139871610112,-0.0006072592505697028,-0.0015229426951077762,0.4518605071028119,0.06303137472340814,0.06114122226262686,0.007841287680466436,0.0864467472708269,0.007841287680466436,0.09049220190162033,,0.4518605071028119,0.07514819384365856,0.09323748802056264,0.14637994474766924,0.12585192277906176,0.16647563633938667,0.06303137472340814,-4.389581768537987e-05,0.006988461361705167,0.01872438746216376,0.02009747592820066,0.018799460159043435,0.13543201760799317,0.018429253622203157,0.19329790031963923,0.007698344872853702,-0.0022609886834281667,0.0023411193493924065,1.0,0.02649224894832347,,,,,0.012392935271971606,1.0,,,,0.017318656293059065,0.41884122778999067,0.004393486315671269,0.10240523858892747,0.0053153274349614366,0.011955102061746214,0.01872438746216376,0.4518605071028119,0.029304304906673906,0.2467242788561138
R4_tier0_ms,-0.0003082965386376202,-0.0012073172565658652,-0.0004570840599469328,0.0032044671389450663,0.0023211294116320946,0.0037023986345618987,0.0037023986345618987,,0.006066695413693646,0.006066695413693646,,0.001778810332241032,0.001778810332241032,,0.004315395039213521,,,0.0047622168089304084,0.006205864523876725,,,,,0.006677005340588682,0.004949913619648361,,,,,,,,,,,,,0.0024253802688423143,0.0011640231125492617,0.005398139259261248,,0.004677021526752534,,0.005874815736370387,,0.004043350127356793,0.0011960022843219287,,,0.045631794477706045,,0.08485440550855383,,0.4288131153423955,,0.05056315637284603,,0.3673721616970185,,0.5055753736594172,,0.39986722200612157,0.17993362571275207,0.23325462796138596,,0.4672849212744079,0.5027862669868436,,0.15082042196831946,0.1280156479322747,,0.05637958523935149,0.43212873707714905,,0.3900684931895133,0.3900684931895133,0.02286486053624559,0.02286486053624559,0.37023121599763653,0.008715711271265913,0.5456288358614221,-4.0521922360037266e-05,0.5052298503425453,0.0035477031305830575,0.00540845972531212,-0.0008646510540923913,0.0016298046433845803,-0.0001489941078605117,0.00540845972531212,0.0023192378079744946,0.00015746895179979958,0.005992980910618284,0.0014057952523086614,0.00900567145443465,0.30357914316616375,0.4408071735499004,0.0023192378079744946,0.00015746895179979958,0.0014057952523086614,0.00900567145443465,-0.00039287781054686555,0.004470631730974839,0.004292532345138045,0.004058764940239157,-0.0006784387434053407,-0.0006669359353828064,-0.0006669359353828064,,,0.24669105663212787,-0.0030856271219719122,0.46645527761190586,,0.20115863711646298,0.22780962158657425,0.4507811979034403,0.24669105663212787,0.5026804978409423,0.4507811979034403,-9.955441296938261e-05,0.16143989771125977,0.08370653721214494,0.4672849212744079,0.15082042196831946,0.38297828019745206,0.5421669148233459,0.08370653721214494,0.007931104922191956,0.01853919310316876,0.030711858362333144,0.07165407054147044,0.049371475064393655,0.08310171365085661,0.5729584779098585,-0.0002959813306908643,-9.955441296938261e-05,0.0008926768340740132,0.08310171365085661,0.0171346305008363,0.009212235315700479,0.030711858362333144,-9.955441296938261e-05,0.18011640028204856,0.09983969414471983,0.03591540654840786,0.10602183779242103,0.1530699223183014,0.04881427448163733,0.06003529440260047,0.03593921868561267,0.5067348973205238,0.05212751431024487,0.29756874669078437,0.21765083963419873,0.00718672210534832,0.00718672210534832,0.00718672210534832,0.011024613866002952,0.03118347767299634,0.011488256767472338,0.0022988459579440512,-0.003910287475155316,-0.014122545250008,0.0073661140535700165,0.012683752706916351,0.004058764940239157,0.04741714972105204,0.0038291217914748765,0.04741714972105204,-0.0005366091982419441,,0.0073661140535700165,-0.0013183209122207273,0.0029496832821526153,0.002429841096258323,0.0032723567397019426,-0.00024720606839157,0.012683752706916351,-0.0013302420398051407,0.6523935600573266,0.4672849212744079,0.7644554798339995,0.48325780239203264,-0.00019821082463877815,0.47043965354774164,-0.00034453808974443945,0.669550997477329,0.0008926768340740132,0.6607970234984665,0.02649224894832347,1.0,,,,,0.586793631263266,0.02649224894832347,,,,0.5067348973205238,0.04001219748115448,0.16143989771125977,0.019597899494953053,0.08315595038705348,0.00744083581085675,0.4672849212744079,0.0073661140535700165,0.239363970955773,0.0015467939851626644
R4_tier1_dietrich28,0.0012104132188635042,-0.03437939275803914,-0.03320439239206441,-0.050229027537015414,-0.050354410592503784,-0.007394777521837925,-0.007394777521837925,,-0.008591129635417305,-0.008591129635417305,,-0.00858919747575837,-0.00858919747575837,,0.044040022725162165,,,0.023572731734201824,0.034195763424730075,,-0.0033509076536790694,,,0.04743153094695707,0.05154134164472779,,-0.006963829753616757,,,,,,,,,,,-0.049964995995012806,-0.050126831340009614,-0.008524851759704966,,-0.009039952743349344,,-0.008462195721032018,,-0.049907338426912196,-0.04486084491693054,,,-0.004448774163865243,,0.03364392626472301,,0.0027596062563838286,,0.01463188898430845,,0.0021786760462858545,,0.0004243924619815598,,-0.0012653382892910958,-0.003066192822892333,-0.003066192822892333,,-0.002380703704338849,0.001895041580051382,,0.04373444287178485,0.07759557073305945,,,-0.005379602233507308,,-0.004619185284284288,-0.004619185284284288,0.2901239562297624,0.2901239562297624,0.0030550817258411245,0.27707440992121257,-0.0016684159601507709,0.026534187785569374,0.015228118531824042,0.007672869459182885,-0.01786748778870373,0.007554021057713856,-0.01900042996662643,0.011539747880775275,-0.01786748778870373,-0.02066841242927997,-0.018076494825717715,0.007398208296183095,0.0058819061472881184,-0.021823419567103874,-0.006590240816513271,0.01707285471967024,-0.02066841242927997,-0.018076494825717715,0.0058819061472881184,-0.021823419567103874,0.0022646742778736906,0.0019477470692093046,0.0026927469239020896,0.005936062991354296,0.0036796013282339723,-0.050735371162156095,-0.050735371162156095,0.01141383464685497,0.2774089473465031,-0.00021524645070258863,-0.031137142191999256,0.016060636258653727,0.9842934335811532,0.006467951598331578,-0.00042886936729513714,0.010675036975695384,-0.00021524645070258863,-0.001167184217294226,0.010675036975695384,0.011539747880775275,0.019133746152743214,0.06865197074129481,-0.002380703704338849,0.04373444287178485,0.01101536797266045,0.003877732641115905,0.06865197074129481,0.015922727416277094,0.09351449297990011,0.05463693392672242,-0.009899322669139066,0.048487535509555424,0.13810133441467598,-0.0005350777297103981,0.2906361532931292,0.98131870016983,-0.02012678543041435,0.13810133441467598,0.05571995122123885,0.009522698339555657,0.05463693392672242,0.2808795117912233,-0.002380703704338849,0.006469731385079003,0.02599228127188613,0.03700618980259318,0.13128102823668608,0.03273341254619622,0.05254299978290122,0.024151916112718164,0.013041351021765735,0.039347822255815124,0.005587290495431496,-0.003309512400796244,-0.00699759405546474,-0.00699759405546474,-0.00699759405546474,0.002531395449532403,0.0030648700977043974,-0.029496022924211607,0.001203361615291887,-0.004752149291919139,-0.03547920460286491,0.013073569323539092,-0.007103570548054439,0.012701869427389822,0.04052155321747242,0.013073569323539092,0.04052155321747242,0.016659007352941235,0.9101935523379759,0.013073569323539092,0.9643671973957705,0.014137842505718257,0.016208642631719505,0.018223539266131183,0.014601936832073337,-0.007103570548054439,-0.007537859245303258,0.02465229508221556,-0.002380703704338849,-0.0033663337185863007,0.0008370113206243035,0.2906361532931292,0.01811357053226914,0.9813553188318027,0.0057199486980581415,-0.02012678543041435,0.031799476148479555,,,1.0,-0.0001245467837132086,,,,,0.007060550599864768,1.0,,0.013041351021765735,0.02457867454388607,0.019133746152743214,0.0068481140214491365,0.0706935338316319,-0.041535303854206784,-0.002380703704338849,0.013073569323539092,-0.0038287850830338588,0.008184916538690357
R4_tier1_ms,-0.0008681266143395483,-0.010463893318928275,0.022960135816494587,0.0019080750473219332,0.0006391355928168085,0.0013203624680377946,0.0013203624680377946,,0.0038305669465259484,0.0038305669465259484,,0.002750971351006659,0.002750971351006659,,0.009038074122789563,,,0.007668659193558525,0.0173734099414512,,-0.0031844126658893135,,,-0.0044385308297771875,0.0038109015051716044,,0.006914109078953623,,,,,,,,,,,0.0017742504618087906,0.00038343732632017957,-0.002611744040637909,,-0.00013994700107788915,,-0.0024711092121725287,,-0.0009760275061414525,0.003488439699515955,,,0.11885099144600741,,0.017788063647114938,,0.02360790760610121,,0.01765317161006852,,0.02941001895183548,,0.01692640392335465,,0.027966713328284487,0.010515498568748116,0.010515498568748116,,0.018240009421100933,0.018777411729778315,,0.04608367525584944,0.05711168037639158,,,0.020717959677301723,,0.04789608088770203,0.04789608088770203,-0.002780425168779521,-0.002780425168779521,0.05868723356397432,-0.008852197012965801,0.12435444112364558,-0.008119309339447822,0.24784819353412468,0.003231069866487468,0.0094612127116378,0.0066659946888201205,0.013822288935275484,0.003118373241280281,0.0094612127116378,0.009243219051114249,-0.006129443630512821,0.006212973379007503,0.004687662464171516,-0.0024584215418770317,-0.00027906018960011103,0.09057224704612377,0.009243219051114249,-0.006129443630512821,0.004687662464171516,-0.0024584215418770317,0.00527280460751367,0.001471898709139552,0.0023398928816625864,-0.0018875778836544566,-0.0003224735564484327,0.015726507272574297,0.015726507272574297,0.006547770785934159,-0.007787336522319999,-0.00021534183690041786,0.11303786405132277,0.11145989380870769,-0.0031767735240526562,0.01610155163753524,0.003118373241280281,0.08584252750954113,-0.00021534183690041786,-0.0011734748175120657,0.08584252750954113,0.0066659946888201205,0.04119923068220388,0.01663077938519142,0.018240009421100933,0.04608367525584944,0.059984202094572336,0.033380488779296225,0.01663077938519142,0.021257501033030368,0.01737772326019682,0.022186491148423415,0.16402728201601235,0.007752059395949917,0.02781605639597673,0.010089489963167941,-0.00525830034551511,-0.0017266382296599048,0.10820853810867637,0.02781605639597673,0.017193191132567565,0.02215384382170149,0.022186491148423415,-0.008283839855624642,0.007923792357224624,0.03287796016622346,-0.004666222505222972,0.033906189520647945,0.0022990549118576675,0.04091843152393526,0.03142650264810076,-0.001320581709243429,0.07017719467497407,0.010058487536895755,0.06306918312846477,0.012179101888055044,0.01707349605394859,0.01707349605394859,0.01707349605394859,0.0008250386742488791,0.009525277273808697,0.0218355665120733,0.0011439802169690427,-0.0047990813187190895,-0.034222577724647874,0.01480127039980883,-0.0005342770984677614,0.004152872896690862,0.04558586280560528,0.007923792357224624,0.04558586280560528,0.00769090839239206,-0.007317457162360874,0.01480127039980883,0.0011028339651651953,-0.0011994656485467825,-0.0024555044209453314,-0.0009023421428382417,0.0023398928816625864,-0.0005342770984677614,0.009025803995592607,0.3141760797158347,0.018240009421100933,0.0034771541231054526,0.03447545397090057,-0.00525830034551511,0.05581545724525594,0.002064197948650426,0.12892620166321678,0.10820853810867637,0.2947710362072623,,,-0.0001245467837132086,1.0,,,,,0.0026713180431324757,-0.0001245467837132086,,0.07017719467497407,0.024019355304002676,0.04119923068220388,0.008991668060406521,0.014996880009019997,0.015879446863938385,0.018240009421100933,0.01480127039980883,0.01964252779280473,0.013666419623253878
R4_tier2_dietrich28,-0.017121504487120465,,,0.0013678038401946369,0.0012352438603790983,0.0018185765608172977,0.0018185765608172977,,0.0023391822142828644,0.0023391822142828644,,0.0022134074543416205,0.0022134074543416205,,0.007873319458436834,,,-0.0015486833329039218,0.0086536547013083,,0.09522045201926643,,,0.00550889759446993,0.014901436685599623,,0.07889955878536214,,0.0011296218666088098,-2.2425845338513994e-06,0.0011296218666088098,-0.004529700389104496,-0.0011341070356765126,-0.004529700389104496,0.0011296218666088098,0.003393350768894021,-2.2425845338513994e-06,0.001690479924524535,0.0021444503275346305,0.003691016876792408,,0.00022356242749765887,,0.000518204836348013,,0.0013360078619244486,,0.008380911282148795,0.008380911282148795,-0.0028728696882764915,,0.012895756162723093,,-0.002648756030649846,,0.0079532575215564,,-0.00594304410173585,,-0.0023832491630255692,,-0.002890247993600159,0.021530986896246218,-0.00411615394415743,,-0.000991641875619731,-0.0005286310344176925,,0.031071031022633755,0.01370819060026407,,,-0.0014005368724676615,,-0.003978402955385096,-0.003978402955385096,-0.002890247993600159,-0.002890247993600159,-0.004365090282171913,0.134382625910209,-0.003499323994228254,-0.0038304902817094533,-0.006333461789789219,,-0.0055905343828805965,,-0.005721236363986026,-0.0004419052428901171,-0.0055905343828805965,-0.005649132971899284,-0.005496205001308763,-0.002599385224764328,0.07111079850182,-0.005434510393188097,-0.006425270621003953,-0.005738946265699596,-0.005649132971899284,-0.005496205001308763,0.07111079850182,-0.005434510393188097,-0.0036466712633111964,-0.002213438735177986,-0.001991654021244349,-0.0038293767905215326,-0.0004419052428901171,-0.006637563386668877,-0.006637563386668877,-0.0004419052428901171,,-0.0014005368724676615,-0.005178104017298235,-0.0055437997302347775,,,-0.0005286310344176925,-0.005645429100052279,-0.0014005368724676615,,-0.005645429100052279,-0.0004419052428901171,0.03092707911824688,0.004737118785109962,-0.000991641875619731,0.031071031022633755,0.07815835665828541,-0.0014005368724676615,0.004737118785109962,0.04596407213750142,0.050753254955907545,0.013394307171886055,-0.004133008673220306,0.01240721917455001,0.021375491420131065,-0.0005286310344176925,-0.000991641875619731,0.2492562685932852,-0.005373675607351025,0.021375491420131065,0.026294453008078866,0.04534441398732425,0.013394307171886055,-0.0005286310344176925,-0.00411615394415743,-0.00681564511149646,0.009615738745015423,0.011814438739028987,0.018844568637307324,0.005072938893810552,0.016961791450099573,0.009806170067359288,-0.003671248442997266,0.011999077899340294,-0.006257202574742271,-0.005645429100052279,9.341746981561538e-05,9.341746981561538e-05,9.341746981561538e-05,,0.0057974165611198725,0.015254505530861717,0.0006423744495562822,-0.0012313378331496594,-0.0015354924553026006,-0.003200337618034288,0.027823917027332667,-0.001746637722384481,0.006830667806128621,-0.0014745378903575634,0.006830667806128621,-0.001991654021244349,,-0.003200337618034288,-0.004488518899318006,0.10370037677470856,-0.001991654021244349,0.09820751138088002,-0.0004419052428901171,0.027823917027332667,,-0.006648304682306039,-0.000991641875619731,-0.0015683435878874885,-0.000991641875619731,-0.0005286310344176925,-0.0014005368724676615,-0.0005286310344176925,-0.0014005368724676615,-0.005373675607351025,-0.006333461789789219,,,,,1.0,-0.000991641875619731,,,,,1.0,-0.003671248442997266,0.10466875935005748,0.03092707911824688,-0.005614763083734875,0.013785310458990119,0.010499761810210062,-0.000991641875619731,-0.003200337618034288,-0.005373675607351025,0.050141923220180074
R4_tier2_ms,-0.0016507351529808645,,,-0.0011321797365835273,0.001144418567224692,-0.00015802312791191042,-0.00015802312791191042,,-0.001132408022878728,-0.001132408022878728,,-0.0011323164580590017,-0.0011323164580590017,,0.002044478483921086,,,0.0017092255232891151,0.004458469795035058,,-0.0016242555495398214,,,0.0022346147107726866,-0.0016882444870716107,,-0.0016387621882936187,,0.0011315419068563815,-3.203686032016151e-07,-3.203686032016151e-07,-3.203686032016151e-07,0.0011315419068563815,-3.203686032016151e-07,-3.203686032016151e-07,-3.203686032016151e-07,0.0011315419068563815,0.0006911242408084162,0.0006277649214676551,0.001449898392012261,,-0.00022684667612571374,,0.0007441347600962711,,3.7406962594466187e-05,,0.0016806674975371472,0.0016806674975371472,0.003828230428890911,,0.0018628418122002,,-0.000881362334351099,,0.0003128065453031903,,-0.0010806892688872693,,-0.0008498583569405138,,-0.0009065669443026891,-0.0010956419895347125,-0.0009999833336111763,,-0.0005664117813650726,-0.0003775365738556413,,-0.0011093225294964704,-0.0011070767243710478,,,-0.00067977114371498,,-0.000991641875619731,-0.000991641875619731,-0.0009065669443026891,-0.0009065669443026891,-0.0010140324192129402,-0.0009999833336111763,-0.0009589190367222944,-0.0009821883912888296,-0.0010929404145076926,,-0.0011032064771820949,,-0.0011073800365435371,-0.0003775365738556413,-0.0011032064771820949,-0.0011050976169562077,-0.0010922036238489863,-0.0009271898421201463,-0.0009821883912888296,-0.0010980058796443704,-0.0010956419895347125,-0.0010737454328535456,-0.0011050976169562077,-0.0010922036238489863,-0.0009821883912888296,-0.0010980058796443704,-0.0010140324192129402,-0.000881362334351099,-0.0008498583569405138,-0.0010254057773519953,-0.0003775365738556413,-0.0002252035080902992,-0.0002252035080902992,-0.0003775365738556413,,-0.00067977114371498,-0.0010524185387574825,-0.0010667200026668322,,,-0.0003775365738556413,-0.0010704278563109515,-0.00067977114371498,,-0.0010704278563109515,-0.0003775365738556413,-0.001122003577817443,-0.0011286573300288705,-0.0005664117813650726,-0.0011093225294964704,-0.0010704278563109515,-0.00067977114371498,-0.0011286573300288705,-0.0011278060004085155,0.004886122374304747,-0.001125242810150029,0.0025786233488730437,0.0011366717852197006,-0.0011266909880791598,-0.0003775365738556413,-0.0005664117813650726,-0.0005664117813650726,-0.0010602612264296596,-0.0011266909880791598,-0.0011268682289058418,-0.0011272984876951053,-0.001125242810150029,-0.0003775365738556413,-0.0009999833336111763,-0.001106448435454821,0.00021820898573898795,0.0003885792136799626,-0.001129084314808626,-0.0001326996383297363,-0.0011311064282781835,0.0002329511530790862,-0.0009713846278380789,0.0006838801334364542,-0.0010906466358362454,-0.0010704278563109515,1.3300531842785901e-05,1.3300531842785901e-05,1.3300531842785901e-05,,-0.0011295593889257827,0.000556696823865277,9.148110772183582e-05,-0.0004626038203221494,-0.00042188061583314784,-0.0009821883912888296,-0.0010871513742634065,-0.0008093561571769214,-0.0011177053980448992,-0.0007553583231045824,-0.0011177053980448992,-0.0008498583569405138,-0.0031152647975076775,-0.0009821883912888296,-0.0009065669443026891,-0.0008093561571769214,-0.0008498583569405138,-0.0008498583569405138,-0.0003775365738556413,-0.0010871513742634065,,-0.0011019457213019557,-0.0005664117813650726,-0.0008438818565401629,-0.0005664117813650726,-0.0003775365738556413,-0.00067977114371498,-0.0003775365738556413,-0.00067977114371498,-0.0010602612264296596,-0.0010929404145076926,,,,,-0.000991641875619731,1.0,,,,,-0.000991641875619731,-0.0009713846278380789,-0.0010806892688872693,-0.001122003577817443,-0.0010389119758216214,0.003262425803116087,-0.0011315158319709084,-0.0005664117813650726,-0.0009821883912888296,-0.0010602612264296596,-0.0010426937767047395
R4b_tier0_all,-0.00012110052166125485,-0.0010957637251682861,-0.0005065831213444394,0.0016720838456248943,-0.00015802007212317726,0.00213706200269681,0.00213706200269681,,0.003099581537182039,0.003099581537182039,,-0.0006347646982982624,-0.0006347646982982624,,0.0017337849880821876,,,0.0036800273250472415,0.004382786619176682,,,,,0.004779871991019591,0.001297950081599386,,,,,,,,,,,,,0.001581965154970777,0.0008404336644813881,0.00481411534921361,,0.006985807455425541,,0.006379481897566763,,0.0023687120304664022,-0.00015368472249099874,,,0.03782427652428677,,0.07300000507051319,,0.47229858474510367,,0.041639726484593576,,0.3637671969163836,,0.5879564259766046,,0.48622532630647,0.15136764610281006,0.2050228441032479,,0.6551227596387484,0.677739208104505,,0.1594215740839382,0.13468464124525514,,0.052825674798293254,0.4727346303799175,,0.46889577569835983,0.46889577569835983,0.018700546419310515,0.018700546419310515,0.3989196636801494,0.006295577936204166,0.49190388753366265,0.009779498489969174,0.39766751148241875,0.004493470747821138,0.010470695959182708,-0.0008570142818131732,0.006266323914686844,-0.00014876567806765273,0.010470695959182708,-0.001830417363664516,0.00033770520608134014,-0.0022706606674778307,-0.002606486828543808,0.005827099194121943,0.2123250830505491,0.3440482447457073,-0.001830417363664516,0.00033770520608134014,-0.002606486828543808,0.005827099194121943,-0.00039129349735778085,-0.00014876567806765273,-0.00029508123885491067,-0.00048646084121517497,-0.0006737281433115694,0.00416983881069144,0.00416983881069144,,,0.3724488457885242,-0.005991012346818314,0.3817844584412071,,0.3052761417312144,0.3480623340772223,0.36665543055519,0.3724488457885242,0.4282329136525135,0.36665543055519,-9.945237622654979e-05,0.13190861761745376,0.0792175213673898,0.6551227596387484,0.1594215740839382,0.41790642262708044,0.6535017001347938,0.0792175213673898,0.008376349216627665,0.022095319165255978,0.030653434962378268,0.05774759320720246,0.041681562707329145,0.07882756233843802,0.7418407979843847,-0.00029508123885491067,-9.945237622654979e-05,0.0026430271436356234,0.07882756233843802,0.020050116362658188,0.008357130491464915,0.030653434962378268,-9.945237622654979e-05,0.1873906308595633,0.09746031638516695,0.030931917078859783,0.09746382729809333,0.11305805514938094,0.04437358789865986,0.04906633000448557,0.030796095159436154,0.5442848605235098,0.04561579647917857,0.34191765579066136,0.2687733149133531,1.4945537720523205e-05,1.4945537720523205e-05,1.4945537720523205e-05,0.010223714483829194,0.025797469917259952,0.006521704099333059,0.0026732154677384656,-0.00465363394062579,-0.01370045203582615,0.009171241653465168,0.012616603796874015,-0.00048646084121517497,0.047906120749820924,-0.0006737281433115694,0.047906120749820924,-0.0005336579752683868,,0.009171241653465168,-0.004688618871680372,-0.0013842160310306717,-0.001799284682106661,-0.0011247521630977086,-0.00024657787388093766,0.012616603796874015,-0.001912431506809753,0.5010121292419764,0.6551227596387484,0.5805739121845211,0.6597194712110366,-0.00019780676133862585,0.6094861222711867,-0.0003433190550785614,0.5544026128481097,0.0026430271436356234,0.5122790163892148,0.012392935271971606,0.586793631263266,,,,,1.0,0.012392935271971606,,,,0.5442848605235098,0.015062881170306297,0.13190861761745376,-0.0008454387081342496,0.08175728372265878,0.007625671950811763,0.6551227596387484,0.009171241653465168,0.22929621973556458,-0.002496158134356552
R4b_tier0_card,-4.6963599568128345e-05,-8.123112761726503e-05,3.7183616726221835e-05,0.0025807614715747107,0.0006387853531013565,0.002412178820346944,0.002412178820346944,,0.0021264144644089766,0.0021264144644089766,,0.0010969372189295612,0.0010969372189295612,,0.001954903384089657,,,0.0014879981900861594,0.003993331916236409,,,,,0.001910623646550036,0.0025298952132911667,,,,,,,,,,,,,0.0014784322734824329,0.0011648010073852522,0.0001766198930022167,,6.073872464096297e-06,,0.0003278045757896253,,0.0025211268679733445,0.00025987377142422385,,,0.00421992663978088,,0.005413422092698128,,0.02943174995768394,,0.00420150467542868,,0.014551471803405436,,0.015430659792989965,,0.012505398439914495,0.008428852195908831,0.006007586686510025,,0.01872438746216376,0.011112289772513662,,0.01471292338913377,0.010815062578046652,,0.037213988982013335,0.017123337162896712,,0.013048324652338739,0.013048324652338739,0.3455267068507789,0.3455267068507789,0.01871144610904718,0.2757739783024101,0.0018509983791715756,-0.0017380450153658966,0.0069086314127361215,0.1345239930648533,0.022542809060799085,0.19123236985661463,0.012395059883963944,0.03434539227487354,0.022542809060799085,0.010817126338120264,0.004110338292033666,0.017378266848137813,0.015818026644840444,0.003616116082976628,0.016692346043696182,0.007270540815952131,0.010817126338120264,0.004110338292033666,0.015818026644840444,0.003616116082976628,-0.000349354547623415,-0.00014227228673813208,0.03252517160641977,-0.0004232877529386503,-0.0005583244176656788,0.011548811519149882,0.011548811519149882,,,0.012005039152236718,-0.0021109878516913927,-0.002057373472974744,,0.014345528012572939,0.042219008662535806,0.016958500307579616,0.012005039152236718,0.02301191342152098,0.016958500307579616,-9.650777830749746e-05,0.004393486315671269,0.00345337484006647,0.01872438746216376,0.01471292338913377,0.015774720483049842,0.015940888709879197,0.00345337484006647,0.014015747953194269,0.01602302016916146,0.00017790145748897146,0.0018059947989760294,0.004096352207499376,0.00728842722842582,0.024968283485650167,0.1637081991852103,0.03499459775777347,-0.0022609886834281667,0.00728842722842582,0.013514677851847234,0.016708370365103753,0.00017790145748897146,0.07008570329385444,0.025438768192158956,0.01547626521091372,0.0044668487816790226,0.014208749124440034,0.039513253192107634,0.007195749393543283,0.009871882944574528,0.004359230051336094,0.017318656293059065,0.004053159156909736,0.015105084408884917,0.02176258389996344,0.002484296874306957,0.002484296874306957,0.002484296874306957,0.0008184700633165898,0.0037598767941483535,0.0002628680877552192,0.0003870139871610112,-0.0006072592505697028,-0.0015229426951077762,0.4518605071028119,0.06303137472340814,0.06114122226262686,0.007841287680466436,0.0864467472708269,0.007841287680466436,0.09049220190162033,,0.4518605071028119,0.07514819384365856,0.09323748802056264,0.14637994474766924,0.12585192277906176,0.16647563633938667,0.06303137472340814,-4.389581768537987e-05,0.006988461361705167,0.01872438746216376,0.02009747592820066,0.018799460159043435,0.13543201760799317,0.018429253622203157,0.19329790031963923,0.007698344872853702,-0.0022609886834281667,0.0023411193493924065,1.0,0.02649224894832347,,,,,0.012392935271971606,1.0,,,,0.017318656293059065,0.41884122778999067,0.004393486315671269,0.10240523858892747,0.0053153274349614366,0.011955102061746214,0.01872438746216376,0.4518605071028119,0.029304304906673906,0.2467242788561138
R4b_tier1_all,8.509038450066342e-06,-0.0005261103323457306,-0.0005256156779029908,-0.000446864884278364,-0.000419604984333688,4.706176661928296e-06,4.706176661928296e-06,,0.0002804298617432588,0.0002804298617432588,,4.888656097368216e-05,4.888656097368216e-05,,5.328574551610732e-05,,,0.00011079036004624232,-0.0005229506429995645,,-0.0004523701816625536,,,0.00023526639265136762,0.0003881503934096697,,-0.0004854441281487709,,,,,,,,,,,-0.00020643229114125639,2.4531983847220218e-05,-0.000617048455666902,,-0.0002642427093779709,,-0.0002713178451725362,,-0.00022192976879864545,-0.0005285942006578725,,,0.002703883572492183,,0.006137056775997851,,0.021451679362444298,,0.004264911806042271,,0.0355543550634847,,-0.0006961061561889803,,-0.0007456051237986205,0.05198473999095332,-0.0006827744539936731,,-0.0006416347738149586,0.07351060060414727,,0.007724631774562285,0.009301860966789532,,,0.031014922273924328,,-0.0007921048992711732,-0.0007921048992711732,0.03769383350590716,0.03769383350590716,0.045227719966918656,0.03806816601314522,0.012868868180932802,-0.0007913294219270561,0.006360196441510091,-0.00023576217490606233,-0.0008459779511056364,-0.00028816886695604005,-0.0008495109083657137,-0.00028816886695604005,-0.0008459779511056364,-0.0008425913111971273,-0.0008459255356176865,-0.0007144619795769191,-0.0007495846652276761,-0.0008446946186388971,-0.0007750648169013719,0.03376286401840145,-0.0008425913111971273,-0.0008459255356176865,-0.0007495846652276761,-0.0008446946186388971,-0.0005765038643774645,-0.0006085513475209137,-0.0005006101185820455,-0.0005986903648269593,-0.00023576217490606233,-0.00038140533615749206,-0.00038140533615749206,-0.00033251728050753826,0.04369141392238873,-0.00017288139255966506,-0.0008584464412972892,0.02956598658399745,0.007302672108106534,-0.0005353029737624748,-0.00028816886695604005,0.03930255638512481,-0.00017288139255966506,-0.00036662864591807676,0.03930255638512481,-0.00028816886695604005,-0.0007943363815992033,0.0048525989122401025,-0.0006416347738149586,0.007724631774562285,0.024827038743413854,-0.0007076201848659203,0.0048525989122401025,0.0020301632286862104,0.0020544214088388246,-0.00039580336293942864,0.0023914440078415256,0.005999055964952871,0.0055568875159337505,0.15356479307033988,0.04047623161089575,0.00715565595242873,-0.0008587202144916262,0.0055568875159337505,0.001914678121931579,0.0017598975510978443,-0.00039580336293942864,0.04090683845391485,-0.0006416347738149586,-0.0008409570090763818,0.0010273587919672478,0.0008283416974644853,0.009832578547405713,0.0005947448419458823,0.0036973618028413036,0.0010520407947604005,0.03206004723313949,0.003946025739888781,0.011382380747063991,-0.0007784372871462164,0.0007017869430835377,0.0007017869430835377,0.0007017869430835377,2.162700111763005e-05,2.718794777478717e-05,-0.0008578502005893718,2.0609014427130923e-05,-0.0007413413645314115,-0.0008591256909145084,-0.0006416347738149586,-0.0008324896338542942,-0.0006613399128176933,-0.0002785720497766597,-0.0006416347738149586,-0.0002785720497766597,-0.0006551695333063545,0.03978072191805637,-0.0006416347738149586,0.00687694944484063,-0.0007343424422394662,-0.0007600763352526574,-0.0007265037654948792,-0.0005006101185820455,-0.0008324896338542942,-0.0004970502917114317,0.024198823643892697,-0.0006416347738149586,-0.0004612861340806962,0.10750353899172704,0.04047623161089575,0.03930255638512481,0.007123701567864904,0.020277202572292485,-0.0008587202144916262,0.012262871934503039,,,0.007060550599864768,0.0026713180431324757,,,,,1.0,0.007060550599864768,,0.03206004723313949,-0.0008137038622502146,-0.0007943363815992033,-0.0007292191102044043,0.004632641160080886,-0.0008628441337825699,-0.0006416347738149586,-0.0006416347738149586,0.04279486245431785,-0.0006918844120604728
R4b_tier1_card,0.0012104132188635042,-0.03437939275803914,-0.03320439239206441,-0.050229027537015414,-0.050354410592503784,-0.007394777521837925,-0.007394777521837925,,-0.008591129635417305,-0.008591129635417305,,-0.00858919747575837,-0.00858919747575837,,0.044040022725162165,,,0.023572731734201824,0.034195763424730075,,-0.0033509076536790694,,,0.04743153094695707,0.05154134164472779,,-0.006963829753616757,,,,,,,,,,,-0.049964995995012806,-0.050126831340009614,-0.008524851759704966,,-0.009039952743349344,,-0.008462195721032018,,-0.049907338426912196,-0.04486084491693054,,,-0.004448774163865243,,0.03364392626472301,,0.0027596062563838286,,0.01463188898430845,,0.0021786760462858545,,0.0004243924619815598,,-0.0012653382892910958,-0.003066192822892333,-0.003066192822892333,,-0.002380703704338849,0.001895041580051382,,0.04373444287178485,0.07759557073305945,,,-0.005379602233507308,,-0.004619185284284288,-0.004619185284284288,0.2901239562297624,0.2901239562297624,0.0030550817258411245,0.27707440992121257,-0.0016684159601507709,0.026534187785569374,0.015228118531824042,0.007672869459182885,-0.01786748778870373,0.007554021057713856,-0.01900042996662643,0.011539747880775275,-0.01786748778870373,-0.02066841242927997,-0.018076494825717715,0.007398208296183095,0.0058819061472881184,-0.021823419567103874,-0.006590240816513271,0.01707285471967024,-0.02066841242927997,-0.018076494825717715,0.0058819061472881184,-0.021823419567103874,0.0022646742778736906,0.0019477470692093046,0.0026927469239020896,0.005936062991354296,0.0036796013282339723,-0.050735371162156095,-0.050735371162156095,0.01141383464685497,0.2774089473465031,-0.00021524645070258863,-0.031137142191999256,0.016060636258653727,0.9842934335811532,0.006467951598331578,-0.00042886936729513714,0.010675036975695384,-0.00021524645070258863,-0.001167184217294226,0.010675036975695384,0.011539747880775275,0.019133746152743214,0.06865197074129481,-0.002380703704338849,0.04373444287178485,0.01101536797266045,0.003877732641115905,0.06865197074129481,0.015922727416277094,0.09351449297990011,0.05463693392672242,-0.009899322669139066,0.048487535509555424,0.13810133441467598,-0.0005350777297103981,0.2906361532931292,0.98131870016983,-0.02012678543041435,0.13810133441467598,0.05571995122123885,0.009522698339555657,0.05463693392672242,0.2808795117912233,-0.002380703704338849,0.006469731385079003,0.02599228127188613,0.03700618980259318,0.13128102823668608,0.03273341254619622,0.05254299978290122,0.024151916112718164,0.013041351021765735,0.039347822255815124,0.005587290495431496,-0.003309512400796244,-0.00699759405546474,-0.00699759405546474,-0.00699759405546474,0.002531395449532403,0.0030648700977043974,-0.029496022924211607,0.001203361615291887,-0.004752149291919139,-0.03547920460286491,0.013073569323539092,-0.007103570548054439,0.012701869427389822,0.04052155321747242,0.013073569323539092,0.04052155321747242,0.016659007352941235,0.9101935523379759,0.013073569323539092,0.9643671973957705,0.014137842505718257,0.016208642631719505,0.018223539266131183,0.014601936832073337,-0.007103570548054439,-0.007537859245303258,0.02465229508221556,-0.002380703704338849,-0.0033663337185863007,0.0008370113206243035,0.2906361532931292,0.01811357053226914,0.9813553188318027,0.0057199486980581415,-0.02012678543041435,0.031799476148479555,,,1.0,-0.0001245467837132086,,,,,0.007060550599864768,1.0,,0.013041351021765735,0.02457867454388607,0.019133746152743214,0.0068481140214491365,0.0706935338316319,-0.041535303854206784,-0.002380703704338849,0.013073569323539092,-0.0038287850830338588,0.008184916538690357
R4b_tier2_card,-0.017121504487120465,,,0.0013678038401946369,0.0012352438603790983,0.0018185765608172977,0.0018185765608172977,,0.0023391822142828644,0.0023391822142828644,,0.0022134074543416205,0.0022134074543416205,,0.007873319458436834,,,-0.0015486833329039218,0.0086536547013083,,0.09522045201926643,,,0.00550889759446993,0.014901436685599623,,0.07889955878536214,,0.0011296218666088098,-2.2425845338513994e-06,0.0011296218666088098,-0.004529700389104496,-0.0011341070356765126,-0.004529700389104496,0.0011296218666088098,0.003393350768894021,-2.2425845338513994e-06,0.001690479924524535,0.0021444503275346305,0.003691016876792408,,0.00022356242749765887,,0.000518204836348013,,0.0013360078619244486,,0.008380911282148795,0.008380911282148795,-0.0028728696882764915,,0.012895756162723093,,-0.002648756030649846,,0.0079532575215564,,-0.00594304410173585,,-0.0023832491630255692,,-0.002890247993600159,0.021530986896246218,-0.00411615394415743,,-0.000991641875619731,-0.0005286310344176925,,0.031071031022633755,0.01370819060026407,,,-0.0014005368724676615,,-0.003978402955385096,-0.003978402955385096,-0.002890247993600159,-0.002890247993600159,-0.004365090282171913,0.134382625910209,-0.003499323994228254,-0.0038304902817094533,-0.006333461789789219,,-0.0055905343828805965,,-0.005721236363986026,-0.0004419052428901171,-0.0055905343828805965,-0.005649132971899284,-0.005496205001308763,-0.002599385224764328,0.07111079850182,-0.005434510393188097,-0.006425270621003953,-0.005738946265699596,-0.005649132971899284,-0.005496205001308763,0.07111079850182,-0.005434510393188097,-0.0036466712633111964,-0.002213438735177986,-0.001991654021244349,-0.0038293767905215326,-0.0004419052428901171,-0.006637563386668877,-0.006637563386668877,-0.0004419052428901171,,-0.0014005368724676615,-0.005178104017298235,-0.0055437997302347775,,,-0.0005286310344176925,-0.005645429100052279,-0.0014005368724676615,,-0.005645429100052279,-0.0004419052428901171,0.03092707911824688,0.004737118785109962,-0.000991641875619731,0.031071031022633755,0.07815835665828541,-0.0014005368724676615,0.004737118785109962,0.04596407213750142,0.050753254955907545,0.013394307171886055,-0.004133008673220306,0.01240721917455001,0.021375491420131065,-0.0005286310344176925,-0.000991641875619731,0.2492562685932852,-0.005373675607351025,0.021375491420131065,0.026294453008078866,0.04534441398732425,0.013394307171886055,-0.0005286310344176925,-0.00411615394415743,-0.00681564511149646,0.009615738745015423,0.011814438739028987,0.018844568637307324,0.005072938893810552,0.016961791450099573,0.009806170067359288,-0.003671248442997266,0.011999077899340294,-0.006257202574742271,-0.005645429100052279,9.341746981561538e-05,9.341746981561538e-05,9.341746981561538e-05,,0.0057974165611198725,0.015254505530861717,0.0006423744495562822,-0.0012313378331496594,-0.0015354924553026006,-0.003200337618034288,0.027823917027332667,-0.001746637722384481,0.006830667806128621,-0.0014745378903575634,0.006830667806128621,-0.001991654021244349,,-0.003200337618034288,-0.004488518899318006,0.10370037677470856,-0.001991654021244349,0.09820751138088002,-0.0004419052428901171,0.027823917027332667,,-0.006648304682306039,-0.000991641875619731,-0.0015683435878874885,-0.000991641875619731,-0.0005286310344176925,-0.0014005368724676615,-0.0005286310344176925,-0.0014005368724676615,-0.005373675607351025,-0.006333461789789219,,,,,1.0,-0.000991641875619731,,,,,1.0,-0.003671248442997266,0.10466875935005748,0.03092707911824688,-0.005614763083734875,0.013785310458990119,0.010499761810210062,-0.000991641875619731,-0.003200337618034288,-0.005373675607351025,0.050141923220180074
R5_ExtraTrees_all_multimodal,0.0002884512099967651,0.0018708693342052163,0.002549844204206231,0.001336895489958967,0.0008998976035015094,0.0014934076511863292,0.0014934076511863292,,0.0023952454284488223,0.0023952454284488223,,0.0003208750816221517,0.0003208750816221517,,0.0016962649781461225,,,0.0016815574186080928,0.004192807104505314,,-0.001817341581925369,,,0.0028966199791676805,-0.0003287190352934122,,-0.002681694812441071,,0.0033936700508857554,-1.922214698968361e-06,-1.922214698968361e-06,-0.004529378568811859,0.002261805962357477,-0.004529378568811859,0.006789262316470479,0.006789262316470479,0.002261805962357477,0.001408033315105972,0.0003750308595447116,0.004479081622204117,,0.003664187313750955,,0.0032676723459407198,,0.0023469361322800975,0.002426138334438277,0.0016806674975371472,0.0016806674975371472,0.0336474693100518,,0.06249425794210528,,0.4465460030720536,,0.03720739371304216,,0.3379888552568947,,0.5187982289640181,,0.45756349923954387,0.18437914367290908,0.23825952436494002,,0.49891530932505157,0.5312761122481358,,0.12253153715091758,0.10777863703455148,,0.0673512665159558,0.45846728267694714,,0.4241242520337015,0.4241242520337015,0.034769469419135945,0.034769469419135945,0.4141029657755405,0.012532128803635745,0.3608149202266684,0.0056068594231570845,0.32917004214379497,0.008443659831874117,0.007316030000594664,0.008443659831874117,0.00889955879406401,0.00916105139736767,0.007316030000594664,-0.00033637198322278294,-0.0021210016695722977,0.005186269585679026,0.0005658006807651716,0.007626672560555381,0.22324854487213852,0.28906345801527,-0.00033637198322278294,-0.0021210016695722977,0.0005658006807651716,0.007626672560555381,0.03814386131811209,0.017078096597271775,0.031137395821030367,0.03748252880803116,-0.0005565422576729873,-0.004442230452023743,-0.004442230452023743,0.004538326933553938,0.0018030454044823951,0.255436981138494,0.003109384837865381,0.2563241103704448,0.0016870301936952048,0.24180415443126402,0.2442781726540474,0.31411555164663263,0.255436981138494,0.3711078811440922,0.31411555164663263,0.00449605431766531,0.158375805819032,0.06423503556658461,0.49891530932505157,0.12253153715091758,0.37785099221620577,0.5578734073676457,0.06423503556658461,0.012787839950374247,0.020545079519759257,0.013157447906694597,0.04359287978245663,0.04027859444120174,0.06802562711619642,0.5196553682601084,0.009159613047846071,0.003677043128511581,0.004248329934729456,0.06802562711619642,0.02044904921472457,0.01316625869820831,0.013157447906694597,0.0054792403142935875,0.2570376770016797,0.13057723774296803,0.0206714604585575,0.03388496569750399,0.1131315053224089,0.018966214260583314,0.05002807843038526,0.020555759890567016,1.0,0.03952719836425311,0.2651976228310373,0.2688790259089362,0.005769883232390138,0.005769883232390138,0.005769883232390138,-0.0031967343602126164,0.012152451825587551,0.0018853548486327254,-0.0055642657009928875,0.00048476187289892003,-0.009355616500074104,0.0189685163231349,0.018841187027786255,0.00753934781459753,0.02293768917447947,0.01191142117224242,0.02293768917447947,0.007493800959676555,0.013678900864811938,0.0189685163231349,-0.0006363411677388076,0.009930172109267943,0.008856782347184011,0.01031111385889194,-0.0005268187061440166,0.018841187027786255,0.0016922160725452162,0.40280072287231783,0.49891530932505157,0.5063165575558373,0.5455071142883997,0.0014447167240615455,0.5304100654583548,0.003564772138740846,0.48589132293105075,0.004248329934729456,0.41211306507304357,0.017318656293059065,0.5067348973205238,0.013041351021765735,0.07017719467497407,-0.003671248442997266,-0.0009713846278380789,0.5442848605235098,0.017318656293059065,0.03206004723313949,0.013041351021765735,-0.003671248442997266,1.0,0.03553710044612579,0.158375805819032,0.015065533927069885,0.06590816395420374,0.010454714657691544,0.49891530932505157,0.0189685163231349,0.24060218456517124,0.004694626916690647
R5_ExtraTrees_dietrich28,-0.00011084553441520484,-0.00425879770612525,-0.004086727227576636,0.00540747094254268,0.004205775730810712,0.005502476495907183,0.005502476495907183,,0.005438118138133108,0.005438118138133108,,0.0040865926248772055,0.0040865926248772055,,0.00490690760225021,,,0.003837342723611359,0.00871137222609153,,0.03016473562759514,,,0.0033935853316258147,0.00686485540113424,,0.015765884529809315,,0.0005593670758332614,0.006218713808133103,-0.0005725022706266625,-0.0028362409635467323,0.00282310576875322,-0.0028362409635467323,0.009614321847513096,0.011878060540433055,0.00282310576875322,0.004774999778473177,0.004269022847217641,0.001383541598365512,,-0.0008690009237275476,,0.0001607328006578701,,0.006039942106612184,-0.0003477408730661047,0.0033500266866532957,0.006717087407306477,0.01153946552697982,,0.015464079740874825,,0.03147331657162533,,0.012643443961557477,,0.02018736826383749,,0.010653651627792526,,0.01940716285854227,0.013886330189926466,0.01759692958671688,,0.00952918829843341,0.005781431800855774,,0.02706420292373024,0.02364412867275556,,0.009697224454957576,0.019123403314228238,,0.03024114385126786,0.03024114385126786,0.23528232373227498,0.23528232373227498,0.035006846530487135,0.20585873302768753,0.014653394421335952,0.015975856443302017,0.02217335294269074,0.07061222644354104,0.025488979047593285,0.08248938648899096,0.019675420339300254,0.030720605545397572,0.025488979047593285,0.011767264325424964,0.004784689522563723,0.06522606691518829,0.07881127940061561,0.018355031934282784,0.04594789016434564,0.017102621026197307,0.011767264325424964,0.004784689522563723,0.07881127940061561,0.018355031934282784,0.04947129395511818,0.05152907060032497,0.0406213387003338,0.042961105049274084,0.005470488055274281,0.010742567176453832,0.010742567176453832,0.03720390715518085,-0.002061797161544643,0.0025277013193224507,0.024027717258602643,0.020370212602434545,-0.0011039471826488345,0.00290912943502164,0.017844634143445615,0.021485257172769168,0.0025277013193224507,0.014893551590796639,0.021485257172769168,0.03084602449646434,0.033813842184766574,0.015936006309421602,0.00952918829843341,0.02706420292373024,0.030929240941849123,0.01610437632145012,0.015936006309421602,0.04481042318144712,0.043770982215430965,0.0038652515361848883,0.006732507204352256,0.011294834970409284,0.02011880366153962,0.020375319014230064,0.06117356771754867,0.021138764456508308,0.022793504181923496,0.02011880366153962,0.039568303504830094,0.04538416490330699,0.0038652515361848883,0.03245452748967681,0.03289903778686121,0.029304031186463297,0.007667430272259801,0.020389503442071466,0.036475156706481826,0.014683616199863136,0.022995129944813453,0.007184310370641156,0.03553710044612579,0.01254730351314648,0.031253812840225215,0.04558730190714233,0.00886451549971845,0.00886451549971845,0.00886451549971845,0.007170718530606135,0.006221229659505667,-0.00130027767866836,0.004573645400228976,-0.0037058927640054584,-0.00549982037340313,0.30407733774491597,0.12340706941484547,0.12258888672780144,0.013593226374174039,0.10571559608795145,0.013593226374174039,0.10539414351045362,0.1379568560394565,0.30407733774491597,0.06905750716680203,0.14511067429825653,0.1697849496413557,0.1586474256458773,0.07181570769722967,0.12340706941484547,-0.004550183654005391,0.02664427857906415,0.00952918829843341,0.02382869011336275,0.012852966371021624,0.037068102820595694,0.015502907548349154,0.03819434252510201,0.010289652798273097,0.022793504181923496,0.02090762186046924,0.41884122778999067,0.04001219748115448,0.02457867454388607,0.024019355304002676,0.10466875935005748,-0.0010806892688872693,0.015062881170306297,0.41884122778999067,-0.0008137038622502146,0.02457867454388607,0.10466875935005748,0.03553710044612579,1.0,0.033813842184766574,0.16791250562962,0.01745133235166585,0.04058070312196149,0.00952918829843341,0.30407733774491597,0.05672225586906343,0.2784761935241692
R5_GBM_all_multimodal,-0.0059527795951350715,-0.002687637975733459,-0.0024736295498424266,0.0033504592689627133,0.0057856576146964045,0.005420253420995391,0.005420253420995391,,0.008909734703022143,0.008909734703022143,,0.005280283129054153,0.005280283129054153,,0.008016795801818466,,,0.007633058608629173,0.01155040386532813,,0.023432685923348573,,,0.005977193064659603,0.008984274704803674,,0.021595677853056383,,0.007891885051376724,-0.011350371599081477,0.006759987601349771,-0.03285642314959358,-0.01248226904910843,-0.03285642314959358,0.0011005003512150058,0.01015567995143063,0.011287577401457582,0.003948279194623816,0.0070954269781962065,0.0007158214096387727,,0.0014444543333681503,,0.002343350891036877,,0.005695032424253177,0.00023246526462272765,0.07531917915216935,0.08542498047291058,0.032350479289108613,,0.07455661499660038,,0.19606355744849413,,0.04879692034892402,,0.17207091524215445,,0.16987051081649596,,0.1764058429539982,0.2794350232527517,0.2261331103203461,,0.10464435189065846,0.1130240561742929,,0.0747640481789622,0.07232841665160206,,0.007802605595000345,0.19828971175489485,,0.1919162856090404,0.1919162856090404,0.02660418069676096,0.02660418069676096,0.1829612085794503,0.037407772235250825,0.15670789823592357,0.004937276816769587,0.14987927784840738,0.004102751677303895,0.009678525072876365,0.0017058870604020893,0.012002939887775455,-0.00025543799869987005,0.009678525072876365,0.0021762788704995373,0.0004962499744649573,0.0037446934490833472,0.0092955634148576,0.004480860422561572,0.0887772842636505,0.0869817763787113,0.0021762788704995373,0.0004962499744649573,0.0092955634148576,0.004480860422561572,0.010464556747889597,0.008606317944388486,0.006460668466763186,0.00788133637789612,0.0018401091513206014,-0.007851769832394329,-0.007851769832394329,0.004692908618962099,0.006553136517196689,0.04797002954659879,-0.00435780590163648,0.08446338086794714,0.002603916462170064,0.04894795439735222,0.03978962116577489,0.10195187997934085,0.04797002954659879,0.09062087669816543,0.10195187997934085,-0.0002237737358523617,1.0,0.06072727932974664,0.10464435189065846,0.0747640481789622,0.2422132111170887,0.13161977547835757,0.06072727932974664,0.0335004474301519,0.03003941172098956,0.002297416926377527,0.035816264978181245,0.05411923356054593,0.06449037088625975,0.10480942360954537,0.008218409031617746,0.0038588051747374674,-0.001863924308793452,0.06449037088625975,0.027722561351289476,0.029815157583634733,0.002297416926377527,0.00622783005445271,0.08308426035993788,0.060334452815436146,0.02952831127069777,0.027967293160811257,0.16251285498179535,0.030325167421798027,0.07114796170317805,0.029509308976919835,0.158375805819032,0.0543666774368079,0.1046940814105407,0.08035070197153449,0.020791282593966454,0.020791282593966454,0.020791282593966454,0.004558564610643523,0.004867093029540137,0.061569999366649864,0.001013065575093619,0.003625040561892723,-0.002624194720066697,0.01403235546514947,0.02821874394208901,0.005774815310675807,-0.002043207123445967,0.003429944592068912,-0.002043207123445967,-0.0012890518758439384,0.06873062268642893,0.01403235546514947,0.006311916784539462,0.002136471369280857,0.005768953415701272,0.0023927294752130734,0.0018738616238176409,0.02821874394208901,-0.0030542081741655736,0.1483597966779444,0.10464435189065846,0.145988530082384,0.10404466332407902,0.008331872628225101,0.12022029205909812,0.0052569822917443165,0.14793810879992986,-0.001863924308793452,0.1546656250290004,0.004393486315671269,0.16143989771125977,0.019133746152743214,0.04119923068220388,0.03092707911824688,-0.001122003577817443,0.13190861761745376,0.004393486315671269,-0.0007943363815992033,0.019133746152743214,0.03092707911824688,0.158375805819032,0.033813842184766574,1.0,0.04229553574844924,0.0644053316484331,0.025012832703268817,0.10464435189065846,0.01403235546514947,0.19328537244252786,0.02929296739125875
R5_GBM_dietrich28,-7.013498448737998e-05,0.0003930919823503798,0.0003041806198863517,0.0048698998113323455,0.004553664238627131,0.003056916712123159,0.003056916712123159,,0.003249991774249228,0.003249991774249228,,0.0024776915257449517,0.0024776915257449517,,0.0019468144762565531,,,0.0007486897471687959,0.004147985392037978,,0.011229369643327325,,,0.0010224210440760162,0.0022073474706839624,,-0.0021653095872056216,,-3.5240659261859264e-06,-3.5240659261859264e-06,-3.5240659261859264e-06,-3.5240659261859264e-06,0.0011283418356763386,-3.5240659261859264e-06,0.0033920736388816097,0.004523939540484245,-0.002267255869131457,0.0038579459786757253,0.004110934436839853,-0.0004184344061457512,,0.00048258255044242304,,0.0007400159666105521,,0.005818606529447878,0.0027409854010597146,0.0033500266866532957,-1.7034033999996367e-05,0.005236148724092948,,0.007087943015559817,,0.008841923870202995,,0.0058609343229607536,,0.01369478576283012,,0.003627387304323215,,0.0022260642339575476,0.03203836648031044,0.023972829621237257,,0.0050872088156763695,0.0005898080027030295,,0.00299949851994874,0.007546248478200623,,0.014683729444556648,0.011909574964616199,,0.00043865366098072567,0.00043865366098072567,0.09683208255609621,0.09683208255609621,0.0065109535652453365,0.1368480760344054,0.0037439985951994714,-0.003191778562646075,0.007337513692250774,0.01375663122236459,0.006084883567872845,0.01375663122236459,0.0036643754602954104,0.01490984693557218,0.006084883567872845,-0.0030334531168858536,0.006497138358668941,0.025874639656812803,0.028724208610779955,0.004700654982838226,0.012688872609141089,-0.0035884037625812937,-0.0030334531168858536,0.006497138358668941,0.028724208610779955,0.004700654982838226,0.019105776573179578,0.02024553057188394,0.00645341322595383,0.03839640014807788,0.006771033073612598,0.0050678168715693195,0.0050678168715693195,0.0227195765164524,-0.001967924665384091,-0.00210211040307251,0.0012670215315511157,0.014057579294081024,0.0012537725754411255,-0.0019161663663340711,-0.0019640934349220984,0.005755762675822229,-0.00210211040307251,0.0035975371801819644,0.005755762675822229,0.022603082205681857,0.04229553574844924,0.005988961653542568,0.0050872088156763695,0.00299949851994874,0.008883642673434,0.0052536327682787265,0.005988961653542568,0.014490217604087863,0.013335031116950558,-0.0008889347193332675,0.0038955428217799515,0.003678821383694242,0.005047474294950449,0.0075865702899069465,0.01799243493387881,0.003987274980089661,0.0006719899245328786,0.005047474294950449,0.011140940287154177,0.012317799419165554,-0.0008889347193332675,0.011653065966039211,0.015135464342216576,0.015413893082387387,0.00292629120588328,0.006044361734634407,0.019420974272898683,0.004167057912913608,0.01127098325210052,0.0029786288291246965,0.015065533927069885,0.004059796485646583,0.01801850158239937,0.019498134352777696,0.005737759102397599,0.005737759102397599,0.005737759102397599,-0.0006622583931723547,0.001869536144684214,-0.0012581376036491232,-7.785039972896257e-06,-0.0002861319115214922,-0.0014220016473640573,0.1106916647716174,0.03143538968148951,0.046071940791099,-0.000414080410590989,0.03258885868213923,-0.000414080410590989,0.03245306352062238,0.07922124166691136,0.1106916647716174,0.018090810062106333,0.05174360620515517,0.04777295573981988,0.04708704949668807,0.021484721673721396,0.03143538968148951,0.0004846124584054756,0.010266093129543186,0.0050872088156763695,0.014540108553520614,0.00496211853914208,0.011469353653064118,0.008666863518522083,0.009605923929874582,0.01135826228566017,0.0006719899245328786,0.00824232358035315,0.10240523858892747,0.019597899494953053,0.0068481140214491365,0.008991668060406521,-0.005614763083734875,-0.0010389119758216214,-0.0008454387081342496,0.10240523858892747,-0.0007292191102044043,0.0068481140214491365,-0.005614763083734875,0.015065533927069885,0.16791250562962,0.04229553574844924,1.0,0.003982462770573569,0.010079705467642364,0.0050872088156763695,0.1106916647716174,0.020448310766503885,0.1442198229110585
R5_LightGBM_all_multimodal,-0.00449385248352252,-0.018253632895731675,-0.013622269368325002,0.015116605454840282,0.009145150703776528,0.020428515160833216,0.020428515160833216,,0.018735011999082785,0.018735011999082785,,0.009878251953739925,0.009878251953739925,,0.030497816736174133,,,0.019647922454041122,0.022269215889144767,,0.000637830022120256,,,0.050156093971321036,0.030492528750851067,,-0.0014578499812474277,,-0.041954665521372725,0.012378657612821642,0.022566155700483148,-0.010260227026426039,0.011246713380859252,-0.010260227026426039,0.07123975767486557,0.08482308845841413,0.02143421146852076,0.014845871325968374,0.022979433344325062,0.03026929673672074,,0.011890450139107167,,0.010467515918999415,,0.013166536128286777,-0.00620430703622632,0.06500623584860099,0.024574073074486447,0.40661009358497124,,0.5572521061667994,,0.08754493909850458,,0.44621355644805294,,0.24149864068389326,,0.054133600987154584,,0.06787555000772227,0.05487675657352553,0.03483987647073383,,0.04367297801268544,0.044816853629124576,,0.3385624598984056,0.3521498566168487,,0.007291254345831333,0.06943218105977389,,0.09076049116419893,0.09076049116419893,0.015706579788054564,0.015706579788054564,0.08197507270980742,0.011266681699585668,0.09605431888301208,0.002842576343140446,0.10332536127449266,0.0013575818261997163,0.0023168997033661265,0.0019772792622368973,0.0054351508495669165,-5.09672077477763e-05,0.0023168997033661265,0.0013040485636718335,0.0004990669888595978,0.0005289455721793068,0.002125909017933303,0.0019862477188979932,0.03309372265105581,0.031245444735960137,0.0013040485636718335,0.0004990669888595978,0.002125909017933303,0.0019862477188979932,0.0013639163736245408,0.000512332408246885,0.0002925466806776855,0.00034576927768426025,0.00045362291652661924,-0.012401048022818495,-0.012401048022818495,0.00022027047880845974,0.0066279940054685405,0.01644743105982216,-0.0038721603457585463,0.031245567955974107,0.018149561534460346,0.01417236004745237,0.014895701762205449,0.030295363913546924,0.01644743105982216,0.029628075367599593,0.030295363913546924,0.00039482149645519993,0.0644053316484331,0.6119057776366241,0.04367297801268544,0.3385624598984056,0.18257201509841126,0.07118817304412894,0.6119057776366241,0.17420221073678954,0.2201602679822151,0.0666073049186614,0.3468839837019084,0.5276934290743822,0.6024879055477603,0.05410774949839792,0.007373565440662255,0.01852789117353093,-0.001523573826348379,0.6024879055477603,0.21292706753198054,0.1772992507458614,0.0666073049186614,0.006746634922328298,0.048698118671018475,0.11812174152479737,0.2600784973459974,0.1771797615274292,0.06739372750367423,0.23373962348528898,0.2372383442542252,0.25692293736651817,0.06590816395420374,0.5360805317073961,0.09648437296569012,0.0579491790072999,-0.02273094426632616,-0.02273094426632616,-0.02273094426632616,0.026735344055721755,0.11910459501478576,0.024034419660815542,0.002038945286221616,-0.04261411842413576,-0.08556573909332066,0.004504291878137723,0.0098804462164227,0.0013639163736245408,0.14969325914694576,0.0017764906696899896,0.14969325914694576,0.0011254074526489966,0.05223104968102443,0.004504291878137723,0.02363795390676693,0.0009329487519396107,0.002217081574941604,0.0011900477278619093,0.00048585191114780546,0.0098804462164227,-0.01680870379677679,0.06976016544881791,0.04367297801268544,0.07265463038934428,0.044108787392022064,0.007471194263046765,0.04730360258548427,0.018932756381956573,0.058711837689157664,-0.001523573826348379,0.06873706737156493,0.0053153274349614366,0.08315595038705348,0.0706935338316319,0.014996880009019997,0.013785310458990119,0.003262425803116087,0.08175728372265878,0.0053153274349614366,0.004632641160080886,0.0706935338316319,0.013785310458990119,0.06590816395420374,0.01745133235166585,0.0644053316484331,0.003982462770573569,1.0,0.15849034341307855,0.04367297801268544,0.004504291878137723,0.07052766663427834,0.007058815185480238
R5_LightGBM_dietrich28,-0.010259921726488042,-0.045638826639559094,-0.0426721083477517,0.040947057005539245,0.033863340870387115,0.04211690874689222,0.04211690874689222,,0.04250306110000257,0.04250306110000257,,0.02602722736729224,0.02602722736729224,,0.016356159592274544,,,0.02073131281204732,0.023977184854114708,,0.001859442005017864,,,0.008913920727452895,0.009916818893718982,,0.002946578913161413,,0.0009459038789269014,0.0020779765090923608,0.0020779765090923608,0.0009459038789269014,-0.00018616875123855792,0.0009459038789269014,0.0666061164285271,0.08132306062067896,-0.008110677162397328,0.035824012300652464,0.04847350539913842,0.00865037147732417,,-0.00010241519317832903,,0.006011663731069761,,0.04372994548720621,-0.009471269548994021,0.1033843775223674,0.07304775871673319,0.10282129247605809,,0.11933538621307627,,0.02075977752906233,,0.11228806057242946,,0.03523669869677615,,0.007731803281101346,,0.016502185352486598,0.01708769400532073,0.00860984201245707,,0.0039078970152987,0.0036520762465063195,,0.10305508296737564,0.11546073513065747,,0.0021425471072048508,0.013673327577588434,,0.022670727876940022,0.022670727876940022,0.011738158914906927,0.011738158914906927,0.02061147072985614,0.010261412907884404,0.005195703728964829,0.0012212474993050781,0.012547452299474182,0.002120275512181302,0.011748221727073349,0.002648114562426196,0.013551913208675548,0.0009797192993130643,0.011748221727073349,0.008437799829072667,0.004505508582909545,0.0029865045120971434,0.004757874764809933,0.00916105379406329,0.005100680752957665,0.004084932625229465,0.008437799829072667,0.004505508582909545,0.004757874764809933,0.00916105379406329,0.0016942950082485808,0.002250186266634535,0.0017050208809145095,0.002207275091601235,0.001191205381060656,0.09963518191847143,0.09963518191847143,0.000690846107795462,-0.0025812223704373416,0.00221908892362932,0.009332103135043512,0.0037178368326120648,-0.01498324128792361,0.002075528444113628,0.002155600865498153,0.004533581558153976,0.00221908892362932,0.0023403684667521185,0.004533581558153976,0.0006591955590539156,0.025012832703268817,0.1249906900864225,0.0039078970152987,0.10305508296737564,0.03967088389806683,0.006164889384130845,0.1249906900864225,0.349592205436032,0.3284332408666213,-0.0027101890308522947,0.039551795428595216,0.13532722966798483,0.1552734669993816,0.005799596047415645,-0.0006380111763080176,-0.013480645596623875,0.009472679925073613,0.1552734669993816,0.3382356129033759,0.35153870056458114,-0.0027101890308522947,-0.001505502769589162,0.016589831675663747,0.04221139516632877,0.08503659702262956,0.10848581287648518,0.02404449197267422,0.13950209888764475,0.13850688500496056,0.08146825962715043,0.010454714657691544,0.1372851004743164,0.028576327878271357,0.019092662871051824,0.06201501119132791,0.06201501119132791,0.06201501119132791,0.06518724194279879,0.053375930257905546,0.027215731856249814,0.031083071642049265,-0.022433146431655837,-0.03580156663694001,0.009009760650822707,0.018804786400097306,0.004154907661397256,0.09071762556260721,0.004154907661397256,0.09071762556260721,0.0034201318064417396,-0.0069513443960973476,0.009009760650822707,-0.004708752594193566,0.006951581807416507,0.00898985529665175,0.006329418678552745,0.0019268501827223172,0.018804786400097306,-0.04658638668748094,0.008268311031568887,0.0039078970152987,0.0039743198288745285,0.005147458373014224,-0.0010716838067501566,0.006286610106323698,-0.012455889654214403,0.002317541483126906,0.009472679925073613,0.0068877147721932985,0.011955102061746214,0.00744083581085675,-0.041535303854206784,0.015879446863938385,0.010499761810210062,-0.0011315158319709084,0.007625671950811763,0.011955102061746214,-0.0008628441337825699,-0.041535303854206784,0.010499761810210062,0.010454714657691544,0.04058070312196149,0.025012832703268817,0.010079705467642364,0.15849034341307855,1.0,0.0039078970152987,0.009009760650822707,0.02848085454114846,0.014829188237911128
R5_RF-200_all_multimodal,0.0001920656360112627,0.0018231593173576588,0.0019639520301735214,0.0005311119988307134,0.00015204280139369253,-3.1905355871497676e-05,-3.1905355871497676e-05,,0.0012619075517320555,0.0012619075517320555,,-9.947169105450904e-05,-9.947169105450904e-05,,0.001527008764168114,,,0.0027979431220089834,0.003044822536992897,,-0.001739478116834281,,,0.0033509577265677937,0.0003043825239417153,,-0.0025116552550179527,,-3.203686032016151e-07,-0.0011321826440628957,-3.203686032016151e-07,-0.0011321826440628957,-0.0011321826440628957,-0.0011321826440628957,0.0011315419068563815,0.0011315419068563815,-0.0011321826440628957,0.0012899893257044548,0.0007748589527322158,0.003947325459332962,,0.0030375794832872005,,0.0025133253668159217,,0.0009421325651383095,0.0018226573900737009,,,0.02095933280854345,,0.03974743363980926,,0.4249897787381586,,0.02311260493896672,,0.258697983745502,,0.5704319153359128,,0.4732286451084401,0.14369619875502082,0.20781165299755677,,1.0,0.7268204176862458,,0.09231275671624439,0.0811406731352945,,0.05757329177490356,0.46222882932436926,,0.41864442878702235,0.41864442878702235,0.013978981119162737,0.013978981119162737,0.34352214998814046,0.0010610395611578838,0.36088214169276545,0.005354752246465533,0.2736616952086005,-0.0006536911554393399,0.002850816329570849,-0.0006536911554393399,0.0009567475919650681,-0.00025016299834934586,0.002850816329570849,-0.0014221710495776474,4.560290712274373e-05,-0.0023091770524272803,-0.0027329228716452825,-0.0017930684943754382,0.1754531463422413,0.2953557272671553,-0.0014221710495776474,4.560290712274373e-05,-0.0027329228716452825,-0.0017930684943754382,0.012297010895756522,0.0061581355976561,0.0136144603714079,0.005304902915626353,-0.0005425574193409499,-0.005304567249365011,-0.005304567249365011,-0.00018903748109422303,-0.002007962771985339,0.4974513124412664,-0.0029247146183111195,0.3194088817873272,-0.005436764257397586,0.3682121290528655,0.4698193836682134,0.3368618281424228,0.4974513124412664,0.38536070903624,0.3368618281424228,-0.00021971507388274247,0.10464435189065846,0.04211195887149222,1.0,0.09231275671624439,0.31807067059830796,0.7242451628196391,0.04211195887149222,0.0029510751181038852,0.010383175282274948,0.012837559489547457,0.029048747879712344,0.025895866334347928,0.04522361224623239,0.7256997517379904,0.0033873393423300424,-0.005486981321979334,-0.003323630578726977,0.04522361224623239,0.009355991833284172,0.003340561414382881,0.012837559489547457,-0.002171072572234145,0.18332169467650905,0.06515820411696538,0.012696814536899081,0.02147261387898647,0.03676371784699517,0.012195089994928132,0.025729522951363104,0.01279444955511333,0.49891530932505157,0.024999090981155492,0.2057859831805231,0.16984104802671318,0.00022551281818483648,0.00022551281818483648,0.00022551281818483648,-0.003122134490574968,0.007188314341037394,0.003623615830440796,-0.004345806029541599,0.0002351903171375902,-0.006650630772844668,0.004546430894310616,0.005053447542338163,-0.001141125010423627,0.015775516443870874,0.005577942942666447,0.015775516443870874,-0.0011650756432972642,-0.0012382378382649328,0.004546430894310616,-0.005959419647113329,-0.0019705405151420052,-0.002392402421636186,-0.001816331167115104,-0.0005142709300265391,0.005053447542338163,0.0012924565725417336,0.3747628482024469,1.0,0.4922869791095942,0.7581407131351061,-0.002223595004909873,0.6714407531886852,-0.005509579874142689,0.5017575271840483,-0.003323630578726977,0.39704820550616216,0.01872438746216376,0.4672849212744079,-0.002380703704338849,0.018240009421100933,-0.000991641875619731,-0.0005664117813650726,0.6551227596387484,0.01872438746216376,-0.0006416347738149586,-0.002380703704338849,-0.000991641875619731,0.49891530932505157,0.00952918829843341,0.10464435189065846,0.0050872088156763695,0.04367297801268544,0.0039078970152987,1.0,0.004546430894310616,0.21009916670617346,0.0028825441434883192
R5_RF-200_dietrich28,-0.00011641642911652816,-0.0007669117713826612,-0.000707655805055829,0.0013597803306505396,0.0007905563541455995,0.0015123875576569246,0.0015123875576569246,,0.0013193125093261537,0.0013193125093261537,,0.0009975207621082394,0.0009975207621082394,,0.0010275297272736017,,,0.0012451087634807179,0.0024920464609989867,,-0.0007449036177487045,,,0.001065655600107851,0.0021125414475655635,,0.01914929664871834,,0.0028275782749979106,0.0016957140051624409,-0.0016998788043438573,0.0005638497353270822,-0.0005680145345083876,0.0005638497353270822,0.0016957140051624409,0.0028275782749979106,-0.0005680145345083876,0.0010435447881477211,0.0012965332221499537,-0.00028964622676319607,,9.650386989823456e-05,,0.0002252205687853781,,0.0015495216561521863,0.00011577943814455871,-5.677946854465432e-06,-0.003372700431524045,0.0025872736620825565,,0.003025889190943376,,0.028083741030999976,,0.0025678256215644346,,0.00615015626817883,,0.008579943633754361,,0.010924832643926075,-0.0018088084332730237,0.005009905728105335,,0.004546430894310616,0.010456199540698763,,0.007444574555857564,0.00890805045081522,,-0.0009014322725773294,0.014917489519641447,,0.010880844017407743,0.010880844017407743,0.1425851693235729,0.1425851693235729,0.025773658269853006,0.16670794940174483,0.005854071386128035,0.006194216945509479,0.0062875443075040005,0.1144822386781108,0.0035940796079931836,0.16048316134418306,0.0024961042192390703,0.0819849821229679,0.0035940796079931836,0.00206555057947988,-2.5535040112156793e-05,0.04729797607870578,0.07165442342521688,0.00744721347623456,0.02026748845322912,0.011222944992089423,0.00206555057947988,-2.5535040112156793e-05,0.07165442342521688,0.00744721347623456,0.05585310463887938,0.04194562866768836,0.021929756731259964,0.052754332067373344,0.023661148476536886,0.0024682841918003406,0.0024682841918003406,0.08434798471891924,-0.001147957137046518,-0.0012509468555075287,0.005600593801791676,0.0109708894955306,0.0018061822847393882,-0.0011826517977444606,0.025146652177153506,0.011850660972284488,-0.0012509468555075287,-0.001010448078809567,0.011850660972284488,0.055366773960997206,0.01403235546514947,0.004276931892925218,0.004546430894310616,0.007444574555857564,0.01561636915224951,0.0064270356920062,0.004276931892925218,0.00915352654837065,0.010600912901558623,-0.00022387165835113798,0.0020163100821385394,0.002871936333465941,0.0048618760459537835,0.013950347810173791,0.0976333176468338,0.016002409557890007,0.004958515905112426,0.0048618760459537835,0.00908356325244919,0.01023374800378174,-0.00022387165835113798,0.050121042181353714,0.014882047076213212,0.00783988841280392,0.0015621173933960675,0.0042550585500161775,0.008952128750154387,0.0033324248459223327,0.004337240222603622,0.0015495774549517671,0.0189685163231349,0.0037846403464746325,0.01811363273458788,0.017024865974604952,0.0020307831367119,0.0020307831367119,0.0020307831367119,0.0012952834201517271,0.0010637274661186025,0.00020026436800835157,0.0007025790460476466,-0.00018396056842329145,-0.0008912781935146441,1.0,0.050625896423936,0.18803366998943627,0.002569074995565357,0.13138485626776908,0.002569074995565357,0.18625931573882348,0.17935783393415183,1.0,0.055608171252052196,0.16456977663898964,0.16462375405719787,0.1889047988944107,0.21917944578753923,0.050625896423936,-0.0009198141966464402,0.007229708008629432,0.004546430894310616,0.003658051852849953,0.010571343410124223,0.0743250245087167,0.009875807896353339,0.022878684011028216,0.0021982337608708047,0.004958515905112426,0.004457672349047814,0.4518605071028119,0.0073661140535700165,0.013073569323539092,0.01480127039980883,-0.003200337618034288,-0.0009821883912888296,0.009171241653465168,0.4518605071028119,-0.0006416347738149586,0.013073569323539092,-0.003200337618034288,0.0189685163231349,0.30407733774491597,0.01403235546514947,0.1106916647716174,0.004504291878137723,0.009009760650822707,0.004546430894310616,1.0,0.022235061629525155,0.2574579962364457
R5_XGBoost_all_multimodal,-0.0005764371736429741,0.0015408235914980972,0.001734721438200415,0.001030292849695802,0.0032572021499682746,0.002759034876945732,0.002759034876945732,,0.005085993168309377,0.005085993168309377,,0.003596052309094766,0.003596052309094766,,-4.29277598925637e-05,,,0.0007805390770355691,0.0013902442298170392,,-0.001778246001501449,,,0.0004903845912153093,-9.380375510281702e-05,,-0.0025989317257300026,,-0.0005705789502179481,-0.0017024461209762531,0.0028250225620564118,-0.0017024461209762531,-0.0005705789502179481,-0.0017024461209762531,0.007352491245089077,0.006220624074330994,0.0028250225620564118,0.002548188643809235,0.0028213394076441745,0.0028184286358304833,,-0.001497580624740813,,-0.00117865685527474,,0.003346697062137305,0.002161277050865773,-5.6782370209784716e-05,0.003310412183225364,0.037830733829660956,,0.06801517098598564,,0.3186931676430067,,0.042879988268748614,,0.24491049994250091,,0.31944826225599254,,0.28697352556264966,0.2832561965971361,0.26441812909506746,,0.21009916670617346,0.23095080600923457,,0.12712038508908685,0.11256771504106244,,0.023325832740350605,0.3063523768296682,,0.3069417760350286,0.3069417760350286,0.048666054443919915,0.048666054443919915,0.28279485155773754,0.02420433358509999,0.21612301950072055,0.003938248295909941,0.16955551584041784,0.006745499616394257,0.006010707524855663,0.006745499616394257,0.007227765876590908,0.003556471022886809,0.006010707524855663,0.0031994376461298435,-0.0027277485696071135,0.007080783296894655,0.0029647390254822215,0.003649802357413301,0.10841038280532878,0.12373194586874714,0.0031994376461298435,-0.0027277485696071135,0.0029647390254822215,0.003649802357413301,0.009539817685438101,0.002780281639870874,0.014114992013903982,0.01636440195979494,-0.0005610351333331653,0.007811603637053244,0.007811603637053244,-0.00019123190613723473,-0.0022866870974758147,0.1151456795181095,-0.0027992609460412154,0.11480149028569764,-0.008114932804199393,0.11774526304906907,0.11708582176328108,0.1397514907911409,0.1151456795181095,0.19770262789623683,0.1397514907911409,0.003594958714030594,0.19328537244252786,0.062051463170084364,0.21009916670617346,0.12712038508908685,0.2732530623745225,0.22662446057912422,0.062051463170084364,0.04017511825620668,0.041716017080901335,0.001070512327340789,0.030758810606009712,0.04898944365460833,0.07809161943869447,0.23948438580243847,0.003892024931026139,-0.008227321002501009,-0.0026223916276870707,0.07809161943869447,0.040894470134581806,0.041424308320699765,0.001070512327340789,0.004094764411123997,0.1416992563424465,0.1042161553718901,0.020490469829483993,0.02471740586131721,0.07332084581695164,0.02431123806399338,0.04748862165543899,0.019605597058553248,0.24060218456517124,0.04420471617507604,0.18555122833208437,0.1417441866710849,0.006350065114572256,0.006350065114572256,0.006350065114572256,-0.002635068221814363,0.009766995953107704,0.0002518651505620806,-0.005306688888534472,0.00020977627260765352,-0.005676991003634724,0.022235061629525155,0.013431167997805638,0.005951193836472357,0.01790213904763116,0.009539817685438101,0.01790213904763116,0.005910860912457516,-0.004753055987460009,0.022235061629525155,-0.002388255337936629,0.007834466647424265,0.006890004147973805,0.004763623252582061,0.003216463771869571,0.013431167997805638,0.0013405414962254225,0.18354408395028265,0.21009916670617346,0.28105280567835544,0.21640367328831522,-0.0025705694656621425,0.2159501387247723,-0.00432032094797008,0.19811934147204435,-0.0026223916276870707,0.18291412531772577,0.029304304906673906,0.239363970955773,-0.0038287850830338588,0.01964252779280473,-0.005373675607351025,-0.0010602612264296596,0.22929621973556458,0.029304304906673906,0.04279486245431785,-0.0038287850830338588,-0.005373675607351025,0.24060218456517124,0.05672225586906343,0.19328537244252786,0.020448310766503885,0.07052766663427834,0.02848085454114846,0.21009916670617346,0.022235061629525155,1.0,0.03202709923734626
R5_XGBoost_dietrich28,-0.0004220660049714109,-0.0012284542714877666,-0.001112675542537911,0.0016759919118204403,0.0018657332418762218,0.001769796147032876,0.001769796147032876,,0.0021559462532910745,0.0021559462532910745,,0.0019628712001619197,0.0019628712001619197,,0.0012074384641618252,,,0.001514301225986947,0.003477044627016812,,-0.0011879463048269923,,,0.00046818587599972705,0.0008626705968410864,,-0.0015354809381729062,,0.0028259809559445515,0.0028259809559445515,0.0005622487901237871,-0.0017014833756969772,0.0005622487901237871,-0.0017014833756969772,0.008485311370496573,0.009617177453406955,-0.000569617292786484,0.0015494976917833636,0.0016759919118204403,0.0002251957220000822,,-0.00022531273530113083,,-3.223768217197609e-05,,0.0018657332418762218,0.00030876406825197655,0.0033387085784370996,0.0033387085784370996,0.004460943937963924,,0.006955382952261502,,0.012412592682572443,,0.005307369642190363,,0.0068121018677260725,,-0.002705859458257187,,0.0009979366732960626,0.02424807961769837,0.02050994202643175,,0.0028825441434883192,-0.002560237178252045,,0.0058553225895026095,0.006405297941050825,,-0.0011029999127480927,0.004742126185129036,,0.005859783712709565,0.005859783712709565,0.17757640385405427,0.17757640385405427,0.003392367736348989,0.17935226771783652,0.0017362878428242023,-0.0023027694685859856,0.0006846982915580391,0.10318144044305089,0.012682098084002558,0.10318144044305089,0.009631924093093214,0.0328293420315674,0.012682098084002558,0.0025217951989990883,0.0004349807864961752,0.00772492353786125,0.014803673597578504,0.003969524328272134,0.017146037217470655,0.008667628866369181,0.0025217951989990883,0.0004349807864961752,0.014803673597578504,0.003969524328272134,0.02504646379770259,0.027459250952088787,0.028588959733415464,0.023975446610088547,0.014783416749539535,0.002915475141167967,0.002915475141167967,0.033439293003272974,-0.0015049716770210164,-0.0016759762295031067,0.005455050260218974,0.01395854563487664,-0.0029607412512642206,-0.0015556209467015858,-0.0015870609732651086,0.014978454649811512,-0.0016759762295031067,0.006935919200318774,0.014978454649811512,0.03313178460900168,0.02929296739125875,0.006097073041229195,0.0028825441434883192,0.0058553225895026095,0.00592446813775005,0.004632124116443759,0.006097073041229195,0.014301902357764518,0.014873723556569796,0.0008408789362265301,0.002521166313219747,0.0048072447790925565,0.0064570730942172805,0.0019580282702564844,0.07463350039070948,0.01019980547403121,0.00472000208554002,0.0064570730942172805,0.0129705117683796,0.014795403261231299,0.0008408789362265301,0.018012210310594745,0.012323742839182028,0.0090988208210655,0.0024803117273690667,0.006186081147982803,0.016539923435496928,0.004798296025909199,0.008661308423431713,0.0026287242464425598,0.004694626916690647,0.00588713513683603,0.011612800050650463,0.014381596568456168,0.003255695461678365,0.003255695461678365,0.003255695461678365,0.002073095693895355,0.0016439359704938372,0.003574769371366582,0.0014989750044597239,-0.0006939745098464289,-0.0017823857841179347,0.2574579962364457,0.01644849044647223,0.09004336621118914,0.0027224492324403604,0.09004336621118914,0.0027224492324403604,0.10235661107998395,0.0808926575390525,0.2574579962364457,0.030370323406440414,0.09191915304945042,0.09060842568520944,0.1068659599888152,0.09188332375244401,0.01644849044647223,-0.0013170182571762279,0.0026052501938192973,0.0028825441434883192,0.0020593164721338653,0.0027954601286264147,0.04673233732582294,-0.00260468661484925,0.013326448841709193,-0.0028971253747305248,0.00472000208554002,0.002853705816239116,0.2467242788561138,0.0015467939851626644,0.008184916538690357,0.013666419623253878,0.050141923220180074,-0.0010426937767047395,-0.002496158134356552,0.2467242788561138,-0.0006918844120604728,0.008184916538690357,0.050141923220180074,0.004694626916690647,0.2784761935241692,0.02929296739125875,0.1442198229110585,0.007058815185480238,0.014829188237911128,0.0028825441434883192,0.2574579962364457,0.03202709923734626,1.0
