city,modality,product_type,check_name,status,detail,filepath,val_min,val_max,val_mean,val_std,pct_nodata,crs_epsg,width_px,height_px
Avdiivka,MS,flat,OK,PASS,,/content/drive_f/masterthesis/data/satellite/MS/Avdiivka/s2__b07__20241009.tif,890.0,7460.0,2420.4651254873293,441.3643383173367,0.38910505836575876,32637,514,513
Avdiivka,MS,flat,OK,PASS,,/content/drive_f/masterthesis/data/satellite/MS/Avdiivka/s2__b02__20211124.tif,986.0,19088.0,2209.5825843811035,2081.4586399042555,0.1949317738791423,32637,1026,1024
Avdiivka,MS,flat,OK,PASS,,/content/drive_f/masterthesis/data/satellite/MS/Avdiivka/s2__b01__20230503.tif,1109.0,3533.0,1356.188639239424,101.89931862016431,1.1594104921579231,32637,172,172
Avdiivka,MS,flat,OK,PASS,,/content/drive_f/masterthesis/data/satellite/MS/Avdiivka/s2__scl__20220831.tif,2.0,7.0,4.678103679337232,0.5954398144094232,0.38910505836575876,32637,514,513
Avdiivka,MS,flat,OK,PASS,,/content/drive_f/masterthesis/data/satellite/MS/Avdiivka/s2__b03__20210118.tif,926.0,17072.0,7875.628252029419,2302.515590477102,0.1949317738791423,32637,1026,1024
Avdiivka,MS,flat,OK,PASS,,/content/drive_f/masterthesis/data/satellite/MS/Avdiivka/s2__b07__20230503.tif,986.0,6811.0,3145.3665478801167,534.1104583852521,0.38910505836575876,32637,514,513
Avdiivka,MS,flat,OK,PASS,,/content/drive_f/masterthesis/data/satellite/MS/Avdiivka/s2__b03__20230925.tif,1048.0,6824.0,1545.638261795044,175.1675757309036,0.1949317738791423,32637,1026,1024
Avdiivka,MS,flat,OK,PASS,,/content/drive_f/masterthesis/data/satellite/MS/Avdiivka/s2__b05__20220329.tif,1135.0,10117.0,2002.70542458577,249.55925191011053,0.38910505836575876,32637,514,513
Avdiivka,MS,flat,OK,PASS,,/content/drive_f/masterthesis/data/satellite/MS/Avdiivka/s2__b06__20221005.tif,827.0,7013.0,2393.51461607578,468.66911961374564,0.38910505836575876,32637,514,513
Avdiivka,MS,flat,OK,PASS,,/content/drive_f/masterthesis/data/satellite/MS/Avdiivka/s2__b05__20230108.tif,930.0,8935.0,3408.931370309454,1058.6383429020427,0.38910505836575876,32637,514,513
Avdiivka,MS,flat,OK,PASS,,/content/drive_f/masterthesis/data/satellite/MS/Avdiivka/s2__b09__20211025.tif,964.0,7741.0,2463.0305588532738,409.0252113525926,1.3233252342936481,32637,134,172
Avdiivka,MS,flat,OK,PASS,,/content/drive_f/masterthesis/data/satellite/MS/Avdiivka/s2__b02__20220831.tif,1289.0,6064.0,1626.5016193389893,138.09833142548837,0.1949317738791423,32637,1026,1024
Avdiivka,MS,flat,OK,PASS,,/content/drive_f/masterthesis/data/satellite/MS/Avdiivka/s2__b12__20240227.tif,1038.0,7923.0,2545.63605628655,387.2982965081146,0.38910505836575876,32637,514,513
Avdiivka,MS,flat,OK,PASS,,/content/drive_f/masterthesis/data/satellite/MS/Avdiivka/s2__b02__20250226.tif,1221.0,12817.0,5435.204893112183,2308.2004779632593,0.1949317738791423,32637,1026,1024
Avdiivka,MS,flat,OK,PASS,,/content/drive_f/masterthesis/data/satellite/MS/Avdiivka/s2__b05__20241009.tif,997.0,7135.0,1966.8214127984893,246.5985803989016,0.38910505836575876,32637,514,513
Avdiivka,MS,flat,OK,PASS,,/content/drive_f/masterthesis/data/satellite/MS/Avdiivka/s2__b12__20230806.tif,1072.0,15908.0,2184.68737436038,311.7908947184179,0.38910505836575876,32637,514,513
Avdiivka,MS,flat,OK,PASS,,/content/drive_f/masterthesis/data/satellite/MS/Avdiivka/s2__b01__20201209.tif,927.0,3511.0,1203.2312164426662,130.33594946330155,1.1594104921579231,32637,172,172
Avdiivka,MS,flat,OK,PASS,,/content/drive_f/masterthesis/data/satellite/MS/Avdiivka/s2__b09__20210118.tif,1645.0,16578.0,7995.49365616771,1900.2643318228925,1.1594104921579231,32637,172,172
Avdiivka,MS,flat,OK,PASS,,/content/drive_f/masterthesis/data/satellite/MS/Avdiivka/s2__b8a__20230925.tif,988.0,7628.0,2732.7739400584796,559.6065769931986,0.38910505836575876,32637,514,513
Avdiivka,MS,flat,OK,PASS,,/content/drive_f/masterthesis/data/satellite/MS/Avdiivka/s2__b04__20230727.tif,1182.0,6332.0,1600.8776025772095,204.60425292371562,0.1949317738791423,32637,1026,1024
Avdiivka,MS,flat,OK,PASS,,/content/drive_f/masterthesis/data/satellite/MS/Avdiivka/s2__b01__20220702.tif,1132.0,3772.0,1346.839779761294,121.54932233854001,1.1594104921579231,32637,172,172
Avdiivka,MS,flat,OK,PASS,,/content/drive_f/masterthesis/data/satellite/MS/Avdiivka/s2__b06__20241009.tif,899.0,7150.0,2254.1050118786548,382.4683367565524,0.38910505836575876,32637,514,513
Avdiivka,MS,flat,OK,PASS,,/content/drive_f/masterthesis/data/satellite/MS/Avdiivka/s2__b03__20230622.tif,1106.0,6352.0,1662.4676275253296,168.9574427633485,0.1949317738791423,32637,1026,1024
Avdiivka,MS,flat,OK,PASS,,/content/drive_f/masterthesis/data/satellite/MS/Avdiivka/s2__scl__20211020.tif,4.0,10.0,4.927033838937622,0.3480104550375644,0.38910505836575876,32637,514,513
Avdiivka,MS,flat,OK,PASS,,/content/drive_f/masterthesis/data/satellite/MS/Avdiivka/s2__b09__20240227.tif,995.0,4806.0,2139.4836017920043,279.8972158385769,1.1594104921579231,32637,172,172
Avdiivka,MS,flat,OK,PASS,,/content/drive_f/masterthesis/data/satellite/MS/Avdiivka/s2__b07__20250226.tif,1440.0,12409.0,5607.753000121832,1946.0729858043449,0.38910505836575876,32637,514,513
Avdiivka,MS,flat,OK,PASS,,/content/drive_f/masterthesis/data/satellite/MS/Avdiivka/s2__b08__20240227.tif,999.0,8208.0,2244.069850921631,354.3725297439285,0.1949317738791423,32637,1026,1024
Avdiivka,MS,flat,OK,PASS,,/content/drive_f/masterthesis/data/satellite/MS/Avdiivka/s2__b08__20240328.tif,911.0,7864.0,2317.7154970330794,368.7984617692452,0.19626431530214425,32637,1026,1024
Avdiivka,MS,flat,OK,PASS,,/content/drive_f/masterthesis/data/satellite/MS/Avdiivka/s2__scl__20250221.tif,3.0,11.0,9.053069413986355,2.7570470478561866,0.38910505836575876,32637,514,513
Avdiivka,MS,flat,OK,PASS,,/content/drive_f/masterthesis/data/satellite/MS/Avdiivka/s2__scl__20240328.tif,3.0,10.0,5.01835480628655,0.15936241587951389,0.38910505836575876,32637,514,513
Bucha,MS,flat,OK,PASS,,/content/drive_f/masterthesis/data/satellite/MS/Bucha/s2__b12__20220323.tif,1036.0,16077.0,2862.264194434087,812.988746697324,14.353316881985775,32635,415,415
Bucha,MS,flat,OK,PASS,,/content/drive_f/masterthesis/data/satellite/MS/Bucha/s2__b03__20220107.tif,935.0,13561.0,3104.469510892962,1571.2556123784934,13.939940255315177,32635,828,828
Bucha,MS,flat,OK,PASS,,/content/drive_f/masterthesis/data/satellite/MS/Bucha/s2__b11__20211226.tif,967.0,13879.0,1690.2603572760245,312.1622994504478,14.353316881985775,32635,415,415
Bucha,MS,flat,OK,PASS,,/content/drive_f/masterthesis/data/satellite/MS/Bucha/s2__b03__20220102.tif,955.0,12136.0,1505.9140732253811,343.296113780183,13.939940255315177,32635,828,828
Bucha,MS,flat,OK,PASS,,/content/drive_f/masterthesis/data/satellite/MS/Bucha/s2__b8a__20201206.tif,670.0,16737.0,2300.4431104030373,536.8305086677859,14.353316881985775,32635,415,415
Bucha,MS,flat,OK,PASS,,/content/drive_f/masterthesis/data/satellite/MS/Bucha/s2__scl__20220214.tif,2.0,11.0,8.005735398800041,3.004378743862435,14.353316881985775,32635,415,415
Bucha,MS,flat,OK,PASS,,/content/drive_f/masterthesis/data/satellite/MS/Bucha/s2__scl__20221228.tif,2.0,11.0,4.947391613843599,0.6506822598609046,14.353316881985775,32635,415,415
Bucha,MS,flat,OK,PASS,,/content/drive_f/masterthesis/data/satellite/MS/Bucha/s2__b04__20240130.tif,609.0,17504.0,1887.4849758056998,632.0069296702004,13.939794394268244,32635,828,828
Bucha,MS,flat,OK,PASS,,/content/drive_f/masterthesis/data/satellite/MS/Bucha/s2__b09__20210120.tif,2132.0,9135.0,4629.351003477094,1314.694974139443,15.154495108948812,32635,139,139
Bucha,MS,flat,OK,PASS,,/content/drive_f/masterthesis/data/satellite/MS/Bucha/s2__b05__20220323.tif,1138.0,7226.0,2126.5575946578083,372.9130029541877,14.353316881985775,32635,415,415
Bucha,MS,flat,OK,PASS,,/content/drive_f/masterthesis/data/satellite/MS/Bucha/s2__b02__20211226.tif,1.0,19056.0,3107.611791046547,1302.5800221225188,13.940961282643702,32635,828,828
Bucha,MS,flat,OK,PASS,,/content/drive_f/masterthesis/data/satellite/MS/Bucha/s2__scl__20210120.tif,2.0,11.0,10.797552625334735,1.0655621239023232,14.353316881985775,32635,415,415
Bucha,MS,flat,OK,PASS,,/content/drive_f/masterthesis/data/satellite/MS/Bucha/s2__b12__20220102.tif,987.0,11706.0,2179.9943391749434,579.7168786716386,14.353316881985775,32635,415,415
Bucha,MS,flat,OK,PASS,,/content/drive_f/masterthesis/data/satellite/MS/Bucha/s2__b04__20220214.tif,514.0,17744.0,2366.5060328974687,1113.3138715774742,13.939794394268244,32635,828,828
Bucha,MS,flat,OK,PASS,,/content/drive_f/masterthesis/data/satellite/MS/Bucha/s2__b06__20220102.tif,903.0,8911.0,2036.9525033049727,451.46179630377827,14.353316881985775,32635,415,415
Bucha,MS,flat,OK,PASS,,/content/drive_f/masterthesis/data/satellite/MS/Bucha/s2__b07__20220321.tif,965.0,11339.0,2247.7959933561574,417.7868420399689,14.353316881985775,32635,415,415
Bucha,MS,flat,OK,PASS,,/content/drive_f/masterthesis/data/satellite/MS/Bucha/s2__b02__20240112.tif,1290.0,17715.0,4364.593481521656,1748.216125326972,13.939794394268244,32635,828,828
Bucha,MS,flat,OK,PASS,,/content/drive_f/masterthesis/data/satellite/MS/Bucha/s2__b09__20220204.tif,1533.0,9795.0,4738.277740498994,1542.641916842517,15.154495108948812,32635,139,139
Bucha,MS,flat,OK,PASS,,/content/drive_f/masterthesis/data/satellite/MS/Bucha/s2__b06__20231226.tif,929.0,10749.0,1934.8672383986984,396.27751301408745,14.353316881985775,32635,415,415
Bucha,MS,flat,OK,PASS,,/content/drive_f/masterthesis/data/satellite/MS/Bucha/s2__b09__20220107.tif,1524.0,9374.0,3765.091868480449,1249.4875071077067,15.154495108948812,32635,139,139
Bucha,MS,flat,OK,PASS,,/content/drive_f/masterthesis/data/satellite/MS/Bucha/s2__b02__20220214.tif,1.0,19552.0,2179.787121169749,1165.9597390261283,13.940961282643702,32635,828,828
Bucha,MS,flat,OK,PASS,,/content/drive_f/masterthesis/data/satellite/MS/Bucha/s2__b02__20220102.tif,559.0,12312.0,1503.4824368871978,302.65011868139027,13.939794394268244,32635,828,828
Bucha,MS,flat,OK,PASS,,/content/drive_f/masterthesis/data/satellite/MS/Bucha/s2__b03__20220204.tif,844.0,17296.0,4338.811775652781,2088.2922065394005,13.939940255315177,32635,828,828
Bucha,MS,flat,OK,PASS,,/content/drive_f/masterthesis/data/satellite/MS/Bucha/s2__b02__20220204.tif,611.0,17744.0,4347.324720976941,2114.739542675636,13.941253004737566,32635,828,828
Bucha,MS,flat,OK,PASS,,/content/drive_f/masterthesis/data/satellite/MS/Bucha/s2__b01__20240130.tif,802.0,6496.0,1492.8604282315623,451.67630900283723,15.154495108948812,32635,139,139
Bucha,MS,flat,OK,PASS,,/content/drive_f/masterthesis/data/satellite/MS/Bucha/s2__b01__20221228.tif,1151.0,3509.0,1424.5732324772769,139.90546222336994,15.154495108948812,32635,139,139
Bucha,MS,flat,OK,PASS,,/content/drive_f/masterthesis/data/satellite/MS/Bucha/s2__b07__20220107.tif,703.0,9962.0,3645.5685908952237,1424.2250535910307,14.353316881985775,32635,415,415
Bucha,MS,flat,OK,PASS,,/content/drive_f/masterthesis/data/satellite/MS/Bucha/s2__b08__20220321.tif,1020.0,16592.0,2391.118120725744,492.50828681081924,13.939794394268244,32635,828,828
Bucha,MS,flat,OK,PASS,,/content/drive_f/masterthesis/data/satellite/MS/Bucha/s2__b06__20240112.tif,1153.0,13615.0,4595.00691501983,1656.8477507269101,14.353316881985775,32635,415,415
Bucha,MS,flat,OK,PASS,,/content/drive_f/masterthesis/data/satellite/MS/Bucha/s2__b05__20220102.tif,830.0,9188.0,1800.126639774923,410.9497401734658,14.353316881985775,32635,415,415
Chernihiv,MS,flat,OK,PASS,,/content/drive_f/masterthesis/data/satellite/MS/Chernihiv/s2__b12__20220601.tif,1006.0,15171.0,2340.5343493592163,888.2403535884295,14.306149553944335,32635,692,692
Chernihiv,MS,flat,OK,PASS,,/content/drive_f/masterthesis/data/satellite/MS/Chernihiv/s2__b02__20221113.tif,733.0,14488.0,1700.5016775548822,1115.3972320660168,14.184846569410919,32635,1383,1383
Chernihiv,MS,flat,OK,PASS,,/content/drive_f/masterthesis/data/satellite/MS/Chernihiv/s2__b08__20220323.tif,820.0,16576.0,2550.1538787841796,572.238758482955,0.15606708508002323,32636,1281,1281
Chernihiv,MS,flat,OK,PASS,,/content/drive_f/masterthesis/data/satellite/MS/Chernihiv/s2__b09__20231103.tif,958.0,16480.0,2638.23112855827,984.32221312183,14.916405433646814,32635,231,232
Chernihiv,MS,flat,OK,PASS,,/content/drive_f/masterthesis/data/satellite/MS/Chernihiv/s2__b06__20211101.tif,771.0,17437.0,2309.261216452991,408.02081711973926,14.306149553944335,32635,692,692
Chernihiv,MS,flat,OK,PASS,,/content/drive_f/masterthesis/data/satellite/MS/Chernihiv/s2__b02__20211101.tif,751.0,13096.0,1471.6066653304244,215.75177638692475,14.182650707982322,32635,1383,1383
Chernihiv,MS,flat,OK,PASS,,/content/drive_f/masterthesis/data/satellite/MS/Chernihiv/s2__b8a__20240112.tif,851.0,16248.0,6008.437800292969,2098.8546211798453,0.31176910102925176,32636,641,641
Chernihiv,MS,flat,OK,PASS,,/content/drive_f/masterthesis/data/satellite/MS/Chernihiv/s2__b06__20240112.tif,799.0,16327.0,6154.936953125,2350.696874390285,0.31176910102925176,32636,641,641
Chernihiv,MS,flat,OK,PASS,,/content/drive_f/masterthesis/data/satellite/MS/Chernihiv/s2__b07__20201206.tif,808.0,11481.0,3377.996780851795,1364.3549627240445,14.306149553944335,32635,692,692
Chernihiv,MS,flat,OK,PASS,,/content/drive_f/masterthesis/data/satellite/MS/Chernihiv/s2__b02__20220601.tif,1051.0,17840.0,1569.608497891154,368.3763735511813,14.182650707982322,32635,1383,1383
Chernihiv,MS,flat,OK,PASS,,/content/drive_f/masterthesis/data/satellite/MS/Chernihiv/s2__b05__20220601.tif,1078.0,10393.0,2104.3883837731537,486.3873899438303,14.306149553944335,32635,692,692
Chernihiv,MS,flat,OK,PASS,,/content/drive_f/masterthesis/data/satellite/MS/Chernihiv/s2__b08__20211101.tif,1062.0,17104.0,2624.7460185364007,544.7897992018742,14.182650707982322,32635,1383,1383
Chernihiv,MS,flat,OK,PASS,,/content/drive_f/masterthesis/data/satellite/MS/Chernihiv/s2__b09__20220510.tif,1093.0,11535.0,3397.6321110575027,899.1574279376364,14.916405433646814,32635,231,232
Chernihiv,MS,flat,OK,PASS,,/content/drive_f/masterthesis/data/satellite/MS/Chernihiv/s2__scl__20201206.tif,2.0,11.0,9.117600040939962,2.796616743863484,14.306149553944335,32635,692,692
Chernihiv,MS,flat,OK,PASS,,/content/drive_f/masterthesis/data/satellite/MS/Chernihiv/s2__b11__20211101.tif,1034.0,16203.0,2860.1560811683485,642.616348011566,14.306149553944335,32635,692,692
Chernihiv,MS,flat,OK,PASS,,/content/drive_f/masterthesis/data/satellite/MS/Chernihiv/s2__b06__20231103.tif,981.0,15874.0,2272.627612054869,824.6951218671944,14.306149553944335,32635,692,692
Chernihiv,MS,flat,OK,PASS,,/content/drive_f/masterthesis/data/satellite/MS/Chernihiv/s2__b03__20220323.tif,516.0,17632.0,1703.1762963867188,311.0668015621178,0.15606708508002323,32636,1281,1281
Chernihiv,MS,flat,OK,PASS,,/content/drive_f/masterthesis/data/satellite/MS/Chernihiv/s2__b07__20220214.tif,846.0,11249.0,3277.729918095707,1252.6472163484498,14.306149553944335,32635,692,692
Chernihiv,MS,flat,OK,PASS,,/content/drive_f/masterthesis/data/satellite/MS/Chernihiv/s2__b8a__20220321.tif,957.0,16518.0,2465.338512563451,486.67971276228667,14.306149553944335,32635,692,692
Chernihiv,MS,flat,OK,PASS,,/content/drive_f/masterthesis/data/satellite/MS/Chernihiv/s2__b07__20220601.tif,1031.0,12105.0,3561.650718764393,923.917366708443,14.306149553944335,32635,692,692
Chernihiv,MS,flat,OK,PASS,,/content/drive_f/masterthesis/data/satellite/MS/Chernihiv/s2__b02__20201206.tif,873.0,11000.0,2836.345275874779,1380.9680292809196,14.182859837642189,32635,1383,1383
Chernihiv,MS,flat,OK,PASS,,/content/drive_f/masterthesis/data/satellite/MS/Chernihiv/s2__b12__20231103.tif,1013.0,16059.0,2405.5533791308544,914.6006920868255,14.306149553944335,32635,692,692
Chernihiv,MS,flat,OK,PASS,,/content/drive_f/masterthesis/data/satellite/MS/Chernihiv/s2__b12__20201206.tif,962.0,16106.0,1712.9120400041916,285.3267343009628,14.306149553944335,32635,692,692
Chernihiv,MS,flat,OK,PASS,,/content/drive_f/masterthesis/data/satellite/MS/Chernihiv/s2__b12__20220214.tif,1016.0,15502.0,1864.4134594998989,349.1683089670373,14.306149553944335,32635,692,692
Chernihiv,MS,flat,OK,PASS,,/content/drive_f/masterthesis/data/satellite/MS/Chernihiv/s2__b06__20201206.tif,820.0,10696.0,3313.625065491755,1388.4227670267262,14.306149553944335,32635,692,692
Chernihiv,MS,flat,OK,PASS,,/content/drive_f/masterthesis/data/satellite/MS/Chernihiv/s2__b05__20211101.tif,424.0,15054.0,1997.7465255862578,311.5674537095733,14.306149553944335,32635,692,692
Chernihiv,MS,flat,OK,PASS,,/content/drive_f/masterthesis/data/satellite/MS/Chernihiv/s2__b01__20231103.tif,916.0,13353.0,1411.4825869555682,701.4853952286928,14.916405433646814,32635,231,232
Chernihiv,MS,flat,OK,PASS,,/content/drive_f/masterthesis/data/satellite/MS/Chernihiv/s2__b01__20220321.tif,1000.0,3529.0,1384.3895346287118,170.3238206840309,14.916405433646814,32635,231,232
Chernihiv,MS,flat,OK,PASS,,/content/drive_f/masterthesis/data/satellite/MS/Chernihiv/s2__b03__20220321.tif,357.0,17632.0,1656.7308402059437,307.2811605696667,14.182650707982322,32635,1383,1383
Chernihiv,MS,flat,OK,PASS,,/content/drive_f/masterthesis/data/satellite/MS/Chernihiv/s2__b8a__20220214.tif,824.0,11029.0,3347.9580925876735,1169.263382145119,14.306149553944335,32635,692,692
Chornobaivka,MS,flat,OK,PASS,,/content/drive_f/masterthesis/data/satellite/MS/Chornobaivka/s2__b02__20230223.tif,1.0,18352.0,1541.0910076904297,261.5900251127216,0.15600624024961,32636,1282,1280
Chornobaivka,MS,flat,OK,PASS,,/content/drive_f/masterthesis/data/satellite/MS/Chornobaivka/s2__b01__20220315.tif,1112.0,4705.0,1486.7440437014611,204.88344958439978,0.9302325581395349,32636,215,214
Chornobaivka,MS,flat,OK,PASS,,/content/drive_f/masterthesis/data/satellite/MS/Chornobaivka/s2__b11__20220807.tif,1051.0,16210.0,3106.1856005859377,827.3305156405387,0.3115264797507788,32636,642,640
Chornobaivka,MS,flat,OK,PASS,,/content/drive_f/masterthesis/data/satellite/MS/Chornobaivka/s2__b05__20220807.tif,677.0,17326.0,2128.3040283203127,465.71433576548145,0.3115264797507788,32636,642,640
Chornobaivka,MS,flat,OK,PASS,,/content/drive_f/masterthesis/data/satellite/MS/Chornobaivka/s2__b09__20211125.tif,904.0,5099.0,2337.5351893291213,468.4923093755328,0.9302325581395349,32636,215,214
Chornobaivka,MS,flat,OK,PASS,,/content/drive_f/masterthesis/data/satellite/MS/Chornobaivka/s2__b11__20220509.tif,974.0,15411.0,2989.3223828125,776.1641575295654,0.3115264797507788,32636,642,640
Chornobaivka,MS,flat,OK,PASS,,/content/drive_f/masterthesis/data/satellite/MS/Chornobaivka/s2__b12__20220213.tif,989.0,16048.0,2374.986337890625,601.1847255561786,0.3115264797507788,32636,642,640
Chornobaivka,MS,flat,OK,PASS,,/content/drive_f/masterthesis/data/satellite/MS/Chornobaivka/s2__b06__20220718.tif,706.0,16834.0,3137.1084106445314,787.6551403437453,0.3115264797507788,32636,642,640
Chornobaivka,MS,flat,OK,PASS,,/content/drive_f/masterthesis/data/satellite/MS/Chornobaivka/s2__b01__20220718.tif,1078.0,9770.0,1485.163814663683,248.6774859770233,0.9302325581395349,32636,215,214
Chornobaivka,MS,flat,OK,PASS,,/content/drive_f/masterthesis/data/satellite/MS/Chornobaivka/s2__scl__20220315.tif,4.0,8.0,5.08499755859375,0.3252470890559238,0.3115264797507788,32636,642,640
Chornobaivka,MS,flat,OK,PASS,,/content/drive_f/masterthesis/data/satellite/MS/Chornobaivka/s2__scl__20211125.tif,4.0,9.0,5.10232666015625,0.31435458546443584,0.3115264797507788,32636,642,640
Chornobaivka,MS,flat,OK,PASS,,/content/drive_f/masterthesis/data/satellite/MS/Chornobaivka/s2__b8a__20220213.tif,831.0,16543.0,2249.51109375,512.7911463304124,0.3115264797507788,32636,642,640
Chornobaivka,MS,flat,OK,PASS,,/content/drive_f/masterthesis/data/satellite/MS/Chornobaivka/s2__scl__20220718.tif,2.0,8.0,4.6169091796875,0.6472026778411812,0.3115264797507788,32636,642,640
Chornobaivka,MS,flat,OK,PASS,,/content/drive_f/masterthesis/data/satellite/MS/Chornobaivka/s2__b11__20211110.tif,988.0,16116.0,2743.7166845703123,674.515195475019,0.3115264797507788,32636,642,640
Chornobaivka,MS,flat,OK,PASS,,/content/drive_f/masterthesis/data/satellite/MS/Chornobaivka/s2__b04__20220718.tif,705.0,17232.0,1874.76771484375,555.0537107545672,0.15600624024961,32636,1282,1280
Chornobaivka,MS,flat,OK,PASS,,/content/drive_f/masterthesis/data/satellite/MS/Chornobaivka/s2__b8a__20221115.tif,766.0,16500.0,2656.2259375,716.8243362124543,0.3115264797507788,32636,642,640
Chornobaivka,MS,flat,OK,PASS,,/content/drive_f/masterthesis/data/satellite/MS/Chornobaivka/s2__b8a__20220807.tif,928.0,16839.0,3500.1362036132814,1059.9450076900187,0.3115264797507788,32636,642,640
Chornobaivka,MS,flat,OK,PASS,,/content/drive_f/masterthesis/data/satellite/MS/Chornobaivka/s2__b01__20231011.tif,972.0,4138.0,1323.4751875740424,197.86877986200255,0.9302325581395349,32636,215,214
Chornobaivka,MS,flat,OK,PASS,,/content/drive_f/masterthesis/data/satellite/MS/Chornobaivka/s2__b11__20220822.tif,1375.0,9217.0,3165.389870605469,630.9681418508355,0.3115264797507788,32636,642,640
Chornobaivka,MS,flat,OK,PASS,,/content/drive_f/masterthesis/data/satellite/MS/Chornobaivka/s2__b02__20220223.tif,1.0,18512.0,1471.0758026123046,286.27239202928405,0.15600624024961,32636,1282,1280
Chornobaivka,MS,flat,OK,PASS,,/content/drive_f/masterthesis/data/satellite/MS/Chornobaivka/s2__b07__20220315.tif,989.0,16158.0,2267.0172509765625,510.9559880354077,0.3115264797507788,32636,642,640
Chornobaivka,MS,flat,OK,PASS,,/content/drive_f/masterthesis/data/satellite/MS/Chornobaivka/s2__b02__20211001.tif,525.0,18672.0,1540.7838403320313,328.5823224131062,0.15600624024961,32636,1282,1280
Chornobaivka,MS,flat,OK,PASS,,/content/drive_f/masterthesis/data/satellite/MS/Chornobaivka/s2__b06__20231026.tif,689.0,16805.0,2494.982199707031,599.5726913477673,0.3115264797507788,32636,642,640
Chornobaivka,MS,flat,OK,PASS,,/content/drive_f/masterthesis/data/satellite/MS/Chornobaivka/s2__b04__20220807.tif,910.0,17632.0,1784.417474975586,500.5985526782179,0.15600624024961,32636,1282,1280
Chornobaivka,MS,flat,OK,PASS,,/content/drive_f/masterthesis/data/satellite/MS/Chornobaivka/s2__b8a__20221011.tif,836.0,13483.0,3185.345812988281,892.7477887057802,0.3115264797507788,32636,642,640
Chornobaivka,MS,flat,OK,PASS,,/content/drive_f/masterthesis/data/satellite/MS/Chornobaivka/s2__b09__20220213.tif,957.0,4399.0,2207.57198016761,443.04364853365485,0.9302325581395349,32636,215,214
Chornobaivka,MS,flat,OK,PASS,,/content/drive_f/masterthesis/data/satellite/MS/Chornobaivka/s2__b12__20220718.tif,1030.0,16074.0,2597.417763671875,831.0101240886132,0.3115264797507788,32636,642,640
Chornobaivka,MS,flat,OK,PASS,,/content/drive_f/masterthesis/data/satellite/MS/Chornobaivka/s2__b01__20220807.tif,1062.0,6571.0,1448.0048484050722,237.45430039247194,0.9302325581395349,32636,215,214
Chornobaivka,MS,flat,SATURATED,FAIL,max=26816,/content/drive_f/masterthesis/data/satellite/MS/Chornobaivka/s2__b02__20220822.tif,1.0,26816.0,1529.8897294796502,343.61513417876733,0.15612812012480498,32636,1282,1280
Chornobaivka,MS,flat,OK,PASS,,/content/drive_f/masterthesis/data/satellite/MS/Chornobaivka/s2__b06__20211026.tif,667.0,15616.0,2331.98251953125,512.1551891759977,0.3115264797507788,32636,642,640
Dmytrivka,MS,flat,OK,PASS,,/content/drive_f/masterthesis/data/satellite/MS/Dmytrivka/s2__b12__20220321.tif,1021.0,16051.0,2490.9375839035383,763.5107488061129,16.115668636791746,32635,1201,732
Dmytrivka,MS,flat,OK,PASS,,/content/drive_f/masterthesis/data/satellite/MS/Dmytrivka/s2__b02__20220323.tif,1102.0,10064.0,1686.8102833152755,244.55947108897294,15.93171454628363,32635,2401,1463
Dmytrivka,MS,flat,OK,PASS,,/content/drive_f/masterthesis/data/satellite/MS/Dmytrivka/s2__b08__20220214.tif,964.0,17056.0,3133.027166698081,1075.4995836830506,15.93171454628363,32635,2401,1463
Dmytrivka,MS,flat,OK,PASS,,/content/drive_f/masterthesis/data/satellite/MS/Dmytrivka/s2__b09__20240112.tif,1292.0,14734.0,4398.947825768579,1643.728218056959,16.599318031451983,32635,401,245
Dmytrivka,MS,flat,OK,PASS,,/content/drive_f/masterthesis/data/satellite/MS/Dmytrivka/s2__b06__20210120.tif,1480.0,12304.0,4573.871909298749,1990.1242817805114,16.115668636791746,32635,1201,732
Dmytrivka,MS,flat,OK,PASS,,/content/drive_f/masterthesis/data/satellite/MS/Dmytrivka/s2__b02__20210120.tif,1364.0,12584.0,4310.344419327762,2186.1874084204774,15.93171454628363,32635,2401,1463
Dmytrivka,MS,flat,OK,PASS,,/content/drive_f/masterthesis/data/satellite/MS/Dmytrivka/s2__b8a__20240130.tif,824.0,13294.0,2702.7044480062486,624.6476042031842,16.115668636791746,32635,1201,732
Dmytrivka,MS,flat,OK,PASS,,/content/drive_f/masterthesis/data/satellite/MS/Dmytrivka/s2__b06__20240130.tif,531.0,15024.0,2430.0323762566886,631.4522599880805,16.115668636791746,32635,1201,732
Dmytrivka,MS,flat,OK,PASS,,/content/drive_f/masterthesis/data/satellite/MS/Dmytrivka/s2__b07__20201206.tif,628.0,9783.0,2183.156411111744,468.7648895462662,16.115668636791746,32635,1201,732
Dmytrivka,MS,flat,OK,PASS,,/content/drive_f/masterthesis/data/satellite/MS/Dmytrivka/s2__b02__20220321.tif,1021.0,15832.0,1456.2813463204814,245.04290668830654,15.93171454628363,32635,2401,1463
Dmytrivka,MS,flat,OK,PASS,,/content/drive_f/masterthesis/data/satellite/MS/Dmytrivka/s2__b05__20220321.tif,705.0,14308.0,1927.7209615786205,356.6922262021408,16.115668636791746,32635,1201,732
Dmytrivka,MS,flat,OK,PASS,,/content/drive_f/masterthesis/data/satellite/MS/Dmytrivka/s2__b08__20210120.tif,1518.0,15496.0,4890.962677995843,2047.8610283727214,15.93171454628363,32635,2401,1463
Dmytrivka,MS,flat,OK,PASS,,/content/drive_f/masterthesis/data/satellite/MS/Dmytrivka/s2__b09__20220226.tif,1063.0,11388.0,2659.7681983215284,531.2269976883084,0.6210812729208565,32636,158,214
Dmytrivka,MS,flat,OK,PASS,,/content/drive_f/masterthesis/data/satellite/MS/Dmytrivka/s2__scl__20201206.tif,2.0,11.0,4.6290114366455395,0.7912831491779457,16.115668636791746,32635,1201,732
Dmytrivka,MS,flat,OK,PASS,,/content/drive_f/masterthesis/data/satellite/MS/Dmytrivka/s2__b11__20210120.tif,1000.0,10713.0,1738.5627551006571,254.9870391899412,16.115668636791746,32635,1201,732
Dmytrivka,MS,flat,OK,PASS,,/content/drive_f/masterthesis/data/satellite/MS/Dmytrivka/s2__b06__20240112.tif,1153.0,14730.0,4345.051905610384,1958.8049061603901,16.115668636791746,32635,1201,732
Dmytrivka,MS,flat,OK,PASS,,/content/drive_f/masterthesis/data/satellite/MS/Dmytrivka/s2__b03__20220214.tif,1.0,18544.0,2186.2307365817474,1208.6568278498207,15.93171454628363,32635,2401,1463
Dmytrivka,MS,flat,OK,PASS,,/content/drive_f/masterthesis/data/satellite/MS/Dmytrivka/s2__b07__20220107.tif,703.0,16953.0,3876.4189373167683,1774.8676221002377,16.115668636791746,32635,1201,732
Dmytrivka,MS,flat,OK,PASS,,/content/drive_f/masterthesis/data/satellite/MS/Dmytrivka/s2__b8a__20220204.tif,1003.0,16705.0,4893.479796705964,2000.0134259993029,16.115668636791746,32635,1201,732
Dmytrivka,MS,flat,OK,PASS,,/content/drive_f/masterthesis/data/satellite/MS/Dmytrivka/s2__b07__20220321.tif,931.0,11339.0,2315.342950204352,358.9482529562158,16.115668636791746,32635,1201,732
Dmytrivka,MS,flat,OK,PASS,,/content/drive_f/masterthesis/data/satellite/MS/Dmytrivka/s2__b02__20201206.tif,923.0,18032.0,1299.0718438070803,199.96603309055794,15.93171454628363,32635,2401,1463
Dmytrivka,MS,flat,OK,PASS,,/content/drive_f/masterthesis/data/satellite/MS/Dmytrivka/s2__b12__20240112.tif,985.0,16047.0,1932.339725596444,717.9115479981313,16.115668636791746,32635,1201,732
Dmytrivka,MS,flat,OK,PASS,,/content/drive_f/masterthesis/data/satellite/MS/Dmytrivka/s2__b12__20201206.tif,976.0,16090.0,1845.0363032812895,530.8281218520337,16.115668636791746,32635,1201,732
Dmytrivka,MS,flat,OK,PASS,,/content/drive_f/masterthesis/data/satellite/MS/Dmytrivka/s2__b12__20220107.tif,982.0,16119.0,2031.6968624483698,822.7425536069669,16.115668636791746,32635,1201,732
Dmytrivka,MS,flat,OK,PASS,,/content/drive_f/masterthesis/data/satellite/MS/Dmytrivka/s2__b06__20201206.tif,567.0,10935.0,2052.3654749991188,426.94254972880475,16.115668636791746,32635,1201,732
Dmytrivka,MS,flat,OK,PASS,,/content/drive_f/masterthesis/data/satellite/MS/Dmytrivka/s2__b05__20210120.tif,1414.0,12169.0,4329.583628266983,2205.298609059834,16.115668636791746,32635,1201,732
Dmytrivka,MS,flat,OK,PASS,,/content/drive_f/masterthesis/data/satellite/MS/Dmytrivka/s2__b01__20240112.tif,1257.0,11190.0,3991.42618109035,1833.9599596167923,16.599318031451983,32635,401,245
Dmytrivka,MS,flat,OK,PASS,,/content/drive_f/masterthesis/data/satellite/MS/Dmytrivka/s2__b01__20220204.tif,218.0,11686.0,4104.180565556464,2253.8001554810517,16.599318031451983,32635,401,245
Dmytrivka,MS,flat,OK,PASS,,/content/drive_f/masterthesis/data/satellite/MS/Dmytrivka/s2__b03__20220204.tif,783.0,17920.0,4246.133273306421,2567.8719980668952,15.93171454628363,32635,2401,1463
Dmytrivka,MS,flat,OK,PASS,,/content/drive_f/masterthesis/data/satellite/MS/Dmytrivka/s2__b8a__20220107.tif,899.0,16774.0,4016.5225071665486,1746.7354835112508,16.115668636791746,32635,1201,732
Hostomel,MS,flat,OK,PASS,,/content/drive_f/masterthesis/data/satellite/MS/Hostomel/s2__b06__20220323.tif,1071.0,6208.0,2302.4238438628536,428.1275046257097,14.250071122825032,32635,553,553
Hostomel,MS,flat,OK,PASS,,/content/drive_f/masterthesis/data/satellite/MS/Hostomel/s2__b05__20201206.tif,577.0,10633.0,1714.0226708888067,353.9929857938419,0.1949317738791423,32636,507,513
Hostomel,MS,flat,OK,PASS,,/content/drive_f/masterthesis/data/satellite/MS/Hostomel/s2__b02__20240130.tif,1.0,19312.0,1661.6867141373993,709.8506968978178,14.01673880254443,32635,1104,1105
Hostomel,MS,flat,OK,PASS,,/content/drive_f/masterthesis/data/satellite/MS/Hostomel/s2__b04__20211022.tif,462.0,17248.0,1775.3251557872657,440.7023421494131,0.19608409101842497,32636,1014,1025
Hostomel,MS,flat,OK,PASS,,/content/drive_f/masterthesis/data/satellite/MS/Hostomel/s2__b8a__20220323.tif,1055.0,5400.0,2559.381385114651,487.84023254759353,14.250071122825032,32635,553,553
Hostomel,MS,flat,OK,PASS,,/content/drive_f/masterthesis/data/satellite/MS/Hostomel/s2__b06__20221228.tif,916.0,10087.0,2064.747062704257,469.5570236153251,14.250071122825032,32635,553,553
Hostomel,MS,flat,OK,PASS,,/content/drive_f/masterthesis/data/satellite/MS/Hostomel/s2__b07__20240130.tif,967.0,15282.0,2445.69801434613,624.1828172508484,14.250071122825032,32635,553,553
Hostomel,MS,flat,OK,PASS,,/content/drive_f/masterthesis/data/satellite/MS/Hostomel/s2__b12__20220323.tif,985.0,16078.0,2849.6939187205176,852.5985370094811,14.250071122825032,32635,553,553
Hostomel,MS,flat,OK,PASS,,/content/drive_f/masterthesis/data/satellite/MS/Hostomel/s2__b09__20211022.tif,1036.0,10086.0,2929.538078663418,428.4615982047426,1.1627906976744187,32636,169,172
Hostomel,MS,flat,OK,PASS,,/content/drive_f/masterthesis/data/satellite/MS/Hostomel/s2__b03__20221228.tif,218.0,18480.0,1485.0894893188631,308.4774355808383,14.014689487835268,32635,1104,1105
Hostomel,MS,flat,OK,PASS,,/content/drive_f/masterthesis/data/satellite/MS/Hostomel/s2__b11__20220323.tif,1039.0,16155.0,3099.516483558389,759.6786645107534,14.250071122825032,32635,553,553
Hostomel,MS,flat,OK,PASS,,/content/drive_f/masterthesis/data/satellite/MS/Hostomel/s2__b03__20231103.tif,904.0,13576.0,1529.3934813032436,280.8571495809345,14.014689487835268,32635,1104,1105
Hostomel,MS,flat,OK,PASS,,/content/drive_f/masterthesis/data/satellite/MS/Hostomel/s2__b07__20220321.tif,931.0,11294.0,2260.9539566260282,459.3668038446376,14.250071122825032,32635,553,553
Hostomel,MS,flat,OK,PASS,,/content/drive_f/masterthesis/data/satellite/MS/Hostomel/s2__b01__20220321.tif,1039.0,4042.0,1406.376475837452,211.70185554132394,14.869247626004382,32635,185,185
Hostomel,MS,flat,OK,PASS,,/content/drive_f/masterthesis/data/satellite/MS/Hostomel/s2__b11__20231103.tif,1025.0,14559.0,2814.457592733125,582.1742401973922,14.250071122825032,32635,553,553
Hostomel,MS,flat,OK,PASS,,/content/drive_f/masterthesis/data/satellite/MS/Hostomel/s2__b12__20201206.tif,975.0,16096.0,1983.7852872287967,510.5916169023831,0.1949317738791423,32636,507,513
Hostomel,MS,flat,OK,PASS,,/content/drive_f/masterthesis/data/satellite/MS/Hostomel/s2__b04__20221228.tif,292.0,17696.0,1553.695273740929,362.71644254575733,14.015017378188734,32635,1104,1105
Hostomel,MS,flat,OK,PASS,,/content/drive_f/masterthesis/data/satellite/MS/Hostomel/s2__b09__20201206.tif,942.0,6556.0,2286.449530107901,421.719031631311,1.1627906976744187,32636,169,172
Hostomel,MS,flat,OK,PASS,,/content/drive_f/masterthesis/data/satellite/MS/Hostomel/s2__b11__20211226.tif,935.0,13734.0,1684.1853311452169,282.19888206358536,0.1949317738791423,32636,507,513
Hostomel,MS,flat,OK,PASS,,/content/drive_f/masterthesis/data/satellite/MS/Hostomel/s2__b09__20220321.tif,1019.0,4802.0,2430.123833058759,439.62290449964706,14.869247626004382,32635,185,185
Hostomel,MS,flat,OK,PASS,,/content/drive_f/masterthesis/data/satellite/MS/Hostomel/s2__b02__20231226.tif,423.0,16992.0,1333.9016313317497,218.09552522168306,0.19608409101842497,32636,1014,1025
Hostomel,MS,flat,OK,PASS,,/content/drive_f/masterthesis/data/satellite/MS/Hostomel/s2__b02__20201206.tif,1.0,19184.0,1331.5071627437069,243.4732245350702,0.19608409101842497,32636,1014,1025
Hostomel,MS,flat,OK,PASS,,/content/drive_f/masterthesis/data/satellite/MS/Hostomel/s2__scl__20201206.tif,2.0,11.0,4.8545287845167655,0.5436899747841782,0.1949317738791423,32636,507,513
Hostomel,MS,flat,OK,PASS,,/content/drive_f/masterthesis/data/satellite/MS/Hostomel/s2__b02__20211022.tif,1.0,18880.0,1395.3599688425468,310.1632382646132,0.19608409101842497,32636,1014,1025
Hostomel,MS,flat,OK,PASS,,/content/drive_f/masterthesis/data/satellite/MS/Hostomel/s2__scl__20221228.tif,2.0,11.0,4.9350725124031865,0.6955879959306479,14.250071122825032,32635,553,553
Hostomel,MS,flat,OK,PASS,,/content/drive_f/masterthesis/data/satellite/MS/Hostomel/s2__b05__20220323.tif,1118.0,7226.0,2105.4307347338795,419.22225077330324,14.250071122825032,32635,553,553
Hostomel,MS,flat,OK,PASS,,/content/drive_f/masterthesis/data/satellite/MS/Hostomel/s2__b08__20201206.tif,620.0,16832.0,2352.7666146089405,589.8440455411899,0.19627651897820753,32636,1014,1025
Hostomel,MS,flat,OK,PASS,,/content/drive_f/masterthesis/data/satellite/MS/Hostomel/s2__b08__20231226.tif,952.0,16688.0,2063.087951358897,401.3664463239161,0.19608409101842497,32636,1014,1025
Hostomel,MS,flat,OK,PASS,,/content/drive_f/masterthesis/data/satellite/MS/Hostomel/s2__b05__20231103.tif,956.0,6990.0,1869.7848614389602,322.5372400659297,14.250071122825032,32635,553,553
Hostomel,MS,flat,OK,PASS,,/content/drive_f/masterthesis/data/satellite/MS/Hostomel/s2__b01__20201206.tif,866.0,4246.0,1250.4152801949183,162.8963779340426,1.1627906976744187,32636,169,172
Irpin,MS,flat,OK,PASS,,/content/drive_f/masterthesis/data/satellite/MS/Irpin/s2__b05__20240130.tif,423.0,13864.0,1900.6929502987161,510.364780246549,14.619057955285435,32635,425,542
Irpin,MS,flat,OK,PASS,,/content/drive_f/masterthesis/data/satellite/MS/Irpin/s2__b01__20220226.tif,1126.0,7377.0,1550.1208424707602,359.05470187275984,1.3520822065981613,32636,129,172
Irpin,MS,flat,OK,PASS,,/content/drive_f/masterthesis/data/satellite/MS/Irpin/s2__b06__20240130.tif,531.0,13203.0,2230.9345315876444,496.7626996143366,14.619057955285435,32635,425,542
Irpin,MS,flat,OK,PASS,,/content/drive_f/masterthesis/data/satellite/MS/Irpin/s2__b05__20220323.tif,1138.0,7226.0,1937.3550476674718,332.9015206943676,14.619057955285435,32635,425,542
Irpin,MS,flat,OK,PASS,,/content/drive_f/masterthesis/data/satellite/MS/Irpin/s2__b02__20220102.tif,559.0,12312.0,1399.282518723402,262.67676541370975,14.61732146733232,32635,850,1084
Irpin,MS,flat,OK,PASS,,/content/drive_f/masterthesis/data/satellite/MS/Irpin/s2__b11__20220226.tif,1138.0,9744.0,2676.4625498453775,677.4491207607817,0.45416571732361205,32636,385,513
Irpin,MS,flat,OK,PASS,,/content/drive_f/masterthesis/data/satellite/MS/Irpin/s2__b09__20201206.tif,947.0,5298.0,2202.3855080409357,319.4233358757175,1.3520822065981613,32636,129,172
Irpin,MS,flat,OK,PASS,,/content/drive_f/masterthesis/data/satellite/MS/Irpin/s2__b12__20220226.tif,1127.0,11312.0,2313.7970225016275,629.3480735932053,0.45416571732361205,32636,385,513
Irpin,MS,flat,OK,PASS,,/content/drive_f/masterthesis/data/satellite/MS/Irpin/s2__b05__20201206.tif,494.0,10007.0,1583.8580118815105,270.2115992349379,0.45416571732361205,32636,385,513
Irpin,MS,flat,OK,PASS,,/content/drive_f/masterthesis/data/satellite/MS/Irpin/s2__b02__20220107.tif,853.0,12024.0,2524.533979458512,1392.3600756374922,0.27986932665165404,32636,769,1025
Irpin,MS,flat,OK,PASS,,/content/drive_f/masterthesis/data/satellite/MS/Irpin/s2__b05__20220226.tif,1161.0,9344.0,1986.7813466389973,441.89062178467844,0.45416571732361205,32636,385,513
Irpin,MS,flat,OK,PASS,,/content/drive_f/masterthesis/data/satellite/MS/Irpin/s2__b03__20240130.tif,1.0,18256.0,1570.2908384866184,512.6755014142126,14.61742999782939,32635,850,1084
Irpin,MS,flat,OK,PASS,,/content/drive_f/masterthesis/data/satellite/MS/Irpin/s2__b12__20220321.tif,1049.0,16051.0,2303.909785178594,724.3419847733488,14.619057955285435,32635,425,542
Irpin,MS,flat,OK,PASS,,/content/drive_f/masterthesis/data/satellite/MS/Irpin/s2__b8a__20220321.tif,872.0,16537.0,2352.6336748442864,367.9943742169191,14.619057955285435,32635,425,542
Irpin,MS,flat,OK,PASS,,/content/drive_f/masterthesis/data/satellite/MS/Irpin/s2__b03__20201206.tif,84.0,18128.0,1343.775019592277,224.6532946938241,0.2792349900091979,32636,769,1025
Irpin,MS,flat,OK,PASS,,/content/drive_f/masterthesis/data/satellite/MS/Irpin/s2__b01__20201206.tif,1020.0,4246.0,1192.3253837719299,129.53507602186986,1.3520822065981613,32636,129,172
Irpin,MS,flat,OK,PASS,,/content/drive_f/masterthesis/data/satellite/MS/Irpin/s2__b07__20240130.tif,929.0,12129.0,2339.9123935426464,504.26613782597906,14.619057955285435,32635,425,542
Irpin,MS,flat,OK,PASS,,/content/drive_f/masterthesis/data/satellite/MS/Irpin/s2__scl__20220226.tif,4.0,10.0,9.491104125976562,1.5153807408891176,0.45416571732361205,32636,385,513
Irpin,MS,flat,OK,PASS,,/content/drive_f/masterthesis/data/satellite/MS/Irpin/s2__b09__20220226.tif,1228.0,9912.0,2689.765442251462,483.6506880176469,1.3520822065981613,32636,129,172
Irpin,MS,flat,OK,PASS,,/content/drive_f/masterthesis/data/satellite/MS/Irpin/s2__b8a__20220107.tif,1051.0,12216.0,3369.678736368815,1103.1085080207936,0.45416571732361205,32636,385,513
Irpin,MS,flat,OK,PASS,,/content/drive_f/masterthesis/data/satellite/MS/Irpin/s2__b08__20220321.tif,1020.0,16592.0,2341.6214313678634,407.8850628495429,14.61732146733232,32635,850,1084
Irpin,MS,flat,OK,PASS,,/content/drive_f/masterthesis/data/satellite/MS/Irpin/s2__b11__20240130.tif,1026.0,16205.0,2105.5206050591078,524.560828891233,14.619057955285435,32635,425,542
Irpin,MS,flat,OK,PASS,,/content/drive_f/masterthesis/data/satellite/MS/Irpin/s2__scl__20240112.tif,2.0,11.0,8.634076522181264,3.047179725481664,14.619057955285435,32635,425,542
Irpin,MS,flat,OK,PASS,,/content/drive_f/masterthesis/data/satellite/MS/Irpin/s2__b02__20220204.tif,808.0,14424.0,3326.9007784277387,1940.6646364071205,14.61753852832646,32635,850,1084
Irpin,MS,flat,OK,PASS,,/content/drive_f/masterthesis/data/satellite/MS/Irpin/s2__b02__20220323.tif,1161.0,10064.0,1697.6895576040147,229.65090397551654,14.61732146733232,32635,850,1084
Irpin,MS,flat,OK,PASS,,/content/drive_f/masterthesis/data/satellite/MS/Irpin/s2__b08__20220323.tif,1148.0,10816.0,2375.2380312590567,431.343246760044,14.61732146733232,32635,850,1084
Irpin,MS,flat,OK,PASS,,/content/drive_f/masterthesis/data/satellite/MS/Irpin/s2__b04__20220226.tif,1117.0,9144.0,1761.4431594964021,474.55050218324266,0.2792349900091979,32636,769,1025
Irpin,MS,flat,OK,PASS,,/content/drive_f/masterthesis/data/satellite/MS/Irpin/s2__b03__20220323.tif,1123.0,9888.0,1718.1183044453144,259.7979914638727,14.61732146733232,32635,850,1084
Irpin,MS,flat,OK,PASS,,/content/drive_f/masterthesis/data/satellite/MS/Irpin/s2__b07__20220107.tif,853.0,11794.0,3220.8587951660156,1122.659295081007,0.45416571732361205,32636,385,513
Irpin,MS,flat,OK,PASS,,/content/drive_f/masterthesis/data/satellite/MS/Irpin/s2__b03__20220226.tif,1107.0,8912.0,1675.0241379398085,409.51052750823845,0.2792349900091979,32636,769,1025
Kharkiv,MS,flat,OK,PASS,,/content/drive_f/masterthesis/data/satellite/MS/Kharkiv/s2__b11__20211117.tif,951.0,16146.0,2622.470853726325,503.6483334474263,13.932886344595177,32636,1369,1252
Kharkiv,MS,flat,OK,PASS,,/content/drive_f/masterthesis/data/satellite/MS/Kharkiv/s2__b02__20211003.tif,1.0,18752.0,1436.4895951523963,326.39708347205925,13.905849005006521,32636,2738,2503
Kharkiv,MS,flat,OK,PASS,,/content/drive_f/masterthesis/data/satellite/MS/Kharkiv/s2__b12__20220220.tif,974.0,16144.0,1827.3279511652815,458.2284361649741,13.932886344595177,32636,1369,1252
Kharkiv,MS,flat,OK,PASS,,/content/drive_f/masterthesis/data/satellite/MS/Kharkiv/s2__b07__20220322.tif,587.0,17366.0,2846.2859700416016,1036.8817712780933,13.932944688060827,32636,1369,1252
Kharkiv,MS,flat,OK,PASS,,/content/drive_f/masterthesis/data/satellite/MS/Kharkiv/s2__b05__20220610.tif,1001.0,16916.0,2132.157695332095,354.0419329624042,13.932886344595177,32636,1369,1252
Kharkiv,MS,flat,OK,PASS,,/content/drive_f/masterthesis/data/satellite/MS/Kharkiv/s2__b12__20211117.tif,981.0,16073.0,2334.188313968465,466.5620392423214,13.932886344595177,32636,1369,1252
Kharkiv,MS,flat,OK,PASS,,/content/drive_f/masterthesis/data/satellite/MS/Kharkiv/s2__b04__20220824.tif,863.0,17216.0,1654.517928834416,393.516429367422,13.905849005006521,32636,2738,2503
Kharkiv,MS,flat,OK,PASS,,/content/drive_f/masterthesis/data/satellite/MS/Kharkiv/s2__b02__20201207.tif,558.0,19616.0,1399.014163830083,316.6663356101363,13.90611195254323,32636,2738,2503
Kharkiv,MS,flat,OK,PASS,,/content/drive_f/masterthesis/data/satellite/MS/Kharkiv/s2__b08__20220506.tif,1049.0,16496.0,3365.433120202065,743.8240601829833,13.905849005006521,32636,2738,2503
Kharkiv,MS,flat,OK,PASS,,/content/drive_f/masterthesis/data/satellite/MS/Kharkiv/s2__b08__20220322.tif,809.0,17296.0,2957.685170988855,1083.4795247690222,13.905980478774875,32636,2738,2503
Kharkiv,MS,flat,OK,PASS,,/content/drive_f/masterthesis/data/satellite/MS/Kharkiv/s2__scl__20211227.tif,2.0,11.0,10.516988435309589,1.6482574748135443,13.932886344595177,32636,1369,1252
Kharkiv,MS,flat,OK,PASS,,/content/drive_f/masterthesis/data/satellite/MS/Kharkiv/s2__b02__20211117.tif,356.0,18720.0,1458.4932647566807,276.74191526468053,13.905849005006521,32636,2738,2503
Kharkiv,MS,flat,OK,PASS,,/content/drive_f/masterthesis/data/satellite/MS/Kharkiv/s2__b06__20220506.tif,748.0,16647.0,2986.2209181252456,562.5313134810781,13.932886344595177,32636,1369,1252
Kharkiv,MS,flat,OK,PASS,,/content/drive_f/masterthesis/data/satellite/MS/Kharkiv/s2__b01__20220620.tif,932.0,15778.0,1459.8607938599703,241.62750016152228,14.195973323003152,32636,457,418
Kharkiv,MS,flat,OK,PASS,,/content/drive_f/masterthesis/data/satellite/MS/Kharkiv/s2__b12__20231107.tif,985.0,16051.0,2165.781438875256,372.38597691226795,13.932886344595177,32636,1369,1252
Kharkiv,MS,flat,OK,PASS,,/content/drive_f/masterthesis/data/satellite/MS/Kharkiv/s2__b08__20221018.tif,1052.0,16624.0,2738.983084391736,695.9532521319279,13.905849005006521,32636,2738,2503
Kharkiv,MS,flat,OK,PASS,,/content/drive_f/masterthesis/data/satellite/MS/Kharkiv/s2__b05__20220620.tif,1166.0,17875.0,2168.5380150218957,324.4803222602696,13.932886344595177,32636,1369,1252
Kharkiv,MS,flat,OK,PASS,,/content/drive_f/masterthesis/data/satellite/MS/Kharkiv/s2__b08__20220610.tif,1079.0,16576.0,4012.1702968210507,934.1926847925581,13.905849005006521,32636,2738,2503
Kharkiv,MS,flat,OK,PASS,,/content/drive_f/masterthesis/data/satellite/MS/Kharkiv/s2__scl__20221018.tif,3.0,10.0,4.719975189468403,0.6493075858463841,13.932886344595177,32636,1369,1252
Kharkiv,MS,flat,OK,PASS,,/content/drive_f/masterthesis/data/satellite/MS/Kharkiv/s2__b08__20231107.tif,956.0,16592.0,2192.034465117984,471.6449489424979,13.906243426311582,32636,2738,2503
Kharkiv,MS,flat,OK,PASS,,/content/drive_f/masterthesis/data/satellite/MS/Kharkiv/s2__b09__20211117.tif,937.0,6938.0,2255.883867779486,343.05864610997685,14.195973323003152,32636,457,418
Kharkiv,MS,flat,OK,PASS,,/content/drive_f/masterthesis/data/satellite/MS/Kharkiv/s2__b11__20220620.tif,1227.0,16320.0,2998.4369066825743,402.8633099071543,13.932886344595177,32636,1369,1252
Kharkiv,MS,flat,OK,PASS,,/content/drive_f/masterthesis/data/satellite/MS/Kharkiv/s2__b05__20220322.tif,673.0,17641.0,2737.4938621008027,1195.5894433629069,13.932944688060827,32636,1369,1252
Kharkiv,MS,flat,OK,PASS,,/content/drive_f/masterthesis/data/satellite/MS/Kharkiv/s2__b04__20201207.tif,748.0,17712.0,1638.432190862473,383.0958461255743,13.905980478774875,32636,2738,2503
Kharkiv,MS,flat,OK,PASS,,/content/drive_f/masterthesis/data/satellite/MS/Kharkiv/s2__b12__20220610.tif,993.0,16063.0,2369.412260876639,621.4961500150634,13.932886344595177,32636,1369,1252
Kharkiv,MS,flat,OK,PASS,,/content/drive_f/masterthesis/data/satellite/MS/Kharkiv/s2__b08__20220824.tif,1077.0,16608.0,3444.2346225560786,617.852064995576,13.905849005006521,32636,2738,2503
Kharkiv,MS,flat,OK,PASS,,/content/drive_f/masterthesis/data/satellite/MS/Kharkiv/s2__b05__20220506.tif,742.0,16751.0,2135.9917860871215,327.3550454966066,13.932886344595177,32636,1369,1252
Kharkiv,MS,flat,OK,PASS,,/content/drive_f/masterthesis/data/satellite/MS/Kharkiv/s2__b07__20211117.tif,574.0,16815.0,2126.354274054692,401.46918816139026,13.932886344595177,32636,1369,1252
Kharkiv,MS,flat,OK,PASS,,/content/drive_f/masterthesis/data/satellite/MS/Kharkiv/s2__b03__20201207.tif,749.0,18544.0,1494.351140282024,339.4273108852801,13.905980478774875,32636,2738,2503
Kharkiv,MS,flat,OK,PASS,,/content/drive_f/masterthesis/data/satellite/MS/Kharkiv/s2__b07__20221008.tif,707.0,16718.0,2643.252897273553,512.2672561878918,13.932886344595177,32636,1369,1252
Kherson,MS,flat,OK,PASS,,/content/drive_f/masterthesis/data/satellite/MS/Kherson/s2__b02__20230223.tif,1.0,18352.0,1541.0910076904297,261.5900251127216,0.15600624024961,32636,1282,1280
Kherson,MS,flat,OK,PASS,,/content/drive_f/masterthesis/data/satellite/MS/Kherson/s2__b01__20220315.tif,1112.0,4705.0,1486.7440437014611,204.88344958439978,0.9302325581395349,32636,215,214
Kherson,MS,flat,OK,PASS,,/content/drive_f/masterthesis/data/satellite/MS/Kherson/s2__b11__20220807.tif,1051.0,16210.0,3106.1856005859377,827.3305156405387,0.3115264797507788,32636,642,640
Kherson,MS,flat,OK,PASS,,/content/drive_f/masterthesis/data/satellite/MS/Kherson/s2__b05__20220807.tif,677.0,17326.0,2128.3040283203127,465.71433576548145,0.3115264797507788,32636,642,640
Kherson,MS,flat,OK,PASS,,/content/drive_f/masterthesis/data/satellite/MS/Kherson/s2__b09__20211125.tif,904.0,5099.0,2337.5351893291213,468.4923093755328,0.9302325581395349,32636,215,214
Kherson,MS,flat,OK,PASS,,/content/drive_f/masterthesis/data/satellite/MS/Kherson/s2__b11__20220509.tif,974.0,15411.0,2989.3223828125,776.1641575295654,0.3115264797507788,32636,642,640
Kherson,MS,flat,OK,PASS,,/content/drive_f/masterthesis/data/satellite/MS/Kherson/s2__b12__20220213.tif,989.0,16048.0,2374.986337890625,601.1847255561786,0.3115264797507788,32636,642,640
Kherson,MS,flat,OK,PASS,,/content/drive_f/masterthesis/data/satellite/MS/Kherson/s2__b06__20220718.tif,706.0,16834.0,3137.1084106445314,787.6551403437453,0.3115264797507788,32636,642,640
Kherson,MS,flat,OK,PASS,,/content/drive_f/masterthesis/data/satellite/MS/Kherson/s2__b01__20220718.tif,1078.0,9770.0,1485.163814663683,248.6774859770233,0.9302325581395349,32636,215,214
Kherson,MS,flat,OK,PASS,,/content/drive_f/masterthesis/data/satellite/MS/Kherson/s2__scl__20220315.tif,4.0,8.0,5.08499755859375,0.3252470890559238,0.3115264797507788,32636,642,640
Kherson,MS,flat,OK,PASS,,/content/drive_f/masterthesis/data/satellite/MS/Kherson/s2__scl__20211125.tif,4.0,9.0,5.10232666015625,0.31435458546443584,0.3115264797507788,32636,642,640
Kherson,MS,flat,OK,PASS,,/content/drive_f/masterthesis/data/satellite/MS/Kherson/s2__b8a__20220213.tif,831.0,16543.0,2249.51109375,512.7911463304124,0.3115264797507788,32636,642,640
Kherson,MS,flat,OK,PASS,,/content/drive_f/masterthesis/data/satellite/MS/Kherson/s2__scl__20220718.tif,2.0,8.0,4.6169091796875,0.6472026778411812,0.3115264797507788,32636,642,640
Kherson,MS,flat,OK,PASS,,/content/drive_f/masterthesis/data/satellite/MS/Kherson/s2__b11__20211110.tif,988.0,16116.0,2743.7166845703123,674.515195475019,0.3115264797507788,32636,642,640
Kherson,MS,flat,OK,PASS,,/content/drive_f/masterthesis/data/satellite/MS/Kherson/s2__b04__20220718.tif,705.0,17232.0,1874.76771484375,555.0537107545672,0.15600624024961,32636,1282,1280
Kherson,MS,flat,OK,PASS,,/content/drive_f/masterthesis/data/satellite/MS/Kherson/s2__b8a__20221115.tif,766.0,16500.0,2656.2259375,716.8243362124543,0.3115264797507788,32636,642,640
Kherson,MS,flat,OK,PASS,,/content/drive_f/masterthesis/data/satellite/MS/Kherson/s2__b8a__20220807.tif,928.0,16839.0,3500.1362036132814,1059.9450076900187,0.3115264797507788,32636,642,640
Kherson,MS,flat,OK,PASS,,/content/drive_f/masterthesis/data/satellite/MS/Kherson/s2__b01__20231011.tif,972.0,4138.0,1323.4751875740424,197.86877986200255,0.9302325581395349,32636,215,214
Kherson,MS,flat,OK,PASS,,/content/drive_f/masterthesis/data/satellite/MS/Kherson/s2__b11__20220822.tif,1375.0,9217.0,3165.389870605469,630.9681418508355,0.3115264797507788,32636,642,640
Kherson,MS,flat,OK,PASS,,/content/drive_f/masterthesis/data/satellite/MS/Kherson/s2__b02__20220223.tif,1.0,18512.0,1471.0758026123046,286.27239202928405,0.15600624024961,32636,1282,1280
Kherson,MS,flat,OK,PASS,,/content/drive_f/masterthesis/data/satellite/MS/Kherson/s2__b07__20220315.tif,989.0,16158.0,2267.0172509765625,510.9559880354077,0.3115264797507788,32636,642,640
Kherson,MS,flat,OK,PASS,,/content/drive_f/masterthesis/data/satellite/MS/Kherson/s2__b02__20211001.tif,525.0,18672.0,1540.7838403320313,328.5823224131062,0.15600624024961,32636,1282,1280
Kherson,MS,flat,OK,PASS,,/content/drive_f/masterthesis/data/satellite/MS/Kherson/s2__b06__20231026.tif,689.0,16805.0,2494.982199707031,599.5726913477673,0.3115264797507788,32636,642,640
Kherson,MS,flat,OK,PASS,,/content/drive_f/masterthesis/data/satellite/MS/Kherson/s2__b04__20220807.tif,910.0,17632.0,1784.417474975586,500.5985526782179,0.15600624024961,32636,1282,1280
Kherson,MS,flat,OK,PASS,,/content/drive_f/masterthesis/data/satellite/MS/Kherson/s2__b8a__20221011.tif,836.0,13483.0,3185.345812988281,892.7477887057802,0.3115264797507788,32636,642,640
Kherson,MS,flat,OK,PASS,,/content/drive_f/masterthesis/data/satellite/MS/Kherson/s2__b09__20220213.tif,957.0,4399.0,2207.57198016761,443.04364853365485,0.9302325581395349,32636,215,214
Kherson,MS,flat,OK,PASS,,/content/drive_f/masterthesis/data/satellite/MS/Kherson/s2__b12__20220718.tif,1030.0,16074.0,2597.417763671875,831.0101240886132,0.3115264797507788,32636,642,640
Kherson,MS,flat,OK,PASS,,/content/drive_f/masterthesis/data/satellite/MS/Kherson/s2__b01__20220807.tif,1062.0,6571.0,1448.0048484050722,237.45430039247194,0.9302325581395349,32636,215,214
Kherson,MS,flat,SATURATED,FAIL,max=26816,/content/drive_f/masterthesis/data/satellite/MS/Kherson/s2__b02__20220822.tif,1.0,26816.0,1529.8897294796502,343.61513417876733,0.15612812012480498,32636,1282,1280
Kherson,MS,flat,OK,PASS,,/content/drive_f/masterthesis/data/satellite/MS/Kherson/s2__b06__20211026.tif,667.0,15616.0,2331.98251953125,512.1551891759977,0.3115264797507788,32636,642,640
Kramatorsk,MS,flat,OK,PASS,,/content/drive_f/masterthesis/data/satellite/MS/Kramatorsk/s2__b05__20250912.tif,970.0,11152.0,2002.7117393327278,255.53782906881457,0.15134025387023284,32637,769,641
Kramatorsk,MS,flat,OK,PASS,,/content/drive_f/masterthesis/data/satellite/MS/Kramatorsk/s2__b02__20220809.tif,526.0,14976.0,1496.597667948405,218.39094890603994,0.2858423829801046,32637,1538,1282
Kramatorsk,MS,flat,OK,PASS,,/content/drive_f/masterthesis/data/satellite/MS/Kramatorsk/s2__scl__20201207.tif,2.0,11.0,5.014151240493882,0.3305957786719656,0.15134025387023284,32637,769,641
Kramatorsk,MS,flat,OK,PASS,,/content/drive_f/masterthesis/data/satellite/MS/Kramatorsk/s2__scl__20260323.tif,4.0,6.0,4.992307739194568,0.14951674246661753,0.15134025387023284,32637,769,641
Kramatorsk,MS,flat,OK,PASS,,/content/drive_f/masterthesis/data/satellite/MS/Kramatorsk/s2__b01__20250425.tif,1202.0,3236.0,1429.8417877053992,121.01819916027269,1.3157180345670074,32637,257,215
Kramatorsk,MS,flat,OK,PASS,,/content/drive_f/masterthesis/data/satellite/MS/Kramatorsk/s2__b04__20250911.tif,910.0,17168.0,1720.8442891438801,322.7066982405761,0.2858423829801046,32637,1538,1282
Kramatorsk,MS,flat,OK,PASS,,/content/drive_f/masterthesis/data/satellite/MS/Kramatorsk/s2__b04__20220620.tif,935.0,17664.0,1604.8717798868815,326.5458507454822,0.2858423829801046,32637,1538,1282
Kramatorsk,MS,flat,OK,PASS,,/content/drive_f/masterthesis/data/satellite/MS/Kramatorsk/s2__b05__20220426.tif,1307.0,10472.0,2080.4707923678793,219.5807121583155,0.15134025387023284,32637,769,641
Kramatorsk,MS,flat,OK,PASS,,/content/drive_f/masterthesis/data/satellite/MS/Kramatorsk/s2__b12__20240924.tif,1066.0,8634.0,2600.0106566053682,485.26457440047886,0.15134025387023284,32637,769,641
Kramatorsk,MS,flat,OK,PASS,,/content/drive_f/masterthesis/data/satellite/MS/Kramatorsk/s2__b02__20250502.tif,957.0,9664.0,1482.7427795410156,281.8466613856002,0.2858423829801046,32637,1538,1282
Kramatorsk,MS,flat,OK,PASS,,/content/drive_f/masterthesis/data/satellite/MS/Kramatorsk/s2__b12__20231015.tif,1027.0,7509.0,2440.583144887166,412.3328336575307,0.15134025387023284,32637,769,641
Kramatorsk,MS,flat,OK,PASS,,/content/drive_f/masterthesis/data/satellite/MS/Kramatorsk/s2__b06__20250502.tif,1005.0,9813.0,3111.5458904513157,654.1001718768503,0.15134025387023284,32637,769,641
Kramatorsk,MS,flat,OK,PASS,,/content/drive_f/masterthesis/data/satellite/MS/Kramatorsk/s2__b11__20250120.tif,1005.0,16110.0,2671.626374742728,515.0071895250414,0.15134025387023284,32637,769,641
Kramatorsk,MS,flat,OK,PASS,,/content/drive_f/masterthesis/data/satellite/MS/Kramatorsk/s2__b07__20220426.tif,1313.0,9856.0,2915.0595672747736,463.5664976160846,0.15134025387023284,32637,769,641
Kramatorsk,MS,flat,OK,PASS,,/content/drive_f/masterthesis/data/satellite/MS/Kramatorsk/s2__b01__20230930.tif,1065.0,3028.0,1371.965008802817,133.24337675043327,1.3157180345670074,32637,257,215
Kramatorsk,MS,flat,OK,PASS,,/content/drive_f/masterthesis/data/satellite/MS/Kramatorsk/s2__b07__20250907.tif,1101.0,9489.0,2769.1719563658235,498.89399519579166,0.15134025387023284,32637,769,641
Kramatorsk,MS,flat,OK,PASS,,/content/drive_f/masterthesis/data/satellite/MS/Kramatorsk/s2__scl__20260204.tif,2.0,11.0,8.855433852855544,2.8732017943527604,0.15134025387023284,32637,769,641
Kramatorsk,MS,flat,OK,PASS,,/content/drive_f/masterthesis/data/satellite/MS/Kramatorsk/s2__b09__20250502.tif,1053.0,6866.0,3531.281048268779,730.7762487417373,1.3157180345670074,32637,257,215
Kramatorsk,MS,flat,OK,PASS,,/content/drive_f/masterthesis/data/satellite/MS/Kramatorsk/s2__b06__20240825.tif,1036.0,9109.0,2976.0594595912494,460.48859461136914,0.15134025387023284,32637,769,641
Kramatorsk,MS,flat,OK,PASS,,/content/drive_f/masterthesis/data/satellite/MS/Kramatorsk/s2__scl__20230831.tif,2.0,7.0,4.398920726640294,0.5301550469437892,0.15134025387023284,32637,769,641
Kramatorsk,MS,flat,OK,PASS,,/content/drive_f/masterthesis/data/satellite/MS/Kramatorsk/s2__b02__20231015.tif,776.0,11560.0,1399.7771341959635,201.62291028422226,0.2858423829801046,32637,1538,1282
Kramatorsk,MS,flat,OK,PASS,,/content/drive_f/masterthesis/data/satellite/MS/Kramatorsk/s2__b03__20220220.tif,420.0,18592.0,1465.022374653114,424.4171427280245,0.2866538588721702,32637,1538,1282
Kramatorsk,MS,flat,SATURATED,FAIL,max=20048,/content/drive_f/masterthesis/data/satellite/MS/Kramatorsk/s2__b02__20220215.tif,439.0,20048.0,1756.085775486701,1116.9070503883443,0.29558009368489174,32637,1538,1282
Kramatorsk,MS,flat,OK,PASS,,/content/drive_f/masterthesis/data/satellite/MS/Kramatorsk/s2__b05__20220108.tif,897.0,12690.0,2844.809390003312,1074.400636949736,0.15134025387023284,32637,769,641
Kramatorsk,MS,flat,OK,PASS,,/content/drive_f/masterthesis/data/satellite/MS/Kramatorsk/s2__b07__20220508.tif,744.0,9914.0,3527.615472293842,661.0217631911764,0.15134025387023284,32637,769,641
Kramatorsk,MS,flat,OK,PASS,,/content/drive_f/masterthesis/data/satellite/MS/Kramatorsk/s2__b06__20260310.tif,1151.0,10347.0,2044.3264680007233,277.1434421503304,0.15134025387023284,32637,769,641
Kramatorsk,MS,flat,OK,PASS,,/content/drive_f/masterthesis/data/satellite/MS/Kramatorsk/s2__b09__20240714.tif,1078.0,6825.0,3574.6857577758215,576.9336970271964,1.3157180345670074,32637,257,215
Kramatorsk,MS,flat,OK,PASS,,/content/drive_f/masterthesis/data/satellite/MS/Kramatorsk/s2__b09__20220329.tif,1199.0,5316.0,2556.2883289319248,368.21866333007114,1.3157180345670074,32637,257,215
Kramatorsk,MS,flat,OK,PASS,,/content/drive_f/masterthesis/data/satellite/MS/Kramatorsk/s2__b07__20240410.tif,1091.0,10244.0,2705.5448359654843,625.0438906393708,0.15134025387023284,32637,769,641
Kramatorsk,MS,flat,OK,PASS,,/content/drive_f/masterthesis/data/satellite/MS/Kramatorsk/s2__b07__20240825.tif,1024.0,9682.0,3237.9789549821917,566.8335447460166,0.15134025387023284,32637,769,641
Lysychansk,MS,flat,OK,PASS,,/content/drive_f/masterthesis/data/satellite/MS/Lysychansk/s2__b02__20220508.tif,1188.0,19040.0,1741.0541826140065,231.45274930698193,0.28592685672293516,32637,1282,1537
Lysychansk,MS,flat,OK,PASS,,/content/drive_f/masterthesis/data/satellite/MS/Lysychansk/s2__b04__20211020.tif,988.0,17264.0,2083.5416617467426,1173.5898017612853,0.28592685672293516,32637,1282,1537
Lysychansk,MS,flat,OK,PASS,,/content/drive_f/masterthesis/data/satellite/MS/Lysychansk/s2__b8a__20211020.tif,932.0,16652.0,2903.2026224772135,1220.78317014495,0.44116038549882725,32637,642,769
Lysychansk,MS,flat,OK,PASS,,/content/drive_f/masterthesis/data/satellite/MS/Lysychansk/s2__b08__20211020.tif,980.0,16704.0,2869.267197679153,1294.4899318890657,0.28592685672293516,32637,1282,1537
Lysychansk,MS,flat,OK,PASS,,/content/drive_f/masterthesis/data/satellite/MS/Lysychansk/s2__b12__20220627.tif,1068.0,16095.0,2368.4239827473957,473.87137503063855,0.44116038549882725,32637,642,769
Lysychansk,MS,flat,OK,PASS,,/content/drive_f/masterthesis/data/satellite/MS/Lysychansk/s2__b02__20211025.tif,485.0,18608.0,1728.5380400427932,1005.7632455535208,0.28602835720455494,32637,1282,1537
Lysychansk,MS,flat,OK,PASS,,/content/drive_f/masterthesis/data/satellite/MS/Lysychansk/s2__b02__20221219.tif,803.0,17344.0,1440.8805725773616,225.0829765261758,0.28592685672293516,32637,1282,1537
Lysychansk,MS,flat,OK,PASS,,/content/drive_f/masterthesis/data/satellite/MS/Lysychansk/s2__b05__20231030.tif,1008.0,8294.0,1930.0738301595052,278.2646917367581,0.44116038549882725,32637,642,769
Lysychansk,MS,flat,OK,PASS,,/content/drive_f/masterthesis/data/satellite/MS/Lysychansk/s2__b09__20220108.tif,1126.0,8078.0,3185.290796582944,801.8072186863208,0.38910505836575876,32637,214,257
Lysychansk,MS,flat,OK,PASS,,/content/drive_f/masterthesis/data/satellite/MS/Lysychansk/s2__b07__20231030.tif,956.0,7898.0,2258.926338704427,333.12216927291166,0.44116038549882725,32637,642,769
Lysychansk,MS,flat,OK,PASS,,/content/drive_f/masterthesis/data/satellite/MS/Lysychansk/s2__b07__20231015.tif,982.0,7516.0,2569.437780761719,410.4196139709781,0.44116038549882725,32637,642,769
Lysychansk,MS,flat,OK,PASS,,/content/drive_f/masterthesis/data/satellite/MS/Lysychansk/s2__b8a__20220627.tif,988.0,13750.0,3749.2401489257813,723.8587834357882,0.44116038549882725,32637,642,769
Lysychansk,MS,flat,OK,PASS,,/content/drive_f/masterthesis/data/satellite/MS/Lysychansk/s2__b05__20240227.tif,997.0,10980.0,2002.733953857422,308.31018036315317,0.44116038549882725,32637,642,769
Lysychansk,MS,flat,OK,PASS,,/content/drive_f/masterthesis/data/satellite/MS/Lysychansk/s2__b08__20240227.tif,1040.0,16608.0,2438.9761431188927,379.54249642952374,0.28592685672293516,32637,1282,1537
Lysychansk,MS,flat,OK,PASS,,/content/drive_f/masterthesis/data/satellite/MS/Lysychansk/s2__b04__20220108.tif,1044.0,12921.0,2850.3264143933225,1060.6650794697423,0.28592685672293516,32637,1282,1537
Lysychansk,MS,flat,OK,PASS,,/content/drive_f/masterthesis/data/satellite/MS/Lysychansk/s2__b02__20211030.tif,858.0,15128.0,1438.13050132329,250.41860602952124,0.28592685672293516,32637,1282,1537
Lysychansk,MS,flat,OK,PASS,,/content/drive_f/masterthesis/data/satellite/MS/Lysychansk/s2__b04__20221015.tif,1001.0,12976.0,1569.509746539088,558.6977997496597,0.28592685672293516,32637,1282,1537
Lysychansk,MS,flat,OK,PASS,,/content/drive_f/masterthesis/data/satellite/MS/Lysychansk/s2__b11__20211025.tif,1040.0,13888.0,3255.40927734375,1225.6793864908632,0.44116038549882725,32637,642,769
Lysychansk,MS,flat,OK,PASS,,/content/drive_f/masterthesis/data/satellite/MS/Lysychansk/s2__b07__20240227.tif,1037.0,10879.0,2239.0364217122396,310.060965428851,0.44116038549882725,32637,642,769
Lysychansk,MS,flat,OK,PASS,,/content/drive_f/masterthesis/data/satellite/MS/Lysychansk/s2__b05__20211020.tif,1023.0,17030.0,2342.3300048828123,1199.9601980719888,0.44116038549882725,32637,642,769
Lysychansk,MS,flat,OK,PASS,,/content/drive_f/masterthesis/data/satellite/MS/Lysychansk/s2__scl__20220627.tif,2.0,11.0,4.290411376953125,0.5797991118749508,0.44116038549882725,32637,642,769
Lysychansk,MS,flat,OK,PASS,,/content/drive_f/masterthesis/data/satellite/MS/Lysychansk/s2__b09__20221219.tif,1006.0,7818.0,2232.1256571261683,324.795358294379,0.38910505836575876,32637,214,257
Lysychansk,MS,flat,OK,PASS,,/content/drive_f/masterthesis/data/satellite/MS/Lysychansk/s2__b12__20220503.tif,1062.0,16004.0,2588.354414876302,686.8876085712386,0.44116038549882725,32637,642,769
Lysychansk,MS,flat,OK,PASS,,/content/drive_f/masterthesis/data/satellite/MS/Lysychansk/s2__b03__20211030.tif,988.0,9248.0,1610.6297938721498,282.69909699938444,0.28592685672293516,32637,1282,1537
Lysychansk,MS,flat,OK,PASS,,/content/drive_f/masterthesis/data/satellite/MS/Lysychansk/s2__b01__20221015.tif,990.0,7718.0,1348.1459002628505,500.9224290024224,0.38910505836575876,32637,214,257
Lysychansk,MS,flat,OK,PASS,,/content/drive_f/masterthesis/data/satellite/MS/Lysychansk/s2__b09__20231015.tif,992.0,6580.0,2858.190219772196,371.16979560766043,0.38910505836575876,32637,214,257
Lysychansk,MS,flat,OK,PASS,,/content/drive_f/masterthesis/data/satellite/MS/Lysychansk/s2__b05__20220503.tif,1095.0,8954.0,2252.718223063151,646.8406103026232,0.44116038549882725,32637,642,769
Lysychansk,MS,flat,OK,PASS,,/content/drive_f/masterthesis/data/satellite/MS/Lysychansk/s2__b02__20220503.tif,273.0,18704.0,1712.8885001017916,647.1971958582886,0.28592685672293516,32637,1282,1537
Lysychansk,MS,flat,OK,PASS,,/content/drive_f/masterthesis/data/satellite/MS/Lysychansk/s2__b8a__20231015.tif,948.0,7469.0,2826.2453186035154,446.56885651038965,0.44116038549882725,32637,642,769
Lysychansk,MS,flat,OK,PASS,,/content/drive_f/masterthesis/data/satellite/MS/Lysychansk/s2__b12__20220108.tif,985.0,12901.0,1900.2776529947917,251.32877031013547,0.44116038549882725,32637,642,769
Makariv,MS,flat,OK,PASS,,/content/drive_f/masterthesis/data/satellite/MS/Makariv/s2__b12__20220323.tif,1039.0,16071.0,3390.065322503811,1063.9453417183527,0.4982906438673516,32635,513,329
Makariv,MS,flat,OK,PASS,,/content/drive_f/masterthesis/data/satellite/MS/Makariv/s2__b02__20231231.tif,1143.0,18384.0,3992.393835768926,2850.420910920265,0.2758095721399347,32635,1025,769
Makariv,MS,flat,OK,PASS,,/content/drive_f/masterthesis/data/satellite/MS/Makariv/s2__b08__20220226.tif,1068.0,7708.0,2729.4529455849683,552.2478563565535,0.1376545272302038,32635,1025,657
Makariv,MS,flat,OK,PASS,,/content/drive_f/masterthesis/data/satellite/MS/Makariv/s2__b09__20240117.tif,2081.0,9465.0,5916.638386330409,1738.7800660764287,1.3520822065981613,32635,172,129
Makariv,MS,flat,OK,PASS,,/content/drive_f/masterthesis/data/satellite/MS/Makariv/s2__b06__20220102.tif,879.0,7966.0,2283.5967094607468,548.4691756395257,0.4982906438673516,32635,513,329
Makariv,MS,flat,OK,PASS,,/content/drive_f/masterthesis/data/satellite/MS/Makariv/s2__b02__20220102.tif,934.0,12896.0,1590.9173677839933,341.81497776743186,0.1376545272302038,32635,1025,657
Makariv,MS,flat,OK,PASS,,/content/drive_f/masterthesis/data/satellite/MS/Makariv/s2__b8a__20240130.tif,892.0,6975.0,2598.4320780436196,468.3904829149734,0.45416571732361205,32635,513,385
Makariv,MS,flat,OK,PASS,,/content/drive_f/masterthesis/data/satellite/MS/Makariv/s2__b06__20240130.tif,875.0,6969.0,2250.043156941732,419.2598094080788,0.45416571732361205,32635,513,385
Makariv,MS,flat,OK,PASS,,/content/drive_f/masterthesis/data/satellite/MS/Makariv/s2__b07__20201206.tif,902.0,9907.0,2354.512217203776,525.6292745175148,0.45416571732361205,32635,513,385
Makariv,MS,flat,OK,PASS,,/content/drive_f/masterthesis/data/satellite/MS/Makariv/s2__b02__20220323.tif,1109.0,8044.0,1771.9463284649173,335.62248250430287,0.1376545272302038,32635,1025,657
Makariv,MS,flat,OK,PASS,,/content/drive_f/masterthesis/data/satellite/MS/Makariv/s2__b05__20220323.tif,1088.0,6185.0,2349.362245141006,589.845517286457,0.4982906438673516,32635,513,329
Makariv,MS,flat,OK,PASS,,/content/drive_f/masterthesis/data/satellite/MS/Makariv/s2__b08__20220102.tif,875.0,15056.0,2638.6952612216614,684.2153422550525,0.13824850577272896,32635,1025,657
Makariv,MS,flat,OK,PASS,,/content/drive_f/masterthesis/data/satellite/MS/Makariv/s2__b09__20220321.tif,1012.0,5441.0,2822.931380438865,597.5373690499237,1.485200845665962,32635,172,110
Makariv,MS,flat,OK,PASS,,/content/drive_f/masterthesis/data/satellite/MS/Makariv/s2__scl__20201206.tif,2.0,10.0,4.8808949788411455,0.49293056157140747,0.45416571732361205,32635,513,385
Makariv,MS,flat,OK,PASS,,/content/drive_f/masterthesis/data/satellite/MS/Makariv/s2__b11__20220102.tif,964.0,9406.0,2888.293105706936,763.0010790841677,0.4982906438673516,32635,513,329
Makariv,MS,flat,OK,PASS,,/content/drive_f/masterthesis/data/satellite/MS/Makariv/s2__b06__20240117.tif,1498.0,11550.0,5850.586380004883,2070.2474114142024,0.45416571732361205,32635,513,385
Makariv,MS,flat,OK,PASS,,/content/drive_f/masterthesis/data/satellite/MS/Makariv/s2__b03__20220226.tif,1056.0,7916.0,1763.9854393619014,353.4746059392251,0.1376545272302038,32635,1025,657
Makariv,MS,flat,OK,PASS,,/content/drive_f/masterthesis/data/satellite/MS/Makariv/s2__b07__20220204.tif,1095.0,11916.0,6906.383711652058,2279.5707595521453,0.4982906438673516,32635,513,329
Makariv,MS,flat,OK,PASS,,/content/drive_f/masterthesis/data/satellite/MS/Makariv/s2__b8a__20220214.tif,1116.0,8987.0,2835.835378011068,603.8172594297563,0.45416571732361205,32635,513,385
Makariv,MS,flat,OK,PASS,,/content/drive_f/masterthesis/data/satellite/MS/Makariv/s2__b07__20220323.tif,1042.0,6165.0,2642.6531297637193,628.9894980792576,0.4982906438673516,32635,513,329
Makariv,MS,flat,OK,PASS,,/content/drive_f/masterthesis/data/satellite/MS/Makariv/s2__b02__20201206.tif,886.0,12544.0,1397.2535471616982,211.91073419128463,0.2758095721399347,32635,1025,769
Makariv,MS,flat,OK,PASS,,/content/drive_f/masterthesis/data/satellite/MS/Makariv/s2__b12__20240117.tif,1091.0,12879.0,1814.2255554199219,199.69511403062674,0.45416571732361205,32635,513,385
Makariv,MS,flat,OK,PASS,,/content/drive_f/masterthesis/data/satellite/MS/Makariv/s2__b12__20201206.tif,991.0,16075.0,2309.6319478352866,561.0156735267147,0.45416571732361205,32635,513,385
Makariv,MS,flat,OK,PASS,,/content/drive_f/masterthesis/data/satellite/MS/Makariv/s2__b12__20220204.tif,1100.0,15741.0,1896.6758527057927,242.6808262931983,0.4982906438673516,32635,513,329
Makariv,MS,flat,OK,PASS,,/content/drive_f/masterthesis/data/satellite/MS/Makariv/s2__b06__20201206.tif,895.0,10796.0,2221.3226521809897,480.9754833560444,0.45416571732361205,32635,513,385
Makariv,MS,flat,OK,PASS,,/content/drive_f/masterthesis/data/satellite/MS/Makariv/s2__b05__20220102.tif,931.0,8251.0,2073.0090689310214,528.8015798115491,0.4982906438673516,32635,513,329
Makariv,MS,flat,OK,PASS,,/content/drive_f/masterthesis/data/satellite/MS/Makariv/s2__b01__20240117.tif,1176.0,9556.0,5363.066474780701,1851.4806010433388,1.3520822065981613,32635,172,129
Makariv,MS,flat,OK,PASS,,/content/drive_f/masterthesis/data/satellite/MS/Makariv/s2__b01__20220214.tif,845.0,7646.0,1636.1970029239767,566.0980626734691,1.3520822065981613,32635,172,129
Makariv,MS,flat,OK,PASS,,/content/drive_f/masterthesis/data/satellite/MS/Makariv/s2__b03__20220214.tif,969.0,10616.0,1947.3593888946136,768.4256560065307,0.2758095721399347,32635,1025,769
Makariv,MS,flat,OK,PASS,,/content/drive_f/masterthesis/data/satellite/MS/Makariv/s2__b8a__20220204.tif,1049.0,11477.0,6796.113799304497,2095.64890015655,0.4982906438673516,32635,513,329
Mariupol,MS,flat,OK,PASS,,/content/drive_f/masterthesis/data/satellite/MS/Mariupol/s2__b09__20211020.tif,898.0,15975.0,2460.8218407668232,1176.0428156422217,0.7258162398349314,32637,428,385
Mariupol,MS,flat,OK,PASS,,/content/drive_f/masterthesis/data/satellite/MS/Mariupol/s2__b06__20221015.tif,885.0,8763.0,2013.4380129135525,628.5125233508487,0.17420529413477248,32637,1281,1153
Mariupol,MS,flat,OK,PASS,,/content/drive_f/masterthesis/data/satellite/MS/Mariupol/s2__b07__20221114.tif,799.0,8641.0,2031.027188996351,737.9063808175592,0.17420529413477248,32637,1281,1153
Mariupol,MS,flat,OK,PASS,,/content/drive_f/masterthesis/data/satellite/MS/Mariupol/s2__b07__20220508.tif,925.0,11767.0,2760.9163162463883,1067.583785821185,0.17420529413477248,32637,1281,1153
Mariupol,MS,flat,OK,PASS,,/content/drive_f/masterthesis/data/satellite/MS/Mariupol/s2__b11__20220702.tif,976.0,10904.0,2620.9006280435697,819.2314742974359,0.17420529413477248,32637,1281,1153
Mariupol,MS,flat,OK,PASS,,/content/drive_f/masterthesis/data/satellite/MS/Mariupol/s2__b03__20220528.tif,1142.0,8036.0,1838.0028255055686,253.80786443110762,0.0,32637,2561,2305
Mariupol,MS,flat,OK,PASS,,/content/drive_f/masterthesis/data/satellite/MS/Mariupol/s2__b08__20221114.tif,954.0,9080.0,2146.746700127156,811.9541054667951,0.0004579425556858148,32637,2561,2305
Mariupol,MS,flat,OK,PASS,,/content/drive_f/masterthesis/data/satellite/MS/Mariupol/s2__b8a__20211020.tif,817.0,15875.0,2437.3333405678163,1086.4172813713194,0.17420529413477248,32637,1281,1153
Mariupol,MS,flat,OK,PASS,,/content/drive_f/masterthesis/data/satellite/MS/Mariupol/s2__b08__20221015.tif,974.0,14272.0,2230.983230143611,790.8427125245973,0.0,32637,2561,2305
Mariupol,MS,flat,OK,PASS,,/content/drive_f/masterthesis/data/satellite/MS/Mariupol/s2__b8a__20220707.tif,837.0,9250.0,3177.009550196009,1250.0828735774512,0.17420529413477248,32637,1281,1153
Mariupol,MS,flat,OK,PASS,,/content/drive_f/masterthesis/data/satellite/MS/Mariupol/s2__b02__20220707.tif,832.0,7996.0,1516.0888179586752,250.2025054413497,0.0,32637,2561,2305
Mariupol,MS,flat,OK,PASS,,/content/drive_f/masterthesis/data/satellite/MS/Mariupol/s2__b08__20220702.tif,1007.0,8904.0,3201.3274228214145,1252.5250344809988,0.0,32637,2561,2305
Mariupol,MS,flat,OK,PASS,,/content/drive_f/masterthesis/data/satellite/MS/Mariupol/s2__b02__20220319.tif,1090.0,10960.0,1624.4639370237398,200.03793135691632,0.0,32637,2561,2305
Mariupol,MS,flat,OK,PASS,,/content/drive_f/masterthesis/data/satellite/MS/Mariupol/s2__b12__20220528.tif,1063.0,16073.0,1980.0361192875844,535.8440574890006,0.17420529413477248,32637,1281,1153
Mariupol,MS,flat,OK,PASS,,/content/drive_f/masterthesis/data/satellite/MS/Mariupol/s2__b03__20211020.tif,922.0,12856.0,1676.320715489449,624.3928377265873,0.0,32637,2561,2305
Mariupol,MS,flat,OK,PASS,,/content/drive_f/masterthesis/data/satellite/MS/Mariupol/s2__b03__20220702.tif,1053.0,8592.0,1762.0572306076592,236.5662127176441,0.0,32637,2561,2305
Mariupol,MS,flat,OK,PASS,,/content/drive_f/masterthesis/data/satellite/MS/Mariupol/s2__b11__20230108.tif,951.0,16104.0,2143.9260312529673,718.5826845744809,0.17420529413477248,32637,1281,1153
Mariupol,MS,flat,OK,PASS,,/content/drive_f/masterthesis/data/satellite/MS/Mariupol/s2__b09__20220528.tif,1134.0,7462.0,3432.798818955399,1350.7463386198997,0.7258162398349314,32637,428,385
Mariupol,MS,flat,OK,PASS,,/content/drive_f/masterthesis/data/satellite/MS/Mariupol/s2__scl__20221005.tif,3.0,9.0,5.058629155871461,0.6543373890278502,0.17420529413477248,32637,1281,1153
Mariupol,MS,flat,OK,PASS,,/content/drive_f/masterthesis/data/satellite/MS/Mariupol/s2__b07__20220702.tif,789.0,9844.0,3059.0313526674895,1152.054469404936,0.17420529413477248,32637,1281,1153
Mariupol,MS,flat,OK,PASS,,/content/drive_f/masterthesis/data/satellite/MS/Mariupol/s2__b09__20220108.tif,805.0,5987.0,1813.0716451486699,825.784616433757,0.7258162398349314,32637,428,385
Mariupol,MS,flat,OK,PASS,,/content/drive_f/masterthesis/data/satellite/MS/Mariupol/s2__b02__20220702.tif,726.0,8768.0,1549.2423172503907,228.6125189739722,0.0,32637,2561,2305
Mariupol,MS,flat,OK,PASS,,/content/drive_f/masterthesis/data/satellite/MS/Mariupol/s2__b02__20211020.tif,631.0,18800.0,1506.2126359141566,642.2693352236433,0.0004579425556858148,32637,2561,2305
Mariupol,MS,flat,OK,PASS,,/content/drive_f/masterthesis/data/satellite/MS/Mariupol/s2__b01__20221015.tif,1022.0,3666.0,1349.117566510172,135.6342190025879,0.7258162398349314,32637,428,385
Mariupol,MS,flat,OK,PASS,,/content/drive_f/masterthesis/data/satellite/MS/Mariupol/s2__b03__20220707.tif,1037.0,8016.0,1777.726989913052,274.60177649091537,0.0,32637,2561,2305
Mariupol,MS,flat,OK,PASS,,/content/drive_f/masterthesis/data/satellite/MS/Mariupol/s2__b09__20221005.tif,886.0,5969.0,2130.745696400626,767.0281590166276,0.7258162398349314,32637,428,385
Mariupol,MS,flat,OK,PASS,,/content/drive_f/masterthesis/data/satellite/MS/Mariupol/s2__b06__20221005.tif,817.0,8703.0,1943.247825585654,632.1904609340118,0.17420529413477248,32637,1281,1153
Mariupol,MS,flat,OK,PASS,,/content/drive_f/masterthesis/data/satellite/MS/Mariupol/s2__b05__20220707.tif,1021.0,8017.0,2122.136766999905,521.963961844234,0.17420529413477248,32637,1281,1153
Mariupol,MS,flat,OK,PASS,,/content/drive_f/masterthesis/data/satellite/MS/Mariupol/s2__b05__20220319.tif,654.0,17089.0,1928.513649435032,250.7719128849074,0.17420529413477248,32637,1281,1153
Mariupol,MS,flat,OK,PASS,,/content/drive_f/masterthesis/data/satellite/MS/Mariupol/s2__b09__20211030.tif,926.0,16451.0,2371.4759084017996,1245.5329857358017,0.7258162398349314,32637,428,385
Moschun,MS,flat,OK,PASS,,/content/drive_f/masterthesis/data/satellite/MS/Moschun/s2__b06__20220323.tif,939.0,8599.0,2017.1118161722202,654.7549461620597,14.351146937353834,32635,840,957
Moschun,MS,flat,OK,PASS,,/content/drive_f/masterthesis/data/satellite/MS/Moschun/s2__b05__20201206.tif,913.0,17164.0,1459.9976675851005,352.29602603917635,0.35246654174426045,32636,769,898
Moschun,MS,flat,OK,PASS,,/content/drive_f/masterthesis/data/satellite/MS/Moschun/s2__b02__20240130.tif,1.0,19040.0,1909.5668212604453,1037.7132379952484,14.164725889059001,32635,1678,1912
Moschun,MS,flat,OK,PASS,,/content/drive_f/masterthesis/data/satellite/MS/Moschun/s2__b04__20211101.tif,766.0,18688.0,1527.2683555966332,356.75039182004997,0.11148272017837235,32636,1537,1794
Moschun,MS,flat,OK,PASS,,/content/drive_f/masterthesis/data/satellite/MS/Moschun/s2__b8a__20220323.tif,915.0,9351.0,2227.6149649825566,814.4132383196031,14.351146937353834,32635,840,957
Moschun,MS,flat,OK,PASS,,/content/drive_f/masterthesis/data/satellite/MS/Moschun/s2__b06__20221228.tif,844.0,16437.0,1927.360354328307,580.7480558755022,14.351146937353834,32635,840,957
Moschun,MS,flat,OK,PASS,,/content/drive_f/masterthesis/data/satellite/MS/Moschun/s2__b07__20240130.tif,565.0,16572.0,2596.549670740174,813.059220289282,14.351146937353834,32635,840,957
Moschun,MS,flat,OK,PASS,,/content/drive_f/masterthesis/data/satellite/MS/Moschun/s2__b12__20220323.tif,985.0,16079.0,1957.9909950995914,883.9835694382712,14.351146937353834,32635,840,957
Moschun,MS,flat,OK,PASS,,/content/drive_f/masterthesis/data/satellite/MS/Moschun/s2__b09__20211101.tif,849.0,5747.0,2482.537214240772,934.5269783667349,1.053177691309987,32636,257,300
Moschun,MS,flat,OK,PASS,,/content/drive_f/masterthesis/data/satellite/MS/Moschun/s2__b03__20221228.tif,994.0,13656.0,1413.3527732954933,298.3272708361757,14.159489529774936,32635,1678,1912
Moschun,MS,flat,OK,PASS,,/content/drive_f/masterthesis/data/satellite/MS/Moschun/s2__b11__20220323.tif,996.0,16150.0,2255.564536087865,997.0137691097916,14.351146937353834,32635,840,957
Moschun,MS,flat,OK,PASS,,/content/drive_f/masterthesis/data/satellite/MS/Moschun/s2__b03__20231103.tif,961.0,11136.0,1362.8015665644657,246.42451006360739,14.159489529774936,32635,1678,1912
Moschun,MS,flat,OK,PASS,,/content/drive_f/masterthesis/data/satellite/MS/Moschun/s2__b07__20220321.tif,777.0,16653.0,1997.363594640051,693.7873174679318,14.351146937353834,32635,840,957
Moschun,MS,flat,OK,PASS,,/content/drive_f/masterthesis/data/satellite/MS/Moschun/s2__b01__20220321.tif,1025.0,8547.0,1247.5357236222942,194.15397323841196,14.919928825622776,32635,281,320
Moschun,MS,flat,OK,PASS,,/content/drive_f/masterthesis/data/satellite/MS/Moschun/s2__b11__20231103.tif,943.0,12422.0,2042.6536119817463,811.4080278057339,14.351146937353834,32635,840,957
Moschun,MS,flat,OK,PASS,,/content/drive_f/masterthesis/data/satellite/MS/Moschun/s2__b12__20201206.tif,970.0,13861.0,1469.1666070847284,468.745267160503,0.35246654174426045,32636,769,898
Moschun,MS,flat,OK,PASS,,/content/drive_f/masterthesis/data/satellite/MS/Moschun/s2__b04__20221228.tif,978.0,14944.0,1392.2270501791543,336.6028240723272,14.159489529774936,32635,1678,1912
Moschun,MS,flat,OK,PASS,,/content/drive_f/masterthesis/data/satellite/MS/Moschun/s2__b09__20201206.tif,918.0,5581.0,2035.2461068582215,684.9386600805055,1.053177691309987,32636,257,300
Moschun,MS,flat,OK,PASS,,/content/drive_f/masterthesis/data/satellite/MS/Moschun/s2__b11__20220107.tif,931.0,16209.0,1887.2801353817895,541.1221346608629,0.35246654174426045,32636,769,898
Moschun,MS,flat,OK,PASS,,/content/drive_f/masterthesis/data/satellite/MS/Moschun/s2__b09__20220321.tif,963.0,14736.0,2120.1940029279513,778.9508535167714,14.919928825622776,32635,281,320
Moschun,MS,flat,OK,PASS,,/content/drive_f/masterthesis/data/satellite/MS/Moschun/s2__b02__20231226.tif,1.0,18784.0,1234.5077006022136,198.43793570382758,0.11148272017837235,32636,1537,1794
Moschun,MS,flat,OK,PASS,,/content/drive_f/masterthesis/data/satellite/MS/Moschun/s2__b02__20201206.tif,698.0,19040.0,1223.3879336402529,189.59507754874426,0.11148272017837235,32636,1537,1794
Moschun,MS,flat,OK,PASS,,/content/drive_f/masterthesis/data/satellite/MS/Moschun/s2__scl__20201206.tif,2.0,11.0,4.856362479073661,1.0060616913919598,0.35246654174426045,32636,769,898
Moschun,MS,flat,OK,PASS,,/content/drive_f/masterthesis/data/satellite/MS/Moschun/s2__b02__20211101.tif,500.0,15040.0,1368.6319231305804,188.82157847581027,0.11148272017837235,32636,1537,1794
Moschun,MS,flat,OK,PASS,,/content/drive_f/masterthesis/data/satellite/MS/Moschun/s2__scl__20221228.tif,2.0,11.0,4.915063455499816,1.0829774787518633,14.351146937353834,32635,840,957
Moschun,MS,flat,OK,PASS,,/content/drive_f/masterthesis/data/satellite/MS/Moschun/s2__b05__20220323.tif,1010.0,7109.0,1719.0406135532467,464.75906866173256,14.351146937353834,32635,840,957
Moschun,MS,flat,OK,PASS,,/content/drive_f/masterthesis/data/satellite/MS/Moschun/s2__b08__20201206.tif,620.0,16832.0,2097.685732472228,781.2288321550187,0.1143859160163508,32636,1537,1794
Moschun,MS,flat,OK,PASS,,/content/drive_f/masterthesis/data/satellite/MS/Moschun/s2__b08__20231226.tif,682.0,16768.0,1894.8498735685637,656.3742535912456,0.11264399851356373,32636,1537,1794
Moschun,MS,flat,OK,PASS,,/content/drive_f/masterthesis/data/satellite/MS/Moschun/s2__b05__20231103.tif,958.0,8882.0,1582.836590105648,390.82701694828086,14.351146937353834,32635,840,957
Moschun,MS,flat,OK,PASS,,/content/drive_f/masterthesis/data/satellite/MS/Moschun/s2__b01__20201206.tif,998.0,3702.0,1193.5905778104027,135.5414333536413,1.053177691309987,32636,257,300
Okhtyrka,MS,flat,OK,PASS,,/content/drive_f/masterthesis/data/satellite/MS/Okhtyrka/s2__b02__20220213.tif,1181.0,14777.0,5812.087391840209,3085.4343714529136,0.1516064575470202,32636,769,1025
Okhtyrka,MS,flat,OK,PASS,,/content/drive_f/masterthesis/data/satellite/MS/Okhtyrka/s2__b04__20201207.tif,1012.0,11856.0,1569.8038384813794,294.2249629307704,0.1516064575470202,32636,769,1025
Okhtyrka,MS,flat,OK,PASS,,/content/drive_f/masterthesis/data/satellite/MS/Okhtyrka/s2__b8a__20201207.tif,958.0,7768.0,2348.574940999349,428.9912059260162,0.45416571732361205,32636,385,513
Okhtyrka,MS,flat,OK,PASS,,/content/drive_f/masterthesis/data/satellite/MS/Okhtyrka/s2__b08__20201207.tif,961.0,16360.0,2364.644886471926,502.0186894787577,0.1516064575470202,32636,769,1025
Okhtyrka,MS,flat,OK,PASS,,/content/drive_f/masterthesis/data/satellite/MS/Okhtyrka/s2__b12__20220322.tif,1052.0,10003.0,2304.1215464274087,564.2737198057956,0.45416571732361205,32636,385,513
Okhtyrka,MS,flat,OK,PASS,,/content/drive_f/masterthesis/data/satellite/MS/Okhtyrka/s2__b02__20211001.tif,1.0,19280.0,1396.484996759971,202.4611315672381,0.1516064575470202,32636,769,1025
Okhtyrka,MS,flat,OK,PASS,,/content/drive_f/masterthesis/data/satellite/MS/Okhtyrka/s2__b02__20221016.tif,1030.0,10144.0,1353.4804734254094,179.37824786691252,0.1516064575470202,32636,769,1025
Okhtyrka,MS,flat,OK,PASS,,/content/drive_f/masterthesis/data/satellite/MS/Okhtyrka/s2__b05__20221205.tif,545.0,16872.0,1696.3031667073567,294.091379931307,0.45416571732361205,32636,385,513
Okhtyrka,MS,flat,OK,PASS,,/content/drive_f/masterthesis/data/satellite/MS/Okhtyrka/s2__b09__20211011.tif,897.0,5459.0,2988.4548611111113,457.02659960535937,0.7751937984496124,32636,129,171
Okhtyrka,MS,flat,OK,PASS,,/content/drive_f/masterthesis/data/satellite/MS/Okhtyrka/s2__b07__20221205.tif,899.0,16688.0,2164.8236083984375,466.508521526495,0.45416571732361205,32636,385,513
Okhtyrka,MS,flat,OK,PASS,,/content/drive_f/masterthesis/data/satellite/MS/Okhtyrka/s2__b07__20221018.tif,1030.0,6396.0,2669.544179280599,520.1764677473969,0.45416571732361205,32636,385,513
Okhtyrka,MS,flat,OK,PASS,,/content/drive_f/masterthesis/data/satellite/MS/Okhtyrka/s2__b8a__20220322.tif,948.0,7051.0,2483.6068979899087,466.23417852085146,0.45416571732361205,32636,385,513
Okhtyrka,MS,flat,OK,PASS,,/content/drive_f/masterthesis/data/satellite/MS/Okhtyrka/s2__b05__20230124.tif,604.0,16287.0,1712.000712076823,320.8899602779105,0.45416571732361205,32636,385,513
Okhtyrka,MS,flat,OK,PASS,,/content/drive_f/masterthesis/data/satellite/MS/Okhtyrka/s2__b08__20230124.tif,1039.0,16592.0,2345.041835762296,549.1927870179785,0.1516064575470202,32636,769,1025
Okhtyrka,MS,flat,OK,PASS,,/content/drive_f/masterthesis/data/satellite/MS/Okhtyrka/s2__b04__20211011.tif,973.0,9624.0,1568.4861072640178,313.61696868375213,0.1516064575470202,32636,769,1025
Okhtyrka,MS,flat,OK,PASS,,/content/drive_f/masterthesis/data/satellite/MS/Okhtyrka/s2__b02__20211006.tif,1.0,19088.0,1328.4237652948427,215.19671602495265,0.1516064575470202,32636,769,1025
Okhtyrka,MS,flat,OK,PASS,,/content/drive_f/masterthesis/data/satellite/MS/Okhtyrka/s2__b04__20221008.tif,928.0,7244.0,1466.5502776260116,242.98638373210247,0.1516064575470202,32636,769,1025
Okhtyrka,MS,flat,OK,PASS,,/content/drive_f/masterthesis/data/satellite/MS/Okhtyrka/s2__b11__20211001.tif,1032.0,16196.0,2672.0869954427085,564.5030024911496,0.45416571732361205,32636,385,513
Okhtyrka,MS,flat,OK,PASS,,/content/drive_f/masterthesis/data/satellite/MS/Okhtyrka/s2__b07__20230124.tif,1009.0,16693.0,2125.5446573893228,440.06627007952693,0.45416571732361205,32636,385,513
Okhtyrka,MS,flat,OK,PASS,,/content/drive_f/masterthesis/data/satellite/MS/Okhtyrka/s2__b05__20201207.tif,1037.0,6902.0,1739.6256154378254,263.424784066209,0.45416571732361205,32636,385,513
Okhtyrka,MS,flat,OK,PASS,,/content/drive_f/masterthesis/data/satellite/MS/Okhtyrka/s2__scl__20220322.tif,4.0,11.0,4.883616129557292,0.8056000346291731,0.45416571732361205,32636,385,513
Okhtyrka,MS,flat,OK,PASS,,/content/drive_f/masterthesis/data/satellite/MS/Okhtyrka/s2__b09__20221016.tif,992.0,5868.0,2826.3731268274855,497.08565901396724,0.7751937984496124,32636,129,171
Okhtyrka,MS,flat,OK,PASS,,/content/drive_f/masterthesis/data/satellite/MS/Okhtyrka/s2__b12__20211031.tif,1009.0,16096.0,2417.7601013183594,649.660956556895,0.45416571732361205,32636,385,513
Okhtyrka,MS,flat,OK,PASS,,/content/drive_f/masterthesis/data/satellite/MS/Okhtyrka/s2__b03__20211006.tif,626.0,18064.0,1521.3749984117505,230.41187768527226,0.1516064575470202,32636,769,1025
Okhtyrka,MS,flat,OK,PASS,,/content/drive_f/masterthesis/data/satellite/MS/Okhtyrka/s2__b01__20221008.tif,1029.0,2548.0,1240.540250365497,112.36763951369112,0.7751937984496124,32636,129,171
Okhtyrka,MS,flat,OK,PASS,,/content/drive_f/masterthesis/data/satellite/MS/Okhtyrka/s2__b09__20221018.tif,942.0,5989.0,2898.912417763158,480.0657213505547,0.7751937984496124,32636,129,171
Okhtyrka,MS,flat,OK,PASS,,/content/drive_f/masterthesis/data/satellite/MS/Okhtyrka/s2__b05__20211031.tif,529.0,17200.0,1898.0842997233074,311.0081239546219,0.45416571732361205,32636,385,513
Okhtyrka,MS,flat,OK,PASS,,/content/drive_f/masterthesis/data/satellite/MS/Okhtyrka/s2__b02__20211031.tif,247.0,19088.0,1435.0189725931666,198.64893957747321,0.1516064575470202,32636,769,1025
Okhtyrka,MS,flat,OK,PASS,,/content/drive_f/masterthesis/data/satellite/MS/Okhtyrka/s2__b8a__20221018.tif,1015.0,6611.0,2889.415354410807,557.371764517424,0.45416571732361205,32636,385,513
Okhtyrka,MS,flat,OK,PASS,,/content/drive_f/masterthesis/data/satellite/MS/Okhtyrka/s2__b12__20211011.tif,1052.0,16160.0,2406.7095692952475,666.1088402552731,0.45416571732361205,32636,385,513
Rubizhne,MS,flat,OK,PASS,,/content/drive_f/masterthesis/data/satellite/MS/Rubizhne/s2__b12__20221015.tif,1020.0,7624.0,2035.0983695983887,517.464621252637,0.38948356379360793,32637,513,513
Rubizhne,MS,flat,OK,PASS,,/content/drive_f/masterthesis/data/satellite/MS/Rubizhne/s2__b03__20220108.tif,1081.0,12297.0,2997.2137221635717,1393.619297115852,0.19455086258179655,32637,1025,1025
Rubizhne,MS,flat,OK,PASS,,/content/drive_f/masterthesis/data/satellite/MS/Rubizhne/s2__b11__20201209.tif,1008.0,6892.0,2475.1759910583496,681.6533187438802,0.38948356379360793,32637,513,513
Rubizhne,MS,flat,OK,PASS,,/content/drive_f/masterthesis/data/satellite/MS/Rubizhne/s2__b03__20211030.tif,1006.0,9416.0,1571.4806362121763,286.0769242994536,0.19455086258179655,32637,1025,1025
Rubizhne,MS,flat,OK,PASS,,/content/drive_f/masterthesis/data/satellite/MS/Rubizhne/s2__b8a__20201015.tif,912.0,5794.0,3008.880813598633,443.84114439383944,0.38948356379360793,32637,513,513
Rubizhne,MS,flat,OK,PASS,,/content/drive_f/masterthesis/data/satellite/MS/Rubizhne/s2__scl__20220508.tif,2.0,10.0,4.540618896484375,0.6139262195899066,0.38948356379360793,32637,513,513
Rubizhne,MS,flat,OK,PASS,,/content/drive_f/masterthesis/data/satellite/MS/Rubizhne/s2__scl__20221219.tif,2.0,10.0,6.352581024169922,2.5589060771315615,0.38948356379360793,32637,513,513
Rubizhne,MS,flat,OK,PASS,,/content/drive_f/masterthesis/data/satellite/MS/Rubizhne/s2__b04__20240227.tif,1042.0,7044.0,1750.774874807001,332.34438220905787,0.19455086258179655,32637,1025,1025
Rubizhne,MS,flat,OK,PASS,,/content/drive_f/masterthesis/data/satellite/MS/Rubizhne/s2__b09__20201020.tif,961.0,5293.0,3032.239971273212,342.72656608132377,0.0,32637,171,171
Rubizhne,MS,flat,OK,PASS,,/content/drive_f/masterthesis/data/satellite/MS/Rubizhne/s2__b05__20221015.tif,967.0,5523.0,1855.3062896728516,334.04304721181467,0.38948356379360793,32637,513,513
Rubizhne,MS,flat,OK,PASS,,/content/drive_f/masterthesis/data/satellite/MS/Rubizhne/s2__b02__20201209.tif,957.0,10080.0,1392.7037269450113,263.809142974518,0.19464604402141583,32637,1025,1025
Rubizhne,MS,flat,OK,PASS,,/content/drive_f/masterthesis/data/satellite/MS/Rubizhne/s2__scl__20201020.tif,4.0,6.0,4.571369171142578,0.5174740246767068,0.38948356379360793,32637,513,513
Rubizhne,MS,flat,OK,PASS,,/content/drive_f/masterthesis/data/satellite/MS/Rubizhne/s2__b12__20211030.tif,1039.0,10416.0,2348.266044616699,660.2671579806336,0.38948356379360793,32637,513,513
Rubizhne,MS,flat,OK,PASS,,/content/drive_f/masterthesis/data/satellite/MS/Rubizhne/s2__b04__20220508.tif,1143.0,5664.0,1856.5084404542902,351.43287053653455,0.19455086258179655,32637,1025,1025
Rubizhne,MS,flat,OK,PASS,,/content/drive_f/masterthesis/data/satellite/MS/Rubizhne/s2__b06__20211030.tif,934.0,6120.0,2366.02681350708,356.04746416690654,0.38948356379360793,32637,513,513
Rubizhne,MS,flat,OK,PASS,,/content/drive_f/masterthesis/data/satellite/MS/Rubizhne/s2__b07__20220707.tif,955.0,7037.0,3305.659049987793,767.8050771565009,0.38948356379360793,32637,513,513
Rubizhne,MS,flat,OK,PASS,,/content/drive_f/masterthesis/data/satellite/MS/Rubizhne/s2__b02__20231030.tif,903.0,6152.0,1310.1790602529134,195.2455092769437,0.19464604402141583,32637,1025,1025
Rubizhne,MS,flat,OK,PASS,,/content/drive_f/masterthesis/data/satellite/MS/Rubizhne/s2__b09__20220324.tif,1018.0,5053.0,2516.9458636845525,296.2279041804644,0.0,32637,171,171
Rubizhne,MS,flat,OK,PASS,,/content/drive_f/masterthesis/data/satellite/MS/Rubizhne/s2__b06__20231015.tif,974.0,6502.0,2358.9663047790527,344.70082056513985,0.38948356379360793,32637,513,513
Rubizhne,MS,flat,OK,PASS,,/content/drive_f/masterthesis/data/satellite/MS/Rubizhne/s2__b09__20220108.tif,1545.0,9260.0,3730.798570500325,969.173510741106,0.0,32637,171,171
Rubizhne,MS,flat,OK,PASS,,/content/drive_f/masterthesis/data/satellite/MS/Rubizhne/s2__b02__20220508.tif,1100.0,4836.0,1781.6640507504903,278.3068503042918,0.19455086258179655,32637,1025,1025
Rubizhne,MS,flat,OK,PASS,,/content/drive_f/masterthesis/data/satellite/MS/Rubizhne/s2__b02__20211030.tif,936.0,6572.0,1383.2840374601842,254.37461223459448,0.19464604402141583,32637,1025,1025
Rubizhne,MS,flat,OK,PASS,,/content/drive_f/masterthesis/data/satellite/MS/Rubizhne/s2__b03__20220324.tif,920.0,7832.0,1640.1117570652827,332.7450421937853,0.19483640690065437,32637,1025,1025
Rubizhne,MS,flat,OK,PASS,,/content/drive_f/masterthesis/data/satellite/MS/Rubizhne/s2__b02__20220324.tif,908.0,8152.0,1493.5766670894611,317.32720458722173,0.1947412254610351,32637,1025,1025
Rubizhne,MS,flat,OK,PASS,,/content/drive_f/masterthesis/data/satellite/MS/Rubizhne/s2__b01__20240227.tif,1005.0,3066.0,1348.1868951130261,150.62556396040085,0.0,32637,171,171
Rubizhne,MS,flat,OK,PASS,,/content/drive_f/masterthesis/data/satellite/MS/Rubizhne/s2__b01__20221219.tif,1024.0,3888.0,1498.4381861085462,362.03107752661975,0.0,32637,171,171
Rubizhne,MS,flat,OK,PASS,,/content/drive_f/masterthesis/data/satellite/MS/Rubizhne/s2__b07__20220108.tif,966.0,11778.0,3654.353729248047,1171.5792513645474,0.38948356379360793,32637,513,513
Rubizhne,MS,flat,OK,PASS,,/content/drive_f/masterthesis/data/satellite/MS/Rubizhne/s2__b08__20220707.tif,1074.0,7468.0,3432.2505490753697,830.4870656208363,0.19455086258179655,32637,1025,1025
Rubizhne,MS,flat,OK,PASS,,/content/drive_f/masterthesis/data/satellite/MS/Rubizhne/s2__b06__20231030.tif,992.0,6666.0,2185.7769660949707,331.23302197330554,0.38948356379360793,32637,513,513
Rubizhne,MS,flat,OK,PASS,,/content/drive_f/masterthesis/data/satellite/MS/Rubizhne/s2__b05__20211030.tif,1031.0,6107.0,1996.8265380859375,365.78061645578015,0.38948356379360793,32637,513,513
Sievierodonetsk,MS,flat,OK,PASS,,/content/drive_f/masterthesis/data/satellite/MS/Sievierodonetsk/s2__b11__20211030.tif,1051.0,8096.0,2892.6756184895835,633.8904121674994,0.45416571732361205,32637,513,385
Sievierodonetsk,MS,flat,OK,PASS,,/content/drive_f/masterthesis/data/satellite/MS/Sievierodonetsk/s2__b02__20211020.tif,8.0,18944.0,1763.1387292131917,1207.7050215777504,0.24218973008975864,32637,1025,769
Sievierodonetsk,MS,flat,OK,PASS,,/content/drive_f/masterthesis/data/satellite/MS/Sievierodonetsk/s2__b12__20220324.tif,1042.0,16137.0,2531.186319986979,611.2628929883722,0.45416571732361205,32637,513,385
Sievierodonetsk,MS,flat,OK,PASS,,/content/drive_f/masterthesis/data/satellite/MS/Sievierodonetsk/s2__b07__20220508.tif,864.0,12599.0,3066.295166015625,496.74063142435443,0.45416571732361205,32637,513,385
Sievierodonetsk,MS,flat,OK,PASS,,/content/drive_f/masterthesis/data/satellite/MS/Sievierodonetsk/s2__b05__20220702.tif,1078.0,8702.0,2172.227350870768,400.5510343857302,0.45416571732361205,32637,513,385
Sievierodonetsk,MS,flat,OK,PASS,,/content/drive_f/masterthesis/data/satellite/MS/Sievierodonetsk/s2__b12__20211030.tif,1032.0,8011.0,2443.2100880940757,599.8980162321837,0.45416571732361205,32637,513,385
Sievierodonetsk,MS,flat,OK,PASS,,/content/drive_f/masterthesis/data/satellite/MS/Sievierodonetsk/s2__b04__20221015.tif,627.0,12144.0,1593.1427910123562,368.5789469066831,0.2411747914618288,32637,1025,769
Sievierodonetsk,MS,flat,OK,PASS,,/content/drive_f/masterthesis/data/satellite/MS/Sievierodonetsk/s2__b02__20210304.tif,1.0,19008.0,1392.1820831669468,303.24325136736235,0.24142852611881124,32637,1025,769
Sievierodonetsk,MS,flat,OK,PASS,,/content/drive_f/masterthesis/data/satellite/MS/Sievierodonetsk/s2__b08__20220627.tif,1060.0,13600.0,3088.4359271750577,749.9435108714357,0.2411747914618288,32637,1025,769
Sievierodonetsk,MS,flat,OK,PASS,,/content/drive_f/masterthesis/data/satellite/MS/Sievierodonetsk/s2__b08__20220508.tif,1419.0,16752.0,3210.485475452867,561.6494037501172,0.2411747914618288,32637,1025,769
Sievierodonetsk,MS,flat,OK,PASS,,/content/drive_f/masterthesis/data/satellite/MS/Sievierodonetsk/s2__scl__20220108.tif,2.0,11.0,8.981175740559896,2.9056158052085768,0.45416571732361205,32637,513,385
Sievierodonetsk,MS,flat,OK,PASS,,/content/drive_f/masterthesis/data/satellite/MS/Sievierodonetsk/s2__b02__20211030.tif,1.0,18976.0,1421.3066742292926,284.5139947571845,0.24130165879032003,32637,1025,769
Sievierodonetsk,MS,flat,OK,PASS,,/content/drive_f/masterthesis/data/satellite/MS/Sievierodonetsk/s2__b06__20220627.tif,1000.0,8885.0,2807.9655965169272,602.0593777784767,0.45416571732361205,32637,513,385
Sievierodonetsk,MS,flat,OK,PASS,,/content/drive_f/masterthesis/data/satellite/MS/Sievierodonetsk/s2__b01__20220707.tif,1113.0,4135.0,1510.9732730263158,215.35693941967557,1.3520822065981613,32637,172,129
Sievierodonetsk,MS,flat,OK,PASS,,/content/drive_f/masterthesis/data/satellite/MS/Sievierodonetsk/s2__b12__20240227.tif,1080.0,16058.0,2552.3128356933594,515.6324371638908,0.45416571732361205,32637,513,385
Sievierodonetsk,MS,flat,OK,PASS,,/content/drive_f/masterthesis/data/satellite/MS/Sievierodonetsk/s2__b08__20231015.tif,1041.0,10184.0,2725.6218925023272,492.2563725894765,0.2411747914618288,32637,1025,769
Sievierodonetsk,MS,flat,OK,PASS,,/content/drive_f/masterthesis/data/satellite/MS/Sievierodonetsk/s2__b05__20220707.tif,1072.0,9985.0,2202.5357666015625,392.78204902922676,0.45416571732361205,32637,513,385
Sievierodonetsk,MS,flat,OK,PASS,,/content/drive_f/masterthesis/data/satellite/MS/Sievierodonetsk/s2__b08__20220702.tif,1117.0,12768.0,3134.8707453924844,688.1152989699423,0.2411747914618288,32637,1025,769
Sievierodonetsk,MS,flat,OK,PASS,,/content/drive_f/masterthesis/data/satellite/MS/Sievierodonetsk/s2__scl__20231015.tif,4.0,6.0,4.785044352213542,0.42653641230399353,0.45416571732361205,32637,513,385
Sievierodonetsk,MS,flat,OK,PASS,,/content/drive_f/masterthesis/data/satellite/MS/Sievierodonetsk/s2__b08__20240227.tif,1040.0,16608.0,2545.1610532045315,444.999031919034,0.2411747914618288,32637,1025,769
Sievierodonetsk,MS,flat,OK,PASS,,/content/drive_f/masterthesis/data/satellite/MS/Sievierodonetsk/s2__b09__20211030.tif,968.0,5839.0,2787.8249269005846,302.1845412069239,1.3520822065981613,32637,172,129
Sievierodonetsk,MS,flat,OK,PASS,,/content/drive_f/masterthesis/data/satellite/MS/Sievierodonetsk/s2__b11__20220707.tif,1097.0,12915.0,3108.7735799153647,532.2720329997297,0.45416571732361205,32637,513,385
Sievierodonetsk,MS,flat,OK,PASS,,/content/drive_f/masterthesis/data/satellite/MS/Sievierodonetsk/s2__b05__20220508.tif,1225.0,11522.0,2261.3491414388022,310.9227774363315,0.45416571732361205,32637,513,385
Sievierodonetsk,MS,flat,OK,PASS,,/content/drive_f/masterthesis/data/satellite/MS/Sievierodonetsk/s2__b04__20210304.tif,985.0,17328.0,1722.5022306326655,400.2595512996156,0.2411747914618288,32637,1025,769
Sievierodonetsk,MS,flat,OK,PASS,,/content/drive_f/masterthesis/data/satellite/MS/Sievierodonetsk/s2__b12__20220702.tif,1065.0,14894.0,2710.3436533610025,630.6787255059504,0.45416571732361205,32637,513,385
Sievierodonetsk,MS,flat,OK,PASS,,/content/drive_f/masterthesis/data/satellite/MS/Sievierodonetsk/s2__b08__20221015.tif,1054.0,12864.0,2898.255399809748,616.6435773452096,0.2411747914618288,32637,1025,769
Sievierodonetsk,MS,flat,OK,PASS,,/content/drive_f/masterthesis/data/satellite/MS/Sievierodonetsk/s2__b05__20220627.tif,1065.0,8967.0,2177.559097290039,491.03212420770336,0.45416571732361205,32637,513,385
Sievierodonetsk,MS,flat,OK,PASS,,/content/drive_f/masterthesis/data/satellite/MS/Sievierodonetsk/s2__b07__20211030.tif,963.0,6887.0,2534.2347361246743,379.6068024032395,0.45416571732361205,32637,513,385
Sievierodonetsk,MS,flat,OK,PASS,,/content/drive_f/masterthesis/data/satellite/MS/Sievierodonetsk/s2__b03__20210304.tif,399.0,18016.0,1589.3034512491033,327.7885001109771,0.2411747914618288,32637,1025,769
Sievierodonetsk,MS,flat,OK,PASS,,/content/drive_f/masterthesis/data/satellite/MS/Sievierodonetsk/s2__b07__20221219.tif,642.0,10032.0,2268.938018798828,442.84916769557043,0.45416571732361205,32637,513,385
Trostianets,MS,flat,OK,PASS,,/content/drive_f/masterthesis/data/satellite/MS/Trostianets/s2__b12__20221031.tif,1024.0,11636.0,2266.9088439941406,746.1153112776816,0.38948356379360793,32636,513,513
Trostianets,MS,flat,OK,PASS,,/content/drive_f/masterthesis/data/satellite/MS/Trostianets/s2__b02__20221205.tif,1.0,18464.0,1417.6528204888891,184.736703223278,0.058251041046995834,32636,1025,1025
Trostianets,MS,flat,OK,PASS,,/content/drive_f/masterthesis/data/satellite/MS/Trostianets/s2__b08__20220325.tif,1180.0,8368.0,2398.1471478130084,454.4058782758149,0.04913227016885553,32636,1025,832
Trostianets,MS,flat,OK,PASS,,/content/drive_f/masterthesis/data/satellite/MS/Trostianets/s2__b09__20230124.tif,1069.0,5359.0,2213.8241142070865,387.9435815772191,1.737425635478637,32636,172,172
Trostianets,MS,flat,OK,PASS,,/content/drive_f/masterthesis/data/satellite/MS/Trostianets/s2__b06__20211031.tif,944.0,8219.0,2317.447998046875,447.30860345119237,0.38948356379360793,32636,513,513
Trostianets,MS,flat,OK,PASS,,/content/drive_f/masterthesis/data/satellite/MS/Trostianets/s2__b02__20211031.tif,847.0,10640.0,1411.7107654857607,221.82559542673286,0.058251041046995834,32636,1025,1025
Trostianets,MS,flat,OK,PASS,,/content/drive_f/masterthesis/data/satellite/MS/Trostianets/s2__b8a__20230223.tif,1363.0,12609.0,4333.743938446045,1716.0615691729,0.38948356379360793,32636,513,513
Trostianets,MS,flat,OK,PASS,,/content/drive_f/masterthesis/data/satellite/MS/Trostianets/s2__b06__20230223.tif,1332.0,13334.0,4265.508163452148,1882.714768004257,0.38948356379360793,32636,513,513
Trostianets,MS,flat,OK,PASS,,/content/drive_f/masterthesis/data/satellite/MS/Trostianets/s2__b07__20201207.tif,704.0,9987.0,2096.8233877328726,372.1800679677643,0.1949317738791423,32636,513,416
Trostianets,MS,flat,OK,PASS,,/content/drive_f/masterthesis/data/satellite/MS/Trostianets/s2__b02__20221031.tif,556.0,12872.0,1350.26563630961,598.3110628019876,0.060249851279000594,32636,1025,1025
Trostianets,MS,flat,OK,PASS,,/content/drive_f/masterthesis/data/satellite/MS/Trostianets/s2__b05__20221031.tif,953.0,13067.0,1834.0337677001953,629.096827991635,0.38948356379360793,32636,513,513
Trostianets,MS,flat,OK,PASS,,/content/drive_f/masterthesis/data/satellite/MS/Trostianets/s2__b08__20211031.tif,994.0,14848.0,2742.9942695947575,578.685078530101,0.058251041046995834,32636,1025,1025
Trostianets,MS,flat,OK,PASS,,/content/drive_f/masterthesis/data/satellite/MS/Trostianets/s2__b09__20220506.tif,1067.0,6354.0,3446.310537452391,439.91465044157684,1.1627906976744187,32636,172,139
Trostianets,MS,flat,OK,PASS,,/content/drive_f/masterthesis/data/satellite/MS/Trostianets/s2__scl__20201207.tif,2.0,10.0,4.775334284855769,0.6904958770495195,0.1949317738791423,32636,513,416
Trostianets,MS,flat,OK,PASS,,/content/drive_f/masterthesis/data/satellite/MS/Trostianets/s2__b11__20211031.tif,1047.0,14572.0,2935.6618461608887,699.4254428739624,0.38948356379360793,32636,513,513
Trostianets,MS,flat,OK,PASS,,/content/drive_f/masterthesis/data/satellite/MS/Trostianets/s2__b06__20230124.tif,977.0,10494.0,1965.8946418762207,377.3556619896647,0.38948356379360793,32636,513,513
Trostianets,MS,flat,OK,PASS,,/content/drive_f/masterthesis/data/satellite/MS/Trostianets/s2__b03__20220325.tif,1182.0,8496.0,1650.5368655565997,406.50709681346825,0.04913227016885553,32636,1025,832
Trostianets,MS,flat,OK,PASS,,/content/drive_f/masterthesis/data/satellite/MS/Trostianets/s2__b07__20220213.tif,1193.0,14940.0,5795.182754516602,2794.3590605549525,0.38948356379360793,32636,513,513
Trostianets,MS,flat,OK,PASS,,/content/drive_f/masterthesis/data/satellite/MS/Trostianets/s2__b8a__20220322.tif,1021.0,10147.0,2896.9808208759014,802.9652153310801,0.1949317738791423,32636,513,416
Trostianets,MS,flat,OK,PASS,,/content/drive_f/masterthesis/data/satellite/MS/Trostianets/s2__b07__20221031.tif,934.0,12812.0,2295.9497108459473,700.2072963040206,0.38948356379360793,32636,513,513
Trostianets,MS,flat,OK,PASS,,/content/drive_f/masterthesis/data/satellite/MS/Trostianets/s2__b02__20201207.tif,708.0,11704.0,1402.93145670774,161.39235253839865,0.04913227016885553,32636,1025,832
Trostianets,MS,flat,OK,PASS,,/content/drive_f/masterthesis/data/satellite/MS/Trostianets/s2__b12__20230124.tif,1043.0,16050.0,2151.327922821045,468.22113377371693,0.38948356379360793,32636,513,513
Trostianets,MS,flat,OK,PASS,,/content/drive_f/masterthesis/data/satellite/MS/Trostianets/s2__b12__20201207.tif,1046.0,16090.0,2300.361778846154,549.7986793366607,0.1949317738791423,32636,513,416
Trostianets,MS,flat,OK,PASS,,/content/drive_f/masterthesis/data/satellite/MS/Trostianets/s2__b12__20220213.tif,1083.0,9440.0,1704.3078689575195,178.0095733160687,0.38948356379360793,32636,513,513
Trostianets,MS,flat,OK,PASS,,/content/drive_f/masterthesis/data/satellite/MS/Trostianets/s2__b06__20201207.tif,947.0,10847.0,1991.160916841947,336.017474497263,0.1949317738791423,32636,513,416
Trostianets,MS,flat,OK,PASS,,/content/drive_f/masterthesis/data/satellite/MS/Trostianets/s2__b05__20211031.tif,993.0,8002.0,1968.3761901855469,419.1158141157334,0.38948356379360793,32636,513,513
Trostianets,MS,flat,OK,PASS,,/content/drive_f/masterthesis/data/satellite/MS/Trostianets/s2__b01__20230124.tif,926.0,2593.0,1191.438768489852,141.5304866636264,1.737425635478637,32636,172,172
Trostianets,MS,flat,OK,PASS,,/content/drive_f/masterthesis/data/satellite/MS/Trostianets/s2__b01__20220322.tif,694.0,9255.0,1915.754168429962,899.7545466995856,1.1627906976744187,32636,172,139
Trostianets,MS,flat,OK,PASS,,/content/drive_f/masterthesis/data/satellite/MS/Trostianets/s2__b03__20220322.tif,942.0,12312.0,2138.8680343649144,1182.7653741419997,0.04913227016885553,32636,1025,832
Trostianets,MS,flat,OK,PASS,,/content/drive_f/masterthesis/data/satellite/MS/Trostianets/s2__b8a__20220213.tif,1258.0,14441.0,5731.517951965332,2617.8538840221577,0.38948356379360793,32636,513,513
Volnovakha,MS,flat,OK,PASS,,/content/drive_f/masterthesis/data/satellite/MS/Volnovakha/s2__b09__20201020.tif,1451.0,5282.0,2548.7244262695312,503.02889699785715,1.5443783426476774,32637,129,129
Volnovakha,MS,flat,OK,PASS,,/content/drive_f/masterthesis/data/satellite/MS/Volnovakha/s2__b06__20221015.tif,999.0,6614.0,2272.7762790256074,466.7109242309715,0.5188058694552201,32637,385,385
Volnovakha,MS,flat,OK,PASS,,/content/drive_f/masterthesis/data/satellite/MS/Volnovakha/s2__b07__20221114.tif,950.0,10479.0,2089.120171440972,473.0531071000996,0.5188058694552201,32637,385,385
Volnovakha,MS,flat,OK,PASS,,/content/drive_f/masterthesis/data/satellite/MS/Volnovakha/s2__b07__20211030.tif,1007.0,12411.0,2900.8059353298613,1607.719954951683,0.5188058694552201,32637,385,385
Volnovakha,MS,flat,OK,PASS,,/content/drive_f/masterthesis/data/satellite/MS/Volnovakha/s2__b11__20220319.tif,1164.0,4541.0,2760.1416219075522,320.3917549255585,0.5188058694552201,32637,385,385
Volnovakha,MS,flat,OK,PASS,,/content/drive_f/masterthesis/data/satellite/MS/Volnovakha/s2__b03__20220108.tif,1.0,18432.0,1541.3918300039447,771.7062958248414,0.1204002293015603,32637,769,769
Volnovakha,MS,flat,OK,PASS,,/content/drive_f/masterthesis/data/satellite/MS/Volnovakha/s2__b08__20221114.tif,1032.0,16528.0,2236.1630780378628,530.0480224483533,0.11820191050813293,32637,769,769
Volnovakha,MS,flat,OK,PASS,,/content/drive_f/masterthesis/data/satellite/MS/Volnovakha/s2__b8a__20201020.tif,1039.0,7346.0,2533.694342719184,551.324959649275,0.5188058694552201,32637,385,385
Volnovakha,MS,flat,OK,PASS,,/content/drive_f/masterthesis/data/satellite/MS/Volnovakha/s2__b08__20221015.tif,1076.0,7900.0,2571.4593676248005,610.353942551797,0.11820191050813293,32637,769,769
Volnovakha,MS,flat,OK,PASS,,/content/drive_f/masterthesis/data/satellite/MS/Volnovakha/s2__b8a__20220508.tif,1058.0,7040.0,3235.202928331163,633.1636384479742,0.5188058694552201,32637,385,385
Volnovakha,MS,flat,OK,PASS,,/content/drive_f/masterthesis/data/satellite/MS/Volnovakha/s2__b02__20220508.tif,878.0,9512.0,1472.6344965479411,206.0898046960385,0.11820191050813293,32637,769,769
Volnovakha,MS,flat,OK,PASS,,/content/drive_f/masterthesis/data/satellite/MS/Volnovakha/s2__b08__20220319.tif,1143.0,8376.0,2287.428668172322,435.4971741486523,0.11820191050813293,32637,769,769
Volnovakha,MS,flat,OK,PASS,,/content/drive_f/masterthesis/data/satellite/MS/Volnovakha/s2__b02__20211020.tif,944.0,8792.0,1381.8286312645812,191.54419728080074,0.11820191050813293,32637,769,769
Volnovakha,MS,flat,OK,PASS,,/content/drive_f/masterthesis/data/satellite/MS/Volnovakha/s2__b12__20220108.tif,1027.0,16122.0,1920.3100925021702,261.9306082558166,0.5188058694552201,32637,385,385
Volnovakha,MS,flat,OK,PASS,,/content/drive_f/masterthesis/data/satellite/MS/Volnovakha/s2__b03__20201020.tif,1048.0,13152.0,1592.764289898453,238.01540947264488,0.11820191050813293,32637,769,769
Volnovakha,MS,flat,OK,PASS,,/content/drive_f/masterthesis/data/satellite/MS/Volnovakha/s2__b03__20220319.tif,1198.0,7932.0,1645.5777906823191,280.749425308191,0.11820191050813293,32637,769,769
Volnovakha,MS,flat,OK,PASS,,/content/drive_f/masterthesis/data/satellite/MS/Volnovakha/s2__b11__20230108.tif,1077.0,14955.0,1884.025627983941,180.4984867980376,0.5188058694552201,32637,385,385
Volnovakha,MS,flat,OK,PASS,,/content/drive_f/masterthesis/data/satellite/MS/Volnovakha/s2__b09__20220108.tif,1136.0,9695.0,2229.2345581054688,692.2881577838726,1.5443783426476774,32637,129,129
Volnovakha,MS,flat,OK,PASS,,/content/drive_f/masterthesis/data/satellite/MS/Volnovakha/s2__scl__20221005.tif,3.0,9.0,4.632256401909722,0.6163943988371268,0.5188058694552201,32637,385,385
Volnovakha,MS,flat,OK,PASS,,/content/drive_f/masterthesis/data/satellite/MS/Volnovakha/s2__b07__20220319.tif,1099.0,7881.0,2140.3858100043403,385.9951888155731,0.5188058694552201,32637,385,385
Volnovakha,MS,flat,OK,PASS,,/content/drive_f/masterthesis/data/satellite/MS/Volnovakha/s2__b09__20210217.tif,1476.0,6219.0,2650.1849365234375,712.0287443913328,1.5443783426476774,32637,129,129
Volnovakha,MS,flat,OK,PASS,,/content/drive_f/masterthesis/data/satellite/MS/Volnovakha/s2__b02__20220319.tif,1142.0,7940.0,1541.8231408148822,269.82323116559655,0.11820191050813293,32637,769,769
Volnovakha,MS,flat,OK,PASS,,/content/drive_f/masterthesis/data/satellite/MS/Volnovakha/s2__b02__20201020.tif,899.0,11696.0,1466.1497438467347,206.45563399377613,0.11820191050813293,32637,769,769
Volnovakha,MS,flat,OK,PASS,,/content/drive_f/masterthesis/data/satellite/MS/Volnovakha/s2__b01__20221015.tif,1073.0,2769.0,1276.6265869140625,103.72135201321134,1.5443783426476774,32637,129,129
Volnovakha,MS,flat,OK,PASS,,/content/drive_f/masterthesis/data/satellite/MS/Volnovakha/s2__b03__20220508.tif,1156.0,10032.0,1713.7551120607047,198.12733101927515,0.11820191050813293,32637,769,769
Volnovakha,MS,flat,OK,PASS,,/content/drive_f/masterthesis/data/satellite/MS/Volnovakha/s2__b09__20221005.tif,1042.0,13326.0,2574.4833374023438,689.654167016836,1.5443783426476774,32637,129,129
Volnovakha,MS,flat,OK,PASS,,/content/drive_f/masterthesis/data/satellite/MS/Volnovakha/s2__b06__20221005.tif,968.0,10917.0,2286.190578884549,609.3192443351395,0.5188058694552201,32637,385,385
Volnovakha,MS,flat,OK,PASS,,/content/drive_f/masterthesis/data/satellite/MS/Volnovakha/s2__b05__20220508.tif,1116.0,7033.0,2067.3741522894966,227.9188763687949,0.5188058694552201,32637,385,385
Volnovakha,MS,flat,OK,PASS,,/content/drive_f/masterthesis/data/satellite/MS/Volnovakha/s2__b05__20211020.tif,989.0,7733.0,1977.1751369900173,255.07405850732792,0.5188058694552201,32637,385,385
Volnovakha,MS,flat,OK,PASS,,/content/drive_f/masterthesis/data/satellite/MS/Volnovakha/s2__b09__20201119.tif,1339.0,7390.0,2146.4595336914062,389.64920709282063,1.5443783426476774,32637,129,129
