model_id,B0_single_s1_coh_drop_count,B0_single_s1_coh_max_drop,B0_single_s1_coh_running_min,B0_single_s1_vh_mean,B0_single_s1_vv_mean,B1_PWTT_VH_exact,B1_PWTT_VH_faithful,B1_PWTT_VH_faithful_bldg,B1_PWTT_VV+VH,B1_PWTT_VV+VH_faithful,B1_PWTT_VV+VH_faithful_bldg,B1_PWTT_VV_exact,B1_PWTT_VV_faithful,B1_PWTT_VV_faithful_bldg,B2_CCD_VV+VH_faithful,B2_CCD_VV+VH_faithful_bldg,B2_CCD_vh_Optuna,B2_CCD_vh_Optuna_pixel,B2_CCD_vh_faithful,B2_CCD_vh_faithful_bldg,B2_CCD_vh_persistence_faithful,B2_CCD_vh_persistence_faithful_bldg,B2_CCD_vv_Optuna,B2_CCD_vv_Optuna_pixel,B2_CCD_vv_faithful,B2_CCD_vv_faithful_bldg,B2_CCD_vv_persistence_faithful,B2_CCD_vv_persistence_faithful_bldg,B3_logratio_BAEI,B3_logratio_BSI,B3_logratio_IBI,B3_logratio_MNDWI,B3_logratio_NDBI,B3_logratio_NDSI,B3_logratio_NDVI,B3_logratio_SAVI,B3_logratio_UI,B3_logratio_VH,B3_logratio_VV,B3a_LogRatio_VH_faithful,B3a_LogRatio_VH_faithful_bldg,B3a_LogRatio_VV+VH_faithful,B3a_LogRatio_VV+VH_faithful_bldg,B3a_LogRatio_VV_faithful,B3a_LogRatio_VV_faithful_bldg,B4_step1_card,B4_step2_card+coh,B4_step3_card+coh+optical,B4_step4_all+methods,B5_UISEM_ExtraTrees_Optuna,B5_UISEM_ExtraTrees_Optuna_bldg,B5_UISEM_LightGBM_Optuna,B5_UISEM_LightGBM_Optuna_bldg,B5_UISEM_Model2_full_F8,B5_UISEM_Model2_full_F8_bldg,B5_UISEM_RF_Optuna,B5_UISEM_RF_Optuna_bldg,B5_UISEM_Tuned_Voting,B5_UISEM_Tuned_Voting_bldg,B5_UISEM_XGBoost_Optuna,B5_UISEM_XGBoost_Optuna_bldg,B5_UISEM_all_features,B5_sub_GBM,B5_sub_GB_full_F8,B5_sub_GB_full_F8_bldg,B5_sub_RF,B5_sub_RF_full_F8,B5_sub_RF_full_F8_bldg,B5_sub_XGB,B5_sub_XGB_full_F8,B5_sub_XGB_full_F8_bldg,B6_AdaBoost_alone,B6_UISEM_Model1_full_F8,B6_UISEM_Model1_full_F8_bldg,B6_UISEM_no_AdaBoost,B7_UISEM_all_multimodal,B7_UISEM_card+coh,B7_UISEM_card+coh+delta,B7_UISEM_card+ms,B7_UISEM_card_only,B7_UISEM_coh+ms,B7_UISEM_coh_only,B7_UISEM_ms_only,D1_blk_post_block_all,D1_blk_post_block_mean,D1_blk_pre+post_all,D1_blk_pre+post_mean,D1_blk_pre_baseline_all,D1_blk_pre_baseline_mean,D1_delta_only,D1_post_only,D1_pre+post,D1_pre+post+delta,D1_pre_only,D1c_post_composite,D1c_pre_composite,D1d_delta_only,D1d_post_only,D1d_pre+post+delta,D1d_pre_only,D1e_zonal_max,D1e_zonal_mean,D1e_zonal_median,D1e_zonal_min,D1e_zonal_std,D1f_roll3_assess,D1f_roll7_assess,D1i_allblocks_groupkfold,D1j_dynamic_groupkfold,D2_all_features,D2_coh-only,D2_ms-only,D2_sar-only,D2_sar_+_ms,D2_sar_+_ms_+_coh,D4_a9_ms_only,D4_f8_strategy_B_impute,D6_fusion,D6_ms_only,D6_sar_only,E1_base_GBM,E1_base_LGBM,E1_base_RF,E1_base_XGB,E1_soft_voting,E1_stacking_LogReg,E2_LightGBM_all,E2_LightGBM_card,E2_LightGBM_card+coh,E2_LightGBM_coh,E2_LightGBM_ms,E5_HistGBM_native_NaN,E5_LightGBM_native_NaN,E6_A_impute+obs_all_multimodal,E6_A_impute+obs_card+coh,E6_A_impute+obs_card_only,E6_A_impute+obs_coh_only,E6_B_nativeNaN_all_multimodal,E6_B_nativeNaN_card+coh,E6_B_nativeNaN_card_only,E6_B_nativeNaN_coh_only,E6_C_SAR_only_no_NaN,E7_KNN_15,E7_KNN_5,E7_LogReg,E7b_GaussianNB,E7b_LDA,E7b_NearestCentroid,E7b_QDA,E7b_RidgeClassifier,E7c_ExtraTrees,E7c_HistGBM_imputed,E7d_MLP_128_64,E7d_MLP_256_128_64,E8_IsolationForest_c=0.050,E8_IsolationForest_c=0.100,E8_IsolationForest_c=0.130,L2b_coh_drop,L2b_ndvi_delta,L2b_plausibility_score,L2b_s2__lu__date_persistent_loss,L2b_s2__lu__loss_count,L2b_s2__lu__loss_fraction,R0_dietrich28_faithful_groupkfold,R0b_prepost_single_card_groupkfold,R0c_roll13_baseline+assessment,R0c_roll3_assessment_only,R0c_roll3_baseline+assessment,R0c_roll7_assessment_only,R0c_roll7_baseline+assessment,R1_geographic_70_30,R1_groupkfold,R1_random_cv,R2_roll13,R2_roll3,R2_roll7,R3_card_block_stats_A15,R3_card_only_prepost_A13,R3_coh_only_A14,R3_ms_only_A9,R3_ms_plus_blocks_F8,R3_ms_plus_cohdrop_F7,R3b_all_multimodal,R3b_card_coh,R3b_card_ms,R3b_card_only,R3b_coh_ms,R3b_coh_only,R3b_ms_only,R4_tier0_dietrich28,R4_tier0_ms,R4_tier1_dietrich28,R4_tier1_ms,R4_tier2_dietrich28,R4_tier2_ms,R4b_tier0_all,R4b_tier0_card,R4b_tier1_all,R4b_tier1_card,R4b_tier2_card,R5_ExtraTrees_all_multimodal,R5_ExtraTrees_dietrich28,R5_GBM_all_multimodal,R5_GBM_dietrich28,R5_LightGBM_all_multimodal,R5_LightGBM_dietrich28,R5_RF-200_all_multimodal,R5_RF-200_dietrich28,R5_XGBoost_all_multimodal,R5_XGBoost_dietrich28
B0_single_s1_coh_drop_count,1.0,0.08301727770754319,0.07722174288179465,0.022233201581027668,0.02197530864197531,0.019089958158995817,0.019089958158995817,0.0,0.019846520243450648,0.019846520243450648,0.0,0.02082262210796915,0.02082262210796915,0.0,0.02021276595744681,0.0,0.0,0.02983484283431007,0.032100951959264996,0.0,0.0361247947454844,0.0,0.0,0.020048899755501223,0.02238971403236533,0.0,0.035942346287173875,0.0,0.11886304909560723,0.19795221843003413,0.11331444759206799,0.2302839116719243,0.2013888888888889,0.2302839116719243,0.08139534883720931,0.08778625954198473,0.1661631419939577,0.01826595226497808,0.01639751552795031,0.02378063576801747,0.0,0.02085859810817366,0.0,0.018721128130318503,0.0,0.022727272727272728,0.06040480708412397,0.15270935960591134,0.18226600985221675,0.030042918454935622,0.0,0.017694272163444,0.0,0.02247758555373153,0.0,0.01381340579710145,0.0,0.022236929185969558,0.0,0.02219992474601781,0.0,0.02185380557648832,0.020210896309314587,0.021844963175633503,0.0,0.022208359326263256,0.02210841868598551,0.0,0.021247240618101546,0.023275497249259414,0.0,0.022109683794466404,0.022367429002261876,0.0,0.02186552072800809,0.02186552072800809,0.02207067575945443,0.02207067575945443,0.022205399949533182,0.02194396231093479,0.022081218274111674,0.02168256721595837,0.02187620640844164,0.024390243902439025,0.02424317007137583,0.024384326094868375,0.02458307597282273,0.02438728463965057,0.02424317007137583,0.024507389162561576,0.02449230769230769,0.024431749118755317,0.024470416362308255,0.024534582665515964,0.022115506129154555,0.02189415738771425,0.024507389162561576,0.02449230769230769,0.024470416362308255,0.024534582665515964,0.024446606665045,0.024410978868107846,0.024399126001456665,0.024327940639824838,0.02438136826783115,0.0312392722279437,0.0312392722279437,0.024390243902439025,0.024416909620991252,0.02218916573695302,0.022495915546060074,0.021758159309741152,0.02251572327044025,0.022057001239157374,0.02205426836823194,0.021997250343707038,0.02218916573695302,0.026095880369447294,0.021997250343707038,0.02438136826783115,0.020005064573309698,0.020620343094784267,0.022208359326263256,0.021247240618101546,0.021485891793942533,0.022099447513812154,0.020620343094784267,0.018566123964581547,0.02036426215402266,0.01862359959260876,0.021958802953750484,0.014385532264693794,0.02060142880877222,0.02216933867735471,0.022158950235206733,0.022412490556534877,0.022300617361723573,0.02060142880877222,0.02024584237165582,0.019484240687679084,0.01862359959260876,0.022153465346534652,0.022433888958516106,0.0223579877810997,0.00907676348547718,0.011175076193701321,0.01601627049701284,0.010481181515007145,0.013172873637989918,0.009471191791633781,0.02207923290436538,0.013429752066115703,0.022095238095238095,0.02231974921630094,0.011794228356336261,0.011794228356336261,0.011794228356336261,0.000839806844425782,0.029421598127716483,0.0016514227642276424,0.009580105992662047,0.016788518819388032,0.019329581600195742,0.024434719183078046,0.02457908320019663,0.024405050995628945,0.02384500745156483,0.024408014571948997,0.02384500745156483,0.024410978868107846,0.017884914463452566,0.024434719183078046,0.0246975177747287,0.024416909620991252,0.024443633710324698,0.02442877977637336,0.024405050995628945,0.02457908320019663,0.068342776203966,0.02210927573062262,0.022208359326263256,0.02586591348297904,0.022233325006245315,0.022156207451417255,0.02186953261684579,0.02254976064499874,0.021980798383021728,0.022300617361723573,0.021683996956632007,0.010541361443630517,0.009767784740140067,0.02342023862129916,0.012614180078294911,0.1407766990291262,0.17148362235067438,0.010049333089713137,0.010541361443630517,0.013025210084033614,0.02342023862129916,0.1407766990291262,0.02207923290436538,0.024453182600147456,0.020005064573309698,0.024137510666829207,0.016147827534543035,0.020648078372268275,0.022208359326263256,0.024434719183078046,0.021618903971845148,0.02408466123342659
B0_single_s1_coh_max_drop,0.08301727770754319,1.0,0.8994299674267101,0.2273258077072791,0.2349716075974153,0.20408973595394084,0.20408973595394084,0.0,0.21558336697618086,0.21558336697618086,0.0,0.22169154228855723,0.22169154228855723,0.0,0.23234811165845648,0.0,0.0,0.25420910413635417,0.27425373134328357,0.0,0.30457190357439734,0.0,0.0,0.242893550284258,0.25648628613787994,0.0,0.303105796379339,0.0,0.018003913894324854,0.02481692432872254,0.0166732830488289,0.031035872632003223,0.024867509172441907,0.031035872632003223,0.009072164948453608,0.01029654036243822,0.022008803521408563,0.2249662357707891,0.23671211223078442,0.23491879350348027,0.0,0.19688438438438438,0.0,0.19421487603305784,0.0,0.2320190212007133,0.5984365952518819,0.013929928239763613,0.01646264246517518,0.2716581732653861,0.0,0.27732893652102225,0.0,0.28569639278557113,0.0,0.29054185278694894,0.0,0.28454545454545455,0.0,0.2858923230309073,0.0,0.2851085058618109,0.2833457990526053,0.2838189708617483,0.0,0.2854838709677419,0.2851999006704743,0.0,0.2672139830508475,0.27066756574511125,0.0,0.2846598597613483,0.2859103956071384,0.0,0.2841933867735471,0.2841933867735471,0.2843572662225512,0.2843572662225512,0.285035035035035,0.2838821063016402,0.2787090317738304,0.28235438985346634,0.28172942817294283,0.28699660359049006,0.28487446417636253,0.2869269949066214,0.28399607265586646,0.28696179502728925,0.28487446417636253,0.2867484662576687,0.28468225786702583,0.28607840757373465,0.2855928085519922,0.28659135559921417,0.2856963770841168,0.2836562344759066,0.2867484662576687,0.28468225786702583,0.2855928085519922,0.28659135559921417,0.2873465418743163,0.2867718446601942,0.2872572815533981,0.287259907610017,0.2872043662825955,0.17894736842105263,0.17894736842105263,0.28668445306815427,0.287779397473275,0.2847273624475697,0.271941735588199,0.2833912611717974,0.2682596378864392,0.2844987051424343,0.28478046373951654,0.28413604766633566,0.2847273624475697,0.3361026089491328,0.28413604766633566,0.2868922032254153,0.2829715146191492,0.24390243902439024,0.2854838709677419,0.2672139830508475,0.28283601122162716,0.285286783042394,0.24390243902439024,0.2494961708988311,0.24287053153032534,0.23288960602393438,0.2469778374748153,0.29706043454445863,0.26134466535134315,0.28614120283899885,0.28434150548232107,0.267151126986082,0.27079471017179585,0.26134466535134315,0.24685683385156143,0.24835283044238268,0.23288960602393438,0.284429662478443,0.28721017202692595,0.28529336407891365,0.19577659364515493,0.1559216131780744,0.2704426106526632,0.1471009305654975,0.26514010244049413,0.19693043651584613,0.2849099099099099,0.2675627240143369,0.2837039829124262,0.28514506288133484,0.2429831595829992,0.2429831595829992,0.2429831595829992,0.0,0.09198751300728408,0.21972822130550837,0.06458364478995365,0.4595860029571217,0.413523767016291,0.2858009708737864,0.28313179430804936,0.2863901018922853,0.162120790425828,0.28642484532330464,0.162120790425828,0.2861475012130034,0.39191353082465974,0.2858009708737864,0.268540012217471,0.2860609001577096,0.2851249696675564,0.2857316185391895,0.2860780984719864,0.28313179430804936,0.8205758426966292,0.2822702159718734,0.2854838709677419,0.3378079362737867,0.2853240625776012,0.2843064794284306,0.2844549292277129,0.2669376693766938,0.28401552134184505,0.27079471017179585,0.28277505959101745,0.06724867003137362,0.06504178272980501,0.5722300140252454,0.576437587657784,0.03271028037383177,0.034662691017517705,0.06519031141868512,0.06724867003137362,0.6055399719495091,0.5722300140252454,0.03271028037383177,0.2849099099099099,0.27906976744186046,0.2829715146191492,0.2859228616620027,0.24841533353456083,0.25052454888795633,0.2854838709677419,0.2858009708737864,0.2847516845520339,0.28592250698408844
B0_single_s1_coh_running_min,0.07722174288179465,0.8994299674267101,1.0,0.22431742290316245,0.23079960513326753,0.1991194716830098,0.1991194716830098,0.0,0.21185577510694642,0.21185577510694642,0.0,0.21758329987956643,0.21758329987956643,0.0,0.2289680895151264,0.0,0.0,0.24707112970711298,0.2632267713591325,0.0,0.2892205638474295,0.0,0.0,0.24025331486245793,0.25153946631834295,0.0,0.28756004638065263,0.0,0.018533440773569703,0.025576519916142557,0.017170891251022075,0.03197674418604651,0.025630252100840335,0.03197674418604651,0.00935374149659864,0.010615711252653927,0.02267106347897774,0.22077416844971795,0.23251643753735804,0.230079875316579,0.0,0.18920958309752878,0.0,0.1883153715258083,0.0,0.229,0.5962496337532962,0.014372822299651568,0.016986062717770034,0.2700455355375173,0.0,0.2739043824701195,0.0,0.2775131611932815,0.0,0.289892051030422,0.0,0.27771993753253515,0.0,0.2777500623596907,0.0,0.2769595606590115,0.2745635910224439,0.27540007443245257,0.0,0.2770605759682224,0.2772461787001367,0.0,0.26105430885672554,0.2652591690350521,0.0,0.27615062761506276,0.2775974025974026,0.0,0.2761689858342735,0.2761689858342735,0.27582376897445393,0.27582376897445393,0.2773393461104848,0.27550894509561996,0.2711673346693387,0.27462097867619867,0.2739273927392739,0.27814167879670065,0.2764028424405783,0.27807421780257097,0.2761331531752856,0.2781079442086113,0.2764028424405783,0.27826193690929174,0.2755876591576885,0.27721810899380994,0.27688008747418297,0.2777846002701707,0.27734570998494734,0.27554064131245337,0.27826193690929174,0.2755876591576885,0.27688008747418297,0.2777846002701707,0.2784733195575544,0.2779126213592233,0.2783980582524272,0.27838560661317774,0.27835051546391754,0.16842105263157894,0.16842105263157894,0.2778316759641038,0.2789115646258503,0.2765090729539563,0.2626187831667284,0.2757549397290916,0.259733859043864,0.276125848241826,0.27624922887106723,0.2761833768169959,0.2765090729539563,0.3264294049008168,0.2761833768169959,0.27804049957560323,0.274450721908349,0.23913718187461205,0.2770605759682224,0.26105430885672554,0.27482767424049015,0.2774588117823265,0.23913718187461205,0.24135611462397416,0.23740427247077792,0.22968771123428416,0.24496360250550195,0.2936522539098436,0.25675057208237984,0.2784841685365246,0.27581957111165883,0.2586249383932972,0.2617723396366333,0.25675057208237984,0.24185667752442996,0.24053872053872055,0.22968771123428416,0.27590881084411584,0.27858835266242676,0.2764321414840446,0.19243027888446215,0.15111301369863014,0.2621043412986363,0.14489611562782295,0.2594553706505295,0.19404186795491143,0.27721407991982966,0.26308191988451823,0.2761353629387344,0.2770093457943925,0.24053452115812918,0.24053452115812918,0.24053452115812918,0.012841328413284133,0.08560637851447755,0.22109384558913495,0.05556387599221207,0.461038961038961,0.4101351351351351,0.27694174757281553,0.27468230694037143,0.2775351770984959,0.15808617795187466,0.27756884629382506,0.15808617795187466,0.2774475312386267,0.4042904290429043,0.27694174757281553,0.2608536137947903,0.27720490112823,0.2764227642276423,0.2768745450133463,0.277225321367936,0.27468230694037143,0.8,0.2748648308814284,0.2770605759682224,0.32919621749408984,0.2772117296222664,0.2757855822550832,0.27650055921461414,0.25841035120147876,0.2767957878901843,0.2617723396366333,0.27537688442211056,0.05757947878291718,0.0561985776042393,0.5861201006832075,0.5927259632697155,0.03359173126614987,0.035632183908045977,0.05654885654885655,0.05757947878291718,0.6220302375809935,0.5861201006832075,0.03359173126614987,0.27721407991982966,0.2701814197004749,0.274450721908349,0.27704100255505537,0.24378033980582525,0.24536516853932586,0.2770605759682224,0.27694174757281553,0.2767578368927189,0.27705575124498966
B0_single_s1_vh_mean,0.022233201581027668,0.2273258077072791,0.22431742290316245,1.0,0.35846127307227876,0.5855837141670128,0.5855837141670128,0.0,0.4548591144335825,0.4548591144335825,0.0,0.32240905971173645,0.32240905971173645,0.0,0.31985358201150427,0.0,0.0,0.31818970001734004,0.36154345006485084,0.0,0.4045949574817246,0.0,0.0,0.340793489318413,0.3622715404699739,0.0,0.40465532676812893,0.0,0.025584255842558426,0.01793275217932752,0.023803620133895365,0.02078179119247897,0.014917951268025857,0.02078179119247897,0.0075282308657465494,0.008527715073990468,0.02308265078183172,0.3865148861646235,0.3406988694758479,0.30004902761889196,0.0,0.33037508372404556,0.0,0.3159555039017101,0.0,0.6080132176786451,0.42092603728202044,0.005572441742654508,0.005055611729019211,0.345582094538166,0.0,0.4037070524412297,0.0,0.47176616915422886,0.0,0.35684784404427555,0.0,0.4649705957555612,0.0,0.4734101896615842,0.0,0.4745994286424047,0.47476379910492295,0.4754950495049505,0.0,0.47417202174987644,0.47421150278293134,0.0,0.45177267987486963,0.4470046082949309,0.0,0.47700442695523854,0.4727701277757102,0.0,0.47210460772104607,0.47210460772104607,0.47560975609756095,0.47560975609756095,0.4718388660947408,0.47597338590438637,0.470991890205864,0.4759793052475979,0.4691746351283342,0.4773747422055077,0.4738450256660963,0.4770797962648557,0.47155963302752296,0.4771376591873863,0.4738450256660963,0.47389656437217265,0.4746881878209831,0.4772892883167355,0.4764277035236938,0.4742381593440215,0.4750499001996008,0.47272052455771374,0.47389656437217265,0.4746881878209831,0.4764277035236938,0.4742381593440215,0.4763234579893152,0.47724238378443984,0.47701079703991267,0.47608062166100046,0.4775594371664241,0.4095182988572255,0.4095182988572255,0.4771955361475012,0.4755668728022311,0.475615763546798,0.473501303214596,0.47400346620450606,0.4588712652157875,0.47604384776450304,0.4756217680374292,0.47401633259094283,0.475615763546798,0.43765903307888043,0.47401633259094283,0.4772010671840893,0.4734474572035487,0.4068985676702718,0.47417202174987644,0.45177267987486963,0.46577587293583766,0.47399776591783543,0.4068985676702718,0.45158274342193133,0.4435280031927631,0.4333199839807769,0.3859784283513097,0.36180904522613067,0.4044640318453227,0.47477376967893886,0.4753352195842047,0.45866141732283466,0.4722325754752143,0.4044640318453227,0.44632086851628466,0.4537173476222371,0.4333199839807769,0.47521830033206247,0.47458467641953883,0.46755218216318783,0.3035378567766194,0.4034986265722134,0.4694312202455525,0.3338906537368333,0.43685121107266434,0.3020976616231087,0.472446821743998,0.36984781230183894,0.4723888055972014,0.4741475511469312,0.35048678720445064,0.35048678720445064,0.35048678720445064,0.34137876636693487,0.2686150409530901,0.46470884799596673,0.34943314179220375,0.2966937857019214,0.3076286612609631,0.4778857837181045,0.4770002446782481,0.4773058252427185,0.3868847874720358,0.4771844660194175,0.3868847874720358,0.47724238378443984,0.103214520008747,0.4778857837181045,0.4595749877870054,0.4775376396308888,0.47788040836169177,0.47776967930029157,0.4773058252427185,0.4770002446782481,0.25918329293305986,0.4708452990385816,0.47417202174987644,0.4356863274396005,0.4743351886209029,0.47582133628645257,0.4738339725349499,0.4586512429239478,0.4723605577689243,0.4722325754752143,0.4711826347305389,0.3854550818704824,0.379284538242778,0.1873651167353345,0.2062860553013726,0.04988179669030733,0.04448184659773984,0.3789818398332837,0.3854550818704824,0.21338333991314648,0.1873651167353345,0.04988179669030733,0.472446821743998,0.4788094071533562,0.4734474572035487,0.47831912302070645,0.41237261375053824,0.45017940932928513,0.47417202174987644,0.4778857837181045,0.474155069582505,0.4779912451361868
B0_single_s1_vv_mean,0.02197530864197531,0.2349716075974153,0.23079960513326753,0.35846127307227876,1.0,0.3258075720736367,0.3258075720736367,0.0,0.4939972446368825,0.4939972446368825,0.0,0.6061679516565951,0.6061679516565951,0.0,0.30704176734552985,0.0,0.0,0.3036694101508916,0.34577792020509535,0.0,0.3900206672571597,0.0,0.0,0.32991424247519757,0.3516270033997086,0.0,0.39028352037802716,0.0,0.022810890360559236,0.01565217391304348,0.02126607319485658,0.020776651001731386,0.016177202588352414,0.020776651001731386,0.008538422903063787,0.009791614361034396,0.0195351137487636,0.3449974520129098,0.40010731532820604,0.3146067415730337,0.0,0.3298744769874477,0.0,0.3333894028595458,0.0,0.6206035379812695,0.43609479440956045,0.0063355296502787635,0.006071338224133569,0.3459739391914467,0.0,0.40322337701461064,0.0,0.4750093481241431,0.0,0.3601589667163438,0.0,0.4643496038844876,0.0,0.47572936064556176,0.0,0.47545669193488255,0.4772755572157888,0.478546626984127,0.0,0.4766679044436193,0.4765266939179983,0.0,0.45190302398331594,0.44904416611733683,0.0,0.4796747967479675,0.47600696171059176,0.0,0.4753525521028329,0.4753525521028329,0.47773529048970026,0.47773529048970026,0.4737955931781402,0.47828232971372164,0.4740592574071759,0.47792303897385296,0.4707808564231738,0.4773168364871422,0.4732470070852675,0.4772010671840893,0.4725826193390453,0.47725894481503944,0.4732470070852675,0.474018828707666,0.47372922776148585,0.47705196697425933,0.4772672015560418,0.4741801272638277,0.4749906448796308,0.4764975815453305,0.474018828707666,0.47372922776148585,0.4772672015560418,0.4741801272638277,0.4762656306907855,0.4773637577375895,0.4769529354682193,0.47620203982515785,0.4773223381033228,0.3975333428940198,0.3975333428940198,0.4771376591873863,0.4756881290166121,0.478470080197409,0.47344254157359145,0.47686965149448096,0.46097020438315683,0.4781697089294524,0.4779284833538841,0.4772473651580905,0.478470080197409,0.43991416309012876,0.4772473651580905,0.47714320358918394,0.47689417658108957,0.3984601975595584,0.4766679044436193,0.45190302398331594,0.4694212787465252,0.4761372110365399,0.3984601975595584,0.4561897106109325,0.4546916890080429,0.4355614973262032,0.38293620292083014,0.36776533669768174,0.40640569395017795,0.47562941833064615,0.4770935960591133,0.4609413504189256,0.4723568145111194,0.40640569395017795,0.45112276455560035,0.45463074654872,0.4355614973262032,0.4773399014778325,0.47782333209094296,0.46786437246963564,0.3041545563344161,0.4,0.4710308502633559,0.3313866177206741,0.420407581587573,0.3022696011004127,0.4753240279162512,0.37349014621741894,0.47417135709818636,0.47665176353700944,0.3668191414496833,0.3668191414496833,0.3668191414496833,0.3337515683814304,0.258493353028065,0.463727959697733,0.3464518128292532,0.3038635572572224,0.32201405152224827,0.47782772445632365,0.47784577723378213,0.4772479068074263,0.3854748603351955,0.47748513169073914,0.3854748603351955,0.4773637577375895,0.11835106382978723,0.47782772445632365,0.45720555961960496,0.4773003156105851,0.4771043362079436,0.47717338513841673,0.4772479068074263,0.47784577723378213,0.2655049653363313,0.472625,0.4766679044436193,0.4375675675675676,0.4773825752881398,0.47739869442049515,0.47541795665634673,0.4603917703585068,0.47432061829967587,0.4723568145111194,0.47369736348869174,0.3782831988261189,0.37244973938942666,0.1969547162349219,0.21836078746484533,0.048383290063724334,0.04321728691476591,0.3725925925925926,0.3782831988261189,0.2259222333000997,0.1969547162349219,0.048383290063724334,0.4753240279162512,0.47820763956904994,0.47689417658108957,0.4780808572820263,0.40645991139059595,0.45091812784757695,0.4766679044436193,0.47782772445632365,0.47684839432412246,0.4782925939438161
B1_PWTT_VH_exact,0.019089958158995817,0.20408973595394084,0.1991194716830098,0.5855837141670128,0.3258075720736367,1.0,1.0,0.0,0.5723149336756526,0.5723149336756526,0.0,0.33871256948180023,0.33871256948180023,0.0,0.29271733380356196,0.0,0.0,0.2927643133122585,0.3269887750122011,0.0,0.36153161175422976,0.0,0.0,0.3081385429107661,0.32727570399476097,0.0,0.36198960653303636,0.0,0.02079002079002079,0.01263823064770932,0.018867924528301886,0.014890282131661442,0.011321748288572932,0.014890282131661442,0.0064,0.007462686567164179,0.01730013106159895,0.36535040910707933,0.3206824512534819,0.30480378890392423,0.0,0.3230293663060278,0.0,0.30897632430591043,0.0,0.4730573994533385,0.3538948200869909,0.0024193548387096775,0.004302231782737295,0.33202658939832963,0.0,0.38070602556299454,0.0,0.4482758620689655,0.0,0.34186163945463727,0.0,0.4404211607601438,0.0,0.4489237277591141,0.0,0.450430228208006,0.45039311119430925,0.450155183116077,0.0,0.4492250464972102,0.4499627514278619,0.0,0.4360832894043226,0.4278692879914984,0.0,0.4521900061690315,0.44880418535127053,0.0,0.4485864398298724,0.4485864398298724,0.45092707045735475,0.45092707045735475,0.44835768702385415,0.45110644084559276,0.44742448928437145,0.452375061850569,0.4466793168880455,0.447962154294032,0.4443901246638964,0.44785350472956587,0.44366887092823903,0.448083454633673,0.4443901246638964,0.4449608610567515,0.4445123441701295,0.44837220602526723,0.4474963539134662,0.44509731913330886,0.44968710888610763,0.4486399205067693,0.4449608610567515,0.4445123441701295,0.4474963539134662,0.44509731913330886,0.44758897121340946,0.44781553398058255,0.44847675688797184,0.44769772810108127,0.4481503941782899,0.37804524361948955,0.37804524361948955,0.4477865372953305,0.4465195246179966,0.4512978986402967,0.4500685700037402,0.4497328196843544,0.45828628779325054,0.4515451174289246,0.45095132196688903,0.449397739972681,0.4512978986402967,0.4121921679450949,0.449397739972681,0.4479747756487994,0.4491280893237988,0.39367389367389366,0.4492250464972102,0.4360832894043226,0.44340220560273796,0.44966359332170447,0.39367389367389366,0.42472181257541225,0.42492613483749664,0.42434523001764146,0.37059652418976047,0.3509053036372376,0.39600231749710313,0.44957094888695437,0.4506851006048636,0.45807180517198093,0.4498563756712876,0.39600231749710313,0.43089651430896514,0.4264013980373706,0.42434523001764146,0.45057386153276563,0.4499191240512629,0.4421734162752317,0.30310515172900493,0.3922058823529412,0.4466691852411535,0.3395083102493075,0.4201226635514019,0.301153504880213,0.44841368973270046,0.3572467280659234,0.44824990590891983,0.44911669569544665,0.34506790564689066,0.34506790564689066,0.34506790564689066,0.34079844206426485,0.2618042226487524,0.4374131615510926,0.34973637961335674,0.2822780332507959,0.2919055649241147,0.44877870944221654,0.44875719358393534,0.4478825385268778,0.38138738224379104,0.4482884195193008,0.38138738224379104,0.4481670308327264,0.11565257779842081,0.44877870944221654,0.4555624611559975,0.4479242534595776,0.4480622038634431,0.44779018941233606,0.4477068672652269,0.44875719358393534,0.23380068207654414,0.44725950081525145,0.4492250464972102,0.4096271186440678,0.4497269116186693,0.4508085421552895,0.4495777446597119,0.4580612757408338,0.44667832167832167,0.4498563756712876,0.4467125860989355,0.380033177499623,0.37385180649112065,0.21239307323179638,0.20037105751391465,0.033210332103321034,0.03428283337534661,0.3746191346739793,0.380033177499623,0.2062908496732026,0.21239307323179638,0.033210332103321034,0.44841368973270046,0.44893460690668624,0.4491280893237988,0.4491411865026191,0.3990671913715202,0.41535704438930243,0.4492250464972102,0.44877870944221654,0.45015595757953836,0.4486867704280156
B1_PWTT_VH_faithful,0.019089958158995817,0.20408973595394084,0.1991194716830098,0.5855837141670128,0.3258075720736367,1.0,1.0,0.0,0.5723149336756526,0.5723149336756526,0.0,0.33871256948180023,0.33871256948180023,0.0,0.29271733380356196,0.0,0.0,0.2927643133122585,0.3269887750122011,0.0,0.36153161175422976,0.0,0.0,0.3081385429107661,0.32727570399476097,0.0,0.36198960653303636,0.0,0.02079002079002079,0.01263823064770932,0.018867924528301886,0.014890282131661442,0.011321748288572932,0.014890282131661442,0.0064,0.007462686567164179,0.01730013106159895,0.36535040910707933,0.3206824512534819,0.30480378890392423,0.0,0.3230293663060278,0.0,0.30897632430591043,0.0,0.4730573994533385,0.3538948200869909,0.0024193548387096775,0.004302231782737295,0.33202658939832963,0.0,0.38070602556299454,0.0,0.4482758620689655,0.0,0.34186163945463727,0.0,0.4404211607601438,0.0,0.4489237277591141,0.0,0.450430228208006,0.45039311119430925,0.450155183116077,0.0,0.4492250464972102,0.4499627514278619,0.0,0.4360832894043226,0.4278692879914984,0.0,0.4521900061690315,0.44880418535127053,0.0,0.4485864398298724,0.4485864398298724,0.45092707045735475,0.45092707045735475,0.44835768702385415,0.45110644084559276,0.44742448928437145,0.452375061850569,0.4466793168880455,0.447962154294032,0.4443901246638964,0.44785350472956587,0.44366887092823903,0.448083454633673,0.4443901246638964,0.4449608610567515,0.4445123441701295,0.44837220602526723,0.4474963539134662,0.44509731913330886,0.44968710888610763,0.4486399205067693,0.4449608610567515,0.4445123441701295,0.4474963539134662,0.44509731913330886,0.44758897121340946,0.44781553398058255,0.44847675688797184,0.44769772810108127,0.4481503941782899,0.37804524361948955,0.37804524361948955,0.4477865372953305,0.4465195246179966,0.4512978986402967,0.4500685700037402,0.4497328196843544,0.45828628779325054,0.4515451174289246,0.45095132196688903,0.449397739972681,0.4512978986402967,0.4121921679450949,0.449397739972681,0.4479747756487994,0.4491280893237988,0.39367389367389366,0.4492250464972102,0.4360832894043226,0.44340220560273796,0.44966359332170447,0.39367389367389366,0.42472181257541225,0.42492613483749664,0.42434523001764146,0.37059652418976047,0.3509053036372376,0.39600231749710313,0.44957094888695437,0.4506851006048636,0.45807180517198093,0.4498563756712876,0.39600231749710313,0.43089651430896514,0.4264013980373706,0.42434523001764146,0.45057386153276563,0.4499191240512629,0.4421734162752317,0.30310515172900493,0.3922058823529412,0.4466691852411535,0.3395083102493075,0.4201226635514019,0.301153504880213,0.44841368973270046,0.3572467280659234,0.44824990590891983,0.44911669569544665,0.34506790564689066,0.34506790564689066,0.34506790564689066,0.34079844206426485,0.2618042226487524,0.4374131615510926,0.34973637961335674,0.2822780332507959,0.2919055649241147,0.44877870944221654,0.44875719358393534,0.4478825385268778,0.38138738224379104,0.4482884195193008,0.38138738224379104,0.4481670308327264,0.11565257779842081,0.44877870944221654,0.4555624611559975,0.4479242534595776,0.4480622038634431,0.44779018941233606,0.4477068672652269,0.44875719358393534,0.23380068207654414,0.44725950081525145,0.4492250464972102,0.4096271186440678,0.4497269116186693,0.4508085421552895,0.4495777446597119,0.4580612757408338,0.44667832167832167,0.4498563756712876,0.4467125860989355,0.380033177499623,0.37385180649112065,0.21239307323179638,0.20037105751391465,0.033210332103321034,0.03428283337534661,0.3746191346739793,0.380033177499623,0.2062908496732026,0.21239307323179638,0.033210332103321034,0.44841368973270046,0.44893460690668624,0.4491280893237988,0.4491411865026191,0.3990671913715202,0.41535704438930243,0.4492250464972102,0.44877870944221654,0.45015595757953836,0.4486867704280156
B1_PWTT_VH_faithful_bldg,0.0,0.0,0.0,0.0,0.0,0.0,0.0,1.0,0.0,0.0,0.5607948804311216,0.0,0.0,0.32371076233183854,0.0,0.31585845347313235,0.32006286013619695,0.0,0.0,0.35233532934131734,0.0,0.3800817380081738,0.3303030303030303,0.0,0.0,0.3473456641844823,0.0,0.3813522825150732,0.0,0.0,0.0,0.0,0.0,0.0,0.0,0.0,0.0,0.0,0.0,0.0,0.3092327698309493,0.0,0.31860951385258757,0.0,0.3072116636292632,0.0,0.0,0.0,0.0,0.0,0.22894736842105262,0.0,0.2433742727860375,0.0,0.25326695706285,0.0,0.23738872403560832,0.0,0.24049398765030874,0.0,0.24627831715210355,0.0,0.0,0.0,0.2572041692213366,0.0,0.0,0.2469781117281934,0.0,0.0,0.2627143272304563,0.0,0.0,0.24824729126832376,0.0,0.0,0.0,0.0,0.0,0.0,0.0,0.0,0.0,0.0,0.0,0.0,0.0,0.0,0.0,0.0,0.0,0.0,0.0,0.0,0.0,0.0,0.0,0.0,0.0,0.0,0.0,0.0,0.0,0.0,0.0,0.0,0.0,0.0,0.0,0.0,0.0,0.0,0.0,0.0,0.0,0.0,0.0,0.0,0.0,0.0,0.0,0.0,0.0,0.0,0.0,0.0,0.0,0.0,0.0,0.0,0.0,0.0,0.0,0.0,0.0,0.0,0.0,0.0,0.0,0.0,0.0,0.0,0.0,0.0,0.0,0.0,0.0,0.0,0.0,0.0,0.0,0.0,0.0,0.0,0.0,0.0,0.0,0.0,0.0,0.0,0.0,0.0,0.0,0.0,0.0,0.0,0.0,0.0,0.0,0.0,0.0,0.0,0.0,0.0,0.0,0.0,0.0,0.0,0.0,0.0,0.0,0.0,0.0,0.0,0.0,0.0,0.0,0.0,0.0,0.0,0.0,0.0,0.0,0.0,0.0,0.0,0.0,0.0,0.0,0.0,0.0,0.0,0.0,0.0,0.0,0.0,0.0,0.0,0.0,0.0
B1_PWTT_VV+VH,0.019846520243450648,0.21558336697618086,0.21185577510694642,0.4548591144335825,0.4939972446368825,0.5723149336756526,0.5723149336756526,0.0,1.0,1.0,0.0,0.616506968641115,0.616506968641115,0.0,0.29772079772079774,0.0,0.0,0.28747361013370865,0.324734693877551,0.0,0.3565592036844451,0.0,0.0,0.3106412239986247,0.33003463631865415,0.0,0.3560077231546116,0.0,0.02048857368006304,0.013052743740010656,0.01746493781423657,0.017209425469949694,0.0128,0.017209425469949694,0.005931517929361013,0.006734913793103448,0.01695813460519343,0.3543293115684883,0.3664855072463768,0.30304059792763716,0.0,0.31451612903225806,0.0,0.3117061448678338,0.0,0.5603161397670549,0.4004939287919325,0.00326619488296135,0.005720512122037592,0.325827362674855,0.0,0.37646700198140526,0.0,0.4443471735867934,0.0,0.3400371810038871,0.0,0.4337952270977675,0.0,0.44393279402613567,0.0,0.4443475009348124,0.44520718921617575,0.4453551912568306,0.0,0.4456859093730602,0.4453416149068323,0.0,0.42384887839433294,0.4234809200904135,0.0,0.44706317867719647,0.44524819156896983,0.0,0.4439299123904881,0.4439299123904881,0.44543319737980475,0.44543319737980475,0.4426270445748533,0.44561186650185414,0.4425777331995988,0.447414006434051,0.44123972169512965,0.4429212665291763,0.44001467530879296,0.44263885520252244,0.43893176528237166,0.4428675400291121,0.44001467530879296,0.4411116552399608,0.43908102163020896,0.4427981539956279,0.44297178988326846,0.4394810916656468,0.44304114042766035,0.44581311434614906,0.4411116552399608,0.43908102163020896,0.44297178988326846,0.4394810916656468,0.4421909157153267,0.4425970873786408,0.4432576769025367,0.4428241584639689,0.442760126121756,0.36903039073806077,0.36903039073806077,0.4423963133640553,0.4411301079180308,0.4466979965372248,0.44380762521804135,0.4465463596764157,0.4527094831911691,0.44712430426716143,0.4458173730384283,0.4462131575674667,0.4466979965372248,0.4111531190926276,0.4462131575674667,0.442760126121756,0.4473651113067539,0.3817482620914066,0.4456859093730602,0.42384887839433294,0.4381338742393509,0.44556677890011226,0.3817482620914066,0.4181964357496985,0.42412398921832883,0.41793271839392293,0.36279724655819773,0.34208,0.3869615495808037,0.44530180460485375,0.4451987163663293,0.4526738639216671,0.44376482336786915,0.3869615495808037,0.42044071921049075,0.4189044038668099,0.41793271839392293,0.4452671849932124,0.4442094787908944,0.43489286167110436,0.29849690539345713,0.38629008531921155,0.43871778755499685,0.33506854069061254,0.40911075534856645,0.2942116477272727,0.44430553819227403,0.35314119170984454,0.4421316614420063,0.44430616054760425,0.35310070511661545,0.35310070511661545,0.35310070511661545,0.3280012926159315,0.26398296884072,0.4307168096920747,0.341794380587484,0.2865048197072474,0.29623957801599454,0.44372873116188627,0.44402253797158253,0.4426647251547142,0.37016496018202505,0.44289355504308775,0.37016496018202505,0.4429473173100267,0.12420306965761511,0.44372873116188627,0.4496769383697813,0.4425294331836388,0.4426627793974733,0.4422189851905802,0.4426647251547142,0.44402253797158253,0.2435601691657055,0.44295217773314927,0.4456859093730602,0.4099142040038132,0.4461844394730301,0.4451437739108972,0.44549409571162213,0.45229726336931964,0.4436522826766729,0.44376482336786915,0.44512807634354595,0.3683894230769231,0.36476161369193155,0.21996615905245348,0.20768909318846637,0.03356539035305818,0.034394904458598725,0.3645342653092235,0.3683894230769231,0.21462606173606796,0.21996615905245348,0.03356539035305818,0.44430553819227403,0.44331537708129287,0.4473651113067539,0.4442549043499452,0.3851282794607914,0.413716814159292,0.4456859093730602,0.44372873116188627,0.44677661169415295,0.4438092921430309
B1_PWTT_VV+VH_faithful,0.019846520243450648,0.21558336697618086,0.21185577510694642,0.4548591144335825,0.4939972446368825,0.5723149336756526,0.5723149336756526,0.0,1.0,1.0,0.0,0.616506968641115,0.616506968641115,0.0,0.29772079772079774,0.0,0.0,0.28747361013370865,0.324734693877551,0.0,0.3565592036844451,0.0,0.0,0.3106412239986247,0.33003463631865415,0.0,0.3560077231546116,0.0,0.02048857368006304,0.013052743740010656,0.01746493781423657,0.017209425469949694,0.0128,0.017209425469949694,0.005931517929361013,0.006734913793103448,0.01695813460519343,0.3543293115684883,0.3664855072463768,0.30304059792763716,0.0,0.31451612903225806,0.0,0.3117061448678338,0.0,0.5603161397670549,0.4004939287919325,0.00326619488296135,0.005720512122037592,0.325827362674855,0.0,0.37646700198140526,0.0,0.4443471735867934,0.0,0.3400371810038871,0.0,0.4337952270977675,0.0,0.44393279402613567,0.0,0.4443475009348124,0.44520718921617575,0.4453551912568306,0.0,0.4456859093730602,0.4453416149068323,0.0,0.42384887839433294,0.4234809200904135,0.0,0.44706317867719647,0.44524819156896983,0.0,0.4439299123904881,0.4439299123904881,0.44543319737980475,0.44543319737980475,0.4426270445748533,0.44561186650185414,0.4425777331995988,0.447414006434051,0.44123972169512965,0.4429212665291763,0.44001467530879296,0.44263885520252244,0.43893176528237166,0.4428675400291121,0.44001467530879296,0.4411116552399608,0.43908102163020896,0.4427981539956279,0.44297178988326846,0.4394810916656468,0.44304114042766035,0.44581311434614906,0.4411116552399608,0.43908102163020896,0.44297178988326846,0.4394810916656468,0.4421909157153267,0.4425970873786408,0.4432576769025367,0.4428241584639689,0.442760126121756,0.36903039073806077,0.36903039073806077,0.4423963133640553,0.4411301079180308,0.4466979965372248,0.44380762521804135,0.4465463596764157,0.4527094831911691,0.44712430426716143,0.4458173730384283,0.4462131575674667,0.4466979965372248,0.4111531190926276,0.4462131575674667,0.442760126121756,0.4473651113067539,0.3817482620914066,0.4456859093730602,0.42384887839433294,0.4381338742393509,0.44556677890011226,0.3817482620914066,0.4181964357496985,0.42412398921832883,0.41793271839392293,0.36279724655819773,0.34208,0.3869615495808037,0.44530180460485375,0.4451987163663293,0.4526738639216671,0.44376482336786915,0.3869615495808037,0.42044071921049075,0.4189044038668099,0.41793271839392293,0.4452671849932124,0.4442094787908944,0.43489286167110436,0.29849690539345713,0.38629008531921155,0.43871778755499685,0.33506854069061254,0.40911075534856645,0.2942116477272727,0.44430553819227403,0.35314119170984454,0.4421316614420063,0.44430616054760425,0.35310070511661545,0.35310070511661545,0.35310070511661545,0.3280012926159315,0.26398296884072,0.4307168096920747,0.341794380587484,0.2865048197072474,0.29623957801599454,0.44372873116188627,0.44402253797158253,0.4426647251547142,0.37016496018202505,0.44289355504308775,0.37016496018202505,0.4429473173100267,0.12420306965761511,0.44372873116188627,0.4496769383697813,0.4425294331836388,0.4426627793974733,0.4422189851905802,0.4426647251547142,0.44402253797158253,0.2435601691657055,0.44295217773314927,0.4456859093730602,0.4099142040038132,0.4461844394730301,0.4451437739108972,0.44549409571162213,0.45229726336931964,0.4436522826766729,0.44376482336786915,0.44512807634354595,0.3683894230769231,0.36476161369193155,0.21996615905245348,0.20768909318846637,0.03356539035305818,0.034394904458598725,0.3645342653092235,0.3683894230769231,0.21462606173606796,0.21996615905245348,0.03356539035305818,0.44430553819227403,0.44331537708129287,0.4473651113067539,0.4442549043499452,0.3851282794607914,0.413716814159292,0.4456859093730602,0.44372873116188627,0.44677661169415295,0.4438092921430309
B1_PWTT_VV+VH_faithful_bldg,0.0,0.0,0.0,0.0,0.0,0.0,0.0,0.5607948804311216,0.0,0.0,1.0,0.0,0.0,0.6014393420150789,0.0,0.3172541743970315,0.3117770767613039,0.0,0.0,0.34583934583934584,0.0,0.37554019014693174,0.33146210768053075,0.0,0.0,0.35058309037900875,0.0,0.3756213529284634,0.0,0.0,0.0,0.0,0.0,0.0,0.0,0.0,0.0,0.0,0.0,0.0,0.30300653594771243,0.0,0.31343676045227453,0.0,0.31299524564183834,0.0,0.0,0.0,0.0,0.0,0.21050903119868636,0.0,0.22880258899676376,0.0,0.2365557973267019,0.0,0.22534745201853076,0.0,0.2274356467904855,0.0,0.23009708737864076,0.0,0.0,0.0,0.24111519607843138,0.0,0.0,0.22424439389015274,0.0,0.0,0.24709639953542392,0.0,0.0,0.23152866242038217,0.0,0.0,0.0,0.0,0.0,0.0,0.0,0.0,0.0,0.0,0.0,0.0,0.0,0.0,0.0,0.0,0.0,0.0,0.0,0.0,0.0,0.0,0.0,0.0,0.0,0.0,0.0,0.0,0.0,0.0,0.0,0.0,0.0,0.0,0.0,0.0,0.0,0.0,0.0,0.0,0.0,0.0,0.0,0.0,0.0,0.0,0.0,0.0,0.0,0.0,0.0,0.0,0.0,0.0,0.0,0.0,0.0,0.0,0.0,0.0,0.0,0.0,0.0,0.0,0.0,0.0,0.0,0.0,0.0,0.0,0.0,0.0,0.0,0.0,0.0,0.0,0.0,0.0,0.0,0.0,0.0,0.0,0.0,0.0,0.0,0.0,0.0,0.0,0.0,0.0,0.0,0.0,0.0,0.0,0.0,0.0,0.0,0.0,0.0,0.0,0.0,0.0,0.0,0.0,0.0,0.0,0.0,0.0,0.0,0.0,0.0,0.0,0.0,0.0,0.0,0.0,0.0,0.0,0.0,0.0,0.0,0.0,0.0,0.0,0.0,0.0,0.0,0.0,0.0,0.0,0.0,0.0,0.0,0.0,0.0,0.0
B1_PWTT_VV_exact,0.02082262210796915,0.22169154228855723,0.21758329987956643,0.32240905971173645,0.6061679516565951,0.33871256948180023,0.33871256948180023,0.0,0.616506968641115,0.616506968641115,0.0,1.0,1.0,0.0,0.2945804195804196,0.0,0.0,0.2830025884383089,0.32224899598393575,0.0,0.3592004703115814,0.0,0.0,0.31136710147382685,0.3324104234527687,0.0,0.35945310202881503,0.0,0.023006134969325152,0.016333938294010888,0.0195573854863613,0.020887055183084063,0.01556420233463035,0.020887055183084063,0.006013071895424837,0.006792058516196447,0.019329896907216496,0.3270547945205479,0.38742981343959426,0.31843575418994413,0.0,0.32301411804728697,0.0,0.3279137429402704,0.0,0.47884316770186336,0.36933728981206726,0.003430079155672823,0.005013192612137203,0.32410204766700235,0.0,0.379788838612368,0.0,0.4569751467465967,0.0,0.3345496765632775,0.0,0.445653565484573,0.0,0.4575870646766169,0.0,0.45657043305126926,0.45944596955328176,0.45952321827663273,0.0,0.4591241781416698,0.4582454398808785,0.0,0.433742812336644,0.4331302966101695,0.0,0.46204172324404397,0.4583852479441814,0.0,0.45584009993753904,0.45584009993753904,0.4600741656365884,0.4600741656365884,0.45559990022449487,0.4606158031408433,0.4554219884798397,0.4618906211333828,0.45254921756688543,0.4569383794274624,0.4536120278694536,0.45682755275284986,0.4523751224289912,0.4568829593693147,0.4536120278694536,0.4549014808468976,0.45320136852394916,0.4566537153958232,0.4570212765957447,0.452200488997555,0.4556693306693307,0.4600074636148775,0.4549014808468976,0.45320136852394916,0.4570212765957447,0.452200488997555,0.4558698555299259,0.45679611650485435,0.45692793011405,0.45633426454512327,0.45694882367208345,0.37640126473124463,0.37640126473124463,0.4567616737416616,0.4553170850006063,0.46098676888833934,0.4562080119432695,0.4601990049751244,0.46793826076044676,0.461053412462908,0.460274311133078,0.46058194478985326,0.46098676888833934,0.4219590958019376,0.46058194478985326,0.4567721595731781,0.4591439688715953,0.38451405152224827,0.4591241781416698,0.433742812336644,0.4500253036437247,0.4585201793721973,0.38451405152224827,0.4313804173354735,0.439310251919709,0.430504804439031,0.3657178217821782,0.3495715645826722,0.39680713361139075,0.4582297364495276,0.4594594594594595,0.4679141027251036,0.456369982547993,0.39680713361139075,0.4316129901630508,0.43096290344181065,0.430504804439031,0.45970628162408983,0.4593081134892982,0.4488089204257476,0.2967147575178168,0.3932535046728972,0.45160075329566857,0.33293515358361775,0.4044718360326788,0.2940765332867377,0.4580209895052474,0.35540626999360203,0.4566198595787362,0.4586859133897461,0.3472172988302021,0.3472172988302021,0.3472172988302021,0.33184214730787664,0.2605233219567691,0.44311452689933223,0.3458622867972205,0.29034531360112753,0.31212892281594573,0.45759416767922234,0.4578180482429289,0.4570388349514563,0.38345864661654133,0.45691747572815533,0.38345864661654133,0.4571497936392328,0.13126159554730985,0.45759416767922234,0.46149076026292946,0.456907016266084,0.4570526060017009,0.45677513355998056,0.45668527056539676,0.4578180482429289,0.2530441400304414,0.45599297893681046,0.4591241781416698,0.4192761285075234,0.4596373571783408,0.4599432168868041,0.4580436941410129,0.46716886377903327,0.4570107473131717,0.456369982547993,0.45762286860581747,0.37460885113991954,0.3684210526315789,0.22120771944386802,0.21038587848932677,0.03990267639902676,0.04086718165960628,0.36879325910322,0.37460885113991954,0.21668362156663276,0.22120771944386802,0.03990267639902676,0.4580209895052474,0.45674782821485377,0.4591439688715953,0.4579780755176614,0.3870088901634643,0.4194921070693205,0.4591241781416698,0.45759416767922234,0.45938864628820963,0.4576848249027237
B1_PWTT_VV_faithful,0.02082262210796915,0.22169154228855723,0.21758329987956643,0.32240905971173645,0.6061679516565951,0.33871256948180023,0.33871256948180023,0.0,0.616506968641115,0.616506968641115,0.0,1.0,1.0,0.0,0.2945804195804196,0.0,0.0,0.2830025884383089,0.32224899598393575,0.0,0.3592004703115814,0.0,0.0,0.31136710147382685,0.3324104234527687,0.0,0.35945310202881503,0.0,0.023006134969325152,0.016333938294010888,0.0195573854863613,0.020887055183084063,0.01556420233463035,0.020887055183084063,0.006013071895424837,0.006792058516196447,0.019329896907216496,0.3270547945205479,0.38742981343959426,0.31843575418994413,0.0,0.32301411804728697,0.0,0.3279137429402704,0.0,0.47884316770186336,0.36933728981206726,0.003430079155672823,0.005013192612137203,0.32410204766700235,0.0,0.379788838612368,0.0,0.4569751467465967,0.0,0.3345496765632775,0.0,0.445653565484573,0.0,0.4575870646766169,0.0,0.45657043305126926,0.45944596955328176,0.45952321827663273,0.0,0.4591241781416698,0.4582454398808785,0.0,0.433742812336644,0.4331302966101695,0.0,0.46204172324404397,0.4583852479441814,0.0,0.45584009993753904,0.45584009993753904,0.4600741656365884,0.4600741656365884,0.45559990022449487,0.4606158031408433,0.4554219884798397,0.4618906211333828,0.45254921756688543,0.4569383794274624,0.4536120278694536,0.45682755275284986,0.4523751224289912,0.4568829593693147,0.4536120278694536,0.4549014808468976,0.45320136852394916,0.4566537153958232,0.4570212765957447,0.452200488997555,0.4556693306693307,0.4600074636148775,0.4549014808468976,0.45320136852394916,0.4570212765957447,0.452200488997555,0.4558698555299259,0.45679611650485435,0.45692793011405,0.45633426454512327,0.45694882367208345,0.37640126473124463,0.37640126473124463,0.4567616737416616,0.4553170850006063,0.46098676888833934,0.4562080119432695,0.4601990049751244,0.46793826076044676,0.461053412462908,0.460274311133078,0.46058194478985326,0.46098676888833934,0.4219590958019376,0.46058194478985326,0.4567721595731781,0.4591439688715953,0.38451405152224827,0.4591241781416698,0.433742812336644,0.4500253036437247,0.4585201793721973,0.38451405152224827,0.4313804173354735,0.439310251919709,0.430504804439031,0.3657178217821782,0.3495715645826722,0.39680713361139075,0.4582297364495276,0.4594594594594595,0.4679141027251036,0.456369982547993,0.39680713361139075,0.4316129901630508,0.43096290344181065,0.430504804439031,0.45970628162408983,0.4593081134892982,0.4488089204257476,0.2967147575178168,0.3932535046728972,0.45160075329566857,0.33293515358361775,0.4044718360326788,0.2940765332867377,0.4580209895052474,0.35540626999360203,0.4566198595787362,0.4586859133897461,0.3472172988302021,0.3472172988302021,0.3472172988302021,0.33184214730787664,0.2605233219567691,0.44311452689933223,0.3458622867972205,0.29034531360112753,0.31212892281594573,0.45759416767922234,0.4578180482429289,0.4570388349514563,0.38345864661654133,0.45691747572815533,0.38345864661654133,0.4571497936392328,0.13126159554730985,0.45759416767922234,0.46149076026292946,0.456907016266084,0.4570526060017009,0.45677513355998056,0.45668527056539676,0.4578180482429289,0.2530441400304414,0.45599297893681046,0.4591241781416698,0.4192761285075234,0.4596373571783408,0.4599432168868041,0.4580436941410129,0.46716886377903327,0.4570107473131717,0.456369982547993,0.45762286860581747,0.37460885113991954,0.3684210526315789,0.22120771944386802,0.21038587848932677,0.03990267639902676,0.04086718165960628,0.36879325910322,0.37460885113991954,0.21668362156663276,0.22120771944386802,0.03990267639902676,0.4580209895052474,0.45674782821485377,0.4591439688715953,0.4579780755176614,0.3870088901634643,0.4194921070693205,0.4591241781416698,0.45759416767922234,0.45938864628820963,0.4576848249027237
B1_PWTT_VV_faithful_bldg,0.0,0.0,0.0,0.0,0.0,0.0,0.0,0.32371076233183854,0.0,0.0,0.6014393420150789,0.0,0.0,1.0,0.0,0.31985390033915995,0.31580310880829016,0.0,0.0,0.3526052819414704,0.0,0.3866809881847476,0.33981317849028025,0.0,0.0,0.35834535834535836,0.0,0.3873602751504729,0.0,0.0,0.0,0.0,0.0,0.0,0.0,0.0,0.0,0.0,0.0,0.0,0.31903276131045244,0.0,0.3281086729362591,0.0,0.33509234828496043,0.0,0.0,0.0,0.0,0.0,0.21071199486850545,0.0,0.22509457755359394,0.0,0.23429438543247344,0.0,0.21694480102695765,0.0,0.22025316455696203,0.0,0.2244255587031791,0.0,0.0,0.0,0.25151148730350664,0.0,0.0,0.22257450856055802,0.0,0.0,0.2514987153868113,0.0,0.0,0.22704714640198512,0.0,0.0,0.0,0.0,0.0,0.0,0.0,0.0,0.0,0.0,0.0,0.0,0.0,0.0,0.0,0.0,0.0,0.0,0.0,0.0,0.0,0.0,0.0,0.0,0.0,0.0,0.0,0.0,0.0,0.0,0.0,0.0,0.0,0.0,0.0,0.0,0.0,0.0,0.0,0.0,0.0,0.0,0.0,0.0,0.0,0.0,0.0,0.0,0.0,0.0,0.0,0.0,0.0,0.0,0.0,0.0,0.0,0.0,0.0,0.0,0.0,0.0,0.0,0.0,0.0,0.0,0.0,0.0,0.0,0.0,0.0,0.0,0.0,0.0,0.0,0.0,0.0,0.0,0.0,0.0,0.0,0.0,0.0,0.0,0.0,0.0,0.0,0.0,0.0,0.0,0.0,0.0,0.0,0.0,0.0,0.0,0.0,0.0,0.0,0.0,0.0,0.0,0.0,0.0,0.0,0.0,0.0,0.0,0.0,0.0,0.0,0.0,0.0,0.0,0.0,0.0,0.0,0.0,0.0,0.0,0.0,0.0,0.0,0.0,0.0,0.0,0.0,0.0,0.0,0.0,0.0,0.0,0.0,0.0,0.0,0.0
B2_CCD_VV+VH_faithful,0.02021276595744681,0.23234811165845648,0.2289680895151264,0.31985358201150427,0.30704176734552985,0.29271733380356196,0.29271733380356196,0.0,0.29772079772079774,0.29772079772079774,0.0,0.2945804195804196,0.2945804195804196,0.0,1.0,0.0,0.0,0.6929499072356216,0.8148397220354181,0.0,0.6635633442862359,0.0,0.0,0.7231536021748981,0.8240761732033552,0.0,0.6636844988132189,0.0,0.006507027589796981,0.008795309168443496,0.005517603783499738,0.010303830911492734,0.008807045636509208,0.010303830911492734,0.0035135135135135136,0.004320820955981636,0.007649696649960433,0.306399039286327,0.30145278450363194,0.2868673280645704,0.0,0.3159435261707989,0.0,0.30637422892392047,0.0,0.31737370181306107,0.3130199264848133,0.004381161007667032,0.006575342465753425,0.2912572855953372,0.0,0.35147698305593045,0.0,0.4340256187041413,0.0,0.31543066178915863,0.0,0.4250862179077788,0.0,0.4361517480783536,0.0,0.43637492240844195,0.4366844786877097,0.43883110450718177,0.0,0.4372064276885043,0.43739173471912896,0.0,0.41925343811394894,0.40946854806804694,0.0,0.4416399901502093,0.4340604858701041,0.0,0.43538940809968846,0.43538940809968846,0.44338689740420273,0.44338689740420273,0.43679163034001744,0.4426735853718804,0.43420724094881397,0.443044230294045,0.43280010076835873,0.44038811400849,0.43781337898984957,0.4404559786563182,0.43690271992158786,0.4405093996361431,0.43781337898984957,0.4396129348358648,0.43863942248868226,0.4406120961865436,0.44060790273556233,0.4381582169973059,0.4418721061193843,0.440526446486218,0.4396129348358648,0.43863942248868226,0.44060790273556233,0.4381582169973059,0.44175583657587547,0.4412871888281724,0.44107294574584294,0.4413373860182371,0.4409267345948569,0.5124139035720007,0.5124139035720007,0.44038811400849,0.4415694849368319,0.4396647356095156,0.4500563980448678,0.44036241777336477,0.43711160825254786,0.4397337934434311,0.4398570372196204,0.4403920109167597,0.4396647356095156,0.5173065735892961,0.4403920109167597,0.4405772495755518,0.43625,0.3532656023222061,0.4372064276885043,0.41925343811394894,0.42986996591339477,0.43526785714285715,0.3532656023222061,0.42475728155339804,0.4282426211751963,0.38818677663961687,0.3251524390243902,0.3027237354085603,0.3659962915418628,0.43644697720515363,0.4429770427055048,0.4365286584607733,0.4500251130085384,0.3659962915418628,0.42824074074074076,0.42567567567567566,0.38818677663961687,0.44304578551153895,0.4380349832526982,0.43370130694074355,0.24744550408719346,0.42278021479352595,0.43844410876132933,0.32550509411155243,0.3849240470048725,0.24631470689064108,0.4361304780876494,0.3119886721208307,0.43807138384470884,0.443683030152006,0.29438280166435504,0.29438280166435504,0.29438280166435504,0.4392769392769393,0.2881724683544304,0.42073553407807207,0.3929579804019266,0.2352233676975945,0.24386252045826515,0.44119076549210207,0.4389975550122249,0.44048052420822714,0.3703334283271587,0.4405339805825243,0.3703334283271587,0.4407623209516873,0.07259158751696065,0.44119076549210207,0.4340760802659116,0.4406944275828578,0.44065119669541974,0.44055859137826353,0.44100509832483614,0.4389975550122249,0.2922676282051282,0.43636591165060695,0.4372064276885043,0.5147295910889638,0.4375154664686959,0.4432786075793112,0.4370049504950495,0.4366915422885572,0.4378041172800998,0.4500251130085384,0.43727329580988117,0.4274497487437186,0.4201720841300191,0.1571744817870799,0.15586760280842527,0.011980440097799512,0.012525050100200401,0.41983523447401777,0.4274497487437186,0.16318407960199005,0.1571744817870799,0.011980440097799512,0.4361304780876494,0.4411116552399608,0.43625,0.4413591523565948,0.37138749101365925,0.39578774617067836,0.4372064276885043,0.44119076549210207,0.4378808605894789,0.44039372949325556
B2_CCD_VV+VH_faithful_bldg,0.0,0.0,0.0,0.0,0.0,0.0,0.0,0.31585845347313235,0.0,0.0,0.3172541743970315,0.0,0.0,0.31985390033915995,0.0,1.0,0.6900345803206539,0.0,0.0,0.8105326876513317,0.0,0.6573392243495336,0.716385911179173,0.0,0.0,0.8197122742577289,0.0,0.6575006137981831,0.0,0.0,0.0,0.0,0.0,0.0,0.0,0.0,0.0,0.0,0.0,0.0,0.3207083128381702,0.0,0.36990835030549896,0.0,0.35448798988622,0.0,0.0,0.0,0.0,0.0,0.18751822688830563,0.0,0.2065186039803865,0.0,0.22929577464788733,0.0,0.19947198591962453,0.0,0.20272227048942948,0.0,0.2062806107749928,0.0,0.0,0.0,0.224,0.0,0.0,0.2276086313922554,0.0,0.0,0.25799516259070143,0.0,0.0,0.21030165054069436,0.0,0.0,0.0,0.0,0.0,0.0,0.0,0.0,0.0,0.0,0.0,0.0,0.0,0.0,0.0,0.0,0.0,0.0,0.0,0.0,0.0,0.0,0.0,0.0,0.0,0.0,0.0,0.0,0.0,0.0,0.0,0.0,0.0,0.0,0.0,0.0,0.0,0.0,0.0,0.0,0.0,0.0,0.0,0.0,0.0,0.0,0.0,0.0,0.0,0.0,0.0,0.0,0.0,0.0,0.0,0.0,0.0,0.0,0.0,0.0,0.0,0.0,0.0,0.0,0.0,0.0,0.0,0.0,0.0,0.0,0.0,0.0,0.0,0.0,0.0,0.0,0.0,0.0,0.0,0.0,0.0,0.0,0.0,0.0,0.0,0.0,0.0,0.0,0.0,0.0,0.0,0.0,0.0,0.0,0.0,0.0,0.0,0.0,0.0,0.0,0.0,0.0,0.0,0.0,0.0,0.0,0.0,0.0,0.0,0.0,0.0,0.0,0.0,0.0,0.0,0.0,0.0,0.0,0.0,0.0,0.0,0.0,0.0,0.0,0.0,0.0,0.0,0.0,0.0,0.0,0.0,0.0,0.0,0.0,0.0,0.0
B2_CCD_vh_Optuna,0.0,0.0,0.0,0.0,0.0,0.0,0.0,0.32006286013619695,0.0,0.0,0.3117770767613039,0.0,0.0,0.31580310880829016,0.0,0.6900345803206539,1.0,0.0,0.0,0.8105580693815988,0.0,0.6577723378212974,0.5557399723374827,0.0,0.0,0.586436170212766,0.0,0.6583394562821455,0.0,0.0,0.0,0.0,0.0,0.0,0.0,0.0,0.0,0.0,0.0,0.0,0.3298791018998273,0.0,0.3715083798882682,0.0,0.36541391569324533,0.0,0.0,0.0,0.0,0.0,0.1891891891891892,0.0,0.21263704558568955,0.0,0.23527754296985065,0.0,0.20075978959672705,0.0,0.21026682134570765,0.0,0.21274142404151053,0.0,0.0,0.0,0.22613480055020632,0.0,0.0,0.23024764150943397,0.0,0.0,0.26643318965517243,0.0,0.0,0.2159931701764371,0.0,0.0,0.0,0.0,0.0,0.0,0.0,0.0,0.0,0.0,0.0,0.0,0.0,0.0,0.0,0.0,0.0,0.0,0.0,0.0,0.0,0.0,0.0,0.0,0.0,0.0,0.0,0.0,0.0,0.0,0.0,0.0,0.0,0.0,0.0,0.0,0.0,0.0,0.0,0.0,0.0,0.0,0.0,0.0,0.0,0.0,0.0,0.0,0.0,0.0,0.0,0.0,0.0,0.0,0.0,0.0,0.0,0.0,0.0,0.0,0.0,0.0,0.0,0.0,0.0,0.0,0.0,0.0,0.0,0.0,0.0,0.0,0.0,0.0,0.0,0.0,0.0,0.0,0.0,0.0,0.0,0.0,0.0,0.0,0.0,0.0,0.0,0.0,0.0,0.0,0.0,0.0,0.0,0.0,0.0,0.0,0.0,0.0,0.0,0.0,0.0,0.0,0.0,0.0,0.0,0.0,0.0,0.0,0.0,0.0,0.0,0.0,0.0,0.0,0.0,0.0,0.0,0.0,0.0,0.0,0.0,0.0,0.0,0.0,0.0,0.0,0.0,0.0,0.0,0.0,0.0,0.0,0.0,0.0,0.0,0.0
B2_CCD_vh_Optuna_pixel,0.02983484283431007,0.25420910413635417,0.24707112970711298,0.31818970001734004,0.3036694101508916,0.2927643133122585,0.2927643133122585,0.0,0.28747361013370865,0.28747361013370865,0.0,0.2830025884383089,0.2830025884383089,0.0,0.6929499072356216,0.0,0.0,1.0,0.8162717925793473,0.0,0.6650883263522127,0.0,0.0,0.5599591419816139,0.5907031711640732,0.0,0.666119919810461,0.0,0.006196746707978312,0.0084588950568332,0.006261414036003131,0.01048767697954903,0.007403490216816499,0.01048767697954903,0.002947481243301179,0.003748326639892905,0.007853403141361256,0.3113207547169811,0.29410757108598834,0.2921291624621594,0.0,0.3233873749568817,0.0,0.31851851851851853,0.0,0.3099721059972106,0.32652266978011285,0.0043454644215100485,0.0048833423765599565,0.29495924139078356,0.0,0.35516259553424245,0.0,0.4395467563192629,0.0,0.31954137587238285,0.0,0.42691326530612245,0.0,0.4402281746031746,0.0,0.44081480561420944,0.4398757763975155,0.44183168316831684,0.0,0.4425194901621087,0.442174343734522,0.0,0.41872307089698396,0.416787838730998,0.0,0.4455116364979682,0.4395631670389675,0.0,0.44038413569468693,0.44038413569468693,0.44655875447917953,0.44655875447917953,0.44016934379280287,0.4467375185368265,0.4392102961389479,0.4438964241676942,0.4345911949685535,0.44402668283808366,0.44289386705839145,0.44409410623332524,0.4414613215643006,0.4441479684657368,0.44289386705839145,0.4427574384718991,0.4440769325003063,0.44408014571949,0.44372873116188627,0.44183198628459464,0.44562632962082344,0.4435343757756267,0.4427574384718991,0.4440769325003063,0.44372873116188627,0.44183198628459464,0.4452279635258359,0.44475473530840215,0.44471416434033256,0.4448091417456844,0.4445657447840854,0.5130990415335464,0.5130990415335464,0.44402668283808366,0.4452137998056365,0.44425259003453377,0.453269857178652,0.44372750961657775,0.4386944651278233,0.4441430332922318,0.4440882751818518,0.4442928039702233,0.44425259003453377,0.5229985443959243,0.4442928039702233,0.4442153771525588,0.44036009002250565,0.3554557310534705,0.4425194901621087,0.41872307089698396,0.43257222152138264,0.4398808785209083,0.3554557310534705,0.42764753435731606,0.42805075593952485,0.38425925925925924,0.32770167427701674,0.2999071494893222,0.37007986309184254,0.4424866608760392,0.44650129581636433,0.438112973308504,0.45196889892149483,0.37007986309184254,0.42766015200868623,0.4245321125622728,0.38425925925925924,0.44656959526159923,0.4430096846287559,0.4386031746031746,0.24155975692099932,0.41873402495865286,0.4404073422177521,0.3172649572649573,0.3862433862433862,0.23997961956521738,0.4393279402613566,0.31134440614227515,0.4430935071446478,0.4470602889885401,0.28775124549046555,0.28775124549046555,0.28775124549046555,0.4218345137329418,0.2915515199368338,0.4133250311332503,0.3850584169820635,0.2452992927376229,0.2516404199475066,0.4448359659781288,0.44284142315686514,0.4441208591190389,0.3707019039499858,0.4443500424808836,0.3707019039499858,0.44422866852773396,0.07669749605233477,0.4448359659781288,0.4363546919198131,0.44398592062143466,0.44412050534499514,0.443850916595848,0.44464675892206845,0.44284142315686514,0.29645929185837167,0.43885971492873216,0.4425194901621087,0.5186813186813187,0.44265543720584594,0.44680325845470253,0.4403612967087355,0.4382762046696473,0.4411874766121991,0.45196889892149483,0.4397650587353162,0.42011834319526625,0.41391304347826086,0.16579265832997175,0.16539235412474848,0.011893203883495145,0.012431626056688214,0.41450369671228565,0.42011834319526625,0.17429542274635218,0.16579265832997175,0.011893203883495145,0.4393279402613566,0.44337084148727984,0.44036009002250565,0.44448502556610664,0.37352856732701695,0.399890590809628,0.4425194901621087,0.4448359659781288,0.44197039432765267,0.4438639125151883
B2_CCD_vh_faithful,0.032100951959264996,0.27425373134328357,0.2632267713591325,0.36154345006485084,0.34577792020509535,0.3269887750122011,0.3269887750122011,0.0,0.324734693877551,0.324734693877551,0.0,0.32224899598393575,0.32224899598393575,0.0,0.8148397220354181,0.0,0.0,0.8162717925793473,1.0,0.0,0.8143483023001096,0.0,0.0,0.6401478311612526,0.6940996753866717,0.0,0.810200364298725,0.0,0.007081545064377683,0.009413309982486864,0.006489292667099286,0.011969532100108813,0.009644892590968873,0.011969532100108813,0.0042035398230088495,0.004864028299801017,0.008027771750922109,0.35229093239346365,0.33253550343066857,0.32878859112991693,0.0,0.3593900481540931,0.0,0.35070332480818417,0.0,0.354081798924556,0.3616526560543731,0.005144263028405279,0.006261180679785331,0.33707339878447873,0.0,0.41222907994832786,0.0,0.5306577480490524,0.0,0.3668648310387985,0.0,0.5120504731861198,0.0,0.5322879367823188,0.0,0.5332096474953618,0.5319069997526589,0.5352164795855433,0.0,0.5349439171699741,0.5344678752003946,0.0,0.5028350515463917,0.49649077203015335,0.0,0.5403047431801425,0.5307483329217091,0.0,0.5310678407540618,0.5310678407540618,0.5420572274296991,0.5420572274296991,0.532036187879539,0.5418670612899248,0.529499441063222,0.539010583312823,0.5247438140464884,0.5405700424499696,0.5367611138251099,0.5406257579432452,0.5349064677833476,0.5406913280776228,0.5367611138251099,0.5381511371973587,0.5383863080684597,0.5407407407407407,0.5397230320699709,0.5370506236243581,0.5388833499501495,0.537357743691242,0.5381511371973587,0.5383863080684597,0.5397230320699709,0.5370506236243581,0.5420060790273556,0.541403593977659,0.5413278310474572,0.5415754923413567,0.5411208151382824,0.6236559139784946,0.6236559139784946,0.5405700424499696,0.5419096209912536,0.5380641987455418,0.55008128048018,0.5369683481701286,0.5321543408360129,0.537931882454199,0.5382439744220364,0.5375200890097663,0.5380641987455418,0.632685614849188,0.5375200890097663,0.5407470288624788,0.5318407960199005,0.4146341463414634,0.5349439171699741,0.5028350515463917,0.5210915008136188,0.5310532164464749,0.4146341463414634,0.5112762005837093,0.5136393878908849,0.45303225806451614,0.37458483754512634,0.34326614081215306,0.4313428728673638,0.5334567901234568,0.5420721941604041,0.5316095509093158,0.5486858573216521,0.4313428728673638,0.5106809078771696,0.5123637330497208,0.45303225806451614,0.5421286031042128,0.5363107757020908,0.5297754226596013,0.27419102704392684,0.4970007315288954,0.5335419274092615,0.3690821256038647,0.4517021865485746,0.2725129655822725,0.5319122567852275,0.3557692307692308,0.5344053851907256,0.5421791526897751,0.33012512030798846,0.33012512030798846,0.33012512030798846,0.4955268389662028,0.3223423423423423,0.49624245410866086,0.45384251222976174,0.26920031670625494,0.28288672350791716,0.5415552855407048,0.5379074594066658,0.540524144625091,0.4362536102324302,0.5405897342555515,0.4362536102324302,0.5408423352348586,0.07509652509652509,0.5415552855407048,0.5295487984306032,0.5405995873285593,0.5404420694680593,0.5404880417627778,0.5412721534352999,0.5379074594066658,0.32695113056163383,0.5305386242069909,0.5349439171699741,0.6269679300291545,0.5353485502776064,0.5423854115327748,0.5331607495069034,0.5318069306930693,0.5332091868404718,0.5486858573216521,0.5312033814022874,0.5037913254473764,0.49302468189483367,0.17114870881567232,0.16974431818181818,0.013886052685317542,0.014377995415711607,0.4941230346511983,0.5037913254473764,0.1786219081272085,0.17114870881567232,0.013886052685317542,0.5319122567852275,0.5397873120645398,0.5318407960199005,0.5413927440954468,0.4326790157589162,0.4758528428093646,0.5349439171699741,0.5415552855407048,0.5352583963316396,0.5403960636617665
B2_CCD_vh_faithful_bldg,0.0,0.0,0.0,0.0,0.0,0.0,0.0,0.35233532934131734,0.0,0.0,0.34583934583934584,0.0,0.0,0.3526052819414704,0.0,0.8105326876513317,0.8105580693815988,0.0,0.0,1.0,0.0,0.8109965635738832,0.6360294117647058,0.0,0.0,0.6879013614179296,0.0,0.8054331864904553,0.0,0.0,0.0,0.0,0.0,0.0,0.0,0.0,0.0,0.0,0.0,0.0,0.3689497716894977,0.0,0.42009456264775413,0.0,0.4077647058823529,0.0,0.0,0.0,0.0,0.0,0.20585215605749488,0.0,0.22584756563854194,0.0,0.24781195298824707,0.0,0.21520618556701032,0.0,0.22131357015077946,0.0,0.2218837268342219,0.0,0.0,0.0,0.24184449350012263,0.0,0.0,0.24065420560747663,0.0,0.0,0.28810679611650486,0.0,0.0,0.22587939698492462,0.0,0.0,0.0,0.0,0.0,0.0,0.0,0.0,0.0,0.0,0.0,0.0,0.0,0.0,0.0,0.0,0.0,0.0,0.0,0.0,0.0,0.0,0.0,0.0,0.0,0.0,0.0,0.0,0.0,0.0,0.0,0.0,0.0,0.0,0.0,0.0,0.0,0.0,0.0,0.0,0.0,0.0,0.0,0.0,0.0,0.0,0.0,0.0,0.0,0.0,0.0,0.0,0.0,0.0,0.0,0.0,0.0,0.0,0.0,0.0,0.0,0.0,0.0,0.0,0.0,0.0,0.0,0.0,0.0,0.0,0.0,0.0,0.0,0.0,0.0,0.0,0.0,0.0,0.0,0.0,0.0,0.0,0.0,0.0,0.0,0.0,0.0,0.0,0.0,0.0,0.0,0.0,0.0,0.0,0.0,0.0,0.0,0.0,0.0,0.0,0.0,0.0,0.0,0.0,0.0,0.0,0.0,0.0,0.0,0.0,0.0,0.0,0.0,0.0,0.0,0.0,0.0,0.0,0.0,0.0,0.0,0.0,0.0,0.0,0.0,0.0,0.0,0.0,0.0,0.0,0.0,0.0,0.0,0.0,0.0,0.0
B2_CCD_vh_persistence_faithful,0.0361247947454844,0.30457190357439734,0.2892205638474295,0.4045949574817246,0.3900206672571597,0.36153161175422976,0.36153161175422976,0.0,0.3565592036844451,0.3565592036844451,0.0,0.3592004703115814,0.3592004703115814,0.0,0.6635633442862359,0.0,0.0,0.6650883263522127,0.8143483023001096,0.0,1.0,0.0,0.0,0.7198762286130324,0.8012750455373406,0.0,0.9936305732484076,0.0,0.00794351279788173,0.010594361644819536,0.0072837093622313024,0.013412017167381975,0.010603882099209202,0.013412017167381975,0.003975424647632815,0.004515080368430558,0.00944741532976827,0.3939572586588062,0.37280187573270807,0.36319265001435547,0.0,0.40950965824665675,0.0,0.39982256395090937,0.0,0.39981990094552006,0.40485104997558197,0.005840481839751779,0.006935572184705238,0.381459622858788,0.0,0.47720778337188735,0.0,0.6480591497227357,0.0,0.4154694529095922,0.0,0.6187274312040841,0.0,0.6519438976377953,0.0,0.6522542498152254,0.6485057188537695,0.6551512171133513,0.0,0.6554012535332432,0.6543756145526057,0.0,0.6083978180895598,0.595492742551566,0.0,0.6634343930281085,0.6502214566929134,0.0,0.6492224142187114,0.6492224142187114,0.6644097008494398,0.6644097008494398,0.6494883491554679,0.664,0.6464122514511548,0.6606901633304679,0.6397469296613323,0.663514005092761,0.6571219690508103,0.663756517521523,0.6541930765480254,0.6638370118845501,0.6571219690508103,0.6582510062202708,0.6590631861429617,0.6636319495023064,0.662457503642545,0.6577598828696926,0.6608674040014912,0.6586479151245991,0.6582510062202708,0.6590631861429617,0.662457503642545,0.6577598828696926,0.6654510089958667,0.6642796455880569,0.6645631067961165,0.6650054697945789,0.6644832605531296,0.7588840399002493,0.7588840399002493,0.6637157409653165,0.6654518950437318,0.6602823818293432,0.6753684736447664,0.6575865894243806,0.6485489424495819,0.6601202896771818,0.6608546168958742,0.6579174368453481,0.6602823818293432,0.7752711496746204,0.6579174368453481,0.6640795537230172,0.6480840543881335,0.482607541157727,0.6554012535332432,0.6083978180895598,0.6328580285182889,0.6492931776275354,0.482607541157727,0.6170185040396143,0.6150136843477128,0.5374405209115953,0.42783575010163977,0.3916064858972612,0.5054046928552597,0.6530938614835773,0.6653131536852467,0.647442203639941,0.6726205345990507,0.5054046928552597,0.6116048092002091,0.6128318584070797,0.5374405209115953,0.6653543307086615,0.657414261041204,0.646454522676021,0.304867634500427,0.5854827343199436,0.652347154775246,0.4106401896858328,0.5253181336161188,0.30162810625535563,0.6507897334649556,0.4057710893276267,0.6525297619047619,0.6635699244394897,0.3717948717948718,0.3717948717948718,0.3717948717948718,0.5698655829946858,0.34991922455573504,0.598494049064853,0.526637815251455,0.3057683967037733,0.32310494605576573,0.6641165755919854,0.6582216808769793,0.6637146669901735,0.5134706814580031,0.6635933519349752,0.5134706814580031,0.66367386556661,0.07526530612244899,0.6641165755919854,0.6433617539585871,0.66322940676938,0.6625409537677467,0.6629458869206504,0.6643203883495146,0.6582216808769793,0.3648181668586474,0.6486386138613861,0.6554012535332432,0.7654392577558713,0.6549053356282272,0.6656411518582328,0.6534349268772275,0.6476811415918318,0.6522867737948084,0.6726205345990507,0.6496350364963503,0.597457627118644,0.5819973525518458,0.17812257564003103,0.18016759776536312,0.015102664177838112,0.01570590265792199,0.5845431881507552,0.597457627118644,0.19009287925696594,0.17812257564003103,0.015102664177838112,0.6507897334649556,0.659434422233057,0.6480840543881335,0.6639902676399027,0.5006592827004219,0.5676554774915431,0.6554012535332432,0.6641165755919854,0.6549382716049382,0.6629431762991743
B2_CCD_vh_persistence_faithful_bldg,0.0,0.0,0.0,0.0,0.0,0.0,0.0,0.3800817380081738,0.0,0.0,0.37554019014693174,0.0,0.0,0.3866809881847476,0.0,0.6573392243495336,0.6577723378212974,0.0,0.0,0.8109965635738832,0.0,1.0,0.7123287671232876,0.0,0.0,0.797062423500612,0.0,0.9924186842748839,0.0,0.0,0.0,0.0,0.0,0.0,0.0,0.0,0.0,0.0,0.0,0.0,0.41637010676156583,0.0,0.4745430809399478,0.0,0.46105581999134576,0.0,0.0,0.0,0.0,0.0,0.22053571428571428,0.0,0.24198575244879786,0.0,0.26844307421272845,0.0,0.22954494507957857,0.0,0.2369594293357111,0.0,0.24011550422034653,0.0,0.0,0.0,0.25982721382289414,0.0,0.0,0.2605633802816901,0.0,0.0,0.3147987884032886,0.0,0.0,0.24263088429388474,0.0,0.0,0.0,0.0,0.0,0.0,0.0,0.0,0.0,0.0,0.0,0.0,0.0,0.0,0.0,0.0,0.0,0.0,0.0,0.0,0.0,0.0,0.0,0.0,0.0,0.0,0.0,0.0,0.0,0.0,0.0,0.0,0.0,0.0,0.0,0.0,0.0,0.0,0.0,0.0,0.0,0.0,0.0,0.0,0.0,0.0,0.0,0.0,0.0,0.0,0.0,0.0,0.0,0.0,0.0,0.0,0.0,0.0,0.0,0.0,0.0,0.0,0.0,0.0,0.0,0.0,0.0,0.0,0.0,0.0,0.0,0.0,0.0,0.0,0.0,0.0,0.0,0.0,0.0,0.0,0.0,0.0,0.0,0.0,0.0,0.0,0.0,0.0,0.0,0.0,0.0,0.0,0.0,0.0,0.0,0.0,0.0,0.0,0.0,0.0,0.0,0.0,0.0,0.0,0.0,0.0,0.0,0.0,0.0,0.0,0.0,0.0,0.0,0.0,0.0,0.0,0.0,0.0,0.0,0.0,0.0,0.0,0.0,0.0,0.0,0.0,0.0,0.0,0.0,0.0,0.0,0.0,0.0,0.0,0.0,0.0
B2_CCD_vv_Optuna,0.0,0.0,0.0,0.0,0.0,0.0,0.0,0.3303030303030303,0.0,0.0,0.33146210768053075,0.0,0.0,0.33981317849028025,0.0,0.716385911179173,0.5557399723374827,0.0,0.0,0.6360294117647058,0.0,0.7123287671232876,1.0,0.0,0.0,0.8333333333333334,0.0,0.7137610186092067,0.0,0.0,0.0,0.0,0.0,0.0,0.0,0.0,0.0,0.0,0.0,0.0,0.3511303511303511,0.0,0.3943522417636859,0.0,0.38224414303329224,0.0,0.0,0.0,0.0,0.0,0.19833564493758668,0.0,0.22437137330754353,0.0,0.24716062736614386,0.0,0.21010044642857142,0.0,0.2211431742508324,0.0,0.22581536760641238,0.0,0.0,0.0,0.24073093220338984,0.0,0.0,0.24497878359264497,0.0,0.0,0.2759513331607559,0.0,0.0,0.2274338696482138,0.0,0.0,0.0,0.0,0.0,0.0,0.0,0.0,0.0,0.0,0.0,0.0,0.0,0.0,0.0,0.0,0.0,0.0,0.0,0.0,0.0,0.0,0.0,0.0,0.0,0.0,0.0,0.0,0.0,0.0,0.0,0.0,0.0,0.0,0.0,0.0,0.0,0.0,0.0,0.0,0.0,0.0,0.0,0.0,0.0,0.0,0.0,0.0,0.0,0.0,0.0,0.0,0.0,0.0,0.0,0.0,0.0,0.0,0.0,0.0,0.0,0.0,0.0,0.0,0.0,0.0,0.0,0.0,0.0,0.0,0.0,0.0,0.0,0.0,0.0,0.0,0.0,0.0,0.0,0.0,0.0,0.0,0.0,0.0,0.0,0.0,0.0,0.0,0.0,0.0,0.0,0.0,0.0,0.0,0.0,0.0,0.0,0.0,0.0,0.0,0.0,0.0,0.0,0.0,0.0,0.0,0.0,0.0,0.0,0.0,0.0,0.0,0.0,0.0,0.0,0.0,0.0,0.0,0.0,0.0,0.0,0.0,0.0,0.0,0.0,0.0,0.0,0.0,0.0,0.0,0.0,0.0,0.0,0.0,0.0,0.0
B2_CCD_vv_Optuna_pixel,0.020048899755501223,0.242893550284258,0.24025331486245793,0.340793489318413,0.32991424247519757,0.3081385429107661,0.3081385429107661,0.0,0.3106412239986247,0.3106412239986247,0.0,0.31136710147382685,0.31136710147382685,0.0,0.7231536021748981,0.0,0.0,0.5599591419816139,0.6401478311612526,0.0,0.7198762286130324,0.0,0.0,1.0,0.8409839666154184,0.0,0.7206337643416499,0.0,0.006947771921418304,0.009059745347698335,0.005798502053636144,0.010935601458080195,0.008576329331046312,0.010935601458080195,0.002972504334902155,0.0034644889878742884,0.008003880669415474,0.32671450025029203,0.32073252688172044,0.3073146784486991,0.0,0.3389830508474576,0.0,0.3322175732217573,0.0,0.33858267716535434,0.32842223051100333,0.004012036108324975,0.006526104417670682,0.31501950585175553,0.0,0.383192779997041,0.0,0.4739783877779158,0.0,0.34228515625,0.0,0.4642629634348325,0.0,0.4767096134786918,0.0,0.47643849206349204,0.47532242063492064,0.4793367978223212,0.0,0.4781910292845669,0.4775030902348579,0.0,0.4584856396866841,0.447098976109215,0.0,0.48227910411026337,0.47552360887346634,0.0,0.47578737706958796,0.47578737706958796,0.4834527043714497,0.4834527043714497,0.4747826086956522,0.48198865038243277,0.47413040767984044,0.48327366991729415,0.4723409605230073,0.48114008489993937,0.4778198704631553,0.48120300751879697,0.47698334965719885,0.4812613705275925,0.4778198704631553,0.47823428711176325,0.47902653785006727,0.4810587663914522,0.4810988209553908,0.47912330108975143,0.48243530441305166,0.48187686196623636,0.47823428711176325,0.47902653785006727,0.4810988209553908,0.47912330108975143,0.48225139800632144,0.48154891964068947,0.4818545940041267,0.4818281268992342,0.4816836487142164,0.5508326724821571,0.5508326724821571,0.48096046568032985,0.48238581146744414,0.48053228191227204,0.4912324649298597,0.4805951642901426,0.47356037151702784,0.48004926108374385,0.4805370780980537,0.47987117552334946,0.48053228191227204,0.5648067422260971,0.47987117552334946,0.48132427843803055,0.4745635910224439,0.38972809667673713,0.4781910292845669,0.4584856396866841,0.46950604838709675,0.4754707631318137,0.38972809667673713,0.4613941018766756,0.46441544463877305,0.41873024236037937,0.34700880202894224,0.33180357962368057,0.4035112558402945,0.4775232198142415,0.48334977799704,0.4728106032453859,0.49053054057443873,0.4035112558402945,0.4624425830856525,0.4572958500669344,0.41873024236037937,0.4834134911826366,0.4782500929483207,0.4731577614585971,0.26231669138243535,0.44905548118399524,0.47832097524192535,0.3320033250207814,0.4122299110295156,0.26089839217636335,0.47630891680139287,0.3391478851497376,0.478668835230827,0.484067712223052,0.3042460715479773,0.3042460715479773,0.3042460715479773,0.4706287683031869,0.291289592760181,0.46880907372400754,0.41354723707664887,0.25521267723102586,0.2671243812869232,0.48183695784230346,0.47844669678837465,0.48089287880625986,0.3957369232926658,0.4811309307122922,0.3957369232926658,0.48100958621526513,0.07628734901462174,0.48183695784230346,0.4701913640824338,0.48112635028522877,0.48093271799854265,0.4810003642102707,0.4816118460978274,0.47844669678837465,0.31607523754120614,0.47730398899587345,0.4781910292845669,0.5626006735978913,0.4772614928324271,0.4836560996669545,0.47785749628896584,0.47298636926889714,0.47935636771859796,0.49053054057443873,0.4778208171935524,0.45060018467220686,0.44357733728734194,0.1692603266090298,0.17089093701996927,0.01221443112418005,0.01272264631043257,0.44311656060841226,0.45060018467220686,0.17913010301411675,0.1692603266090298,0.01221443112418005,0.47630891680139287,0.48043531425776476,0.4745635910224439,0.48191890904663337,0.40415244596131966,0.43233695652173915,0.4781910292845669,0.48183695784230346,0.47764530551415796,0.4815850249179531
B2_CCD_vv_faithful,0.02238971403236533,0.25648628613787994,0.25153946631834295,0.3622715404699739,0.3516270033997086,0.32727570399476097,0.32727570399476097,0.0,0.33003463631865415,0.33003463631865415,0.0,0.3324104234527687,0.3324104234527687,0.0,0.8240761732033552,0.0,0.0,0.5907031711640732,0.6940996753866717,0.0,0.8012750455373406,0.0,0.0,0.8409839666154184,1.0,0.0,0.8053679021362059,0.0,0.006939926263283452,0.00974097852557007,0.006340183646698732,0.011433597185576077,0.009528030135165079,0.011433597185576077,0.0031284916201117317,0.003796337650736936,0.00877963125548727,0.3468699839486356,0.34233505821474774,0.3217814019131253,0.0,0.3634008097165992,0.0,0.3550572673011776,0.0,0.36438718202841097,0.3507769244507948,0.005202442886224836,0.007243096423721141,0.3311485642946317,0.0,0.4101123595505618,0.0,0.5254090233019336,0.0,0.3618121962690077,0.0,0.510315149981015,0.0,0.5285678951273807,0.0,0.528159425671494,0.5279910824869953,0.5318833415719229,0.0,0.5301011596348384,0.5296223154776598,0.0,0.5035607924381716,0.4903796151846074,0.0,0.5360482283464567,0.5270253555967842,0.0,0.5271394857781642,0.5271394857781642,0.5377871079278834,0.5377871079278834,0.5283018867924528,0.5364589759407773,0.524993782641134,0.5373981732905455,0.5230634244171471,0.5345057610673135,0.5299072265625,0.5345622119815668,0.5287932510086808,0.5346270466949666,0.5299072265625,0.5311010631797629,0.5313378130726939,0.5344827586206896,0.5343947496353914,0.5309366593299095,0.5357142857142857,0.5340190853885239,0.5311010631797629,0.5313378130726939,0.5343947496353914,0.5309366593299095,0.5359270516717325,0.5349599417334304,0.5352591333899746,0.5354972039873571,0.5350557981562348,0.6185648661492159,0.6185648661492159,0.5343196701430997,0.5358357628765792,0.5336124107362719,0.5461490294301816,0.533250773993808,0.5272929818046788,0.533481043820778,0.533792933645205,0.5330445544554455,0.5336124107362719,0.6268505079825835,0.5330445544554455,0.5346834829008004,0.5267612646253423,0.41357592722183345,0.5301011596348384,0.5035607924381716,0.5174921630094044,0.5267647422425517,0.41357592722183345,0.5106553010122536,0.5114106499399439,0.46014587132065643,0.37192118226600984,0.3485697434385137,0.4313562836997097,0.5293608604277413,0.5374275496362066,0.5265568899343815,0.5459106874059207,0.4313562836997097,0.5108637339055794,0.5085242408098029,0.46014587132065643,0.5374845869297163,0.5314512134720158,0.5242363039636455,0.2783651570143601,0.5013270421704512,0.530924601681094,0.36852331606217614,0.44959733407386837,0.27628865979381445,0.5281777557100298,0.35902788131802593,0.5304619225967541,0.5374953364009452,0.3364682990108643,0.3364682990108643,0.3364682990108643,0.5087394957983193,0.3180831826401447,0.5052893590541382,0.4579156722354813,0.2656920387732401,0.27585681645087584,0.5352934029887012,0.531990231990232,0.53445765590876,0.43728391647075093,0.5345225094041985,0.43728391647075093,0.5345873786407767,0.07373540856031129,0.5352934029887012,0.5222984562607204,0.5347171643602816,0.5347424684159378,0.5346041767848471,0.5350163854836752,0.531990231990232,0.3250825082508251,0.527930174563591,0.5301011596348384,0.6222806249087458,0.5297457417921501,0.5377405032067094,0.5300148221343873,0.5267525390141194,0.5302314008459816,0.5459106874059207,0.5291697830964847,0.5069497479761723,0.49683299860960917,0.16348725262970226,0.16458852867830423,0.012984336356141797,0.01367557332211235,0.49723247232472323,0.5069497479761723,0.1731041814316088,0.16348725262970226,0.012984336356141797,0.5281777557100298,0.5346135029354208,0.5267612646253423,0.5354925118714233,0.43110864437352575,0.4736983360171766,0.5301011596348384,0.5352934029887012,0.5309591760764363,0.5343214676224031
B2_CCD_vv_faithful_bldg,0.0,0.0,0.0,0.0,0.0,0.0,0.0,0.3473456641844823,0.0,0.0,0.35058309037900875,0.0,0.0,0.35834535834535836,0.0,0.8197122742577289,0.586436170212766,0.0,0.0,0.6879013614179296,0.0,0.797062423500612,0.8333333333333334,0.0,0.0,1.0,0.0,0.8021114657500614,0.0,0.0,0.0,0.0,0.0,0.0,0.0,0.0,0.0,0.0,0.0,0.0,0.3670566643725625,0.0,0.42210576464983324,0.0,0.40667139815471964,0.0,0.0,0.0,0.0,0.0,0.20408163265306123,0.0,0.22673521850899742,0.0,0.25424158014687265,0.0,0.21632865314612584,0.0,0.22279525528623,0.0,0.2299768220448107,0.0,0.0,0.0,0.24529236868186324,0.0,0.0,0.25350251123447,0.0,0.0,0.2834875791524598,0.0,0.0,0.23143438453713122,0.0,0.0,0.0,0.0,0.0,0.0,0.0,0.0,0.0,0.0,0.0,0.0,0.0,0.0,0.0,0.0,0.0,0.0,0.0,0.0,0.0,0.0,0.0,0.0,0.0,0.0,0.0,0.0,0.0,0.0,0.0,0.0,0.0,0.0,0.0,0.0,0.0,0.0,0.0,0.0,0.0,0.0,0.0,0.0,0.0,0.0,0.0,0.0,0.0,0.0,0.0,0.0,0.0,0.0,0.0,0.0,0.0,0.0,0.0,0.0,0.0,0.0,0.0,0.0,0.0,0.0,0.0,0.0,0.0,0.0,0.0,0.0,0.0,0.0,0.0,0.0,0.0,0.0,0.0,0.0,0.0,0.0,0.0,0.0,0.0,0.0,0.0,0.0,0.0,0.0,0.0,0.0,0.0,0.0,0.0,0.0,0.0,0.0,0.0,0.0,0.0,0.0,0.0,0.0,0.0,0.0,0.0,0.0,0.0,0.0,0.0,0.0,0.0,0.0,0.0,0.0,0.0,0.0,0.0,0.0,0.0,0.0,0.0,0.0,0.0,0.0,0.0,0.0,0.0,0.0,0.0,0.0,0.0,0.0,0.0,0.0
B2_CCD_vv_persistence_faithful,0.035942346287173875,0.303105796379339,0.28756004638065263,0.40465532676812893,0.39028352037802716,0.36198960653303636,0.36198960653303636,0.0,0.3560077231546116,0.3560077231546116,0.0,0.35945310202881503,0.35945310202881503,0.0,0.6636844988132189,0.0,0.0,0.666119919810461,0.810200364298725,0.0,0.9936305732484076,0.0,0.0,0.7206337643416499,0.8053679021362059,0.0,1.0,0.0,0.007944915254237288,0.010777797736662474,0.007464012795450507,0.013414416025755679,0.010787486515641856,0.013414416025755679,0.0037947235272858693,0.004334477153693336,0.00962910128388017,0.39339914542507737,0.3726553341148886,0.3644201753125449,0.0,0.4101992268807612,0.0,0.4005030329930463,0.0,0.3998799159411588,0.40308943089430893,0.005841548010222709,0.0071206865072119775,0.3813156758312941,0.0,0.47707171043679414,0.0,0.6481390189795415,0.0,0.41491368054548095,0.0,0.6188044831880448,0.0,0.6524307692307693,0.0,0.6527418361059766,0.648788288842416,0.6554353172651254,0.0,0.6558888615687238,0.654659454143103,0.0,0.6088832487309644,0.5951623169955442,0.0,0.663720073664825,0.6503014642549526,0.0,0.6497098407210766,0.6497098407210766,0.6646964659524689,0.6646964659524689,0.6499753330044401,0.664081733136386,0.6466954910438543,0.6609753101584572,0.6400297803697729,0.6633927488783801,0.6570001218472036,0.663635261307142,0.6540711847879084,0.6637157409653165,0.6570001218472036,0.6581290401268447,0.6589412051719932,0.663510560815732,0.6623360854783875,0.6576378721327477,0.6611559975139838,0.65893385982231,0.6581290401268447,0.6589412051719932,0.6623360854783875,0.6576378721327477,0.6653294432287867,0.6641582716349071,0.6644417475728155,0.6648839188039383,0.6643619602134886,0.7592765824758341,0.7592765824758341,0.663594470046083,0.6653304178814383,0.6605673584673953,0.6756621689155422,0.6578720256441869,0.6488314883148831,0.6604051565377532,0.6611397690985016,0.6584072978303748,0.6605673584673953,0.7758969907407407,0.6584072978303748,0.6639582828037837,0.6483679525222552,0.4824747742963356,0.6558888615687238,0.6088832487309644,0.6331390301376659,0.649575802286979,0.4824747742963356,0.6173096976016684,0.6148833572266389,0.5369303955933901,0.4277002303835208,0.39109113199836537,0.5048761201897733,0.653581097711051,0.6656,0.6477244772447724,0.6729135432283858,0.5048761201897733,0.6116847470918834,0.6131215829211143,0.5369303955933901,0.6656411518582328,0.6576999012833169,0.6467418546365915,0.30491103202846975,0.5857888058649373,0.6526342010212978,0.4102830048896133,0.5247813411078717,0.3018571428571429,0.6510738089360651,0.40543898398674766,0.6530207170326262,0.6638582579605997,0.3716475095785441,0.3716475095785441,0.3716475095785441,0.5714285714285714,0.34910382690134023,0.5991494532199271,0.5276284348864994,0.30562382535781407,0.32352116624614524,0.6639951426836673,0.6580998781973203,0.6635933519349752,0.514538725878932,0.6634720368797767,0.514538725878932,0.6635525357922835,0.07527759634225996,0.6639951426836673,0.6432399512789282,0.6631080917141817,0.6624196092707195,0.6628245571463237,0.6641990291262136,0.6580998781973203,0.36330757849745193,0.6491271511699889,0.6558888615687238,0.7658062645011601,0.6551893753074275,0.6659281142294436,0.653718500307314,0.6479635781961364,0.6525717111770524,0.6729135432283858,0.6499195644103453,0.5984793098406199,0.583014424492199,0.177236780896263,0.1796462922742786,0.015105227427019688,0.01570861384429484,0.5855591429410039,0.5984793098406199,0.18956979263385948,0.177236780896263,0.015105227427019688,0.6510738089360651,0.65931253047294,0.6483679525222552,0.6636662206544216,0.5001318217769576,0.5675253708040593,0.6558888615687238,0.6639951426836673,0.6552235119782662,0.662821758135017
B2_CCD_vv_persistence_faithful_bldg,0.0,0.0,0.0,0.0,0.0,0.0,0.0,0.3813522825150732,0.0,0.0,0.3756213529284634,0.0,0.0,0.3873602751504729,0.0,0.6575006137981831,0.6583394562821455,0.0,0.0,0.8054331864904553,0.0,0.9924186842748839,0.7137610186092067,0.0,0.0,0.8021114657500614,0.0,1.0,0.0,0.0,0.0,0.0,0.0,0.0,0.0,0.0,0.0,0.0,0.0,0.0,0.4179417312932299,0.0,0.4746463547334059,0.0,0.4611555940272668,0.0,0.0,0.0,0.0,0.0,0.21922390722569135,0.0,0.2414867571778322,0.0,0.26906126046716616,0.0,0.22849462365591397,0.0,0.23646088700690884,0.0,0.23934280639431615,0.0,0.0,0.0,0.25961123110151185,0.0,0.0,0.26062258577596004,0.0,0.0,0.3142980748431754,0.0,0.0,0.24268426842684268,0.0,0.0,0.0,0.0,0.0,0.0,0.0,0.0,0.0,0.0,0.0,0.0,0.0,0.0,0.0,0.0,0.0,0.0,0.0,0.0,0.0,0.0,0.0,0.0,0.0,0.0,0.0,0.0,0.0,0.0,0.0,0.0,0.0,0.0,0.0,0.0,0.0,0.0,0.0,0.0,0.0,0.0,0.0,0.0,0.0,0.0,0.0,0.0,0.0,0.0,0.0,0.0,0.0,0.0,0.0,0.0,0.0,0.0,0.0,0.0,0.0,0.0,0.0,0.0,0.0,0.0,0.0,0.0,0.0,0.0,0.0,0.0,0.0,0.0,0.0,0.0,0.0,0.0,0.0,0.0,0.0,0.0,0.0,0.0,0.0,0.0,0.0,0.0,0.0,0.0,0.0,0.0,0.0,0.0,0.0,0.0,0.0,0.0,0.0,0.0,0.0,0.0,0.0,0.0,0.0,0.0,0.0,0.0,0.0,0.0,0.0,0.0,0.0,0.0,0.0,0.0,0.0,0.0,0.0,0.0,0.0,0.0,0.0,0.0,0.0,0.0,0.0,0.0,0.0,0.0,0.0,0.0,0.0,0.0,0.0,0.0
B3_logratio_BAEI,0.11886304909560723,0.018003913894324854,0.018533440773569703,0.025584255842558426,0.022810890360559236,0.02079002079002079,0.02079002079002079,0.0,0.02048857368006304,0.02048857368006304,0.0,0.023006134969325152,0.023006134969325152,0.0,0.006507027589796981,0.0,0.0,0.006196746707978312,0.007081545064377683,0.0,0.00794351279788173,0.0,0.0,0.006947771921418304,0.006939926263283452,0.0,0.007944915254237288,0.0,1.0,0.21656050955414013,0.3811074918566775,0.27575757575757576,0.15644171779141106,0.27575757575757576,0.0726643598615917,0.07849829351535836,0.3238095238095238,0.02133850630455868,0.019287833827893175,0.0340632603406326,0.0,0.01825168107588857,0.0,0.01882693700217234,0.0,0.025119316754584276,0.01378070701018574,0.051587301587301584,0.08835341365461848,0.0381770460510618,0.0,0.027472527472527472,0.0,0.029251614537166012,0.0,0.015315315315315315,0.0,0.029884446805684684,0.0,0.029056603773584905,0.0,0.028718982239576772,0.02810333963453056,0.028925619834710745,0.0,0.02890028775178281,0.02906539714357304,0.0,0.030214830214830214,0.03041018387553041,0.0,0.028734208570720832,0.02923755513547574,0.0,0.028904665314401622,0.028904665314401622,0.028592739930382895,0.028592739930382895,0.028972672064777327,0.028337061894108874,0.02914969450101833,0.02858208027836461,0.028247130143170384,0.02815192331027788,0.02780511811023622,0.028145092806017225,0.02803161274388738,0.028148507643775782,0.02780511811023622,0.02807190347205122,0.028054632705795498,0.02807486631016043,0.02824446067689311,0.02759640261180239,0.027981767536085084,0.02757237749091365,0.02807190347205122,0.028054632705795498,0.02824446067689311,0.02759640261180239,0.0278419452887538,0.028051001821493626,0.028037383177570093,0.027848717013255503,0.028141678796700632,0.00801201802704056,0.00801201802704056,0.02815192331027788,0.028182701652089408,0.02870991797166294,0.028718982239576772,0.02846394984326019,0.029263370332996974,0.028830620106872127,0.02882703777335984,0.02779864763335838,0.02870991797166294,0.006586483390607102,0.02779864763335838,0.028141678796700632,0.02718150641432745,0.03225244072524407,0.02890028775178281,0.030214830214830214,0.02922837100545596,0.029093198992443326,0.03225244072524407,0.029166666666666667,0.029534649185996253,0.032144429766622636,0.027583527583527584,0.031139713514635667,0.0320962888665998,0.02901645521919357,0.028670721112076455,0.02929662836216694,0.02866885577165951,0.0320962888665998,0.03009158307893589,0.029678720645440138,0.032144429766622636,0.02879126334077935,0.029027393817542095,0.02933124755572937,0.04670402989057913,0.03038105046343975,0.026218186468857912,0.013519924098671726,0.031126482213438736,0.047386948280530736,0.029106555302455074,0.031556948798328106,0.029168258820532415,0.029045643153526972,0.0009854644000985464,0.0009854644000985464,0.0009854644000985464,0.0,0.040829986613119144,0.024062095730918498,0.0030187160394445564,0.021311033180469383,0.03171091445427729,0.02782841171466764,0.028136134660277676,0.028169014084507043,0.03843582887700535,0.028047595920349683,0.03843582887700535,0.028175856205975226,0.009796533534287867,0.02782841171466764,0.028564300860671073,0.028182701652089408,0.028213547367140945,0.02819640252795333,0.028169014084507043,0.028136134660277676,0.015323117921385743,0.027222999618369163,0.02890028775178281,0.006680220737728725,0.028804007514088917,0.02879483678788631,0.028958254983076345,0.029177718832891247,0.02940803650652808,0.02866885577165951,0.02770012706480305,0.0,0.0,0.0,0.0,0.45742574257425744,0.5700245700245701,0.0,0.0,0.0,0.0,0.45742574257425744,0.029106555302455074,0.027252639332187578,0.02718150641432745,0.027916615872241864,0.028327187395239692,0.02131812040234199,0.02890028775178281,0.02782841171466764,0.02848859195764528,0.027730479202140598
B3_logratio_BSI,0.19795221843003413,0.02481692432872254,0.025576519916142557,0.01793275217932752,0.01565217391304348,0.01263823064770932,0.01263823064770932,0.0,0.013052743740010656,0.013052743740010656,0.0,0.016333938294010888,0.016333938294010888,0.0,0.008795309168443496,0.0,0.0,0.0084588950568332,0.009413309982486864,0.0,0.010594361644819536,0.0,0.0,0.009059745347698335,0.00974097852557007,0.0,0.010777797736662474,0.0,0.21656050955414013,1.0,0.25735294117647056,0.4675324675324675,0.6480446927374302,0.4675324675324675,0.2459016393442623,0.25133689839572193,0.5654205607476636,0.013745704467353952,0.009747563109222694,0.01857282502443793,0.0,0.015632633121641426,0.0,0.01446078431372549,0.0,0.016781083142639208,0.018821351434742364,0.14375,0.18125,0.029667149059334298,0.0,0.018422991893883568,0.0,0.0186099506266616,0.0,0.014207149404216315,0.0,0.01953488372093023,0.0,0.018742138364779875,0.0,0.018261964735516372,0.01751291419931964,0.018530111431075497,0.0,0.018513885414060547,0.018664662407616186,0.0,0.018426156830146857,0.019532908704883226,0.0,0.01857815209313847,0.01890359168241966,0.0,0.018121911037891267,0.018121911037891267,0.01865207659786123,0.01865207659786123,0.018211711142026053,0.018398806563898557,0.01871181262729124,0.01826540755467197,0.01845875822899187,0.018201674554058973,0.017716535433070866,0.018197258279752517,0.018031369643077683,0.018075943224554167,0.017716535433070866,0.01772525849335303,0.018340718857705565,0.017985174383278648,0.017889740781307048,0.017870347547448855,0.017728251234646067,0.018060955725573813,0.01772525849335303,0.018340718857705565,0.017889740781307048,0.017870347547448855,0.017377567140600316,0.01809350333940498,0.017467248908296942,0.0175054704595186,0.018195050946142648,0.011203530809709726,0.011203530809709726,0.018201674554058973,0.018221574344023325,0.018518518518518517,0.01762114537444934,0.018564977420973405,0.018920282542885972,0.018640487138063874,0.018511616349857124,0.018295739348370928,0.018518518518518517,0.008857267315231596,0.018295739348370928,0.018195050946142648,0.01702452039130987,0.019200558561703614,0.018513885414060547,0.018426156830146857,0.017915098013760872,0.018509191639385546,0.019200558561703614,0.016946718368519315,0.018307625774830617,0.01906158357771261,0.02197802197802198,0.01919465887752973,0.020606466744848385,0.018716241678181134,0.018366840407048897,0.018941785578987246,0.017670074466742396,0.020606466744848385,0.01728395061728395,0.017864860971041636,0.01906158357771261,0.018488646234024072,0.018851325876586653,0.01904016692749087,0.02073365231259968,0.014738646101113967,0.013268690992600153,0.011341698841698842,0.016282894736842104,0.02076031275276355,0.01821401467240071,0.01697045883092395,0.01846428116643321,0.018606990193613275,0.0005026388539834129,0.0005026388539834129,0.0005026388539834129,0.0,0.03734155532716684,0.011491284699806327,0.00245398773006135,0.011193011193011193,0.013546798029556651,0.01786365293474298,0.017936117936117935,0.018089110112905184,0.024219141473191916,0.01796770668932864,0.024219141473191916,0.01809350333940498,0.0064,0.01786365293474298,0.018209029683212773,0.018097898700352243,0.018117704280155644,0.018106695831814314,0.018212724623603693,0.017936117936117935,0.02099827882960413,0.018086867914915296,0.018513885414060547,0.008985122993077037,0.0186623246492986,0.018617351371478217,0.018678701266140154,0.018820260199570546,0.01888466413181242,0.017670074466742396,0.01831595013991351,0.0,0.0,0.0,0.0,0.2924901185770751,0.36855036855036855,0.0,0.0,0.0,0.0,0.2924901185770751,0.01821401467240071,0.01743614931237721,0.01702452039130987,0.01804437941965374,0.018680578929653316,0.012046378557446167,0.018513885414060547,0.01786365293474298,0.017895400126023944,0.017881036370271258
B3_logratio_IBI,0.11331444759206799,0.0166732830488289,0.017170891251022075,0.023803620133895365,0.02126607319485658,0.018867924528301886,0.018867924528301886,0.0,0.01746493781423657,0.01746493781423657,0.0,0.0195573854863613,0.0195573854863613,0.0,0.005517603783499738,0.0,0.0,0.006261414036003131,0.006489292667099286,0.0,0.0072837093622313024,0.0,0.0,0.005798502053636144,0.006340183646698732,0.0,0.007464012795450507,0.0,0.3811074918566775,0.25735294117647056,1.0,0.3047945205479452,0.2210144927536232,0.3047945205479452,0.11570247933884298,0.14049586776859505,0.29553264604810997,0.0185546875,0.01240079365079365,0.024829600778967866,0.0,0.01694915254237288,0.0,0.017522511559990267,0.0,0.023556231003039513,0.012719563900666263,0.07142857142857142,0.10526315789473684,0.03035372848948375,0.0,0.022393538913362702,0.0,0.02379746835443038,0.0,0.013151927437641724,0.0,0.024571656262451853,0.0,0.024025157232704403,0.0,0.023938515812019653,0.023191328459793294,0.023788656566921248,0.0,0.023895908920305266,0.023925842415132157,0.0,0.024386864348067062,0.024752475247524754,0.0,0.02378003467921724,0.024067540322580645,0.0,0.02383367139959432,0.02383367139959432,0.023747357951013303,0.023747357951013303,0.023911943319838057,0.023492852703542573,0.024058044806517312,0.0233569387501553,0.023087836966335613,0.023298143429195485,0.022883858267716536,0.02329249059808322,0.023092121511484317,0.02317117554288487,0.022883858267716536,0.022517534145441123,0.02313276731881383,0.023089075221776643,0.023001095290251915,0.023172685812892887,0.022011385199240986,0.023072100313479622,0.022517534145441123,0.02313276731881383,0.023001095290251915,0.023172685812892887,0.02235722964763062,0.022821073075989316,0.022934109938114306,0.02236266407389402,0.023165554881746514,0.007896505376344086,0.007896505376344086,0.023173986896384374,0.023323615160349854,0.02386575512740833,0.02290748898678414,0.02331995987963892,0.024217961654894045,0.02385982353672176,0.023729655857870544,0.023046092184368736,0.02386575512740833,0.006044905008635579,0.023046092184368736,0.023289665211062592,0.02223069105691057,0.02617344268016053,0.023895908920305266,0.024386864348067062,0.0238992076893103,0.024055415617128463,0.02617344268016053,0.024302559677883234,0.023919308357348703,0.025821596244131457,0.023192360163710776,0.0249635947576451,0.026267358206458088,0.024120603015075376,0.023706094079682265,0.024245485541103676,0.022841998990408886,0.026267358206458088,0.024574669187145556,0.02421098140942499,0.025821596244131457,0.023700210944285892,0.024001005277707967,0.023983315954118872,0.035476126967191254,0.024218481621435934,0.020971867007672635,0.009058402860548272,0.024538866930171276,0.035434135785772244,0.023655913978494623,0.02362533974492996,0.023942944472745798,0.02388735227558461,0.0004973887092762995,0.0004973887092762995,0.0004973887092762995,0.0,0.03611204859939251,0.019414962464405904,0.0024330900243309003,0.016277807921866522,0.025660004934616332,0.02284325637910085,0.022844509948415623,0.02306385044913814,0.03123434107232337,0.023190869354055368,0.03123434107232337,0.023193685488767456,0.011673151750972763,0.02284325637910085,0.02370259481037924,0.023199319810518645,0.023100303951367782,0.023086269744835967,0.02318805390312007,0.022844509948415623,0.014160485502360081,0.022654957362861144,0.023895908920305266,0.006131386861313868,0.024051108605787297,0.023703152146934723,0.023815492604662824,0.02425467407781708,0.02433768538471289,0.022841998990408886,0.022877478393492627,0.0,0.0,0.0,0.0,0.38095238095238093,0.47174447174447176,0.0,0.0,0.0,0.0,0.38095238095238093,0.023655913978494623,0.022467771639042358,0.02223069105691057,0.02279098110907983,0.024197613846412367,0.017451481871520985,0.023895908920305266,0.02284325637910085,0.02344636329257532,0.022989903904634474
B3_logratio_MNDWI,0.2302839116719243,0.031035872632003223,0.03197674418604651,0.02078179119247897,0.020776651001731386,0.014890282131661442,0.014890282131661442,0.0,0.017209425469949694,0.017209425469949694,0.0,0.020887055183084063,0.020887055183084063,0.0,0.010303830911492734,0.0,0.0,0.01048767697954903,0.011969532100108813,0.0,0.013412017167381975,0.0,0.0,0.010935601458080195,0.011433597185576077,0.0,0.013414416025755679,0.0,0.27575757575757576,0.4675324675324675,0.3047945205479452,1.0,0.45217391304347826,1.0,0.1078838174273859,0.128099173553719,0.40601503759398494,0.01583820662768031,0.013164431197218083,0.024598149050170482,0.0,0.019184069936862554,0.0,0.01827930782354375,0.0,0.02201974183750949,0.023590686274509803,0.15025906735751296,0.1875,0.03483065097285611,0.0,0.022030475491096015,0.0,0.023547284466388152,0.0,0.014081308198955257,0.0,0.024717607973421925,0.0,0.023776575669895585,0.0,0.023173803526448364,0.02204030226700252,0.02366938008766437,0.0,0.02339254440830623,0.02355004384316673,0.0,0.022695820647661222,0.02403846153846154,0.0,0.02340847163735447,0.023818525519848772,0.0,0.023064250411861616,0.023064250411861616,0.023247140726006962,0.023247140726006962,0.023273463192512018,0.02299279144916729,0.023676171079429736,0.022984221642440055,0.022700889978073003,0.022934109938114306,0.022388977734038626,0.022928545432488172,0.022595382145943945,0.022807230377289822,0.022388977734038626,0.0224,0.022763627414790207,0.022724510876169644,0.022635998539612998,0.022802908911623322,0.0202122283981809,0.022695924764890282,0.0224,0.022763627414790207,0.022635998539612998,0.022802908911623322,0.020876319941740502,0.02233280737953635,0.02219796215429403,0.020757465404224327,0.022801697998787143,0.015238740264138165,0.015238740264138165,0.022809997573404513,0.02295918367346939,0.023365647526721354,0.02047481472176862,0.023072100313479622,0.023839556004036328,0.02348701379396048,0.0233569387501553,0.022670340681362724,0.023365647526721354,0.011143270622286542,0.022670340681362724,0.02292576419213974,0.02120096483432779,0.023506877938359743,0.02339254440830623,0.022695820647661222,0.022978060495910686,0.023419793502895997,0.023506877938359743,0.020934901061084026,0.02245573628904563,0.023729310092280652,0.02440452948067161,0.022425249169435217,0.025250836120401337,0.023615123728174852,0.023206751054852322,0.02386664982952393,0.020403022670025188,0.025250836120401337,0.021761207021616134,0.0220112214069918,0.023729310092280652,0.023327956322124335,0.023752670604499183,0.023992697874559918,0.02402323125659979,0.01862929413775423,0.016817428971843545,0.010752688172043012,0.019511395310706673,0.024096385542168676,0.022629582806573956,0.02065081351689612,0.02303971486761711,0.02338152105593966,0.0004977600796416127,0.0004977600796416127,0.0004977600796416127,0.0,0.035449020931802834,0.014431130009019456,0.0008102086287218959,0.014913232104121476,0.021391689205802804,0.022602989427633977,0.022601645989436186,0.022699684389414908,0.029357798165137616,0.022702440208813887,0.029357798165137616,0.022829386763812992,0.00933852140077821,0.022602989427633977,0.023200698515654233,0.0228349325883639,0.022735562310030395,0.022721749696233293,0.022823843632390435,0.022601645989436186,0.026297814207650275,0.02253341820496499,0.02339254440830623,0.011303581914268937,0.023547094188376753,0.023330851327872923,0.02356775730224395,0.02374636857395478,0.023827629911280103,0.020403022670025188,0.023016276703967446,0.0,0.0,0.0,0.0,0.3695652173913043,0.4643734643734644,0.0,0.0,0.0,0.0,0.3695652173913043,0.022629582806573956,0.021597742054239782,0.02120096483432779,0.022300755544723373,0.02249076871433367,0.016388513005563075,0.02339254440830623,0.022602989427633977,0.022681451612903226,0.02225194552529183
B3_logratio_NDBI,0.2013888888888889,0.024867509172441907,0.025630252100840335,0.014917951268025857,0.016177202588352414,0.011321748288572932,0.011321748288572932,0.0,0.0128,0.0128,0.0,0.01556420233463035,0.01556420233463035,0.0,0.008807045636509208,0.0,0.0,0.007403490216816499,0.009644892590968873,0.0,0.010603882099209202,0.0,0.0,0.008576329331046312,0.009528030135165079,0.0,0.010787486515641856,0.0,0.15644171779141106,0.6480446927374302,0.2210144927536232,0.45217391304347826,1.0,0.45217391304347826,0.2742857142857143,0.27932960893854747,0.5207373271889401,0.012269938650306749,0.010518407212622089,0.01834637964774951,0.0,0.013916015625,0.0,0.01373222167729279,0.0,0.015768056968463885,0.0188504326328801,0.14838709677419354,0.1870967741935484,0.027717522294528802,0.0,0.01712707182320442,0.0,0.017976959108747942,0.0,0.01306141154903758,0.0,0.018870431893687707,0.0,0.018113207547169812,0.0,0.017632241813602016,0.017011088709677418,0.017904094152998623,0.0,0.017888416312234177,0.018038331454340473,0.0,0.017874463073299155,0.018825194621372967,0.0,0.01795888035670052,0.018273471959672338,0.0,0.01761723700887199,0.01761723700887199,0.017903767251025736,0.017903767251025736,0.01770806982038958,0.01765071472964574,0.018075356415478614,0.0176441351888668,0.01781334710210404,0.017594952068923673,0.017226528854435832,0.017590683003760765,0.017288219313410718,0.017469367948562416,0.017226528854435832,0.017235011695186507,0.0176,0.017377567140600316,0.017281246196908847,0.017379514359669664,0.01709509940483728,0.01743383920732472,0.017235011695186507,0.0176,0.017281246196908847,0.017379514359669664,0.01689353427321342,0.017486338797814208,0.017107498180053384,0.017144941634241247,0.017588549247937894,0.011041277390861219,0.011041277390861219,0.017594952068923673,0.01761418853255588,0.018023617153511497,0.017247891224977968,0.017810109118274176,0.01828960645812311,0.018019137566795077,0.017890421170331718,0.017669172932330827,0.018023617153511497,0.00886370241208951,0.017669172932330827,0.017588549247937894,0.016518424396442185,0.018327805899807995,0.017888416312234177,0.017874463073299155,0.01753019088430074,0.017879627297909845,0.018327805899807995,0.0171050740261607,0.01744018449120784,0.01862716339102376,0.020796546988424564,0.018789144050104383,0.019939678284182305,0.018088179876899885,0.01774633904194589,0.018310392726354336,0.017295795985355383,0.019939678284182305,0.01685311637367427,0.017731007640190283,0.01862716339102376,0.017868221863754807,0.0182229483473671,0.018388106416275432,0.020218143123171058,0.013881748071979434,0.012759984688018375,0.009891435464414958,0.015126603091088459,0.020237452779276847,0.01783906882591093,0.016988255033557047,0.017827581815866547,0.01797837566004526,0.00025157232704402514,0.00025157232704402514,0.00025157232704402514,0.0,0.0377617576381737,0.010845706907682376,0.0020462451401677922,0.00955240174672489,0.01206599359763605,0.01725604569206465,0.017321867321867322,0.017482092995022458,0.02355496157701303,0.017360689571445913,0.02355496157701303,0.017486338797814208,0.0048115477145148355,0.01725604569206465,0.01771236123238119,0.01749058666342767,0.017509727626459144,0.017499088589135983,0.017605633802816902,0.017321867321867322,0.02103448275862069,0.017579617834394906,0.017888416312234177,0.008991745283018868,0.018036072144288578,0.017996772992428942,0.01805189921022941,0.01818870784388026,0.01838002281658005,0.017295795985355383,0.017938931297709924,0.0,0.0,0.0,0.0,0.2851485148514851,0.35626535626535627,0.0,0.0,0.0,0.0,0.2851485148514851,0.01783906882591093,0.016697360343769185,0.016518424396442185,0.017310739973180545,0.017496635262449527,0.012207987942727958,0.017888416312234177,0.01725604569206465,0.017521744611118113,0.01702541651465402
B3_logratio_NDSI,0.2302839116719243,0.031035872632003223,0.03197674418604651,0.02078179119247897,0.020776651001731386,0.014890282131661442,0.014890282131661442,0.0,0.017209425469949694,0.017209425469949694,0.0,0.020887055183084063,0.020887055183084063,0.0,0.010303830911492734,0.0,0.0,0.01048767697954903,0.011969532100108813,0.0,0.013412017167381975,0.0,0.0,0.010935601458080195,0.011433597185576077,0.0,0.013414416025755679,0.0,0.27575757575757576,0.4675324675324675,0.3047945205479452,1.0,0.45217391304347826,1.0,0.1078838174273859,0.128099173553719,0.40601503759398494,0.01583820662768031,0.013164431197218083,0.024598149050170482,0.0,0.019184069936862554,0.0,0.01827930782354375,0.0,0.02201974183750949,0.023590686274509803,0.15025906735751296,0.1875,0.03483065097285611,0.0,0.022030475491096015,0.0,0.023547284466388152,0.0,0.014081308198955257,0.0,0.024717607973421925,0.0,0.023776575669895585,0.0,0.023173803526448364,0.02204030226700252,0.02366938008766437,0.0,0.02339254440830623,0.02355004384316673,0.0,0.022695820647661222,0.02403846153846154,0.0,0.02340847163735447,0.023818525519848772,0.0,0.023064250411861616,0.023064250411861616,0.023247140726006962,0.023247140726006962,0.023273463192512018,0.02299279144916729,0.023676171079429736,0.022984221642440055,0.022700889978073003,0.022934109938114306,0.022388977734038626,0.022928545432488172,0.022595382145943945,0.022807230377289822,0.022388977734038626,0.0224,0.022763627414790207,0.022724510876169644,0.022635998539612998,0.022802908911623322,0.0202122283981809,0.022695924764890282,0.0224,0.022763627414790207,0.022635998539612998,0.022802908911623322,0.020876319941740502,0.02233280737953635,0.02219796215429403,0.020757465404224327,0.022801697998787143,0.015238740264138165,0.015238740264138165,0.022809997573404513,0.02295918367346939,0.023365647526721354,0.02047481472176862,0.023072100313479622,0.023839556004036328,0.02348701379396048,0.0233569387501553,0.022670340681362724,0.023365647526721354,0.011143270622286542,0.022670340681362724,0.02292576419213974,0.02120096483432779,0.023506877938359743,0.02339254440830623,0.022695820647661222,0.022978060495910686,0.023419793502895997,0.023506877938359743,0.020934901061084026,0.02245573628904563,0.023729310092280652,0.02440452948067161,0.022425249169435217,0.025250836120401337,0.023615123728174852,0.023206751054852322,0.02386664982952393,0.020403022670025188,0.025250836120401337,0.021761207021616134,0.0220112214069918,0.023729310092280652,0.023327956322124335,0.023752670604499183,0.023992697874559918,0.02402323125659979,0.01862929413775423,0.016817428971843545,0.010752688172043012,0.019511395310706673,0.024096385542168676,0.022629582806573956,0.02065081351689612,0.02303971486761711,0.02338152105593966,0.0004977600796416127,0.0004977600796416127,0.0004977600796416127,0.0,0.035449020931802834,0.014431130009019456,0.0008102086287218959,0.014913232104121476,0.021391689205802804,0.022602989427633977,0.022601645989436186,0.022699684389414908,0.029357798165137616,0.022702440208813887,0.029357798165137616,0.022829386763812992,0.00933852140077821,0.022602989427633977,0.023200698515654233,0.0228349325883639,0.022735562310030395,0.022721749696233293,0.022823843632390435,0.022601645989436186,0.026297814207650275,0.02253341820496499,0.02339254440830623,0.011303581914268937,0.023547094188376753,0.023330851327872923,0.02356775730224395,0.02374636857395478,0.023827629911280103,0.020403022670025188,0.023016276703967446,0.0,0.0,0.0,0.0,0.3695652173913043,0.4643734643734644,0.0,0.0,0.0,0.0,0.3695652173913043,0.022629582806573956,0.021597742054239782,0.02120096483432779,0.022300755544723373,0.02249076871433367,0.016388513005563075,0.02339254440830623,0.022602989427633977,0.022681451612903226,0.02225194552529183
B3_logratio_NDVI,0.08139534883720931,0.009072164948453608,0.00935374149659864,0.0075282308657465494,0.008538422903063787,0.0064,0.0064,0.0,0.005931517929361013,0.005931517929361013,0.0,0.006013071895424837,0.006013071895424837,0.0,0.0035135135135135136,0.0,0.0,0.002947481243301179,0.0042035398230088495,0.0,0.003975424647632815,0.0,0.0,0.002972504334902155,0.0031284916201117317,0.0,0.0037947235272858693,0.0,0.0726643598615917,0.2459016393442623,0.11570247933884298,0.1078838174273859,0.2742857142857143,0.1078838174273859,1.0,0.8837209302325582,0.18468468468468469,0.006698089804018854,0.004302708175145533,0.01110836830412244,0.0,0.008639842014317452,0.0,0.008180466038671294,0.0,0.007439712673165726,0.00685785536159601,0.08823529411764706,0.08333333333333333,0.017207949587978673,0.0,0.011681809753384016,0.0,0.009878419452887538,0.0,0.012793672947197023,0.0,0.010235278479330055,0.0,0.009685534591194969,0.0,0.009702620967741936,0.009458948164964056,0.009515462626768499,0.0,0.00975975975975976,0.009771986970684038,0.0,0.01013044684984735,0.010629251700680272,0.0,0.009660639088432003,0.009829867674858222,0.0,0.009637331980725337,0.009637331980725337,0.009699079830887839,0.009699079830887839,0.009744368514300177,0.009699079830887839,0.009932509868839933,0.009695463020509634,0.009947035266761401,0.009464870768110666,0.009230769230769232,0.00946257430547131,0.009263833992094862,0.00946372239747634,0.009230769230769232,0.00935960591133005,0.009602363658746768,0.00948097726996475,0.009495982468955442,0.009245562130177515,0.009633667131448852,0.009790385339525544,0.00935960591133005,0.009602363658746768,0.009495982468955442,0.009245562130177515,0.009486742884942837,0.009472917172698566,0.009468317552804079,0.009243493067380199,0.009461426491994178,0.003923575571477311,0.003923575571477311,0.009464870768110666,0.009475218658892129,0.009695463020509634,0.009575406324807863,0.009786700125470515,0.009838546922300706,0.009693053311793215,0.009691848906560637,0.009779338014042127,0.009695463020509634,0.0032098044937262913,0.009779338014042127,0.009461426491994178,0.009415956228527802,0.01122216377345257,0.00975975975975976,0.01013044684984735,0.009879110880020798,0.009824914976697317,0.01122216377345257,0.00965139729184673,0.009820912767186597,0.010727406318883173,0.013617525162818236,0.011559478772593527,0.011764705882352941,0.009798994974874372,0.009682224428997022,0.009849728501073367,0.009602021478205939,0.011764705882352941,0.009318578916715201,0.009673693329483106,0.010727406318883173,0.00967982129560685,0.009675797939180698,0.00978218338333116,0.011815252416756176,0.008448275862068965,0.008327994875080076,0.009558823529411765,0.009421487603305785,0.011989100817438692,0.009873417721518988,0.010993657505285413,0.009810166900242069,0.009681881051175657,0.0,0.0,0.0,0.0,0.027102154273801252,0.007267064624967558,0.003115264797507788,0.0024841291747170853,0.0012382367508667657,0.009236752552260573,0.009462947032075704,0.00947061680427392,0.01286979776032091,0.00947176684881603,0.01286979776032091,0.009472917172698566,0.011082693947144074,0.009236752552260573,0.00960698689956332,0.009475218658892129,0.009485589201021525,0.009479824987846379,0.00947061680427392,0.009462947032075704,0.00766016713091922,0.00994517404054571,0.00975975975975976,0.003256364712847839,0.00977076287110109,0.009681022713168673,0.009779338014042127,0.009853461344113188,0.009887184687539612,0.009602021478205939,0.009928716904276986,0.0,0.0,0.0,0.0,0.15476190476190477,0.19164619164619165,0.0,0.0,0.0,0.0,0.15476190476190477,0.009873417721518988,0.009214891264283081,0.009415956228527802,0.009389098890379222,0.010474742355127555,0.006509234029669997,0.00975975975975976,0.009236752552260573,0.009585067473830243,0.00949136042832806
B3_logratio_SAVI,0.08778625954198473,0.01029654036243822,0.010615711252653927,0.008527715073990468,0.009791614361034396,0.007462686567164179,0.007462686567164179,0.0,0.006734913793103448,0.006734913793103448,0.0,0.006792058516196447,0.006792058516196447,0.0,0.004320820955981636,0.0,0.0,0.003748326639892905,0.004864028299801017,0.0,0.004515080368430558,0.0,0.0,0.0034644889878742884,0.003796337650736936,0.0,0.004334477153693336,0.0,0.07849829351535836,0.25133689839572193,0.14049586776859505,0.128099173553719,0.27932960893854747,0.128099173553719,0.8837209302325582,1.0,0.1902654867256637,0.008436724565756825,0.005312420946116873,0.012089810017271158,0.0,0.009622501850481125,0.0,0.009167492566897919,0.0,0.008978963571062083,0.007785736530675802,0.10377358490566038,0.09821428571428571,0.01890909090909091,0.0,0.01260659992584353,0.0,0.010638297872340425,0.0,0.013717740060451058,0.0,0.011032832646550578,0.0,0.010440251572327044,0.0,0.010458669354838709,0.01021566401816118,0.010266683360460748,0.0,0.010510510510510511,0.010523678276121273,0.0,0.01096308631695809,0.011479591836734694,0.0,0.010403765172157542,0.01058601134215501,0.0,0.010398173979203652,0.010398173979203652,0.010445162894802289,0.010445162894802289,0.010503669956972918,0.010445162894802289,0.01069654908951993,0.010441267868241143,0.010722128923911639,0.010192937750273025,0.010093549975381585,0.010190464636661409,0.010129709697344039,0.01019170104343606,0.010093549975381585,0.010098522167487686,0.010341007017111905,0.010210283213808192,0.010226442658875092,0.009985207100591717,0.01013813204916994,0.01054349190410443,0.010098522167487686,0.010341007017111905,0.010226442658875092,0.009985207100591717,0.009970817120622567,0.0100789313904068,0.010196649672250545,0.00997324252006811,0.010189228529839884,0.004604365620736698,0.004604365620736698,0.010192937750273025,0.01020408163265306,0.010441267868241143,0.01007683587353571,0.01053952321204517,0.010595358224016145,0.01043867279731577,0.010437375745526839,0.01053159478435306,0.010441267868241143,0.00364590928977687,0.01053159478435306,0.010189228529839884,0.01005089058524173,0.012274241627213748,0.010510510510510511,0.01096308631695809,0.01065904068633823,0.010580677667212495,0.012274241627213748,0.010661287998847429,0.010687463893703062,0.011311884824445425,0.015001973943939992,0.012394957983193277,0.012602923878339774,0.010552763819095477,0.010427010923535254,0.010607399924232857,0.010104837691044588,0.012602923878339774,0.01019219569015725,0.010539994224660698,0.011311884824445425,0.010424422933730455,0.010429756220155817,0.010564758053997652,0.012610678830158305,0.008960882302257453,0.008709016393442622,0.010534051935325821,0.009912440112340989,0.0127960794990471,0.010632911392405063,0.011834319526627219,0.010574595489871321,0.010436313340877657,0.0,0.0,0.0,0.0,0.029186935371785964,0.007653392139058243,0.0033195020746887966,0.002480022044640397,0.0012363996043521265,0.009965969859017987,0.010200319528081602,0.010199125789218067,0.013703208556149732,0.010200364298724954,0.013703208556149732,0.010201603109059995,0.01102629346904156,0.009965969859017987,0.010355583281347473,0.01020408163265306,0.010215249908792412,0.010209042294603793,0.010199125789218067,0.010200319528081602,0.008695652173913044,0.010710187428279994,0.010510510510510511,0.0036987720076934456,0.010522360015031942,0.010425716768027803,0.01053159478435306,0.010611419909044972,0.01064773735581189,0.010104837691044588,0.010692464358452138,0.0,0.0,0.0,0.0,0.16666666666666666,0.20638820638820637,0.0,0.0,0.0,0.0,0.16666666666666666,0.010632911392405063,0.009952082565425728,0.01005089058524173,0.010120716985733446,0.011488427099172157,0.007417499243112322,0.010510510510510511,0.009965969859017987,0.010341783327027367,0.010221465076660987
B3_logratio_UI,0.1661631419939577,0.022008803521408563,0.02267106347897774,0.02308265078183172,0.0195351137487636,0.01730013106159895,0.01730013106159895,0.0,0.01695813460519343,0.01695813460519343,0.0,0.019329896907216496,0.019329896907216496,0.0,0.007649696649960433,0.0,0.0,0.007853403141361256,0.008027771750922109,0.0,0.00944741532976827,0.0,0.0,0.008003880669415474,0.00877963125548727,0.0,0.00962910128388017,0.0,0.3238095238095238,0.5654205607476636,0.29553264604810997,0.40601503759398494,0.5207373271889401,0.40601503759398494,0.18468468468468469,0.1902654867256637,1.0,0.018088486922512834,0.011166253101736972,0.02462213554363725,0.0,0.017965525613012866,0.0,0.018297145645279338,0.0,0.020748987854251014,0.01675807434491164,0.09,0.12562814070351758,0.033125300048007685,0.0,0.023362766740250184,0.0,0.023040891252057223,0.0,0.016636280765724702,0.0,0.024322169059011165,0.0,0.023273367719209962,0.0,0.022798841163874543,0.022180214240705733,0.022912232377613622,0.0,0.022892169126845135,0.02304897908054616,0.0,0.023275145469659187,0.02390720045268072,0.0,0.022913054248204112,0.023314429741650915,0.0,0.022816580048168337,0.022816580048168337,0.02287703593186622,0.02287703593186622,0.022896900695762175,0.02262274704785581,0.023167006109979633,0.022614314115308152,0.022448716294671656,0.022448731950006066,0.02202263779527559,0.02244328521169477,0.02222771054581378,0.02232197015649642,0.02202263779527559,0.02215930075095408,0.022523076923076923,0.022486933268506138,0.022398052343274497,0.02193198620009857,0.022289766970618033,0.022450771353317446,0.02215930075095408,0.022523076923076923,0.022398052343274497,0.02193198620009857,0.02187917831530327,0.022343655130540378,0.022084698458924888,0.022257358306981268,0.022440562833575935,0.00977418267610381,0.00977418267610381,0.022448731950006066,0.02247327502429543,0.022995649471721565,0.022541241657222013,0.02269877100576875,0.023335015136226035,0.022989934136945445,0.022859982606534972,0.02216933867735471,0.022995649471721565,0.007938799076212472,0.02216933867735471,0.022440562833575935,0.02173084254670225,0.025130890052356022,0.022892169126845135,0.023275145469659187,0.022724321516686144,0.022916142029715435,0.025130890052356022,0.022413793103448276,0.023205534736235225,0.024944974321349962,0.02442360296991012,0.02564102564102564,0.02629815745393635,0.023112674287149856,0.022710349962769917,0.023361535547417604,0.022603864124258112,0.02629815745393635,0.022367465504720407,0.022023895206563983,0.024944974321349962,0.02283161682590892,0.023249968581123538,0.023471117485982528,0.03223228556206713,0.02143714628708626,0.01864385135997957,0.015377222489187891,0.02288065843621399,0.0327027027027027,0.022899797570850203,0.024088814411395057,0.02305145185939888,0.023264587525150905,0.00074757039621231,0.00074757039621231,0.00074757039621231,0.0,0.045749402526459544,0.016798035921953742,0.0030475416497358796,0.016861571933641555,0.018654884634266077,0.022116903633491312,0.02236146946799361,0.022338229938084254,0.0304093567251462,0.02221682651450771,0.0304093567251462,0.022343655130540378,0.005443234836702955,0.022116903633491312,0.022701758762629413,0.022349082958824245,0.02237354085603113,0.022359946530562645,0.022462360369111218,0.02236146946799361,0.0186693822131704,0.02202418841502228,0.022892169126845135,0.008052708638360176,0.023046092184368736,0.022961400024823136,0.023066315657515355,0.02324112668940255,0.023450373938395233,0.022603864124258112,0.02276774357669804,0.0,0.0,0.0,0.0,0.3616600790513834,0.45454545454545453,0.0,0.0,0.0,0.0,0.3616600790513834,0.022899797570850203,0.021608348680171884,0.02173084254670225,0.022062408581179912,0.024570851565129587,0.01517655897821187,0.022892169126845135,0.022116903633491312,0.022821838355818937,0.021889821233126595
B3_logratio_VH,0.01826595226497808,0.2249662357707891,0.22077416844971795,0.3865148861646235,0.3449974520129098,0.36535040910707933,0.36535040910707933,0.0,0.3543293115684883,0.3543293115684883,0.0,0.3270547945205479,0.3270547945205479,0.0,0.306399039286327,0.0,0.0,0.3113207547169811,0.35229093239346365,0.0,0.3939572586588062,0.0,0.0,0.32671450025029203,0.3468699839486356,0.0,0.39339914542507737,0.0,0.02133850630455868,0.013745704467353952,0.0185546875,0.01583820662768031,0.012269938650306749,0.01583820662768031,0.006698089804018854,0.008436724565756825,0.018088486922512834,1.0,0.3615916955017301,0.31481177050797304,0.0,0.3587344786528321,0.0,0.33149540517961573,0.0,0.37350877192982457,0.3117528048556189,0.00325,0.00475,0.35118451785118454,0.0,0.411888955944478,0.0,0.48079800498753117,0.0,0.3612530915086562,0.0,0.4685903983656793,0.0,0.48278433809819765,0.0,0.48233391390893254,0.4828745796487732,0.48393898052833934,0.0,0.4833353983397349,0.4833829365079365,0.0,0.45870841487279845,0.4593915343915344,0.0,0.48539741219963034,0.48196517412935325,0.0,0.48022457891453524,0.48022457891453524,0.4834649555774926,0.4834649555774926,0.48105210670655696,0.4840143192198494,0.4796798799549831,0.4845679012345679,0.47718679102596423,0.48259128957903674,0.47964298814035944,0.4824742268041237,0.47917177162460184,0.48253275109170307,0.47964298814035944,0.48078335373317016,0.478499877840215,0.48287172011661805,0.48309413767939674,0.47986289631533846,0.4811532700948577,0.48207418434437416,0.48078335373317016,0.478499877840215,0.48309413767939674,0.47986289631533846,0.48226433430515064,0.48210168668850867,0.4829469595824736,0.48346303501945526,0.48277535177098496,0.42875912408759126,0.42875912408759126,0.4824114507520621,0.4807808900206136,0.484384643871127,0.48214952108471204,0.4822624658893575,0.46686375954668635,0.4838988278840222,0.48420533070088845,0.4826388888888889,0.484384643871127,0.4572742022714981,0.4826388888888889,0.48241571671113265,0.4801150575287644,0.4078334304018637,0.4833353983397349,0.45870841487279845,0.47454200884396713,0.4826470954098768,0.4078334304018637,0.4614251272435039,0.45993031358885017,0.44407233757535164,0.39024765420704505,0.3780834914611006,0.4202691096478672,0.4828614008941878,0.48391073850326716,0.46683925049309666,0.480886564562321,0.4202691096478672,0.4563785455034279,0.46202361782071927,0.44407233757535164,0.48379144582768396,0.48156882214223656,0.471874604980407,0.31380609797875986,0.40403167746580276,0.47796610169491527,0.33794829024186823,0.4374551199195749,0.31129476584022037,0.48240578986773147,0.3740506329113924,0.47886971742935736,0.4826043737574553,0.34301925722145804,0.34301925722145804,0.34301925722145804,0.36604859335038364,0.26158940397350994,0.47012856062515757,0.3733878578169236,0.2905104487838301,0.31062355658198615,0.4834710743801653,0.48480392156862745,0.4827042116761743,0.4021111893033075,0.4822230311855357,0.4021111893033075,0.482461463769875,0.11091703056768559,0.4834710743801653,0.4653634697617593,0.48257860871676583,0.48292623648073885,0.482632985183386,0.4825242718446602,0.48480392156862745,0.2559600813158381,0.47732100462326627,0.4833353983397349,0.453654552878726,0.4836909338955724,0.4836681868605941,0.4831906711326138,0.46665022808531625,0.48010973936899864,0.480886564562321,0.4782065692519046,0.4015151515151515,0.39511754068716093,0.1876461418550273,0.2047741171828763,0.036044362292051754,0.037115839243498816,0.39660864345738295,0.4015151515151515,0.2111132850714146,0.1876461418550273,0.036044362292051754,0.48240578986773147,0.48298653610771114,0.4801150575287644,0.4840989399293286,0.42488465974625145,0.44871618838390775,0.4833353983397349,0.4834710743801653,0.48244521912350596,0.48303951367781156
B3_logratio_VV,0.01639751552795031,0.23671211223078442,0.23251643753735804,0.3406988694758479,0.40010731532820604,0.3206824512534819,0.3206824512534819,0.0,0.3664855072463768,0.3664855072463768,0.0,0.38742981343959426,0.38742981343959426,0.0,0.30145278450363194,0.0,0.0,0.29410757108598834,0.33253550343066857,0.0,0.37280187573270807,0.0,0.0,0.32073252688172044,0.34233505821474774,0.0,0.3726553341148886,0.0,0.019287833827893175,0.009747563109222694,0.01240079365079365,0.013164431197218083,0.010518407212622089,0.013164431197218083,0.004302708175145533,0.005312420946116873,0.011166253101736972,0.3615916955017301,1.0,0.3237361901573485,0.0,0.34594410361281525,0.0,0.35517715858273136,0.0,0.38741484403011833,0.3286792452830189,0.0020434227330779057,0.0030635690579525147,0.3469559367642112,0.0,0.41237427613532457,0.0,0.47196203322093166,0.0,0.3653235244942317,0.0,0.46439112023610934,0.0,0.4721462322805272,0.0,0.47296960637767815,0.4727657983298018,0.4740566037735849,0.0,0.47437647350787937,0.4742332050167639,0.0,0.4526522593320236,0.44978802331743506,0.0,0.476125848241826,0.47407130391423585,0.0,0.4719339917489686,0.4719339917489686,0.4745427582797825,0.4745427582797825,0.47350662334416393,0.4752720079129575,0.47026417929134845,0.4747312492277277,0.46750788643533125,0.47167293461118526,0.46738333740532617,0.47173702086365843,0.4679652088692883,0.4717942496663836,0.46738333740532617,0.4712080372457731,0.46948012232415903,0.4721176041793221,0.47232696752219927,0.4675880626223092,0.4739674593241552,0.47255340288127173,0.4712080372457731,0.46948012232415903,0.47232696752219927,0.4675880626223092,0.4722255986386289,0.4720738222438077,0.47184466019417476,0.47180359747204664,0.47167980594299574,0.4127331002331002,0.4127331002331002,0.47167293461118526,0.4698678307263247,0.4763730826323602,0.47205278227312336,0.47384118304958367,0.4575727676369018,0.4757077512671529,0.47583137594263814,0.4742204000496956,0.4763730826323602,0.4519766336095639,0.4742204000496956,0.47150133398011157,0.4734663153933007,0.41575524682234705,0.47437647350787937,0.4526522593320236,0.4672494615482073,0.47365142643577923,0.41575524682234705,0.4544354838709677,0.4517602794947595,0.4347067507717085,0.383426097711812,0.38309813983322644,0.40859598853868195,0.47351405123103707,0.4742687893372825,0.4579012345679012,0.4711454568116665,0.40859598853868195,0.4493457439633077,0.45384822389666307,0.4347067507717085,0.47433366238894376,0.472591671845867,0.46308724832214765,0.32124803904479693,0.3930785868781543,0.47239727753970256,0.33969594594594593,0.4267836593785961,0.31642469826832254,0.4720938943688351,0.38322871398680186,0.47203411086029595,0.4743525896414343,0.35527470598560645,0.35527470598560645,0.35527470598560645,0.3501516844962478,0.24388899099430253,0.45749905553456743,0.35880503144654086,0.2957354221061793,0.32283597170764566,0.4721749696233293,0.47540179119126486,0.4717805558927054,0.3853494246421555,0.4720165108656064,0.3853494246421555,0.4715378079864061,0.1196236559139785,0.4721749696233293,0.4536573452191965,0.4716523005948768,0.471631636496173,0.47152398299939285,0.4716019417475728,0.47540179119126486,0.265760664401661,0.4680930930930931,0.47437647350787937,0.44949356693128933,0.4741743233176062,0.47421026653504444,0.473854179605018,0.45753086419753086,0.4699862723075003,0.4711454568116665,0.46825,0.3879399970295559,0.3796839729119639,0.20027983210073955,0.2190032414910859,0.02783625730994152,0.028482527525131644,0.38185907046476764,0.3879399970295559,0.22711728022530678,0.20027983210073955,0.02783625730994152,0.4720938943688351,0.47269164829782023,0.4734663153933007,0.47277378487026434,0.4215415880389026,0.44648783185840707,0.47437647350787937,0.4721749696233293,0.4743605739238927,0.47209726443768996
B3a_LogRatio_VH_faithful,0.02378063576801747,0.23491879350348027,0.230079875316579,0.30004902761889196,0.3146067415730337,0.30480378890392423,0.30480378890392423,0.0,0.30304059792763716,0.30304059792763716,0.0,0.31843575418994413,0.31843575418994413,0.0,0.2868673280645704,0.0,0.0,0.2921291624621594,0.32878859112991693,0.0,0.36319265001435547,0.0,0.0,0.3073146784486991,0.3217814019131253,0.0,0.3644201753125449,0.0,0.0340632603406326,0.01857282502443793,0.024829600778967866,0.024598149050170482,0.01834637964774951,0.024598149050170482,0.01110836830412244,0.012089810017271158,0.02462213554363725,0.31481177050797304,0.3237361901573485,1.0,0.0,0.37056010928961747,0.0,0.3434563758389262,0.0,0.30442712651301607,0.28058581889623146,0.004961548002976929,0.005203171456888008,0.34562593021332894,0.0,0.41676718938480095,0.0,0.4879480454602223,0.0,0.35522875816993466,0.0,0.48577314278357153,0.0,0.4895444361463779,0.0,0.4889138016940707,0.48612666417817596,0.4868078781122259,0.0,0.4902593373867726,0.4906832298136646,0.0,0.4688400104739461,0.46888682499668305,0.0,0.48842934515017233,0.4881723107569721,0.0,0.48886664998749063,0.48886664998749063,0.48595367175948745,0.48595367175948745,0.48801498127340825,0.4865031431036608,0.48610415623435155,0.48852418558736427,0.48403382557112207,0.48702086365841823,0.4848336594911937,0.4870830806549424,0.48473703567488047,0.48696179502728926,0.4848336594911937,0.48361858190709045,0.4820556640625,0.486765420106848,0.48572816713227257,0.4828808999755441,0.4855253306713252,0.48789571694599626,0.48361858190709045,0.4820556640625,0.48572816713227257,0.4828808999755441,0.4866998663913519,0.4865323950497452,0.4871981555636452,0.4866375121477162,0.48702401164200826,0.37566507980957714,0.37566507980957714,0.48666019888430756,0.48538862616709105,0.4890754227873102,0.48263458198958076,0.4875294701575878,0.4945577380207682,0.48932230588816195,0.4890781192151055,0.4886434156633983,0.4890754227873102,0.4361970521843049,0.4886434156633983,0.48684370073966293,0.4833833083458271,0.43276752767527676,0.4902593373867726,0.4688400104739461,0.48440669371196754,0.49108367626886146,0.43276752767527676,0.4450310149135542,0.449867374005305,0.46110210696920584,0.3995373939861218,0.3878230537498018,0.4411807263782376,0.4909136171272094,0.4860307692307692,0.49417949680811113,0.4826643469616006,0.4411807263782376,0.4488272921108742,0.44272895223013986,0.46110210696920584,0.48609401919763723,0.48757763975155277,0.4806083650190114,0.32942393928941016,0.418695652173913,0.47791265173319986,0.3449599465954606,0.43919209282337773,0.32422145328719726,0.48975,0.38708651399491095,0.48529227688071097,0.48714125978382405,0.3151809651474531,0.3151809651474531,0.3151809651474531,0.33147200248177444,0.2627723860098883,0.46936212958312407,0.34550475606014114,0.3127600554785021,0.3263000498421665,0.48592233009708735,0.4843673668783586,0.48695546656959104,0.4448779078167895,0.486834122072564,0.4448779078167895,0.48671277757553694,0.15113406692117673,0.48592233009708735,0.49187848729076256,0.4868309260832625,0.4864602307225258,0.4870673952641166,0.4862340812613705,0.4843673668783586,0.2636834319526627,0.4859684289651716,0.4902593373867726,0.4353823490022767,0.4909926698968816,0.48578811369509045,0.48975282573593343,0.49436513899323814,0.488375,0.4826643469616006,0.4872244488977956,0.36419930875576034,0.3624505349552983,0.2526552287581699,0.23592115848753017,0.05211726384364821,0.05357142857142857,0.3648313129837885,0.36419930875576034,0.2411319250697489,0.2526552287581699,0.05211726384364821,0.48975,0.4849114233353696,0.4833833083458271,0.4865555420367441,0.43740944653723557,0.42959362764952075,0.4902593373867726,0.48592233009708735,0.48736147428713733,0.48585306618093504
B3a_LogRatio_VH_faithful_bldg,0.0,0.0,0.0,0.0,0.0,0.0,0.0,0.3092327698309493,0.0,0.0,0.30300653594771243,0.0,0.0,0.31903276131045244,0.0,0.3207083128381702,0.3298791018998273,0.0,0.0,0.3689497716894977,0.0,0.41637010676156583,0.3511303511303511,0.0,0.0,0.3670566643725625,0.0,0.4179417312932299,0.0,0.0,0.0,0.0,0.0,0.0,0.0,0.0,0.0,0.0,0.0,0.0,1.0,0.0,0.3805015353121801,0.0,0.35255603122639134,0.0,0.0,0.0,0.0,0.0,0.22592259225922592,0.0,0.2498511018463371,0.0,0.26058162971494386,0.0,0.22881102126385144,0.0,0.2446236559139785,0.0,0.2476982476982477,0.0,0.0,0.0,0.2695379349686252,0.0,0.0,0.23247559893522626,0.0,0.0,0.28524500410621406,0.0,0.0,0.24985354422964265,0.0,0.0,0.0,0.0,0.0,0.0,0.0,0.0,0.0,0.0,0.0,0.0,0.0,0.0,0.0,0.0,0.0,0.0,0.0,0.0,0.0,0.0,0.0,0.0,0.0,0.0,0.0,0.0,0.0,0.0,0.0,0.0,0.0,0.0,0.0,0.0,0.0,0.0,0.0,0.0,0.0,0.0,0.0,0.0,0.0,0.0,0.0,0.0,0.0,0.0,0.0,0.0,0.0,0.0,0.0,0.0,0.0,0.0,0.0,0.0,0.0,0.0,0.0,0.0,0.0,0.0,0.0,0.0,0.0,0.0,0.0,0.0,0.0,0.0,0.0,0.0,0.0,0.0,0.0,0.0,0.0,0.0,0.0,0.0,0.0,0.0,0.0,0.0,0.0,0.0,0.0,0.0,0.0,0.0,0.0,0.0,0.0,0.0,0.0,0.0,0.0,0.0,0.0,0.0,0.0,0.0,0.0,0.0,0.0,0.0,0.0,0.0,0.0,0.0,0.0,0.0,0.0,0.0,0.0,0.0,0.0,0.0,0.0,0.0,0.0,0.0,0.0,0.0,0.0,0.0,0.0,0.0,0.0,0.0,0.0,0.0
B3a_LogRatio_VV+VH_faithful,0.02085859810817366,0.19688438438438438,0.18920958309752878,0.33037508372404556,0.3298744769874477,0.3230293663060278,0.3230293663060278,0.0,0.31451612903225806,0.31451612903225806,0.0,0.32301411804728697,0.32301411804728697,0.0,0.3159435261707989,0.0,0.0,0.3233873749568817,0.3593900481540931,0.0,0.40950965824665675,0.0,0.0,0.3389830508474576,0.3634008097165992,0.0,0.4101992268807612,0.0,0.01825168107588857,0.015632633121641426,0.01694915254237288,0.019184069936862554,0.013916015625,0.019184069936862554,0.008639842014317452,0.009622501850481125,0.017965525613012866,0.3587344786528321,0.34594410361281525,0.37056010928961747,0.0,1.0,0.0,0.6113237960910739,0.0,0.3307926829268293,0.2683790965456156,0.004224652087475149,0.004467609828741623,0.32210834553440704,0.0,0.39880774962742177,0.0,0.48911683762822117,0.0,0.33785529715762275,0.0,0.486782720825274,0.0,0.4912696433025692,0.0,0.4910112359550562,0.4872881355932203,0.4905543127019637,0.0,0.4917951268025858,0.49296476154899765,0.0,0.4704184704184704,0.46096948883899086,0.0,0.491973326747345,0.4904530138524897,0.0,0.4904123323724778,0.4904123323724778,0.4894932014833127,0.4894932014833127,0.48974230673004754,0.4887571040276748,0.4913868980259022,0.4906010388325501,0.48821890043070687,0.48598811112459056,0.4803514766902612,0.485690031530439,0.48042574015170053,0.4855687606112054,0.4803514766902612,0.4823960880195599,0.48246364414029086,0.4859120718970124,0.48361252731245447,0.4834720861900098,0.4878048780487805,0.4907257562554463,0.4823960880195599,0.48246364414029086,0.48361252731245447,0.4834720861900098,0.48440344702026944,0.4858599344580653,0.48544395924308587,0.4848816029143898,0.4859915100060643,0.42452830188679247,0.42452830188679247,0.4856276531231049,0.48417606402328117,0.49244675581971276,0.48674218847255074,0.4907280647168637,0.49817999246893435,0.49214011635103355,0.49207920792079207,0.4912891986062718,0.49244675581971276,0.4530052440500202,0.4912891986062718,0.4859915100060643,0.48473091364205256,0.423935389133627,0.4917951268025858,0.4704184704184704,0.4880437547697787,0.49300174956260934,0.423935389133627,0.453301448120101,0.4552964690206529,0.4648956356736243,0.3990740740740741,0.35173160173160173,0.4216316616659523,0.4926415564978798,0.4893827160493827,0.4978023358030893,0.4860383944153578,0.4216316616659523,0.45097515362009083,0.4488658973338639,0.4648956356736243,0.4894457474385878,0.49115154536390826,0.48517623107265556,0.28858386340810177,0.44041832375902196,0.48203968852047224,0.3332781182706642,0.4172550127082745,0.2864355435880175,0.49110944152266467,0.35722075089577815,0.48739179525780957,0.4884878655880523,0.3023758099352052,0.3023758099352052,0.3023758099352052,0.38112113402061853,0.2744771423283361,0.47143216712811475,0.40587385652383245,0.26306998496742945,0.2867979341510652,0.48470873786407764,0.4815176284006344,0.48574202159932045,0.4405191059841384,0.48580097087378643,0.4405191059841384,0.48567961165048545,0.10401381096245145,0.48470873786407764,0.4871350816427511,0.4854368932038835,0.4848852737647202,0.48531196892449624,0.48592233009708735,0.4815176284006344,0.23578413618254257,0.49087935589382314,0.4917951268025858,0.4521291022511527,0.49271754014689406,0.4902420948616601,0.4925893635571055,0.4976136649083145,0.49122587114565053,0.4860383944153578,0.49063952757884155,0.44143183549124143,0.43812916214960507,0.17886022333461687,0.17147221691808287,0.03486238532110092,0.03589863913655561,0.44147621988882024,0.44143183549124143,0.1758698940998487,0.17886022333461687,0.03486238532110092,0.49110944152266467,0.48224093738557305,0.48473091364205256,0.4853388490083952,0.42809798270893373,0.42057204243319457,0.4917951268025858,0.48470873786407764,0.4883401920438957,0.48445847498785816
B3a_LogRatio_VV+VH_faithful_bldg,0.0,0.0,0.0,0.0,0.0,0.0,0.0,0.31860951385258757,0.0,0.0,0.31343676045227453,0.0,0.0,0.3281086729362591,0.0,0.36990835030549896,0.3715083798882682,0.0,0.0,0.42009456264775413,0.0,0.4745430809399478,0.3943522417636859,0.0,0.0,0.42210576464983324,0.0,0.4746463547334059,0.0,0.0,0.0,0.0,0.0,0.0,0.0,0.0,0.0,0.0,0.0,0.0,0.3805015353121801,0.0,1.0,0.0,0.6108949416342413,0.0,0.0,0.0,0.0,0.0,0.19515752625437574,0.0,0.22717993584135315,0.0,0.24581322736304287,0.0,0.2117820324005891,0.0,0.22270997951419375,0.0,0.2229965156794425,0.0,0.0,0.0,0.24463040446304044,0.0,0.0,0.2216374269005848,0.0,0.0,0.27880434782608693,0.0,0.0,0.22684255807284198,0.0,0.0,0.0,0.0,0.0,0.0,0.0,0.0,0.0,0.0,0.0,0.0,0.0,0.0,0.0,0.0,0.0,0.0,0.0,0.0,0.0,0.0,0.0,0.0,0.0,0.0,0.0,0.0,0.0,0.0,0.0,0.0,0.0,0.0,0.0,0.0,0.0,0.0,0.0,0.0,0.0,0.0,0.0,0.0,0.0,0.0,0.0,0.0,0.0,0.0,0.0,0.0,0.0,0.0,0.0,0.0,0.0,0.0,0.0,0.0,0.0,0.0,0.0,0.0,0.0,0.0,0.0,0.0,0.0,0.0,0.0,0.0,0.0,0.0,0.0,0.0,0.0,0.0,0.0,0.0,0.0,0.0,0.0,0.0,0.0,0.0,0.0,0.0,0.0,0.0,0.0,0.0,0.0,0.0,0.0,0.0,0.0,0.0,0.0,0.0,0.0,0.0,0.0,0.0,0.0,0.0,0.0,0.0,0.0,0.0,0.0,0.0,0.0,0.0,0.0,0.0,0.0,0.0,0.0,0.0,0.0,0.0,0.0,0.0,0.0,0.0,0.0,0.0,0.0,0.0,0.0,0.0,0.0,0.0,0.0,0.0
B3a_LogRatio_VV_faithful,0.018721128130318503,0.19421487603305784,0.1883153715258083,0.3159555039017101,0.3333894028595458,0.30897632430591043,0.30897632430591043,0.0,0.3117061448678338,0.3117061448678338,0.0,0.3279137429402704,0.3279137429402704,0.0,0.30637422892392047,0.0,0.0,0.31851851851851853,0.35070332480818417,0.0,0.39982256395090937,0.0,0.0,0.3322175732217573,0.3550572673011776,0.0,0.4005030329930463,0.0,0.01882693700217234,0.01446078431372549,0.017522511559990267,0.01827930782354375,0.01373222167729279,0.01827930782354375,0.008180466038671294,0.009167492566897919,0.018297145645279338,0.33149540517961573,0.35517715858273136,0.3434563758389262,0.0,0.6113237960910739,0.0,1.0,0.0,0.3242101706369319,0.2603247440875397,0.002742458239840439,0.00298804780876494,0.3241874897925853,0.0,0.4026654687032046,0.0,0.48729821048679767,0.0,0.33867832847424684,0.0,0.48108594956253214,0.0,0.4881575666915981,0.0,0.4878961816820564,0.4873299213581326,0.48800795327451224,0.0,0.48906288839174744,0.4891155616370195,0.0,0.4683112452434064,0.4605820105820106,0.0,0.4890754227873102,0.4877105427323768,0.0,0.48691296180338134,0.48691296180338134,0.48714462299134736,0.48714462299134736,0.48773773773773776,0.4862260654725139,0.4867545511613308,0.48788328387734914,0.4833691665612748,0.4835031538088307,0.47947715612020525,0.4837457544881126,0.4779204892966361,0.4834445118253487,0.47947715612020525,0.47971156196528963,0.4808656314952928,0.4839650145772595,0.48292623648073885,0.48114593535749267,0.48431446069241346,0.48891656288916563,0.47971156196528963,0.4808656314952928,0.48292623648073885,0.48114593535749267,0.48245720529318925,0.483373786407767,0.4833191799102269,0.48311467444120504,0.48368708308065494,0.41724537037037035,0.41724537037037035,0.4836831250758219,0.48187219595004244,0.4897251794998762,0.4840074673304294,0.48836341008089607,0.4956074297188755,0.48941962628387575,0.48954337334488307,0.4887395794450666,0.4897251794998762,0.4508406186953598,0.4887395794450666,0.4838670548277535,0.48216743836816417,0.4176065621795811,0.48906288839174744,0.4683112452434064,0.48468285242150755,0.48932450992633286,0.4176065621795811,0.451741558096251,0.45141107561235355,0.4585642828173584,0.3890680178105328,0.35718730553827005,0.4227793696275072,0.48915752741774676,0.4868534748796445,0.49560411956794775,0.4833000997008973,0.4227793696275072,0.4490177736202058,0.4521241177253962,0.4585642828173584,0.4871003579804962,0.487300796812749,0.4803099593495935,0.299543069893383,0.43487209644222286,0.48039708469464687,0.3401201602136182,0.4224052250461451,0.29765146358066713,0.48798498122653317,0.35828125,0.4857537341533827,0.48593827775012444,0.2994350282485876,0.2994350282485876,0.2994350282485876,0.38206785137318255,0.27260934025203853,0.4708921370967742,0.40102580541753485,0.2668794088008062,0.2910241843856517,0.48294281898749547,0.48082559843673667,0.4836165048543689,0.436536522114969,0.48367520330137154,0.436536522114969,0.483373786407767,0.11336828309305373,0.48294281898749547,0.4860715612232264,0.48313106796116506,0.4831187758076269,0.4831856258346485,0.4834364761558063,0.48082559843673667,0.23189717595944967,0.4858721587341454,0.48906288839174744,0.4489629930866206,0.4890547263681592,0.48752778463818225,0.48966633466135456,0.4956030150753769,0.4879118126017788,0.4833000997008973,0.48694451418528745,0.43504026743655977,0.4314179796107507,0.18409311348205626,0.17412171242081015,0.03477660064486412,0.03581526861451461,0.43455497382198954,0.43504026743655977,0.17986296155310239,0.18409311348205626,0.03477660064486412,0.48798498122653317,0.48064476737086337,0.48216743836816417,0.4833880978459292,0.42886032067022967,0.42279708973322555,0.48906288839174744,0.48294281898749547,0.48467480687764763,0.4826916069476497
B3a_LogRatio_VV_faithful_bldg,0.0,0.0,0.0,0.0,0.0,0.0,0.0,0.3072116636292632,0.0,0.0,0.31299524564183834,0.0,0.0,0.33509234828496043,0.0,0.35448798988622,0.36541391569324533,0.0,0.0,0.4077647058823529,0.0,0.46105581999134576,0.38224414303329224,0.0,0.0,0.40667139815471964,0.0,0.4611555940272668,0.0,0.0,0.0,0.0,0.0,0.0,0.0,0.0,0.0,0.0,0.0,0.0,0.35255603122639134,0.0,0.6108949416342413,0.0,1.0,0.0,0.0,0.0,0.0,0.0,0.20076650943396226,0.0,0.22374963439602222,0.0,0.2532299741602067,0.0,0.21473121473121473,0.0,0.21997063142437592,0.0,0.2224168126094571,0.0,0.0,0.0,0.24418278665545276,0.0,0.0,0.22284368560494555,0.0,0.0,0.2802843861088324,0.0,0.0,0.23054671680647962,0.0,0.0,0.0,0.0,0.0,0.0,0.0,0.0,0.0,0.0,0.0,0.0,0.0,0.0,0.0,0.0,0.0,0.0,0.0,0.0,0.0,0.0,0.0,0.0,0.0,0.0,0.0,0.0,0.0,0.0,0.0,0.0,0.0,0.0,0.0,0.0,0.0,0.0,0.0,0.0,0.0,0.0,0.0,0.0,0.0,0.0,0.0,0.0,0.0,0.0,0.0,0.0,0.0,0.0,0.0,0.0,0.0,0.0,0.0,0.0,0.0,0.0,0.0,0.0,0.0,0.0,0.0,0.0,0.0,0.0,0.0,0.0,0.0,0.0,0.0,0.0,0.0,0.0,0.0,0.0,0.0,0.0,0.0,0.0,0.0,0.0,0.0,0.0,0.0,0.0,0.0,0.0,0.0,0.0,0.0,0.0,0.0,0.0,0.0,0.0,0.0,0.0,0.0,0.0,0.0,0.0,0.0,0.0,0.0,0.0,0.0,0.0,0.0,0.0,0.0,0.0,0.0,0.0,0.0,0.0,0.0,0.0,0.0,0.0,0.0,0.0,0.0,0.0,0.0,0.0,0.0,0.0,0.0,0.0,0.0,0.0
B4_step1_card,0.022727272727272728,0.2320190212007133,0.229,0.6080132176786451,0.6206035379812695,0.4730573994533385,0.4730573994533385,0.0,0.5603161397670549,0.5603161397670549,0.0,0.47884316770186336,0.47884316770186336,0.0,0.31737370181306107,0.0,0.0,0.3099721059972106,0.354081798924556,0.0,0.39981990094552006,0.0,0.0,0.33858267716535434,0.36438718202841097,0.0,0.3998799159411588,0.0,0.025119316754584276,0.016781083142639208,0.023556231003039513,0.02201974183750949,0.015768056968463885,0.02201974183750949,0.007439712673165726,0.008978963571062083,0.020748987854251014,0.37350877192982457,0.38741484403011833,0.30442712651301607,0.0,0.3307926829268293,0.0,0.3242101706369319,0.0,1.0,0.47234490010515245,0.00804985717995326,0.007253886010362694,0.34662835896569205,0.0,0.4024927800577595,0.0,0.4668415136755339,0.0,0.3591502174640348,0.0,0.4593172484599589,0.0,0.46723044397463004,0.0,0.46841121495327104,0.4687538979668205,0.4693320089396573,0.0,0.46892445106066244,0.4685948361469712,0.0,0.4478511530398323,0.44072948328267475,0.0,0.4705229403058707,0.4676796612280483,0.0,0.4680930930930931,0.4680930930930931,0.4689314391599753,0.4689314391599753,0.4663671533757644,0.4689314391599753,0.4656813627254509,0.469302038295244,0.4636271785804496,0.46652110625909754,0.4629109128681413,0.46640795537230173,0.4613313754282917,0.46646452395391147,0.4629109128681413,0.4643906020558003,0.46321192862380833,0.4664238008500304,0.46609139523578025,0.46239452121805064,0.46773386693346675,0.4669149596523898,0.4643906020558003,0.46321192862380833,0.46609139523578025,0.46239452121805064,0.4656386595434677,0.46638349514563104,0.4661572052401747,0.4652179191453199,0.4667070952092177,0.40023201856148494,0.40023201856148494,0.46634323832625835,0.46489632593670427,0.4698467622343055,0.4658539619355641,0.4678340784898162,0.45197879423005793,0.46991226986284446,0.4693096208472274,0.4685792349726776,0.4698467622343055,0.4356796116504854,0.4685792349726776,0.4665292262915353,0.46832266967758124,0.398533724340176,0.46892445106066244,0.4478511530398323,0.46224024328433855,0.4679950186799502,0.398533724340176,0.4559697460831983,0.4487818010499394,0.4229021913415286,0.38200155159038013,0.3601647916336555,0.40111619919862623,0.46823324630113144,0.46848402615024054,0.45194324491054905,0.4645747727555722,0.40111619919862623,0.4487005955603682,0.4520437070012141,0.4229021913415286,0.4685495806610755,0.46932171748599877,0.4627112183966459,0.3054545454545455,0.3992727272727273,0.4611522530438057,0.33525131155863935,0.4278693263949118,0.30355276907001044,0.46789105447276363,0.371112536069253,0.46615693156179494,0.4690651064359517,0.36873997504901085,0.36873997504901085,0.36873997504901085,0.3335974643423138,0.26328638497652584,0.4512394614319869,0.3457987795337193,0.2953630796150481,0.308658516161447,0.4675498298492951,0.4676708302718589,0.466626213592233,0.3788218793828892,0.466504854368932,0.3788218793828892,0.4667394998786113,0.10870051442630284,0.4675498298492951,0.4484737484737485,0.46703096539162114,0.46700692672256655,0.46707968901846453,0.4669822772517601,0.4676708302718589,0.2601626016260163,0.4647957905286896,0.46892445106066244,0.43523809523809526,0.46944858420268254,0.4687885516901061,0.467850049652433,0.45157310302282544,0.46688327918020495,0.4645747727555722,0.4656899574254946,0.3777580334666074,0.37372065021071643,0.18710191082802546,0.2087378640776699,0.04841040462427745,0.0457002457002457,0.37324154444777013,0.3777580334666074,0.21593417619907687,0.18710191082802546,0.04841040462427745,0.46789105447276363,0.4696505211526671,0.46832266967758124,0.4683158664391908,0.40478248343416884,0.44561598224195337,0.46892445106066244,0.4675498298492951,0.4688786329050767,0.4676477742641693
B4_step2_card+coh,0.06040480708412397,0.5984365952518819,0.5962496337532962,0.42092603728202044,0.43609479440956045,0.3538948200869909,0.3538948200869909,0.0,0.4004939287919325,0.4004939287919325,0.0,0.36933728981206726,0.36933728981206726,0.0,0.3130199264848133,0.0,0.0,0.32652266978011285,0.3616526560543731,0.0,0.40485104997558197,0.0,0.0,0.32842223051100333,0.3507769244507948,0.0,0.40308943089430893,0.0,0.01378070701018574,0.018821351434742364,0.012719563900666263,0.023590686274509803,0.0188504326328801,0.023590686274509803,0.00685785536159601,0.007785736530675802,0.01675807434491164,0.3117528048556189,0.3286792452830189,0.28058581889623146,0.0,0.2683790965456156,0.0,0.2603247440875397,0.0,0.47234490010515245,1.0,0.010469543147208122,0.012373096446700508,0.32949350886816603,0.0,0.3516083029630803,0.0,0.381,0.0,0.3512825177369474,0.0,0.37853545137543587,0.0,0.38089314591367085,0.0,0.3808693486112841,0.37906137184115524,0.38090514569125855,0.0,0.3814305194000248,0.3813895781637717,0.0,0.363851929917007,0.3635756280064137,0.0,0.38183161004431315,0.38121340475893856,0.0,0.3795,0.3795,0.3819753086419753,0.3819753086419753,0.38041713500686897,0.3819753086419753,0.37528117970507374,0.3797905113986445,0.37751359554824837,0.38214242387480285,0.3799265605875153,0.38188212466650495,0.37857055289935027,0.38192844147968463,0.3799265605875153,0.38214373313711064,0.3790362035225049,0.3817850637522769,0.381044957472661,0.380193651182743,0.38264028056112226,0.3796997146047897,0.38214373313711064,0.3790362035225049,0.381044957472661,0.380193651182743,0.3826890347678094,0.3822993808425398,0.38244932637456003,0.3824459032336494,0.3821710127349909,0.3167254556143445,0.3167254556143445,0.38163958282803784,0.38289601554907676,0.3813224771773995,0.3706267771047101,0.38007196922695125,0.365541040177471,0.3813987911681263,0.3810110974106042,0.38064516129032255,0.3813224771773995,0.4485369049352162,0.38064516129032255,0.38183581908572817,0.3801880877742947,0.3270789552686881,0.3814305194000248,0.363851929917007,0.37636455953287634,0.38136754265786527,0.3270789552686881,0.3536045106725735,0.3502347417840376,0.32835024025627335,0.3169714469040744,0.3447570332480818,0.34447072738024836,0.382089552238806,0.3816568047337278,0.3646000246517934,0.3692612300457864,0.34447072738024836,0.3558265582655827,0.35418348130212535,0.32835024025627335,0.38173302107728335,0.3829204531308353,0.37941589083025123,0.2515090543259557,0.27362260919212106,0.36936936936936937,0.24943546986277576,0.3569317174105823,0.24940180379164367,0.3801198801198801,0.33355966728908504,0.3808686919407482,0.3831589436970603,0.32630579297245965,0.32630579297245965,0.32630579297245965,0.16357605909844716,0.18142633228840124,0.323400097703957,0.19269654443941453,0.38097199341021415,0.3605429172242401,0.3816636308439587,0.3824862216778934,0.3815358485988111,0.2776612113582319,0.38158214025721915,0.2776612113582319,0.38162844315010314,0.2540476891374742,0.3816636308439587,0.3652035701185964,0.38172108265566207,0.38129933211900424,0.38123558684306347,0.38103322823187,0.3824862216778934,0.5337959393472115,0.3779922296027071,0.3814305194000248,0.44882352941176473,0.3815136476426799,0.38160976211019354,0.38064516129032255,0.36439842209072976,0.3790906819885086,0.3692612300457864,0.3789302267318051,0.2039446076374318,0.2013681060282172,0.38060288335517695,0.3873850197109067,0.025525946704067323,0.02683208309290248,0.2009915014164306,0.2039446076374318,0.40661070304302205,0.38060288335517695,0.025525946704067323,0.3801198801198801,0.3775933609958506,0.3801880877742947,0.38203067932797663,0.33377522462807485,0.35606694560669455,0.3814305194000248,0.3816636308439587,0.38159371492704824,0.38186679630529896
B4_step3_card+coh+optical,0.15270935960591134,0.013929928239763613,0.014372822299651568,0.005572441742654508,0.0063355296502787635,0.0024193548387096775,0.0024193548387096775,0.0,0.00326619488296135,0.00326619488296135,0.0,0.003430079155672823,0.003430079155672823,0.0,0.004381161007667032,0.0,0.0,0.0043454644215100485,0.005144263028405279,0.0,0.005840481839751779,0.0,0.0,0.004012036108324975,0.005202442886224836,0.0,0.005841548010222709,0.0,0.051587301587301584,0.14375,0.07142857142857142,0.15025906735751296,0.14838709677419354,0.15025906735751296,0.08823529411764706,0.10377358490566038,0.09,0.00325,0.0020434227330779057,0.004961548002976929,0.0,0.004224652087475149,0.0,0.002742458239840439,0.0,0.00804985717995326,0.010469543147208122,1.0,0.5319148936170213,0.007522446008250425,0.0,0.0025940337224383916,0.0,0.004179331306990881,0.0,0.0011617100371747212,0.0,0.004387131082159,0.0,0.004151465593156372,0.0,0.004158790170132325,0.0037835792659856224,0.0041327489041953665,0.0,0.004129129129129129,0.004134302179904786,0.0,0.004303762321255033,0.004394046775336641,0.0,0.004087193460490463,0.004158790170132325,0.0,0.004058338617628408,0.004058338617628408,0.00410345685152947,0.00410345685152947,0.004049607694254619,0.0039786149446723856,0.004074357015533486,0.004101926662523307,0.004133832838134608,0.004004368401892974,0.003939431244614059,0.004003396821545554,0.003953545836422041,0.004003882552778452,0.003939431244614059,0.0040650406504065045,0.004062538471008248,0.004011182691138933,0.004017531044558071,0.004069552349241583,0.0041841004184100415,0.004142086105183884,0.0040650406504065045,0.004062538471008248,0.004017531044558071,0.004069552349241583,0.004013621989783508,0.004007772649987855,0.004005826656955572,0.0040145985401459855,0.004002911208151383,0.005682796624763217,0.005682796624763217,0.004004368401892974,0.004008746355685131,0.004101926662523307,0.004158790170132325,0.004140526976160602,0.0041624621594349145,0.0041009071703740525,0.004100397614314116,0.004137412236710131,0.004101926662523307,0.0048543689320388345,0.004137412236710131,0.004002911208151383,0.0036900369003690036,0.00403579575364099,0.004129129129129129,0.004303762321255033,0.004160166406656267,0.0041566947978334805,0.00403579575364099,0.0033136435672093357,0.0039017341040462426,0.00411462160176341,0.005728960885025681,0.002312381753205802,0.004539340954942838,0.004145728643216081,0.004096325719960278,0.004167192827377194,0.004170352584354859,0.004539340954942838,0.0039358600583090375,0.0039011703511053317,0.00411462160176341,0.004095309009679821,0.004147291692849064,0.004305845511482255,0.0,0.0,0.0012795905310300703,0.0,0.0006602839220864972,0.0,0.004177215189873418,0.0014799154334038055,0.004204892966360856,0.004023638878410662,0.0,0.0,0.0,0.0,0.008313127814340146,0.0,0.0,0.0013958682300390843,0.0027589666415851516,0.0040116703136396795,0.004056047197640118,0.004006799417192812,0.005516549648946841,0.004007285974499089,0.005516549648946841,0.004007772649987855,0.0,0.0040116703136396795,0.003992514036182159,0.004008746355685131,0.004013133892739876,0.004010695187165776,0.004006799417192812,0.004056047197640118,0.01171875,0.004207573632538569,0.004129129129129129,0.004925373134328359,0.004133784291619692,0.004095817301725208,0.004137412236710131,0.00416877210712481,0.004183039675497528,0.004170352584354859,0.00420061099796334,0.0,0.0,0.0,0.0,0.06547619047619048,0.08108108108108109,0.0,0.0,0.0,0.0,0.06547619047619048,0.004177215189873418,0.003932653312031461,0.0036900369003690036,0.003901963175222534,0.003041568097330179,0.00364741641337386,0.004129129129129129,0.0040116703136396795,0.0037831021437578815,0.003771289537712895
B4_step4_all+methods,0.18226600985221675,0.01646264246517518,0.016986062717770034,0.005055611729019211,0.006071338224133569,0.004302231782737295,0.004302231782737295,0.0,0.005720512122037592,0.005720512122037592,0.0,0.005013192612137203,0.005013192612137203,0.0,0.006575342465753425,0.0,0.0,0.0048833423765599565,0.006261180679785331,0.0,0.006935572184705238,0.0,0.0,0.006526104417670682,0.007243096423721141,0.0,0.0071206865072119775,0.0,0.08835341365461848,0.18125,0.10526315789473684,0.1875,0.1870967741935484,0.1875,0.08333333333333333,0.09821428571428571,0.12562814070351758,0.00475,0.0030635690579525147,0.005203171456888008,0.0,0.004467609828741623,0.0,0.00298804780876494,0.0,0.007253886010362694,0.012373096446700508,0.5319148936170213,1.0,0.009468317552804079,0.0,0.0027767493520918177,0.0,0.004939209726443769,0.0,0.0009278589654372535,0.0,0.005184791278915182,0.0,0.004906277519184803,0.0,0.004914933837429111,0.004286975160761568,0.0048841577958672515,0.0,0.00487987987987988,0.004885993485342019,0.0,0.004857737682165163,0.005387014459880919,0.0,0.004830319544216002,0.004914933837429111,0.0,0.004819277108433735,0.004819277108433735,0.004849539915443919,0.004849539915443919,0.00480890913692736,0.004724605246798458,0.004838298955946015,0.004847731510254817,0.004908926495284847,0.004732435384055333,0.004678074602979195,0.004731287152735655,0.004694835680751174,0.00473186119873817,0.004678074602979195,0.004804138950480414,0.004801181829373384,0.004740488634982375,0.004747991234477721,0.004809470958194599,0.00494484594903005,0.004895192669762772,0.004804138950480414,0.004801181829373384,0.004747991234477721,0.004809470958194599,0.004743371442471419,0.004736458586349283,0.0047341587764020395,0.004744525547445255,0.004730713245997089,0.006716032374720166,0.006716032374720166,0.004732435384055333,0.0047376093294460644,0.004847731510254817,0.004914933837429111,0.004893350062735257,0.004919273461150353,0.004846526655896607,0.004845924453280318,0.0048896690070210636,0.004847731510254817,0.005736981465136805,0.0048896690070210636,0.004730713245997089,0.004197939193486834,0.004736011226100684,0.00487987987987988,0.004857737682165163,0.004678970626462178,0.004912457488348659,0.004736011226100684,0.004322766570605188,0.004914004914004914,0.0047010430439253705,0.0063178677196446195,0.0029411764705882353,0.005379055303412338,0.004899497487437186,0.004841112214498511,0.0049248642505366836,0.004928598508783015,0.005379055303412338,0.004810495626822157,0.004913294797687861,0.0047010430439253705,0.004839910647803425,0.00490134472791253,0.0050887265135699375,0.0,0.0,0.0017909684022003327,0.00024515812699190976,0.0014853936293117676,0.0,0.004936708860759494,0.001689545934530095,0.004969418960244648,0.004904426559356137,0.0,0.0,0.0,0.0,0.009691934925579786,0.0,0.0,0.0022315202231520223,0.003006012024048096,0.004741064916119621,0.004793510324483776,0.00473530840213696,0.006519558676028084,0.004735883424408015,0.006519558676028084,0.004736458586349283,0.0,0.004741064916119621,0.00486648365360619,0.0047376093294460644,0.0047427946005107625,0.0047399124939231894,0.00473530840213696,0.004793510324483776,0.013849431818181818,0.004972587020272855,0.00487987987987988,0.0058208955223880594,0.004885381435550545,0.004840511356584336,0.0048896690070210636,0.004926730672056594,0.004943592343769806,0.004928598508783015,0.004964358452138493,0.0,0.0,0.0,0.0,0.07524752475247524,0.09582309582309582,0.0,0.0,0.0,0.0,0.07524752475247524,0.004936708860759494,0.004793510324483776,0.004197939193486834,0.004633581270576759,0.0035466981928728254,0.004559270516717325,0.00487987987987988,0.004741064916119621,0.004539722572509458,0.004623433507726001
B5_UISEM_ExtraTrees_Optuna,0.030042918454935622,0.2716581732653861,0.2700455355375173,0.345582094538166,0.3459739391914467,0.33202658939832963,0.33202658939832963,0.0,0.325827362674855,0.325827362674855,0.0,0.32410204766700235,0.32410204766700235,0.0,0.2912572855953372,0.0,0.0,0.29495924139078356,0.33707339878447873,0.0,0.381459622858788,0.0,0.0,0.31501950585175553,0.3311485642946317,0.0,0.3813156758312941,0.0,0.0381770460510618,0.029667149059334298,0.03035372848948375,0.03483065097285611,0.027717522294528802,0.03483065097285611,0.017207949587978673,0.01890909090909091,0.033125300048007685,0.35118451785118454,0.3469559367642112,0.34562593021332894,0.0,0.32210834553440704,0.0,0.3241874897925853,0.0,0.34662835896569205,0.32949350886816603,0.007522446008250425,0.009468317552804079,1.0,0.0,0.7214065615370673,0.0,0.5216565349544073,0.0,0.8042123361272298,0.0,0.5475937250731189,0.0,0.518178387218518,0.0,0.5185185185185185,0.5158570349861565,0.5154626267684989,0.0,0.5153903903903904,0.516036081182661,0.0,0.5445490517123754,0.5499445061043285,0.0,0.5101560564775823,0.5190926275992439,0.0,0.5216784989858012,0.5216784989858012,0.5104955906098622,0.5104955906098622,0.520748987854251,0.510307998012916,0.5237367952144585,0.508806747705284,0.5294041784885221,0.4996360106770201,0.49773644928422855,0.49969671236200414,0.498588783899865,0.4995753973068058,0.49773644928422855,0.4959657701711491,0.494384765625,0.4990286546867411,0.4990883675701957,0.49486552567237163,0.51533510034078,0.516626929351236,0.4959657701711491,0.494384765625,0.4990883675701957,0.49486552567237163,0.49878552343939764,0.49951444525370237,0.5,0.49836065573770494,0.49963609898107714,0.3954730774637987,0.3954730774637987,0.4994540822516074,0.5,0.5119950279676818,0.5133709981167608,0.5162423178226514,0.49577849515768563,0.511867776811234,0.5118041749502982,0.5162341732480883,0.5119950279676818,0.46891819160387516,0.5162341732480883,0.49963609898107714,0.5172326406487583,0.6184818481848184,0.5153903903903904,0.5445490517123754,0.5337662337662338,0.5188310870386699,0.6184818481848184,0.48781473003904674,0.49498644986449863,0.4759394430927278,0.6179478138222849,0.6906625930876455,0.6118231336110221,0.517462311557789,0.5103585163131125,0.4952179853434356,0.5128882182824092,0.6118231336110221,0.4974072052401747,0.48886789906895156,0.4759394430927278,0.5102319236016372,0.5163234555499749,0.5241236580002587,0.5846185064935064,0.4847620477405795,0.5148162279028361,0.5860058309037901,0.5427181514138036,0.5823301367067946,0.5210073399139459,0.6857088269010317,0.5234882240611076,0.5174104336895035,0.40014089468122577,0.40014089468122577,0.40014089468122577,0.31870634679623444,0.38307966001186006,0.48185812931575644,0.32284521324187293,0.3111756664388243,0.26748196926936346,0.4989072365225838,0.49761701087620674,0.4993932038834951,0.45296317606444186,0.49945381721082655,0.45296317606444186,0.4993324432576769,0.1410172451429819,0.4989072365225838,0.4859767299448867,0.49927166788055355,0.4990890319446131,0.4991500728508985,0.4992112607693241,0.49761701087620674,0.29408471729800334,0.5244042309162738,0.5153903903903904,0.47498295841854127,0.5159714393085306,0.5102952121061771,0.5164242728184554,0.49503105590062113,0.5221194067689188,0.5128882182824092,0.5231493258712796,0.3321274523445109,0.34032235059192695,0.26707317073170733,0.2966576707494291,0.0656984785615491,0.06770464732248171,0.3381498795863437,0.3321274523445109,0.29586404586404585,0.26707317073170733,0.0656984785615491,0.5210073399139459,0.49706816516002933,0.5172326406487583,0.5001217730150999,0.5971314741035857,0.46981988175443423,0.5153903903903904,0.4989072365225838,0.5182757751449458,0.49957457153275797
B5_UISEM_ExtraTrees_Optuna_bldg,0.0,0.0,0.0,0.0,0.0,0.0,0.0,0.22894736842105262,0.0,0.0,0.21050903119868636,0.0,0.0,0.21071199486850545,0.0,0.18751822688830563,0.1891891891891892,0.0,0.0,0.20585215605749488,0.0,0.22053571428571428,0.19833564493758668,0.0,0.0,0.20408163265306123,0.0,0.21922390722569135,0.0,0.0,0.0,0.0,0.0,0.0,0.0,0.0,0.0,0.0,0.0,0.0,0.22592259225922592,0.0,0.19515752625437574,0.0,0.20076650943396226,0.0,0.0,0.0,0.0,0.0,1.0,0.0,0.6434240362811792,0.0,0.4701670644391408,0.0,0.7145476772616137,0.0,0.6319681456200228,0.0,0.5590762620837809,0.0,0.0,0.0,0.46107506950880445,0.0,0.0,0.5195974576271186,0.0,0.0,0.34641300039635353,0.0,0.0,0.5335743801652892,0.0,0.0,0.0,0.0,0.0,0.0,0.0,0.0,0.0,0.0,0.0,0.0,0.0,0.0,0.0,0.0,0.0,0.0,0.0,0.0,0.0,0.0,0.0,0.0,0.0,0.0,0.0,0.0,0.0,0.0,0.0,0.0,0.0,0.0,0.0,0.0,0.0,0.0,0.0,0.0,0.0,0.0,0.0,0.0,0.0,0.0,0.0,0.0,0.0,0.0,0.0,0.0,0.0,0.0,0.0,0.0,0.0,0.0,0.0,0.0,0.0,0.0,0.0,0.0,0.0,0.0,0.0,0.0,0.0,0.0,0.0,0.0,0.0,0.0,0.0,0.0,0.0,0.0,0.0,0.0,0.0,0.0,0.0,0.0,0.0,0.0,0.0,0.0,0.0,0.0,0.0,0.0,0.0,0.0,0.0,0.0,0.0,0.0,0.0,0.0,0.0,0.0,0.0,0.0,0.0,0.0,0.0,0.0,0.0,0.0,0.0,0.0,0.0,0.0,0.0,0.0,0.0,0.0,0.0,0.0,0.0,0.0,0.0,0.0,0.0,0.0,0.0,0.0,0.0,0.0,0.0,0.0,0.0,0.0,0.0,0.0
B5_UISEM_LightGBM_Optuna,0.017694272163444,0.27732893652102225,0.2739043824701195,0.4037070524412297,0.40322337701461064,0.38070602556299454,0.38070602556299454,0.0,0.37646700198140526,0.37646700198140526,0.0,0.379788838612368,0.379788838612368,0.0,0.35147698305593045,0.0,0.0,0.35516259553424245,0.41222907994832786,0.0,0.47720778337188735,0.0,0.0,0.383192779997041,0.4101123595505618,0.0,0.47707171043679414,0.0,0.027472527472527472,0.018422991893883568,0.022393538913362702,0.022030475491096015,0.01712707182320442,0.022030475491096015,0.011681809753384016,0.01260659992584353,0.023362766740250184,0.411888955944478,0.41237427613532457,0.41676718938480095,0.0,0.39880774962742177,0.0,0.4026654687032046,0.0,0.4024927800577595,0.3516083029630803,0.0025940337224383916,0.0027767493520918177,0.7214065615370673,0.0,1.0,0.0,0.6806786528234996,0.0,0.7616788321167883,0.0,0.714969423025791,0.0,0.6765630896968172,0.0,0.6775453629032258,0.6762000755953131,0.6730937773882559,0.0,0.6729229229229229,0.6735563071526995,0.0,0.700784207679827,0.7005471956224351,0.0,0.666088679712658,0.6777567737870195,0.0,0.6812880324543611,0.6812880324543611,0.6662527936429103,0.6662527936429103,0.6802480070859167,0.6656323693682512,0.6822631913541004,0.6643521388716677,0.6872025723472669,0.6517889630078836,0.6473459426479561,0.6518311908804268,0.6470228634307372,0.6515096398690433,0.6473459426479561,0.646054396877668,0.6436571706841977,0.6514930808448652,0.6507165411707554,0.6451573554525494,0.6721290810538257,0.6739839438033116,0.646054396877668,0.6436571706841977,0.6507165411707554,0.6451573554525494,0.6508861374119932,0.6517412935323383,0.6520262072312546,0.6504430149289963,0.6523532265890345,0.4810646186440678,0.4810646186440678,0.6517889630078836,0.652701882210079,0.6684897451833437,0.6546109868257519,0.6720531128648378,0.6520983362304446,0.6683235988567168,0.6680332960616225,0.6725951903807615,0.6684897451833437,0.5970619097586569,0.6725951903807615,0.6519524617996605,0.6769737675833227,0.7701535508637236,0.6729229229229229,0.700784207679827,0.6977136918680177,0.677415291598438,0.7701535508637236,0.6247360084477297,0.6298064173959163,0.6040569020021075,0.6851283707411594,0.7633827375762859,0.761045426260112,0.6756281407035176,0.6659226190476191,0.6515960750217364,0.6537265148687321,0.761045426260112,0.6270284650172918,0.6245539844059733,0.6040569020021075,0.6657575006198859,0.6731493099121706,0.6748426865288301,0.5756733275412684,0.5913502711961176,0.6762122947689958,0.6084357923497268,0.6662284545720129,0.5701097369796203,0.679271531554319,0.7712579058327477,0.6773620798985416,0.6727318358639729,0.4559683794466403,0.4559683794466403,0.4559683794466403,0.4059097978227061,0.39106992417860154,0.6349981224183252,0.41797312430011196,0.36491442542787283,0.3362414187643021,0.6507705375561218,0.6482497865593365,0.6513828238719068,0.5457885426588651,0.6514618464151402,0.5457885426588651,0.6509399636143117,0.15759414599321792,0.6507705375561218,0.6377644612938731,0.6512982285852948,0.6508071367884452,0.6508129094879883,0.6517835476826013,0.6482497865593365,0.31187960294588535,0.6801372474266107,0.6729229229229229,0.6044102019128587,0.6736815733433547,0.666046626984127,0.6738530960140386,0.6514285714285715,0.6810694374049671,0.6537265148687321,0.6811483739837398,0.45156103443655365,0.4611271081859317,0.27194024783568155,0.2877487989018531,0.0481111903064861,0.04895738893925657,0.45964003272429776,0.45156103443655365,0.296872329516322,0.27194024783568155,0.0481111903064861,0.679271531554319,0.6480487804878049,0.6769737675833227,0.6514230114327414,0.7503491078355314,0.5923507462686567,0.6729229229229229,0.6507705375561218,0.6759037662174078,0.6522056142909224
B5_UISEM_LightGBM_Optuna_bldg,0.0,0.0,0.0,0.0,0.0,0.0,0.0,0.2433742727860375,0.0,0.0,0.22880258899676376,0.0,0.0,0.22509457755359394,0.0,0.2065186039803865,0.21263704558568955,0.0,0.0,0.22584756563854194,0.0,0.24198575244879786,0.22437137330754353,0.0,0.0,0.22673521850899742,0.0,0.2414867571778322,0.0,0.0,0.0,0.0,0.0,0.0,0.0,0.0,0.0,0.0,0.0,0.0,0.2498511018463371,0.0,0.22717993584135315,0.0,0.22374963439602222,0.0,0.0,0.0,0.0,0.0,0.6434240362811792,0.0,1.0,0.0,0.5750246791707798,0.0,0.6826312752452395,0.0,0.8992989165073295,0.0,0.6923076923076923,0.0,0.0,0.0,0.5632183908045977,0.0,0.0,0.5577626764244642,0.0,0.0,0.4009584664536741,0.0,0.0,0.6409163558870538,0.0,0.0,0.0,0.0,0.0,0.0,0.0,0.0,0.0,0.0,0.0,0.0,0.0,0.0,0.0,0.0,0.0,0.0,0.0,0.0,0.0,0.0,0.0,0.0,0.0,0.0,0.0,0.0,0.0,0.0,0.0,0.0,0.0,0.0,0.0,0.0,0.0,0.0,0.0,0.0,0.0,0.0,0.0,0.0,0.0,0.0,0.0,0.0,0.0,0.0,0.0,0.0,0.0,0.0,0.0,0.0,0.0,0.0,0.0,0.0,0.0,0.0,0.0,0.0,0.0,0.0,0.0,0.0,0.0,0.0,0.0,0.0,0.0,0.0,0.0,0.0,0.0,0.0,0.0,0.0,0.0,0.0,0.0,0.0,0.0,0.0,0.0,0.0,0.0,0.0,0.0,0.0,0.0,0.0,0.0,0.0,0.0,0.0,0.0,0.0,0.0,0.0,0.0,0.0,0.0,0.0,0.0,0.0,0.0,0.0,0.0,0.0,0.0,0.0,0.0,0.0,0.0,0.0,0.0,0.0,0.0,0.0,0.0,0.0,0.0,0.0,0.0,0.0,0.0,0.0,0.0,0.0,0.0,0.0,0.0,0.0
B5_UISEM_Model2_full_F8,0.02247758555373153,0.28569639278557113,0.2775131611932815,0.47176616915422886,0.4750093481241431,0.4482758620689655,0.4482758620689655,0.0,0.4443471735867934,0.4443471735867934,0.0,0.4569751467465967,0.4569751467465967,0.0,0.4340256187041413,0.0,0.0,0.4395467563192629,0.5306577480490524,0.0,0.6480591497227357,0.0,0.0,0.4739783877779158,0.5254090233019336,0.0,0.6481390189795415,0.0,0.029251614537166012,0.0186099506266616,0.02379746835443038,0.023547284466388152,0.017976959108747942,0.023547284466388152,0.009878419452887538,0.010638297872340425,0.023040891252057223,0.48079800498753117,0.47196203322093166,0.4879480454602223,0.0,0.48911683762822117,0.0,0.48729821048679767,0.0,0.4668415136755339,0.381,0.004179331306990881,0.004939209726443769,0.5216565349544073,0.0,0.6806786528234996,0.0,1.0,0.0,0.5415400202634245,0.0,0.948685540950455,0.0,0.9826076076076076,0.0,0.9793698424606152,0.9710975457829825,0.9804214989400175,0.0,0.9800598205383848,0.9817773339990015,0.0,0.900906572651725,0.8927576601671309,0.0,0.9774640911342248,0.9950850661625709,0.0,0.9767004885381435,0.9767004885381435,0.9737461300309598,0.9737461300309598,0.9778389883560786,0.9735017335314512,0.9703490554234956,0.973628822582642,0.957436154231347,0.9569488236720834,0.9446400388490955,0.9569540438947496,0.9411193395653757,0.957070094591317,0.9446400388490955,0.9429750060664888,0.9440533980582524,0.9552510308028135,0.9536745088527772,0.9425901201602136,0.962083540527101,0.9732553800223909,0.9429750060664888,0.9440533980582524,0.9536745088527772,0.9425901201602136,0.9551188743328481,0.9563371740448757,0.9568223165554882,0.9551134295766105,0.9570753001091306,0.6881852901318221,0.6881852901318221,0.9567115314659876,0.9558573853989814,0.9797565822155986,0.9600099046675746,0.973137669444099,0.958658249783389,0.9792675356921167,0.9789003351123247,0.975357809583074,0.9797565822155986,0.8321695760598504,0.975357809583074,0.9570753001091306,0.9627414330218068,0.7200557103064067,0.9800598205383848,0.900906572651725,0.9653259361997226,0.9803651825912957,0.7200557103064067,0.8487531172069825,0.851018622672166,0.8308209791952161,0.6385024032380471,0.5992656368700937,0.7518673249778453,0.9797727556498939,0.9747462243129488,0.9577865808368408,0.9572861210845611,0.7518673249778453,0.8428285857071465,0.8460675557771408,0.8308209791952161,0.9749938103490963,0.9707856787667827,0.9384577052447988,0.46546926385024034,0.7178230266465561,0.9488198757763975,0.5081490840176879,0.7535574864626622,0.4588235294117647,0.9762292005504817,0.5955426111181461,0.967016491754123,0.9706540661526983,0.4736114601658708,0.4736114601658708,0.4736114601658708,0.5501928100510014,0.36035353535353537,0.90185546875,0.5733300161711655,0.4366373902132999,0.47653429602888087,0.9553668890236507,0.9451589420043679,0.9563424690759156,0.7222635889798957,0.956221198156682,0.7222635889798957,0.9560999272374484,0.13859382903388973,0.9553668890236507,0.9308252427184466,0.9560946027895695,0.9550030321406914,0.955372301722047,0.9561052503940827,0.9451589420043679,0.33682765506052664,0.9659005745690732,0.9800598205383848,0.8281563126252505,0.9801720912832024,0.9746255724718406,0.9802869619463506,0.9571729174402772,0.973125,0.9572861210845611,0.967032967032967,0.6570683877373712,0.6506703420623982,0.25435409096604433,0.2668099089989889,0.05,0.050879635489178586,0.6566023552994237,0.6570683877373712,0.2771388853784911,0.25435409096604433,0.05,0.9762292005504817,0.9449229649399491,0.9627414330218068,0.9541095058880661,0.7460458053903581,0.7718309859154929,0.9800598205383848,0.9553668890236507,0.9751591561602796,0.9541595925297114
B5_UISEM_Model2_full_F8_bldg,0.0,0.0,0.0,0.0,0.0,0.0,0.0,0.25326695706285,0.0,0.0,0.2365557973267019,0.0,0.0,0.23429438543247344,0.0,0.22929577464788733,0.23527754296985065,0.0,0.0,0.24781195298824707,0.0,0.26844307421272845,0.24716062736614386,0.0,0.0,0.25424158014687265,0.0,0.26906126046716616,0.0,0.0,0.0,0.0,0.0,0.0,0.0,0.0,0.0,0.0,0.0,0.0,0.26058162971494386,0.0,0.24581322736304287,0.0,0.2532299741602067,0.0,0.0,0.0,0.0,0.0,0.4701670644391408,0.0,0.5750246791707798,0.0,1.0,0.0,0.4990319457889642,0.0,0.5916414904330313,0.0,0.6007014028056112,0.0,0.0,0.0,0.6459627329192547,0.0,0.0,0.5248432223830197,0.0,0.0,0.6243945398502863,0.0,0.0,0.8207705192629816,0.0,0.0,0.0,0.0,0.0,0.0,0.0,0.0,0.0,0.0,0.0,0.0,0.0,0.0,0.0,0.0,0.0,0.0,0.0,0.0,0.0,0.0,0.0,0.0,0.0,0.0,0.0,0.0,0.0,0.0,0.0,0.0,0.0,0.0,0.0,0.0,0.0,0.0,0.0,0.0,0.0,0.0,0.0,0.0,0.0,0.0,0.0,0.0,0.0,0.0,0.0,0.0,0.0,0.0,0.0,0.0,0.0,0.0,0.0,0.0,0.0,0.0,0.0,0.0,0.0,0.0,0.0,0.0,0.0,0.0,0.0,0.0,0.0,0.0,0.0,0.0,0.0,0.0,0.0,0.0,0.0,0.0,0.0,0.0,0.0,0.0,0.0,0.0,0.0,0.0,0.0,0.0,0.0,0.0,0.0,0.0,0.0,0.0,0.0,0.0,0.0,0.0,0.0,0.0,0.0,0.0,0.0,0.0,0.0,0.0,0.0,0.0,0.0,0.0,0.0,0.0,0.0,0.0,0.0,0.0,0.0,0.0,0.0,0.0,0.0,0.0,0.0,0.0,0.0,0.0,0.0,0.0,0.0,0.0,0.0,0.0
B5_UISEM_RF_Optuna,0.01381340579710145,0.29054185278694894,0.289892051030422,0.35684784404427555,0.3601589667163438,0.34186163945463727,0.34186163945463727,0.0,0.3400371810038871,0.3400371810038871,0.0,0.3345496765632775,0.3345496765632775,0.0,0.31543066178915863,0.0,0.0,0.31954137587238285,0.3668648310387985,0.0,0.4154694529095922,0.0,0.0,0.34228515625,0.3618121962690077,0.0,0.41491368054548095,0.0,0.015315315315315315,0.014207149404216315,0.013151927437641724,0.014081308198955257,0.01306141154903758,0.014081308198955257,0.012793672947197023,0.013717740060451058,0.016636280765724702,0.3612530915086562,0.3653235244942317,0.35522875816993466,0.0,0.33785529715762275,0.0,0.33867832847424684,0.0,0.3591502174640348,0.3512825177369474,0.0011617100371747212,0.0009278589654372535,0.8042123361272298,0.0,0.7616788321167883,0.0,0.5415400202634245,0.0,1.0,0.0,0.5684658335549057,0.0,0.5379292992829287,0.0,0.5388783868935098,0.5375504032258065,0.5351195693001127,0.0,0.535035035035035,0.5357053370082686,0.0,0.5617090760647707,0.5634833011316589,0.0,0.5296011890017339,0.5388783868935098,0.0,0.5423642820903095,0.5423642820903095,0.5303764442787924,0.5303764442787924,0.5411973167953423,0.5303764442787924,0.5417567052243549,0.5282808236169685,0.5474565357372827,0.5185005459177484,0.5167604599951064,0.5185589519650655,0.5169242089771892,0.5186218609729467,0.5167604599951064,0.5149737195941816,0.5131803758847937,0.5182756527018823,0.5181718731007657,0.5147994129158513,0.5370908631366106,0.5365210843373494,0.5149737195941816,0.5131803758847937,0.5181718731007657,0.5147994129158513,0.5180371674966597,0.5183881539021726,0.5188736497147712,0.5176099101287345,0.5186802523047065,0.4068647969861867,0.4068647969861867,0.5185005459177484,0.5190672820014574,0.5315102548166563,0.5168944099378882,0.5355485893416928,0.5148957298907646,0.5313781533490742,0.5313121272365805,0.5359157578036856,0.5315102548166563,0.5107776261937245,0.5359157578036856,0.5184960582171013,0.5396623937047849,0.6381719546276509,0.535035035035035,0.5617090760647707,0.5551656920077973,0.5386068774404836,0.6381719546276509,0.5042953020134228,0.5072737068965517,0.4762095161935226,0.6029538038811609,0.7154007233961546,0.6322683706070288,0.5371859296482412,0.5298350080635157,0.5145305514157973,0.516421995521274,0.6322683706070288,0.5044606650446066,0.5031564808596374,0.4762095161935226,0.5295138888888888,0.5362300640462138,0.5436328377504848,0.5724437425977102,0.5065227170490328,0.5412515964240102,0.6018875192604006,0.5634956759217115,0.5717123559793404,0.5410707505379065,0.7121067683508103,0.541905125270253,0.5369532428355958,0.4272887323943662,0.4272887323943662,0.4272887323943662,0.34091598422808617,0.3702355870522888,0.5093387178192832,0.3408584583395218,0.3386903744229783,0.2896713615023474,0.5177856015539638,0.5162472514048375,0.5180781363746664,0.439719298245614,0.5179568066003397,0.439719298245614,0.517835476826013,0.17734528755740214,0.5177856015539638,0.5040998653775548,0.5183296916727361,0.5177899210686095,0.5178441369264385,0.5182623468025725,0.5162472514048375,0.31552587646076796,0.5432318859034764,0.535035035035035,0.5176991150442478,0.535638231241388,0.5297692880178616,0.5361083249749248,0.5143460439696932,0.5416297047269041,0.516421995521274,0.5425301970756516,0.3524669909659486,0.3613565118267313,0.296875,0.3172186792840979,0.030838904464093164,0.03149779735682819,0.3588509975944531,0.3524669909659486,0.32665166700756804,0.296875,0.030838904464093164,0.5410707505379065,0.5153216945427909,0.5396623937047849,0.5190551564592719,0.6242221158449018,0.4848733744010951,0.535035035035035,0.5177856015539638,0.5386458201992183,0.5190273556231003
B5_UISEM_RF_Optuna_bldg,0.0,0.0,0.0,0.0,0.0,0.0,0.0,0.23738872403560832,0.0,0.0,0.22534745201853076,0.0,0.0,0.21694480102695765,0.0,0.19947198591962453,0.20075978959672705,0.0,0.0,0.21520618556701032,0.0,0.22954494507957857,0.21010044642857142,0.0,0.0,0.21632865314612584,0.0,0.22849462365591397,0.0,0.0,0.0,0.0,0.0,0.0,0.0,0.0,0.0,0.0,0.0,0.0,0.22881102126385144,0.0,0.2117820324005891,0.0,0.21473121473121473,0.0,0.0,0.0,0.0,0.0,0.7145476772616137,0.0,0.6826312752452395,0.0,0.4990319457889642,0.0,1.0,0.0,0.6682080924855491,0.0,0.5895481763745237,0.0,0.0,0.0,0.47236414305620067,0.0,0.0,0.5701849836779108,0.0,0.0,0.3563766388557807,0.0,0.0,0.5674540682414698,0.0,0.0,0.0,0.0,0.0,0.0,0.0,0.0,0.0,0.0,0.0,0.0,0.0,0.0,0.0,0.0,0.0,0.0,0.0,0.0,0.0,0.0,0.0,0.0,0.0,0.0,0.0,0.0,0.0,0.0,0.0,0.0,0.0,0.0,0.0,0.0,0.0,0.0,0.0,0.0,0.0,0.0,0.0,0.0,0.0,0.0,0.0,0.0,0.0,0.0,0.0,0.0,0.0,0.0,0.0,0.0,0.0,0.0,0.0,0.0,0.0,0.0,0.0,0.0,0.0,0.0,0.0,0.0,0.0,0.0,0.0,0.0,0.0,0.0,0.0,0.0,0.0,0.0,0.0,0.0,0.0,0.0,0.0,0.0,0.0,0.0,0.0,0.0,0.0,0.0,0.0,0.0,0.0,0.0,0.0,0.0,0.0,0.0,0.0,0.0,0.0,0.0,0.0,0.0,0.0,0.0,0.0,0.0,0.0,0.0,0.0,0.0,0.0,0.0,0.0,0.0,0.0,0.0,0.0,0.0,0.0,0.0,0.0,0.0,0.0,0.0,0.0,0.0,0.0,0.0,0.0,0.0,0.0,0.0,0.0,0.0
B5_UISEM_Tuned_Voting,0.022236929185969558,0.28454545454545455,0.27771993753253515,0.4649705957555612,0.4643496038844876,0.4404211607601438,0.4404211607601438,0.0,0.4337952270977675,0.4337952270977675,0.0,0.445653565484573,0.445653565484573,0.0,0.4250862179077788,0.0,0.0,0.42691326530612245,0.5120504731861198,0.0,0.6187274312040841,0.0,0.0,0.4642629634348325,0.510315149981015,0.0,0.6188044831880448,0.0,0.029884446805684684,0.01953488372093023,0.024571656262451853,0.024717607973421925,0.018870431893687707,0.024717607973421925,0.010235278479330055,0.011032832646550578,0.024322169059011165,0.4685903983656793,0.46439112023610934,0.48577314278357153,0.0,0.486782720825274,0.0,0.48108594956253214,0.0,0.4593172484599589,0.37853545137543587,0.004387131082159,0.005184791278915182,0.5475937250731189,0.0,0.714969423025791,0.0,0.948685540950455,0.0,0.5684658335549057,0.0,1.0,0.0,0.9462825512643099,0.0,0.9442767295597484,0.9319659829914958,0.938375,0.0,0.9407055291468601,0.9418837675350702,0.0,0.8948519948519948,0.877737696469982,0.0,0.9316324002972505,0.9462352052379753,0.0,0.9454476575325167,0.9454476575325167,0.9286245353159851,0.9286245353159851,0.9456288633783272,0.9274303405572756,0.9403079252902574,0.9278018575851393,0.9341021416803954,0.9118253486961795,0.9008505467800729,0.9118360417171962,0.8980187188525587,0.9114829635018795,0.9008505467800729,0.8985190580237922,0.8988954970263382,0.9098957070094591,0.9083191850594228,0.8988095238095238,0.9268475678379392,0.9346739945041219,0.8985190580237922,0.8988954970263382,0.9083191850594228,0.8988095238095238,0.9095209217707702,0.9107446034440941,0.9114614918132201,0.9090468105748242,0.9117254759306415,0.6529017857142857,0.6529017857142857,0.9115934998787291,0.910965550703542,0.9347501864280388,0.9137055837563451,0.9345654345654346,0.9128389253435681,0.9342775500062119,0.934401789042117,0.9353146853146853,0.9347501864280388,0.7980914113510799,0.9353146853146853,0.9117254759306415,0.9245306633291615,0.7516573853089367,0.9407055291468601,0.8948519948519948,0.954393627954779,0.9469840070520086,0.7516573853089367,0.8166163901458019,0.8218071680969208,0.8055975794251135,0.6646817520179965,0.6292702379369932,0.7823669579030977,0.9447305614872503,0.9289252105002477,0.9117246502414262,0.9114551083591331,0.7823669579030977,0.8167572349298623,0.8134656450194699,0.8055975794251135,0.9289340101522843,0.9334249313015238,0.9118720886314995,0.4828726358947229,0.713236241783735,0.911621520409437,0.5232512185482808,0.7580435910742086,0.47651184332407037,0.9447667087011349,0.6247176079734219,0.9301770689438654,0.9315940581700163,0.4686934023285899,0.4686934023285899,0.4686934023285899,0.5281921618204805,0.37221269296740994,0.8643943109367337,0.5442878711625566,0.4304533126695079,0.45074513766102553,0.9102377486656963,0.9009348063615394,0.9107554262155936,0.7126188966391883,0.9108658743633277,0.7126188966391883,0.9105129137868315,0.14183646467319397,0.9102377486656963,0.8863525983487129,0.9102704013580696,0.9091790954286407,0.9097853765005457,0.9109871452825612,0.9009348063615394,0.3339354838709677,0.9378231807289696,0.9407055291468601,0.803220489412958,0.9415226646631605,0.9290490341753344,0.9411322645290581,0.9115898959881129,0.9428895612708018,0.9114551083591331,0.9389736477115118,0.6219222597175353,0.6276703967446592,0.2594093047569263,0.2727872312359847,0.05148696449626621,0.052428988585080966,0.6316190476190476,0.6219222597175353,0.2830586684245221,0.2594093047569263,0.05148696449626621,0.9447667087011349,0.9004733584172836,0.9245306633291615,0.9091681845780206,0.7779102105681367,0.7461281129971503,0.9407055291468601,0.9102377486656963,0.9374216202658641,0.9092673459485686
B5_UISEM_Tuned_Voting_bldg,0.0,0.0,0.0,0.0,0.0,0.0,0.0,0.24049398765030874,0.0,0.0,0.2274356467904855,0.0,0.0,0.22025316455696203,0.0,0.20272227048942948,0.21026682134570765,0.0,0.0,0.22131357015077946,0.0,0.2369594293357111,0.2211431742508324,0.0,0.0,0.22279525528623,0.0,0.23646088700690884,0.0,0.0,0.0,0.0,0.0,0.0,0.0,0.0,0.0,0.0,0.0,0.0,0.2446236559139785,0.0,0.22270997951419375,0.0,0.21997063142437592,0.0,0.0,0.0,0.0,0.0,0.6319681456200228,0.0,0.8992989165073295,0.0,0.5916414904330313,0.0,0.6682080924855491,0.0,1.0,0.0,0.7688203912270303,0.0,0.0,0.0,0.5752557233317097,0.0,0.0,0.5783841626538255,0.0,0.0,0.40298507462686567,0.0,0.0,0.6522210184182016,0.0,0.0,0.0,0.0,0.0,0.0,0.0,0.0,0.0,0.0,0.0,0.0,0.0,0.0,0.0,0.0,0.0,0.0,0.0,0.0,0.0,0.0,0.0,0.0,0.0,0.0,0.0,0.0,0.0,0.0,0.0,0.0,0.0,0.0,0.0,0.0,0.0,0.0,0.0,0.0,0.0,0.0,0.0,0.0,0.0,0.0,0.0,0.0,0.0,0.0,0.0,0.0,0.0,0.0,0.0,0.0,0.0,0.0,0.0,0.0,0.0,0.0,0.0,0.0,0.0,0.0,0.0,0.0,0.0,0.0,0.0,0.0,0.0,0.0,0.0,0.0,0.0,0.0,0.0,0.0,0.0,0.0,0.0,0.0,0.0,0.0,0.0,0.0,0.0,0.0,0.0,0.0,0.0,0.0,0.0,0.0,0.0,0.0,0.0,0.0,0.0,0.0,0.0,0.0,0.0,0.0,0.0,0.0,0.0,0.0,0.0,0.0,0.0,0.0,0.0,0.0,0.0,0.0,0.0,0.0,0.0,0.0,0.0,0.0,0.0,0.0,0.0,0.0,0.0,0.0,0.0,0.0,0.0,0.0,0.0,0.0
B5_UISEM_XGBoost_Optuna,0.02219992474601781,0.2858923230309073,0.2777500623596907,0.4734101896615842,0.47572936064556176,0.4489237277591141,0.4489237277591141,0.0,0.44393279402613567,0.44393279402613567,0.0,0.4575870646766169,0.4575870646766169,0.0,0.4361517480783536,0.0,0.0,0.4402281746031746,0.5322879367823188,0.0,0.6519438976377953,0.0,0.0,0.4767096134786918,0.5285678951273807,0.0,0.6524307692307693,0.0,0.029056603773584905,0.018742138364779875,0.024025157232704403,0.023776575669895585,0.018113207547169812,0.023776575669895585,0.009685534591194969,0.010440251572327044,0.023273367719209962,0.48278433809819765,0.4721462322805272,0.4895444361463779,0.0,0.4912696433025692,0.0,0.4881575666915981,0.0,0.46723044397463004,0.38089314591367085,0.004151465593156372,0.004906277519184803,0.518178387218518,0.0,0.6765630896968172,0.0,0.9826076076076076,0.0,0.5379292992829287,0.0,0.9462825512643099,0.0,1.0,0.0,0.9862448418156808,0.9737660077085665,0.9820873242940664,0.0,0.9893922376138774,0.9903798100949526,0.0,0.9004014049172102,0.8799498746867168,0.0,0.9840267459138187,0.9857482185273159,0.0,0.9816020025031289,0.9816020025031289,0.9803095975232198,0.9803095975232198,0.9814976872109014,0.9790841584158416,0.9750031246094238,0.9794554455445544,0.9630880880880881,0.9633761823914625,0.9506008010680908,0.963380623256942,0.9473173100267055,0.9632593670425609,0.9506008010680908,0.9489325570111596,0.9502487562189055,0.9616783895221925,0.9598641930398933,0.9485499332605266,0.9686723023371457,0.9800945508833043,0.9489325570111596,0.9502487562189055,0.9598641930398933,0.9485499332605266,0.9608342427549412,0.9625272859568276,0.9630123696337618,0.9608294930875576,0.9635018794713229,0.6907571288102261,0.6907571288102261,0.9631381108281799,0.962046804898751,0.986832298136646,0.9658415841584158,0.9807141968396168,0.9649752475247525,0.9863404942257544,0.9864646715509748,0.9814607440587284,0.986832298136646,0.8369456900847035,0.9814607440587284,0.9635018794713229,0.9656716417910448,0.7152559426487234,0.9893922376138774,0.9004014049172102,0.963837267704671,0.986496624156039,0.7152559426487234,0.8479880774962743,0.8500124470998257,0.8353658536585366,0.6358948559929568,0.5956724116241037,0.7472955974842768,0.9896198099049525,0.9808168316831684,0.9638613861386138,0.9631188118811881,0.7472955974842768,0.8420856147336984,0.8462302819525525,0.8353658536585366,0.9810643564356436,0.9771286513362337,0.9436076185733848,0.46328891123962784,0.7188674517664746,0.9529776674937965,0.5057139269119678,0.7509708129775774,0.45686619718309857,0.981372671583948,0.5917725500062901,0.9692096733981551,0.9772444665506093,0.471028971028971,0.471028971028971,0.471028971028971,0.5521518045392534,0.3605177180196029,0.9085581736051764,0.5756109663813422,0.4398548003504819,0.4788977159880834,0.9613192676124651,0.9515894200436787,0.962531829756275,0.7237070032170255,0.9624105735418941,0.7237070032170255,0.962289317327513,0.13895875251509054,0.9613192676124651,0.9367871875758311,0.962046804898751,0.9609554989693222,0.9615617800412272,0.962531829756275,0.9515894200436787,0.33693492300049677,0.9744936234058514,0.9893922376138774,0.8331873357527219,0.9895104895104895,0.9809405940594059,0.9886363636363636,0.963490099009901,0.9809881175734835,0.9631188118811881,0.9761190297574394,0.6605550049554014,0.6546159619714786,0.2545499875342807,0.266784008046266,0.05006211180124224,0.05093698905798013,0.6622010767497183,0.6605550049554014,0.2772190093034951,0.2545499875342807,0.05006211180124224,0.981372671583948,0.9508793208004851,0.9656716417910448,0.9603058994901675,0.7421707961262735,0.7724609375,0.9893922376138774,0.9613192676124651,0.9797979797979798,0.9603492178974172
B5_UISEM_XGBoost_Optuna_bldg,0.0,0.0,0.0,0.0,0.0,0.0,0.0,0.24627831715210355,0.0,0.0,0.23009708737864076,0.0,0.0,0.2244255587031791,0.0,0.2062806107749928,0.21274142404151053,0.0,0.0,0.2218837268342219,0.0,0.24011550422034653,0.22581536760641238,0.0,0.0,0.2299768220448107,0.0,0.23934280639431615,0.0,0.0,0.0,0.0,0.0,0.0,0.0,0.0,0.0,0.0,0.0,0.0,0.2476982476982477,0.0,0.2229965156794425,0.0,0.2224168126094571,0.0,0.0,0.0,0.0,0.0,0.5590762620837809,0.0,0.6923076923076923,0.0,0.6007014028056112,0.0,0.5895481763745237,0.0,0.7688203912270303,0.0,1.0,0.0,0.0,0.0,0.5681381957773513,0.0,0.0,0.5805084745762712,0.0,0.0,0.41498791297340853,0.0,0.0,0.6412985630654604,0.0,0.0,0.0,0.0,0.0,0.0,0.0,0.0,0.0,0.0,0.0,0.0,0.0,0.0,0.0,0.0,0.0,0.0,0.0,0.0,0.0,0.0,0.0,0.0,0.0,0.0,0.0,0.0,0.0,0.0,0.0,0.0,0.0,0.0,0.0,0.0,0.0,0.0,0.0,0.0,0.0,0.0,0.0,0.0,0.0,0.0,0.0,0.0,0.0,0.0,0.0,0.0,0.0,0.0,0.0,0.0,0.0,0.0,0.0,0.0,0.0,0.0,0.0,0.0,0.0,0.0,0.0,0.0,0.0,0.0,0.0,0.0,0.0,0.0,0.0,0.0,0.0,0.0,0.0,0.0,0.0,0.0,0.0,0.0,0.0,0.0,0.0,0.0,0.0,0.0,0.0,0.0,0.0,0.0,0.0,0.0,0.0,0.0,0.0,0.0,0.0,0.0,0.0,0.0,0.0,0.0,0.0,0.0,0.0,0.0,0.0,0.0,0.0,0.0,0.0,0.0,0.0,0.0,0.0,0.0,0.0,0.0,0.0,0.0,0.0,0.0,0.0,0.0,0.0,0.0,0.0,0.0,0.0,0.0,0.0,0.0
B5_UISEM_all_features,0.02185380557648832,0.2851085058618109,0.2769595606590115,0.4745994286424047,0.47545669193488255,0.450430228208006,0.450430228208006,0.0,0.4443475009348124,0.4443475009348124,0.0,0.45657043305126926,0.45657043305126926,0.0,0.43637492240844195,0.0,0.0,0.44081480561420944,0.5332096474953618,0.0,0.6522542498152254,0.0,0.0,0.47643849206349204,0.528159425671494,0.0,0.6527418361059766,0.0,0.028718982239576772,0.018261964735516372,0.023938515812019653,0.023173803526448364,0.017632241813602016,0.023173803526448364,0.009702620967741936,0.010458669354838709,0.022798841163874543,0.48233391390893254,0.47296960637767815,0.4889138016940707,0.0,0.4910112359550562,0.0,0.4878961816820564,0.0,0.46841121495327104,0.3808693486112841,0.004158790170132325,0.004914933837429111,0.5185185185185185,0.0,0.6775453629032258,0.0,0.9793698424606152,0.0,0.5388783868935098,0.0,0.9442767295597484,0.0,0.9862448418156808,0.0,1.0,0.9742345033607169,0.9810851169736187,0.0,0.9856626355815983,0.9851583936143676,0.0,0.9074984247006931,0.8803161460293564,0.0,0.9818024263431543,0.9830063726102711,0.0,0.9935727788279773,0.9935727788279773,0.9788209066138222,0.9788209066138222,0.9795,0.9778410497647932,0.9725137431284357,0.9777227722772277,0.9596199524940617,0.9616783895221925,0.9493747723685808,0.9619209313606597,0.945854073084861,0.9615617800412272,0.9493747723685808,0.9474705810991144,0.94831351613686,0.9597429368255123,0.9584040747028862,0.9470873786407767,0.9661985833229775,0.9778606965174129,0.9474705810991144,0.94831351613686,0.9584040747028862,0.9470873786407767,0.9600873468397428,0.9608294930875576,0.96155245603396,0.9593693147362038,0.9618042924699891,0.6915312653865091,0.6915312653865091,0.9616783895221925,0.9603492178974172,0.9848466029064712,0.9650817236255572,0.9777418552598856,0.9632425742574258,0.983862959285005,0.9842333954065797,0.9799651567944251,0.9848466029064712,0.8363455066683285,0.9799651567944251,0.9618042924699891,0.9651524579962664,0.7165175759102935,0.9856626355815983,0.9074984247006931,0.9692501575299307,0.9822677322677322,0.7165175759102935,0.8501555693839452,0.8510346546995762,0.8349937733499377,0.6359858977587509,0.5965221774193549,0.7483935995968249,0.9843945068664169,0.9793291248916945,0.9621287128712871,0.9623576027736503,0.7483935995968249,0.8428660436137072,0.8474744961433193,0.8349937733499377,0.9793316831683169,0.9739162836914669,0.9421065737051793,0.4641057934508816,0.7184052156469408,0.9536645962732919,0.5071734205889756,0.7527300112965984,0.45730478589420653,0.979375,0.5928166351606805,0.9672192446715693,0.9755036060681422,0.473328324567994,0.473328324567994,0.473328324567994,0.5540775733465937,0.36029689269090454,0.9080136818959199,0.5768083519761372,0.4384625015650432,0.47936350074589756,0.9600970285021225,0.949890803203106,0.9608342427549412,0.7215487382483918,0.9609507640067911,0.7215487382483918,0.9605917303261792,0.1383434038267875,0.9600970285021225,0.9350885707352584,0.9603492178974172,0.9592579119679884,0.9598641930398933,0.9608342427549412,0.949890803203106,0.3363579863269111,0.968313373253493,0.9856626355815983,0.8296037004625578,0.9852831129957595,0.9792079207920792,0.9836678718364293,0.9622431294874969,0.9760239760239761,0.9623576027736503,0.9701809107922645,0.6621151936444886,0.6530714375078194,0.2535861294748659,0.26613816534541335,0.04936582939567272,0.05023290948004532,0.6598247809762203,0.6621151936444886,0.27626116492640584,0.2535861294748659,0.04936582939567272,0.979375,0.9501274117218784,0.9651524579962664,0.9590820786789703,0.7432602670697909,0.7746513334964522,0.9856626355815983,0.9600970285021225,0.9758345789735924,0.9588891583798205
B5_sub_GBM,0.020210896309314587,0.2833457990526053,0.2745635910224439,0.47476379910492295,0.4772755572157888,0.45039311119430925,0.45039311119430925,0.0,0.44520718921617575,0.44520718921617575,0.0,0.45944596955328176,0.45944596955328176,0.0,0.4366844786877097,0.0,0.0,0.4398757763975155,0.5319069997526589,0.0,0.6485057188537695,0.0,0.0,0.47532242063492064,0.5279910824869953,0.0,0.648788288842416,0.0,0.02810333963453056,0.01751291419931964,0.023191328459793294,0.02204030226700252,0.017011088709677418,0.02204030226700252,0.009458948164964056,0.01021566401816118,0.022180214240705733,0.4828745796487732,0.4727657983298018,0.48612666417817596,0.0,0.4872881355932203,0.0,0.4873299213581326,0.0,0.4687538979668205,0.37906137184115524,0.0037835792659856224,0.004286975160761568,0.5158570349861565,0.0,0.6762000755953131,0.0,0.9710975457829825,0.0,0.5375504032258065,0.0,0.9319659829914958,0.0,0.9737660077085665,0.0,0.9742345033607169,1.0,0.981691368788143,0.0,0.9744480277846688,0.9732076407839246,0.0,0.8868654110016215,0.8728432108027007,0.0,0.9804431241490283,0.9744802688908254,0.0,0.969602591254516,0.969602591254516,0.9774613003095975,0.9774613003095975,0.9709838107098381,0.9774613003095975,0.9618301628745493,0.9766089108910891,0.9499626587005228,0.9603492178974172,0.948045642146152,0.9605917303261792,0.9442893555043088,0.9604704741117982,0.948045642146152,0.9456706281833617,0.9474578327872831,0.9588891583798205,0.9570753001091306,0.944815039417829,0.9611807019719707,0.9708581349206349,0.9456706281833617,0.9474578327872831,0.9570753001091306,0.944815039417829,0.9585203153426319,0.9599757428744694,0.9599854492542743,0.9585152838427947,0.9607129865405603,0.6879301868239921,0.6879301868239921,0.9603492178974172,0.9592579119679884,0.9790582403965303,0.9637241550080475,0.9717191763830315,0.9621287128712871,0.9785705437879351,0.9789395441030724,0.9722187771301004,0.9790582403965303,0.8270256855689292,0.9722187771301004,0.9607129865405603,0.9706543456543456,0.714087876117336,0.9744480277846688,0.8868654110016215,0.9516370907273182,0.9688508314718293,0.714087876117336,0.8504172375140117,0.8460007463614877,0.8272738553170369,0.6325914749151264,0.5957902697252332,0.7433060967944689,0.9702344040679648,0.977970297029703,0.9612575813838347,0.961000371425034,0.7433060967944689,0.8417445482866044,0.8477340637450199,0.8272738553170369,0.9782178217821782,0.9693738375697458,0.9352035749751738,0.46407864885303757,0.7072167518384644,0.9525465838509317,0.5067992948879375,0.7535813018346318,0.45727249810940257,0.9657185442802136,0.5922844175491679,0.9580436941410129,0.9670465807730426,0.47849597585513076,0.47849597585513076,0.47849597585513076,0.5525727069351231,0.35694549108264256,0.9101811062163485,0.5774542739828294,0.4391375203710668,0.4858178183181307,0.9585303746817024,0.9480897513644633,0.9597429368255123,0.7071314594329201,0.9596216806111313,0.7071314594329201,0.9595004243967503,0.1389309127584468,0.9585303746817024,0.9342312826113336,0.9592579119679884,0.9581666060385595,0.9587728871104644,0.9597429368255123,0.9480897513644633,0.3357373787615021,0.9591253571872282,0.9744480277846688,0.8187018154687888,0.9728422619047619,0.9780940594059406,0.9731976672043677,0.9606435643564356,0.9645962732919254,0.961000371425034,0.9612277867528272,0.6620295615451497,0.6457684158045619,0.2543410368519675,0.2665994708328084,0.048116374487131665,0.04896777442094662,0.6500249003984063,0.6620295615451497,0.2772177419354839,0.2543410368519675,0.048116374487131665,0.9657185442802136,0.9480897513644633,0.9706543456543456,0.9587027814891291,0.7392780782291536,0.7757226849583537,0.9744480277846688,0.9585303746817024,0.9739758436060266,0.9580351728320194
B5_sub_GB_full_F8,0.021844963175633503,0.2838189708617483,0.27540007443245257,0.4754950495049505,0.478546626984127,0.450155183116077,0.450155183116077,0.0,0.4453551912568306,0.4453551912568306,0.0,0.45952321827663273,0.45952321827663273,0.0,0.43883110450718177,0.0,0.0,0.44183168316831684,0.5352164795855433,0.0,0.6551512171133513,0.0,0.0,0.4793367978223212,0.5318833415719229,0.0,0.6554353172651254,0.0,0.028925619834710745,0.018530111431075497,0.023788656566921248,0.02366938008766437,0.017904094152998623,0.02366938008766437,0.009515462626768499,0.010266683360460748,0.022912232377613622,0.48393898052833934,0.4740566037735849,0.4868078781122259,0.0,0.4905543127019637,0.0,0.48800795327451224,0.0,0.4693320089396573,0.38090514569125855,0.0041327489041953665,0.0048841577958672515,0.5154626267684989,0.0,0.6730937773882559,0.0,0.9804214989400175,0.0,0.5351195693001127,0.0,0.938375,0.0,0.9820873242940664,0.0,0.9810851169736187,0.981691368788143,1.0,0.0,0.9817663110890598,0.9810173697270471,0.0,0.8942247723587377,0.8764661841776891,0.0,0.9875,0.9845425081027175,0.0,0.9759681235213548,0.9759681235213548,0.9845220406141655,0.9845220406141655,0.9773462783171522,0.9837851219210298,0.9701455404901107,0.9839108910891089,0.9565758367550081,0.9679805942995755,0.9544958136148526,0.9677458469746575,0.9509768232010678,0.9676245907602765,0.9544958136148526,0.9528256124181421,0.9541429091350236,0.966044142614601,0.9642294167576089,0.9524444983622468,0.9682539682539683,0.9784199429492745,0.9528256124181421,0.9541429091350236,0.9642294167576089,0.9524444983622468,0.9651994664726568,0.966893039049236,0.9673781227261703,0.9654335961188599,0.9678671031890385,0.6958072052133284,0.6958072052133284,0.9675033345458954,0.9664120286164666,0.9868616757560734,0.9702970297029703,0.9787920128984249,0.969430693069307,0.9871095686663361,0.9862487611496531,0.9802729528535981,0.9868616757560734,0.8348020354970833,0.9802729528535981,0.9678671031890385,0.9728484244613277,0.7113892365456821,0.9817663110890598,0.8942247723587377,0.9568093870927474,0.9766633565044687,0.7113892365456821,0.8533797216699801,0.8514974524667578,0.8341396849026176,0.632007007007007,0.5921892602328201,0.7428356901514204,0.9785333167886835,0.9852722772277228,0.9685604654041342,0.9675742574257425,0.7428356901514204,0.8454172366621067,0.8513916500994035,0.8341396849026176,0.9855198019801981,0.9766893986360818,0.9430096846287559,0.46175034430950296,0.7128626572033371,0.9576870579476362,0.5045664956837232,0.7508745627186407,0.4549893577062727,0.9735370853522176,0.5887066483034932,0.9673210735586482,0.97606943583385,0.477,0.477,0.477,0.5570028532440144,0.3577052868391451,0.912953241362471,0.5818430203676105,0.438957475994513,0.4865032964299042,0.9659228716953675,0.9561946365732314,0.9668970534739906,0.7156368996437784,0.9667757972596096,0.7156368996437784,0.9666545410452285,0.13804755944931163,0.9659228716953675,0.9411550594515894,0.9666504972107689,0.9655590589376667,0.9659270037589427,0.9668970534739906,0.9561946365732314,0.33626128912532477,0.9676777722526106,0.9817663110890598,0.826719741261351,0.9804043160114101,0.9853960396039604,0.9817481996523466,0.9679455445544555,0.9731510254816657,0.9675742574257425,0.9688043748446433,0.6668733721939725,0.6510643595169924,0.2523248605083695,0.26447417781668126,0.04957962413452028,0.05044436099637001,0.6555154831488621,0.6668733721939725,0.27485306990121294,0.2523248605083695,0.04957962413452028,0.9735370853522176,0.9552456033959976,0.9728484244613277,0.9649144105863785,0.7377377377377378,0.7770723965327799,0.9817663110890598,0.9659228716953675,0.9800895968143355,0.9649527043414989
B5_sub_GB_full_F8_bldg,0.0,0.0,0.0,0.0,0.0,0.0,0.0,0.2572041692213366,0.0,0.0,0.24111519607843138,0.0,0.0,0.25151148730350664,0.0,0.224,0.22613480055020632,0.0,0.0,0.24184449350012263,0.0,0.25982721382289414,0.24073093220338984,0.0,0.0,0.24529236868186324,0.0,0.25961123110151185,0.0,0.0,0.0,0.0,0.0,0.0,0.0,0.0,0.0,0.0,0.0,0.0,0.2695379349686252,0.0,0.24463040446304044,0.0,0.24418278665545276,0.0,0.0,0.0,0.0,0.0,0.46107506950880445,0.0,0.5632183908045977,0.0,0.6459627329192547,0.0,0.47236414305620067,0.0,0.5752557233317097,0.0,0.5681381957773513,0.0,0.0,0.0,1.0,0.0,0.0,0.4528301886792453,0.0,0.0,0.4491525423728814,0.0,0.0,0.6359175662414132,0.0,0.0,0.0,0.0,0.0,0.0,0.0,0.0,0.0,0.0,0.0,0.0,0.0,0.0,0.0,0.0,0.0,0.0,0.0,0.0,0.0,0.0,0.0,0.0,0.0,0.0,0.0,0.0,0.0,0.0,0.0,0.0,0.0,0.0,0.0,0.0,0.0,0.0,0.0,0.0,0.0,0.0,0.0,0.0,0.0,0.0,0.0,0.0,0.0,0.0,0.0,0.0,0.0,0.0,0.0,0.0,0.0,0.0,0.0,0.0,0.0,0.0,0.0,0.0,0.0,0.0,0.0,0.0,0.0,0.0,0.0,0.0,0.0,0.0,0.0,0.0,0.0,0.0,0.0,0.0,0.0,0.0,0.0,0.0,0.0,0.0,0.0,0.0,0.0,0.0,0.0,0.0,0.0,0.0,0.0,0.0,0.0,0.0,0.0,0.0,0.0,0.0,0.0,0.0,0.0,0.0,0.0,0.0,0.0,0.0,0.0,0.0,0.0,0.0,0.0,0.0,0.0,0.0,0.0,0.0,0.0,0.0,0.0,0.0,0.0,0.0,0.0,0.0,0.0,0.0,0.0,0.0,0.0,0.0,0.0,0.0
B5_sub_RF,0.022208359326263256,0.2854838709677419,0.2770605759682224,0.47417202174987644,0.4766679044436193,0.4492250464972102,0.4492250464972102,0.0,0.4456859093730602,0.4456859093730602,0.0,0.4591241781416698,0.4591241781416698,0.0,0.4372064276885043,0.0,0.0,0.4425194901621087,0.5349439171699741,0.0,0.6554012535332432,0.0,0.0,0.4781910292845669,0.5301011596348384,0.0,0.6558888615687238,0.0,0.02890028775178281,0.018513885414060547,0.023895908920305266,0.02339254440830623,0.017888416312234177,0.02339254440830623,0.00975975975975976,0.010510510510510511,0.022892169126845135,0.4833353983397349,0.47437647350787937,0.4902593373867726,0.0,0.4917951268025858,0.0,0.48906288839174744,0.0,0.46892445106066244,0.3814305194000248,0.004129129129129129,0.00487987987987988,0.5153903903903904,0.0,0.6729229229229229,0.0,0.9800598205383848,0.0,0.535035035035035,0.0,0.9407055291468601,0.0,0.9893922376138774,0.0,0.9856626355815983,0.9744480277846688,0.9817663110890598,0.0,1.0,0.9932617918642376,0.0,0.8972277722277723,0.877808287568647,0.0,0.989104865667946,0.9841783979070636,0.0,0.9797979797979798,0.9797979797979798,0.9844059405940594,0.9844059405940594,0.9796960637767813,0.9844059405940594,0.9769182782283219,0.9850228988736229,0.9630646368854504,0.9683521280465623,0.955345225094042,0.9685946404753244,0.9520631067961165,0.9684733842609434,0.955345225094042,0.9541484716157205,0.9549921145214121,0.9666545410452285,0.9650782102582758,0.9532937037486352,0.9715669232679414,0.9832235615757425,0.9541484716157205,0.9549921145214121,0.9650782102582758,0.9532937037486352,0.966525166767738,0.967741935483871,0.968465736810188,0.966044142614601,0.9687158966897054,0.6950006141751628,0.6950006141751628,0.9683521280465623,0.9672608221171335,0.992668986083499,0.9716513988611042,0.9845828670893945,0.9702970297029703,0.991185599006828,0.9925465838509316,0.9850820487319741,0.992668986083499,0.8402388951101157,0.9850820487319741,0.9687158966897054,0.9671052631578947,0.7118368368368369,1.0,0.8972277722277723,0.9608652163040761,0.9916239529941243,0.7118368368368369,0.8491945477075589,0.8514470252142591,0.8400298544595098,0.6328828828828829,0.5922682347053672,0.7434934934934935,0.9927545284197377,0.9863844535214754,0.9691831683168317,0.9689279524634811,0.7434934934934935,0.8426213230731041,0.8481279444582197,0.8400298544595098,0.9863861386138614,0.9800124146492861,0.945811583395476,0.4607977991746905,0.7197301012120455,0.9549170175873173,0.504125,0.7489085692902582,0.4542271135567784,0.9832771745912892,0.5883898411109721,0.9716206123973115,0.9791459781529295,0.47107129525942515,0.47107129525942515,0.47107129525942515,0.5553628932375526,0.3592597223958985,0.9131071515743227,0.579573624194348,0.4396508728179551,0.48184409468335604,0.9665332848308475,0.9556202255365588,0.9677458469746575,0.7249722256511542,0.9678632064031045,0.7249722256511542,0.9675033345458954,0.13821138211382114,0.9665332848308475,0.9420043678718758,0.9672608221171335,0.9661695161877046,0.9667757972596096,0.9677458469746575,0.9556202255365588,0.3366312144447193,0.9751777472870151,1.0,0.8335205291401473,0.9948801198801199,0.9862623762376238,0.991519082065353,0.9688118811881188,0.9819044053413204,0.9689279524634811,0.9770459081836327,0.6652631578947369,0.6562656015976036,0.2535036586878333,0.26566604127579735,0.049796120103793404,0.05066299724793595,0.6640429785107447,0.6652631578947369,0.2760475297060663,0.2535036586878333,0.049796120103793404,0.9832771745912892,0.9558573853989814,0.9671052631578947,0.9655256130128672,0.7381786339754816,0.7735963950797711,1.0,0.9665332848308475,0.9789905519641969,0.9658016007761339
B5_sub_RF_full_F8,0.02210841868598551,0.2851999006704743,0.2772461787001367,0.47421150278293134,0.4765266939179983,0.4499627514278619,0.4499627514278619,0.0,0.4453416149068323,0.4453416149068323,0.0,0.4582454398808785,0.4582454398808785,0.0,0.43739173471912896,0.0,0.0,0.442174343734522,0.5344678752003946,0.0,0.6543756145526057,0.0,0.0,0.4775030902348579,0.5296223154776598,0.0,0.654659454143103,0.0,0.02906539714357304,0.018664662407616186,0.023925842415132157,0.02355004384316673,0.018038331454340473,0.02355004384316673,0.009771986970684038,0.010523678276121273,0.02304897908054616,0.4833829365079365,0.4742332050167639,0.4906832298136646,0.0,0.49296476154899765,0.0,0.4891155616370195,0.0,0.4685948361469712,0.3813895781637717,0.004134302179904786,0.004885993485342019,0.516036081182661,0.0,0.6735563071526995,0.0,0.9817773339990015,0.0,0.5357053370082686,0.0,0.9418837675350702,0.0,0.9903798100949526,0.0,0.9851583936143676,0.9732076407839246,0.9810173697270471,0.0,0.9932617918642376,1.0,0.0,0.8981122640330041,0.8786704985630389,0.0,0.9878667822211217,0.9846633416458853,0.0,0.9802795806290564,0.9802795806290564,0.9831683168316832,0.9831683168316832,0.9814121756487026,0.9831683168316832,0.9764103844233649,0.9837851219210298,0.9635319095791183,0.9673781227261703,0.9546061415220294,0.9673820783315145,0.9513231366836611,0.9674993936454038,0.9546061415220294,0.952935468219311,0.9537789639694286,0.9654419789014187,0.9641038079068639,0.9516070345664038,0.9708147044212618,0.9827200397812034,0.952935468219311,0.9537789639694286,0.9641038079068639,0.9516070345664038,0.9650739752607325,0.9662907724020856,0.9670143099684696,0.9648314334222653,0.9675033345458954,0.6935642348317367,0.6935642348317367,0.9671395659027525,0.9660482599733237,0.9911790284507392,0.9701695754425053,0.9835861725938821,0.969059405940594,0.9914275065225494,0.991304347826087,0.9848258706467662,0.9911790284507392,0.8401394422310757,0.9848258706467662,0.9675033345458954,0.9661080074487896,0.7125140924464487,0.9932617918642376,0.8981122640330041,0.9615769712140175,0.9906226556639159,0.7125140924464487,0.8491010539367638,0.8508946322067594,0.8401593427113159,0.633471126143054,0.5932097218742169,0.7442064386821997,0.9925009373828272,0.9851466765688823,0.9679455445544555,0.9674464661468003,0.7442064386821997,0.8416087388282025,0.8475753441647029,0.8401593427113159,0.9853942319594009,0.9797540678176624,0.945777888322348,0.4613747339426568,0.7210611938430734,0.9546468401486989,0.5041911672713625,0.7502810743285446,0.4547958928124217,0.9850018747656543,0.5893259834627913,0.9708665338645418,0.9788872329855937,0.4701929060360921,0.4701929060360921,0.4701929060360921,0.5547020195762606,0.35970952798297234,0.912353515625,0.5785298128176521,0.4393013100436681,0.4807882994546356,0.9655590589376667,0.9548817465130383,0.9667717681300024,0.7265084075173096,0.9666504972107689,0.7265084075173096,0.9665292262915353,0.1386696730552424,0.9655590589376667,0.9407910701286095,0.9662866844530682,0.965195246179966,0.9658016007761339,0.9665332848308475,0.9548817465130383,0.33704804358593365,0.9761488511488512,0.9932617918642376,0.8343328335832084,0.9941294029477892,0.9850247524752476,0.9917623564653021,0.9675742574257425,0.9828835582208896,0.9674464661468003,0.9777722277722277,0.6640247678018576,0.656671664167916,0.25366277626024336,0.2659987476518472,0.049987626825043305,0.050858073405987726,0.6644572286143071,0.6640247678018576,0.2762334084648134,0.25366277626024336,0.049987626825043305,0.9850018747656543,0.9546446762066456,0.9661080074487896,0.9643117261471231,0.73888541014402,0.7721626887481734,0.9932617918642376,0.9655590589376667,0.978239243969162,0.9643506729719898
B5_sub_RF_full_F8_bldg,0.0,0.0,0.0,0.0,0.0,0.0,0.0,0.2469781117281934,0.0,0.0,0.22424439389015274,0.0,0.0,0.22257450856055802,0.0,0.2276086313922554,0.23024764150943397,0.0,0.0,0.24065420560747663,0.0,0.2605633802816901,0.24497878359264497,0.0,0.0,0.25350251123447,0.0,0.26062258577596004,0.0,0.0,0.0,0.0,0.0,0.0,0.0,0.0,0.0,0.0,0.0,0.0,0.23247559893522626,0.0,0.2216374269005848,0.0,0.22284368560494555,0.0,0.0,0.0,0.0,0.0,0.5195974576271186,0.0,0.5577626764244642,0.0,0.5248432223830197,0.0,0.5701849836779108,0.0,0.5783841626538255,0.0,0.5805084745762712,0.0,0.0,0.0,0.4528301886792453,0.0,0.0,1.0,0.0,0.0,0.35330739299610897,0.0,0.0,0.5521628498727735,0.0,0.0,0.0,0.0,0.0,0.0,0.0,0.0,0.0,0.0,0.0,0.0,0.0,0.0,0.0,0.0,0.0,0.0,0.0,0.0,0.0,0.0,0.0,0.0,0.0,0.0,0.0,0.0,0.0,0.0,0.0,0.0,0.0,0.0,0.0,0.0,0.0,0.0,0.0,0.0,0.0,0.0,0.0,0.0,0.0,0.0,0.0,0.0,0.0,0.0,0.0,0.0,0.0,0.0,0.0,0.0,0.0,0.0,0.0,0.0,0.0,0.0,0.0,0.0,0.0,0.0,0.0,0.0,0.0,0.0,0.0,0.0,0.0,0.0,0.0,0.0,0.0,0.0,0.0,0.0,0.0,0.0,0.0,0.0,0.0,0.0,0.0,0.0,0.0,0.0,0.0,0.0,0.0,0.0,0.0,0.0,0.0,0.0,0.0,0.0,0.0,0.0,0.0,0.0,0.0,0.0,0.0,0.0,0.0,0.0,0.0,0.0,0.0,0.0,0.0,0.0,0.0,0.0,0.0,0.0,0.0,0.0,0.0,0.0,0.0,0.0,0.0,0.0,0.0,0.0,0.0,0.0,0.0,0.0,0.0,0.0
B5_sub_XGB,0.021247240618101546,0.2672139830508475,0.26105430885672554,0.45177267987486963,0.45190302398331594,0.4360832894043226,0.4360832894043226,0.0,0.42384887839433294,0.42384887839433294,0.0,0.433742812336644,0.433742812336644,0.0,0.41925343811394894,0.0,0.0,0.41872307089698396,0.5028350515463917,0.0,0.6083978180895598,0.0,0.0,0.4584856396866841,0.5035607924381716,0.0,0.6088832487309644,0.0,0.030214830214830214,0.018426156830146857,0.024386864348067062,0.022695820647661222,0.017874463073299155,0.022695820647661222,0.01013044684984735,0.01096308631695809,0.023275145469659187,0.45870841487279845,0.4526522593320236,0.4688400104739461,0.0,0.4704184704184704,0.0,0.4683112452434064,0.0,0.4478511530398323,0.363851929917007,0.004303762321255033,0.004857737682165163,0.5445490517123754,0.0,0.700784207679827,0.0,0.900906572651725,0.0,0.5617090760647707,0.0,0.8948519948519948,0.0,0.9004014049172102,0.0,0.9074984247006931,0.8868654110016215,0.8942247723587377,0.0,0.8972277722277723,0.8981122640330041,0.0,1.0,0.8627809722948249,0.0,0.8909383510769993,0.9000753201104695,0.0,0.9133688483003551,0.9133688483003551,0.8890816705911513,0.8890816705911513,0.8998616178135614,0.8883795837462835,0.8966864054428625,0.888283378746594,0.8898305084745762,0.872892662219527,0.8634318375288824,0.8731352334748332,0.8599051441079898,0.8730139478471801,0.8634318375288824,0.8613608748481166,0.8619684082624545,0.8711946634323833,0.870071575882567,0.8611718939946511,0.8845865600799401,0.8912718204488778,0.8613608748481166,0.8619684082624545,0.870071575882567,0.8611718939946511,0.8728597449908926,0.8722707423580786,0.8738924626775094,0.8726168791742562,0.8728022311143446,0.6463738767244652,0.6463738767244652,0.872892662219527,0.8718010915706489,0.8941483414088707,0.8830554864394128,0.8921177350960339,0.8775130305286671,0.8936910084451068,0.8938152011922503,0.8928660513843851,0.8941483414088707,0.7760720629281909,0.8928660513843851,0.8730293475624545,0.8829414707353677,0.7433053827427644,0.8972277722277723,1.0,0.9250258531540848,0.897956625297731,0.7433053827427644,0.8037013401403956,0.8114733059548255,0.7840214067278287,0.6468296614723267,0.6228416043507817,0.7760810810810811,0.9001127960897356,0.8896457765667575,0.8768619662363456,0.8810205351586807,0.7760810810810811,0.8049312957493258,0.8083525493210351,0.7840214067278287,0.8896594427244582,0.8893182101458308,0.8714591464182299,0.48358534259637653,0.7021388269256004,0.8724865742475334,0.5220687787706472,0.7319020814242702,0.4764305177111717,0.8978258137489004,0.6221556070309306,0.8917661847894406,0.8931784107946027,0.44929059379926434,0.44929059379926434,0.44929059379926434,0.5393772893772893,0.36905732138005976,0.8308733087330873,0.5525392908169893,0.40551489806586516,0.4342967244701349,0.8722087378640777,0.8642275434544792,0.8727405070969307,0.7076424870466321,0.8728463965057025,0.7076424870466321,0.872497876986534,0.1315538608198284,0.8722087378640777,0.8525508340435894,0.8722552468761373,0.871390439213783,0.8719970880854162,0.8725133430373605,0.8642275434544792,0.31525735294117646,0.8911376492771842,0.8972277722277723,0.7764856230031949,0.8975256185953512,0.8893016344725111,0.8968878890138733,0.8767225325884543,0.895014441793294,0.8810205351586807,0.8906328478151683,0.6248555655411477,0.6238126219908914,0.24279615795090714,0.25528192706230657,0.050443081117927745,0.0512643360508498,0.6289169158756989,0.6248555655411477,0.26288244766505636,0.24279615795090714,0.050443081117927745,0.8978258137489004,0.8662691652470187,0.8829414707353677,0.8713244228432564,0.7691373025516404,0.7395478085133258,0.8972277722277723,0.8722087378640777,0.8938407611417125,0.8705568361033604
B5_sub_XGB_full_F8,0.023275497249259414,0.27066756574511125,0.2652591690350521,0.4470046082949309,0.44904416611733683,0.4278692879914984,0.4278692879914984,0.0,0.4234809200904135,0.4234809200904135,0.0,0.4331302966101695,0.4331302966101695,0.0,0.40946854806804694,0.0,0.0,0.416787838730998,0.49649077203015335,0.0,0.595492742551566,0.0,0.0,0.447098976109215,0.4903796151846074,0.0,0.5951623169955442,0.0,0.03041018387553041,0.019532908704883226,0.024752475247524754,0.02403846153846154,0.018825194621372967,0.02403846153846154,0.010629251700680272,0.011479591836734694,0.02390720045268072,0.4593915343915344,0.44978802331743506,0.46888682499668305,0.0,0.46096948883899086,0.0,0.4605820105820106,0.0,0.44072948328267475,0.3635756280064137,0.004394046775336641,0.005387014459880919,0.5499445061043285,0.0,0.7005471956224351,0.0,0.8927576601671309,0.0,0.5634833011316589,0.0,0.877737696469982,0.0,0.8799498746867168,0.0,0.8803161460293564,0.8728432108027007,0.8764661841776891,0.0,0.877808287568647,0.8786704985630389,0.0,0.8627809722948249,1.0,0.0,0.8735447114193708,0.8886088709677419,0.0,0.8833690581263397,0.8833690581263397,0.8716676999380037,0.8716676999380037,0.8791153556169892,0.8714356558393256,0.8773299748110831,0.8701845658367398,0.8687468418393128,0.8547174387581857,0.8452091439688716,0.8547350551715776,0.8428032607373159,0.8548387096774194,0.8452091439688716,0.8442742523705324,0.8446578339613467,0.854143914573474,0.8525664361121224,0.844301179905121,0.8637724550898204,0.8735187726082075,0.8442742523705324,0.8446578339613467,0.8525664361121224,0.844301179905121,0.8548876745598057,0.8545432488171782,0.8552535792283427,0.8541944882845697,0.8553062462098241,0.6390517461126689,0.6390517461126689,0.8547174387581857,0.8545256005823829,0.8748292561778219,0.8630205096333127,0.8727250062328596,0.8609937888198758,0.8750776108282627,0.8752017881534832,0.8739401496259351,0.8748292561778219,0.7678366305041481,0.8739401496259351,0.8548563113859585,0.8660658405307298,0.7464364035087719,0.877808287568647,0.8627809722948249,0.8878361075544174,0.8801103586656635,0.7464364035087719,0.793280328289305,0.8003351379221448,0.7658381134480561,0.6441759435243009,0.6297525231577492,0.7738192738192738,0.8782684849243088,0.8717789890981169,0.8601068455708784,0.8607484769364665,0.7738192738192738,0.7953782597469662,0.7974520653712521,0.7658381134480561,0.8717948717948718,0.8720379146919431,0.8553958648512355,0.4832251829352478,0.6840446487196323,0.8537712287712288,0.5220194814103444,0.7206365908194133,0.47576970868424684,0.877338355304457,0.6247927031509121,0.8762276504658776,0.8751562109472631,0.4454183266932271,0.4454183266932271,0.4454183266932271,0.531435349940688,0.36302497941257206,0.810664700823197,0.5433389985619035,0.4017444165455266,0.4309090909090909,0.855148130160272,0.8482599172548065,0.8550109196796893,0.6974866519078005,0.8551146705496906,0.6974866519078005,0.8547682601310361,0.13504867872044507,0.855148130160272,0.8363193174893357,0.854075691411936,0.8538834951456311,0.8538153584859881,0.8545608927704997,0.8482599172548065,0.3195614386950127,0.8708867118814368,0.877808287568647,0.7666024405908799,0.8778568752341701,0.8721348036178912,0.8779207797076096,0.8597341284631631,0.8743100852985449,0.8607484769364665,0.871109437751004,0.606679511881824,0.6043455633619568,0.2473469387755102,0.25908654505554796,0.05192093541202673,0.0529287226534933,0.6100923397060736,0.606679511881824,0.2668216630196937,0.2473469387755102,0.05192093541202673,0.877338355304457,0.8478102189781022,0.8660658405307298,0.8535666545145218,0.7680131004366813,0.7362049190773544,0.877808287568647,0.855148130160272,0.876957774714948,0.8535016385483675
B5_sub_XGB_full_F8_bldg,0.0,0.0,0.0,0.0,0.0,0.0,0.0,0.2627143272304563,0.0,0.0,0.24709639953542392,0.0,0.0,0.2514987153868113,0.0,0.25799516259070143,0.26643318965517243,0.0,0.0,0.28810679611650486,0.0,0.3147987884032886,0.2759513331607559,0.0,0.0,0.2834875791524598,0.0,0.3142980748431754,0.0,0.0,0.0,0.0,0.0,0.0,0.0,0.0,0.0,0.0,0.0,0.0,0.28524500410621406,0.0,0.27880434782608693,0.0,0.2802843861088324,0.0,0.0,0.0,0.0,0.0,0.34641300039635353,0.0,0.4009584664536741,0.0,0.6243945398502863,0.0,0.3563766388557807,0.0,0.40298507462686567,0.0,0.41498791297340853,0.0,0.0,0.0,0.4491525423728814,0.0,0.0,0.35330739299610897,0.0,0.0,1.0,0.0,0.0,0.5536257056013895,0.0,0.0,0.0,0.0,0.0,0.0,0.0,0.0,0.0,0.0,0.0,0.0,0.0,0.0,0.0,0.0,0.0,0.0,0.0,0.0,0.0,0.0,0.0,0.0,0.0,0.0,0.0,0.0,0.0,0.0,0.0,0.0,0.0,0.0,0.0,0.0,0.0,0.0,0.0,0.0,0.0,0.0,0.0,0.0,0.0,0.0,0.0,0.0,0.0,0.0,0.0,0.0,0.0,0.0,0.0,0.0,0.0,0.0,0.0,0.0,0.0,0.0,0.0,0.0,0.0,0.0,0.0,0.0,0.0,0.0,0.0,0.0,0.0,0.0,0.0,0.0,0.0,0.0,0.0,0.0,0.0,0.0,0.0,0.0,0.0,0.0,0.0,0.0,0.0,0.0,0.0,0.0,0.0,0.0,0.0,0.0,0.0,0.0,0.0,0.0,0.0,0.0,0.0,0.0,0.0,0.0,0.0,0.0,0.0,0.0,0.0,0.0,0.0,0.0,0.0,0.0,0.0,0.0,0.0,0.0,0.0,0.0,0.0,0.0,0.0,0.0,0.0,0.0,0.0,0.0,0.0,0.0,0.0,0.0,0.0,0.0
B6_AdaBoost_alone,0.022109683794466404,0.2846598597613483,0.27615062761506276,0.47700442695523854,0.4796747967479675,0.4521900061690315,0.4521900061690315,0.0,0.44706317867719647,0.44706317867719647,0.0,0.46204172324404397,0.46204172324404397,0.0,0.4416399901502093,0.0,0.0,0.4455116364979682,0.5403047431801425,0.0,0.6634343930281085,0.0,0.0,0.48227910411026337,0.5360482283464567,0.0,0.663720073664825,0.0,0.028734208570720832,0.01857815209313847,0.02378003467921724,0.02340847163735447,0.01795888035670052,0.02340847163735447,0.009660639088432003,0.010403765172157542,0.022913054248204112,0.48539741219963034,0.476125848241826,0.48842934515017233,0.0,0.491973326747345,0.0,0.4890754227873102,0.0,0.4705229403058707,0.38183161004431315,0.004087193460490463,0.004830319544216002,0.5101560564775823,0.0,0.666088679712658,0.0,0.9774640911342248,0.0,0.5296011890017339,0.0,0.9316324002972505,0.0,0.9840267459138187,0.0,0.9818024263431543,0.9804431241490283,0.9875,0.0,0.989104865667946,0.9878667822211217,0.0,0.8909383510769993,0.8735447114193708,0.0,1.0,0.9822932144626052,0.0,0.9754889824213915,0.9754889824213915,0.9945544554455445,0.9945544554455445,0.9775934637286458,0.9945544554455445,0.9721396731054978,0.9951726698848867,0.9583900928792569,0.9782951376258033,0.9648186339924785,0.9785376500545653,0.9615384615384616,0.9784163938401843,0.9648186339924785,0.963380623256942,0.9649399490476768,0.9765975506244695,0.9750212198375167,0.9625272859568276,0.9758603614756127,0.9857638029215152,0.963380623256942,0.9649399490476768,0.9750212198375167,0.9625272859568276,0.9759912695525645,0.9774463441251364,0.9779313689826603,0.9757487571238026,0.9786589062689462,0.7036082474226805,0.7036082474226805,0.9782951376258033,0.9772038316963745,0.9951726698848867,0.9813118811881189,0.9861351819757366,0.9804455445544554,0.9951732673267327,0.9955440029706647,0.9871239321530271,0.9951726698848867,0.8410497647932657,0.9871239321530271,0.9786589062689462,0.9714108910891089,0.7046073817190983,0.989104865667946,0.8909383510769993,0.9518385539185341,0.9825430233997772,0.7046073817190983,0.8572843173660106,0.8558692421991084,0.8415253188064875,0.6264552885806292,0.5864503344067377,0.7359425315828586,0.9851429986381082,0.9962871287128713,0.9793316831683169,0.9788340141106573,0.7359425315828586,0.8484398216939079,0.8553038742418616,0.8415253188064875,0.9965346534653465,0.9840346534653466,0.9482545184451597,0.45702254149120636,0.7147634381966808,0.9638569129842802,0.5004954173891504,0.7467178597968789,0.4503344067376765,0.9782043343653251,0.5826108496408224,0.971764705882353,0.9836613442257706,0.4743034055727554,0.4743034055727554,0.4743034055727554,0.5618435685160015,0.3564528114936834,0.9214729910986466,0.5873762376237623,0.4396434319673146,0.48997524752475247,0.9764762944100885,0.9658016007761339,0.9776888565538984,0.7198091276153187,0.9775676003395174,0.7198091276153187,0.9774463441251364,0.13723061679464948,0.9764762944100885,0.9519534093666586,0.9772038316963745,0.9761125257669455,0.9767188068388505,0.9776888565538984,0.9658016007761339,0.3376735044834787,0.9706574223102638,0.989104865667946,0.8291444843382444,0.9879905905658042,0.996410891089109,0.9868779400841793,0.9789603960396039,0.9763526061656556,0.9788340141106573,0.9722669307911354,0.6743811881188119,0.6530890181998267,0.2514124293785311,0.2634381966807035,0.04955340756148293,0.05040871934604905,0.6591556270892658,0.6743811881188119,0.27371810750557346,0.2514124293785311,0.04955340756148293,0.9782043343653251,0.9655632351157997,0.9714108910891089,0.9754794853119689,0.7311122120386425,0.7794653705953828,0.989104865667946,0.9764762944100885,0.9805669018442876,0.9755062446950407
B6_UISEM_Model1_full_F8,0.022367429002261876,0.2859103956071384,0.2775974025974026,0.4727701277757102,0.47600696171059176,0.44880418535127053,0.44880418535127053,0.0,0.44524819156896983,0.44524819156896983,0.0,0.4583852479441814,0.4583852479441814,0.0,0.4340604858701041,0.0,0.0,0.4395631670389675,0.5307483329217091,0.0,0.6502214566929134,0.0,0.0,0.47552360887346634,0.5270253555967842,0.0,0.6503014642549526,0.0,0.02923755513547574,0.01890359168241966,0.024067540322580645,0.023818525519848772,0.018273471959672338,0.023818525519848772,0.009829867674858222,0.01058601134215501,0.023314429741650915,0.48196517412935325,0.47407130391423585,0.4881723107569721,0.0,0.4904530138524897,0.0,0.4877105427323768,0.0,0.4676796612280483,0.38121340475893856,0.004158790170132325,0.004914933837429111,0.5190926275992439,0.0,0.6777567737870195,0.0,0.9950850661625709,0.0,0.5388783868935098,0.0,0.9462352052379753,0.0,0.9857482185273159,0.0,0.9830063726102711,0.9744802688908254,0.9845425081027175,0.0,0.9841783979070636,0.9846633416458853,0.0,0.9000753201104695,0.8886088709677419,0.0,0.9822932144626052,1.0,0.0,0.9793543543543544,0.9793543543543544,0.9783308568598316,0.9783308568598316,0.9807379612257661,0.9778410497647932,0.9727602149194052,0.9779675702438421,0.9588852786803299,0.9616783895221925,0.9491381403253217,0.9616830362556081,0.945854073084861,0.9615617800412272,0.9491381403253217,0.9477068672652269,0.9487864077669903,0.9599805966529227,0.9581666060385595,0.9470873786407767,0.9649776453055141,0.9771229640681338,0.9477068672652269,0.9487864077669903,0.9581666060385595,0.9470873786407767,0.9591366557536074,0.9608294930875576,0.9610767551837032,0.9591317002182876,0.9618042924699891,0.6906988188976378,0.6906988188976378,0.9614405238268461,0.9603492178974172,0.9843536570222278,0.9641089108910891,0.9770043505282784,0.9632425742574258,0.983862959285005,0.9832485420027298,0.9789800995024875,0.9843536570222278,0.833831217326363,0.9789800995024875,0.9618042924699891,0.9661312414394222,0.7169502205419029,0.9841783979070636,0.9000753201104695,0.9640522875816994,0.9822677322677322,0.7169502205419029,0.8499253359880538,0.8528824557025206,0.8329394203259112,0.6363979848866499,0.5967233774417139,0.7483935995968249,0.9831565814098565,0.9790841584158416,0.9621287128712871,0.9613861386138614,0.7483935995968249,0.8442449183189924,0.8481642812694462,0.8329394203259112,0.9793316831683169,0.9748974773207406,0.942348399950193,0.4639214204760106,0.7175438596491228,0.9524518932340161,0.5067941620533467,0.7531701192718142,0.45730478589420653,0.9783858070964517,0.5928166351606805,0.968937125748503,0.9742761277494718,0.47406664996241543,0.47406664996241543,0.47406664996241543,0.5511850105472142,0.359612724757953,0.9061508420795704,0.5758290895540926,0.4381023907873326,0.48009950248756217,0.959859325733689,0.9494177583697234,0.9608342427549412,0.7221878480386091,0.9607129865405603,0.7221878480386091,0.9605917303261792,0.13863006799294889,0.959859325733689,0.9353233830845771,0.9605869512490904,0.9594955129759883,0.9598641930398933,0.9608342427549412,0.9494177583697234,0.33735539246174895,0.9680678558064114,0.9841783979070636,0.829375,0.9837986041874377,0.9792079207920792,0.9834205933682374,0.9617574257425743,0.9760239760239761,0.9613861386138614,0.9696894100037421,0.6598487665798934,0.6514185726784152,0.25389893948845915,0.26629750818021647,0.05028002489110143,0.05115927419354839,0.6575428071491064,0.6598487665798934,0.27674301535363705,0.25389893948845915,0.05028002489110143,0.9783858070964517,0.9491813220133414,0.9661312414394222,0.9588442394075513,0.7436995967741935,0.7731328688424398,0.9841783979070636,0.959859325733689,0.9778054862842893,0.9588891583798205
B6_UISEM_Model1_full_F8_bldg,0.0,0.0,0.0,0.0,0.0,0.0,0.0,0.24824729126832376,0.0,0.0,0.23152866242038217,0.0,0.0,0.22704714640198512,0.0,0.21030165054069436,0.2159931701764371,0.0,0.0,0.22587939698492462,0.0,0.24263088429388474,0.2274338696482138,0.0,0.0,0.23143438453713122,0.0,0.24268426842684268,0.0,0.0,0.0,0.0,0.0,0.0,0.0,0.0,0.0,0.0,0.0,0.0,0.24985354422964265,0.0,0.22684255807284198,0.0,0.23054671680647962,0.0,0.0,0.0,0.0,0.0,0.5335743801652892,0.0,0.6409163558870538,0.0,0.8207705192629816,0.0,0.5674540682414698,0.0,0.6522210184182016,0.0,0.6412985630654604,0.0,0.0,0.0,0.6359175662414132,0.0,0.0,0.5521628498727735,0.0,0.0,0.5536257056013895,0.0,0.0,1.0,0.0,0.0,0.0,0.0,0.0,0.0,0.0,0.0,0.0,0.0,0.0,0.0,0.0,0.0,0.0,0.0,0.0,0.0,0.0,0.0,0.0,0.0,0.0,0.0,0.0,0.0,0.0,0.0,0.0,0.0,0.0,0.0,0.0,0.0,0.0,0.0,0.0,0.0,0.0,0.0,0.0,0.0,0.0,0.0,0.0,0.0,0.0,0.0,0.0,0.0,0.0,0.0,0.0,0.0,0.0,0.0,0.0,0.0,0.0,0.0,0.0,0.0,0.0,0.0,0.0,0.0,0.0,0.0,0.0,0.0,0.0,0.0,0.0,0.0,0.0,0.0,0.0,0.0,0.0,0.0,0.0,0.0,0.0,0.0,0.0,0.0,0.0,0.0,0.0,0.0,0.0,0.0,0.0,0.0,0.0,0.0,0.0,0.0,0.0,0.0,0.0,0.0,0.0,0.0,0.0,0.0,0.0,0.0,0.0,0.0,0.0,0.0,0.0,0.0,0.0,0.0,0.0,0.0,0.0,0.0,0.0,0.0,0.0,0.0,0.0,0.0,0.0,0.0,0.0,0.0,0.0,0.0,0.0,0.0,0.0,0.0
B6_UISEM_no_AdaBoost,0.02186552072800809,0.2841933867735471,0.2761689858342735,0.47210460772104607,0.4753525521028329,0.4485864398298724,0.4485864398298724,0.0,0.4439299123904881,0.4439299123904881,0.0,0.45584009993753904,0.45584009993753904,0.0,0.43538940809968846,0.0,0.0,0.44038413569468693,0.5310678407540618,0.0,0.6492224142187114,0.0,0.0,0.47578737706958796,0.5271394857781642,0.0,0.6497098407210766,0.0,0.028904665314401622,0.018121911037891267,0.02383367139959432,0.023064250411861616,0.01761723700887199,0.023064250411861616,0.009637331980725337,0.010398173979203652,0.022816580048168337,0.48022457891453524,0.4719339917489686,0.48886664998749063,0.0,0.4904123323724778,0.0,0.48691296180338134,0.0,0.4680930930930931,0.3795,0.004058338617628408,0.004819277108433735,0.5216784989858012,0.0,0.6812880324543611,0.0,0.9767004885381435,0.0,0.5423642820903095,0.0,0.9454476575325167,0.0,0.9816020025031289,0.0,0.9935727788279773,0.969602591254516,0.9759681235213548,0.0,0.9797979797979798,0.9802795806290564,0.0,0.9133688483003551,0.8833690581263397,0.0,0.9754889824213915,0.9793543543543544,0.0,1.0,1.0,0.972504334902155,0.972504334902155,0.9765840220385675,0.9717716974124055,0.9695869837296621,0.9714108910891089,0.9569138276553106,0.9554935726412807,0.9434191355026712,0.9557361144797477,0.9398980087421078,0.9553777131077967,0.9434191355026712,0.9415190487745693,0.9421256976462024,0.9535588698920819,0.9524560339599757,0.9413692643845594,0.9610793334991296,0.9729897933781428,0.9415190487745693,0.9421256976462024,0.9524560339599757,0.9413692643845594,0.9541373453045378,0.9546446762066456,0.9556040756914119,0.9534206695778749,0.9556202255365588,0.6879546295154728,0.6879546295154728,0.9554935726412807,0.9541651509639869,0.9787577639751552,0.959251919742383,0.9723811893505847,0.9569306930693069,0.9780233424385398,0.9779019242706394,0.9748474660689826,0.9787577639751552,0.8327299962551492,0.9748474660689826,0.9556202255365588,0.9614905284147557,0.720060828792295,0.9797979797979798,0.9133688483003551,0.9740177439797212,0.9776277965254343,0.720060828792295,0.8491013479780329,0.8492876780804799,0.8325221515038063,0.6386426943530008,0.599974641815646,0.752122671397795,0.9800049987503124,0.9730164624334695,0.9558168316831683,0.956527124102056,0.752122671397795,0.8408693479890083,0.8454919566030678,0.8325221515038063,0.973019801980198,0.9683151093439364,0.9374454828660436,0.46673425421366116,0.7182584623128224,0.9492663516538175,0.5083480900581837,0.7540342914775593,0.45970603142422706,0.9757166103392164,0.5960441232407759,0.9633096218644702,0.9706321553011449,0.472473604826546,0.472473604826546,0.472473604826546,0.5529499812897593,0.3612446243359474,0.9024807527801539,0.575168287210172,0.4363933191008414,0.47651090342679125,0.9541484716157205,0.9439388423734983,0.9546501758215109,0.7216290042215049,0.9547659471258793,0.7216290042215049,0.9544076633927489,0.13851608002025828,0.9541484716157205,0.9291348137361971,0.9541651509639869,0.953073845034558,0.9536801261064629,0.9546501758215109,0.9439388423734983,0.33566346273873426,0.9656292963379578,0.9797979797979798,0.8273399323393058,0.9796631316281972,0.9728960396039604,0.9782961207434202,0.9559296855657341,0.9728580362726704,0.956527124102056,0.9672540932383452,0.6594924110475242,0.6526870919136113,0.2528505199849643,0.26609333501960286,0.04928696522391794,0.05015832805573148,0.6592564682240643,0.6594924110475242,0.2756223935296348,0.2528505199849643,0.04928696522391794,0.9757166103392164,0.9448828456962486,0.9614905284147557,0.9528897523069452,0.7460739614994935,0.7723148602256008,0.9797979797979798,0.9541484716157205,0.9716922309514903,0.9529411764705882
B7_UISEM_all_multimodal,0.02186552072800809,0.2841933867735471,0.2761689858342735,0.47210460772104607,0.4753525521028329,0.4485864398298724,0.4485864398298724,0.0,0.4439299123904881,0.4439299123904881,0.0,0.45584009993753904,0.45584009993753904,0.0,0.43538940809968846,0.0,0.0,0.44038413569468693,0.5310678407540618,0.0,0.6492224142187114,0.0,0.0,0.47578737706958796,0.5271394857781642,0.0,0.6497098407210766,0.0,0.028904665314401622,0.018121911037891267,0.02383367139959432,0.023064250411861616,0.01761723700887199,0.023064250411861616,0.009637331980725337,0.010398173979203652,0.022816580048168337,0.48022457891453524,0.4719339917489686,0.48886664998749063,0.0,0.4904123323724778,0.0,0.48691296180338134,0.0,0.4680930930930931,0.3795,0.004058338617628408,0.004819277108433735,0.5216784989858012,0.0,0.6812880324543611,0.0,0.9767004885381435,0.0,0.5423642820903095,0.0,0.9454476575325167,0.0,0.9816020025031289,0.0,0.9935727788279773,0.969602591254516,0.9759681235213548,0.0,0.9797979797979798,0.9802795806290564,0.0,0.9133688483003551,0.8833690581263397,0.0,0.9754889824213915,0.9793543543543544,0.0,1.0,1.0,0.972504334902155,0.972504334902155,0.9765840220385675,0.9717716974124055,0.9695869837296621,0.9714108910891089,0.9569138276553106,0.9554935726412807,0.9434191355026712,0.9557361144797477,0.9398980087421078,0.9553777131077967,0.9434191355026712,0.9415190487745693,0.9421256976462024,0.9535588698920819,0.9524560339599757,0.9413692643845594,0.9610793334991296,0.9729897933781428,0.9415190487745693,0.9421256976462024,0.9524560339599757,0.9413692643845594,0.9541373453045378,0.9546446762066456,0.9556040756914119,0.9534206695778749,0.9556202255365588,0.6879546295154728,0.6879546295154728,0.9554935726412807,0.9541651509639869,0.9787577639751552,0.959251919742383,0.9723811893505847,0.9569306930693069,0.9780233424385398,0.9779019242706394,0.9748474660689826,0.9787577639751552,0.8327299962551492,0.9748474660689826,0.9556202255365588,0.9614905284147557,0.720060828792295,0.9797979797979798,0.9133688483003551,0.9740177439797212,0.9776277965254343,0.720060828792295,0.8491013479780329,0.8492876780804799,0.8325221515038063,0.6386426943530008,0.599974641815646,0.752122671397795,0.9800049987503124,0.9730164624334695,0.9558168316831683,0.956527124102056,0.752122671397795,0.8408693479890083,0.8454919566030678,0.8325221515038063,0.973019801980198,0.9683151093439364,0.9374454828660436,0.46673425421366116,0.7182584623128224,0.9492663516538175,0.5083480900581837,0.7540342914775593,0.45970603142422706,0.9757166103392164,0.5960441232407759,0.9633096218644702,0.9706321553011449,0.472473604826546,0.472473604826546,0.472473604826546,0.5529499812897593,0.3612446243359474,0.9024807527801539,0.575168287210172,0.4363933191008414,0.47651090342679125,0.9541484716157205,0.9439388423734983,0.9546501758215109,0.7216290042215049,0.9547659471258793,0.7216290042215049,0.9544076633927489,0.13851608002025828,0.9541484716157205,0.9291348137361971,0.9541651509639869,0.953073845034558,0.9536801261064629,0.9546501758215109,0.9439388423734983,0.33566346273873426,0.9656292963379578,0.9797979797979798,0.8273399323393058,0.9796631316281972,0.9728960396039604,0.9782961207434202,0.9559296855657341,0.9728580362726704,0.956527124102056,0.9672540932383452,0.6594924110475242,0.6526870919136113,0.2528505199849643,0.26609333501960286,0.04928696522391794,0.05015832805573148,0.6592564682240643,0.6594924110475242,0.2756223935296348,0.2528505199849643,0.04928696522391794,0.9757166103392164,0.9448828456962486,0.9614905284147557,0.9528897523069452,0.7460739614994935,0.7723148602256008,0.9797979797979798,0.9541484716157205,0.9716922309514903,0.9529411764705882
B7_UISEM_card+coh,0.02207067575945443,0.2843572662225512,0.27582376897445393,0.47560975609756095,0.47773529048970026,0.45092707045735475,0.45092707045735475,0.0,0.44543319737980475,0.44543319737980475,0.0,0.4600741656365884,0.4600741656365884,0.0,0.44338689740420273,0.0,0.0,0.44655875447917953,0.5420572274296991,0.0,0.6644097008494398,0.0,0.0,0.4834527043714497,0.5377871079278834,0.0,0.6646964659524689,0.0,0.028592739930382895,0.01865207659786123,0.023747357951013303,0.023247140726006962,0.017903767251025736,0.023247140726006962,0.009699079830887839,0.010445162894802289,0.02287703593186622,0.4834649555774926,0.4745427582797825,0.48595367175948745,0.0,0.4894932014833127,0.0,0.48714462299134736,0.0,0.4689314391599753,0.3819753086419753,0.00410345685152947,0.004849539915443919,0.5104955906098622,0.0,0.6662527936429103,0.0,0.9737461300309598,0.0,0.5303764442787924,0.0,0.9286245353159851,0.0,0.9803095975232198,0.0,0.9788209066138222,0.9774613003095975,0.9845220406141655,0.0,0.9844059405940594,0.9831683168316832,0.0,0.8890816705911513,0.8716676999380037,0.0,0.9945544554455445,0.9783308568598316,0.0,0.972504334902155,0.972504334902155,1.0,1.0,0.9748544531153227,0.9965243296921549,0.9679336387272502,0.9912117836365887,0.9546693088927422,0.9748938750758035,0.961412449945395,0.9751364463311097,0.9586064578781257,0.975254730713246,0.961412449945395,0.9599757428744694,0.961533794442422,0.9739140985197767,0.9716191631291692,0.9588841722255913,0.9721431224464528,0.9818024263431543,0.9599757428744694,0.961533794442422,0.9716191631291692,0.9588841722255913,0.9725894481503942,0.9742843279961184,0.9745300181928441,0.9725861232411451,0.9750181906378851,0.7019786161976158,0.7019786161976158,0.975133430373605,0.9769193391642371,0.9909653465346535,0.9780859229912096,0.9821738053973756,0.9806523626441771,0.9912128712871288,0.9913366336633663,0.9829165635058182,0.9909653465346535,0.8416480516257135,0.9829165635058182,0.9754973313925279,0.968912558830815,0.7046554934823092,0.9844059405940594,0.8890816705911513,0.9495662949194548,0.9780913479391014,0.7046554934823092,0.8613873694679264,0.8590428837787446,0.8377909856364537,0.624101165385569,0.5864166873603178,0.7367113760556383,0.980690679539547,0.9972704714640198,0.9800272918992681,0.9753621394081962,0.7367113760556383,0.8511246427239966,0.8591671845866998,0.8377909856364537,0.997270810073192,0.9808097065742231,0.945015479876161,0.45811583395476013,0.7165403255871754,0.9647598957687058,0.5023001367648887,0.7459982628117633,0.4510437375745527,0.9749752229930624,0.5827641872594065,0.9682893595937074,0.9811718072587637,0.47619047619047616,0.47619047619047616,0.47619047619047616,0.563685972962917,0.3561847988077496,0.9178048780487805,0.5887246988699864,0.4371049696368819,0.48693498452012385,0.9735533179667597,0.9631112729037739,0.9747664685187432,0.7217925107427869,0.9746451534635449,0.7217925107427869,0.9750030336124257,0.13735239279055314,0.9735533179667597,0.9525720539948924,0.9742812082979497,0.9734287794224703,0.9737959480771564,0.9750060664887163,0.9631112729037739,0.3378511582060128,0.9669390787518574,0.9844059405940594,0.8301675977653631,0.9835375665305112,0.997394540942928,0.9834076275383853,0.9799007444168735,0.9721465709333994,0.9753621394081962,0.9683050637612975,0.6766459627329192,0.6546583850931676,0.25194132873166525,0.26103670634920634,0.0493614931237721,0.05021752641392169,0.6601266608717248,0.6766459627329192,0.2710141333994545,0.25194132873166525,0.0493614931237721,0.9749752229930624,0.9654962944964159,0.968912558830815,0.9730320699708455,0.7307930991684249,0.7796857873584216,0.9844059405940594,0.9735533179667597,0.9773402674591382,0.9733009708737864
B7_UISEM_card+coh+delta,0.02207067575945443,0.2843572662225512,0.27582376897445393,0.47560975609756095,0.47773529048970026,0.45092707045735475,0.45092707045735475,0.0,0.44543319737980475,0.44543319737980475,0.0,0.4600741656365884,0.4600741656365884,0.0,0.44338689740420273,0.0,0.0,0.44655875447917953,0.5420572274296991,0.0,0.6644097008494398,0.0,0.0,0.4834527043714497,0.5377871079278834,0.0,0.6646964659524689,0.0,0.028592739930382895,0.01865207659786123,0.023747357951013303,0.023247140726006962,0.017903767251025736,0.023247140726006962,0.009699079830887839,0.010445162894802289,0.02287703593186622,0.4834649555774926,0.4745427582797825,0.48595367175948745,0.0,0.4894932014833127,0.0,0.48714462299134736,0.0,0.4689314391599753,0.3819753086419753,0.00410345685152947,0.004849539915443919,0.5104955906098622,0.0,0.6662527936429103,0.0,0.9737461300309598,0.0,0.5303764442787924,0.0,0.9286245353159851,0.0,0.9803095975232198,0.0,0.9788209066138222,0.9774613003095975,0.9845220406141655,0.0,0.9844059405940594,0.9831683168316832,0.0,0.8890816705911513,0.8716676999380037,0.0,0.9945544554455445,0.9783308568598316,0.0,0.972504334902155,0.972504334902155,1.0,1.0,0.9748544531153227,0.9965243296921549,0.9679336387272502,0.9912117836365887,0.9546693088927422,0.9748938750758035,0.961412449945395,0.9751364463311097,0.9586064578781257,0.975254730713246,0.961412449945395,0.9599757428744694,0.961533794442422,0.9739140985197767,0.9716191631291692,0.9588841722255913,0.9721431224464528,0.9818024263431543,0.9599757428744694,0.961533794442422,0.9716191631291692,0.9588841722255913,0.9725894481503942,0.9742843279961184,0.9745300181928441,0.9725861232411451,0.9750181906378851,0.7019786161976158,0.7019786161976158,0.975133430373605,0.9769193391642371,0.9909653465346535,0.9780859229912096,0.9821738053973756,0.9806523626441771,0.9912128712871288,0.9913366336633663,0.9829165635058182,0.9909653465346535,0.8416480516257135,0.9829165635058182,0.9754973313925279,0.968912558830815,0.7046554934823092,0.9844059405940594,0.8890816705911513,0.9495662949194548,0.9780913479391014,0.7046554934823092,0.8613873694679264,0.8590428837787446,0.8377909856364537,0.624101165385569,0.5864166873603178,0.7367113760556383,0.980690679539547,0.9972704714640198,0.9800272918992681,0.9753621394081962,0.7367113760556383,0.8511246427239966,0.8591671845866998,0.8377909856364537,0.997270810073192,0.9808097065742231,0.945015479876161,0.45811583395476013,0.7165403255871754,0.9647598957687058,0.5023001367648887,0.7459982628117633,0.4510437375745527,0.9749752229930624,0.5827641872594065,0.9682893595937074,0.9811718072587637,0.47619047619047616,0.47619047619047616,0.47619047619047616,0.563685972962917,0.3561847988077496,0.9178048780487805,0.5887246988699864,0.4371049696368819,0.48693498452012385,0.9735533179667597,0.9631112729037739,0.9747664685187432,0.7217925107427869,0.9746451534635449,0.7217925107427869,0.9750030336124257,0.13735239279055314,0.9735533179667597,0.9525720539948924,0.9742812082979497,0.9734287794224703,0.9737959480771564,0.9750060664887163,0.9631112729037739,0.3378511582060128,0.9669390787518574,0.9844059405940594,0.8301675977653631,0.9835375665305112,0.997394540942928,0.9834076275383853,0.9799007444168735,0.9721465709333994,0.9753621394081962,0.9683050637612975,0.6766459627329192,0.6546583850931676,0.25194132873166525,0.26103670634920634,0.0493614931237721,0.05021752641392169,0.6601266608717248,0.6766459627329192,0.2710141333994545,0.25194132873166525,0.0493614931237721,0.9749752229930624,0.9654962944964159,0.968912558830815,0.9730320699708455,0.7307930991684249,0.7796857873584216,0.9844059405940594,0.9735533179667597,0.9773402674591382,0.9733009708737864
B7_UISEM_card+ms,0.022205399949533182,0.285035035035035,0.2773393461104848,0.4718388660947408,0.4737955931781402,0.44835768702385415,0.44835768702385415,0.0,0.4426270445748533,0.4426270445748533,0.0,0.45559990022449487,0.45559990022449487,0.0,0.43679163034001744,0.0,0.0,0.44016934379280287,0.532036187879539,0.0,0.6494883491554679,0.0,0.0,0.4747826086956522,0.5283018867924528,0.0,0.6499753330044401,0.0,0.028972672064777327,0.018211711142026053,0.023911943319838057,0.023273463192512018,0.01770806982038958,0.023273463192512018,0.009744368514300177,0.010503669956972918,0.022896900695762175,0.48105210670655696,0.47350662334416393,0.48801498127340825,0.0,0.48974230673004754,0.0,0.48773773773773776,0.0,0.4663671533757644,0.38041713500686897,0.004049607694254619,0.00480890913692736,0.520748987854251,0.0,0.6802480070859167,0.0,0.9778389883560786,0.0,0.5411973167953423,0.0,0.9456288633783272,0.0,0.9814976872109014,0.0,0.9795,0.9709838107098381,0.9773462783171522,0.0,0.9796960637767813,0.9814121756487026,0.0,0.8998616178135614,0.8791153556169892,0.0,0.9775934637286458,0.9807379612257661,0.0,0.9765840220385675,0.9765840220385675,0.9748544531153227,0.9748544531153227,1.0,0.9736320871502847,0.9672827172827173,0.9740034662045061,0.9573269928669753,0.9575551782682513,0.945719489981785,0.9575603249666546,0.9421979356405585,0.9576764491874848,0.945719489981785,0.9435816549381218,0.9444242203616066,0.9558573853989814,0.9542808634489449,0.9422540337255854,0.9627051218299354,0.9726504226752859,0.9435816549381218,0.9444242203616066,0.9542808634489449,0.9422540337255854,0.9554881746513039,0.9567062818336163,0.9576661814653081,0.955482775351771,0.9576815811810355,0.6875538594115475,0.6875538594115475,0.9573178125378926,0.9562265066084636,0.9796399751707014,0.9606289463909867,0.9730233714569866,0.9592771382596856,0.980134094859697,0.9792752544055597,0.9752425976611098,0.9796399751707014,0.8316510903426791,0.9752425976611098,0.9576815811810355,0.9623863494831236,0.7185128983308042,0.9796960637767813,0.8998616178135614,0.9619982383289292,0.978021978021978,0.7185128983308042,0.8484546360917248,0.8486398802096331,0.8316720657861949,0.6389275325660807,0.5988864987979249,0.7505058168942843,0.9801498127340824,0.9753651894033176,0.9581631390023517,0.9579051628079732,0.7505058168942843,0.8413827530263323,0.8460004983802641,0.8316720657861949,0.9753682386433965,0.9689595232182766,0.938597583758874,0.4655455809836895,0.7160788251537592,0.950652579241765,0.5087807959570436,0.7517605633802817,0.459271439413104,0.9766074555916938,0.5949639377451601,0.9627367896311066,0.970050950664844,0.4725743692732522,0.4725743692732522,0.4725743692732522,0.5515868077162415,0.36064125220903814,0.9033952125061065,0.5729736449527598,0.439070351758794,0.4782608695652174,0.9559733171619164,0.945765590876001,0.9569488236720834,0.7198959365708623,0.9570648878107945,0.7198959365708623,0.9567062818336163,0.13879408418657566,0.9559733171619164,0.9311976701856571,0.9564637399951491,0.955372301722047,0.9559786563182149,0.9567115314659876,0.945765590876001,0.336784333291755,0.967016491754123,0.9796960637767813,0.8274092615769713,0.9807956104252401,0.975,0.9804166146937757,0.9577918059165739,0.9712858926342073,0.9579051628079732,0.9669204843340407,0.6576889661164205,0.6494367959949937,0.254666165601904,0.2676020730628239,0.04970650680654427,0.05058168942842691,0.6553622825678889,0.6576889661164205,0.2772865083375442,0.254666165601904,0.04970650680654427,0.9766074555916938,0.9462378640776699,0.9623863494831236,0.9547165230059488,0.7451327433628319,0.772877618522602,0.9796960637767813,0.9559733171619164,0.9743046027192217,0.9550030321406914
B7_UISEM_card_only,0.02194396231093479,0.2838821063016402,0.27550894509561996,0.47597338590438637,0.47828232971372164,0.45110644084559276,0.45110644084559276,0.0,0.44561186650185414,0.44561186650185414,0.0,0.4606158031408433,0.4606158031408433,0.0,0.4426735853718804,0.0,0.0,0.4467375185368265,0.5418670612899248,0.0,0.664,0.0,0.0,0.48198865038243277,0.5364589759407773,0.0,0.664081733136386,0.0,0.028337061894108874,0.018398806563898557,0.023492852703542573,0.02299279144916729,0.01765071472964574,0.02299279144916729,0.009699079830887839,0.010445162894802289,0.02262274704785581,0.4840143192198494,0.4752720079129575,0.4865031431036608,0.0,0.4887571040276748,0.0,0.4862260654725139,0.0,0.4689314391599753,0.3819753086419753,0.0039786149446723856,0.004724605246798458,0.510307998012916,0.0,0.6656323693682512,0.0,0.9735017335314512,0.0,0.5303764442787924,0.0,0.9274303405572756,0.0,0.9790841584158416,0.0,0.9778410497647932,0.9774613003095975,0.9837851219210298,0.0,0.9844059405940594,0.9831683168316832,0.0,0.8883795837462835,0.8714356558393256,0.0,0.9945544554455445,0.9778410497647932,0.0,0.9717716974124055,0.9717716974124055,0.9965243296921549,0.9965243296921549,0.9736320871502847,1.0,0.9672029702970297,0.9909653465346535,0.9537014112404061,0.9744149387656117,0.9609365522261313,0.9746574511943737,0.9578934595316102,0.9747756487994179,0.9609365522261313,0.9595004243967503,0.9612958019898084,0.9731958762886598,0.9716191631291692,0.9586466165413534,0.9718989848972518,0.9813118811881189,0.9595004243967503,0.9612958019898084,0.9716191631291692,0.9586466165413534,0.9725894481503942,0.9738054814455493,0.9740511701224688,0.9723468768950879,0.9750181906378851,0.7011423658027269,0.7011423658027269,0.9746543778801844,0.9769193391642371,0.9909653465346535,0.9783308568598316,0.9816831683168317,0.980406746031746,0.9912128712871288,0.9913366336633663,0.9824257425742574,0.9909653465346535,0.8409626597196378,0.9824257425742574,0.9747787074087547,0.9684249628528975,0.7038094056334533,0.9844059405940594,0.8883795837462835,0.9486004458756503,0.9778465346534654,0.7038094056334533,0.8616187989556136,0.8590428837787446,0.8377909856364537,0.6236985622211205,0.5864166873603178,0.7362801092624782,0.9804455445544554,0.9965273471412626,0.979781691887869,0.9756067360079247,0.7362801092624782,0.8506646788420922,0.8598607311614026,0.8377909856364537,0.9965277777777778,0.9800742574257426,0.94405248174279,0.45811583395476013,0.7154744162940885,0.9635416666666666,0.502113376429637,0.7457816377171216,0.45122405865539955,0.9732640178239881,0.5825676682393841,0.9675581971272907,0.9797004579774724,0.47600696171059176,0.47600696171059176,0.47600696171059176,0.563879930538328,0.3560163914069291,0.9182727494510856,0.5895142253696112,0.43621501114689126,0.48693498452012385,0.9735533179667597,0.9626349629989082,0.9742874469375379,0.7203140333660452,0.9741661613098848,0.7203140333660452,0.9742843279961184,0.1372110365398956,0.9735533179667597,0.9525720539948924,0.9738023044269254,0.9729500242600679,0.9733171619163129,0.9742874469375379,0.9626349629989082,0.3373568173420372,0.9659653465346535,0.9844059405940594,0.8288053591365836,0.9832920792079208,0.9968990324981394,0.9824257425742574,0.9794095757876458,0.9716584158415842,0.9756067360079247,0.9678177992325783,0.6768542676108833,0.6546583850931676,0.2513243809289146,0.2605677451344986,0.04910385465259023,0.049956505530011186,0.6607453416149068,0.6768542676108833,0.27085657617453823,0.2513243809289146,0.04910385465259023,0.9732640178239881,0.9650188266731446,0.9684249628528975,0.9730320699708455,0.7301488833746899,0.7799025578562728,0.9844059405940594,0.9735533179667597,0.9763613861386139,0.9730615216599927
B7_UISEM_coh+ms,0.022081218274111674,0.2787090317738304,0.2711673346693387,0.470991890205864,0.4740592574071759,0.44742448928437145,0.44742448928437145,0.0,0.4425777331995988,0.4425777331995988,0.0,0.4554219884798397,0.4554219884798397,0.0,0.43420724094881397,0.0,0.0,0.4392102961389479,0.529499441063222,0.0,0.6464122514511548,0.0,0.0,0.47413040767984044,0.524993782641134,0.0,0.6466954910438543,0.0,0.02914969450101833,0.01871181262729124,0.024058044806517312,0.023676171079429736,0.018075356415478614,0.023676171079429736,0.009932509868839933,0.01069654908951993,0.023167006109979633,0.4796798799549831,0.47026417929134845,0.48610415623435155,0.0,0.4913868980259022,0.0,0.4867545511613308,0.0,0.4656813627254509,0.37528117970507374,0.004074357015533486,0.004838298955946015,0.5237367952144585,0.0,0.6822631913541004,0.0,0.9703490554234956,0.0,0.5417567052243549,0.0,0.9403079252902574,0.0,0.9750031246094238,0.0,0.9725137431284357,0.9618301628745493,0.9701455404901107,0.0,0.9769182782283219,0.9764103844233649,0.0,0.8966864054428625,0.8773299748110831,0.0,0.9721396731054978,0.9727602149194052,0.0,0.9695869837296621,0.9695869837296621,0.9679336387272502,0.9679336387272502,0.9672827172827173,0.9672029702970297,1.0,0.9683050637612975,0.9650913673597984,0.95173417414504,0.9394196916353041,0.9519767159835072,0.9361340456532298,0.9516187704619862,0.9394196916353041,0.9382281553398059,0.9381293218488415,0.9500363812757701,0.9484598593257337,0.9369008615459289,0.9589296826384568,0.9737991266375546,0.9382281553398059,0.9381293218488415,0.9484598593257337,0.9369008615459289,0.9494300266796022,0.9511218920557913,0.9513703613873393,0.9494238932686476,0.9518612828907481,0.6851714779175919,0.6851714779175919,0.95173417414504,0.9504062083181763,0.9749068322981367,0.9568666336142786,0.9736809280279406,0.954061416542843,0.9741743233176061,0.9742984852247331,0.9744293376574779,0.9749068322981367,0.8279475982532751,0.9744293376574779,0.9518612828907481,0.9568954777625513,0.7187460337606295,0.9769182782283219,0.8966864054428625,0.9584225778001764,0.9779559118236473,0.7187460337606295,0.8378915962207857,0.8419608332293875,0.8343765648472709,0.6432480590556192,0.5980703313444204,0.750190307028673,0.9756371814092953,0.9689356435643565,0.9529470034670628,0.954624349119762,0.750190307028673,0.8344767369340153,0.8377302140368342,0.8343765648472709,0.9691831683168317,0.9644632206759444,0.9350293053996758,0.46708185053380785,0.7256491450284991,0.9442028085000621,0.5099657229909864,0.7507882456804137,0.4607755880483153,0.9720831246870305,0.5963640986524281,0.9582190072337241,0.9648184982595723,0.4713512152121899,0.4713512152121899,0.4713512152121899,0.553928928928929,0.36214775323686216,0.8998532648569333,0.5772022022022022,0.4310626019320035,0.4697176968038801,0.9499151103565365,0.9401771629656595,0.9508912331757002,0.7259231536926147,0.9507699769613193,0.7259231536926147,0.9506487207469383,0.13660578386605784,0.9499151103565365,0.9263081218890372,0.9504062083181763,0.9493149023887474,0.9499211834606524,0.9508912331757002,0.9401771629656595,0.32996758912989277,0.972107048624199,0.9769182782283219,0.8278070836473248,0.977275564989387,0.969059405940594,0.9734447076424386,0.9528173374613003,0.9788812067881836,0.954624349119762,0.9727489639583071,0.6618381618381618,0.6617312072892938,0.24834063869755793,0.2626518218623482,0.05040221216691805,0.05129184166984854,0.6630914826498423,0.6618381618381618,0.2705808080808081,0.24834063869755793,0.05040221216691805,0.9720831246870305,0.93970641756642,0.9568954777625513,0.948652585579024,0.7443570885112858,0.7633251833740832,0.9769182782283219,0.9499151103565365,0.9668453197058456,0.9487086213168425
B7_UISEM_coh_only,0.02168256721595837,0.28235438985346634,0.27462097867619867,0.4759793052475979,0.47792303897385296,0.452375061850569,0.452375061850569,0.0,0.447414006434051,0.447414006434051,0.0,0.4618906211333828,0.4618906211333828,0.0,0.443044230294045,0.0,0.0,0.4438964241676942,0.539010583312823,0.0,0.6606901633304679,0.0,0.0,0.48327366991729415,0.5373981732905455,0.0,0.6609753101584572,0.0,0.02858208027836461,0.01826540755467197,0.0233569387501553,0.022984221642440055,0.0176441351888668,0.022984221642440055,0.009695463020509634,0.010441267868241143,0.022614314115308152,0.4845679012345679,0.4747312492277277,0.48852418558736427,0.0,0.4906010388325501,0.0,0.48788328387734914,0.0,0.469302038295244,0.3797905113986445,0.004101926662523307,0.004847731510254817,0.508806747705284,0.0,0.6643521388716677,0.0,0.973628822582642,0.0,0.5282808236169685,0.0,0.9278018575851393,0.0,0.9794554455445544,0.0,0.9777227722772277,0.9766089108910891,0.9839108910891089,0.0,0.9850228988736229,0.9837851219210298,0.0,0.888283378746594,0.8701845658367398,0.0,0.9951726698848867,0.9779675702438421,0.0,0.9714108910891089,0.9714108910891089,0.9912117836365887,0.9912117836365887,0.9740034662045061,0.9909653465346535,0.9683050637612975,1.0,0.9543147208121827,0.9750181906378851,0.9615384615384616,0.9752607324763521,0.9582574930226915,0.975379017586416,0.9615384615384616,0.9601018675721562,0.9611838913148957,0.9730811204074209,0.9717438758185787,0.9597234016741477,0.9722703639514731,0.9819284564921401,0.9601018675721562,0.9611838913148957,0.9717438758185787,0.9597234016741477,0.9729533050333535,0.97416929420325,0.9748938750758035,0.9729500242600679,0.9751424760518976,0.7008840864440079,0.7008840864440079,0.9747787074087547,0.9736874014793259,0.9913366336633663,0.9794376316115446,0.9825451844515969,0.9783254892246718,0.9915841584158416,0.9919544498081446,0.9832879425600396,0.9913366336633663,0.8376872601213322,0.9832879425600396,0.9751424760518976,0.9683089873731121,0.703125,0.9850228988736229,0.888283378746594,0.9482481119227436,0.9784626810248793,0.703125,0.8555321521496717,0.8538852398066675,0.8452454940957116,0.6246745195288282,0.5848214285714286,0.7336390679226574,0.9810620126253249,0.9931913840059421,0.9772108000990835,0.9794095757876458,0.7336390679226574,0.8469071525970001,0.8533201189296333,0.8452454940957116,0.9934389700420896,0.980690679539547,0.9451461119366023,0.4564974556286459,0.7149950347567031,0.960510027234464,0.5013664596273292,0.7459372286316834,0.44961528915363613,0.9741240559613717,0.5813693872488216,0.9674424362465956,0.9800717910632504,0.4743637492240844,0.4743637492240844,0.4743637492240844,0.5627013630731103,0.35622051154705736,0.9195752989992677,0.5877171215880893,0.43765493306891423,0.4876749659358355,0.9731991268493815,0.962522741055185,0.9744118360417172,0.7200490496627836,0.9742905651224836,0.7200490496627836,0.97416929420325,0.13715989563920983,0.9731991268493815,0.9498542982030111,0.9741661613098848,0.9730745906610067,0.9736810187992723,0.9744118360417172,0.962522741055185,0.3354235829337268,0.9668234711562268,0.9850228988736229,0.8255540423424539,0.9836633663366336,0.9930684490654784,0.9830424557494739,0.9768392370572208,0.972029702970297,0.9794095757876458,0.968432780391186,0.6747301823595088,0.6529776674937965,0.2509234178773701,0.2620347394540943,0.04921453117329406,0.0500683314697478,0.6592629358481201,0.6747301823595088,0.27233250620347393,0.2509234178773701,0.04921453117329406,0.9741240559613717,0.9629989081645032,0.9683089873731121,0.971959213401311,0.7292338209769402,0.7772373540856031,0.9850228988736229,0.9731991268493815,0.9772220846744244,0.971989814477992
B7_UISEM_ms_only,0.02187620640844164,0.28172942817294283,0.2739273927392739,0.4691746351283342,0.4707808564231738,0.4466793168880455,0.4466793168880455,0.0,0.44123972169512965,0.44123972169512965,0.0,0.45254921756688543,0.45254921756688543,0.0,0.43280010076835873,0.0,0.0,0.4345911949685535,0.5247438140464884,0.0,0.6397469296613323,0.0,0.0,0.4723409605230073,0.5230634244171471,0.0,0.6400297803697729,0.0,0.028247130143170384,0.01845875822899187,0.023087836966335613,0.022700889978073003,0.01781334710210404,0.022700889978073003,0.009947035266761401,0.010722128923911639,0.022448716294671656,0.47718679102596423,0.46750788643533125,0.48403382557112207,0.0,0.48821890043070687,0.0,0.4833691665612748,0.0,0.4636271785804496,0.37751359554824837,0.004133832838134608,0.004908926495284847,0.5294041784885221,0.0,0.6872025723472669,0.0,0.957436154231347,0.0,0.5474565357372827,0.0,0.9341021416803954,0.0,0.9630880880880881,0.0,0.9596199524940617,0.9499626587005228,0.9565758367550081,0.0,0.9630646368854504,0.9635319095791183,0.0,0.8898305084745762,0.8687468418393128,0.0,0.9583900928792569,0.9588852786803299,0.0,0.9569138276553106,0.9569138276553106,0.9546693088927422,0.9546693088927422,0.9573269928669753,0.9537014112404061,0.9650913673597984,0.9543147208121827,1.0,0.9382656155245603,0.9259349198640117,0.9385081867798666,0.9226472374013358,0.9381518311908804,0.9259349198640117,0.9254492472073822,0.9258225081947311,0.9365676167374166,0.9347562454523405,0.9245901639344263,0.952642758965388,0.9643571785892946,0.9254492472073822,0.9258225081947311,0.9347562454523405,0.9245901639344263,0.935961188599151,0.9376516254245512,0.9383719519592382,0.9359534206695779,0.9381593306656966,0.673502161828289,0.673502161828289,0.9382656155245603,0.9367042560931248,0.9598957039980134,0.942138520629414,0.9642410602650663,0.9405499133019569,0.9599006828057107,0.9595382896859873,0.9652369638614481,0.9598957039980134,0.8186139604703527,0.9652369638614481,0.9383943730293476,0.9452413621055258,0.7172634271099744,0.9630646368854504,0.8898305084745762,0.9478667003282,0.9642946629917314,0.7172634271099744,0.8286177240433753,0.8322080520130033,0.8229689067201604,0.6528477334366525,0.6036765651111968,0.748721881390593,0.9625,0.9549504950495049,0.9396754614145918,0.9401338621715419,0.748721881390593,0.8228828378715963,0.8273067331670823,0.8229689067201604,0.9551980198019802,0.9504224652087475,0.9242973141786384,0.4676425269645609,0.7185194606970237,0.9304001988565747,0.5136836695361686,0.7466700494735506,0.4618350038550501,0.9613744670178078,0.5976376941841058,0.9446107784431138,0.9512559064909226,0.4736372898624554,0.4736372898624554,0.4736372898624554,0.5430721003134796,0.36565916398713827,0.8867278287461774,0.5673776662484317,0.433066869686588,0.4640400250156348,0.9362114964831434,0.9266990291262136,0.937424205675479,0.718687374749499,0.9375379017586416,0.718687374749499,0.9371816638370118,0.13815281708258298,0.9362114964831434,0.9130540376442016,0.9369391219985448,0.9358476837254427,0.9364540383216104,0.9371892809506487,0.9266990291262136,0.33148335015136227,0.9710346572223627,0.9630646368854504,0.8216223035196165,0.9624313529705442,0.9550742574257426,0.9620474406991261,0.9395441030723488,0.9673967774420946,0.9401338621715419,0.9721800708143652,0.6506129597197898,0.6556021874602569,0.2528604118993135,0.26906752411575563,0.04898842091869195,0.04987113402061856,0.6538412859131756,0.6506129597197898,0.2749871860584316,0.2528604118993135,0.04898842091869195,0.9613744670178078,0.9271667880553532,0.9452413621055258,0.9356405585913783,0.7424010217113666,0.7578921508414199,0.9630646368854504,0.9362114964831434,0.9530042383445525,0.9352413291292748
D1_blk_post_block_all,0.024390243902439025,0.28699660359049006,0.27814167879670065,0.4773747422055077,0.4773168364871422,0.447962154294032,0.447962154294032,0.0,0.4429212665291763,0.4429212665291763,0.0,0.4569383794274624,0.4569383794274624,0.0,0.44038811400849,0.0,0.0,0.44402668283808366,0.5405700424499696,0.0,0.663514005092761,0.0,0.0,0.48114008489993937,0.5345057610673135,0.0,0.6633927488783801,0.0,0.02815192331027788,0.018201674554058973,0.023298143429195485,0.022934109938114306,0.017594952068923673,0.022934109938114306,0.009464870768110666,0.010192937750273025,0.022448731950006066,0.48259128957903674,0.47167293461118526,0.48702086365841823,0.0,0.48598811112459056,0.0,0.4835031538088307,0.0,0.46652110625909754,0.38214242387480285,0.004004368401892974,0.004732435384055333,0.4996360106770201,0.0,0.6517889630078836,0.0,0.9569488236720834,0.0,0.5185005459177484,0.0,0.9118253486961795,0.0,0.9633761823914625,0.0,0.9616783895221925,0.9603492178974172,0.9679805942995755,0.0,0.9683521280465623,0.9673781227261703,0.0,0.872892662219527,0.8547174387581857,0.0,0.9782951376258033,0.9616783895221925,0.0,0.9554935726412807,0.9554935726412807,0.9748938750758035,0.9748938750758035,0.9575551782682513,0.9744149387656117,0.95173417414504,0.9750181906378851,0.9382656155245603,1.0,0.9845967252880534,0.9995147986414362,0.9810794420861128,0.9993934983017952,0.9845967252880534,0.9836304110585667,0.9844773223381034,0.9973317161916313,0.9952710076391416,0.9825391051291379,0.9556202255365588,0.9653207226870377,0.9836304110585667,0.9844773223381034,0.9952710076391416,0.9825391051291379,0.9964831433422265,0.9979383943730293,0.9984234780499636,0.9962406015037594,0.9989086940705711,0.7036138733931603,0.7036138733931603,0.999029714978775,0.9974536194979993,0.9747787074087547,0.9614405238268461,0.9656844913301806,0.9608294930875576,0.9752607324763521,0.9751424760518976,0.9666504972107689,0.9747787074087547,0.823793354353626,0.9666504972107689,0.9993935718617344,0.9522134627046694,0.6901237563698132,0.9683521280465623,0.872892662219527,0.9320882852292021,0.9621634731991269,0.6901237563698132,0.8408153360834749,0.8383066472586124,0.8242571255306246,0.613564668769716,0.574184156253791,0.7206114278781997,0.9647101625030318,0.9763521707494542,0.9602134885977681,0.9590104292990541,0.7206114278781997,0.8305845258307057,0.838874059694249,0.8242571255306246,0.9765947125879214,0.9641081605432278,0.9288139704098957,0.44776119402985076,0.6998665534392818,0.944100885170365,0.4903531124863487,0.7315859725761437,0.4410337296772628,0.9576713159490601,0.5702328966521106,0.9511278195488722,0.9639781685870225,0.4648707681106662,0.4648707681106662,0.4648707681106662,0.5534934497816594,0.34922946244387815,0.9310052140172184,0.5760553129548762,0.430737506065017,0.48023284016492845,0.9967260822117133,0.9862947240751971,0.9984232868405094,0.7254640300861337,0.9985443959243085,0.7254640300861337,0.9981807155852032,0.13444970270598228,0.9967260822117133,0.9712587921416445,0.9984229042824214,0.9973310687856363,0.997937644061628,0.9979386443555233,0.9862947240751971,0.34121785540999516,0.950758035172832,0.9683521280465623,0.8119088042687364,0.9672608221171335,0.9762337819813266,0.9668890236506974,0.9598495875788452,0.9560999272374484,0.9590104292990541,0.9523347483323226,0.6613294517224648,0.6400582312264952,0.2564911429264742,0.257794492296494,0.06115762650163815,0.04938721029001335,0.6460026689312144,0.6613294517224648,0.2677098495875788,0.2564911429264742,0.06115762650163815,0.9576713159490601,0.9865356622998545,0.9522134627046694,0.994057004244997,0.7156720038816109,0.7967006307617661,0.9683521280465623,0.9967260822117133,0.9607082221683241,0.9957560324966654
D1_blk_post_block_mean,0.02424317007137583,0.28487446417636253,0.2764028424405783,0.4738450256660963,0.4732470070852675,0.4443901246638964,0.4443901246638964,0.0,0.44001467530879296,0.44001467530879296,0.0,0.4536120278694536,0.4536120278694536,0.0,0.43781337898984957,0.0,0.0,0.44289386705839145,0.5367611138251099,0.0,0.6571219690508103,0.0,0.0,0.4778198704631553,0.5299072265625,0.0,0.6570001218472036,0.0,0.02780511811023622,0.017716535433070866,0.022883858267716536,0.022388977734038626,0.017226528854435832,0.022388977734038626,0.009230769230769232,0.010093549975381585,0.02202263779527559,0.47964298814035944,0.46738333740532617,0.4848336594911937,0.0,0.4803514766902612,0.0,0.47947715612020525,0.0,0.4629109128681413,0.3799265605875153,0.003939431244614059,0.004678074602979195,0.49773644928422855,0.0,0.6473459426479561,0.0,0.9446400388490955,0.0,0.5167604599951064,0.0,0.9008505467800729,0.0,0.9506008010680908,0.0,0.9493747723685808,0.948045642146152,0.9544958136148526,0.0,0.955345225094042,0.9546061415220294,0.0,0.8634318375288824,0.8452091439688716,0.0,0.9648186339924785,0.9491381403253217,0.0,0.9434191355026712,0.9434191355026712,0.961412449945395,0.961412449945395,0.945719489981785,0.9609365522261313,0.9394196916353041,0.9615384615384616,0.9259349198640117,0.9845967252880534,1.0,0.9848392965433597,0.9903031790843255,0.9847180109157065,1.0,0.9692009215472293,0.9705240174672489,0.9831392527899078,0.981322013341419,0.9690646609244207,0.9430756159728122,0.9520747391409852,0.9692009215472293,0.9705240174672489,0.981322013341419,0.9690646609244207,0.982051903953432,0.9842290428242145,0.983992238661169,0.9820497271073377,0.9844792045592337,0.6967961992934584,0.6967961992934584,0.9843560514188697,0.9830241299866618,0.9617764834364761,0.9484285887634996,0.9526756461594467,0.9468704512372634,0.9620191724305303,0.9614264919941776,0.9531667071099248,0.9617764834364761,0.8144229599902711,0.9531667071099248,0.9849605821710128,0.9394270453993688,0.6834470989761092,0.955345225094042,0.8634318375288824,0.9209183673469388,0.9496236950716194,0.6834470989761092,0.8301519756838905,0.8300876338851022,0.8155493369022996,0.6090831400317421,0.5706083557292939,0.7136590715243085,0.951935914552737,0.9626349629989082,0.9460148004367342,0.9464675892206846,0.7136590715243085,0.8225629791894852,0.8288737533446849,0.8155493369022996,0.9628775931093049,0.9518086914299587,0.9169398907103825,0.4443629249205185,0.6959228515625,0.9327179985426282,0.48946852804310553,0.7238396881471556,0.43775984348251407,0.945361826129189,0.5668214023943318,0.9383420317999758,0.951438630569382,0.46339373163565134,0.46339373163565134,0.46339373163565134,0.5499633520645004,0.3498588783899865,0.918902513050868,0.5719169719169719,0.42703495477878267,0.4747437774524158,0.982296592700376,0.9725794710021839,0.983749696822702,0.7193709618432281,0.9836284259034683,0.7193709618432281,0.9837477258944815,0.13376735044834787,0.982296592700376,0.9573022804463852,0.9835051546391752,0.982654051431344,0.9832605531295487,0.983749696822702,0.9725794710021839,0.33830906643827235,0.9377351620342275,0.955345225094042,0.8029436808174188,0.954727515475179,0.9627562780541065,0.9541150764748726,0.9461230433199854,0.9433183638791115,0.9464675892206846,0.9397839019060338,0.6559336504451763,0.6353429338540395,0.25499570920681625,0.25708328222740096,0.060617238411410305,0.04869052010328292,0.6413229192091775,0.6559336504451763,0.26679744973025993,0.25499570920681625,0.060617238411410305,0.945361826129189,0.9728188326659386,0.9394270453993688,0.9793839437302935,0.7089070305836481,0.7889930597832704,0.955345225094042,0.982296592700376,0.9481670308327264,0.9818071558520315
D1_blk_pre+post_all,0.024384326094868375,0.2869269949066214,0.27807421780257097,0.4770797962648557,0.4772010671840893,0.44785350472956587,0.44785350472956587,0.0,0.44263885520252244,0.44263885520252244,0.0,0.45682755275284986,0.45682755275284986,0.0,0.4404559786563182,0.0,0.0,0.44409410623332524,0.5406257579432452,0.0,0.663756517521523,0.0,0.0,0.48120300751879697,0.5345622119815668,0.0,0.663635261307142,0.0,0.028145092806017225,0.018197258279752517,0.02329249059808322,0.022928545432488172,0.017590683003760765,0.022928545432488172,0.00946257430547131,0.010190464636661409,0.02244328521169477,0.4824742268041237,0.47173702086365843,0.4870830806549424,0.0,0.485690031530439,0.0,0.4837457544881126,0.0,0.46640795537230173,0.38188212466650495,0.004003396821545554,0.004731287152735655,0.49969671236200414,0.0,0.6518311908804268,0.0,0.9569540438947496,0.0,0.5185589519650655,0.0,0.9118360417171962,0.0,0.963380623256942,0.0,0.9619209313606597,0.9605917303261792,0.9677458469746575,0.0,0.9685946404753244,0.9673820783315145,0.0,0.8731352334748332,0.8547350551715776,0.0,0.9785376500545653,0.9616830362556081,0.0,0.9557361144797477,0.9557361144797477,0.9751364463311097,0.9751364463311097,0.9575603249666546,0.9746574511943737,0.9519767159835072,0.9752607324763521,0.9385081867798666,0.9995147986414362,0.9848392965433597,1.0,0.981322013341419,0.9996360989810772,0.9848392965433597,0.9838729234873287,0.9847198641765704,0.9975742874469375,0.9957555178268251,0.9827816175578998,0.9558627379653207,0.9658016007761339,0.9838729234873287,0.9847198641765704,0.9957555178268251,0.9827816175578998,0.9967256851806937,0.9981809362114965,0.9986660198884307,0.9964831433422265,0.9991512064993331,0.7038564152316275,0.7038564152316275,0.9995147986414362,0.9976961319267612,0.9750212198375167,0.9616830362556081,0.9659270037589427,0.9610720349260248,0.9752637322662786,0.9753849884806597,0.966893039049236,0.9750212198375167,0.8238147205044258,0.966893039049236,0.9996361431170406,0.9522192578219743,0.6899563318777293,0.9685946404753244,0.8731352334748332,0.9323308270676691,0.962168061113132,0.6899563318777293,0.8406113537117904,0.8385492479378942,0.8242784380305602,0.6134158175642892,0.5740448756822316,0.7204366282595512,0.9647144416151328,0.9765947125879214,0.9602183141297757,0.9592529711375212,0.7204366282595512,0.8308270676691729,0.8386705482775352,0.8242784380305602,0.9768372544263886,0.9643506729719898,0.9290565122483628,0.4476525536819119,0.6999029597282872,0.944343397599127,0.4902341380565328,0.7314084677908529,0.4409267345948569,0.9576764491874848,0.5700945913170021,0.9511337456044622,0.9639825369876304,0.4647579764648793,0.4647579764648793,0.4647579764648793,0.5537360504609413,0.3491447288608516,0.9312477264459803,0.5762979136341582,0.4306330341983992,0.4802958651630896,0.9972107688576279,0.9862963861266069,0.9986658580958157,0.7254973313925279,0.9985445724681625,0.7254973313925279,0.9984232868405094,0.13441708115977194,0.9972107688576279,0.9715013339801115,0.9984230955846677,0.997331392527899,0.9979378942261038,0.9981811567842852,0.9862963861266069,0.3411350958040262,0.9510006064281382,0.9685946404753244,0.8119316114950891,0.9675033345458954,0.9764762944100885,0.966893039049236,0.9600921882581271,0.9563424690759156,0.9592529711375212,0.9525773195876288,0.6615720524017468,0.6401018922852983,0.2564289180009704,0.2578845220766618,0.06114278781996846,0.0493752274657285,0.646045608927705,0.6615720524017468,0.2676449187484841,0.2564289180009704,0.06114278781996846,0.9576764491874848,0.9867782629791363,0.9522192578219743,0.9942995755003032,0.7157064887810795,0.7969432314410481,0.9685946404753244,0.9972107688576279,0.9607129865405603,0.9959985449254274
D1_blk_pre+post_mean,0.02458307597282273,0.28399607265586646,0.2761331531752856,0.47155963302752296,0.4725826193390453,0.44366887092823903,0.44366887092823903,0.0,0.43893176528237166,0.43893176528237166,0.0,0.4523751224289912,0.4523751224289912,0.0,0.43690271992158786,0.0,0.0,0.4414613215643006,0.5349064677833476,0.0,0.6541930765480254,0.0,0.0,0.47698334965719885,0.5287932510086808,0.0,0.6540711847879084,0.0,0.02803161274388738,0.018031369643077683,0.023092121511484317,0.022595382145943945,0.017288219313410718,0.022595382145943945,0.009263833992094862,0.010129709697344039,0.02222771054581378,0.47917177162460184,0.4679652088692883,0.48473703567488047,0.0,0.48042574015170053,0.0,0.4779204892966361,0.0,0.4613313754282917,0.37857055289935027,0.003953545836422041,0.004694835680751174,0.498588783899865,0.0,0.6470228634307372,0.0,0.9411193395653757,0.0,0.5169242089771892,0.0,0.8980187188525587,0.0,0.9473173100267055,0.0,0.945854073084861,0.9442893555043088,0.9509768232010678,0.0,0.9520631067961165,0.9513231366836611,0.0,0.8599051441079898,0.8428032607373159,0.0,0.9615384615384616,0.945854073084861,0.0,0.9398980087421078,0.9398980087421078,0.9586064578781257,0.9586064578781257,0.9421979356405585,0.9578934595316102,0.9361340456532298,0.9582574930226915,0.9226472374013358,0.9810794420861128,0.9903031790843255,0.981322013341419,1.0,0.9812007277137659,0.9903031790843255,0.9656844913301806,0.9667677380230443,0.9798617008370739,0.9778047301394784,0.965308102862688,0.9402622632345798,0.9490291262135923,0.9656844913301806,0.9667677380230443,0.9778047301394784,0.965308102862688,0.9787750151607034,0.9807109062234624,0.9804753820033956,0.9787724405628335,0.980962774342185,0.6945020114592222,0.6945020114592222,0.9808391947610963,0.9795076997696132,0.9587328559291176,0.9456178684146638,0.9496298094428935,0.9438243144867751,0.9589756038354169,0.9583838874059695,0.950121359223301,0.9587328559291176,0.8122185712547159,0.950121359223301,0.9814432989690721,0.9359067734887109,0.6819624115206249,0.9520631067961165,0.8599051441079898,0.9173955296404276,0.9463396867791671,0.6819624115206249,0.8284045271997079,0.8287838167194735,0.8124619690884751,0.6082915494680201,0.5705190989226249,0.7126296522269676,0.948652585579024,0.9595922824899891,0.9429680863972819,0.9436551305403764,0.7126296522269676,0.8203629277798076,0.8277919863597613,0.8124619690884751,0.9598349714840432,0.9482884195193008,0.913418336369156,0.44452617383842097,0.694451234417013,0.928493383513415,0.4893825948201792,0.7232458816351434,0.43808239333006377,0.9420765027322404,0.5663402692778458,0.935526954832443,0.9479179312856623,0.46360623542408247,0.46360623542408247,0.46360623542408247,0.5494492044063648,0.34944649446494463,0.916312401311794,0.5706774272438249,0.42575590647570083,0.4731826511912034,0.9790201309725928,0.9692998422521538,0.9804730139478471,0.7183494078867049,0.980351728320194,0.7183494078867049,0.9804706453178069,0.1334072431633407,0.9790201309725928,0.9544958136148526,0.980228044638525,0.9793764406162805,0.9799830158922722,0.9804730139478471,0.9692998422521538,0.33754291319274154,0.9346849581158189,0.9520631067961165,0.8005111976630964,0.9514445253702355,0.9597136269870161,0.9508316134514994,0.9430756159728122,0.9397985192377716,0.9436551305403764,0.9369686665047364,0.6542124542124542,0.633398485218666,0.25451640653803614,0.25676340383669455,0.0609650746637048,0.048994199679131184,0.6393843146836061,0.6542124542124542,0.2663470993117011,0.25451640653803614,0.0609650746637048,0.9420765027322404,0.9697778856657361,0.9359067734887109,0.9761067313523347,0.7087046758637529,0.7872029250457039,0.9520631067961165,0.9790201309725928,0.9448828456962486,0.9782898726500909
D1_blk_pre_baseline_all,0.02438728463965057,0.28696179502728925,0.2781079442086113,0.4771376591873863,0.47725894481503944,0.448083454633673,0.448083454633673,0.0,0.4428675400291121,0.4428675400291121,0.0,0.4568829593693147,0.4568829593693147,0.0,0.4405093996361431,0.0,0.0,0.4441479684657368,0.5406913280776228,0.0,0.6638370118845501,0.0,0.0,0.4812613705275925,0.5346270466949666,0.0,0.6637157409653165,0.0,0.028148507643775782,0.018075943224554167,0.02317117554288487,0.022807230377289822,0.017469367948562416,0.022807230377289822,0.00946372239747634,0.01019170104343606,0.02232197015649642,0.48253275109170307,0.4717942496663836,0.48696179502728926,0.0,0.4855687606112054,0.0,0.4834445118253487,0.0,0.46646452395391147,0.38192844147968463,0.004003882552778452,0.00473186119873817,0.4995753973068058,0.0,0.6515096398690433,0.0,0.957070094591317,0.0,0.5186218609729467,0.0,0.9114829635018795,0.0,0.9632593670425609,0.0,0.9615617800412272,0.9604704741117982,0.9676245907602765,0.0,0.9684733842609434,0.9674993936454038,0.0,0.8730139478471801,0.8548387096774194,0.0,0.9784163938401843,0.9615617800412272,0.0,0.9553777131077967,0.9553777131077967,0.975254730713246,0.975254730713246,0.9576764491874848,0.9747756487994179,0.9516187704619862,0.975379017586416,0.9381518311908804,0.9993934983017952,0.9847180109157065,0.9996360989810772,0.9812007277137659,1.0,0.9847180109157065,0.9837516672729477,0.9848392965433597,0.9974530018192844,0.9958762886597938,0.9826603613435189,0.9559786563182149,0.9654419789014187,0.9837516672729477,0.9848392965433597,0.9958762886597938,0.9826603613435189,0.9968465736810188,0.9980596652922629,0.9987871437234688,0.9966040024257126,0.9990299502849521,0.7039417828987266,0.7039417828987266,0.9993934983017952,0.9975748757123802,0.9748999636231357,0.9617996604414262,0.9658057475445616,0.9609507640067911,0.9751424760518976,0.9755032743148193,0.9665332848308475,0.9748999636231357,0.8239146252728595,0.9665332848308475,0.9995148574893875,0.9518612828907481,0.6900400339682154,0.9684733842609434,0.8730139478471801,0.9322095561484356,0.962046804898751,0.6900400339682154,0.8407133325245663,0.8386509765861944,0.8243784111582777,0.6132945172246482,0.5739235900545785,0.7201067184089256,0.9645931854007518,0.9769529354682193,0.960334788937409,0.9593693147362038,0.7201067184089256,0.8309278350515464,0.8387722916413927,0.8243784111582777,0.9769557307459066,0.9642294167576089,0.9291691934505761,0.4477068672652269,0.6997816593886463,0.9444579189910259,0.4902936180538704,0.7310771470160117,0.44098022564600264,0.9577926015767132,0.5699733203977686,0.9510124893900812,0.9638612660683968,0.46481436544528026,0.46481436544528026,0.46481436544528026,0.5538032269804682,0.34902341380565327,0.9311264702315993,0.5763678272473614,0.4305117632791657,0.4801746089487086,0.9973317161916313,0.9864160097028503,0.9990294795584131,0.725585345141332,0.9989081645032148,0.725585345141332,0.9987868494480165,0.13443338995389467,0.9973317161916313,0.9716191631291692,0.9987867022567338,0.9976947342877942,0.9983013831594273,0.99830220713073,0.9864160097028503,0.3411764705882353,0.9506427358719379,0.9684733842609434,0.8120300751879699,0.9673820783315145,0.9765947125879214,0.9670103092783505,0.9599708879184862,0.9559839941797017,0.9593693147362038,0.9522192578219743,0.6616523110518016,0.6401795462816936,0.2566124727008008,0.2577632217370209,0.06102147276477011,0.04925391241053015,0.6461239839864127,0.6616523110518016,0.2676773802304427,0.2566124727008008,0.06102147276477011,0.9577926015767132,0.9868979740385782,0.9518612828907481,0.9941782898726501,0.7153771525588164,0.7970399126531602,0.9684733842609434,0.9973317161916313,0.9608294930875576,0.9961193305845258
D1_blk_pre_baseline_mean,0.02424317007137583,0.28487446417636253,0.2764028424405783,0.4738450256660963,0.4732470070852675,0.4443901246638964,0.4443901246638964,0.0,0.44001467530879296,0.44001467530879296,0.0,0.4536120278694536,0.4536120278694536,0.0,0.43781337898984957,0.0,0.0,0.44289386705839145,0.5367611138251099,0.0,0.6571219690508103,0.0,0.0,0.4778198704631553,0.5299072265625,0.0,0.6570001218472036,0.0,0.02780511811023622,0.017716535433070866,0.022883858267716536,0.022388977734038626,0.017226528854435832,0.022388977734038626,0.009230769230769232,0.010093549975381585,0.02202263779527559,0.47964298814035944,0.46738333740532617,0.4848336594911937,0.0,0.4803514766902612,0.0,0.47947715612020525,0.0,0.4629109128681413,0.3799265605875153,0.003939431244614059,0.004678074602979195,0.49773644928422855,0.0,0.6473459426479561,0.0,0.9446400388490955,0.0,0.5167604599951064,0.0,0.9008505467800729,0.0,0.9506008010680908,0.0,0.9493747723685808,0.948045642146152,0.9544958136148526,0.0,0.955345225094042,0.9546061415220294,0.0,0.8634318375288824,0.8452091439688716,0.0,0.9648186339924785,0.9491381403253217,0.0,0.9434191355026712,0.9434191355026712,0.961412449945395,0.961412449945395,0.945719489981785,0.9609365522261313,0.9394196916353041,0.9615384615384616,0.9259349198640117,0.9845967252880534,1.0,0.9848392965433597,0.9903031790843255,0.9847180109157065,1.0,0.9692009215472293,0.9705240174672489,0.9831392527899078,0.981322013341419,0.9690646609244207,0.9430756159728122,0.9520747391409852,0.9692009215472293,0.9705240174672489,0.981322013341419,0.9690646609244207,0.982051903953432,0.9842290428242145,0.983992238661169,0.9820497271073377,0.9844792045592337,0.6967961992934584,0.6967961992934584,0.9843560514188697,0.9830241299866618,0.9617764834364761,0.9484285887634996,0.9526756461594467,0.9468704512372634,0.9620191724305303,0.9614264919941776,0.9531667071099248,0.9617764834364761,0.8144229599902711,0.9531667071099248,0.9849605821710128,0.9394270453993688,0.6834470989761092,0.955345225094042,0.8634318375288824,0.9209183673469388,0.9496236950716194,0.6834470989761092,0.8301519756838905,0.8300876338851022,0.8155493369022996,0.6090831400317421,0.5706083557292939,0.7136590715243085,0.951935914552737,0.9626349629989082,0.9460148004367342,0.9464675892206846,0.7136590715243085,0.8225629791894852,0.8288737533446849,0.8155493369022996,0.9628775931093049,0.9518086914299587,0.9169398907103825,0.4443629249205185,0.6959228515625,0.9327179985426282,0.48946852804310553,0.7238396881471556,0.43775984348251407,0.945361826129189,0.5668214023943318,0.9383420317999758,0.951438630569382,0.46339373163565134,0.46339373163565134,0.46339373163565134,0.5499633520645004,0.3498588783899865,0.918902513050868,0.5719169719169719,0.42703495477878267,0.4747437774524158,0.982296592700376,0.9725794710021839,0.983749696822702,0.7193709618432281,0.9836284259034683,0.7193709618432281,0.9837477258944815,0.13376735044834787,0.982296592700376,0.9573022804463852,0.9835051546391752,0.982654051431344,0.9832605531295487,0.983749696822702,0.9725794710021839,0.33830906643827235,0.9377351620342275,0.955345225094042,0.8029436808174188,0.954727515475179,0.9627562780541065,0.9541150764748726,0.9461230433199854,0.9433183638791115,0.9464675892206846,0.9397839019060338,0.6559336504451763,0.6353429338540395,0.25499570920681625,0.25708328222740096,0.060617238411410305,0.04869052010328292,0.6413229192091775,0.6559336504451763,0.26679744973025993,0.25499570920681625,0.060617238411410305,0.945361826129189,0.9728188326659386,0.9394270453993688,0.9793839437302935,0.7089070305836481,0.7889930597832704,0.955345225094042,0.982296592700376,0.9481670308327264,0.9818071558520315
D1_delta_only,0.024507389162561576,0.2867484662576687,0.27826193690929174,0.47389656437217265,0.474018828707666,0.4449608610567515,0.4449608610567515,0.0,0.4411116552399608,0.4411116552399608,0.0,0.4549014808468976,0.4549014808468976,0.0,0.4396129348358648,0.0,0.0,0.4427574384718991,0.5381511371973587,0.0,0.6582510062202708,0.0,0.0,0.47823428711176325,0.5311010631797629,0.0,0.6581290401268447,0.0,0.02807190347205122,0.01772525849335303,0.022517534145441123,0.0224,0.017235011695186507,0.0224,0.00935960591133005,0.010098522167487686,0.02215930075095408,0.48078335373317016,0.4712080372457731,0.48361858190709045,0.0,0.4823960880195599,0.0,0.47971156196528963,0.0,0.4643906020558003,0.38214373313711064,0.0040650406504065045,0.004804138950480414,0.4959657701711491,0.0,0.646054396877668,0.0,0.9429750060664888,0.0,0.5149737195941816,0.0,0.8985190580237922,0.0,0.9489325570111596,0.0,0.9474705810991144,0.9456706281833617,0.9528256124181421,0.0,0.9541484716157205,0.952935468219311,0.0,0.8613608748481166,0.8442742523705324,0.0,0.963380623256942,0.9477068672652269,0.0,0.9415190487745693,0.9415190487745693,0.9599757428744694,0.9599757428744694,0.9435816549381218,0.9595004243967503,0.9382281553398059,0.9601018675721562,0.9254492472073822,0.9836304110585667,0.9692009215472293,0.9838729234873287,0.9656844913301806,0.9837516672729477,0.9692009215472293,1.0,0.9705168648386314,0.9824135839902971,0.9810771470160117,0.9676245907602765,0.9421186749180924,0.9508793208004851,1.0,0.9705168648386314,0.9810771470160117,0.9676245907602765,0.9818071558520315,0.9827816175578998,0.9835071549842348,0.9815645845967252,0.9839941797017097,0.6977566447207998,0.6977566447207998,0.9836304110585667,0.9825391051291379,0.9601018675721562,0.9474705810991144,0.9519534093666586,0.9456772159573178,0.9601067054686553,0.9604656803298569,0.9519708914493632,0.9601018675721562,0.8163662932294203,0.9519708914493632,0.9839941797017097,0.9375303250849102,0.6835751737592977,0.9541484716157205,0.8613608748481166,0.9192667233215976,0.9477195536147501,0.6835751737592977,0.83055589344362,0.8280432932019944,0.8150626596909599,0.6078096400244051,0.5689697265625,0.7127542940674869,0.9505034574790732,0.9611980113980841,0.9445859100278889,0.9448016498847507,0.7127542940674869,0.8205252918287937,0.8288321167883211,0.8150626596909599,0.9614405238268461,0.9499029597282872,0.9150588520810581,0.44387380777696256,0.6933674713484516,0.9310595946109965,0.4878854625550661,0.7225130890052356,0.4370949993886783,0.9434603251637952,0.565185546875,0.9369161712968579,0.9492964580300824,0.461830193295816,0.461830193295816,0.461830193295816,0.5504217088375504,0.34787938220152,0.9181840252488468,0.5739268680445151,0.4253266577115643,0.47425573450463643,0.982292298362644,0.9732912468131601,0.9830241299866618,0.7195121951219512,0.9829028737722808,0.7195121951219512,0.9827816175578998,0.1342512908777969,0.982292298362644,0.9570544704597841,0.9825391051291379,0.981447799199709,0.9820540802716139,0.9830241299866618,0.9732912468131601,0.3406081412457087,0.9370145631067961,0.9541484716157205,0.805091972225606,0.9530567685589519,0.9613192676124651,0.9524444983622468,0.9442221413847459,0.9423613639121465,0.9448016498847507,0.9378866917384447,0.6554457860714721,0.634455832113226,0.25496688741721857,0.25736377025036816,0.06064706605978595,0.04871447902571042,0.6402342320361107,0.6554457860714721,0.2666176109884719,0.25496688741721857,0.06064706605978595,0.9434603251637952,0.9725728155339806,0.9375303250849102,0.9788988600533592,0.7094611070470617,0.7895955165692008,0.9541484716157205,0.982292298362644,0.9467362290706139,0.9810817365995634
D1_post_only,0.02449230769230769,0.28468225786702583,0.2755876591576885,0.4746881878209831,0.47372922776148585,0.4445123441701295,0.4445123441701295,0.0,0.43908102163020896,0.43908102163020896,0.0,0.45320136852394916,0.45320136852394916,0.0,0.43863942248868226,0.0,0.0,0.4440769325003063,0.5383863080684597,0.0,0.6590631861429617,0.0,0.0,0.47902653785006727,0.5313378130726939,0.0,0.6589412051719932,0.0,0.028054632705795498,0.018340718857705565,0.02313276731881383,0.022763627414790207,0.0176,0.022763627414790207,0.009602363658746768,0.010341007017111905,0.022523076923076923,0.478499877840215,0.46948012232415903,0.4820556640625,0.0,0.48246364414029086,0.0,0.4808656314952928,0.0,0.46321192862380833,0.3790362035225049,0.004062538471008248,0.004801181829373384,0.494384765625,0.0,0.6436571706841977,0.0,0.9440533980582524,0.0,0.5131803758847937,0.0,0.8988954970263382,0.0,0.9502487562189055,0.0,0.94831351613686,0.9474578327872831,0.9541429091350236,0.0,0.9549921145214121,0.9537789639694286,0.0,0.8619684082624545,0.8446578339613467,0.0,0.9649399490476768,0.9487864077669903,0.0,0.9421256976462024,0.9421256976462024,0.961533794442422,0.961533794442422,0.9444242203616066,0.9612958019898084,0.9381293218488415,0.9611838913148957,0.9258225081947311,0.9844773223381034,0.9705240174672489,0.9847198641765704,0.9667677380230443,0.9848392965433597,0.9705240174672489,0.9705168648386314,1.0,0.9827795294688334,0.9819240567754458,0.9694248968696918,0.9429611650485437,0.9521960689153118,0.9705168648386314,1.0,0.9819240567754458,0.9694248968696918,0.9828945772170327,0.9838690115221346,0.9841135095804027,0.9821710127349909,0.9846004607736146,0.6991949255916077,0.6991949255916077,0.9847180109157065,0.9831453862010427,0.9611838913148957,0.9490229396771452,0.9523231833070485,0.9469917515769044,0.9614264919941776,0.9615477923338185,0.9528141678796701,0.9611838913148957,0.814544570108233,0.9528141678796701,0.9848411350958041,0.9386071341907304,0.681314668289714,0.9549921145214121,0.8619684082624545,0.9191747572815534,0.9485624165958996,0.681314668289714,0.8307187157971543,0.8290962170052305,0.8145671206225681,0.606655290102389,0.5678575783441043,0.7129460479844112,0.9511100327550649,0.9627562780541065,0.9463722397476341,0.9463527127078529,0.7129460479844112,0.8217978348132831,0.8285505836575876,0.8145671206225681,0.962760795730228,0.9512195121951219,0.9165958480029137,0.44307354019056927,0.692326431181486,0.9314320388349514,0.4872233769409463,0.7216545012165451,0.4368279569892473,0.9443028758645795,0.5638868568641795,0.9382281553398059,0.9508495145631068,0.4611905635007945,0.4611905635007945,0.4611905635007945,0.5512224938875305,0.34865759470393526,0.9187909686817188,0.5733838445557864,0.4259372328733667,0.4755859375,0.9826582585495998,0.9724614824699745,0.9843522561863173,0.7186548068721823,0.9839902971497877,0.7186548068721823,0.9841096555070354,0.13305511231128023,0.9826582585495998,0.9574235807860262,0.9838670548277535,0.982775351770985,0.9833818534691897,0.9838709677419355,0.9724614824699745,0.337940313111546,0.9373862395340371,0.9549921145214121,0.8028460228654829,0.9539002790246269,0.9628775931093049,0.9532880368842513,0.9460082504246542,0.9424966638359821,0.9463527127078529,0.938728463965057,0.6576730557929434,0.6362637362637362,0.25342801175318314,0.25535823637477034,0.060870634530250864,0.04920049200492005,0.6422466422466423,0.6576730557929434,0.2649039050067328,0.25342801175318314,0.060870634530250864,0.9443028758645795,0.9727008007765106,0.9386071341907304,0.9797453001819284,0.7067412995862741,0.7875912408759124,0.9549921145214121,0.9826582585495998,0.947342877942247,0.9816880911957313
D1_pre+post,0.024431749118755317,0.28607840757373465,0.27721810899380994,0.4772892883167355,0.47705196697425933,0.44837220602526723,0.44837220602526723,0.0,0.4427981539956279,0.4427981539956279,0.0,0.4566537153958232,0.4566537153958232,0.0,0.4406120961865436,0.0,0.0,0.44408014571949,0.5407407407407407,0.0,0.6636319495023064,0.0,0.0,0.4810587663914522,0.5344827586206896,0.0,0.663510560815732,0.0,0.02807486631016043,0.017985174383278648,0.023089075221776643,0.022724510876169644,0.017377567140600316,0.022724510876169644,0.00948097726996475,0.010210283213808192,0.022486933268506138,0.48287172011661805,0.4721176041793221,0.486765420106848,0.0,0.4859120718970124,0.0,0.4839650145772595,0.0,0.4664238008500304,0.3817850637522769,0.004011182691138933,0.004740488634982375,0.4990286546867411,0.0,0.6514930808448652,0.0,0.9552510308028135,0.0,0.5182756527018823,0.0,0.9098957070094591,0.0,0.9616783895221925,0.0,0.9597429368255123,0.9588891583798205,0.966044142614601,0.0,0.9666545410452285,0.9654419789014187,0.0,0.8711946634323833,0.854143914573474,0.0,0.9765975506244695,0.9599805966529227,0.0,0.9535588698920819,0.9535588698920819,0.9739140985197767,0.9739140985197767,0.9558573853989814,0.9731958762886598,0.9500363812757701,0.9730811204074209,0.9365676167374166,0.9973317161916313,0.9831392527899078,0.9975742874469375,0.9798617008370739,0.9974530018192844,0.9831392527899078,0.9824135839902971,0.9827795294688334,1.0,0.9957513959698956,0.981322013341419,0.9551079834991507,0.9638612660683968,0.9824135839902971,0.9827795294688334,0.9957513959698956,0.981322013341419,0.995269286754003,0.9967248908296943,0.9969678593086719,0.9952687128472644,0.9972111070692373,0.7043964051493806,0.7043964051493806,0.9973317161916313,0.9957560324966654,0.9730811204074209,0.96045608927705,0.9642250788260975,0.9593693147362038,0.9733236328361828,0.9734448890505638,0.9647144416151328,0.9730811204074209,0.8234223300970874,0.9647144416151328,0.9976955730745907,0.9502789231142372,0.6892449623695072,0.9666545410452285,0.8711946634323833,0.9303904923599321,0.9604656803298569,0.6892449623695072,0.8404565322972317,0.8383924235065566,0.8227802037845706,0.6136280821085874,0.5734401553775188,0.7201651086560641,0.962774342185037,0.9748938750758035,0.9585152838427947,0.9577874818049491,0.7201651086560641,0.8302184466019418,0.8380674921097354,0.8227802037845706,0.9751364463311097,0.9626485568760611,0.9280514438243145,0.44746750880602454,0.7004373177842566,0.9433458692223705,0.4911875531785584,0.7309373482272948,0.4407335438426038,0.9559733171619164,0.569677106093712,0.9501395123134782,0.9625181950509462,0.4654837141468158,0.4654837141468158,0.4654837141468158,0.5546238911167821,0.3491677803426072,0.9293076270158845,0.5768436398979467,0.4293860713419073,0.479252608590148,0.9957544881125667,0.9874893720393538,0.9969674915089762,0.7256497449599223,0.9970884386752396,0.7256497449599223,0.9969671236200413,0.13385157293817562,0.9957544881125667,0.9700388161086851,0.9964822901504125,0.9956326580128594,0.9959970887918487,0.9964831433422265,0.9874893720393538,0.34033256463163003,0.9490600363856883,0.9666545410452285,0.8115291262135922,0.9655632351157997,0.9747756487994179,0.9651910248635537,0.9581513828238719,0.9544021343681786,0.9577874818049491,0.9506367495451788,0.6622524602113959,0.6409477521263669,0.25555420662862693,0.25685846079145425,0.06087484811664642,0.04908869987849332,0.6467014943506257,0.6622524602113959,0.266626213592233,0.25555420662862693,0.06087484811664642,0.9559733171619164,0.9858009708737864,0.9502789231142372,0.9928424117432973,0.7150139580046122,0.7969641772920462,0.9666545410452285,0.9957544881125667,0.9592480291085507,0.9943002667960223
D1_pre+post+delta,0.024470416362308255,0.2855928085519922,0.27688008747418297,0.4764277035236938,0.4772672015560418,0.4474963539134662,0.4474963539134662,0.0,0.44297178988326846,0.44297178988326846,0.0,0.4570212765957447,0.4570212765957447,0.0,0.44060790273556233,0.0,0.0,0.44372873116188627,0.5397230320699709,0.0,0.662457503642545,0.0,0.0,0.4810988209553908,0.5343947496353914,0.0,0.6623360854783875,0.0,0.02824446067689311,0.017889740781307048,0.023001095290251915,0.022635998539612998,0.017281246196908847,0.022635998539612998,0.009495982468955442,0.010226442658875092,0.022398052343274497,0.48309413767939674,0.47232696752219927,0.48572816713227257,0.0,0.48361252731245447,0.0,0.48292623648073885,0.0,0.46609139523578025,0.381044957472661,0.004017531044558071,0.004747991234477721,0.4990883675701957,0.0,0.6507165411707554,0.0,0.9536745088527772,0.0,0.5181718731007657,0.0,0.9083191850594228,0.0,0.9598641930398933,0.0,0.9584040747028862,0.9570753001091306,0.9642294167576089,0.0,0.9650782102582758,0.9641038079068639,0.0,0.870071575882567,0.8525664361121224,0.0,0.9750212198375167,0.9581666060385595,0.0,0.9524560339599757,0.9524560339599757,0.9716191631291692,0.9716191631291692,0.9542808634489449,0.9716191631291692,0.9484598593257337,0.9717438758185787,0.9347562454523405,0.9952710076391416,0.981322013341419,0.9957555178268251,0.9778047301394784,0.9958762886597938,0.981322013341419,0.9810771470160117,0.9819240567754458,0.9957513959698956,1.0,0.9797453001819284,0.9532937037486352,0.9622847441183604,0.9810771470160117,0.9819240567754458,1.0,0.9797453001819284,0.9939342472400825,0.994664079553723,0.9953911461491813,0.9936916171296858,0.9956347762822845,0.7032312925170068,0.7032312925170068,0.9957550030321407,0.9941797017097126,0.971504789620468,0.9593545256005824,0.9624105735418941,0.9575551782682513,0.97174730204923,0.9721076885762794,0.9633761823914625,0.971504789620468,0.8214025721912157,0.9633761823914625,0.9956347762822845,0.9491751576904416,0.6884867622054894,0.9650782102582758,0.870071575882567,0.9292819019893256,0.9586516308960834,0.6884867622054894,0.8395481598445281,0.8383764734475635,0.8216452317398689,0.6120490708125835,0.5733900364520048,0.7194218389408478,0.9611980113980841,0.9737959480771564,0.9567010309278351,0.9566852705653968,0.7194218389408478,0.8304178814382897,0.8373815885353413,0.8216452317398689,0.9735597331716191,0.9608342427549412,0.9262404464394032,0.4478229141328144,0.6994774577712967,0.9417687735047919,0.4908759124087591,0.7297789652659704,0.4412551690586232,0.9541595925297114,0.5698140721837405,0.9480897513644633,0.9602279616830363,0.4653284671532847,0.4653284671532847,0.4653284671532847,0.5539883268482491,0.3493917274939173,0.9277312962289317,0.5767967894928858,0.4285020636076718,0.4783928137897548,0.9946614899296288,0.9900194741966893,0.9956326580128594,0.7246993074960515,0.9955113429576611,0.7246993074960515,0.9953900279024627,0.13364951964003405,0.9946614899296288,0.9689395777723854,0.995147397792066,0.9940555622952808,0.9946621375712726,0.9951485748938751,0.9900194741966893,0.33956764634442554,0.947247150133398,0.9650782102582758,0.809512254307207,0.9639869043288468,0.973438447543966,0.9633761823914625,0.9565744784085396,0.9528256124181421,0.9566852705653968,0.9488236720834344,0.6614804910660022,0.6399659657226207,0.2553475935828877,0.2566532993073277,0.06097115735669952,0.04916636241937447,0.6459219642640087,0.6614804910660022,0.26643178228647796,0.2553475935828877,0.06097115735669952,0.9541595925297114,0.9849459754765084,0.9491751576904416,0.9905408682997817,0.7144765606023804,0.7966946165998299,0.9650782102582758,0.9946614899296288,0.9576713159490601,0.9927237448459859
D1_pre_only,0.024534582665515964,0.28659135559921417,0.2777846002701707,0.4742381593440215,0.4741801272638277,0.44509731913330886,0.44509731913330886,0.0,0.4394810916656468,0.4394810916656468,0.0,0.452200488997555,0.452200488997555,0.0,0.4381582169973059,0.0,0.0,0.44183198628459464,0.5370506236243581,0.0,0.6577598828696926,0.0,0.0,0.47912330108975143,0.5309366593299095,0.0,0.6576378721327477,0.0,0.02759640261180239,0.017870347547448855,0.023172685812892887,0.022802908911623322,0.017379514359669664,0.022802908911623322,0.009245562130177515,0.009985207100591717,0.02193198620009857,0.47986289631533846,0.4675880626223092,0.4828808999755441,0.0,0.4834720861900098,0.0,0.48114593535749267,0.0,0.46239452121805064,0.380193651182743,0.004069552349241583,0.004809470958194599,0.49486552567237163,0.0,0.6451573554525494,0.0,0.9425901201602136,0.0,0.5147994129158513,0.0,0.8988095238095238,0.0,0.9485499332605266,0.0,0.9470873786407767,0.944815039417829,0.9524444983622468,0.0,0.9532937037486352,0.9516070345664038,0.0,0.8611718939946511,0.844301179905121,0.0,0.9625272859568276,0.9470873786407767,0.0,0.9413692643845594,0.9413692643845594,0.9588841722255913,0.9588841722255913,0.9422540337255854,0.9586466165413534,0.9369008615459289,0.9597234016741477,0.9245901639344263,0.9825391051291379,0.9690646609244207,0.9827816175578998,0.965308102862688,0.9826603613435189,0.9690646609244207,0.9676245907602765,0.9694248968696918,0.981322013341419,0.9797453001819284,1.0,0.9417334304442826,0.9512076708338391,0.9676245907602765,0.9694248968696918,0.9797453001819284,1.0,0.9807155852031534,0.9821710127349909,0.9824157167111327,0.9799927246271372,0.9829028737722808,0.6970731707317073,0.6970731707317073,0.9825391051291379,0.981447799199709,0.9590104292990541,0.9463787456023293,0.9513349514563106,0.9448217317487266,0.9592529711375212,0.9593742420567548,0.9518262346802573,0.9590104292990541,0.8150493120662364,0.9518262346802573,0.9829028737722808,0.937143550539983,0.6820675362672193,0.9532937037486352,0.8611718939946511,0.919106036681647,0.9473364882902561,0.6820675362672193,0.829683698296837,0.8289505721938154,0.8137469586374696,0.605927552140505,0.568445475638051,0.7133276429703694,0.9496481436544528,0.960582171012735,0.9437302934756245,0.9437098143879655,0.7133276429703694,0.8214242239805234,0.8268482490272373,0.8137469586374696,0.9608247422680413,0.9499939313023426,0.9153612629022465,0.4429497370673841,0.6926829268292682,0.9297330097087378,0.48623853211009177,0.7222560604214886,0.436345848110554,0.9433114833697499,0.5642778659504334,0.9365291262135922,0.9484411015407012,0.46251837334639884,0.46251837334639884,0.46251837334639884,0.5487536656891495,0.3477674190382728,0.9166262135922331,0.5712889431887599,0.42719040626529614,0.47531769305962857,0.9809604656803299,0.9717198689161306,0.9819328240572329,0.7175767918088737,0.982051903953432,0.7175767918088737,0.9819306330341984,0.13342351205115593,0.9809604656803299,0.9552510308028135,0.981447799199709,0.9803564932702801,0.980962774342185,0.9819328240572329,0.9717198689161306,0.33983321069413785,0.936157300643282,0.9532937037486352,0.803336580613736,0.95220186825185,0.9604656803298569,0.9511159631246967,0.9433664807179238,0.941504854368932,0.9437098143879655,0.9377351620342275,0.6549536359199609,0.6347539382097936,0.25494046888425187,0.2568762278978389,0.060453090371829596,0.0485102191578429,0.64013671875,0.6549536359199609,0.2667566904001964,0.25494046888425187,0.060453090371829596,0.9433114833697499,0.9705240174672489,0.937143550539983,0.9778074217802571,0.7069070532342551,0.7878455730118135,0.9532937037486352,0.9809604656803299,0.9461165048543689,0.9802304426925409
D1c_post_composite,0.022115506129154555,0.2856963770841168,0.27734570998494734,0.4750499001996008,0.4749906448796308,0.44968710888610763,0.44968710888610763,0.0,0.44304114042766035,0.44304114042766035,0.0,0.4556693306693307,0.4556693306693307,0.0,0.4418721061193843,0.0,0.0,0.44562632962082344,0.5388833499501495,0.0,0.6608674040014912,0.0,0.0,0.48243530441305166,0.5357142857142857,0.0,0.6611559975139838,0.0,0.027981767536085084,0.017728251234646067,0.022011385199240986,0.0202122283981809,0.01709509940483728,0.0202122283981809,0.009633667131448852,0.01013813204916994,0.022289766970618033,0.4811532700948577,0.4739674593241552,0.4855253306713252,0.0,0.4878048780487805,0.0,0.48431446069241346,0.0,0.46773386693346675,0.38264028056112226,0.0041841004184100415,0.00494484594903005,0.51533510034078,0.0,0.6721290810538257,0.0,0.962083540527101,0.0,0.5370908631366106,0.0,0.9268475678379392,0.0,0.9686723023371457,0.0,0.9661985833229775,0.9611807019719707,0.9682539682539683,0.0,0.9715669232679414,0.9708147044212618,0.0,0.8845865600799401,0.8637724550898204,0.0,0.9758603614756127,0.9649776453055141,0.0,0.9610793334991296,0.9610793334991296,0.9721431224464528,0.9721431224464528,0.9627051218299354,0.9718989848972518,0.9589296826384568,0.9722703639514731,0.952642758965388,0.9556202255365588,0.9430756159728122,0.9558627379653207,0.9402622632345798,0.9559786563182149,0.9430756159728122,0.9421186749180924,0.9429611650485437,0.9551079834991507,0.9532937037486352,0.9417334304442826,1.0,0.9726266019659077,0.9421186749180924,0.9429611650485437,0.9532937037486352,0.9417334304442826,0.9575890144610524,0.9566694987255735,0.9569174757281553,0.957345971563981,0.956221198156682,0.6904085915319096,0.6904085915319096,0.9558573853989814,0.9545289196071298,0.9749597124085781,0.9644896945617085,0.9722636815920398,0.9573019801980198,0.9742287201090324,0.9748419878547527,0.9725192738124845,0.9749597124085781,0.8340202322967404,0.9725192738124845,0.9559839941797017,0.9550422255340288,0.7050992213011806,0.9715669232679414,0.8845865600799401,0.941667705347127,0.968897735755163,0.7050992213011806,0.8416604523987075,0.8409203980099502,0.8276505724240916,0.6309688799294444,0.5898727799470966,0.7353494792320241,0.9690606361829026,0.9736320871502847,0.9564302512687214,0.9617581326049168,0.7353494792320241,0.8336857818136584,0.8394432707841432,0.8276505724240916,0.9738796731864323,0.964781746031746,0.9334825313937586,0.46082018927444796,0.7158291457286432,0.9472180824639841,0.5051104100946372,0.7423312883435583,0.45474056306021965,0.9662473533441276,0.5867674858223062,0.954415600546516,0.9644053081979412,0.47674858223062383,0.47674858223062383,0.47674858223062383,0.5531304564729359,0.3609355246523388,0.901917674361793,0.5792827689616394,0.43893849830210036,0.4774370481176764,0.9545123726346434,0.9447748513169074,0.9554881746513039,0.7132798023471278,0.9553668890236507,0.7132798023471278,0.9550084889643463,0.13688068756319516,0.9545123726346434,0.9292647415675807,0.9550030321406914,0.9541484716157205,0.9547549733139252,0.9552510308028135,0.9447748513169074,0.33887915936952717,0.9633050424363455,0.9715669232679414,0.8270290581162325,0.9704494661037993,0.9735115732145068,0.9690913604766633,0.9560589181829434,0.9685550286997754,0.9617581326049168,0.9649276085871193,0.6635910224438902,0.65347902537051,0.25385483264385106,0.26615248451131623,0.04586812912875483,0.04669358909641595,0.654438462501565,0.6635910224438902,0.27664685800986216,0.25385483264385106,0.04586812912875483,0.9662473533441276,0.9454832442933463,0.9550422255340288,0.9534911961141469,0.7287200702018303,0.7676977625626604,0.9715669232679414,0.9545123726346434,0.964472049689441,0.9535419699175157
D1c_pre_composite,0.02189415738771425,0.2836562344759066,0.27554064131245337,0.47272052455771374,0.4764975815453305,0.4486399205067693,0.4486399205067693,0.0,0.44581311434614906,0.44581311434614906,0.0,0.4600074636148775,0.4600074636148775,0.0,0.440526446486218,0.0,0.0,0.4435343757756267,0.537357743691242,0.0,0.6586479151245991,0.0,0.0,0.48187686196623636,0.5340190853885239,0.0,0.65893385982231,0.0,0.02757237749091365,0.018060955725573813,0.023072100313479622,0.022695924764890282,0.01743383920732472,0.022695924764890282,0.009790385339525544,0.01054349190410443,0.022450771353317446,0.48207418434437416,0.47255340288127173,0.48789571694599626,0.0,0.4907257562554463,0.0,0.48891656288916563,0.0,0.4669149596523898,0.3796997146047897,0.004142086105183884,0.004895192669762772,0.516626929351236,0.0,0.6739839438033116,0.0,0.9732553800223909,0.0,0.5365210843373494,0.0,0.9346739945041219,0.0,0.9800945508833043,0.0,0.9778606965174129,0.9708581349206349,0.9784199429492745,0.0,0.9832235615757425,0.9827200397812034,0.0,0.8912718204488778,0.8735187726082075,0.0,0.9857638029215152,0.9771229640681338,0.0,0.9729897933781428,0.9729897933781428,0.9818024263431543,0.9818024263431543,0.9726504226752859,0.9813118811881189,0.9737991266375546,0.9819284564921401,0.9643571785892946,0.9653207226870377,0.9520747391409852,0.9658016007761339,0.9490291262135923,0.9654419789014187,0.9520747391409852,0.9508793208004851,0.9521960689153118,0.9638612660683968,0.9622847441183604,0.9512076708338391,0.9726266019659077,1.0,0.9508793208004851,0.9521960689153118,0.9622847441183604,0.9512076708338391,0.96349302607641,0.9649484536082474,0.9656720038816109,0.9634885977680737,0.9656844913301806,0.6950529165641152,0.6950529165641152,0.9655590589376667,0.9642294167576089,0.9866004962779157,0.9688002971400272,0.9898863778249469,0.9681773155027241,0.9856168629882207,0.9857408555486671,0.9898901647528707,0.9866004962779157,0.8414816662509353,0.9898901647528707,0.9656844913301806,0.9652217115886226,0.7097783898835608,0.9832235615757425,0.8912718204488778,0.9526125452051378,0.979342956694873,0.7097783898835608,0.8483870967741935,0.8474239602731223,0.8360064652492851,0.6340484255425919,0.591928813134478,0.7410189009888597,0.9809701492537314,0.9830445544554456,0.967062902426944,0.9660765135570137,0.7410189009888597,0.8395184311778577,0.8461729313980896,0.8360064652492851,0.9832920792079208,0.9751922599851154,0.941980370232327,0.4585835835835836,0.7170353705786776,0.9537565088023804,0.5055165496489469,0.7468796804792811,0.45200850957326993,0.9769499127834538,0.5882426673351717,0.9641082960755092,0.9733482087517045,0.47585689266950215,0.47585689266950215,0.47585689266950215,0.558055693684734,0.35987460815047023,0.9105224609375,0.5821619604428412,0.43868631368631367,0.4814998758380929,0.9637399951491632,0.9530624620982413,0.9647144416151328,0.718703794972893,0.9645931854007518,0.718703794972893,0.9644719291863708,0.1382164806220996,0.9637399951491632,0.9399126001456665,0.9642294167576089,0.9631381108281799,0.9637443919000849,0.9647144416151328,0.9530624620982413,0.3366803024668402,0.9797145003756574,0.9832235615757425,0.834980608032028,0.983337478239244,0.9831683168316832,0.9819741422178021,0.9669349845201238,0.981504623844039,0.9660765135570137,0.9815904821540388,0.6685728493286922,0.6606068204613842,0.2524223602484472,0.2658640581891146,0.048001979463070645,0.04884769539078156,0.662373390021258,0.6685728493286922,0.2745147150907952,0.2524223602484472,0.048001979463070645,0.9769499127834538,0.9530624620982413,0.9652217115886226,0.9624908958485069,0.7354854854854855,0.7722784347190053,0.9832235615757425,0.9637399951491632,0.973674407053272,0.962531829756275
D1d_delta_only,0.024507389162561576,0.2867484662576687,0.27826193690929174,0.47389656437217265,0.474018828707666,0.4449608610567515,0.4449608610567515,0.0,0.4411116552399608,0.4411116552399608,0.0,0.4549014808468976,0.4549014808468976,0.0,0.4396129348358648,0.0,0.0,0.4427574384718991,0.5381511371973587,0.0,0.6582510062202708,0.0,0.0,0.47823428711176325,0.5311010631797629,0.0,0.6581290401268447,0.0,0.02807190347205122,0.01772525849335303,0.022517534145441123,0.0224,0.017235011695186507,0.0224,0.00935960591133005,0.010098522167487686,0.02215930075095408,0.48078335373317016,0.4712080372457731,0.48361858190709045,0.0,0.4823960880195599,0.0,0.47971156196528963,0.0,0.4643906020558003,0.38214373313711064,0.0040650406504065045,0.004804138950480414,0.4959657701711491,0.0,0.646054396877668,0.0,0.9429750060664888,0.0,0.5149737195941816,0.0,0.8985190580237922,0.0,0.9489325570111596,0.0,0.9474705810991144,0.9456706281833617,0.9528256124181421,0.0,0.9541484716157205,0.952935468219311,0.0,0.8613608748481166,0.8442742523705324,0.0,0.963380623256942,0.9477068672652269,0.0,0.9415190487745693,0.9415190487745693,0.9599757428744694,0.9599757428744694,0.9435816549381218,0.9595004243967503,0.9382281553398059,0.9601018675721562,0.9254492472073822,0.9836304110585667,0.9692009215472293,0.9838729234873287,0.9656844913301806,0.9837516672729477,0.9692009215472293,1.0,0.9705168648386314,0.9824135839902971,0.9810771470160117,0.9676245907602765,0.9421186749180924,0.9508793208004851,1.0,0.9705168648386314,0.9810771470160117,0.9676245907602765,0.9818071558520315,0.9827816175578998,0.9835071549842348,0.9815645845967252,0.9839941797017097,0.6977566447207998,0.6977566447207998,0.9836304110585667,0.9825391051291379,0.9601018675721562,0.9474705810991144,0.9519534093666586,0.9456772159573178,0.9601067054686553,0.9604656803298569,0.9519708914493632,0.9601018675721562,0.8163662932294203,0.9519708914493632,0.9839941797017097,0.9375303250849102,0.6835751737592977,0.9541484716157205,0.8613608748481166,0.9192667233215976,0.9477195536147501,0.6835751737592977,0.83055589344362,0.8280432932019944,0.8150626596909599,0.6078096400244051,0.5689697265625,0.7127542940674869,0.9505034574790732,0.9611980113980841,0.9445859100278889,0.9448016498847507,0.7127542940674869,0.8205252918287937,0.8288321167883211,0.8150626596909599,0.9614405238268461,0.9499029597282872,0.9150588520810581,0.44387380777696256,0.6933674713484516,0.9310595946109965,0.4878854625550661,0.7225130890052356,0.4370949993886783,0.9434603251637952,0.565185546875,0.9369161712968579,0.9492964580300824,0.461830193295816,0.461830193295816,0.461830193295816,0.5504217088375504,0.34787938220152,0.9181840252488468,0.5739268680445151,0.4253266577115643,0.47425573450463643,0.982292298362644,0.9732912468131601,0.9830241299866618,0.7195121951219512,0.9829028737722808,0.7195121951219512,0.9827816175578998,0.1342512908777969,0.982292298362644,0.9570544704597841,0.9825391051291379,0.981447799199709,0.9820540802716139,0.9830241299866618,0.9732912468131601,0.3406081412457087,0.9370145631067961,0.9541484716157205,0.805091972225606,0.9530567685589519,0.9613192676124651,0.9524444983622468,0.9442221413847459,0.9423613639121465,0.9448016498847507,0.9378866917384447,0.6554457860714721,0.634455832113226,0.25496688741721857,0.25736377025036816,0.06064706605978595,0.04871447902571042,0.6402342320361107,0.6554457860714721,0.2666176109884719,0.25496688741721857,0.06064706605978595,0.9434603251637952,0.9725728155339806,0.9375303250849102,0.9788988600533592,0.7094611070470617,0.7895955165692008,0.9541484716157205,0.982292298362644,0.9467362290706139,0.9810817365995634
D1d_post_only,0.02449230769230769,0.28468225786702583,0.2755876591576885,0.4746881878209831,0.47372922776148585,0.4445123441701295,0.4445123441701295,0.0,0.43908102163020896,0.43908102163020896,0.0,0.45320136852394916,0.45320136852394916,0.0,0.43863942248868226,0.0,0.0,0.4440769325003063,0.5383863080684597,0.0,0.6590631861429617,0.0,0.0,0.47902653785006727,0.5313378130726939,0.0,0.6589412051719932,0.0,0.028054632705795498,0.018340718857705565,0.02313276731881383,0.022763627414790207,0.0176,0.022763627414790207,0.009602363658746768,0.010341007017111905,0.022523076923076923,0.478499877840215,0.46948012232415903,0.4820556640625,0.0,0.48246364414029086,0.0,0.4808656314952928,0.0,0.46321192862380833,0.3790362035225049,0.004062538471008248,0.004801181829373384,0.494384765625,0.0,0.6436571706841977,0.0,0.9440533980582524,0.0,0.5131803758847937,0.0,0.8988954970263382,0.0,0.9502487562189055,0.0,0.94831351613686,0.9474578327872831,0.9541429091350236,0.0,0.9549921145214121,0.9537789639694286,0.0,0.8619684082624545,0.8446578339613467,0.0,0.9649399490476768,0.9487864077669903,0.0,0.9421256976462024,0.9421256976462024,0.961533794442422,0.961533794442422,0.9444242203616066,0.9612958019898084,0.9381293218488415,0.9611838913148957,0.9258225081947311,0.9844773223381034,0.9705240174672489,0.9847198641765704,0.9667677380230443,0.9848392965433597,0.9705240174672489,0.9705168648386314,1.0,0.9827795294688334,0.9819240567754458,0.9694248968696918,0.9429611650485437,0.9521960689153118,0.9705168648386314,1.0,0.9819240567754458,0.9694248968696918,0.9828945772170327,0.9838690115221346,0.9841135095804027,0.9821710127349909,0.9846004607736146,0.6991949255916077,0.6991949255916077,0.9847180109157065,0.9831453862010427,0.9611838913148957,0.9490229396771452,0.9523231833070485,0.9469917515769044,0.9614264919941776,0.9615477923338185,0.9528141678796701,0.9611838913148957,0.814544570108233,0.9528141678796701,0.9848411350958041,0.9386071341907304,0.681314668289714,0.9549921145214121,0.8619684082624545,0.9191747572815534,0.9485624165958996,0.681314668289714,0.8307187157971543,0.8290962170052305,0.8145671206225681,0.606655290102389,0.5678575783441043,0.7129460479844112,0.9511100327550649,0.9627562780541065,0.9463722397476341,0.9463527127078529,0.7129460479844112,0.8217978348132831,0.8285505836575876,0.8145671206225681,0.962760795730228,0.9512195121951219,0.9165958480029137,0.44307354019056927,0.692326431181486,0.9314320388349514,0.4872233769409463,0.7216545012165451,0.4368279569892473,0.9443028758645795,0.5638868568641795,0.9382281553398059,0.9508495145631068,0.4611905635007945,0.4611905635007945,0.4611905635007945,0.5512224938875305,0.34865759470393526,0.9187909686817188,0.5733838445557864,0.4259372328733667,0.4755859375,0.9826582585495998,0.9724614824699745,0.9843522561863173,0.7186548068721823,0.9839902971497877,0.7186548068721823,0.9841096555070354,0.13305511231128023,0.9826582585495998,0.9574235807860262,0.9838670548277535,0.982775351770985,0.9833818534691897,0.9838709677419355,0.9724614824699745,0.337940313111546,0.9373862395340371,0.9549921145214121,0.8028460228654829,0.9539002790246269,0.9628775931093049,0.9532880368842513,0.9460082504246542,0.9424966638359821,0.9463527127078529,0.938728463965057,0.6576730557929434,0.6362637362637362,0.25342801175318314,0.25535823637477034,0.060870634530250864,0.04920049200492005,0.6422466422466423,0.6576730557929434,0.2649039050067328,0.25342801175318314,0.060870634530250864,0.9443028758645795,0.9727008007765106,0.9386071341907304,0.9797453001819284,0.7067412995862741,0.7875912408759124,0.9549921145214121,0.9826582585495998,0.947342877942247,0.9816880911957313
D1d_pre+post+delta,0.024470416362308255,0.2855928085519922,0.27688008747418297,0.4764277035236938,0.4772672015560418,0.4474963539134662,0.4474963539134662,0.0,0.44297178988326846,0.44297178988326846,0.0,0.4570212765957447,0.4570212765957447,0.0,0.44060790273556233,0.0,0.0,0.44372873116188627,0.5397230320699709,0.0,0.662457503642545,0.0,0.0,0.4810988209553908,0.5343947496353914,0.0,0.6623360854783875,0.0,0.02824446067689311,0.017889740781307048,0.023001095290251915,0.022635998539612998,0.017281246196908847,0.022635998539612998,0.009495982468955442,0.010226442658875092,0.022398052343274497,0.48309413767939674,0.47232696752219927,0.48572816713227257,0.0,0.48361252731245447,0.0,0.48292623648073885,0.0,0.46609139523578025,0.381044957472661,0.004017531044558071,0.004747991234477721,0.4990883675701957,0.0,0.6507165411707554,0.0,0.9536745088527772,0.0,0.5181718731007657,0.0,0.9083191850594228,0.0,0.9598641930398933,0.0,0.9584040747028862,0.9570753001091306,0.9642294167576089,0.0,0.9650782102582758,0.9641038079068639,0.0,0.870071575882567,0.8525664361121224,0.0,0.9750212198375167,0.9581666060385595,0.0,0.9524560339599757,0.9524560339599757,0.9716191631291692,0.9716191631291692,0.9542808634489449,0.9716191631291692,0.9484598593257337,0.9717438758185787,0.9347562454523405,0.9952710076391416,0.981322013341419,0.9957555178268251,0.9778047301394784,0.9958762886597938,0.981322013341419,0.9810771470160117,0.9819240567754458,0.9957513959698956,1.0,0.9797453001819284,0.9532937037486352,0.9622847441183604,0.9810771470160117,0.9819240567754458,1.0,0.9797453001819284,0.9939342472400825,0.994664079553723,0.9953911461491813,0.9936916171296858,0.9956347762822845,0.7032312925170068,0.7032312925170068,0.9957550030321407,0.9941797017097126,0.971504789620468,0.9593545256005824,0.9624105735418941,0.9575551782682513,0.97174730204923,0.9721076885762794,0.9633761823914625,0.971504789620468,0.8214025721912157,0.9633761823914625,0.9956347762822845,0.9491751576904416,0.6884867622054894,0.9650782102582758,0.870071575882567,0.9292819019893256,0.9586516308960834,0.6884867622054894,0.8395481598445281,0.8383764734475635,0.8216452317398689,0.6120490708125835,0.5733900364520048,0.7194218389408478,0.9611980113980841,0.9737959480771564,0.9567010309278351,0.9566852705653968,0.7194218389408478,0.8304178814382897,0.8373815885353413,0.8216452317398689,0.9735597331716191,0.9608342427549412,0.9262404464394032,0.4478229141328144,0.6994774577712967,0.9417687735047919,0.4908759124087591,0.7297789652659704,0.4412551690586232,0.9541595925297114,0.5698140721837405,0.9480897513644633,0.9602279616830363,0.4653284671532847,0.4653284671532847,0.4653284671532847,0.5539883268482491,0.3493917274939173,0.9277312962289317,0.5767967894928858,0.4285020636076718,0.4783928137897548,0.9946614899296288,0.9900194741966893,0.9956326580128594,0.7246993074960515,0.9955113429576611,0.7246993074960515,0.9953900279024627,0.13364951964003405,0.9946614899296288,0.9689395777723854,0.995147397792066,0.9940555622952808,0.9946621375712726,0.9951485748938751,0.9900194741966893,0.33956764634442554,0.947247150133398,0.9650782102582758,0.809512254307207,0.9639869043288468,0.973438447543966,0.9633761823914625,0.9565744784085396,0.9528256124181421,0.9566852705653968,0.9488236720834344,0.6614804910660022,0.6399659657226207,0.2553475935828877,0.2566532993073277,0.06097115735669952,0.04916636241937447,0.6459219642640087,0.6614804910660022,0.26643178228647796,0.2553475935828877,0.06097115735669952,0.9541595925297114,0.9849459754765084,0.9491751576904416,0.9905408682997817,0.7144765606023804,0.7966946165998299,0.9650782102582758,0.9946614899296288,0.9576713159490601,0.9927237448459859
D1d_pre_only,0.024534582665515964,0.28659135559921417,0.2777846002701707,0.4742381593440215,0.4741801272638277,0.44509731913330886,0.44509731913330886,0.0,0.4394810916656468,0.4394810916656468,0.0,0.452200488997555,0.452200488997555,0.0,0.4381582169973059,0.0,0.0,0.44183198628459464,0.5370506236243581,0.0,0.6577598828696926,0.0,0.0,0.47912330108975143,0.5309366593299095,0.0,0.6576378721327477,0.0,0.02759640261180239,0.017870347547448855,0.023172685812892887,0.022802908911623322,0.017379514359669664,0.022802908911623322,0.009245562130177515,0.009985207100591717,0.02193198620009857,0.47986289631533846,0.4675880626223092,0.4828808999755441,0.0,0.4834720861900098,0.0,0.48114593535749267,0.0,0.46239452121805064,0.380193651182743,0.004069552349241583,0.004809470958194599,0.49486552567237163,0.0,0.6451573554525494,0.0,0.9425901201602136,0.0,0.5147994129158513,0.0,0.8988095238095238,0.0,0.9485499332605266,0.0,0.9470873786407767,0.944815039417829,0.9524444983622468,0.0,0.9532937037486352,0.9516070345664038,0.0,0.8611718939946511,0.844301179905121,0.0,0.9625272859568276,0.9470873786407767,0.0,0.9413692643845594,0.9413692643845594,0.9588841722255913,0.9588841722255913,0.9422540337255854,0.9586466165413534,0.9369008615459289,0.9597234016741477,0.9245901639344263,0.9825391051291379,0.9690646609244207,0.9827816175578998,0.965308102862688,0.9826603613435189,0.9690646609244207,0.9676245907602765,0.9694248968696918,0.981322013341419,0.9797453001819284,1.0,0.9417334304442826,0.9512076708338391,0.9676245907602765,0.9694248968696918,0.9797453001819284,1.0,0.9807155852031534,0.9821710127349909,0.9824157167111327,0.9799927246271372,0.9829028737722808,0.6970731707317073,0.6970731707317073,0.9825391051291379,0.981447799199709,0.9590104292990541,0.9463787456023293,0.9513349514563106,0.9448217317487266,0.9592529711375212,0.9593742420567548,0.9518262346802573,0.9590104292990541,0.8150493120662364,0.9518262346802573,0.9829028737722808,0.937143550539983,0.6820675362672193,0.9532937037486352,0.8611718939946511,0.919106036681647,0.9473364882902561,0.6820675362672193,0.829683698296837,0.8289505721938154,0.8137469586374696,0.605927552140505,0.568445475638051,0.7133276429703694,0.9496481436544528,0.960582171012735,0.9437302934756245,0.9437098143879655,0.7133276429703694,0.8214242239805234,0.8268482490272373,0.8137469586374696,0.9608247422680413,0.9499939313023426,0.9153612629022465,0.4429497370673841,0.6926829268292682,0.9297330097087378,0.48623853211009177,0.7222560604214886,0.436345848110554,0.9433114833697499,0.5642778659504334,0.9365291262135922,0.9484411015407012,0.46251837334639884,0.46251837334639884,0.46251837334639884,0.5487536656891495,0.3477674190382728,0.9166262135922331,0.5712889431887599,0.42719040626529614,0.47531769305962857,0.9809604656803299,0.9717198689161306,0.9819328240572329,0.7175767918088737,0.982051903953432,0.7175767918088737,0.9819306330341984,0.13342351205115593,0.9809604656803299,0.9552510308028135,0.981447799199709,0.9803564932702801,0.980962774342185,0.9819328240572329,0.9717198689161306,0.33983321069413785,0.936157300643282,0.9532937037486352,0.803336580613736,0.95220186825185,0.9604656803298569,0.9511159631246967,0.9433664807179238,0.941504854368932,0.9437098143879655,0.9377351620342275,0.6549536359199609,0.6347539382097936,0.25494046888425187,0.2568762278978389,0.060453090371829596,0.0485102191578429,0.64013671875,0.6549536359199609,0.2667566904001964,0.25494046888425187,0.060453090371829596,0.9433114833697499,0.9705240174672489,0.937143550539983,0.9778074217802571,0.7069070532342551,0.7878455730118135,0.9532937037486352,0.9809604656803299,0.9461165048543689,0.9802304426925409
D1e_zonal_max,0.024446606665045,0.2873465418743163,0.2784733195575544,0.4763234579893152,0.4762656306907855,0.44758897121340946,0.44758897121340946,0.0,0.4421909157153267,0.4421909157153267,0.0,0.4558698555299259,0.4558698555299259,0.0,0.44175583657587547,0.0,0.0,0.4452279635258359,0.5420060790273556,0.0,0.6654510089958667,0.0,0.0,0.48225139800632144,0.5359270516717325,0.0,0.6653294432287867,0.0,0.0278419452887538,0.017377567140600316,0.02235722964763062,0.020876319941740502,0.01689353427321342,0.020876319941740502,0.009486742884942837,0.009970817120622567,0.02187917831530327,0.48226433430515064,0.4722255986386289,0.4866998663913519,0.0,0.48440344702026944,0.0,0.48245720529318925,0.0,0.4656386595434677,0.3826890347678094,0.004013621989783508,0.004743371442471419,0.49878552343939764,0.0,0.6508861374119932,0.0,0.9551188743328481,0.0,0.5180371674966597,0.0,0.9095209217707702,0.0,0.9608342427549412,0.0,0.9600873468397428,0.9585203153426319,0.9651994664726568,0.0,0.966525166767738,0.9650739752607325,0.0,0.8728597449908926,0.8548876745598057,0.0,0.9759912695525645,0.9591366557536074,0.0,0.9541373453045378,0.9541373453045378,0.9725894481503942,0.9725894481503942,0.9554881746513039,0.9725894481503942,0.9494300266796022,0.9729533050333535,0.935961188599151,0.9964831433422265,0.982051903953432,0.9967256851806937,0.9787750151607034,0.9968465736810188,0.982051903953432,0.9818071558520315,0.9828945772170327,0.995269286754003,0.9939342472400825,0.9807155852031534,0.9575890144610524,0.96349302607641,0.9818071558520315,0.9828945772170327,0.9939342472400825,0.9807155852031534,1.0,0.9968450430772965,0.9970880854161611,0.9963574550752793,0.9968469560999272,0.7033754249635745,0.7033754249635745,0.9967252880533657,0.9951497514247605,0.9724748393355159,0.9634220439907644,0.9636187242299297,0.9582878622529405,0.9727173517642779,0.973077855930148,0.9643463497453311,0.9724748393355159,0.8252521570057115,0.9643463497453311,0.9968469560999272,0.9506187818490658,0.6894583434539714,0.966525166767738,0.8728597449908926,0.9311893203883496,0.960334788937409,0.6894583434539714,0.8402963322807869,0.8384549981780639,0.8241651487553127,0.6122374650965158,0.5730241592812917,0.7197668771248179,0.9624060150375939,0.9742874469375379,0.9574339073490177,0.9607485721229797,0.7197668771248179,0.8309448627641487,0.8379067508499272,0.8241651487553127,0.9742905651224836,0.9620422022798932,0.9269771955361475,0.447739426349052,0.6983857264231096,0.943210775391336,0.49021752339287883,0.7297002063357203,0.4411764705882353,0.9570284049526584,0.5694511898980087,0.9495329370374863,0.9619116933527414,0.46576675179374927,0.46576675179374927,0.46576675179374927,0.5549610894941635,0.3485603207386709,0.9287013459439797,0.5775778210116731,0.4299939283545841,0.47936392328235006,0.995147986414362,0.984712448434846,0.9966031784544462,0.7252520344953237,0.9962396894711305,0.7252520344953237,0.9961183891314895,0.13338192419825073,0.995147986414362,0.9687158966897054,0.9958757884522077,0.9950260827368677,0.9956326580128594,0.9958767887460587,0.984712448434846,0.3416798346906527,0.9486899563318777,0.966525166767738,0.8133430550492162,0.965195246179966,0.97416929420325,0.9645845967252881,0.9573074590661007,0.9537957797720107,0.9607485721229797,0.9502668607472101,0.6630593385214008,0.6415369649805448,0.25647259025161057,0.25808412351081933,0.05910911518388154,0.047335841728365094,0.6474951361867705,0.6630593385214008,0.26786582401555664,0.25647259025161057,0.05910911518388154,0.9570284049526584,0.9854351256220415,0.9506187818490658,0.9919941775836972,0.7148233580186961,0.7965751760991013,0.966525166767738,0.995147986414362,0.9588791848617176,0.9939357186173439
D1e_zonal_mean,0.024410978868107846,0.2867718446601942,0.2779126213592233,0.47724238378443984,0.4773637577375895,0.44781553398058255,0.44781553398058255,0.0,0.4425970873786408,0.4425970873786408,0.0,0.45679611650485435,0.45679611650485435,0.0,0.4412871888281724,0.0,0.0,0.44475473530840215,0.541403593977659,0.0,0.6642796455880569,0.0,0.0,0.48154891964068947,0.5349599417334304,0.0,0.6641582716349071,0.0,0.028051001821493626,0.01809350333940498,0.022821073075989316,0.02233280737953635,0.017486338797814208,0.02233280737953635,0.009472917172698566,0.0100789313904068,0.022343655130540378,0.48210168668850867,0.4720738222438077,0.4865323950497452,0.0,0.4858599344580653,0.0,0.483373786407767,0.0,0.46638349514563104,0.3822993808425398,0.004007772649987855,0.004736458586349283,0.49951444525370237,0.0,0.6517412935323383,0.0,0.9563371740448757,0.0,0.5183881539021726,0.0,0.9107446034440941,0.0,0.9625272859568276,0.0,0.9608294930875576,0.9599757428744694,0.966893039049236,0.0,0.967741935483871,0.9662907724020856,0.0,0.8722707423580786,0.8545432488171782,0.0,0.9774463441251364,0.9608294930875576,0.0,0.9546446762066456,0.9546446762066456,0.9742843279961184,0.9742843279961184,0.9567062818336163,0.9738054814455493,0.9511218920557913,0.97416929420325,0.9376516254245512,0.9979383943730293,0.9842290428242145,0.9981809362114965,0.9807109062234624,0.9980596652922629,0.9842290428242145,0.9827816175578998,0.9838690115221346,0.9967248908296943,0.994664079553723,0.9821710127349909,0.9566694987255735,0.9649484536082474,0.9827816175578998,0.9838690115221346,0.994664079553723,0.9821710127349909,0.9968450430772965,1.0,0.9978168587022438,0.9961179182336528,0.99830220713073,0.7044185481913086,0.7044185481913086,0.9984230955846677,0.9966048259973324,0.9739299139080878,0.9620191724305303,0.9653123104912068,0.9597429368255123,0.9741724263368498,0.9742936825512307,0.9658016007761339,0.9739299139080878,0.8240504793107633,0.9658016007761339,0.99830220713073,0.9516011644832606,0.6896844660194175,0.967741935483871,0.8722707423580786,0.9317079087821446,0.96155245603396,0.6896844660194175,0.8410829185383027,0.8385726423109601,0.8238505398519956,0.6131067961165049,0.5733349508674026,0.7201795898556,0.9636231356857039,0.9752637322662786,0.9591267434808975,0.959349593495935,0.7201795898556,0.8312902051219808,0.8384708737864077,0.8238505398519956,0.9757458161532865,0.9634974533106961,0.9284327996118389,0.4474386987132799,0.7002549471895108,0.9439592430858806,0.49040796503156875,0.7307365610969543,0.44088370963826173,0.9572971005701808,0.5699551025360999,0.9505154639175257,0.963605483440495,0.4652659703667719,0.4652659703667719,0.4652659703667719,0.5541525012141817,0.348871085214858,0.9301564205165515,0.5769277474195507,0.4297149787750152,0.4795633717404488,0.9963614311704063,0.9852049478535048,0.9975742874469375,0.7252427184466019,0.9972107688576279,0.7252427184466019,0.9973317161916313,0.13360029122679287,0.9963614311704063,0.9701709712622771,0.9968469560999272,0.995997574287447,0.9966040024257126,0.9973320397768615,0.9852049478535048,0.34085669214901104,0.9501455604075691,0.967741935483871,0.8121587186021114,0.9664120286164666,0.9756245452340528,0.9660400242571255,0.9587628865979382,0.9552510308028135,0.959349593495935,0.9517224648229015,0.6622950819672131,0.6410007286859364,0.25594660194174756,0.2574029126213592,0.060565602621677386,0.04879232916616094,0.6467516697024894,0.6622950819672131,0.2673219269506128,0.25594660194174756,0.060565602621677386,0.9572971005701808,0.9868916130598374,0.9516011644832606,0.9934497816593887,0.7150309353390756,0.7969413763806287,0.967741935483871,0.9963614311704063,0.959859325733689,0.9953911461491813
D1e_zonal_median,0.024399126001456665,0.2872572815533981,0.2783980582524272,0.47701079703991267,0.4769529354682193,0.44847675688797184,0.44847675688797184,0.0,0.4432576769025367,0.4432576769025367,0.0,0.45692793011405,0.45692793011405,0.0,0.44107294574584294,0.0,0.0,0.44471416434033256,0.5413278310474572,0.0,0.6645631067961165,0.0,0.0,0.4818545940041267,0.5352591333899746,0.0,0.6644417475728155,0.0,0.028037383177570093,0.017467248908296942,0.022934109938114306,0.02219796215429403,0.017107498180053384,0.02219796215429403,0.009468317552804079,0.010196649672250545,0.022084698458924888,0.4829469595824736,0.47184466019417476,0.4871981555636452,0.0,0.48544395924308587,0.0,0.4833191799102269,0.0,0.4661572052401747,0.38244932637456003,0.004005826656955572,0.0047341587764020395,0.5,0.0,0.6520262072312546,0.0,0.9568223165554882,0.0,0.5188736497147712,0.0,0.9114614918132201,0.0,0.9630123696337618,0.0,0.96155245603396,0.9599854492542743,0.9673781227261703,0.0,0.968465736810188,0.9670143099684696,0.0,0.8738924626775094,0.8552535792283427,0.0,0.9779313689826603,0.9610767551837032,0.0,0.9556040756914119,0.9556040756914119,0.9745300181928441,0.9745300181928441,0.9576661814653081,0.9740511701224688,0.9513703613873393,0.9748938750758035,0.9383719519592382,0.9984234780499636,0.983992238661169,0.9986660198884307,0.9804753820033956,0.9987871437234688,0.983992238661169,0.9835071549842348,0.9841135095804027,0.9969678593086719,0.9953911461491813,0.9824157167111327,0.9569174757281553,0.9656720038816109,0.9835071549842348,0.9841135095804027,0.9953911461491813,0.9824157167111327,0.9970880854161611,0.9978168587022438,1.0,0.9968454258675079,0.9985449254274281,0.7040766804173745,0.7040766804173745,0.9984234780499636,0.9970898508548564,0.9746543778801844,0.962742718446602,0.9655590589376667,0.9602279616830363,0.9746574511943737,0.9750181906378851,0.9667637069383794,0.9746543778801844,0.8245358572988715,0.9667637069383794,0.9987872908076644,0.9520863658418244,0.6901699029126214,0.968465736810188,0.8738924626775094,0.9326619752487261,0.9620375985445725,0.6901699029126214,0.840451346760495,0.8383887405969425,0.825,0.6137880810778007,0.573820211088196,0.7202474827126046,0.9645845967252881,0.9762280169799878,0.9593742420567548,0.9600728155339806,0.7202474827126046,0.8315533980582525,0.8382870314205993,0.825,0.9762308998302207,0.9637443919000849,0.9286840509399636,0.44774851316907394,0.6997088085416161,0.9444444444444444,0.4905316824471959,0.7305919456574479,0.4411943196989926,0.958495145631068,0.5704404805242083,0.9505274645325573,0.9633761823914625,0.4650400582665696,0.4650400582665696,0.4650400582665696,0.5540720961281709,0.3490291262135922,0.9306414453740754,0.5766476514140065,0.4307206988595001,0.47986902740722776,0.9966044142614601,0.9861717612809315,0.9983017952450267,0.7253093909245328,0.9981804949053857,0.7253093909245328,0.9980591945657448,0.13381050588378018,0.9966044142614601,0.9706559961198011,0.9975742874469375,0.9967248908296943,0.997331392527899,0.9975748757123802,0.9861717612809315,0.341504854368932,0.9508674026446682,0.968465736810188,0.8128640776699029,0.9671355808877031,0.9758700133381836,0.966525166767738,0.9590104292990541,0.9559733171619164,0.9600728155339806,0.9522076661814654,0.6621752852634134,0.6406894877397427,0.25658453695836875,0.2580410243961646,0.06040756914119359,0.04864143619602135,0.6464376744750576,0.6621752852634134,0.26796116504854367,0.25658453695836875,0.06040756914119359,0.958495145631068,0.9866537248240719,0.9520863658418244,0.9934513703613873,0.715516195559869,0.7972087378640776,0.968465736810188,0.9966044142614601,0.9610578672813296,0.9956342469075916
D1e_zonal_min,0.024327940639824838,0.287259907610017,0.27838560661317774,0.47608062166100046,0.47620203982515785,0.44769772810108127,0.44769772810108127,0.0,0.4428241584639689,0.4428241584639689,0.0,0.45633426454512327,0.45633426454512327,0.0,0.4413373860182371,0.0,0.0,0.4448091417456844,0.5415754923413567,0.0,0.6650054697945789,0.0,0.0,0.4818281268992342,0.5354972039873571,0.0,0.6648839188039383,0.0,0.027848717013255503,0.0175054704595186,0.02236266407389402,0.020757465404224327,0.017144941634241247,0.020757465404224327,0.009243493067380199,0.00997324252006811,0.022257358306981268,0.48346303501945526,0.47180359747204664,0.4866375121477162,0.0,0.4848816029143898,0.0,0.48311467444120504,0.0,0.4652179191453199,0.3824459032336494,0.0040145985401459855,0.004744525547445255,0.49836065573770494,0.0,0.6504430149289963,0.0,0.9551134295766105,0.0,0.5176099101287345,0.0,0.9090468105748242,0.0,0.9608294930875576,0.0,0.9593693147362038,0.9585152838427947,0.9654335961188599,0.0,0.966044142614601,0.9648314334222653,0.0,0.8726168791742562,0.8541944882845697,0.0,0.9757487571238026,0.9591317002182876,0.0,0.9534206695778749,0.9534206695778749,0.9725861232411451,0.9725861232411451,0.955482775351771,0.9723468768950879,0.9494238932686476,0.9729500242600679,0.9359534206695779,0.9962406015037594,0.9820497271073377,0.9964831433422265,0.9787724405628335,0.9966040024257126,0.9820497271073377,0.9815645845967252,0.9821710127349909,0.9952687128472644,0.9936916171296858,0.9799927246271372,0.957345971563981,0.9634885977680737,0.9815645845967252,0.9821710127349909,0.9936916171296858,0.9799927246271372,0.9963574550752793,0.9961179182336528,0.9968454258675079,1.0,0.9966044142614601,0.7035462715569589,0.7035462715569589,0.9964827167980594,0.9949072389959985,0.9724715013339801,0.9629404617253949,0.9633761823914625,0.9585203153426319,0.9724748393355159,0.9728353140916808,0.9643420254699818,0.9724715013339801,0.8250091141086402,0.9643420254699818,0.9966044142614601,0.9501395123134782,0.689625850340136,0.966044142614601,0.8726168791742562,0.9304780393108468,0.9598544572468163,0.689625850340136,0.8400534369686665,0.837765634486946,0.8239222829386764,0.6121903836813988,0.5725904345714979,0.7197328476017001,0.9619255486843701,0.9742843279961184,0.9576661814653081,0.9605055292259084,0.7197328476017001,0.8309243289201992,0.8376639145216125,0.8239222829386764,0.9745269286754003,0.9615617800412272,0.9262672811059908,0.44784828592268416,0.6985552992594392,0.9429680863972819,0.4896124407726886,0.7298773825421877,0.4412837345003647,0.9567856275795096,0.5693989071038251,0.9490538573508006,0.9614311704063069,0.46588006325264564,0.46588006325264564,0.46588006325264564,0.5549069682597592,0.34848116646415556,0.9286926994906621,0.5777183167112625,0.4300983845499818,0.4794803302574065,0.99490538573508,0.9842290428242145,0.9963605483440495,0.7250091096805539,0.9959970887918487,0.7250091096805539,0.9958757884522077,0.13368983957219252,0.99490538573508,0.9689508793208005,0.9956331877729258,0.9947834526264709,0.9953900279024627,0.9958762886597938,0.9842290428242145,0.3414367327093716,0.9482110369921164,0.966044142614601,0.8133203694701021,0.9647144416151328,0.9741661613098848,0.9643420254699818,0.9570648878107945,0.9537901758641602,0.9605055292259084,0.949787750151607,0.6630183631278123,0.641693018730236,0.25668774319066145,0.2578409919766594,0.05899490167516387,0.047220199077445985,0.6474522680287,0.6630183631278123,0.26793095064429856,0.25668774319066145,0.05899490167516387,0.9567856275795096,0.9849514563106796,0.9501395123134782,0.9922348944430963,0.7141643403325646,0.7963322807869808,0.966044142614601,0.99490538573508,0.9591118660519291,0.9934513703613873
D1e_zonal_std,0.02438136826783115,0.2872043662825955,0.27835051546391754,0.4775594371664241,0.4773223381033228,0.4481503941782899,0.4481503941782899,0.0,0.442760126121756,0.442760126121756,0.0,0.45694882367208345,0.45694882367208345,0.0,0.4409267345948569,0.0,0.0,0.4445657447840854,0.5411208151382824,0.0,0.6644832605531296,0.0,0.0,0.4816836487142164,0.5350557981562348,0.0,0.6643619602134886,0.0,0.028141678796700632,0.018195050946142648,0.023165554881746514,0.022801697998787143,0.017588549247937894,0.022801697998787143,0.009461426491994178,0.010189228529839884,0.022440562833575935,0.48277535177098496,0.47167980594299574,0.48702401164200826,0.0,0.4859915100060643,0.0,0.48368708308065494,0.0,0.4667070952092177,0.3821710127349909,0.004002911208151383,0.004730713245997089,0.49963609898107714,0.0,0.6523532265890345,0.0,0.9570753001091306,0.0,0.5186802523047065,0.0,0.9117254759306415,0.0,0.9635018794713229,0.0,0.9618042924699891,0.9607129865405603,0.9678671031890385,0.0,0.9687158966897054,0.9675033345458954,0.0,0.8728022311143446,0.8553062462098241,0.0,0.9786589062689462,0.9618042924699891,0.0,0.9556202255365588,0.9556202255365588,0.9750181906378851,0.9750181906378851,0.9576815811810355,0.9750181906378851,0.9518612828907481,0.9751424760518976,0.9381593306656966,0.9989086940705711,0.9844792045592337,0.9991512064993331,0.980962774342185,0.9990299502849521,0.9844792045592337,0.9839941797017097,0.9846004607736146,0.9972111070692373,0.9956347762822845,0.9829028737722808,0.956221198156682,0.9656844913301806,0.9839941797017097,0.9846004607736146,0.9956347762822845,0.9829028737722808,0.9968469560999272,0.99830220713073,0.9985449254274281,0.9966044142614601,1.0,0.7043910722950024,0.7043910722950024,0.9991511035653651,0.9978173881411422,0.9751424760518976,0.9622801697998787,0.9660482599733237,0.9609554989693222,0.9753849884806597,0.9755062446950407,0.9667757972596096,0.9751424760518976,0.8243784111582777,0.9667757972596096,0.9992724627137141,0.9523405287412079,0.6898726500909642,0.9687158966897054,0.8728022311143446,0.9322177761610283,0.962289317327513,0.6898726500909642,0.8405093996361431,0.83844754396604,0.8243997089497939,0.6133414190418436,0.5741661613098847,0.7207666181465308,0.9648356978295137,0.9764762944100885,0.9598641930398933,0.95961188599151,0.7207666181465308,0.8313925278990781,0.8385688295936932,0.8243997089497939,0.9767188068388505,0.9644719291863708,0.9289438583727416,0.44759825327510916,0.7000242600679282,0.944464653813508,0.490174672489083,0.731109763493026,0.4408732565191025,0.9575603249666546,0.5704063068526379,0.951728320194057,0.9641038079068639,0.4645239539114615,0.4645239539114615,0.4645239539114615,0.5538573508005823,0.34893875075803515,0.9313689826603614,0.5764192139737991,0.4305808172668849,0.4804171213774706,0.9973320397768615,0.9861767915605675,0.9985447489691972,0.7254093389933293,0.9981811567842852,0.7254093389933293,0.9980599005699042,0.13426318981200727,0.9973320397768615,0.9713835334060871,0.9978173881411422,0.9969682270191608,0.9975745816153286,0.9985447489691972,0.9861767915605675,0.34141904184354155,0.9506487207469383,0.9687158966897054,0.8124924196482717,0.9676245907602765,0.9770770163735597,0.9667757972596096,0.9595004243967503,0.9562265066084636,0.95961188599151,0.9522250515338911,0.6614918132201334,0.6400242571255306,0.25655021834061137,0.25785324439053975,0.06100667070952092,0.04924196482716798,0.6459672528805337,0.6614918132201334,0.26791995148574893,0.25655021834061137,0.06100667070952092,0.9575603249666546,0.9864176570458404,0.9523405287412079,0.9941789958767887,0.7158277744087326,0.797064531780689,0.9687158966897054,0.9973320397768615,0.9608342427549412,0.996361872422993
D1f_roll3_assess,0.0312392722279437,0.17894736842105263,0.16842105263157894,0.4095182988572255,0.3975333428940198,0.37804524361948955,0.37804524361948955,0.0,0.36903039073806077,0.36903039073806077,0.0,0.37640126473124463,0.37640126473124463,0.0,0.5124139035720007,0.0,0.0,0.5130990415335464,0.6236559139784946,0.0,0.7588840399002493,0.0,0.0,0.5508326724821571,0.6185648661492159,0.0,0.7592765824758341,0.0,0.00801201802704056,0.011203530809709726,0.007896505376344086,0.015238740264138165,0.011041277390861219,0.015238740264138165,0.003923575571477311,0.004604365620736698,0.00977418267610381,0.42875912408759126,0.4127331002331002,0.37566507980957714,0.0,0.42452830188679247,0.0,0.41724537037037035,0.0,0.40023201856148494,0.3167254556143445,0.005682796624763217,0.006716032374720166,0.3954730774637987,0.0,0.4810646186440678,0.0,0.6881852901318221,0.0,0.4068647969861867,0.0,0.6529017857142857,0.0,0.6907571288102261,0.0,0.6915312653865091,0.6879301868239921,0.6958072052133284,0.0,0.6950006141751628,0.6935642348317367,0.0,0.6463738767244652,0.6390517461126689,0.0,0.7036082474226805,0.6906988188976378,0.0,0.6879546295154728,0.6879546295154728,0.7019786161976158,0.7019786161976158,0.6875538594115475,0.7011423658027269,0.6851714779175919,0.7008840864440079,0.673502161828289,0.7036138733931603,0.6967961992934584,0.7038564152316275,0.6945020114592222,0.7039417828987266,0.6967961992934584,0.6977566447207998,0.6991949255916077,0.7043964051493806,0.7032312925170068,0.6970731707317073,0.6904085915319096,0.6950529165641152,0.6977566447207998,0.6991949255916077,0.7032312925170068,0.6970731707317073,0.7033754249635745,0.7044185481913086,0.7040766804173745,0.7035462715569589,0.7043910722950024,1.0,1.0,0.7040271712760796,0.7023159936946769,0.7004664866191996,0.7130391423585141,0.6945879458794588,0.6858966490732785,0.7005032527310666,0.7006259972996195,0.6953259532595326,0.7004664866191996,0.8100229753015509,0.6953259532595326,0.7041843541540328,0.6845869297163996,0.5198307773664728,0.6950006141751628,0.6463738767244652,0.6705445544554456,0.6891128041287786,0.5198307773664728,0.6642278547164882,0.6681091004458432,0.5879833732208086,0.4390728476821192,0.3998141017129199,0.5362186192468619,0.6921091445427728,0.7028620562584449,0.6852056476365869,0.7105099114823588,0.5362186192468619,0.6670177748518762,0.6688967598058507,0.5879833732208086,0.7026894265012894,0.6944478640896221,0.6794664006981673,0.34195280486081675,0.6748155648777665,0.697752808988764,0.49393203883495146,0.5635402906208719,0.3324396782841823,0.6878463243442926,0.4181057744198597,0.6956413758847635,0.705379276152702,0.4018909090909091,0.4018909090909091,0.4018909090909091,0.7771115298954943,0.39205000801410483,0.6480576594185194,0.6975884244372991,0.22046936114732724,0.2674448767833982,0.7040680024286582,0.7001585172539934,0.7040407717510011,0.641236252262286,0.7037126910943946,0.641236252262286,0.704004854368932,0.012593351881681066,0.7040680024286582,0.6811823379150955,0.7037621359223301,0.7039106145251397,0.7038970498968071,0.7048682772854195,0.7001585172539934,0.2394710363662498,0.6826923076923077,0.6950006141751628,0.7962085308056872,0.6941031941031941,0.7029848912909962,0.6932432432432433,0.6854581183984279,0.6823486058223805,0.7105099114823588,0.6828427146200271,0.7967453733248245,0.7704839482510781,0.07489823609226594,0.08328782086291645,0.01675527630095054,0.017354289456450556,0.7788784150822815,0.7967453733248245,0.08616718601815472,0.07489823609226594,0.01675527630095054,0.6878463243442926,0.7041065754094353,0.6845869297163996,0.7033929222911346,0.5383604834471887,0.6265440210249672,0.6950006141751628,0.7040680024286582,0.6930473372781065,0.703510263573424
D1f_roll7_assess,0.0312392722279437,0.17894736842105263,0.16842105263157894,0.4095182988572255,0.3975333428940198,0.37804524361948955,0.37804524361948955,0.0,0.36903039073806077,0.36903039073806077,0.0,0.37640126473124463,0.37640126473124463,0.0,0.5124139035720007,0.0,0.0,0.5130990415335464,0.6236559139784946,0.0,0.7588840399002493,0.0,0.0,0.5508326724821571,0.6185648661492159,0.0,0.7592765824758341,0.0,0.00801201802704056,0.011203530809709726,0.007896505376344086,0.015238740264138165,0.011041277390861219,0.015238740264138165,0.003923575571477311,0.004604365620736698,0.00977418267610381,0.42875912408759126,0.4127331002331002,0.37566507980957714,0.0,0.42452830188679247,0.0,0.41724537037037035,0.0,0.40023201856148494,0.3167254556143445,0.005682796624763217,0.006716032374720166,0.3954730774637987,0.0,0.4810646186440678,0.0,0.6881852901318221,0.0,0.4068647969861867,0.0,0.6529017857142857,0.0,0.6907571288102261,0.0,0.6915312653865091,0.6879301868239921,0.6958072052133284,0.0,0.6950006141751628,0.6935642348317367,0.0,0.6463738767244652,0.6390517461126689,0.0,0.7036082474226805,0.6906988188976378,0.0,0.6879546295154728,0.6879546295154728,0.7019786161976158,0.7019786161976158,0.6875538594115475,0.7011423658027269,0.6851714779175919,0.7008840864440079,0.673502161828289,0.7036138733931603,0.6967961992934584,0.7038564152316275,0.6945020114592222,0.7039417828987266,0.6967961992934584,0.6977566447207998,0.6991949255916077,0.7043964051493806,0.7032312925170068,0.6970731707317073,0.6904085915319096,0.6950529165641152,0.6977566447207998,0.6991949255916077,0.7032312925170068,0.6970731707317073,0.7033754249635745,0.7044185481913086,0.7040766804173745,0.7035462715569589,0.7043910722950024,1.0,1.0,0.7040271712760796,0.7023159936946769,0.7004664866191996,0.7130391423585141,0.6945879458794588,0.6858966490732785,0.7005032527310666,0.7006259972996195,0.6953259532595326,0.7004664866191996,0.8100229753015509,0.6953259532595326,0.7041843541540328,0.6845869297163996,0.5198307773664728,0.6950006141751628,0.6463738767244652,0.6705445544554456,0.6891128041287786,0.5198307773664728,0.6642278547164882,0.6681091004458432,0.5879833732208086,0.4390728476821192,0.3998141017129199,0.5362186192468619,0.6921091445427728,0.7028620562584449,0.6852056476365869,0.7105099114823588,0.5362186192468619,0.6670177748518762,0.6688967598058507,0.5879833732208086,0.7026894265012894,0.6944478640896221,0.6794664006981673,0.34195280486081675,0.6748155648777665,0.697752808988764,0.49393203883495146,0.5635402906208719,0.3324396782841823,0.6878463243442926,0.4181057744198597,0.6956413758847635,0.705379276152702,0.4018909090909091,0.4018909090909091,0.4018909090909091,0.7771115298954943,0.39205000801410483,0.6480576594185194,0.6975884244372991,0.22046936114732724,0.2674448767833982,0.7040680024286582,0.7001585172539934,0.7040407717510011,0.641236252262286,0.7037126910943946,0.641236252262286,0.704004854368932,0.012593351881681066,0.7040680024286582,0.6811823379150955,0.7037621359223301,0.7039106145251397,0.7038970498968071,0.7048682772854195,0.7001585172539934,0.2394710363662498,0.6826923076923077,0.6950006141751628,0.7962085308056872,0.6941031941031941,0.7029848912909962,0.6932432432432433,0.6854581183984279,0.6823486058223805,0.7105099114823588,0.6828427146200271,0.7967453733248245,0.7704839482510781,0.07489823609226594,0.08328782086291645,0.01675527630095054,0.017354289456450556,0.7788784150822815,0.7967453733248245,0.08616718601815472,0.07489823609226594,0.01675527630095054,0.6878463243442926,0.7041065754094353,0.6845869297163996,0.7033929222911346,0.5383604834471887,0.6265440210249672,0.6950006141751628,0.7040680024286582,0.6930473372781065,0.703510263573424
D1i_allblocks_groupkfold,0.024390243902439025,0.28668445306815427,0.2778316759641038,0.4771955361475012,0.4771376591873863,0.4477865372953305,0.4477865372953305,0.0,0.4423963133640553,0.4423963133640553,0.0,0.4567616737416616,0.4567616737416616,0.0,0.44038811400849,0.0,0.0,0.44402668283808366,0.5405700424499696,0.0,0.6637157409653165,0.0,0.0,0.48096046568032985,0.5343196701430997,0.0,0.663594470046083,0.0,0.02815192331027788,0.018201674554058973,0.023173986896384374,0.022809997573404513,0.017594952068923673,0.022809997573404513,0.009464870768110666,0.010192937750273025,0.022448731950006066,0.4824114507520621,0.47167293461118526,0.48666019888430756,0.0,0.4856276531231049,0.0,0.4836831250758219,0.0,0.46634323832625835,0.38163958282803784,0.004004368401892974,0.004732435384055333,0.4994540822516074,0.0,0.6517889630078836,0.0,0.9567115314659876,0.0,0.5185005459177484,0.0,0.9115934998787291,0.0,0.9631381108281799,0.0,0.9616783895221925,0.9603492178974172,0.9675033345458954,0.0,0.9683521280465623,0.9671395659027525,0.0,0.872892662219527,0.8547174387581857,0.0,0.9782951376258033,0.9614405238268461,0.0,0.9554935726412807,0.9554935726412807,0.975133430373605,0.975133430373605,0.9573178125378926,0.9746543778801844,0.95173417414504,0.9747787074087547,0.9382656155245603,0.999029714978775,0.9843560514188697,0.9995147986414362,0.9808391947610963,0.9993934983017952,0.9843560514188697,0.9836304110585667,0.9847180109157065,0.9973317161916313,0.9957550030321407,0.9825391051291379,0.9558573853989814,0.9655590589376667,0.9836304110585667,0.9847180109157065,0.9957550030321407,0.9825391051291379,0.9967252880533657,0.9984230955846677,0.9984234780499636,0.9964827167980594,0.9991511035653651,0.7040271712760796,0.7040271712760796,1.0,0.9974536194979993,0.9747787074087547,0.9616783895221925,0.9656844913301806,0.9608294930875576,0.9750212198375167,0.9751424760518976,0.9666504972107689,0.9747787074087547,0.823793354353626,0.9666504972107689,0.9993935718617344,0.9522134627046694,0.6901237563698132,0.9683521280465623,0.872892662219527,0.9320882852292021,0.9619255486843701,0.6901237563698132,0.8408153360834749,0.8387527299199223,0.8238147205044258,0.6133689190828582,0.5739932071809801,0.720402717127608,0.9644719291863708,0.9765918738629472,0.9604512920053379,0.9590104292990541,0.720402717127608,0.831250758219095,0.8386509765861944,0.8238147205044258,0.9765947125879214,0.9641081605432278,0.929047907822923,0.44776119402985076,0.7002790923431622,0.944100885170365,0.4903531124863487,0.7311658376804562,0.4410337296772628,0.9574339073490177,0.5700424499696786,0.9511278195488722,0.9639781685870225,0.4648707681106662,0.4648707681106662,0.4648707681106662,0.5540589734255551,0.349065760737685,0.9310052140172184,0.5766290498725882,0.430217048623742,0.48005335273432764,0.99745269286754,0.9862947240751971,0.9989081645032148,0.7256733802475127,0.9985443959243085,0.7256733802475127,0.9984230955846677,0.13444970270598228,0.99745269286754,0.9714978775015161,0.9981804949053857,0.9973310687856363,0.997937644061628,0.9984232868405094,0.9862947240751971,0.34089255396555906,0.950758035172832,0.9683521280465623,0.8119088042687364,0.9672608221171335,0.9767131594906003,0.9666504972107689,0.9603251637951954,0.9560999272374484,0.9590104292990541,0.9523347483323226,0.6619342312826113,0.6404562553088218,0.2563387116341138,0.2576419213973799,0.06102887648628973,0.04925988837660762,0.6464021356631476,0.6619342312826113,0.267402376910017,0.2563387116341138,0.06102887648628973,0.9574339073490177,0.9872588278121587,0.9522134627046694,0.9942988840368753,0.7154639175257732,0.7971366173258918,0.9683521280465623,0.99745269286754,0.9604704741117982,0.9962401455427532
D1j_dynamic_groupkfold,0.024416909620991252,0.287779397473275,0.2789115646258503,0.4755668728022311,0.4756881290166121,0.4465195246179966,0.4465195246179966,0.0,0.4411301079180308,0.4411301079180308,0.0,0.4553170850006063,0.4553170850006063,0.0,0.4415694849368319,0.0,0.0,0.4452137998056365,0.5419096209912536,0.0,0.6654518950437318,0.0,0.0,0.48238581146744414,0.5358357628765792,0.0,0.6653304178814383,0.0,0.028182701652089408,0.018221574344023325,0.023323615160349854,0.02295918367346939,0.01761418853255588,0.02295918367346939,0.009475218658892129,0.01020408163265306,0.02247327502429543,0.4807808900206136,0.4698678307263247,0.48538862616709105,0.0,0.48417606402328117,0.0,0.48187219595004244,0.0,0.46489632593670427,0.38289601554907676,0.004008746355685131,0.0047376093294460644,0.5,0.0,0.652701882210079,0.0,0.9558573853989814,0.0,0.5190672820014574,0.0,0.910965550703542,0.0,0.962046804898751,0.0,0.9603492178974172,0.9592579119679884,0.9664120286164666,0.0,0.9672608221171335,0.9660482599733237,0.0,0.8718010915706489,0.8545256005823829,0.0,0.9772038316963745,0.9603492178974172,0.0,0.9541651509639869,0.9541651509639869,0.9769193391642371,0.9769193391642371,0.9562265066084636,0.9769193391642371,0.9504062083181763,0.9736874014793259,0.9367042560931248,0.9974536194979993,0.9830241299866618,0.9976961319267612,0.9795076997696132,0.9975748757123802,0.9830241299866618,0.9825391051291379,0.9831453862010427,0.9957560324966654,0.9941797017097126,0.981447799199709,0.9545289196071298,0.9642294167576089,0.9825391051291379,0.9831453862010427,0.9941797017097126,0.981447799199709,0.9951497514247605,0.9966048259973324,0.9970898508548564,0.9949072389959985,0.9978173881411422,0.7023159936946769,0.7023159936946769,0.9974536194979993,1.0,0.9736874014793259,0.9603492178974172,0.9645931854007518,0.9630709426627794,0.9739299139080878,0.9740511701224688,0.9653207226870377,0.9736874014793259,0.825801749271137,0.9653207226870377,0.9978173881411422,0.9508852777104051,0.6896468017963345,0.9672608221171335,0.8718010915706489,0.9309968469561,0.9608342427549412,0.6896468017963345,0.841958211856171,0.8398931000971818,0.822723414574997,0.6114950891233175,0.5748117561331066,0.7211900425015179,0.963380623256942,0.9786200194363459,0.961977648202138,0.9576815811810355,0.7211900425015179,0.8326044703595724,0.8400145772594753,0.822723414574997,0.9788629737609329,0.9630168546137989,0.9274887838001697,0.44825072886297374,0.7008380906109559,0.9460772407092544,0.49088921282798836,0.7302839116719243,0.44169096209912534,0.9561052503940827,0.5706653715395823,0.9497999272462714,0.9624105735418941,0.46520102028422206,0.46520102028422206,0.46520102028422206,0.5546647230320699,0.3483009708737864,0.9299139080877895,0.577259475218659,0.4291257426943131,0.47896204680489873,0.9956347762822845,0.9847217169879956,0.9968473384260943,0.7266763848396501,0.9967260822117133,0.7266763848396501,0.9966048259973324,0.1345966958211856,0.9956347762822845,0.9735179786200194,0.9963623135685704,0.9952710076391416,0.9958772887110464,0.9968473384260943,0.9847217169879956,0.34207968901846453,0.9491936461743664,0.9672608221171335,0.8138969873663752,0.9661695161877046,0.9787414965986394,0.9653207226870377,0.9616132167152576,0.9547714320358919,0.9576815811810355,0.9507699769613193,0.6626579203109816,0.641156462585034,0.2569241982507289,0.2560931247726446,0.061224489795918366,0.049441205053449955,0.6471088435374149,0.6626579203109816,0.2661573905662665,0.2569241982507289,0.061224489795918366,0.9561052503940827,0.9847217169879956,0.9508852777104051,0.9924821147083788,0.7156208277703605,0.794955741481751,0.9672608221171335,0.9956347762822845,0.9593791681823693,0.9946647265672366
D2_all_features,0.02218916573695302,0.2847273624475697,0.2765090729539563,0.475615763546798,0.478470080197409,0.4512978986402967,0.4512978986402967,0.0,0.4466979965372248,0.4466979965372248,0.0,0.46098676888833934,0.46098676888833934,0.0,0.4396647356095156,0.0,0.0,0.44425259003453377,0.5380641987455418,0.0,0.6602823818293432,0.0,0.0,0.48053228191227204,0.5336124107362719,0.0,0.6605673584673953,0.0,0.02870991797166294,0.018518518518518517,0.02386575512740833,0.023365647526721354,0.018023617153511497,0.023365647526721354,0.009695463020509634,0.010441267868241143,0.022995649471721565,0.484384643871127,0.4763730826323602,0.4890754227873102,0.0,0.49244675581971276,0.0,0.4897251794998762,0.0,0.4698467622343055,0.3813224771773995,0.004101926662523307,0.004847731510254817,0.5119950279676818,0.0,0.6684897451833437,0.0,0.9797565822155986,0.0,0.5315102548166563,0.0,0.9347501864280388,0.0,0.986832298136646,0.0,0.9848466029064712,0.9790582403965303,0.9868616757560734,0.0,0.992668986083499,0.9911790284507392,0.0,0.8941483414088707,0.8748292561778219,0.0,0.9951726698848867,0.9843536570222278,0.0,0.9787577639751552,0.9787577639751552,0.9909653465346535,0.9909653465346535,0.9796399751707014,0.9909653465346535,0.9749068322981367,0.9913366336633663,0.9598957039980134,0.9747787074087547,0.9617764834364761,0.9750212198375167,0.9587328559291176,0.9748999636231357,0.9617764834364761,0.9601018675721562,0.9611838913148957,0.9730811204074209,0.971504789620468,0.9590104292990541,0.9749597124085781,0.9866004962779157,0.9601018675721562,0.9611838913148957,0.971504789620468,0.9590104292990541,0.9724748393355159,0.9739299139080878,0.9746543778801844,0.9724715013339801,0.9751424760518976,0.7004664866191996,0.7004664866191996,0.9747787074087547,0.9736874014793259,1.0,0.9779675702438421,0.9872192579724531,0.9768564356435644,0.9965260545905708,0.996650124069479,0.988210474063043,1.0,0.8417917855813376,0.988210474063043,0.9751424760518976,0.9709929341762737,0.707147296457427,0.992668986083499,0.8941483414088707,0.9552683896620279,0.9860834990059643,0.707147296457427,0.8539242386729389,0.8531962338949455,0.8413545026048127,0.6285110613969674,0.5883668903803132,0.7383793189162317,0.9886928429423459,0.9926980198019802,0.9757425742574257,0.9752444609481371,0.7383793189162317,0.84599182257465,0.8524021792966815,0.8413545026048127,0.9929455445544555,0.9836370397917441,0.9475576493925117,0.4583074437678638,0.7166998011928429,0.960510027234464,0.5022995649471722,0.7474546809038987,0.4515968683981608,0.9804993168550491,0.584711000621504,0.9725704356460221,0.9830172306929466,0.47308360208385014,0.47308360208385014,0.47308360208385014,0.5598021026592456,0.35740027339381136,0.918872758326217,0.5847678018575851,0.43997517070142766,0.4869382196360035,0.9729598641930399,0.962046804898751,0.9741724263368498,0.7217380630907082,0.9740511701224688,0.7217380630907082,0.9739299139080878,0.13758389261744966,0.9729598641930399,0.9484348459111867,0.9736874014793259,0.9725960955498969,0.9732023766218019,0.9741724263368498,0.962046804898751,0.3370675858672904,0.9731743666169895,0.992668986083499,0.8319045844204249,0.9915506958250497,0.9928217821782178,0.9901863354037267,0.9753712871287129,0.9796247981115667,0.9752444609481371,0.9750341572475469,0.6714126532128265,0.6552366753633991,0.2521567660833128,0.26423067362664676,0.04947213356248466,0.050329315272772464,0.6619438230176485,0.6714126532128265,0.2745463584389759,0.2521567660833128,0.04947213356248466,0.9804993168550491,0.962046804898751,0.9709929341762737,0.971959213401311,0.7335321899080288,0.7778859019583992,0.992668986083499,0.9729598641930399,0.9806547619047619,0.971989814477992
D2_coh-only,0.022495915546060074,0.271941735588199,0.2626187831667284,0.473501303214596,0.47344254157359145,0.4500685700037402,0.4500685700037402,0.0,0.44380762521804135,0.44380762521804135,0.0,0.4562080119432695,0.4562080119432695,0.0,0.4500563980448678,0.0,0.0,0.453269857178652,0.55008128048018,0.0,0.6753684736447664,0.0,0.0,0.4912324649298597,0.5461490294301816,0.0,0.6756621689155422,0.0,0.028718982239576772,0.01762114537444934,0.02290748898678414,0.02047481472176862,0.017247891224977968,0.02047481472176862,0.009575406324807863,0.01007683587353571,0.022541241657222013,0.48214952108471204,0.47205278227312336,0.48263458198958076,0.0,0.48674218847255074,0.0,0.4840074673304294,0.0,0.4658539619355641,0.3706267771047101,0.004158790170132325,0.004914933837429111,0.5133709981167608,0.0,0.6546109868257519,0.0,0.9600099046675746,0.0,0.5168944099378882,0.0,0.9137055837563451,0.0,0.9658415841584158,0.0,0.9650817236255572,0.9637241550080475,0.9702970297029703,0.0,0.9716513988611042,0.9701695754425053,0.0,0.8830554864394128,0.8630205096333127,0.0,0.9813118811881189,0.9641089108910891,0.0,0.959251919742383,0.959251919742383,0.9780859229912096,0.9780859229912096,0.9606289463909867,0.9783308568598316,0.9568666336142786,0.9794376316115446,0.942138520629414,0.9614405238268461,0.9484285887634996,0.9616830362556081,0.9456178684146638,0.9617996604414262,0.9484285887634996,0.9474705810991144,0.9490229396771452,0.96045608927705,0.9593545256005824,0.9463787456023293,0.9644896945617085,0.9688002971400272,0.9474705810991144,0.9490229396771452,0.9593545256005824,0.9463787456023293,0.9634220439907644,0.9620191724305303,0.962742718446602,0.9629404617253949,0.9622801697998787,0.7130391423585141,0.7130391423585141,0.9616783895221925,0.9603492178974172,0.9779675702438421,1.0,0.9689279524634811,0.9637286457043823,0.977970297029703,0.97833890332962,0.9696707105719238,0.9779675702438421,0.8292773777005215,0.9696707105719238,0.9618042924699891,0.9561446977205154,0.6979062811565304,0.9716513988611042,0.8830554864394128,0.9367873078829946,0.9653336634889191,0.6979062811565304,0.8494650410549888,0.8545023104783315,0.8546255506607929,0.6273797595190381,0.5735221063089916,0.7279292740630059,0.9674464661468003,0.980064388311045,0.9626145085417183,0.9972274732199118,0.7279292740630059,0.848625,0.8486244242499689,0.8546255506607929,0.9800668565061285,0.9668316831683168,0.9317647058823529,0.45367012629736153,0.714964964964965,0.9488228004956629,0.5047116471918582,0.734227521112767,0.44655581947743467,0.9622057001239157,0.5765248846201821,0.9569745815251085,0.9674303405572755,0.4703824043989003,0.4703824043989003,0.4703824043989003,0.5712669683257918,0.3599547226763929,0.905220785557453,0.5980602090943444,0.425257412231733,0.47661000124084874,0.9605726070605363,0.9506008010680908,0.9617857576125197,0.7286051422183579,0.9616644425573213,0.7286051422183579,0.9613051916545367,0.12196029776674938,0.9605726070605363,0.9355582524271845,0.9605869512490904,0.9602086618949411,0.9605773896166909,0.9617857576125197,0.9506008010680908,0.32466732380483,0.9539318885448916,0.9716513988611042,0.8171095108020859,0.9702933531377645,0.9801882119861317,0.9694269092709493,0.9624860715612232,0.9591432462547975,0.9972274732199118,0.9550575708802773,0.6870354038049641,0.6647347864432405,0.23829472646623953,0.2522713130056005,0.047022332506203475,0.04785830925763095,0.6709084036789719,0.6870354038049641,0.2599354197714853,0.23829472646623953,0.047022332506203475,0.9622057001239157,0.9527339003645201,0.9561446977205154,0.9597959431555934,0.7200745804847731,0.7724828934506354,0.9716513988611042,0.9605726070605363,0.9645776566757494,0.9591267434808975
D2_ms-only,0.021758159309741152,0.2833912611717974,0.2757549397290916,0.47400346620450606,0.47686965149448096,0.4497328196843544,0.4497328196843544,0.0,0.4465463596764157,0.4465463596764157,0.0,0.4601990049751244,0.4601990049751244,0.0,0.44036241777336477,0.0,0.0,0.44372750961657775,0.5369683481701286,0.0,0.6575865894243806,0.0,0.0,0.4805951642901426,0.533250773993808,0.0,0.6578720256441869,0.0,0.02846394984326019,0.018564977420973405,0.02331995987963892,0.023072100313479622,0.017810109118274176,0.023072100313479622,0.009786700125470515,0.01053952321204517,0.02269877100576875,0.4822624658893575,0.47384118304958367,0.4875294701575878,0.0,0.4907280647168637,0.0,0.48836341008089607,0.0,0.4678340784898162,0.38007196922695125,0.004140526976160602,0.004893350062735257,0.5162423178226514,0.0,0.6720531128648378,0.0,0.973137669444099,0.0,0.5355485893416928,0.0,0.9345654345654346,0.0,0.9807141968396168,0.0,0.9777418552598856,0.9717191763830315,0.9787920128984249,0.0,0.9845828670893945,0.9835861725938821,0.0,0.8921177350960339,0.8727250062328596,0.0,0.9861351819757366,0.9770043505282784,0.0,0.9723811893505847,0.9723811893505847,0.9821738053973756,0.9821738053973756,0.9730233714569866,0.9816831683168317,0.9736809280279406,0.9825451844515969,0.9642410602650663,0.9656844913301806,0.9526756461594467,0.9659270037589427,0.9496298094428935,0.9658057475445616,0.9526756461594467,0.9519534093666586,0.9523231833070485,0.9642250788260975,0.9624105735418941,0.9513349514563106,0.9722636815920398,0.9898863778249469,0.9519534093666586,0.9523231833070485,0.9624105735418941,0.9513349514563106,0.9636187242299297,0.9653123104912068,0.9655590589376667,0.9633761823914625,0.9660482599733237,0.6945879458794588,0.6945879458794588,0.9656844913301806,0.9645931854007518,0.9872192579724531,0.9689279524634811,1.0,0.9683050637612975,0.9862351190476191,0.9861128332300062,0.9915074309978769,0.9872192579724531,0.841855824395111,0.9915074309978769,0.9660482599733237,0.9648621802830891,0.708870261478794,0.9845828670893945,0.8921177350960339,0.9524996883181648,0.9807021912350598,0.708870261478794,0.8478422619047619,0.8482553085806531,0.8368362144011939,0.6340147999498307,0.5917063392633425,0.7405229575878894,0.9820828667413214,0.9834158415841584,0.9671907886591556,0.966447938591061,0.7405229575878894,0.8396624472573839,0.8456292622442654,0.8368362144011939,0.9836633663366336,0.9750744047619048,0.9423530873400422,0.45895895895895894,0.7184842421210605,0.9526759167492567,0.5058926780341023,0.7470360663921128,0.45238393192341386,0.9753547423450336,0.5876237003632719,0.9637492240844197,0.973475458601884,0.47457203548669247,0.47457203548669247,0.47457203548669247,0.5574605541061002,0.35990974050394886,0.911121963130265,0.5813548788067122,0.4374454284645129,0.48021828103683495,0.9641038079068639,0.9536632702571567,0.9650782102582758,0.7207696102614701,0.9649569540438947,0.7207696102614701,0.9648356978295137,0.1378791677112058,0.9641038079068639,0.9400412671440709,0.9645931854007518,0.9635018794713229,0.9641081605432278,0.9650782102582758,0.9536632702571567,0.3360584664932491,0.9798422436459246,0.9845828670893945,0.8342085521380345,0.9846976859915402,0.9835396039603961,0.9818543375590355,0.9668193636251083,0.9811367895065584,0.966447938591061,0.9814698885689245,0.6674947211526518,0.6593186372745491,0.25217283337472063,0.2657640717061552,0.04889218962742914,0.04974937343358396,0.662125,0.6674947211526518,0.27441161742613923,0.25217283337472063,0.04889218962742914,0.9753547423450336,0.9536632702571567,0.9648621802830891,0.9630933592327303,0.734992496248124,0.7717801876446936,0.9845828670893945,0.9641038079068639,0.9730668983492615,0.962895598399418
D2_sar-only,0.02251572327044025,0.2682596378864392,0.259733859043864,0.4588712652157875,0.46097020438315683,0.45828628779325054,0.45828628779325054,0.0,0.4527094831911691,0.4527094831911691,0.0,0.46793826076044676,0.46793826076044676,0.0,0.43711160825254786,0.0,0.0,0.4386944651278233,0.5321543408360129,0.0,0.6485489424495819,0.0,0.0,0.47356037151702784,0.5272929818046788,0.0,0.6488314883148831,0.0,0.029263370332996974,0.018920282542885972,0.024217961654894045,0.023839556004036328,0.01828960645812311,0.023839556004036328,0.009838546922300706,0.010595358224016145,0.023335015136226035,0.46686375954668635,0.4575727676369018,0.4945577380207682,0.0,0.49817999246893435,0.0,0.4956074297188755,0.0,0.45197879423005793,0.365541040177471,0.0041624621594349145,0.004919273461150353,0.49577849515768563,0.0,0.6520983362304446,0.0,0.958658249783389,0.0,0.5148957298907646,0.0,0.9128389253435681,0.0,0.9649752475247525,0.0,0.9632425742574258,0.9621287128712871,0.969430693069307,0.0,0.9702970297029703,0.969059405940594,0.0,0.8775130305286671,0.8609937888198758,0.0,0.9804455445544554,0.9632425742574258,0.0,0.9569306930693069,0.9569306930693069,0.9806523626441771,0.9806523626441771,0.9592771382596856,0.980406746031746,0.954061416542843,0.9783254892246718,0.9405499133019569,0.9608294930875576,0.9468704512372634,0.9610720349260248,0.9438243144867751,0.9609507640067911,0.9468704512372634,0.9456772159573178,0.9469917515769044,0.9593693147362038,0.9575551782682513,0.9448217317487266,0.9573019801980198,0.9681773155027241,0.9456772159573178,0.9469917515769044,0.9575551782682513,0.9448217317487266,0.9582878622529405,0.9597429368255123,0.9602279616830363,0.9585203153426319,0.9609554989693222,0.6858966490732785,0.6858966490732785,0.9608294930875576,0.9630709426627794,0.9768564356435644,0.9637286457043823,0.9683050637612975,1.0,0.9775934637286458,0.9772277227722772,0.9690479138293921,0.9768564356435644,0.825914445133292,0.9690479138293921,0.9611933058452583,0.9543090638930164,0.6968224299065421,0.9702970297029703,0.8775130305286671,0.9337625355948991,0.9639806906795395,0.6968224299065421,0.8428624581421307,0.8485490098393325,0.8387016229712859,0.6137691064993165,0.5736299241953523,0.7326670830730794,0.9663366336633663,0.9823886890735458,0.9988647830474269,0.9622197448284405,0.7326670830730794,0.8371861794680586,0.8406498015873016,0.8387016229712859,0.9826367357063128,0.9659653465346535,0.9304197102884735,0.45552493109496367,0.7235782586814293,0.9494047619047619,0.5085707083438367,0.7383235770332545,0.44803405960430753,0.9593958900717999,0.571926331508213,0.9532004457100408,0.9653465346534653,0.4654785643070788,0.4654785643070788,0.4654785643070788,0.5731553764794762,0.361128605617836,0.9041346505671424,0.5993945509586277,0.421039603960396,0.4719059405940594,0.9590104292990541,0.948096046568033,0.9604608853850819,0.7329014575806653,0.9603395997574288,0.7329014575806653,0.9602183141297757,0.13975782038345105,0.9590104292990541,0.9705809641532757,0.9599757428744694,0.9588841722255913,0.9594906003638569,0.9602231384913897,0.948096046568033,0.3216877844753352,0.9533069110725787,0.9702970297029703,0.8137631742095475,0.9691831683168317,0.9822668650793651,0.9688041594454073,0.9984863773965691,0.9580341668729884,0.9622197448284405,0.9551591725504769,0.6880676084762866,0.6657416750756812,0.2560030015007504,0.24550972377059332,0.05045471533574187,0.05133703329969728,0.6719223007063572,0.6880676084762866,0.2547029702970297,0.2560030015007504,0.05045471533574187,0.9593958900717999,0.9483323226197695,0.9543090638930164,0.9582321515298688,0.7232743583354099,0.7615113594945936,0.9702970297029703,0.9590104292990541,0.9622524752475248,0.9578028373954165
D2_sar_+_ms,0.022057001239157374,0.2844987051424343,0.276125848241826,0.47604384776450304,0.4781697089294524,0.4515451174289246,0.4515451174289246,0.0,0.44712430426716143,0.44712430426716143,0.0,0.461053412462908,0.461053412462908,0.0,0.4397337934434311,0.0,0.0,0.4441430332922318,0.537931882454199,0.0,0.6601202896771818,0.0,0.0,0.48004926108374385,0.533481043820778,0.0,0.6604051565377532,0.0,0.028830620106872127,0.018640487138063874,0.02385982353672176,0.02348701379396048,0.018019137566795077,0.02348701379396048,0.009693053311793215,0.01043867279731577,0.022989934136945445,0.4838988278840222,0.4757077512671529,0.48932230588816195,0.0,0.49214011635103355,0.0,0.48941962628387575,0.0,0.46991226986284446,0.3813987911681263,0.0041009071703740525,0.004846526655896607,0.511867776811234,0.0,0.6683235988567168,0.0,0.9792675356921167,0.0,0.5313781533490742,0.0,0.9342775500062119,0.0,0.9863404942257544,0.0,0.983862959285005,0.9785705437879351,0.9871095686663361,0.0,0.991185599006828,0.9914275065225494,0.0,0.8936910084451068,0.8750776108282627,0.0,0.9951732673267327,0.983862959285005,0.0,0.9780233424385398,0.9780233424385398,0.9912128712871288,0.9912128712871288,0.980134094859697,0.9912128712871288,0.9741743233176061,0.9915841584158416,0.9599006828057107,0.9752607324763521,0.9620191724305303,0.9752637322662786,0.9589756038354169,0.9751424760518976,0.9620191724305303,0.9601067054686553,0.9614264919941776,0.9733236328361828,0.97174730204923,0.9592529711375212,0.9742287201090324,0.9856168629882207,0.9601067054686553,0.9614264919941776,0.97174730204923,0.9592529711375212,0.9727173517642779,0.9741724263368498,0.9746574511943737,0.9724748393355159,0.9753849884806597,0.7005032527310666,0.7005032527310666,0.9750212198375167,0.9739299139080878,0.9965260545905708,0.977970297029703,0.9862351190476191,0.9775934637286458,1.0,0.9956602603843769,0.9872255984125016,0.9965260545905708,0.8408978174603174,0.9872255984125016,0.9753849884806597,0.9707522617424712,0.7069715421896359,0.991185599006828,0.8936910084451068,0.9550310559006211,0.9858385093167702,0.7069715421896359,0.8541718247090864,0.8532144184318098,0.8409175449473032,0.6285572262955138,0.5884180439915496,0.7384118304958369,0.9882002235747113,0.9929455445544555,0.9764793265659817,0.9752475247524752,0.7384118304958369,0.8455536289323755,0.8526498266468548,0.8409175449473032,0.9931930693069307,0.9831474597273854,0.9482886904761905,0.4581935644179401,0.7165217391304348,0.9607576132706115,0.5014283939883244,0.7474860335195531,0.45166500994035785,0.9800099329525701,0.5845656766496831,0.9711061507936508,0.9822822450749598,0.47223599405057015,0.47223599405057015,0.47223599405057015,0.5598565421716547,0.35731146726301405,0.919116750030499,0.5852117909338618,0.4398659550701254,0.48700173310225303,0.9732023766218019,0.9625272859568276,0.9744149387656117,0.721983552227814,0.9742936825512307,0.721983552227814,0.9741724263368498,0.1375497017892644,0.9732023766218019,0.9491504854368932,0.9739299139080878,0.972838607978659,0.9734448890505638,0.9744149387656117,0.9625272859568276,0.3373138003200788,0.9729327042463373,0.991185599006828,0.830788330229671,0.9905625232832485,0.9930693069306931,0.9899403874813711,0.9761079475117603,0.9781529294935452,0.9752475247524752,0.9747920029802558,0.671867261020307,0.654252017380509,0.25194037205864234,0.2640079512982979,0.049717652835747604,0.05057785510127998,0.661779324055666,0.671867261020307,0.27400322941249533,0.25194037205864234,0.049717652835747604,0.9800099329525701,0.962289317327513,0.9707522617424712,0.9722019907744598,0.7333499005964215,0.7772644376899696,0.991185599006828,0.9732023766218019,0.9806571605703658,0.972232326906754
D2_sar_+_ms_+_coh,0.02205426836823194,0.28478046373951654,0.27624922887106723,0.4756217680374292,0.4779284833538841,0.45095132196688903,0.45095132196688903,0.0,0.4458173730384283,0.4458173730384283,0.0,0.460274311133078,0.460274311133078,0.0,0.4398570372196204,0.0,0.0,0.4440882751818518,0.5382439744220364,0.0,0.6608546168958742,0.0,0.0,0.4805370780980537,0.533792933645205,0.0,0.6611397690985016,0.0,0.02882703777335984,0.018511616349857124,0.023729655857870544,0.0233569387501553,0.017890421170331718,0.0233569387501553,0.009691848906560637,0.010437375745526839,0.022859982606534972,0.48420533070088845,0.47583137594263814,0.4890781192151055,0.0,0.49207920792079207,0.0,0.48954337334488307,0.0,0.4693096208472274,0.3810110974106042,0.004100397614314116,0.004845924453280318,0.5118041749502982,0.0,0.6680332960616225,0.0,0.9789003351123247,0.0,0.5313121272365805,0.0,0.934401789042117,0.0,0.9864646715509748,0.0,0.9842333954065797,0.9789395441030724,0.9862487611496531,0.0,0.9925465838509316,0.991304347826087,0.0,0.8938152011922503,0.8752017881534832,0.0,0.9955440029706647,0.9832485420027298,0.0,0.9779019242706394,0.9779019242706394,0.9913366336633663,0.9913366336633663,0.9792752544055597,0.9913366336633663,0.9742984852247331,0.9919544498081446,0.9595382896859873,0.9751424760518976,0.9614264919941776,0.9753849884806597,0.9583838874059695,0.9755032743148193,0.9614264919941776,0.9604656803298569,0.9615477923338185,0.9734448890505638,0.9721076885762794,0.9593742420567548,0.9748419878547527,0.9857408555486671,0.9604656803298569,0.9615477923338185,0.9721076885762794,0.9593742420567548,0.973077855930148,0.9742936825512307,0.9750181906378851,0.9728353140916808,0.9755062446950407,0.7006259972996195,0.7006259972996195,0.9751424760518976,0.9740511701224688,0.996650124069479,0.97833890332962,0.9861128332300062,0.9772277227722772,0.9956602603843769,1.0,0.9873496217288851,0.996650124069479,0.8412501550291455,0.9873496217288851,0.9755062446950407,0.9701437066402379,0.7068836978131213,0.9925465838509316,0.8938152011922503,0.9551552795031056,0.9859627329192546,0.7068836978131213,0.8542956177271602,0.8533382881208968,0.8408132903545747,0.6284791252485089,0.588344930417495,0.7381041123120885,0.9878306221283993,0.993316004455997,0.9761138613861386,0.9756157940339151,0.7381041123120885,0.845906106775672,0.8525442614832239,0.8408132903545747,0.9935635598465157,0.9835171644565621,0.9486543470172393,0.4583178034538452,0.7164327412743758,0.9611241797697164,0.5019257050565288,0.7473932472691162,0.4516088955149708,0.9806259314456036,0.584493041749503,0.9724531579600447,0.9826517967781908,0.47254245692326763,0.47254245692326763,0.47254245692326763,0.5599802127133316,0.35726708074534164,0.91923874588264,0.5847468119351245,0.4396327087728006,0.4873096446700508,0.9735629396070822,0.9626485568760611,0.9747756487994179,0.7218949435444281,0.9746543778801844,0.7218949435444281,0.9745331069609507,0.13767395626242546,0.9735629396070822,0.9487988352341664,0.9742905651224836,0.9731991268493815,0.9738054814455493,0.9745361949799928,0.9626485568760611,0.3367786391042205,0.9718327335897754,0.9925465838509316,0.8309124767225325,0.9914285714285714,0.9931930693069307,0.9903117625139735,0.9757425742574257,0.9787683138813013,0.9756157940339151,0.9746709709461138,0.67157712305026,0.6545815743729824,0.2520635702845879,0.264132190334203,0.04958271968581247,0.05044104857746304,0.6616971052304634,0.67157712305026,0.27444403031432474,0.2520635702845879,0.04958271968581247,0.9806259314456036,0.9626485568760611,0.9701437066402379,0.9723233794610342,0.7332587899117903,0.777602140077821,0.9925465838509316,0.9735629396070822,0.9802900706582373,0.972353583121135
D4_a9_ms_only,0.021997250343707038,0.28413604766633566,0.2761833768169959,0.47401633259094283,0.4772473651580905,0.449397739972681,0.449397739972681,0.0,0.4462131575674667,0.4462131575674667,0.0,0.46058194478985326,0.46058194478985326,0.0,0.4403920109167597,0.0,0.0,0.4442928039702233,0.5375200890097663,0.0,0.6579174368453481,0.0,0.0,0.47987117552334946,0.5330445544554455,0.0,0.6584072978303748,0.0,0.02779864763335838,0.018295739348370928,0.023046092184368736,0.022670340681362724,0.017669172932330827,0.022670340681362724,0.009779338014042127,0.01053159478435306,0.02216933867735471,0.4826388888888889,0.4742204000496956,0.4886434156633983,0.0,0.4912891986062718,0.0,0.4887395794450666,0.0,0.4685792349726776,0.38064516129032255,0.004137412236710131,0.0048896690070210636,0.5162341732480883,0.0,0.6725951903807615,0.0,0.975357809583074,0.0,0.5359157578036856,0.0,0.9353146853146853,0.0,0.9814607440587284,0.0,0.9799651567944251,0.9722187771301004,0.9802729528535981,0.0,0.9850820487319741,0.9848258706467662,0.0,0.8928660513843851,0.8739401496259351,0.0,0.9871239321530271,0.9789800995024875,0.0,0.9748474660689826,0.9748474660689826,0.9829165635058182,0.9829165635058182,0.9752425976611098,0.9824257425742574,0.9744293376574779,0.9832879425600396,0.9652369638614481,0.9666504972107689,0.9531667071099248,0.966893039049236,0.950121359223301,0.9665332848308475,0.9531667071099248,0.9519708914493632,0.9528141678796701,0.9647144416151328,0.9633761823914625,0.9518262346802573,0.9725192738124845,0.9898901647528707,0.9519708914493632,0.9528141678796701,0.9633761823914625,0.9518262346802573,0.9643463497453311,0.9658016007761339,0.9667637069383794,0.9643420254699818,0.9667757972596096,0.6953259532595326,0.6953259532595326,0.9666504972107689,0.9653207226870377,0.988210474063043,0.9696707105719238,0.9915074309978769,0.9690479138293921,0.9872255984125016,0.9873496217288851,1.0,0.988210474063043,0.8432938240798503,1.0,0.9667757972596096,0.9660953800298062,0.7087657871701888,0.9850820487319741,0.8928660513843851,0.9542222776599726,0.981449203187251,0.7087657871701888,0.8492742835876442,0.8501491053677932,0.8384969515988553,0.6335380373480386,0.5914611243270315,0.7401850462615653,0.9840637450199203,0.9841584158415841,0.9679336387272502,0.9671907886591556,0.7401850462615653,0.8420072040740281,0.8472894181863292,0.8384969515988553,0.9844059405940594,0.9763086082857851,0.9430985215554727,0.45897948974487246,0.7181602299712536,0.9539033457249071,0.5051352705410822,0.7469128102781589,0.45240775484677925,0.9785643070787637,0.5879774577332498,0.9671805072103431,0.9739744701945718,0.47569053868266464,0.47569053868266464,0.47569053868266464,0.5580124223602484,0.35929868503443957,0.9109212934716291,0.5819040517027094,0.438552713661884,0.4807787698412698,0.9648314334222653,0.9546281693558171,0.9658057475445616,0.7208728886697078,0.9656844913301806,0.7208728886697078,0.9655632351157997,0.13863123589872148,0.9648314334222653,0.9410050983248361,0.9653207226870377,0.9642294167576089,0.9648356978295137,0.9658057475445616,0.9546281693558171,0.33696729435084244,0.9808414725770098,0.9850820487319741,0.8361065932691105,0.984950248756219,0.9842821782178218,0.9835861725938821,0.9678058444774641,0.9813912826277008,0.9671907886591556,0.9812288824928044,0.668447204968944,0.6600701402805611,0.2527622594661701,0.2663574830784658,0.048207663782447466,0.04905518708547116,0.6632908227056764,0.668447204968944,0.27500312930279136,0.2527622594661701,0.048207663782447466,0.9785643070787637,0.9546281693558171,0.9660953800298062,0.9635833940276766,0.7355258221833187,0.7740243902439025,0.9850820487319741,0.9648314334222653,0.9750372578241431,0.9638612660683968
D4_f8_strategy_B_impute,0.02218916573695302,0.2847273624475697,0.2765090729539563,0.475615763546798,0.478470080197409,0.4512978986402967,0.4512978986402967,0.0,0.4466979965372248,0.4466979965372248,0.0,0.46098676888833934,0.46098676888833934,0.0,0.4396647356095156,0.0,0.0,0.44425259003453377,0.5380641987455418,0.0,0.6602823818293432,0.0,0.0,0.48053228191227204,0.5336124107362719,0.0,0.6605673584673953,0.0,0.02870991797166294,0.018518518518518517,0.02386575512740833,0.023365647526721354,0.018023617153511497,0.023365647526721354,0.009695463020509634,0.010441267868241143,0.022995649471721565,0.484384643871127,0.4763730826323602,0.4890754227873102,0.0,0.49244675581971276,0.0,0.4897251794998762,0.0,0.4698467622343055,0.3813224771773995,0.004101926662523307,0.004847731510254817,0.5119950279676818,0.0,0.6684897451833437,0.0,0.9797565822155986,0.0,0.5315102548166563,0.0,0.9347501864280388,0.0,0.986832298136646,0.0,0.9848466029064712,0.9790582403965303,0.9868616757560734,0.0,0.992668986083499,0.9911790284507392,0.0,0.8941483414088707,0.8748292561778219,0.0,0.9951726698848867,0.9843536570222278,0.0,0.9787577639751552,0.9787577639751552,0.9909653465346535,0.9909653465346535,0.9796399751707014,0.9909653465346535,0.9749068322981367,0.9913366336633663,0.9598957039980134,0.9747787074087547,0.9617764834364761,0.9750212198375167,0.9587328559291176,0.9748999636231357,0.9617764834364761,0.9601018675721562,0.9611838913148957,0.9730811204074209,0.971504789620468,0.9590104292990541,0.9749597124085781,0.9866004962779157,0.9601018675721562,0.9611838913148957,0.971504789620468,0.9590104292990541,0.9724748393355159,0.9739299139080878,0.9746543778801844,0.9724715013339801,0.9751424760518976,0.7004664866191996,0.7004664866191996,0.9747787074087547,0.9736874014793259,1.0,0.9779675702438421,0.9872192579724531,0.9768564356435644,0.9965260545905708,0.996650124069479,0.988210474063043,1.0,0.8417917855813376,0.988210474063043,0.9751424760518976,0.9709929341762737,0.707147296457427,0.992668986083499,0.8941483414088707,0.9552683896620279,0.9860834990059643,0.707147296457427,0.8539242386729389,0.8531962338949455,0.8413545026048127,0.6285110613969674,0.5883668903803132,0.7383793189162317,0.9886928429423459,0.9926980198019802,0.9757425742574257,0.9752444609481371,0.7383793189162317,0.84599182257465,0.8524021792966815,0.8413545026048127,0.9929455445544555,0.9836370397917441,0.9475576493925117,0.4583074437678638,0.7166998011928429,0.960510027234464,0.5022995649471722,0.7474546809038987,0.4515968683981608,0.9804993168550491,0.584711000621504,0.9725704356460221,0.9830172306929466,0.47308360208385014,0.47308360208385014,0.47308360208385014,0.5598021026592456,0.35740027339381136,0.918872758326217,0.5847678018575851,0.43997517070142766,0.4869382196360035,0.9729598641930399,0.962046804898751,0.9741724263368498,0.7217380630907082,0.9740511701224688,0.7217380630907082,0.9739299139080878,0.13758389261744966,0.9729598641930399,0.9484348459111867,0.9736874014793259,0.9725960955498969,0.9732023766218019,0.9741724263368498,0.962046804898751,0.3370675858672904,0.9731743666169895,0.992668986083499,0.8319045844204249,0.9915506958250497,0.9928217821782178,0.9901863354037267,0.9753712871287129,0.9796247981115667,0.9752444609481371,0.9750341572475469,0.6714126532128265,0.6552366753633991,0.2521567660833128,0.26423067362664676,0.04947213356248466,0.050329315272772464,0.6619438230176485,0.6714126532128265,0.2745463584389759,0.2521567660833128,0.04947213356248466,0.9804993168550491,0.962046804898751,0.9709929341762737,0.971959213401311,0.7335321899080288,0.7778859019583992,0.992668986083499,0.9729598641930399,0.9806547619047619,0.971989814477992
D6_fusion,0.026095880369447294,0.3361026089491328,0.3264294049008168,0.43765903307888043,0.43991416309012876,0.4121921679450949,0.4121921679450949,0.0,0.4111531190926276,0.4111531190926276,0.0,0.4219590958019376,0.4219590958019376,0.0,0.5173065735892961,0.0,0.0,0.5229985443959243,0.632685614849188,0.0,0.7752711496746204,0.0,0.0,0.5648067422260971,0.6268505079825835,0.0,0.7758969907407407,0.0,0.006586483390607102,0.008857267315231596,0.006044905008635579,0.011143270622286542,0.00886370241208951,0.011143270622286542,0.0032098044937262913,0.00364590928977687,0.007938799076212472,0.4572742022714981,0.4519766336095639,0.4361970521843049,0.0,0.4530052440500202,0.0,0.4508406186953598,0.0,0.4356796116504854,0.4485369049352162,0.0048543689320388345,0.005736981465136805,0.46891819160387516,0.0,0.5970619097586569,0.0,0.8321695760598504,0.0,0.5107776261937245,0.0,0.7980914113510799,0.0,0.8369456900847035,0.0,0.8363455066683285,0.8270256855689292,0.8348020354970833,0.0,0.8402388951101157,0.8401394422310757,0.0,0.7760720629281909,0.7678366305041481,0.0,0.8410497647932657,0.833831217326363,0.0,0.8327299962551492,0.8327299962551492,0.8416480516257135,0.8416480516257135,0.8316510903426791,0.8409626597196378,0.8279475982532751,0.8376872601213322,0.8186139604703527,0.823793354353626,0.8144229599902711,0.8238147205044258,0.8122185712547159,0.8239146252728595,0.8144229599902711,0.8163662932294203,0.814544570108233,0.8234223300970874,0.8214025721912157,0.8150493120662364,0.8340202322967404,0.8414816662509353,0.8163662932294203,0.814544570108233,0.8214025721912157,0.8150493120662364,0.8252521570057115,0.8240504793107633,0.8245358572988715,0.8250091141086402,0.8243784111582777,0.8100229753015509,0.8100229753015509,0.823793354353626,0.825801749271137,0.8417917855813376,0.8292773777005215,0.841855824395111,0.825914445133292,0.8408978174603174,0.8412501550291455,0.8432938240798503,0.8417917855813376,1.0,0.8432938240798503,0.8239359767188068,0.8247820672478207,0.6216883116883117,0.8402388951101157,0.7760720629281909,0.8161193281524192,0.8361574881634687,0.6216883116883117,0.7632930901618289,0.7654177932277585,0.6952998379254457,0.524887459807074,0.5330320350923834,0.6642717178314826,0.8392323030907278,0.8422423415602133,0.8247985120892747,0.8267726313175214,0.6642717178314826,0.7642801757560093,0.7675947409126064,0.6952998379254457,0.8422619047619048,0.8354272919517353,0.8156936597614564,0.41423948220064727,0.6828223323068684,0.8276337216585243,0.5010386373078521,0.6776092074287209,0.40525252525252525,0.8358730951786161,0.5297246974331693,0.8346486283352124,0.84375,0.4524460235036895,0.4524460235036895,0.4524460235036895,0.6536670547147846,0.3433291684020547,0.7667439307063559,0.5911282545805208,0.37203445990722334,0.4084009421617378,0.8233009708737864,0.8150218765192028,0.8234081261370527,0.6864608076009501,0.8232868405093996,0.6864608076009501,0.8231655548817465,0.14596318307001013,0.8233009708737864,0.8023850085178875,0.8227019160805239,0.8218314129775621,0.8224378411158277,0.8231869997574581,0.8150218765192028,0.39860343322665115,0.8319569569569569,0.8402388951101157,0.9847081311571828,0.8398058252427184,0.8421378968253969,0.8384768541562967,0.8246527777777778,0.8326678312952334,0.8267726313175214,0.8324371639364762,0.6725361725361725,0.6642778390297684,0.22296926454445665,0.23341625207296848,0.012619608930800167,0.013076490438695163,0.6682718767198679,0.6725361725361725,0.24523085429914293,0.22296926454445665,0.012619608930800167,0.8358730951786161,0.8163463877402092,0.8247820672478207,0.8219144800777454,0.6537760416666667,0.6982977642276422,0.8402388951101157,0.8233009708737864,0.833976833976834,0.8225512804952058
D6_ms_only,0.021997250343707038,0.28413604766633566,0.2761833768169959,0.47401633259094283,0.4772473651580905,0.449397739972681,0.449397739972681,0.0,0.4462131575674667,0.4462131575674667,0.0,0.46058194478985326,0.46058194478985326,0.0,0.4403920109167597,0.0,0.0,0.4442928039702233,0.5375200890097663,0.0,0.6579174368453481,0.0,0.0,0.47987117552334946,0.5330445544554455,0.0,0.6584072978303748,0.0,0.02779864763335838,0.018295739348370928,0.023046092184368736,0.022670340681362724,0.017669172932330827,0.022670340681362724,0.009779338014042127,0.01053159478435306,0.02216933867735471,0.4826388888888889,0.4742204000496956,0.4886434156633983,0.0,0.4912891986062718,0.0,0.4887395794450666,0.0,0.4685792349726776,0.38064516129032255,0.004137412236710131,0.0048896690070210636,0.5162341732480883,0.0,0.6725951903807615,0.0,0.975357809583074,0.0,0.5359157578036856,0.0,0.9353146853146853,0.0,0.9814607440587284,0.0,0.9799651567944251,0.9722187771301004,0.9802729528535981,0.0,0.9850820487319741,0.9848258706467662,0.0,0.8928660513843851,0.8739401496259351,0.0,0.9871239321530271,0.9789800995024875,0.0,0.9748474660689826,0.9748474660689826,0.9829165635058182,0.9829165635058182,0.9752425976611098,0.9824257425742574,0.9744293376574779,0.9832879425600396,0.9652369638614481,0.9666504972107689,0.9531667071099248,0.966893039049236,0.950121359223301,0.9665332848308475,0.9531667071099248,0.9519708914493632,0.9528141678796701,0.9647144416151328,0.9633761823914625,0.9518262346802573,0.9725192738124845,0.9898901647528707,0.9519708914493632,0.9528141678796701,0.9633761823914625,0.9518262346802573,0.9643463497453311,0.9658016007761339,0.9667637069383794,0.9643420254699818,0.9667757972596096,0.6953259532595326,0.6953259532595326,0.9666504972107689,0.9653207226870377,0.988210474063043,0.9696707105719238,0.9915074309978769,0.9690479138293921,0.9872255984125016,0.9873496217288851,1.0,0.988210474063043,0.8432938240798503,1.0,0.9667757972596096,0.9660953800298062,0.7087657871701888,0.9850820487319741,0.8928660513843851,0.9542222776599726,0.981449203187251,0.7087657871701888,0.8492742835876442,0.8501491053677932,0.8384969515988553,0.6335380373480386,0.5914611243270315,0.7401850462615653,0.9840637450199203,0.9841584158415841,0.9679336387272502,0.9671907886591556,0.7401850462615653,0.8420072040740281,0.8472894181863292,0.8384969515988553,0.9844059405940594,0.9763086082857851,0.9430985215554727,0.45897948974487246,0.7181602299712536,0.9539033457249071,0.5051352705410822,0.7469128102781589,0.45240775484677925,0.9785643070787637,0.5879774577332498,0.9671805072103431,0.9739744701945718,0.47569053868266464,0.47569053868266464,0.47569053868266464,0.5580124223602484,0.35929868503443957,0.9109212934716291,0.5819040517027094,0.438552713661884,0.4807787698412698,0.9648314334222653,0.9546281693558171,0.9658057475445616,0.7208728886697078,0.9656844913301806,0.7208728886697078,0.9655632351157997,0.13863123589872148,0.9648314334222653,0.9410050983248361,0.9653207226870377,0.9642294167576089,0.9648356978295137,0.9658057475445616,0.9546281693558171,0.33696729435084244,0.9808414725770098,0.9850820487319741,0.8361065932691105,0.984950248756219,0.9842821782178218,0.9835861725938821,0.9678058444774641,0.9813912826277008,0.9671907886591556,0.9812288824928044,0.668447204968944,0.6600701402805611,0.2527622594661701,0.2663574830784658,0.048207663782447466,0.04905518708547116,0.6632908227056764,0.668447204968944,0.27500312930279136,0.2527622594661701,0.048207663782447466,0.9785643070787637,0.9546281693558171,0.9660953800298062,0.9635833940276766,0.7355258221833187,0.7740243902439025,0.9850820487319741,0.9648314334222653,0.9750372578241431,0.9638612660683968
D6_sar_only,0.02438136826783115,0.2868922032254153,0.27804049957560323,0.4772010671840893,0.47714320358918394,0.4479747756487994,0.4479747756487994,0.0,0.442760126121756,0.442760126121756,0.0,0.4567721595731781,0.4567721595731781,0.0,0.4405772495755518,0.0,0.0,0.4442153771525588,0.5407470288624788,0.0,0.6640795537230172,0.0,0.0,0.48132427843803055,0.5346834829008004,0.0,0.6639582828037837,0.0,0.028141678796700632,0.018195050946142648,0.023289665211062592,0.02292576419213974,0.017588549247937894,0.02292576419213974,0.009461426491994178,0.010189228529839884,0.022440562833575935,0.48241571671113265,0.47150133398011157,0.48684370073966293,0.0,0.4859915100060643,0.0,0.4838670548277535,0.0,0.4665292262915353,0.38183581908572817,0.004002911208151383,0.004730713245997089,0.49963609898107714,0.0,0.6519524617996605,0.0,0.9570753001091306,0.0,0.5184960582171013,0.0,0.9117254759306415,0.0,0.9635018794713229,0.0,0.9618042924699891,0.9607129865405603,0.9678671031890385,0.0,0.9687158966897054,0.9675033345458954,0.0,0.8730293475624545,0.8548563113859585,0.0,0.9786589062689462,0.9618042924699891,0.0,0.9556202255365588,0.9556202255365588,0.9754973313925279,0.9754973313925279,0.9576815811810355,0.9747787074087547,0.9518612828907481,0.9751424760518976,0.9383943730293476,0.9993935718617344,0.9849605821710128,0.9996361431170406,0.9814432989690721,0.9995148574893875,0.9849605821710128,0.9839941797017097,0.9848411350958041,0.9976955730745907,0.9956347762822845,0.9829028737722808,0.9559839941797017,0.9656844913301806,0.9839941797017097,0.9848411350958041,0.9956347762822845,0.9829028737722808,0.9968469560999272,0.99830220713073,0.9987872908076644,0.9966044142614601,0.9992724627137141,0.7041843541540328,0.7041843541540328,0.9993935718617344,0.9978173881411422,0.9751424760518976,0.9618042924699891,0.9660482599733237,0.9611933058452583,0.9753849884806597,0.9755062446950407,0.9667757972596096,0.9751424760518976,0.8239359767188068,0.9667757972596096,1.0,0.9521037953195102,0.6898726500909642,0.9687158966897054,0.8730293475624545,0.9322177761610283,0.962289317327513,0.6898726500909642,0.8407326540514314,0.8386705482775352,0.8243997089497939,0.6133414190418436,0.5737844064508306,0.7203492602473927,0.9648356978295137,0.9769557307459066,0.9603395997574288,0.9591366557536074,0.7203492602473927,0.8309483385884066,0.8385688295936932,0.8243997089497939,0.9769585253456221,0.9644719291863708,0.9291777831675964,0.44759825327510916,0.7000242600679282,0.944464653813508,0.490174672489083,0.731109763493026,0.4408732565191025,0.9577977201067184,0.5702158622362358,0.9512550018188433,0.9641038079068639,0.4647016011644833,0.4647016011644833,0.4647016011644833,0.5538573508005823,0.34910237748665696,0.9313689826603614,0.5764192139737991,0.4305808172668849,0.4804171213774706,0.9970898508548564,0.9861767915605675,0.9987871437234688,0.7256186317321689,0.9986658580958157,0.7256186317321689,0.9987869966035905,0.13426318981200727,0.9970898508548564,0.9718617343844754,0.9983020012128563,0.9972104305639782,0.9978168587022438,0.9985447489691972,0.9861767915605675,0.3410937310537165,0.9508852777104051,0.9687158966897054,0.8120528677094702,0.9676245907602765,0.9768372544263886,0.9670143099684696,0.9602134885977681,0.9562265066084636,0.9591366557536074,0.9524617996604414,0.6616933527413876,0.6402231926249393,0.25655021834061137,0.25785324439053975,0.0611353711790393,0.049369238233867054,0.646166909267346,0.6616933527413876,0.26761246513883835,0.25655021834061137,0.0611353711790393,0.9577977201067184,0.9866585809581565,0.9521037953195102,0.9944208611279564,0.7156196943972836,0.7968465736810187,0.9687158966897054,0.9970898508548564,0.9608342427549412,0.996361872422993
E1_base_GBM,0.020005064573309698,0.2829715146191492,0.274450721908349,0.4734474572035487,0.47689417658108957,0.4491280893237988,0.4491280893237988,0.0,0.4473651113067539,0.4473651113067539,0.0,0.4591439688715953,0.4591439688715953,0.0,0.43625,0.0,0.0,0.44036009002250565,0.5318407960199005,0.0,0.6480840543881335,0.0,0.0,0.4745635910224439,0.5267612646253423,0.0,0.6483679525222552,0.0,0.02718150641432745,0.01702452039130987,0.02223069105691057,0.02120096483432779,0.016518424396442185,0.02120096483432779,0.009415956228527802,0.01005089058524173,0.02173084254670225,0.4801150575287644,0.4734663153933007,0.4833833083458271,0.0,0.48473091364205256,0.0,0.48216743836816417,0.0,0.46832266967758124,0.3801880877742947,0.0036900369003690036,0.004197939193486834,0.5172326406487583,0.0,0.6769737675833227,0.0,0.9627414330218068,0.0,0.5396623937047849,0.0,0.9245306633291615,0.0,0.9656716417910448,0.0,0.9651524579962664,0.9706543456543456,0.9728484244613277,0.0,0.9671052631578947,0.9661080074487896,0.0,0.8829414707353677,0.8660658405307298,0.0,0.9714108910891089,0.9661312414394222,0.0,0.9614905284147557,0.9614905284147557,0.968912558830815,0.968912558830815,0.9623863494831236,0.9684249628528975,0.9568954777625513,0.9683089873731121,0.9452413621055258,0.9522134627046694,0.9394270453993688,0.9522192578219743,0.9359067734887109,0.9518612828907481,0.9394270453993688,0.9375303250849102,0.9386071341907304,0.9502789231142372,0.9491751576904416,0.937143550539983,0.9550422255340288,0.9652217115886226,0.9375303250849102,0.9386071341907304,0.9491751576904416,0.937143550539983,0.9506187818490658,0.9516011644832606,0.9520863658418244,0.9501395123134782,0.9523405287412079,0.6845869297163996,0.6845869297163996,0.9522134627046694,0.9508852777104051,0.9709929341762737,0.9561446977205154,0.9648621802830891,0.9543090638930164,0.9707522617424712,0.9701437066402379,0.9660953800298062,0.9709929341762737,0.8247820672478207,0.9660953800298062,0.9521037953195102,1.0,0.7096692754354961,0.9671052631578947,0.8829414707353677,0.9478762059892244,0.9629629629629629,0.7096692754354961,0.8480189976252969,0.8435900636624641,0.8243495580729491,0.6337297570850202,0.5965001268069997,0.7400681044267877,0.9636205612118202,0.9696707105719238,0.9531946508172363,0.9536612563498947,0.7400681044267877,0.8374765771392879,0.8444055944055944,0.8243495580729491,0.969674464661468,0.9615432328495224,0.9299838328566099,0.4649156198451973,0.7096612296110414,0.9485678704856787,0.5098362736387867,0.7521453811206461,0.458248730964467,0.9610405775454319,0.5929731100963977,0.9518955873213176,0.9609229624116115,0.482994923857868,0.482994923857868,0.482994923857868,0.5514614039470397,0.3580918638491712,0.9019583843329253,0.576663331665833,0.43653991437924955,0.4800901577761082,0.9508674026446682,0.9406553398058253,0.9516070345664038,0.7046938524085253,0.9514857489387507,0.7046938524085253,0.9508912331757002,0.13844785977391083,0.9508674026446682,0.9270188221007893,0.9508852777104051,0.9502668607472101,0.9504001940334708,0.9513703613873393,0.9406553398058253,0.3352102102102102,0.9549190535491905,0.9671052631578947,0.8161966558522585,0.9659880834160874,0.9697945035899975,0.9663395851447025,0.9533069110725787,0.9596713965646004,0.9536612563498947,0.9565379825653798,0.660222028190096,0.6455331412103746,0.25456146973700766,0.2672337184207185,0.04631368131180373,0.04714828897338403,0.650018775816748,0.660222028190096,0.27679817328428263,0.25456146973700766,0.04631368131180373,0.9610405775454319,0.9411264870114106,1.0,0.9503158406219631,0.7358062074186222,0.7718005404077622,0.9671052631578947,0.9508674026446682,0.9661143640214277,0.9506067961165049
E1_base_LGBM,0.020620343094784267,0.24390243902439024,0.23913718187461205,0.4068985676702718,0.3984601975595584,0.39367389367389366,0.39367389367389366,0.0,0.3817482620914066,0.3817482620914066,0.0,0.38451405152224827,0.38451405152224827,0.0,0.3532656023222061,0.0,0.0,0.3554557310534705,0.4146341463414634,0.0,0.482607541157727,0.0,0.0,0.38972809667673713,0.41357592722183345,0.0,0.4824747742963356,0.0,0.03225244072524407,0.019200558561703614,0.02617344268016053,0.023506877938359743,0.018327805899807995,0.023506877938359743,0.01122216377345257,0.012274241627213748,0.025130890052356022,0.4078334304018637,0.41575524682234705,0.43276752767527676,0.0,0.423935389133627,0.0,0.4176065621795811,0.0,0.398533724340176,0.3270789552686881,0.00403579575364099,0.004736011226100684,0.6184818481848184,0.0,0.7701535508637236,0.0,0.7200557103064067,0.0,0.6381719546276509,0.0,0.7516573853089367,0.0,0.7152559426487234,0.0,0.7165175759102935,0.714087876117336,0.7113892365456821,0.0,0.7118368368368369,0.7125140924464487,0.0,0.7433053827427644,0.7464364035087719,0.0,0.7046073817190983,0.7169502205419029,0.0,0.720060828792295,0.720060828792295,0.7046554934823092,0.7046554934823092,0.7185128983308042,0.7038094056334533,0.7187460337606295,0.703125,0.7172634271099744,0.6901237563698132,0.6834470989761092,0.6899563318777293,0.6819624115206249,0.6900400339682154,0.6834470989761092,0.6835751737592977,0.681314668289714,0.6892449623695072,0.6884867622054894,0.6820675362672193,0.7050992213011806,0.7097783898835608,0.6835751737592977,0.681314668289714,0.6884867622054894,0.6820675362672193,0.6894583434539714,0.6896844660194175,0.6901699029126214,0.689625850340136,0.6898726500909642,0.5198307773664728,0.5198307773664728,0.6901237563698132,0.6896468017963345,0.707147296457427,0.6979062811565304,0.708870261478794,0.6968224299065421,0.7069715421896359,0.7068836978131213,0.7087657871701888,0.707147296457427,0.6216883116883117,0.7087657871701888,0.6898726500909642,0.7096692754354961,1.0,0.7118368368368369,0.7433053827427644,0.7381137957911146,0.7165889910568082,1.0,0.6657866948257656,0.6757080175508576,0.646756329113924,0.665943264610138,0.7029897075641235,0.7999071494893222,0.7142677719166038,0.7042777433353998,0.696969696969697,0.6970679975046787,0.7999071494893222,0.67776886035313,0.668078348332451,0.646756329113924,0.7038919186911254,0.7089542892924233,0.7060176312763511,0.5292678949942932,0.606842400448682,0.7055921052631579,0.5385831752055661,0.6585987261146496,0.5212071778140294,0.7177347996460625,0.7209802947507865,0.714195264024313,0.7100413689356901,0.40371571807726336,0.40371571807726336,0.40371571807726336,0.45729714366917723,0.37072,0.6691213180229656,0.4621201512393222,0.3620689655172414,0.3631742445636826,0.6899441340782123,0.6861812416148311,0.6899271844660194,0.5950526171928386,0.6900109236557834,0.5950526171928386,0.6896844660194175,0.1332110703567856,0.6899441340782123,0.6797009070850699,0.6896468017963345,0.6895797911100315,0.6895714459147748,0.6899271844660194,0.6861812416148311,0.2833861475780896,0.7144305080451032,0.7118368368368369,0.6260664129150807,0.7122103944896682,0.7041904289610712,0.7126206291515228,0.6968071838363682,0.7133123028391167,0.6970679975046787,0.7143399569674724,0.5096179897046871,0.515616362631288,0.24010805657079295,0.24996001919078842,0.052515295717199185,0.053577601106118214,0.5175644028103045,0.5096179897046871,0.25700190961171226,0.24010805657079295,0.052515295717199185,0.7177347996460625,0.6882403223836854,0.7096692754354961,0.6896593673965937,0.8092711097237396,0.6219076597433523,0.7118368368368369,0.6899441340782123,0.7135665743770451,0.6902041808458921
E1_base_RF,0.022208359326263256,0.2854838709677419,0.2770605759682224,0.47417202174987644,0.4766679044436193,0.4492250464972102,0.4492250464972102,0.0,0.4456859093730602,0.4456859093730602,0.0,0.4591241781416698,0.4591241781416698,0.0,0.4372064276885043,0.0,0.0,0.4425194901621087,0.5349439171699741,0.0,0.6554012535332432,0.0,0.0,0.4781910292845669,0.5301011596348384,0.0,0.6558888615687238,0.0,0.02890028775178281,0.018513885414060547,0.023895908920305266,0.02339254440830623,0.017888416312234177,0.02339254440830623,0.00975975975975976,0.010510510510510511,0.022892169126845135,0.4833353983397349,0.47437647350787937,0.4902593373867726,0.0,0.4917951268025858,0.0,0.48906288839174744,0.0,0.46892445106066244,0.3814305194000248,0.004129129129129129,0.00487987987987988,0.5153903903903904,0.0,0.6729229229229229,0.0,0.9800598205383848,0.0,0.535035035035035,0.0,0.9407055291468601,0.0,0.9893922376138774,0.0,0.9856626355815983,0.9744480277846688,0.9817663110890598,0.0,1.0,0.9932617918642376,0.0,0.8972277722277723,0.877808287568647,0.0,0.989104865667946,0.9841783979070636,0.0,0.9797979797979798,0.9797979797979798,0.9844059405940594,0.9844059405940594,0.9796960637767813,0.9844059405940594,0.9769182782283219,0.9850228988736229,0.9630646368854504,0.9683521280465623,0.955345225094042,0.9685946404753244,0.9520631067961165,0.9684733842609434,0.955345225094042,0.9541484716157205,0.9549921145214121,0.9666545410452285,0.9650782102582758,0.9532937037486352,0.9715669232679414,0.9832235615757425,0.9541484716157205,0.9549921145214121,0.9650782102582758,0.9532937037486352,0.966525166767738,0.967741935483871,0.968465736810188,0.966044142614601,0.9687158966897054,0.6950006141751628,0.6950006141751628,0.9683521280465623,0.9672608221171335,0.992668986083499,0.9716513988611042,0.9845828670893945,0.9702970297029703,0.991185599006828,0.9925465838509316,0.9850820487319741,0.992668986083499,0.8402388951101157,0.9850820487319741,0.9687158966897054,0.9671052631578947,0.7118368368368369,1.0,0.8972277722277723,0.9608652163040761,0.9916239529941243,0.7118368368368369,0.8491945477075589,0.8514470252142591,0.8400298544595098,0.6328828828828829,0.5922682347053672,0.7434934934934935,0.9927545284197377,0.9863844535214754,0.9691831683168317,0.9689279524634811,0.7434934934934935,0.8426213230731041,0.8481279444582197,0.8400298544595098,0.9863861386138614,0.9800124146492861,0.945811583395476,0.4607977991746905,0.7197301012120455,0.9549170175873173,0.504125,0.7489085692902582,0.4542271135567784,0.9832771745912892,0.5883898411109721,0.9716206123973115,0.9791459781529295,0.47107129525942515,0.47107129525942515,0.47107129525942515,0.5553628932375526,0.3592597223958985,0.9131071515743227,0.579573624194348,0.4396508728179551,0.48184409468335604,0.9665332848308475,0.9556202255365588,0.9677458469746575,0.7249722256511542,0.9678632064031045,0.7249722256511542,0.9675033345458954,0.13821138211382114,0.9665332848308475,0.9420043678718758,0.9672608221171335,0.9661695161877046,0.9667757972596096,0.9677458469746575,0.9556202255365588,0.3366312144447193,0.9751777472870151,1.0,0.8335205291401473,0.9948801198801199,0.9862623762376238,0.991519082065353,0.9688118811881188,0.9819044053413204,0.9689279524634811,0.9770459081836327,0.6652631578947369,0.6562656015976036,0.2535036586878333,0.26566604127579735,0.049796120103793404,0.05066299724793595,0.6640429785107447,0.6652631578947369,0.2760475297060663,0.2535036586878333,0.049796120103793404,0.9832771745912892,0.9558573853989814,0.9671052631578947,0.9655256130128672,0.7381786339754816,0.7735963950797711,1.0,0.9665332848308475,0.9789905519641969,0.9658016007761339
E1_base_XGB,0.021247240618101546,0.2672139830508475,0.26105430885672554,0.45177267987486963,0.45190302398331594,0.4360832894043226,0.4360832894043226,0.0,0.42384887839433294,0.42384887839433294,0.0,0.433742812336644,0.433742812336644,0.0,0.41925343811394894,0.0,0.0,0.41872307089698396,0.5028350515463917,0.0,0.6083978180895598,0.0,0.0,0.4584856396866841,0.5035607924381716,0.0,0.6088832487309644,0.0,0.030214830214830214,0.018426156830146857,0.024386864348067062,0.022695820647661222,0.017874463073299155,0.022695820647661222,0.01013044684984735,0.01096308631695809,0.023275145469659187,0.45870841487279845,0.4526522593320236,0.4688400104739461,0.0,0.4704184704184704,0.0,0.4683112452434064,0.0,0.4478511530398323,0.363851929917007,0.004303762321255033,0.004857737682165163,0.5445490517123754,0.0,0.700784207679827,0.0,0.900906572651725,0.0,0.5617090760647707,0.0,0.8948519948519948,0.0,0.9004014049172102,0.0,0.9074984247006931,0.8868654110016215,0.8942247723587377,0.0,0.8972277722277723,0.8981122640330041,0.0,1.0,0.8627809722948249,0.0,0.8909383510769993,0.9000753201104695,0.0,0.9133688483003551,0.9133688483003551,0.8890816705911513,0.8890816705911513,0.8998616178135614,0.8883795837462835,0.8966864054428625,0.888283378746594,0.8898305084745762,0.872892662219527,0.8634318375288824,0.8731352334748332,0.8599051441079898,0.8730139478471801,0.8634318375288824,0.8613608748481166,0.8619684082624545,0.8711946634323833,0.870071575882567,0.8611718939946511,0.8845865600799401,0.8912718204488778,0.8613608748481166,0.8619684082624545,0.870071575882567,0.8611718939946511,0.8728597449908926,0.8722707423580786,0.8738924626775094,0.8726168791742562,0.8728022311143446,0.6463738767244652,0.6463738767244652,0.872892662219527,0.8718010915706489,0.8941483414088707,0.8830554864394128,0.8921177350960339,0.8775130305286671,0.8936910084451068,0.8938152011922503,0.8928660513843851,0.8941483414088707,0.7760720629281909,0.8928660513843851,0.8730293475624545,0.8829414707353677,0.7433053827427644,0.8972277722277723,1.0,0.9250258531540848,0.897956625297731,0.7433053827427644,0.8037013401403956,0.8114733059548255,0.7840214067278287,0.6468296614723267,0.6228416043507817,0.7760810810810811,0.9001127960897356,0.8896457765667575,0.8768619662363456,0.8810205351586807,0.7760810810810811,0.8049312957493258,0.8083525493210351,0.7840214067278287,0.8896594427244582,0.8893182101458308,0.8714591464182299,0.48358534259637653,0.7021388269256004,0.8724865742475334,0.5220687787706472,0.7319020814242702,0.4764305177111717,0.8978258137489004,0.6221556070309306,0.8917661847894406,0.8931784107946027,0.44929059379926434,0.44929059379926434,0.44929059379926434,0.5393772893772893,0.36905732138005976,0.8308733087330873,0.5525392908169893,0.40551489806586516,0.4342967244701349,0.8722087378640777,0.8642275434544792,0.8727405070969307,0.7076424870466321,0.8728463965057025,0.7076424870466321,0.872497876986534,0.1315538608198284,0.8722087378640777,0.8525508340435894,0.8722552468761373,0.871390439213783,0.8719970880854162,0.8725133430373605,0.8642275434544792,0.31525735294117646,0.8911376492771842,0.8972277722277723,0.7764856230031949,0.8975256185953512,0.8893016344725111,0.8968878890138733,0.8767225325884543,0.895014441793294,0.8810205351586807,0.8906328478151683,0.6248555655411477,0.6238126219908914,0.24279615795090714,0.25528192706230657,0.050443081117927745,0.0512643360508498,0.6289169158756989,0.6248555655411477,0.26288244766505636,0.24279615795090714,0.050443081117927745,0.8978258137489004,0.8662691652470187,0.8829414707353677,0.8713244228432564,0.7691373025516404,0.7395478085133258,0.8972277722277723,0.8722087378640777,0.8938407611417125,0.8705568361033604
E1_soft_voting,0.021485891793942533,0.28283601122162716,0.27482767424049015,0.46577587293583766,0.4694212787465252,0.44340220560273796,0.44340220560273796,0.0,0.4381338742393509,0.4381338742393509,0.0,0.4500253036437247,0.4500253036437247,0.0,0.42986996591339477,0.0,0.0,0.43257222152138264,0.5210915008136188,0.0,0.6328580285182889,0.0,0.0,0.46950604838709675,0.5174921630094044,0.0,0.6331390301376659,0.0,0.02922837100545596,0.017915098013760872,0.0238992076893103,0.022978060495910686,0.01753019088430074,0.022978060495910686,0.009879110880020798,0.01065904068633823,0.022724321516686144,0.47454200884396713,0.4672494615482073,0.48440669371196754,0.0,0.4880437547697787,0.0,0.48468285242150755,0.0,0.46224024328433855,0.37636455953287634,0.004160166406656267,0.004678970626462178,0.5337662337662338,0.0,0.6977136918680177,0.0,0.9653259361997226,0.0,0.5551656920077973,0.0,0.954393627954779,0.0,0.963837267704671,0.0,0.9692501575299307,0.9516370907273182,0.9568093870927474,0.0,0.9608652163040761,0.9615769712140175,0.0,0.9250258531540848,0.8878361075544174,0.0,0.9518385539185341,0.9640522875816994,0.0,0.9740177439797212,0.9740177439797212,0.9495662949194548,0.9495662949194548,0.9619982383289292,0.9486004458756503,0.9584225778001764,0.9482481119227436,0.9478667003282,0.9320882852292021,0.9209183673469388,0.9323308270676691,0.9173955296404276,0.9322095561484356,0.9209183673469388,0.9192667233215976,0.9191747572815534,0.9303904923599321,0.9292819019893256,0.919106036681647,0.941667705347127,0.9526125452051378,0.9192667233215976,0.9191747572815534,0.9292819019893256,0.919106036681647,0.9311893203883496,0.9317079087821446,0.9326619752487261,0.9304780393108468,0.9322177761610283,0.6705445544554456,0.6705445544554456,0.9320882852292021,0.9309968469561,0.9552683896620279,0.9367873078829946,0.9524996883181648,0.9337625355948991,0.9550310559006211,0.9551552795031056,0.9542222776599726,0.9552683896620279,0.8161193281524192,0.9542222776599726,0.9322177761610283,0.9478762059892244,0.7381137957911146,0.9608652163040761,0.9250258531540848,1.0,0.964061321940186,0.7381137957911146,0.8367039316668761,0.8398841017888637,0.8193345888261142,0.6501423763914056,0.613556680950526,0.7698299363884201,0.9637390213299875,0.9496100037142503,0.9326482604927572,0.9340604858701042,0.7698299363884201,0.8323255228017132,0.8340030135610246,0.8193345888261142,0.9496162416439713,0.9482071713147411,0.9241854636591479,0.47575207468879666,0.7170918367346939,0.9315119760479041,0.5163500064624531,0.7569471123063132,0.46894047464660876,0.9613787897848786,0.6101584827227852,0.9479754293594083,0.950498753117207,0.4709562109025916,0.4709562109025916,0.4709562109025916,0.5427312775330396,0.3656803204548391,0.8818849449204407,0.562994598668509,0.4301157319089406,0.46376993595378624,0.9314403591797112,0.9216852841185041,0.9314819306330342,0.7205234679753366,0.9315949060036386,0.7205234679753366,0.931239388794567,0.13961922030825022,0.9314403591797112,0.906640767269637,0.9312310491206792,0.9301394784718011,0.9305117632791656,0.9312477264459803,0.9216852841185041,0.3330373001776199,0.9529796328891124,0.9608652163040761,0.8172749084480364,0.960720540405304,0.9492511449436811,0.9603353353353353,0.9327554179566564,0.9580243810481337,0.9340604858701042,0.953140703517588,0.6434554319289911,0.6447685478757134,0.2542849833717063,0.26814776543528807,0.049833461439918014,0.050596782563570315,0.6505642196018765,0.6434554319289911,0.27705404359602737,0.2542849833717063,0.049833461439918014,0.9613787897848786,0.9226190476190477,0.9478762059892244,0.9299247024532427,0.7620220349967596,0.7622636846657606,0.9608652163040761,0.9314403591797112,0.9544487548492053,0.9297671033478894
E1_stacking_LogReg,0.022099447513812154,0.285286783042394,0.2774588117823265,0.47399776591783543,0.4761372110365399,0.44966359332170447,0.44966359332170447,0.0,0.44556677890011226,0.44556677890011226,0.0,0.4585201793721973,0.4585201793721973,0.0,0.43526785714285715,0.0,0.0,0.4398808785209083,0.5310532164464749,0.0,0.6492931776275354,0.0,0.0,0.4754707631318137,0.5267647422425517,0.0,0.649575802286979,0.0,0.029093198992443326,0.018509191639385546,0.024055415617128463,0.023419793502895997,0.017879627297909845,0.023419793502895997,0.009824914976697317,0.010580677667212495,0.022916142029715435,0.4826470954098768,0.47365142643577923,0.49108367626886146,0.0,0.49300174956260934,0.0,0.48932450992633286,0.0,0.4679950186799502,0.38136754265786527,0.0041566947978334805,0.004912457488348659,0.5188310870386699,0.0,0.677415291598438,0.0,0.9803651825912957,0.0,0.5386068774404836,0.0,0.9469840070520086,0.0,0.986496624156039,0.0,0.9822677322677322,0.9688508314718293,0.9766633565044687,0.0,0.9916239529941243,0.9906226556639159,0.0,0.897956625297731,0.8801103586656635,0.0,0.9825430233997772,0.9822677322677322,0.0,0.9776277965254343,0.9776277965254343,0.9780913479391014,0.9780913479391014,0.978021978021978,0.9778465346534654,0.9779559118236473,0.9784626810248793,0.9642946629917314,0.9621634731991269,0.9496236950716194,0.962168061113132,0.9463396867791671,0.962046804898751,0.9496236950716194,0.9477195536147501,0.9485624165958996,0.9604656803298569,0.9586516308960834,0.9473364882902561,0.968897735755163,0.979342956694873,0.9477195536147501,0.9485624165958996,0.9586516308960834,0.9473364882902561,0.960334788937409,0.96155245603396,0.9620375985445725,0.9598544572468163,0.962289317327513,0.6891128041287786,0.6891128041287786,0.9619255486843701,0.9608342427549412,0.9860834990059643,0.9653336634889191,0.9807021912350598,0.9639806906795395,0.9858385093167702,0.9859627329192546,0.981449203187251,0.9860834990059643,0.8361574881634687,0.981449203187251,0.962289317327513,0.9629629629629629,0.7165889910568082,0.9916239529941243,0.897956625297731,0.964061321940186,1.0,0.7165889910568082,0.8451420771807917,0.8489978837296154,0.8403046572605819,0.6371079481042953,0.5962216624685138,0.7484569845068648,0.9913577154308617,0.9798242356727318,0.9628666914222057,0.9626098799059056,0.7484569845068648,0.8403831798954964,0.8440720049658598,0.8403046572605819,0.9798267326732674,0.9753945569777557,0.9447837467281566,0.46313537996980375,0.7243114073701421,0.9517369727047147,0.5063498051049918,0.7519127053806597,0.45670777749811226,0.9845883974439293,0.5923173803526448,0.9684538653366583,0.9752641392169049,0.4701473894579066,0.4701473894579066,0.4701473894579066,0.552066526002234,0.3611425695230905,0.9082692072798338,0.5747611366174463,0.43968432919954903,0.47747300484051136,0.9601067054686553,0.9496664645239539,0.9613192676124651,0.7310370554588411,0.9614358476837255,0.7310370554588411,0.9610767551837032,0.13913371946612943,0.9601067054686553,0.9358087610726854,0.9608342427549412,0.9597429368255123,0.9603492178974172,0.9613192676124651,0.9496664645239539,0.3360248447204969,0.9752190237797247,0.9916239529941243,0.8340015033826109,0.99025,0.9797029702970297,0.9876358186586737,0.9624953583364277,0.9819684447783621,0.9626098799059056,0.9773410115172759,0.6593161546085233,0.6554358717434869,0.2550243415303957,0.2675985392267976,0.04999378186792688,0.050868798791236465,0.662406015037594,0.6593161546085233,0.2775679758308157,0.2550243415303957,0.04999378186792688,0.9845883974439293,0.9496664645239539,0.9629629629629629,0.9590920126244235,0.7433249370277079,0.7695121951219512,0.9916239529941243,0.9601067054686553,0.9736285607662645,0.9593742420567548
E2_LightGBM_all,0.020620343094784267,0.24390243902439024,0.23913718187461205,0.4068985676702718,0.3984601975595584,0.39367389367389366,0.39367389367389366,0.0,0.3817482620914066,0.3817482620914066,0.0,0.38451405152224827,0.38451405152224827,0.0,0.3532656023222061,0.0,0.0,0.3554557310534705,0.4146341463414634,0.0,0.482607541157727,0.0,0.0,0.38972809667673713,0.41357592722183345,0.0,0.4824747742963356,0.0,0.03225244072524407,0.019200558561703614,0.02617344268016053,0.023506877938359743,0.018327805899807995,0.023506877938359743,0.01122216377345257,0.012274241627213748,0.025130890052356022,0.4078334304018637,0.41575524682234705,0.43276752767527676,0.0,0.423935389133627,0.0,0.4176065621795811,0.0,0.398533724340176,0.3270789552686881,0.00403579575364099,0.004736011226100684,0.6184818481848184,0.0,0.7701535508637236,0.0,0.7200557103064067,0.0,0.6381719546276509,0.0,0.7516573853089367,0.0,0.7152559426487234,0.0,0.7165175759102935,0.714087876117336,0.7113892365456821,0.0,0.7118368368368369,0.7125140924464487,0.0,0.7433053827427644,0.7464364035087719,0.0,0.7046073817190983,0.7169502205419029,0.0,0.720060828792295,0.720060828792295,0.7046554934823092,0.7046554934823092,0.7185128983308042,0.7038094056334533,0.7187460337606295,0.703125,0.7172634271099744,0.6901237563698132,0.6834470989761092,0.6899563318777293,0.6819624115206249,0.6900400339682154,0.6834470989761092,0.6835751737592977,0.681314668289714,0.6892449623695072,0.6884867622054894,0.6820675362672193,0.7050992213011806,0.7097783898835608,0.6835751737592977,0.681314668289714,0.6884867622054894,0.6820675362672193,0.6894583434539714,0.6896844660194175,0.6901699029126214,0.689625850340136,0.6898726500909642,0.5198307773664728,0.5198307773664728,0.6901237563698132,0.6896468017963345,0.707147296457427,0.6979062811565304,0.708870261478794,0.6968224299065421,0.7069715421896359,0.7068836978131213,0.7087657871701888,0.707147296457427,0.6216883116883117,0.7087657871701888,0.6898726500909642,0.7096692754354961,1.0,0.7118368368368369,0.7433053827427644,0.7381137957911146,0.7165889910568082,1.0,0.6657866948257656,0.6757080175508576,0.646756329113924,0.665943264610138,0.7029897075641235,0.7999071494893222,0.7142677719166038,0.7042777433353998,0.696969696969697,0.6970679975046787,0.7999071494893222,0.67776886035313,0.668078348332451,0.646756329113924,0.7038919186911254,0.7089542892924233,0.7060176312763511,0.5292678949942932,0.606842400448682,0.7055921052631579,0.5385831752055661,0.6585987261146496,0.5212071778140294,0.7177347996460625,0.7209802947507865,0.714195264024313,0.7100413689356901,0.40371571807726336,0.40371571807726336,0.40371571807726336,0.45729714366917723,0.37072,0.6691213180229656,0.4621201512393222,0.3620689655172414,0.3631742445636826,0.6899441340782123,0.6861812416148311,0.6899271844660194,0.5950526171928386,0.6900109236557834,0.5950526171928386,0.6896844660194175,0.1332110703567856,0.6899441340782123,0.6797009070850699,0.6896468017963345,0.6895797911100315,0.6895714459147748,0.6899271844660194,0.6861812416148311,0.2833861475780896,0.7144305080451032,0.7118368368368369,0.6260664129150807,0.7122103944896682,0.7041904289610712,0.7126206291515228,0.6968071838363682,0.7133123028391167,0.6970679975046787,0.7143399569674724,0.5096179897046871,0.515616362631288,0.24010805657079295,0.24996001919078842,0.052515295717199185,0.053577601106118214,0.5175644028103045,0.5096179897046871,0.25700190961171226,0.24010805657079295,0.052515295717199185,0.7177347996460625,0.6882403223836854,0.7096692754354961,0.6896593673965937,0.8092711097237396,0.6219076597433523,0.7118368368368369,0.6899441340782123,0.7135665743770451,0.6902041808458921
E2_LightGBM_card,0.018566123964581547,0.2494961708988311,0.24135611462397416,0.45158274342193133,0.4561897106109325,0.42472181257541225,0.42472181257541225,0.0,0.4181964357496985,0.4181964357496985,0.0,0.4313804173354735,0.4313804173354735,0.0,0.42475728155339804,0.0,0.0,0.42764753435731606,0.5112762005837093,0.0,0.6170185040396143,0.0,0.0,0.4613941018766756,0.5106553010122536,0.0,0.6173096976016684,0.0,0.029166666666666667,0.016946718368519315,0.024302559677883234,0.020934901061084026,0.0171050740261607,0.020934901061084026,0.00965139729184673,0.010661287998847429,0.022413793103448276,0.4614251272435039,0.4544354838709677,0.4450310149135542,0.0,0.453301448120101,0.0,0.451741558096251,0.0,0.4559697460831983,0.3536045106725735,0.0033136435672093357,0.004322766570605188,0.48781473003904674,0.0,0.6247360084477297,0.0,0.8487531172069825,0.0,0.5042953020134228,0.0,0.8166163901458019,0.0,0.8479880774962743,0.0,0.8501555693839452,0.8504172375140117,0.8533797216699801,0.0,0.8491945477075589,0.8491010539367638,0.0,0.8037013401403956,0.793280328289305,0.0,0.8572843173660106,0.8499253359880538,0.0,0.8491013479780329,0.8491013479780329,0.8613873694679264,0.8613873694679264,0.8484546360917248,0.8616187989556136,0.8378915962207857,0.8555321521496717,0.8286177240433753,0.8408153360834749,0.8301519756838905,0.8406113537117904,0.8284045271997079,0.8407133325245663,0.8301519756838905,0.83055589344362,0.8307187157971543,0.8404565322972317,0.8395481598445281,0.829683698296837,0.8416604523987075,0.8483870967741935,0.83055589344362,0.8307187157971543,0.8395481598445281,0.829683698296837,0.8402963322807869,0.8410829185383027,0.840451346760495,0.8400534369686665,0.8405093996361431,0.6642278547164882,0.6642278547164882,0.8408153360834749,0.841958211856171,0.8539242386729389,0.8494650410549888,0.8478422619047619,0.8428624581421307,0.8541718247090864,0.8542956177271602,0.8492742835876442,0.8539242386729389,0.7632930901618289,0.8492742835876442,0.8407326540514314,0.8480189976252969,0.6657866948257656,0.8491945477075589,0.8037013401403956,0.8367039316668761,0.8451420771807917,0.6657866948257656,1.0,0.8494523109804969,0.7411869135176262,0.5717094913476665,0.5604601391118245,0.7018773135906927,0.8470602828082362,0.8601216333622936,0.8438043208343681,0.847417548226509,0.7018773135906927,0.8424218123496391,0.8853485838779956,0.7411869135176262,0.8601389923057831,0.8515110060937694,0.8314719538210565,0.4567274722260321,0.6841686555290374,0.8463757210935541,0.49380530973451325,0.7093115273015036,0.44872497943515216,0.846718964014444,0.5604881974248928,0.8466824940647257,0.8545794392523365,0.4616324867581149,0.4616324867581149,0.4616324867581149,0.5637921653971708,0.3553958822716595,0.8036529680365296,0.566925965665236,0.3779734524904718,0.42078497848480895,0.8410057087331471,0.8367670364500792,0.8408787474208035,0.6895198220594008,0.8409808205875212,0.6895198220594008,0.8408594319009468,0.12465025181869055,0.8410057087331471,0.8210064579017912,0.8410636231180184,0.841088567610254,0.8410250182171484,0.8413257253854559,0.8367670364500792,0.3016826923076923,0.8364201367308888,0.8491945477075589,0.7531832797427652,0.8489957847756013,0.8600148920327625,0.8497332175207842,0.8438897168405365,0.8405365126676602,0.847417548226509,0.838036047234307,0.6366279069767442,0.6177288989002253,0.2193017926944332,0.23070652173913042,0.04940014114326041,0.0500858614768174,0.6227164416203336,0.6366279069767442,0.23811458756603007,0.2193017926944332,0.04940014114326041,0.846718964014444,0.8455414012738853,0.8480189976252969,0.8409782211947926,0.6929165017807677,0.7779826178562023,0.8491945477075589,0.8410057087331471,0.8519257135734762,0.8413759572140513
E2_LightGBM_card+coh,0.02036426215402266,0.24287053153032534,0.23740427247077792,0.4435280031927631,0.4546916890080429,0.42492613483749664,0.42492613483749664,0.0,0.42412398921832883,0.42412398921832883,0.0,0.439310251919709,0.439310251919709,0.0,0.4282426211751963,0.0,0.0,0.42805075593952485,0.5136393878908849,0.0,0.6150136843477128,0.0,0.0,0.46441544463877305,0.5114106499399439,0.0,0.6148833572266389,0.0,0.029534649185996253,0.018307625774830617,0.023919308357348703,0.02245573628904563,0.01744018449120784,0.02245573628904563,0.009820912767186597,0.010687463893703062,0.023205534736235225,0.45993031358885017,0.4517602794947595,0.449867374005305,0.0,0.4552964690206529,0.0,0.45141107561235355,0.0,0.4487818010499394,0.3502347417840376,0.0039017341040462426,0.004914004914004914,0.49498644986449863,0.0,0.6298064173959163,0.0,0.851018622672166,0.0,0.5072737068965517,0.0,0.8218071680969208,0.0,0.8500124470998257,0.0,0.8510346546995762,0.8460007463614877,0.8514974524667578,0.0,0.8514470252142591,0.8508946322067594,0.0,0.8114733059548255,0.8003351379221448,0.0,0.8558692421991084,0.8528824557025206,0.0,0.8492876780804799,0.8492876780804799,0.8590428837787446,0.8590428837787446,0.8486398802096331,0.8590428837787446,0.8419608332293875,0.8538852398066675,0.8322080520130033,0.8383066472586124,0.8300876338851022,0.8385492479378942,0.8287838167194735,0.8386509765861944,0.8300876338851022,0.8280432932019944,0.8290962170052305,0.8383924235065566,0.8383764734475635,0.8289505721938154,0.8409203980099502,0.8474239602731223,0.8280432932019944,0.8290962170052305,0.8383764734475635,0.8289505721938154,0.8384549981780639,0.8385726423109601,0.8383887405969425,0.837765634486946,0.83844754396604,0.6681091004458432,0.6681091004458432,0.8387527299199223,0.8398931000971818,0.8531962338949455,0.8545023104783315,0.8482553085806531,0.8485490098393325,0.8532144184318098,0.8533382881208968,0.8501491053677932,0.8531962338949455,0.7654177932277585,0.8501491053677932,0.8386705482775352,0.8435900636624641,0.6757080175508576,0.8514470252142591,0.8114733059548255,0.8398841017888637,0.8489978837296154,0.6757080175508576,0.8494523109804969,1.0,0.7634049119197635,0.5756778099499869,0.5676221235365362,0.7157346857066595,0.85,0.8580116668735261,0.8490401396160558,0.8529117720569858,0.7157346857066595,0.8742172610944732,0.845835557928457,0.7634049119197635,0.8580292876644329,0.8503172825681224,0.8297979164051713,0.4551941814189653,0.6967629748528625,0.8444751034742255,0.5017135023989033,0.7095495971470083,0.4473864727671834,0.8489765351972042,0.569151809832523,0.8484848484848485,0.8538471131063724,0.4504589632829374,0.4504589632829374,0.4504589632829374,0.5734649122807017,0.36075597554196775,0.8017773389286595,0.5692762980898574,0.37682493752466134,0.416720927204063,0.8393876807192322,0.8342474101157831,0.8388153902172594,0.710118021482562,0.8386940162641098,0.710118021482562,0.8390190603375015,0.11992182046628508,0.8393876807192322,0.8269489658548526,0.8387762534903485,0.8392466585662212,0.8387370977534911,0.8392618671846546,0.8342474101157831,0.2956058588548602,0.8400249376558604,0.8514470252142591,0.7580061983471075,0.8505590062111801,0.8579051873914123,0.850608998260005,0.8493577752837012,0.8439212755356253,0.8529117720569858,0.8411867364746946,0.6406685236768802,0.6256,0.21980545798432857,0.22672998643147896,0.04981602037928107,0.0506601607347876,0.6314807410369185,0.6406685236768802,0.23363980530016226,0.21980545798432857,0.04981602037928107,0.8489765351972042,0.8416544297601566,0.8435900636624641,0.8389098430465993,0.7103015745930077,0.7713122290818337,0.8514470252142591,0.8393876807192322,0.850037397157816,0.8393095903731616
E2_LightGBM_coh,0.01862359959260876,0.23288960602393438,0.22968771123428416,0.4333199839807769,0.4355614973262032,0.42434523001764146,0.42434523001764146,0.0,0.41793271839392293,0.41793271839392293,0.0,0.430504804439031,0.430504804439031,0.0,0.38818677663961687,0.0,0.0,0.38425925925925924,0.45303225806451614,0.0,0.5374405209115953,0.0,0.0,0.41873024236037937,0.46014587132065643,0.0,0.5369303955933901,0.0,0.032144429766622636,0.01906158357771261,0.025821596244131457,0.023729310092280652,0.01862716339102376,0.023729310092280652,0.010727406318883173,0.011311884824445425,0.024944974321349962,0.44407233757535164,0.4347067507717085,0.46110210696920584,0.0,0.4648956356736243,0.0,0.4585642828173584,0.0,0.4229021913415286,0.32835024025627335,0.00411462160176341,0.0047010430439253705,0.4759394430927278,0.0,0.6040569020021075,0.0,0.8308209791952161,0.0,0.4762095161935226,0.0,0.8055975794251135,0.0,0.8353658536585366,0.0,0.8349937733499377,0.8272738553170369,0.8341396849026176,0.0,0.8400298544595098,0.8401593427113159,0.0,0.7840214067278287,0.7658381134480561,0.0,0.8415253188064875,0.8329394203259112,0.0,0.8325221515038063,0.8325221515038063,0.8377909856364537,0.8377909856364537,0.8316720657861949,0.8377909856364537,0.8343765648472709,0.8452454940957116,0.8229689067201604,0.8242571255306246,0.8155493369022996,0.8242784380305602,0.8124619690884751,0.8243784111582777,0.8155493369022996,0.8150626596909599,0.8145671206225681,0.8227802037845706,0.8216452317398689,0.8137469586374696,0.8276505724240916,0.8360064652492851,0.8150626596909599,0.8145671206225681,0.8216452317398689,0.8137469586374696,0.8241651487553127,0.8238505398519956,0.825,0.8239222829386764,0.8243997089497939,0.5879833732208086,0.5879833732208086,0.8238147205044258,0.822723414574997,0.8413545026048127,0.8546255506607929,0.8368362144011939,0.8387016229712859,0.8409175449473032,0.8408132903545747,0.8384969515988553,0.8413545026048127,0.6952998379254457,0.8384969515988553,0.8243997089497939,0.8243495580729491,0.646756329113924,0.8400298544595098,0.7840214067278287,0.8193345888261142,0.8403046572605819,0.646756329113924,0.7411869135176262,0.7634049119197635,1.0,0.589544235924933,0.5404647435897436,0.6745958733079248,0.839481555333998,0.8397523219814241,0.8380369630369631,0.8567642604745078,0.6745958733079248,0.7577239958805355,0.7442451990334478,1.0,0.8395443852915686,0.833167701863354,0.8061938061938062,0.43502051983584133,0.6683477106834771,0.8169592827792305,0.47536744692433314,0.6680535691067482,0.4282195155330505,0.8354351354725933,0.5406455068970135,0.8252959501557633,0.8318639016515584,0.4331356160690213,0.4331356160690213,0.4331356160690213,0.5203317281968968,0.3460361613351878,0.7927961381359079,0.5528968947439172,0.3860776439089692,0.4254502118644068,0.8228800194104088,0.8157062971067347,0.8238719068413392,0.7196286829005785,0.8241931570007279,0.7196286829005785,0.8238505398519956,0.13327601031814273,0.8228800194104088,0.8149963244302867,0.8233867054827754,0.8229583788375198,0.8231226495208055,0.8240931699623923,0.8157062971067347,0.2775342101766972,0.8308327081770442,0.8400298544595098,0.6900350525788683,0.8393679233544855,0.8396483407627539,0.8380395571588506,0.8378918446359436,0.8347489382962778,0.8567642604745078,0.8313132575284269,0.6154758766148167,0.6056899760701941,0.22948558819473175,0.23591305551709815,0.05336025382174791,0.05442574981711778,0.6107052729446142,0.6154758766148167,0.2415598732258509,0.22948558819473175,0.05336025382174791,0.8354351354725933,0.8185802995251431,0.8243495580729491,0.8219361107737155,0.6674980309792596,0.6795628689863082,0.8400298544595098,0.8228800194104088,0.8312608803780154,0.821909498968822
E2_LightGBM_ms,0.021958802953750484,0.2469778374748153,0.24496360250550195,0.3859784283513097,0.38293620292083014,0.37059652418976047,0.37059652418976047,0.0,0.36279724655819773,0.36279724655819773,0.0,0.3657178217821782,0.3657178217821782,0.0,0.3251524390243902,0.0,0.0,0.32770167427701674,0.37458483754512634,0.0,0.42783575010163977,0.0,0.0,0.34700880202894224,0.37192118226600984,0.0,0.4277002303835208,0.0,0.027583527583527584,0.02197802197802198,0.023192360163710776,0.02440452948067161,0.020796546988424564,0.02440452948067161,0.013617525162818236,0.015001973943939992,0.02442360296991012,0.39024765420704505,0.383426097711812,0.3995373939861218,0.0,0.3990740740740741,0.0,0.3890680178105328,0.0,0.38200155159038013,0.3169714469040744,0.005728960885025681,0.0063178677196446195,0.6179478138222849,0.0,0.6851283707411594,0.0,0.6385024032380471,0.0,0.6029538038811609,0.0,0.6646817520179965,0.0,0.6358948559929568,0.0,0.6359858977587509,0.6325914749151264,0.632007007007007,0.0,0.6328828828828829,0.633471126143054,0.0,0.6468296614723267,0.6441759435243009,0.0,0.6264552885806292,0.6363979848866499,0.0,0.6386426943530008,0.6386426943530008,0.624101165385569,0.624101165385569,0.6389275325660807,0.6236985622211205,0.6432480590556192,0.6246745195288282,0.6528477334366525,0.613564668769716,0.6090831400317421,0.6134158175642892,0.6082915494680201,0.6132945172246482,0.6090831400317421,0.6078096400244051,0.606655290102389,0.6136280821085874,0.6120490708125835,0.605927552140505,0.6309688799294444,0.6340484255425919,0.6078096400244051,0.606655290102389,0.6120490708125835,0.605927552140505,0.6122374650965158,0.6131067961165049,0.6137880810778007,0.6121903836813988,0.6133414190418436,0.4390728476821192,0.4390728476821192,0.6133689190828582,0.6114950891233175,0.6285110613969674,0.6273797595190381,0.6340147999498307,0.6137691064993165,0.6285572262955138,0.6284791252485089,0.6335380373480386,0.6285110613969674,0.524887459807074,0.6335380373480386,0.6133414190418436,0.6337297570850202,0.665943264610138,0.6328828828828829,0.6468296614723267,0.6501423763914056,0.6371079481042953,0.665943264610138,0.5717094913476665,0.5756778099499869,0.589544235924933,1.0,0.6235079575596817,0.6636418632788869,0.6354271356783919,0.6240247678018576,0.6134526917816735,0.6264576802507837,0.6636418632788869,0.5708822365818278,0.5675569520816968,0.589544235924933,0.6238702488547728,0.6295229748341055,0.624154219328482,0.49922879177377893,0.5430322029068111,0.6145244377434351,0.5205548128342246,0.5822748679891537,0.49948258020006897,0.6377654196157735,0.6376446904881731,0.6328441295546559,0.6280815917907646,0.40737808739708675,0.40737808739708675,0.40737808739708675,0.37230856979894483,0.3638082144698402,0.5973423592829384,0.40887548470486856,0.34604563926226944,0.327888153053716,0.6127230787908219,0.6096132731487129,0.6133495145631068,0.5356795103630546,0.6136198106336489,0.5356795103630546,0.6133025852652021,0.12415679124886053,0.6127230787908219,0.599217029606068,0.6128640776699029,0.6127504553734062,0.612378640776699,0.612958019898083,0.6096132731487129,0.27824675324675324,0.6438583078491336,0.6328828828828829,0.5315878598410838,0.6331872260488416,0.6241486068111455,0.6337427926798697,0.6134809103345356,0.6411458993535303,0.6264576802507837,0.6430025445292621,0.44231033063520375,0.453318335208099,0.25052301255230125,0.2777876578338965,0.05022658610271903,0.0513659099653713,0.4504189944134078,0.44231033063520375,0.27441697352270733,0.25052301255230125,0.05022658610271903,0.6377654196157735,0.6086320409656182,0.6337297570850202,0.6130916169850347,0.6547403381642513,0.5455874534821903,0.6328828828828829,0.6127230787908219,0.6323067253299811,0.6127308066083577
E5_HistGBM_native_NaN,0.014385532264693794,0.29706043454445863,0.2936522539098436,0.36180904522613067,0.36776533669768174,0.3509053036372376,0.3509053036372376,0.0,0.34208,0.34208,0.0,0.3495715645826722,0.3495715645826722,0.0,0.3027237354085603,0.0,0.0,0.2999071494893222,0.34326614081215306,0.0,0.3916064858972612,0.0,0.0,0.33180357962368057,0.3485697434385137,0.0,0.39109113199836537,0.0,0.031139713514635667,0.01919465887752973,0.0249635947576451,0.022425249169435217,0.018789144050104383,0.022425249169435217,0.011559478772593527,0.012394957983193277,0.02564102564102564,0.3780834914611006,0.38309813983322644,0.3878230537498018,0.0,0.35173160173160173,0.0,0.35718730553827005,0.0,0.3601647916336555,0.3447570332480818,0.002312381753205802,0.0029411764705882353,0.6906625930876455,0.0,0.7633827375762859,0.0,0.5992656368700937,0.0,0.7154007233961546,0.0,0.6292702379369932,0.0,0.5956724116241037,0.0,0.5965221774193549,0.5957902697252332,0.5921892602328201,0.0,0.5922682347053672,0.5932097218742169,0.0,0.6228416043507817,0.6297525231577492,0.0,0.5864503344067377,0.5967233774417139,0.0,0.599974641815646,0.599974641815646,0.5864166873603178,0.5864166873603178,0.5988864987979249,0.5864166873603178,0.5980703313444204,0.5848214285714286,0.6036765651111968,0.574184156253791,0.5706083557292939,0.5740448756822316,0.5705190989226249,0.5739235900545785,0.5706083557292939,0.5689697265625,0.5678575783441043,0.5734401553775188,0.5733900364520048,0.568445475638051,0.5898727799470966,0.591928813134478,0.5689697265625,0.5678575783441043,0.5733900364520048,0.568445475638051,0.5730241592812917,0.5733349508674026,0.573820211088196,0.5725904345714979,0.5741661613098847,0.3998141017129199,0.3998141017129199,0.5739932071809801,0.5748117561331066,0.5883668903803132,0.5735221063089916,0.5917063392633425,0.5736299241953523,0.5884180439915496,0.588344930417495,0.5914611243270315,0.5883668903803132,0.5330320350923834,0.5914611243270315,0.5737844064508306,0.5965001268069997,0.7029897075641235,0.5922682347053672,0.6228416043507817,0.613556680950526,0.5962216624685138,0.7029897075641235,0.5604601391118245,0.5676221235365362,0.5404647435897436,0.6235079575596817,1.0,0.7165594855305466,0.5948492462311558,0.5865790126519475,0.5732935471838866,0.5733300161711655,0.7165594855305466,0.5665044606650446,0.5618715645528891,0.5404647435897436,0.5866302864938608,0.5934714375392341,0.5955475485780466,0.5718283582089553,0.5055889939810834,0.592752701843611,0.5286535446786275,0.597506678539626,0.5640881913303438,0.5973451327433629,0.7829618435965243,0.5976383951244286,0.5926437358774793,0.40334207077326345,0.40334207077326345,0.40334207077326345,0.3446580887668064,0.3450530035335689,0.5666708717043017,0.3394042072568121,0.3856569709127382,0.3559850374064838,0.5740830701967452,0.5715506715506715,0.5735775809777993,0.49386674100919986,0.5738381264409659,0.49386674100919986,0.5729533050333535,0.1839918946301925,0.5740830701967452,0.5625689422723373,0.5734740929498847,0.5729546006312212,0.5729887149617765,0.5735775809777993,0.5715506715506715,0.32334384858044163,0.5980180409096684,0.5922682347053672,0.5392381208776417,0.5931354127520982,0.5863095238095238,0.5932564552519428,0.573116140263616,0.5987841945288754,0.5733300161711655,0.5982482863670983,0.35830445214609435,0.3654711577798991,0.31781454405540593,0.33501945525291826,0.05264215390797669,0.05368852459016393,0.3645240032546786,0.35830445214609435,0.34593023255813954,0.31781454405540593,0.05264215390797669,0.5973451327433629,0.5705918242830994,0.5965001268069997,0.5736009732360098,0.696921359068432,0.5363500475608098,0.5922682347053672,0.5740830701967452,0.5961174839278961,0.5742586290714633
E5_LightGBM_native_NaN,0.02060142880877222,0.26134466535134315,0.25675057208237984,0.4044640318453227,0.40640569395017795,0.39600231749710313,0.39600231749710313,0.0,0.3869615495808037,0.3869615495808037,0.0,0.39680713361139075,0.39680713361139075,0.0,0.3659962915418628,0.0,0.0,0.37007986309184254,0.4313428728673638,0.0,0.5054046928552597,0.0,0.0,0.4035112558402945,0.4313562836997097,0.0,0.5048761201897733,0.0,0.0320962888665998,0.020606466744848385,0.026267358206458088,0.025250836120401337,0.019939678284182305,0.025250836120401337,0.011764705882352941,0.012602923878339774,0.02629815745393635,0.4202691096478672,0.40859598853868195,0.4411807263782376,0.0,0.4216316616659523,0.0,0.4227793696275072,0.0,0.40111619919862623,0.34447072738024836,0.004539340954942838,0.005379055303412338,0.6118231336110221,0.0,0.761045426260112,0.0,0.7518673249778453,0.0,0.6322683706070288,0.0,0.7823669579030977,0.0,0.7472955974842768,0.0,0.7483935995968249,0.7433060967944689,0.7428356901514204,0.0,0.7434934934934935,0.7442064386821997,0.0,0.7760810810810811,0.7738192738192738,0.0,0.7359425315828586,0.7483935995968249,0.0,0.752122671397795,0.752122671397795,0.7367113760556383,0.7367113760556383,0.7505058168942843,0.7362801092624782,0.750190307028673,0.7336390679226574,0.748721881390593,0.7206114278781997,0.7136590715243085,0.7204366282595512,0.7126296522269676,0.7201067184089256,0.7136590715243085,0.7127542940674869,0.7129460479844112,0.7201651086560641,0.7194218389408478,0.7133276429703694,0.7353494792320241,0.7410189009888597,0.7127542940674869,0.7129460479844112,0.7194218389408478,0.7133276429703694,0.7197668771248179,0.7201795898556,0.7202474827126046,0.7197328476017001,0.7207666181465308,0.5362186192468619,0.5362186192468619,0.720402717127608,0.7211900425015179,0.7383793189162317,0.7279292740630059,0.7405229575878894,0.7326670830730794,0.7384118304958369,0.7381041123120885,0.7401850462615653,0.7383793189162317,0.6642717178314826,0.7401850462615653,0.7203492602473927,0.7400681044267877,0.7999071494893222,0.7434934934934935,0.7760810810810811,0.7698299363884201,0.7484569845068648,0.7999071494893222,0.7018773135906927,0.7157346857066595,0.6745958733079248,0.6636418632788869,0.7165594855305466,1.0,0.7464824120603015,0.7360783827359544,0.732408448943882,0.7269101333665711,1.0,0.7090957659943903,0.7033651298357181,0.6745958733079248,0.7361111111111112,0.7428213166144201,0.7398976982097186,0.5349800796812749,0.6329290394535062,0.7354056103108415,0.5535325241207594,0.6898644833427442,0.5268611509644509,0.7494944388270981,0.7039052496798975,0.7491121258244546,0.7443816698053987,0.41535119478638666,0.41535119478638666,0.41535119478638666,0.47274001401541693,0.37597503900156004,0.6949869386739644,0.46272739707290383,0.37762947918177864,0.37578114150812386,0.7206703910614525,0.7162013897354627,0.7200048526022079,0.6515235457063712,0.7203009343526271,0.6515235457063712,0.7195536147501213,0.14989398140596966,0.7206703910614525,0.7142857142857143,0.7197282213055084,0.7194707453265355,0.7192429022082019,0.7204222788496542,0.7162013897354627,0.3028860458196965,0.746705524581855,0.7434934934934935,0.6693516439984154,0.7443317048728548,0.7362024060523379,0.7445475056405114,0.7320334958130233,0.7458975006311538,0.7269101333665711,0.746803392834536,0.5071409679978841,0.5133531157270029,0.26423976149380196,0.2699087189172175,0.05464659685863874,0.05552784704904406,0.5156691324815064,0.5071409679978841,0.2775427049051873,0.26423976149380196,0.05464659685863874,0.7494944388270981,0.7182961064323202,0.7400681044267877,0.7200194599854051,0.803166387578018,0.6499208860759493,0.7434934934934935,0.7206703910614525,0.7456261799874134,0.7205346294046172
E6_A_impute+obs_all_multimodal,0.02216933867735471,0.28614120283899885,0.2784841685365246,0.47477376967893886,0.47562941833064615,0.44957094888695437,0.44957094888695437,0.0,0.44530180460485375,0.44530180460485375,0.0,0.4582297364495276,0.4582297364495276,0.0,0.43644697720515363,0.0,0.0,0.4424866608760392,0.5334567901234568,0.0,0.6530938614835773,0.0,0.0,0.4775232198142415,0.5293608604277413,0.0,0.653581097711051,0.0,0.02901645521919357,0.018716241678181134,0.024120603015075376,0.023615123728174852,0.018088179876899885,0.023615123728174852,0.009798994974874372,0.010552763819095477,0.023112674287149856,0.4828614008941878,0.47351405123103707,0.4909136171272094,0.0,0.4926415564978798,0.0,0.48915752741774676,0.0,0.46823324630113144,0.382089552238806,0.004145728643216081,0.004899497487437186,0.517462311557789,0.0,0.6756281407035176,0.0,0.9797727556498939,0.0,0.5371859296482412,0.0,0.9447305614872503,0.0,0.9896198099049525,0.0,0.9843945068664169,0.9702344040679648,0.9785333167886835,0.0,0.9927545284197377,0.9925009373828272,0.0,0.9001127960897356,0.8782684849243088,0.0,0.9851429986381082,0.9831565814098565,0.0,0.9800049987503124,0.9800049987503124,0.980690679539547,0.980690679539547,0.9801498127340824,0.9804455445544554,0.9756371814092953,0.9810620126253249,0.9625,0.9647101625030318,0.951935914552737,0.9647144416151328,0.948652585579024,0.9645931854007518,0.951935914552737,0.9505034574790732,0.9511100327550649,0.962774342185037,0.9611980113980841,0.9496481436544528,0.9690606361829026,0.9809701492537314,0.9505034574790732,0.9511100327550649,0.9611980113980841,0.9496481436544528,0.9624060150375939,0.9636231356857039,0.9645845967252881,0.9619255486843701,0.9648356978295137,0.6921091445427728,0.6921091445427728,0.9644719291863708,0.963380623256942,0.9886928429423459,0.9674464661468003,0.9820828667413214,0.9663366336633663,0.9882002235747113,0.9878306221283993,0.9840637450199203,0.9886928429423459,0.8392323030907278,0.9840637450199203,0.9648356978295137,0.9636205612118202,0.7142677719166038,0.9927545284197377,0.9001127960897356,0.9637390213299875,0.9913577154308617,0.7142677719166038,0.8470602828082362,0.85,0.839481555333998,0.6354271356783919,0.5948492462311558,0.7464824120603015,1.0,0.9824235672731774,0.9652227722772277,0.96496657588512,0.7464824120603015,0.8413921690490989,0.8455334987593052,0.839481555333998,0.9824257425742574,0.9770214880139113,0.9442508710801394,0.46264908976773383,0.7213238059420835,0.9521625975957367,0.5052050671014674,0.7503753753753754,0.45605223505775994,0.9832437163936476,0.5909547738693467,0.9713181194662676,0.9773828756058158,0.4701995012468828,0.4701995012468828,0.4701995012468828,0.5531308121512709,0.3605322621139844,0.9094348834370805,0.5759980163649888,0.43996998499249623,0.4795285359801489,0.962653085970656,0.9524502668607472,0.9638656481144658,0.727633209417596,0.9639825369876304,0.727633209417596,0.9636231356857039,0.13905288280366787,0.962653085970656,0.938121815093424,0.963380623256942,0.962289317327513,0.962895598399418,0.9638656481144658,0.9524502668607472,0.33747052252699516,0.975621952744093,0.9927545284197377,0.8352528793189785,0.9918790604697652,0.9823019801980198,0.9902585237916823,0.9648514851485148,0.9821160580290145,0.96496657588512,0.9765058735316171,0.6606833374597673,0.6566136904017019,0.2549825610363727,0.2672110552763819,0.05012406947890819,0.050998618264037184,0.663786626596544,0.6606833374597673,0.2776381909547739,0.2549825610363727,0.05012406947890819,0.9832437163936476,0.9522134627046694,0.9636205612118202,0.961641175042486,0.7413641502323829,0.7720731707317073,0.9927545284197377,0.962653085970656,0.9767326116710215,0.9619209313606597
E6_A_impute+obs_card+coh,0.022158950235206733,0.28434150548232107,0.27581957111165883,0.4753352195842047,0.4770935960591133,0.4506851006048636,0.4506851006048636,0.0,0.4451987163663293,0.4451987163663293,0.0,0.4594594594594595,0.4594594594594595,0.0,0.4429770427055048,0.0,0.0,0.44650129581636433,0.5420721941604041,0.0,0.6653131536852467,0.0,0.0,0.48334977799704,0.5374275496362066,0.0,0.6656,0.0,0.028670721112076455,0.018366840407048897,0.023706094079682265,0.023206751054852322,0.01774633904194589,0.023206751054852322,0.009682224428997022,0.010427010923535254,0.022710349962769917,0.48391073850326716,0.4742687893372825,0.4860307692307692,0.0,0.4893827160493827,0.0,0.4868534748796445,0.0,0.46848402615024054,0.3816568047337278,0.004096325719960278,0.004841112214498511,0.5103585163131125,0.0,0.6659226190476191,0.0,0.9747462243129488,0.0,0.5298350080635157,0.0,0.9289252105002477,0.0,0.9808168316831684,0.0,0.9793291248916945,0.977970297029703,0.9852722772277228,0.0,0.9863844535214754,0.9851466765688823,0.0,0.8896457765667575,0.8717789890981169,0.0,0.9962871287128713,0.9790841584158416,0.0,0.9730164624334695,0.9730164624334695,0.9972704714640198,0.9972704714640198,0.9753651894033176,0.9965273471412626,0.9689356435643565,0.9931913840059421,0.9549504950495049,0.9763521707494542,0.9626349629989082,0.9765947125879214,0.9595922824899891,0.9769529354682193,0.9626349629989082,0.9611980113980841,0.9627562780541065,0.9748938750758035,0.9737959480771564,0.960582171012735,0.9736320871502847,0.9830445544554456,0.9611980113980841,0.9627562780541065,0.9737959480771564,0.960582171012735,0.9742874469375379,0.9752637322662786,0.9762280169799878,0.9742843279961184,0.9764762944100885,0.7028620562584449,0.7028620562584449,0.9765918738629472,0.9786200194363459,0.9926980198019802,0.980064388311045,0.9834158415841584,0.9823886890735458,0.9929455445544555,0.993316004455997,0.9841584158415841,0.9926980198019802,0.8422423415602133,0.9841584158415841,0.9769557307459066,0.9696707105719238,0.7042777433353998,0.9863844535214754,0.8896457765667575,0.9496100037142503,0.9798242356727318,0.7042777433353998,0.8601216333622936,0.8580116668735261,0.8397523219814241,0.6240247678018576,0.5865790126519475,0.7360783827359544,0.9824235672731774,1.0,0.9815182336889109,0.9773402674591382,0.7360783827359544,0.8505647263249348,0.8579051873914123,0.8397523219814241,0.9992555831265508,0.9818069306930693,0.9460262441198316,0.4576818068999752,0.7157215535426231,0.9650340979541228,0.5014273302718133,0.7451369099244207,0.45080034743764735,0.9752413963852439,0.5823412698412699,0.9685604654041342,0.9811881188118812,0.4753630383517438,0.4753630383517438,0.4753630383517438,0.5640644361833953,0.35573465592064474,0.9192781368125839,0.58967357577262,0.4370590419606387,0.4879316747122169,0.9750121300339641,0.964333373771685,0.97646487929152,0.72097584896408,0.9765833535549624,0.72097584896408,0.9764620237806357,0.1369727047146402,0.9750121300339641,0.9545122841157869,0.9759796190707267,0.9748877835739416,0.9754943588499333,0.9767046833292891,0.964333373771685,0.3377630121816168,0.9676980198019802,0.9863844535214754,0.8300880565546322,0.9852704542641416,0.9988835132117603,0.9844040103973264,0.9813918868626721,0.9733910891089109,0.9773402674591382,0.9693069306930693,0.6771350546176763,0.6551638530287984,0.2516613339896628,0.2607403739012009,0.04940541865882064,0.05026061057334326,0.6612462760675273,0.6771350546176763,0.270859123545432,0.2516613339896628,0.04940541865882064,0.9752413963852439,0.9650485436893204,0.9696707105719238,0.9737736765420106,0.7299541454951047,0.7785749027237354,0.9863844535214754,0.9750121300339641,0.978583807873236,0.9740417273168365
E6_A_impute+obs_card_only,0.022412490556534877,0.267151126986082,0.2586249383932972,0.45866141732283466,0.4609413504189256,0.45807180517198093,0.45807180517198093,0.0,0.4526738639216671,0.4526738639216671,0.0,0.4679141027251036,0.4679141027251036,0.0,0.4365286584607733,0.0,0.0,0.438112973308504,0.5316095509093158,0.0,0.647442203639941,0.0,0.0,0.4728106032453859,0.5265568899343815,0.0,0.6477244772447724,0.0,0.02929662836216694,0.018941785578987246,0.024245485541103676,0.02386664982952393,0.018310392726354336,0.02386664982952393,0.009849728501073367,0.010607399924232857,0.023361535547417604,0.46683925049309666,0.4579012345679012,0.49417949680811113,0.0,0.4978023358030893,0.0,0.49560411956794775,0.0,0.45194324491054905,0.3646000246517934,0.004167192827377194,0.0049248642505366836,0.4952179853434356,0.0,0.6515960750217364,0.0,0.9577865808368408,0.0,0.5145305514157973,0.0,0.9117246502414262,0.0,0.9638613861386138,0.0,0.9621287128712871,0.9612575813838347,0.9685604654041342,0.0,0.9691831683168317,0.9679455445544555,0.0,0.8768619662363456,0.8601068455708784,0.0,0.9793316831683169,0.9621287128712871,0.0,0.9558168316831683,0.9558168316831683,0.9800272918992681,0.9800272918992681,0.9581631390023517,0.979781691887869,0.9529470034670628,0.9772108000990835,0.9396754614145918,0.9602134885977681,0.9460148004367342,0.9602183141297757,0.9429680863972819,0.960334788937409,0.9460148004367342,0.9445859100278889,0.9463722397476341,0.9585152838427947,0.9567010309278351,0.9437302934756245,0.9564302512687214,0.967062902426944,0.9445859100278889,0.9463722397476341,0.9567010309278351,0.9437302934756245,0.9574339073490177,0.9591267434808975,0.9593742420567548,0.9576661814653081,0.9598641930398933,0.6852056476365869,0.6852056476365869,0.9604512920053379,0.961977648202138,0.9757425742574257,0.9626145085417183,0.9671907886591556,0.9988647830474269,0.9764793265659817,0.9761138613861386,0.9679336387272502,0.9757425742574257,0.8247985120892747,0.9679336387272502,0.9603395997574288,0.9531946508172363,0.696969696969697,0.9691831683168317,0.8768619662363456,0.9326482604927572,0.9628666914222057,0.696969696969697,0.8438043208343681,0.8490401396160558,0.8380369630369631,0.6134526917816735,0.5732935471838866,0.732408448943882,0.9652227722772277,0.9815182336889109,1.0,0.9611049176266567,0.732408448943882,0.8374378109452736,0.8415890751086281,0.8380369630369631,0.9815205258588615,0.9648514851485148,0.9297832817337461,0.45567398119122254,0.7239642362422869,0.9482886904761905,0.5089578602069139,0.7378519810615499,0.44817646321594184,0.9585242045313854,0.5715886454183267,0.952086170607899,0.9644758014605768,0.4658183632734531,0.4658183632734531,0.4658183632734531,0.5738056220849616,0.3611951588502269,0.903036955726308,0.6000757671423159,0.4199257425742574,0.47079207920792077,0.9586315661773626,0.9474769529354682,0.9598447167293461,0.7335079186931038,0.9599611744722155,0.7335079186931038,0.9596020866189494,0.13977272727272727,0.9586315661773626,0.9699554896142433,0.9595971851492356,0.9587428710107997,0.959349593495935,0.9593693147362038,0.9474769529354682,0.3205806372247509,0.9524340393905611,0.9691831683168317,0.8126472411655301,0.968069306930693,0.981396502542478,0.9679336387272502,0.9988639232517041,0.9569200297103243,0.9611049176266567,0.9542864222001982,0.6888496022225028,0.6664982952392979,0.25534842987614165,0.24454905847373637,0.05051134946370666,0.05139537820431873,0.6726859451951004,0.6888496022225028,0.2535891089108911,0.25534842987614165,0.05051134946370666,0.9585242045313854,0.9488953629521728,0.9531946508172363,0.9573770491803278,0.7227969587436122,0.7623449282413038,0.9691831683168317,0.9586315661773626,0.9611386138613861,0.9574235807860262
E6_A_impute+obs_coh_only,0.022300617361723573,0.27079471017179585,0.2617723396366333,0.4722325754752143,0.4723568145111194,0.4498563756712876,0.4498563756712876,0.0,0.44376482336786915,0.44376482336786915,0.0,0.456369982547993,0.456369982547993,0.0,0.4500251130085384,0.0,0.0,0.45196889892149483,0.5486858573216521,0.0,0.6726205345990507,0.0,0.0,0.49053054057443873,0.5459106874059207,0.0,0.6729135432283858,0.0,0.02866885577165951,0.017670074466742396,0.022841998990408886,0.020403022670025188,0.017295795985355383,0.020403022670025188,0.009602021478205939,0.010104837691044588,0.022603864124258112,0.480886564562321,0.4711454568116665,0.4826643469616006,0.0,0.4860383944153578,0.0,0.4833000997008973,0.0,0.4645747727555722,0.3692612300457864,0.004170352584354859,0.004928598508783015,0.5128882182824092,0.0,0.6537265148687321,0.0,0.9572861210845611,0.0,0.516421995521274,0.0,0.9114551083591331,0.0,0.9631188118811881,0.0,0.9623576027736503,0.961000371425034,0.9675742574257425,0.0,0.9689279524634811,0.9674464661468003,0.0,0.8810205351586807,0.8607484769364665,0.0,0.9788340141106573,0.9613861386138614,0.0,0.956527124102056,0.956527124102056,0.9753621394081962,0.9753621394081962,0.9579051628079732,0.9756067360079247,0.954624349119762,0.9794095757876458,0.9401338621715419,0.9590104292990541,0.9464675892206846,0.9592529711375212,0.9436551305403764,0.9593693147362038,0.9464675892206846,0.9448016498847507,0.9463527127078529,0.9577874818049491,0.9566852705653968,0.9437098143879655,0.9617581326049168,0.9660765135570137,0.9448016498847507,0.9463527127078529,0.9566852705653968,0.9437098143879655,0.9607485721229797,0.959349593495935,0.9600728155339806,0.9605055292259084,0.95961188599151,0.7105099114823588,0.7105099114823588,0.9590104292990541,0.9576815811810355,0.9752444609481371,0.9972274732199118,0.966447938591061,0.9622197448284405,0.9752475247524752,0.9756157940339151,0.9671907886591556,0.9752444609481371,0.8267726313175214,0.9671907886591556,0.9591366557536074,0.9536612563498947,0.6970679975046787,0.9689279524634811,0.8810205351586807,0.9340604858701042,0.9626098799059056,0.6970679975046787,0.847417548226509,0.8529117720569858,0.8567642604745078,0.6264576802507837,0.5733300161711655,0.7269101333665711,0.96496657588512,0.9773402674591382,0.9611049176266567,1.0,0.7269101333665711,0.8470293933708568,0.8468053306762984,0.8567642604745078,0.9773430729231151,0.9643520237653175,0.9297571853320119,0.4534636101716147,0.7152168463274003,0.9463378361630933,0.505351970784536,0.7338639472702401,0.44633688165309954,0.9599652949925632,0.5757462220557013,0.9544890873015873,0.964949219717612,0.46983729662077595,0.46983729662077595,0.46983729662077595,0.5708710976837865,0.3600957902697252,0.9027693058436013,0.597502522704339,0.42411823149528066,0.4749782689680864,0.9579036758461725,0.9481670308327264,0.959116826398156,0.7288789349259674,0.9589955113429577,0.7288789349259674,0.9586365841824357,0.12215449682796367,0.9579036758461725,0.9340619307832423,0.9581564584596726,0.9577772385343363,0.9581463059565692,0.959116826398156,0.9481670308327264,0.32342420130751204,0.9516908212560387,0.9689279524634811,0.8146032534459208,0.967813815300817,0.9774640911342248,0.9669472641743005,0.96097621407334,0.9564194626717841,1.0,0.9528173374613003,0.6863882931752239,0.6642694928084785,0.23833045196344776,0.25155821490900027,0.04702077372807563,0.04785894206549118,0.6704516780217007,0.6863882931752239,0.259236223410872,0.23833045196344776,0.04702077372807563,0.9599652949925632,0.9502977275489124,0.9536612563498947,0.9571237701931252,0.7192633150821304,0.7708766352854872,0.9689279524634811,0.9579036758461725,0.9620958751393534,0.9564584596725288
E6_B_nativeNaN_all_multimodal,0.02060142880877222,0.26134466535134315,0.25675057208237984,0.4044640318453227,0.40640569395017795,0.39600231749710313,0.39600231749710313,0.0,0.3869615495808037,0.3869615495808037,0.0,0.39680713361139075,0.39680713361139075,0.0,0.3659962915418628,0.0,0.0,0.37007986309184254,0.4313428728673638,0.0,0.5054046928552597,0.0,0.0,0.4035112558402945,0.4313562836997097,0.0,0.5048761201897733,0.0,0.0320962888665998,0.020606466744848385,0.026267358206458088,0.025250836120401337,0.019939678284182305,0.025250836120401337,0.011764705882352941,0.012602923878339774,0.02629815745393635,0.4202691096478672,0.40859598853868195,0.4411807263782376,0.0,0.4216316616659523,0.0,0.4227793696275072,0.0,0.40111619919862623,0.34447072738024836,0.004539340954942838,0.005379055303412338,0.6118231336110221,0.0,0.761045426260112,0.0,0.7518673249778453,0.0,0.6322683706070288,0.0,0.7823669579030977,0.0,0.7472955974842768,0.0,0.7483935995968249,0.7433060967944689,0.7428356901514204,0.0,0.7434934934934935,0.7442064386821997,0.0,0.7760810810810811,0.7738192738192738,0.0,0.7359425315828586,0.7483935995968249,0.0,0.752122671397795,0.752122671397795,0.7367113760556383,0.7367113760556383,0.7505058168942843,0.7362801092624782,0.750190307028673,0.7336390679226574,0.748721881390593,0.7206114278781997,0.7136590715243085,0.7204366282595512,0.7126296522269676,0.7201067184089256,0.7136590715243085,0.7127542940674869,0.7129460479844112,0.7201651086560641,0.7194218389408478,0.7133276429703694,0.7353494792320241,0.7410189009888597,0.7127542940674869,0.7129460479844112,0.7194218389408478,0.7133276429703694,0.7197668771248179,0.7201795898556,0.7202474827126046,0.7197328476017001,0.7207666181465308,0.5362186192468619,0.5362186192468619,0.720402717127608,0.7211900425015179,0.7383793189162317,0.7279292740630059,0.7405229575878894,0.7326670830730794,0.7384118304958369,0.7381041123120885,0.7401850462615653,0.7383793189162317,0.6642717178314826,0.7401850462615653,0.7203492602473927,0.7400681044267877,0.7999071494893222,0.7434934934934935,0.7760810810810811,0.7698299363884201,0.7484569845068648,0.7999071494893222,0.7018773135906927,0.7157346857066595,0.6745958733079248,0.6636418632788869,0.7165594855305466,1.0,0.7464824120603015,0.7360783827359544,0.732408448943882,0.7269101333665711,1.0,0.7090957659943903,0.7033651298357181,0.6745958733079248,0.7361111111111112,0.7428213166144201,0.7398976982097186,0.5349800796812749,0.6329290394535062,0.7354056103108415,0.5535325241207594,0.6898644833427442,0.5268611509644509,0.7494944388270981,0.7039052496798975,0.7491121258244546,0.7443816698053987,0.41535119478638666,0.41535119478638666,0.41535119478638666,0.47274001401541693,0.37597503900156004,0.6949869386739644,0.46272739707290383,0.37762947918177864,0.37578114150812386,0.7206703910614525,0.7162013897354627,0.7200048526022079,0.6515235457063712,0.7203009343526271,0.6515235457063712,0.7195536147501213,0.14989398140596966,0.7206703910614525,0.7142857142857143,0.7197282213055084,0.7194707453265355,0.7192429022082019,0.7204222788496542,0.7162013897354627,0.3028860458196965,0.746705524581855,0.7434934934934935,0.6693516439984154,0.7443317048728548,0.7362024060523379,0.7445475056405114,0.7320334958130233,0.7458975006311538,0.7269101333665711,0.746803392834536,0.5071409679978841,0.5133531157270029,0.26423976149380196,0.2699087189172175,0.05464659685863874,0.05552784704904406,0.5156691324815064,0.5071409679978841,0.2775427049051873,0.26423976149380196,0.05464659685863874,0.7494944388270981,0.7182961064323202,0.7400681044267877,0.7200194599854051,0.803166387578018,0.6499208860759493,0.7434934934934935,0.7206703910614525,0.7456261799874134,0.7205346294046172
E6_B_nativeNaN_card+coh,0.02024584237165582,0.24685683385156143,0.24185667752442996,0.44632086851628466,0.45112276455560035,0.43089651430896514,0.43089651430896514,0.0,0.42044071921049075,0.42044071921049075,0.0,0.4316129901630508,0.4316129901630508,0.0,0.42824074074074076,0.0,0.0,0.42766015200868623,0.5106809078771696,0.0,0.6116048092002091,0.0,0.0,0.4624425830856525,0.5108637339055794,0.0,0.6116847470918834,0.0,0.03009158307893589,0.01728395061728395,0.024574669187145556,0.021761207021616134,0.01685311637367427,0.021761207021616134,0.009318578916715201,0.01019219569015725,0.022367465504720407,0.4563785455034279,0.4493457439633077,0.4488272921108742,0.0,0.45097515362009083,0.0,0.4490177736202058,0.0,0.4487005955603682,0.3558265582655827,0.0039358600583090375,0.004810495626822157,0.4974072052401747,0.0,0.6270284650172918,0.0,0.8428285857071465,0.0,0.5044606650446066,0.0,0.8167572349298623,0.0,0.8420856147336984,0.0,0.8428660436137072,0.8417445482866044,0.8454172366621067,0.0,0.8426213230731041,0.8416087388282025,0.0,0.8049312957493258,0.7953782597469662,0.0,0.8484398216939079,0.8442449183189924,0.0,0.8408693479890083,0.8408693479890083,0.8511246427239966,0.8511246427239966,0.8413827530263323,0.8506646788420922,0.8344767369340153,0.8469071525970001,0.8228828378715963,0.8305845258307057,0.8225629791894852,0.8308270676691729,0.8203629277798076,0.8309278350515464,0.8225629791894852,0.8205252918287937,0.8217978348132831,0.8302184466019418,0.8304178814382897,0.8214242239805234,0.8336857818136584,0.8395184311778577,0.8205252918287937,0.8217978348132831,0.8304178814382897,0.8214242239805234,0.8309448627641487,0.8312902051219808,0.8315533980582525,0.8309243289201992,0.8313925278990781,0.6670177748518762,0.6670177748518762,0.831250758219095,0.8326044703595724,0.84599182257465,0.848625,0.8396624472573839,0.8371861794680586,0.8455536289323755,0.845906106775672,0.8420072040740281,0.84599182257465,0.7642801757560093,0.8420072040740281,0.8309483385884066,0.8374765771392879,0.67776886035313,0.8426213230731041,0.8049312957493258,0.8323255228017132,0.8403831798954964,0.67776886035313,0.8424218123496391,0.8742172610944732,0.7577239958805355,0.5708822365818278,0.5665044606650446,0.7090957659943903,0.8413921690490989,0.8505647263249348,0.8374378109452736,0.8470293933708568,0.7090957659943903,1.0,0.8486842105263158,0.7577239958805355,0.8501240694789082,0.8426225429211247,0.8211239337681887,0.4521415782950007,0.6889632107023411,0.8376411543287328,0.5023441809156095,0.7072621256294725,0.4433131535498074,0.8407985028072364,0.5701670968618394,0.840741204457243,0.8461346633416459,0.45156908028800435,0.45156908028800435,0.45156908028800435,0.5695437053326003,0.3569436698271054,0.7945932600913468,0.5603656897015327,0.3785430463576159,0.4207485226526592,0.8318756073858115,0.8271574841540712,0.8315329530282801,0.7021615170401804,0.8314115790751305,0.7021615170401804,0.8312902051219808,0.12061928219563688,0.8318756073858115,0.8144984134732731,0.8310474572156815,0.8317336897096343,0.831451123254402,0.831755280407866,0.8271574841540712,0.2978123741779627,0.8302615193026152,0.8426213230731041,0.7561544441565172,0.8421902160417184,0.8506888420007447,0.8424649024723568,0.837979094076655,0.8341627270465289,0.8470293933708568,0.8314243027888446,0.6309791970319332,0.6141564662054284,0.2212690631808279,0.2314548196901138,0.0488952245188881,0.049884326200115674,0.6198138297872341,0.6309791970319332,0.23825136612021858,0.2212690631808279,0.0488952245188881,0.8407985028072364,0.8343122858541361,0.8374765771392879,0.8309413767939674,0.6995736743938182,0.7690077744103307,0.8426213230731041,0.8318756073858115,0.8434771763532053,0.8315712723295662
E6_B_nativeNaN_card_only,0.019484240687679084,0.24835283044238268,0.24053872053872055,0.4537173476222371,0.45463074654872,0.4264013980373706,0.4264013980373706,0.0,0.4189044038668099,0.4189044038668099,0.0,0.43096290344181065,0.43096290344181065,0.0,0.42567567567567566,0.0,0.0,0.4245321125622728,0.5123637330497208,0.0,0.6128318584070797,0.0,0.0,0.4572958500669344,0.5085242408098029,0.0,0.6131215829211143,0.0,0.029678720645440138,0.017864860971041636,0.02421098140942499,0.0220112214069918,0.017731007640190283,0.0220112214069918,0.009673693329483106,0.010539994224660698,0.022023895206563983,0.46202361782071927,0.45384822389666307,0.44272895223013986,0.0,0.4488658973338639,0.0,0.4521241177253962,0.0,0.4520437070012141,0.35418348130212535,0.0039011703511053317,0.004913294797687861,0.48886789906895156,0.0,0.6245539844059733,0.0,0.8460675557771408,0.0,0.5031564808596374,0.0,0.8134656450194699,0.0,0.8462302819525525,0.0,0.8474744961433193,0.8477340637450199,0.8513916500994035,0.0,0.8481279444582197,0.8475753441647029,0.0,0.8083525493210351,0.7974520653712521,0.0,0.8553038742418616,0.8481642812694462,0.0,0.8454919566030678,0.8454919566030678,0.8591671845866998,0.8591671845866998,0.8460004983802641,0.8598607311614026,0.8377302140368342,0.8533201189296333,0.8273067331670823,0.838874059694249,0.8288737533446849,0.8386705482775352,0.8277919863597613,0.8387722916413927,0.8288737533446849,0.8288321167883211,0.8285505836575876,0.8380674921097354,0.8373815885353413,0.8268482490272373,0.8394432707841432,0.8461729313980896,0.8288321167883211,0.8285505836575876,0.8373815885353413,0.8268482490272373,0.8379067508499272,0.8384708737864077,0.8382870314205993,0.8376639145216125,0.8385688295936932,0.6688967598058507,0.6688967598058507,0.8386509765861944,0.8400145772594753,0.8524021792966815,0.8486244242499689,0.8456292622442654,0.8406498015873016,0.8526498266468548,0.8525442614832239,0.8472894181863292,0.8524021792966815,0.7675947409126064,0.8472894181863292,0.8385688295936932,0.8444055944055944,0.668078348332451,0.8481279444582197,0.8083525493210351,0.8340030135610246,0.8440720049658598,0.668078348332451,0.8853485838779956,0.845835557928457,0.7442451990334478,0.5675569520816968,0.5618715645528891,0.7033651298357181,0.8455334987593052,0.8579051873914123,0.8415890751086281,0.8468053306762984,0.7033651298357181,0.8486842105263158,1.0,0.7442451990334478,0.8576923076923076,0.8488314271506713,0.8276294346245455,0.4559308072487644,0.6820472023335985,0.8415977961432507,0.49692580953682197,0.7072012661566869,0.4489151332051634,0.8449564134495642,0.5595973154362416,0.8458364591147787,0.8530474884706469,0.45590028451429343,0.45590028451429343,0.45590028451429343,0.5693001640240568,0.35337202874516305,0.8019007652431498,0.564780042918455,0.38095238095238093,0.4265110790612298,0.8390623102149884,0.833922261484099,0.8382674108226159,0.6949664870548036,0.8385922330097088,0.6949664870548036,0.8384708737864077,0.12445690259285214,0.8390623102149884,0.8190569026440844,0.8388976569139249,0.8389212827988338,0.8390818557201846,0.8387135922330097,0.833922261484099,0.30232869379014987,0.8346593734460468,0.8481279444582197,0.7574544985155544,0.8472411655300682,0.8577987343342847,0.8484359483614697,0.8419026328862395,0.8387777915786859,0.8468053306762984,0.836047234307023,0.6375430235636749,0.6188263409453001,0.2169811320754717,0.22953494696763665,0.04966044142614601,0.05050215208034433,0.6240382064208013,0.6375430235636749,0.235947446837329,0.2169811320754717,0.04966044142614601,0.8449564134495642,0.842904371250153,0.8444055944055944,0.8388077858880778,0.69684935133704,0.7768115942028986,0.8481279444582197,0.8390623102149884,0.8499314470896173,0.8394311413638021
E6_B_nativeNaN_coh_only,0.01862359959260876,0.23288960602393438,0.22968771123428416,0.4333199839807769,0.4355614973262032,0.42434523001764146,0.42434523001764146,0.0,0.41793271839392293,0.41793271839392293,0.0,0.430504804439031,0.430504804439031,0.0,0.38818677663961687,0.0,0.0,0.38425925925925924,0.45303225806451614,0.0,0.5374405209115953,0.0,0.0,0.41873024236037937,0.46014587132065643,0.0,0.5369303955933901,0.0,0.032144429766622636,0.01906158357771261,0.025821596244131457,0.023729310092280652,0.01862716339102376,0.023729310092280652,0.010727406318883173,0.011311884824445425,0.024944974321349962,0.44407233757535164,0.4347067507717085,0.46110210696920584,0.0,0.4648956356736243,0.0,0.4585642828173584,0.0,0.4229021913415286,0.32835024025627335,0.00411462160176341,0.0047010430439253705,0.4759394430927278,0.0,0.6040569020021075,0.0,0.8308209791952161,0.0,0.4762095161935226,0.0,0.8055975794251135,0.0,0.8353658536585366,0.0,0.8349937733499377,0.8272738553170369,0.8341396849026176,0.0,0.8400298544595098,0.8401593427113159,0.0,0.7840214067278287,0.7658381134480561,0.0,0.8415253188064875,0.8329394203259112,0.0,0.8325221515038063,0.8325221515038063,0.8377909856364537,0.8377909856364537,0.8316720657861949,0.8377909856364537,0.8343765648472709,0.8452454940957116,0.8229689067201604,0.8242571255306246,0.8155493369022996,0.8242784380305602,0.8124619690884751,0.8243784111582777,0.8155493369022996,0.8150626596909599,0.8145671206225681,0.8227802037845706,0.8216452317398689,0.8137469586374696,0.8276505724240916,0.8360064652492851,0.8150626596909599,0.8145671206225681,0.8216452317398689,0.8137469586374696,0.8241651487553127,0.8238505398519956,0.825,0.8239222829386764,0.8243997089497939,0.5879833732208086,0.5879833732208086,0.8238147205044258,0.822723414574997,0.8413545026048127,0.8546255506607929,0.8368362144011939,0.8387016229712859,0.8409175449473032,0.8408132903545747,0.8384969515988553,0.8413545026048127,0.6952998379254457,0.8384969515988553,0.8243997089497939,0.8243495580729491,0.646756329113924,0.8400298544595098,0.7840214067278287,0.8193345888261142,0.8403046572605819,0.646756329113924,0.7411869135176262,0.7634049119197635,1.0,0.589544235924933,0.5404647435897436,0.6745958733079248,0.839481555333998,0.8397523219814241,0.8380369630369631,0.8567642604745078,0.6745958733079248,0.7577239958805355,0.7442451990334478,1.0,0.8395443852915686,0.833167701863354,0.8061938061938062,0.43502051983584133,0.6683477106834771,0.8169592827792305,0.47536744692433314,0.6680535691067482,0.4282195155330505,0.8354351354725933,0.5406455068970135,0.8252959501557633,0.8318639016515584,0.4331356160690213,0.4331356160690213,0.4331356160690213,0.5203317281968968,0.3460361613351878,0.7927961381359079,0.5528968947439172,0.3860776439089692,0.4254502118644068,0.8228800194104088,0.8157062971067347,0.8238719068413392,0.7196286829005785,0.8241931570007279,0.7196286829005785,0.8238505398519956,0.13327601031814273,0.8228800194104088,0.8149963244302867,0.8233867054827754,0.8229583788375198,0.8231226495208055,0.8240931699623923,0.8157062971067347,0.2775342101766972,0.8308327081770442,0.8400298544595098,0.6900350525788683,0.8393679233544855,0.8396483407627539,0.8380395571588506,0.8378918446359436,0.8347489382962778,0.8567642604745078,0.8313132575284269,0.6154758766148167,0.6056899760701941,0.22948558819473175,0.23591305551709815,0.05336025382174791,0.05442574981711778,0.6107052729446142,0.6154758766148167,0.2415598732258509,0.22948558819473175,0.05336025382174791,0.8354351354725933,0.8185802995251431,0.8243495580729491,0.8219361107737155,0.6674980309792596,0.6795628689863082,0.8400298544595098,0.8228800194104088,0.8312608803780154,0.821909498968822
E6_C_SAR_only_no_NaN,0.022153465346534652,0.284429662478443,0.27590881084411584,0.47521830033206247,0.4773399014778325,0.45057386153276563,0.45057386153276563,0.0,0.4452671849932124,0.4452671849932124,0.0,0.45970628162408983,0.45970628162408983,0.0,0.44304578551153895,0.0,0.0,0.44656959526159923,0.5421286031042128,0.0,0.6653543307086615,0.0,0.0,0.4834134911826366,0.5374845869297163,0.0,0.6656411518582328,0.0,0.02879126334077935,0.018488646234024072,0.023700210944285892,0.023327956322124335,0.017868221863754807,0.023327956322124335,0.00967982129560685,0.010424422933730455,0.02283161682590892,0.48379144582768396,0.47433366238894376,0.48609401919763723,0.0,0.4894457474385878,0.0,0.4871003579804962,0.0,0.4685495806610755,0.38173302107728335,0.004095309009679821,0.004839910647803425,0.5102319236016372,0.0,0.6657575006198859,0.0,0.9749938103490963,0.0,0.5295138888888888,0.0,0.9289340101522843,0.0,0.9810643564356436,0.0,0.9793316831683169,0.9782178217821782,0.9855198019801981,0.0,0.9863861386138614,0.9853942319594009,0.0,0.8896594427244582,0.8717948717948718,0.0,0.9965346534653465,0.9793316831683169,0.0,0.973019801980198,0.973019801980198,0.997270810073192,0.997270810073192,0.9753682386433965,0.9965277777777778,0.9691831683168317,0.9934389700420896,0.9551980198019802,0.9765947125879214,0.9628775931093049,0.9768372544263886,0.9598349714840432,0.9769557307459066,0.9628775931093049,0.9614405238268461,0.962760795730228,0.9751364463311097,0.9735597331716191,0.9608247422680413,0.9738796731864323,0.9832920792079208,0.9614405238268461,0.962760795730228,0.9735597331716191,0.9608247422680413,0.9742905651224836,0.9757458161532865,0.9762308998302207,0.9745269286754003,0.9767188068388505,0.7026894265012894,0.7026894265012894,0.9765947125879214,0.9788629737609329,0.9929455445544555,0.9800668565061285,0.9836633663366336,0.9826367357063128,0.9931930693069307,0.9935635598465157,0.9844059405940594,0.9929455445544555,0.8422619047619048,0.9844059405940594,0.9769585253456221,0.969674464661468,0.7038919186911254,0.9863861386138614,0.8896594427244582,0.9496162416439713,0.9798267326732674,0.7038919186911254,0.8601389923057831,0.8580292876644329,0.8395443852915686,0.6238702488547728,0.5866302864938608,0.7361111111111112,0.9824257425742574,0.9992555831265508,0.9815205258588615,0.9773430729231151,0.7361111111111112,0.8501240694789082,0.8576923076923076,0.8395443852915686,1.0,0.9820544554455446,0.946032924866939,0.4575682382133995,0.7155439771740478,0.9650384329283412,0.5013028911775654,0.7451684836471755,0.45068850018608114,0.9752444609481371,0.5821968757748575,0.9688080207946528,0.9814356435643564,0.47524506762625635,0.47524506762625635,0.47524506762625635,0.5639246778989098,0.35564646089004587,0.9195220095110352,0.5895272366298548,0.43712871287128713,0.4881792301027355,0.9750151607034566,0.9640994542146756,0.9764677341096555,0.7207991175389141,0.9763464337700145,0.7207991175389141,0.9762251334303736,0.13707976677831535,0.9750151607034566,0.9540425531914893,0.9759825327510917,0.9748908296943232,0.9754973313925279,0.9767075094019168,0.9640994542146756,0.3378444881889764,0.9679455445544555,0.9863861386138614,0.830109126984127,0.9852722772277228,0.9986357435197817,0.9846515657878451,0.981148455909711,0.9736386138613862,0.9773430729231151,0.9695544554455445,0.6769669893273765,0.6550012410027302,0.25129151291512913,0.26067582621611585,0.04952194165236578,0.05037845886586425,0.6610821543807396,0.6769669893273765,0.27094937492263893,0.25129151291512913,0.04952194165236578,0.9752444609481371,0.9648143654452803,0.969674464661468,0.9740165128703254,0.7299876084262701,0.7783856066131777,0.9863861386138614,0.9750151607034566,0.9785864587201386,0.9738054814455493
E7_KNN_15,0.022433888958516106,0.28721017202692595,0.27858835266242676,0.47458467641953883,0.47782333209094296,0.4499191240512629,0.4499191240512629,0.0,0.4442094787908944,0.4442094787908944,0.0,0.4593081134892982,0.4593081134892982,0.0,0.4380349832526982,0.0,0.0,0.4430096846287559,0.5363107757020908,0.0,0.657414261041204,0.0,0.0,0.4782500929483207,0.5314512134720158,0.0,0.6576999012833169,0.0,0.029027393817542095,0.018851325876586653,0.024001005277707967,0.023752670604499183,0.0182229483473671,0.023752670604499183,0.009675797939180698,0.010429756220155817,0.023249968581123538,0.48156882214223656,0.472591671845867,0.48757763975155277,0.0,0.49115154536390826,0.0,0.487300796812749,0.0,0.46932171748599877,0.3829204531308353,0.004147291692849064,0.00490134472791253,0.5163234555499749,0.0,0.6731493099121706,0.0,0.9707856787667827,0.0,0.5362300640462138,0.0,0.9334249313015238,0.0,0.9771286513362337,0.0,0.9739162836914669,0.9693738375697458,0.9766893986360818,0.0,0.9800124146492861,0.9797540678176624,0.0,0.8893182101458308,0.8720379146919431,0.0,0.9840346534653466,0.9748974773207406,0.0,0.9683151093439364,0.9683151093439364,0.9808097065742231,0.9808097065742231,0.9689595232182766,0.9800742574257426,0.9644632206759444,0.980690679539547,0.9504224652087475,0.9641081605432278,0.9518086914299587,0.9643506729719898,0.9482884195193008,0.9642294167576089,0.9518086914299587,0.9499029597282872,0.9512195121951219,0.9626485568760611,0.9608342427549412,0.9499939313023426,0.964781746031746,0.9751922599851154,0.9499029597282872,0.9512195121951219,0.9608342427549412,0.9499939313023426,0.9620422022798932,0.9634974533106961,0.9637443919000849,0.9615617800412272,0.9644719291863708,0.6944478640896221,0.6944478640896221,0.9641081605432278,0.9630168546137989,0.9836370397917441,0.9668316831683168,0.9750744047619048,0.9659653465346535,0.9831474597273854,0.9835171644565621,0.9763086082857851,0.9836370397917441,0.8354272919517353,0.9763086082857851,0.9644719291863708,0.9615432328495224,0.7089542892924233,0.9800124146492861,0.8893182101458308,0.9482071713147411,0.9753945569777557,0.7089542892924233,0.8515110060937694,0.8503172825681224,0.833167701863354,0.6295229748341055,0.5934714375392341,0.7428213166144201,0.9770214880139113,0.9818069306930693,0.9648514851485148,0.9643520237653175,0.7428213166144201,0.8426225429211247,0.8488314271506713,0.833167701863354,0.9820544554455446,1.0,0.9558031801677727,0.4600727090384856,0.716,0.951790804312802,0.5035087719298246,0.7526315789473684,0.4536677115987461,0.9739823229179634,0.5885821831869511,0.9638419483101391,0.9745562864589797,0.4757135703555333,0.4757135703555333,0.4757135703555333,0.553914877776399,0.3594730238393977,0.9086028065893837,0.5764078392458447,0.43779665251061706,0.4830202761537505,0.962289317327513,0.9516129032258065,0.9635018794713229,0.72022707639146,0.963380623256942,0.72022707639146,0.9632593670425609,0.13881909547738694,0.962289317327513,0.9377578257704441,0.9630168546137989,0.9619255486843701,0.962531829756275,0.9635018794713229,0.9516129032258065,0.3394255874673629,0.9629767673002857,0.9800124146492861,0.8268727408699987,0.9803702323269972,0.9819306930693069,0.9782716662527936,0.964480198019802,0.9691810612650678,0.9643520237653175,0.9645918747670518,0.6609287925696594,0.6463490483891031,0.25460886895864476,0.26683417085427136,0.05001241002730206,0.05088578967206935,0.6508015409469368,0.6609287925696594,0.27726130653266334,0.25460886895864476,0.05001241002730206,0.9739823229179634,0.9516129032258065,0.9615432328495224,0.9612770089827628,0.7368421052631579,0.7751710654936461,0.9800124146492861,0.962289317327513,0.9724326338010679,0.9613192676124651
E7_KNN_5,0.0223579877810997,0.28529336407891365,0.2764321414840446,0.46755218216318783,0.46786437246963564,0.4421734162752317,0.4421734162752317,0.0,0.43489286167110436,0.43489286167110436,0.0,0.4488089204257476,0.4488089204257476,0.0,0.43370130694074355,0.0,0.0,0.4386031746031746,0.5297754226596013,0.0,0.646454522676021,0.0,0.0,0.4731577614585971,0.5242363039636455,0.0,0.6467418546365915,0.0,0.02933124755572937,0.01904016692749087,0.023983315954118872,0.023992697874559918,0.018388106416275432,0.023992697874559918,0.00978218338333116,0.010564758053997652,0.023471117485982528,0.471874604980407,0.46308724832214765,0.4806083650190114,0.0,0.48517623107265556,0.0,0.4803099593495935,0.0,0.4627112183966459,0.37941589083025123,0.004305845511482255,0.0050887265135699375,0.5241236580002587,0.0,0.6748426865288301,0.0,0.9384577052447988,0.0,0.5436328377504848,0.0,0.9118720886314995,0.0,0.9436076185733848,0.0,0.9421065737051793,0.9352035749751738,0.9430096846287559,0.0,0.945811583395476,0.945777888322348,0.0,0.8714591464182299,0.8553958648512355,0.0,0.9482545184451597,0.942348399950193,0.0,0.9374454828660436,0.9374454828660436,0.945015479876161,0.945015479876161,0.938597583758874,0.94405248174279,0.9350293053996758,0.9451461119366023,0.9242973141786384,0.9288139704098957,0.9169398907103825,0.9290565122483628,0.913418336369156,0.9291691934505761,0.9169398907103825,0.9150588520810581,0.9165958480029137,0.9280514438243145,0.9262404464394032,0.9153612629022465,0.9334825313937586,0.941980370232327,0.9150588520810581,0.9165958480029137,0.9262404464394032,0.9153612629022465,0.9269771955361475,0.9284327996118389,0.9286840509399636,0.9262672811059908,0.9289438583727416,0.6794664006981673,0.6794664006981673,0.929047907822923,0.9274887838001697,0.9475576493925117,0.9317647058823529,0.9423530873400422,0.9304197102884735,0.9482886904761905,0.9486543470172393,0.9430985215554727,0.9475576493925117,0.8156936597614564,0.9430985215554727,0.9291777831675964,0.9299838328566099,0.7060176312763511,0.945811583395476,0.8714591464182299,0.9241854636591479,0.9447837467281566,0.7060176312763511,0.8314719538210565,0.8297979164051713,0.8061938061938062,0.624154219328482,0.5955475485780466,0.7398976982097186,0.9442508710801394,0.9460262441198316,0.9297832817337461,0.9297571853320119,0.7398976982097186,0.8211239337681887,0.8276294346245455,0.8061938061938062,0.946032924866939,0.9558031801677727,1.0,0.46276732800824527,0.7090700928635034,0.9202385389489377,0.5064350064350064,0.7461106860494772,0.457312354913593,0.9445277361319341,0.5905349794238683,0.9348883622302607,0.9425301654434631,0.4720194647201946,0.4720194647201946,0.4720194647201946,0.5451674036639292,0.36360108653473033,0.8774311926605505,0.5613682092555332,0.42922665307682506,0.4683080808080808,0.9269949066213922,0.9184069936862554,0.9284414796846574,0.7117410938283995,0.9285540999514799,0.7117410938283995,0.9281989084293512,0.13848150551589877,0.9269949066213922,0.9038251366120219,0.928190198932557,0.9270984958757884,0.9277049975739932,0.9282076158137279,0.9184069936862554,0.3343519225872167,0.9347473487211478,0.945811583395476,0.81089258698941,0.9473553204729309,0.9459091471716796,0.9457576511570043,0.9294117647058824,0.9404865876481597,0.9297571853320119,0.935644799201796,0.6404901838189321,0.6295643414756988,0.25420033346158777,0.26727931659332127,0.050411522633744855,0.051322131040771136,0.6347049200956336,0.6404901838189321,0.27670028445823636,0.25420033346158777,0.050411522633744855,0.9445277361319341,0.9177084597645345,0.9299838328566099,0.9259439116183077,0.7342451744854915,0.7556734089787864,0.945811583395476,0.9269949066213922,0.9401443504230961,0.9262583383869012
E7_LogReg,0.00907676348547718,0.19577659364515493,0.19243027888446215,0.3035378567766194,0.3041545563344161,0.30310515172900493,0.30310515172900493,0.0,0.29849690539345713,0.29849690539345713,0.0,0.2967147575178168,0.2967147575178168,0.0,0.24744550408719346,0.0,0.0,0.24155975692099932,0.27419102704392684,0.0,0.304867634500427,0.0,0.0,0.26231669138243535,0.2783651570143601,0.0,0.30491103202846975,0.0,0.04670402989057913,0.02073365231259968,0.035476126967191254,0.02402323125659979,0.020218143123171058,0.02402323125659979,0.011815252416756176,0.012610678830158305,0.03223228556206713,0.31380609797875986,0.32124803904479693,0.32942393928941016,0.0,0.28858386340810177,0.0,0.299543069893383,0.0,0.3054545454545455,0.2515090543259557,0.0,0.0,0.5846185064935064,0.0,0.5756733275412684,0.0,0.46546926385024034,0.0,0.5724437425977102,0.0,0.4828726358947229,0.0,0.46328891123962784,0.0,0.4641057934508816,0.46407864885303757,0.46175034430950296,0.0,0.4607977991746905,0.4613747339426568,0.0,0.48358534259637653,0.4832251829352478,0.0,0.45702254149120636,0.4639214204760106,0.0,0.46673425421366116,0.46673425421366116,0.45811583395476013,0.45811583395476013,0.4655455809836895,0.45811583395476013,0.46708185053380785,0.4564974556286459,0.4676425269645609,0.44776119402985076,0.4443629249205185,0.4476525536819119,0.44452617383842097,0.4477068672652269,0.4443629249205185,0.44387380777696256,0.44307354019056927,0.44746750880602454,0.4478229141328144,0.4429497370673841,0.46082018927444796,0.4585835835835836,0.44387380777696256,0.44307354019056927,0.4478229141328144,0.4429497370673841,0.447739426349052,0.4474386987132799,0.44774851316907394,0.44784828592268416,0.44759825327510916,0.34195280486081675,0.34195280486081675,0.44776119402985076,0.44825072886297374,0.4583074437678638,0.45367012629736153,0.45895895895895894,0.45552493109496367,0.4581935644179401,0.4583178034538452,0.45897948974487246,0.4583074437678638,0.41423948220064727,0.45897948974487246,0.44759825327510916,0.4649156198451973,0.5292678949942932,0.4607977991746905,0.48358534259637653,0.47575207468879666,0.46313537996980375,0.5292678949942932,0.4567274722260321,0.4551941814189653,0.43502051983584133,0.49922879177377893,0.5718283582089553,0.5349800796812749,0.46264908976773383,0.4576818068999752,0.45567398119122254,0.4534636101716147,0.5349800796812749,0.4521415782950007,0.4559308072487644,0.43502051983584133,0.4575682382133995,0.4600727090384856,0.46276732800824527,1.0,0.48501020247998744,0.4733735403567304,0.5403466826060969,0.5303101873720674,0.9541210989597226,0.4656044511886697,0.5796010538200979,0.468125715739916,0.4629303845187233,0.3769681435371659,0.3769681435371659,0.3769681435371659,0.33743722663210757,0.3384960260851844,0.44762632047855416,0.33133575145876043,0.2635618349904064,0.2491840731070496,0.4473460463986396,0.447845249755142,0.44715447154471544,0.42971175166297115,0.4475600873998543,0.42971175166297115,0.4470873786407767,0.17540421362077413,0.4473460463986396,0.44708209693372897,0.4475473530840214,0.44733325233871946,0.44758897121340946,0.44750576526277464,0.447845249755142,0.2238525206922498,0.4622797007734246,0.4607977991746905,0.41765588756992766,0.4607683644099612,0.45762501551060925,0.46190476190476193,0.4558454591068741,0.4640283221646226,0.4534636101716147,0.46318590799645165,0.3486211473234036,0.3540691529518345,0.20711166562694946,0.21111805121798877,0.06989795918367347,0.0716714622024588,0.3543106037849204,0.3486211473234036,0.21699669966996699,0.20711166562694946,0.06989795918367347,0.4656044511886697,0.4480225296926656,0.4649156198451973,0.4482338611449452,0.5135689491953298,0.4307027328499721,0.4607977991746905,0.4473460463986396,0.4642046886816234,0.4476051543885242
E7b_GaussianNB,0.011175076193701321,0.1559216131780744,0.15111301369863014,0.4034986265722134,0.4,0.3922058823529412,0.3922058823529412,0.0,0.38629008531921155,0.38629008531921155,0.0,0.3932535046728972,0.3932535046728972,0.0,0.42278021479352595,0.0,0.0,0.41873402495865286,0.4970007315288954,0.0,0.5854827343199436,0.0,0.0,0.44905548118399524,0.5013270421704512,0.0,0.5857888058649373,0.0,0.03038105046343975,0.014738646101113967,0.024218481621435934,0.01862929413775423,0.013881748071979434,0.01862929413775423,0.008448275862068965,0.008960882302257453,0.02143714628708626,0.40403167746580276,0.3930785868781543,0.418695652173913,0.0,0.44041832375902196,0.0,0.43487209644222286,0.0,0.3992727272727273,0.27362260919212106,0.0,0.0,0.4847620477405795,0.0,0.5913502711961176,0.0,0.7178230266465561,0.0,0.5065227170490328,0.0,0.713236241783735,0.0,0.7188674517664746,0.0,0.7184052156469408,0.7072167518384644,0.7128626572033371,0.0,0.7197301012120455,0.7210611938430734,0.0,0.7021388269256004,0.6840446487196323,0.0,0.7147634381966808,0.7175438596491228,0.0,0.7182584623128224,0.7182584623128224,0.7165403255871754,0.7165403255871754,0.7160788251537592,0.7154744162940885,0.7256491450284991,0.7149950347567031,0.7185194606970237,0.6998665534392818,0.6959228515625,0.6999029597282872,0.694451234417013,0.6997816593886463,0.6959228515625,0.6933674713484516,0.692326431181486,0.7004373177842566,0.6994774577712967,0.6926829268292682,0.7158291457286432,0.7170353705786776,0.6933674713484516,0.692326431181486,0.6994774577712967,0.6926829268292682,0.6983857264231096,0.7002549471895108,0.6997088085416161,0.6985552992594392,0.7000242600679282,0.6748155648777665,0.6748155648777665,0.7002790923431622,0.7008380906109559,0.7166998011928429,0.714964964964965,0.7184842421210605,0.7235782586814293,0.7165217391304348,0.7164327412743758,0.7181602299712536,0.7166998011928429,0.6828223323068684,0.7181602299712536,0.7000242600679282,0.7096612296110414,0.606842400448682,0.7197301012120455,0.7021388269256004,0.7170918367346939,0.7243114073701421,0.606842400448682,0.6841686555290374,0.6967629748528625,0.6683477106834771,0.5430322029068111,0.5055889939810834,0.6329290394535062,0.7213238059420835,0.7157215535426231,0.7239642362422869,0.7152168463274003,0.6329290394535062,0.6889632107023411,0.6820472023335985,0.6683477106834771,0.7155439771740478,0.716,0.7090700928635034,0.48501020247998744,1.0,0.7324051603014433,0.642450619350519,0.6963772282921219,0.47722989949748745,0.7259184446408282,0.5156996093184778,0.7219623214059931,0.7231290808638875,0.4426081730769231,0.4426081730769231,0.4426081730769231,0.6337916864232653,0.4324279562769129,0.6768444666001994,0.6077922077922078,0.2613282835114297,0.2649084058724178,0.7003158406219631,0.6982537550372451,0.7000849617672048,0.7484379648914014,0.7001699441612041,0.7484379648914014,0.7002549471895108,0.08194400754954388,0.7003158406219631,0.703955500618047,0.7002185526954833,0.7005711508081176,0.7003522409814162,0.7002913328477786,0.6982537550372451,0.20722620553915366,0.7208949563898369,0.7197301012120455,0.685953765039881,0.7203252032520325,0.715845638416677,0.719664748561421,0.7238035264483628,0.7247474747474747,0.7152168463274003,0.7221028686970807,0.686091919495344,0.6938525218457765,0.12689339811374678,0.12876947263112762,0.04880494735082734,0.04960924226979273,0.6933170582850168,0.686091919495344,0.12869466836373922,0.12689339811374678,0.04880494735082734,0.7259184446408282,0.7040803823060899,0.7096612296110414,0.7008765522279036,0.6238698010849909,0.6186229508196721,0.7197301012120455,0.7003158406219631,0.7161112503132047,0.7003768080709858
E7b_LDA,0.01601627049701284,0.2704426106526632,0.2621043412986363,0.4694312202455525,0.4710308502633559,0.4466691852411535,0.4466691852411535,0.0,0.43871778755499685,0.43871778755499685,0.0,0.45160075329566857,0.45160075329566857,0.0,0.43844410876132933,0.0,0.0,0.4404073422177521,0.5335419274092615,0.0,0.652347154775246,0.0,0.0,0.47832097524192535,0.530924601681094,0.0,0.6526342010212978,0.0,0.026218186468857912,0.013268690992600153,0.020971867007672635,0.016817428971843545,0.012759984688018375,0.016817428971843545,0.008327994875080076,0.008709016393442622,0.01864385135997957,0.47796610169491527,0.47239727753970256,0.47791265173319986,0.0,0.48203968852047224,0.0,0.48039708469464687,0.0,0.4611522530438057,0.36936936936936937,0.0012795905310300703,0.0017909684022003327,0.5148162279028361,0.0,0.6762122947689958,0.0,0.9488198757763975,0.0,0.5412515964240102,0.0,0.911621520409437,0.0,0.9529776674937965,0.0,0.9536645962732919,0.9525465838509317,0.9576870579476362,0.0,0.9549170175873173,0.9546468401486989,0.0,0.8724865742475334,0.8537712287712288,0.0,0.9638569129842802,0.9524518932340161,0.0,0.9492663516538175,0.9492663516538175,0.9647598957687058,0.9647598957687058,0.950652579241765,0.9635416666666666,0.9442028085000621,0.960510027234464,0.9304001988565747,0.944100885170365,0.9327179985426282,0.944343397599127,0.928493383513415,0.9444579189910259,0.9327179985426282,0.9310595946109965,0.9314320388349514,0.9433458692223705,0.9417687735047919,0.9297330097087378,0.9472180824639841,0.9537565088023804,0.9310595946109965,0.9314320388349514,0.9417687735047919,0.9297330097087378,0.943210775391336,0.9439592430858806,0.9444444444444444,0.9429680863972819,0.944464653813508,0.697752808988764,0.697752808988764,0.944100885170365,0.9460772407092544,0.960510027234464,0.9488228004956629,0.9526759167492567,0.9494047619047619,0.9607576132706115,0.9611241797697164,0.9539033457249071,0.960510027234464,0.8276337216585243,0.9539033457249071,0.944464653813508,0.9485678704856787,0.7055921052631579,0.9549170175873173,0.8724865742475334,0.9315119760479041,0.9517369727047147,0.7055921052631579,0.8463757210935541,0.8444751034742255,0.8169592827792305,0.6145244377434351,0.592752701843611,0.7354056103108415,0.9521625975957367,0.9650340979541228,0.9482886904761905,0.9463378361630933,0.7354056103108415,0.8376411543287328,0.8415977961432507,0.8169592827792305,0.9650384329283412,0.951790804312802,0.9202385389489377,0.4733735403567304,0.7324051603014433,1.0,0.518024374599102,0.7615345398929391,0.46663244353182753,0.9527127924340468,0.5878017789072427,0.9440646364201367,0.9584525438487375,0.49051038727878943,0.49051038727878943,0.49051038727878943,0.5740669978346707,0.3583704646721833,0.9026309318908287,0.5900621118012422,0.4269903156835618,0.4707280460345259,0.9427531837477259,0.933009708737864,0.9437302934756245,0.7148904382470119,0.943609022556391,0.7148904382470119,0.9434877516371574,0.13723485816509073,0.9427531837477259,0.9219357976653697,0.9432452097986903,0.9423893268647665,0.9429957550030321,0.9439660400242571,0.933009708737864,0.32384874578809436,0.9410304158907511,0.9549170175873173,0.8176345164931644,0.9542864222001982,0.9649144557401438,0.9548723034961567,0.9481582537517054,0.9460163812360387,0.9463378361630933,0.94240317775571,0.6800253646163602,0.661581489956776,0.24444165305866097,0.25429944360141626,0.04221105527638191,0.042731781762686,0.6654817824044688,0.6800253646163602,0.26399595602173637,0.24444165305866097,0.04221105527638191,0.9527127924340468,0.9358288770053476,0.9485678704856787,0.943134872417983,0.7280757097791798,0.7662321692080669,0.9549170175873173,0.9427531837477259,0.9514587212911235,0.9427253974032278
E7b_NearestCentroid,0.010481181515007145,0.1471009305654975,0.14489611562782295,0.3338906537368333,0.3313866177206741,0.3395083102493075,0.3395083102493075,0.0,0.33506854069061254,0.33506854069061254,0.0,0.33293515358361775,0.33293515358361775,0.0,0.32550509411155243,0.0,0.0,0.3172649572649573,0.3690821256038647,0.0,0.4106401896858328,0.0,0.0,0.3320033250207814,0.36852331606217614,0.0,0.4102830048896133,0.0,0.013519924098671726,0.011341698841698842,0.009058402860548272,0.010752688172043012,0.009891435464414958,0.010752688172043012,0.009558823529411765,0.010534051935325821,0.015377222489187891,0.33794829024186823,0.33969594594594593,0.3449599465954606,0.0,0.3332781182706642,0.0,0.3401201602136182,0.0,0.33525131155863935,0.24943546986277576,0.0,0.00024515812699190976,0.5860058309037901,0.0,0.6084357923497268,0.0,0.5081490840176879,0.0,0.6018875192604006,0.0,0.5232512185482808,0.0,0.5057139269119678,0.0,0.5071734205889756,0.5067992948879375,0.5045664956837232,0.0,0.504125,0.5041911672713625,0.0,0.5220687787706472,0.5220194814103444,0.0,0.5004954173891504,0.5067941620533467,0.0,0.5083480900581837,0.5083480900581837,0.5023001367648887,0.5023001367648887,0.5087807959570436,0.502113376429637,0.5099657229909864,0.5013664596273292,0.5136836695361686,0.4903531124863487,0.48946852804310553,0.4902341380565328,0.4893825948201792,0.4902936180538704,0.48946852804310553,0.4878854625550661,0.4872233769409463,0.4911875531785584,0.4908759124087591,0.48623853211009177,0.5051104100946372,0.5055165496489469,0.4878854625550661,0.4872233769409463,0.4908759124087591,0.48623853211009177,0.49021752339287883,0.49040796503156875,0.4905316824471959,0.4896124407726886,0.490174672489083,0.49393203883495146,0.49393203883495146,0.4903531124863487,0.49088921282798836,0.5022995649471722,0.5047116471918582,0.5058926780341023,0.5085707083438367,0.5014283939883244,0.5019257050565288,0.5051352705410822,0.5022995649471722,0.5010386373078521,0.5051352705410822,0.490174672489083,0.5098362736387867,0.5385831752055661,0.504125,0.5220687787706472,0.5163500064624531,0.5063498051049918,0.5385831752055661,0.49380530973451325,0.5017135023989033,0.47536744692433314,0.5205548128342246,0.5286535446786275,0.5535325241207594,0.5052050671014674,0.5014273302718133,0.5089578602069139,0.505351970784536,0.5535325241207594,0.5023441809156095,0.49692580953682197,0.47536744692433314,0.5013028911775654,0.5035087719298246,0.5064350064350064,0.5403466826060969,0.642450619350519,0.518024374599102,1.0,0.5513788322292404,0.5338661338661339,0.5075116778184573,0.5494330262225372,0.5116338207247298,0.506847593918834,0.44573002754820934,0.44573002754820934,0.44573002754820934,0.482687338501292,0.4375649283191357,0.4821135128302364,0.46819168475538486,0.2053642279003333,0.17839269944068295,0.4912472647702407,0.4920965567945105,0.4906508013598834,0.525803014157406,0.4905293831957261,0.525803014157406,0.49058894960534305,0.08651614264612788,0.4912472647702407,0.4980738163290667,0.49052708282730145,0.49106382978723406,0.4907654921020656,0.4902889050740471,0.4920965567945105,0.18510197027307293,0.5108060005085177,0.504125,0.5045524583274968,0.5045045045045045,0.5013651030032266,0.5047583270723767,0.5087697160883281,0.50726468730259,0.505351970784536,0.5101548616400101,0.49496221662468515,0.5004025116728386,0.14508928571428573,0.14604236343366778,0.02480270574971815,0.025357307514983864,0.501041499759654,0.49496221662468515,0.14403367496339678,0.14508928571428573,0.02480270574971815,0.5075116778184573,0.4946606112679514,0.5098362736387867,0.4915316193493359,0.5343311217404721,0.48026224020086483,0.504125,0.4912472647702407,0.5069252077562327,0.4913625304136253
E7b_QDA,0.013172873637989918,0.26514010244049413,0.2594553706505295,0.43685121107266434,0.420407581587573,0.4201226635514019,0.4201226635514019,0.0,0.40911075534856645,0.40911075534856645,0.0,0.4044718360326788,0.4044718360326788,0.0,0.3849240470048725,0.0,0.0,0.3862433862433862,0.4517021865485746,0.0,0.5253181336161188,0.0,0.0,0.4122299110295156,0.44959733407386837,0.0,0.5247813411078717,0.0,0.031126482213438736,0.016282894736842104,0.024538866930171276,0.019511395310706673,0.015126603091088459,0.019511395310706673,0.009421487603305785,0.009912440112340989,0.02288065843621399,0.4374551199195749,0.4267836593785961,0.43919209282337773,0.0,0.4172550127082745,0.0,0.4224052250461451,0.0,0.4278693263949118,0.3569317174105823,0.0006602839220864972,0.0014853936293117676,0.5427181514138036,0.0,0.6662284545720129,0.0,0.7535574864626622,0.0,0.5634956759217115,0.0,0.7580435910742086,0.0,0.7509708129775774,0.0,0.7527300112965984,0.7535813018346318,0.7508745627186407,0.0,0.7489085692902582,0.7502810743285446,0.0,0.7319020814242702,0.7206365908194133,0.0,0.7467178597968789,0.7531701192718142,0.0,0.7540342914775593,0.7540342914775593,0.7459982628117633,0.7459982628117633,0.7517605633802817,0.7457816377171216,0.7507882456804137,0.7459372286316834,0.7466700494735506,0.7315859725761437,0.7238396881471556,0.7314084677908529,0.7232458816351434,0.7310771470160117,0.7238396881471556,0.7225130890052356,0.7216545012165451,0.7309373482272948,0.7297789652659704,0.7222560604214886,0.7423312883435583,0.7468796804792811,0.7225130890052356,0.7216545012165451,0.7297789652659704,0.7222560604214886,0.7297002063357203,0.7307365610969543,0.7305919456574479,0.7298773825421877,0.731109763493026,0.5635402906208719,0.5635402906208719,0.7311658376804562,0.7302839116719243,0.7474546809038987,0.734227521112767,0.7470360663921128,0.7383235770332545,0.7474860335195531,0.7473932472691162,0.7469128102781589,0.7474546809038987,0.6776092074287209,0.7469128102781589,0.731109763493026,0.7521453811206461,0.6585987261146496,0.7489085692902582,0.7319020814242702,0.7569471123063132,0.7519127053806597,0.6585987261146496,0.7093115273015036,0.7095495971470083,0.6680535691067482,0.5822748679891537,0.597506678539626,0.6898644833427442,0.7503753753753754,0.7451369099244207,0.7378519810615499,0.7338639472702401,0.6898644833427442,0.7072621256294725,0.7072012661566869,0.6680535691067482,0.7451684836471755,0.7526315789473684,0.7461106860494772,0.5303101873720674,0.6963772282921219,0.7615345398929391,0.5513788322292404,1.0,0.5208497246262785,0.7560514372163388,0.5931423482262135,0.7576947435085497,0.7546435742971888,0.5320074580484773,0.5320074580484773,0.5320074580484773,0.48140380313199105,0.36841296666154555,0.7100635989524878,0.4728142076502732,0.3816320645905421,0.3824872043159496,0.730185702148319,0.7276497133796804,0.7305592624044644,0.6239859383450513,0.7306479009949042,0.6239859383450513,0.7305265712205775,0.15243016308735668,0.730185702148319,0.7220110361741263,0.7311240592376791,0.730661809350334,0.7306385044913815,0.7307692307692307,0.7276497133796804,0.3064992614475628,0.7479838709677419,0.7489085692902582,0.6795091700752078,0.7495317767511549,0.745260810308512,0.749094542275509,0.7374781958634438,0.7506918238993711,0.7338639472702401,0.7500630199142929,0.5263157894736842,0.5263228941684666,0.2529230769230769,0.26332094175960347,0.05049043254542531,0.05129042796471741,0.5257288727663576,0.5263157894736842,0.2702744372494604,0.2529230769230769,0.05049043254542531,0.7560514372163388,0.7289149273770291,0.7521453811206461,0.7314431735215381,0.6760781008568619,0.6528925619834711,0.7489085692902582,0.730185702148319,0.7512862341573597,0.7311057108140948
E7b_RidgeClassifier,0.009471191791633781,0.19693043651584613,0.19404186795491143,0.3020976616231087,0.3022696011004127,0.301153504880213,0.301153504880213,0.0,0.2942116477272727,0.2942116477272727,0.0,0.2940765332867377,0.2940765332867377,0.0,0.24631470689064108,0.0,0.0,0.23997961956521738,0.2725129655822725,0.0,0.30162810625535563,0.0,0.0,0.26089839217636335,0.27628865979381445,0.0,0.3018571428571429,0.0,0.047386948280530736,0.02076031275276355,0.035434135785772244,0.024096385542168676,0.020237452779276847,0.024096385542168676,0.011989100817438692,0.0127960794990471,0.0327027027027027,0.31129476584022037,0.31642469826832254,0.32422145328719726,0.0,0.2864355435880175,0.0,0.29765146358066713,0.0,0.30355276907001044,0.24940180379164367,0.0,0.0,0.5823301367067946,0.0,0.5701097369796203,0.0,0.4588235294117647,0.0,0.5717123559793404,0.0,0.47651184332407037,0.0,0.45686619718309857,0.0,0.45730478589420653,0.45727249810940257,0.4549893577062727,0.0,0.4542271135567784,0.4547958928124217,0.0,0.4764305177111717,0.47576970868424684,0.0,0.4503344067376765,0.45730478589420653,0.0,0.45970603142422706,0.45970603142422706,0.4510437375745527,0.4510437375745527,0.459271439413104,0.45122405865539955,0.4607755880483153,0.44961528915363613,0.4618350038550501,0.4410337296772628,0.43775984348251407,0.4409267345948569,0.43808239333006377,0.44098022564600264,0.43775984348251407,0.4370949993886783,0.4368279569892473,0.4407335438426038,0.4412551690586232,0.436345848110554,0.45474056306021965,0.45200850957326993,0.4370949993886783,0.4368279569892473,0.4412551690586232,0.436345848110554,0.4411764705882353,0.44088370963826173,0.4411943196989926,0.4412837345003647,0.4408732565191025,0.3324396782841823,0.3324396782841823,0.4410337296772628,0.44169096209912534,0.4515968683981608,0.44655581947743467,0.45238393192341386,0.44803405960430753,0.45166500994035785,0.4516088955149708,0.45240775484677925,0.4515968683981608,0.40525252525252525,0.45240775484677925,0.4408732565191025,0.458248730964467,0.5212071778140294,0.4542271135567784,0.4764305177111717,0.46894047464660876,0.45670777749811226,0.5212071778140294,0.44872497943515216,0.4473864727671834,0.4282195155330505,0.49948258020006897,0.5640881913303438,0.5268611509644509,0.45605223505775994,0.45080034743764735,0.44817646321594184,0.44633688165309954,0.5268611509644509,0.4433131535498074,0.4489151332051634,0.4282195155330505,0.45068850018608114,0.4536677115987461,0.457312354913593,0.9541210989597226,0.47722989949748745,0.46663244353182753,0.5338661338661339,0.5208497246262785,1.0,0.4587759231158321,0.5709173102279148,0.46106870229007635,0.45632776171924094,0.37336766599227517,0.37336766599227517,0.37336766599227517,0.32761411460019424,0.3370279146141215,0.44240570846075433,0.32365472621114094,0.26517684321661095,0.24872679480860851,0.44078707639985426,0.44105765699596033,0.4404270808056297,0.42088934850051707,0.44083019783954364,0.42088934850051707,0.4403591797112001,0.17571251548946717,0.44078707639985426,0.439693524468611,0.4408158310064344,0.44059766763848396,0.4408549914986641,0.4409515717926933,0.44105765699596033,0.22428842504743832,0.45654104809034385,0.4542271135567784,0.40951861448247645,0.4541927409261577,0.4507444168734491,0.4553202155658604,0.4481634699761815,0.45775360485707056,0.44633688165309954,0.45708127298085455,0.34085545722713867,0.34693260803868237,0.20844715276318554,0.21479763912310287,0.0703205791106515,0.07212940864492177,0.3470093177036369,0.34085545722713867,0.21969538910911746,0.20844715276318554,0.0703205791106515,0.4587759231158321,0.4407049320768572,0.458248730964467,0.44165651644336174,0.5050489113284948,0.42257839721254353,0.4542271135567784,0.44078707639985426,0.4572148708254568,0.44104060296620473
E7c_ExtraTrees,0.02207923290436538,0.2849099099099099,0.27721407991982966,0.472446821743998,0.4753240279162512,0.44841368973270046,0.44841368973270046,0.0,0.44430553819227403,0.44430553819227403,0.0,0.4580209895052474,0.4580209895052474,0.0,0.4361304780876494,0.0,0.0,0.4393279402613566,0.5319122567852275,0.0,0.6507897334649556,0.0,0.0,0.47630891680139287,0.5281777557100298,0.0,0.6510738089360651,0.0,0.029106555302455074,0.01821401467240071,0.023655913978494623,0.022629582806573956,0.01783906882591093,0.022629582806573956,0.009873417721518988,0.010632911392405063,0.022899797570850203,0.48240578986773147,0.4720938943688351,0.48975,0.0,0.49110944152266467,0.0,0.48798498122653317,0.0,0.46789105447276363,0.3801198801198801,0.004177215189873418,0.004936708860759494,0.5210073399139459,0.0,0.679271531554319,0.0,0.9762292005504817,0.0,0.5410707505379065,0.0,0.9447667087011349,0.0,0.981372671583948,0.0,0.979375,0.9657185442802136,0.9735370853522176,0.0,0.9832771745912892,0.9850018747656543,0.0,0.8978258137489004,0.877338355304457,0.0,0.9782043343653251,0.9783858070964517,0.0,0.9757166103392164,0.9757166103392164,0.9749752229930624,0.9749752229930624,0.9766074555916938,0.9732640178239881,0.9720831246870305,0.9741240559613717,0.9613744670178078,0.9576713159490601,0.945361826129189,0.9576764491874848,0.9420765027322404,0.9577926015767132,0.945361826129189,0.9434603251637952,0.9443028758645795,0.9559733171619164,0.9541595925297114,0.9433114833697499,0.9662473533441276,0.9769499127834538,0.9434603251637952,0.9443028758645795,0.9541595925297114,0.9433114833697499,0.9570284049526584,0.9572971005701808,0.958495145631068,0.9567856275795096,0.9575603249666546,0.6878463243442926,0.6878463243442926,0.9574339073490177,0.9561052503940827,0.9804993168550491,0.9622057001239157,0.9753547423450336,0.9593958900717999,0.9800099329525701,0.9806259314456036,0.9785643070787637,0.9804993168550491,0.8358730951786161,0.9785643070787637,0.9577977201067184,0.9610405775454319,0.7177347996460625,0.9832771745912892,0.8978258137489004,0.9613787897848786,0.9845883974439293,0.7177347996460625,0.846718964014444,0.8489765351972042,0.8354351354725933,0.6377654196157735,0.5973451327433629,0.7494944388270981,0.9832437163936476,0.9752413963852439,0.9585242045313854,0.9599652949925632,0.7494944388270981,0.8407985028072364,0.8449564134495642,0.8354351354725933,0.9752444609481371,0.9739823229179634,0.9445277361319341,0.4656044511886697,0.7259184446408282,0.9527127924340468,0.5075116778184573,0.7560514372163388,0.4587759231158321,1.0,0.5940306057923359,0.9650611429997504,0.973605577689243,0.47467001885606536,0.47467001885606536,0.47467001885606536,0.5526217461701333,0.3630959908941444,0.9035055575913032,0.5746110765401369,0.4378609088626663,0.4744625326208525,0.9558520315342632,0.9461165048543689,0.9570648878107945,0.7298442367601247,0.9571809801067444,0.7298442367601247,0.9568223165554882,0.139099645928174,0.9558520315342632,0.9313106796116505,0.9568170790878214,0.9557253760310529,0.9563318777292577,0.9565902752516067,0.9461165048543689,0.3371599700524083,0.9718186372745491,0.9832771745912892,0.8337101230846521,0.9848787803049238,0.9748762376237624,0.9845,0.9581527794973381,0.9790674354474805,0.9599652949925632,0.9731997495303695,0.6594184890656064,0.6557356451815555,0.25438376753507014,0.26795649974709157,0.04918851435705368,0.05005688282138794,0.6595984943538269,0.6594184890656064,0.2768375852488002,0.25438376753507014,0.04918851435705368,1.0,0.9470616804273919,0.9610405775454319,0.9550698239222829,0.7436836786255685,0.7699363992172211,0.9832771745912892,0.9558520315342632,0.9717204435031768,0.9548817465130383
E7c_HistGBM_imputed,0.013429752066115703,0.2675627240143369,0.26308191988451823,0.36984781230183894,0.37349014621741894,0.3572467280659234,0.3572467280659234,0.0,0.35314119170984454,0.35314119170984454,0.0,0.35540626999360203,0.35540626999360203,0.0,0.3119886721208307,0.0,0.0,0.31134440614227515,0.3557692307692308,0.0,0.4057710893276267,0.0,0.0,0.3391478851497376,0.35902788131802593,0.0,0.40543898398674766,0.0,0.031556948798328106,0.01697045883092395,0.02362533974492996,0.02065081351689612,0.016988255033557047,0.02065081351689612,0.010993657505285413,0.011834319526627219,0.024088814411395057,0.3740506329113924,0.38322871398680186,0.38708651399491095,0.0,0.35722075089577815,0.0,0.35828125,0.0,0.371112536069253,0.33355966728908504,0.0014799154334038055,0.001689545934530095,0.6857088269010317,0.0,0.7712579058327477,0.0,0.5955426111181461,0.0,0.7121067683508103,0.0,0.6247176079734219,0.0,0.5917725500062901,0.0,0.5928166351606805,0.5922844175491679,0.5887066483034932,0.0,0.5883898411109721,0.5893259834627913,0.0,0.6221556070309306,0.6247927031509121,0.0,0.5826108496408224,0.5928166351606805,0.0,0.5960441232407759,0.5960441232407759,0.5827641872594065,0.5827641872594065,0.5949639377451601,0.5825676682393841,0.5963640986524281,0.5813693872488216,0.5976376941841058,0.5702328966521106,0.5668214023943318,0.5700945913170021,0.5663402692778458,0.5699733203977686,0.5668214023943318,0.565185546875,0.5638868568641795,0.569677106093712,0.5698140721837405,0.5642778659504334,0.5867674858223062,0.5882426673351717,0.565185546875,0.5638868568641795,0.5698140721837405,0.5642778659504334,0.5694511898980087,0.5699551025360999,0.5704404805242083,0.5693989071038251,0.5704063068526379,0.4181057744198597,0.4181057744198597,0.5700424499696786,0.5706653715395823,0.584711000621504,0.5765248846201821,0.5876237003632719,0.571926331508213,0.5845656766496831,0.584493041749503,0.5879774577332498,0.584711000621504,0.5297246974331693,0.5879774577332498,0.5702158622362358,0.5929731100963977,0.7209802947507865,0.5883898411109721,0.6221556070309306,0.6101584827227852,0.5923173803526448,0.7209802947507865,0.5604881974248928,0.569151809832523,0.5406455068970135,0.6376446904881731,0.7829618435965243,0.7039052496798975,0.5909547738693467,0.5823412698412699,0.5715886454183267,0.5757462220557013,0.7039052496798975,0.5701670968618394,0.5595973154362416,0.5406455068970135,0.5821968757748575,0.5885821831869511,0.5905349794238683,0.5796010538200979,0.5156996093184778,0.5878017789072427,0.5494330262225372,0.5931423482262135,0.5709173102279148,0.5940306057923359,1.0,0.5943096659469072,0.5891511803114013,0.4037828947368421,0.4037828947368421,0.4037828947368421,0.3672566371681416,0.3532036409066571,0.5651295009475679,0.36667148431854313,0.35288335517693314,0.3302132883228479,0.5708905357793707,0.5694902823615695,0.5700072797864596,0.4920413292376431,0.5700764470331271,0.4920413292376431,0.5699551025360999,0.15615675353093297,0.5708905357793707,0.5606822923058044,0.5695219606891532,0.5693820565739954,0.5692270355539376,0.5700072797864596,0.5694902823615695,0.2961047914512237,0.5932698412698413,0.5883898411109721,0.535271943995692,0.5892521608417888,0.5824652777777778,0.5893707696164452,0.5714107832150417,0.59445429222588,0.5757462220557013,0.5943132774815943,0.3889800382827454,0.39647453833240065,0.27936210131332084,0.29375,0.050635464998991325,0.05164609053497942,0.3959087113832452,0.3889800382827454,0.3030531473803242,0.27936210131332084,0.050635464998991325,0.5940306057923359,0.5679570155086091,0.5929731100963977,0.5702117303480165,0.7072267825527121,0.5392491467576792,0.5883898411109721,0.5708905357793707,0.5918084436042849,0.5708728422076343
E7d_MLP_128_64,0.022095238095238095,0.2837039829124262,0.2761353629387344,0.4723888055972014,0.47417135709818636,0.44824990590891983,0.44824990590891983,0.0,0.4421316614420063,0.4421316614420063,0.0,0.4566198595787362,0.4566198595787362,0.0,0.43807138384470884,0.0,0.0,0.4430935071446478,0.5344053851907256,0.0,0.6525297619047619,0.0,0.0,0.478668835230827,0.5304619225967541,0.0,0.6530207170326262,0.0,0.029168258820532415,0.01846428116643321,0.023942944472745798,0.02303971486761711,0.017827581815866547,0.02303971486761711,0.009810166900242069,0.010574595489871321,0.02305145185939888,0.47886971742935736,0.47203411086029595,0.48529227688071097,0.0,0.48739179525780957,0.0,0.4857537341533827,0.0,0.46615693156179494,0.3808686919407482,0.004204892966360856,0.004969418960244648,0.5234882240611076,0.0,0.6773620798985416,0.0,0.967016491754123,0.0,0.541905125270253,0.0,0.9301770689438654,0.0,0.9692096733981551,0.0,0.9672192446715693,0.9580436941410129,0.9673210735586482,0.0,0.9716206123973115,0.9708665338645418,0.0,0.8917661847894406,0.8762276504658776,0.0,0.971764705882353,0.968937125748503,0.0,0.9633096218644702,0.9633096218644702,0.9682893595937074,0.9682893595937074,0.9627367896311066,0.9675581971272907,0.9582190072337241,0.9674424362465956,0.9446107784431138,0.9511278195488722,0.9383420317999758,0.9511337456044622,0.935526954832443,0.9510124893900812,0.9383420317999758,0.9369161712968579,0.9382281553398059,0.9501395123134782,0.9480897513644633,0.9365291262135922,0.954415600546516,0.9641082960755092,0.9369161712968579,0.9382281553398059,0.9480897513644633,0.9365291262135922,0.9495329370374863,0.9505154639175257,0.9505274645325573,0.9490538573508006,0.951728320194057,0.6956413758847635,0.6956413758847635,0.9511278195488722,0.9497999272462714,0.9725704356460221,0.9569745815251085,0.9637492240844197,0.9532004457100408,0.9711061507936508,0.9724531579600447,0.9671805072103431,0.9725704356460221,0.8346486283352124,0.9671805072103431,0.9512550018188433,0.9518955873213176,0.714195264024313,0.9716206123973115,0.8917661847894406,0.9479754293594083,0.9684538653366583,0.714195264024313,0.8466824940647257,0.8484848484848485,0.8252959501557633,0.6328441295546559,0.5976383951244286,0.7491121258244546,0.9713181194662676,0.9685604654041342,0.952086170607899,0.9544890873015873,0.7491121258244546,0.840741204457243,0.8458364591147787,0.8252959501557633,0.9688080207946528,0.9638419483101391,0.9348883622302607,0.468125715739916,0.7219623214059931,0.9440646364201367,0.5116338207247298,0.7576947435085497,0.46106870229007635,0.9650611429997504,0.5943096659469072,1.0,0.9715497878712254,0.4742489270386266,0.4742489270386266,0.4742489270386266,0.5583730856138589,0.36185881157948196,0.8964590964590965,0.5753938484621155,0.4327720532797185,0.47422937726194936,0.9502547925260859,0.940512322447493,0.9509946627850558,0.7281019617643384,0.9506367495451788,0.7281019617643384,0.9505154639175257,0.13712544438801422,0.9502547925260859,0.9264027204274957,0.9500363812757701,0.9496542520926847,0.949787750151607,0.9509946627850558,0.940512322447493,0.33567134268537074,0.9552647975077881,0.9716206123973115,0.8287869264613451,0.9702551337896702,0.9694155522535909,0.9698742686418523,0.9517147455738517,0.9612412761714856,0.9544890873015873,0.9571286141575274,0.6566625155666251,0.6465127947817361,0.2532075471698113,0.2655417406749556,0.04964182480834485,0.05052176126240774,0.6522447955856534,0.6566625155666251,0.2752630911626728,0.2532075471698113,0.04964182480834485,0.9650611429997504,0.9398058252427185,0.9518955873213176,0.9492287137131058,0.7404126059992406,0.7707233206434975,0.9716206123973115,0.9502547925260859,0.9625528738492162,0.949047676816693
E7d_MLP_256_128_64,0.02231974921630094,0.28514506288133484,0.2770093457943925,0.4741475511469312,0.47665176353700944,0.44911669569544665,0.44911669569544665,0.0,0.44430616054760425,0.44430616054760425,0.0,0.4586859133897461,0.4586859133897461,0.0,0.443683030152006,0.0,0.0,0.4470602889885401,0.5421791526897751,0.0,0.6635699244394897,0.0,0.0,0.484067712223052,0.5374953364009452,0.0,0.6638582579605997,0.0,0.029045643153526972,0.018606990193613275,0.02388735227558461,0.02338152105593966,0.01797837566004526,0.02338152105593966,0.009681881051175657,0.010436313340877657,0.023264587525150905,0.4826043737574553,0.4743525896414343,0.48714125978382405,0.0,0.4884878655880523,0.0,0.48593827775012444,0.0,0.4690651064359517,0.3831589436970603,0.004023638878410662,0.004904426559356137,0.5174104336895035,0.0,0.6727318358639729,0.0,0.9706540661526983,0.0,0.5369532428355958,0.0,0.9315940581700163,0.0,0.9772444665506093,0.0,0.9755036060681422,0.9670465807730426,0.97606943583385,0.0,0.9791459781529295,0.9788872329855937,0.0,0.8931784107946027,0.8751562109472631,0.0,0.9836613442257706,0.9742761277494718,0.0,0.9706321553011449,0.9706321553011449,0.9811718072587637,0.9811718072587637,0.970050950664844,0.9797004579774724,0.9648184982595723,0.9800717910632504,0.9512559064909226,0.9639781685870225,0.951438630569382,0.9639825369876304,0.9479179312856623,0.9638612660683968,0.951438630569382,0.9492964580300824,0.9508495145631068,0.9625181950509462,0.9602279616830363,0.9484411015407012,0.9644053081979412,0.9733482087517045,0.9492964580300824,0.9508495145631068,0.9602279616830363,0.9484411015407012,0.9619116933527414,0.963605483440495,0.9633761823914625,0.9614311704063069,0.9641038079068639,0.705379276152702,0.705379276152702,0.9639781685870225,0.9624105735418941,0.9830172306929466,0.9674303405572755,0.973475458601884,0.9653465346534653,0.9822822450749598,0.9826517967781908,0.9739744701945718,0.9830172306929466,0.84375,0.9739744701945718,0.9641038079068639,0.9609229624116115,0.7100413689356901,0.9791459781529295,0.8931784107946027,0.950498753117207,0.9752641392169049,0.7100413689356901,0.8545794392523365,0.8538471131063724,0.8318639016515584,0.6280815917907646,0.5926437358774793,0.7443816698053987,0.9773828756058158,0.9811881188118812,0.9644758014605768,0.964949219717612,0.7443816698053987,0.8461346633416459,0.8530474884706469,0.8318639016515584,0.9814356435643564,0.9745562864589797,0.9425301654434631,0.4629303845187233,0.7231290808638875,0.9584525438487375,0.506847593918834,0.7546435742971888,0.45632776171924094,0.973605577689243,0.5891511803114013,0.9715497878712254,1.0,0.47453385058190467,0.47453385058190467,0.47453385058190467,0.5637726420986883,0.3598694123556002,0.9077598828696926,0.5804926598656382,0.437172120909318,0.4816610717394007,0.9621588841722256,0.9517166080310566,0.9633717404487568,0.7274981403421771,0.9630123696337618,0.7274981403421771,0.9628910987145283,0.13690550884678127,0.9621588841722256,0.937151176898811,0.9626485568760611,0.9617950272892662,0.9624014554275319,0.9633717404487568,0.9517166080310566,0.3379721669980119,0.9613808518564511,0.9791459781529295,0.8340217799474278,0.978274363749224,0.9818024263431543,0.9778964361107662,0.9641044683747989,0.9678260869565217,0.964949219717612,0.9632389468455043,0.6652589740404918,0.6496259351620948,0.2518030340711266,0.264141477486517,0.04965243296921549,0.05052155334925223,0.655942137423619,0.6652589740404918,0.2742319749216301,0.2518030340711266,0.04965243296921549,0.973605577689243,0.9521902681713384,0.9609229624116115,0.9616225406849648,0.7364331369845846,0.7747769766589271,0.9791459781529295,0.9621588841722256,0.9696105184817663,0.9611885991510006
E8_IsolationForest_c=0.050,0.011794228356336261,0.2429831595829992,0.24053452115812918,0.35048678720445064,0.3668191414496833,0.34506790564689066,0.34506790564689066,0.0,0.35310070511661545,0.35310070511661545,0.0,0.3472172988302021,0.3472172988302021,0.0,0.29438280166435504,0.0,0.0,0.28775124549046555,0.33012512030798846,0.0,0.3717948717948718,0.0,0.0,0.3042460715479773,0.3364682990108643,0.0,0.3716475095785441,0.0,0.0009854644000985464,0.0005026388539834129,0.0004973887092762995,0.0004977600796416127,0.00025157232704402514,0.0004977600796416127,0.0,0.0,0.00074757039621231,0.34301925722145804,0.35527470598560645,0.3151809651474531,0.0,0.3023758099352052,0.0,0.2994350282485876,0.0,0.36873997504901085,0.32630579297245965,0.0,0.0,0.40014089468122577,0.0,0.4559683794466403,0.0,0.4736114601658708,0.0,0.4272887323943662,0.0,0.4686934023285899,0.0,0.471028971028971,0.0,0.473328324567994,0.47849597585513076,0.477,0.0,0.47107129525942515,0.4701929060360921,0.0,0.44929059379926434,0.4454183266932271,0.0,0.4743034055727554,0.47406664996241543,0.0,0.472473604826546,0.472473604826546,0.47619047619047616,0.47619047619047616,0.4725743692732522,0.47600696171059176,0.4713512152121899,0.4743637492240844,0.4736372898624554,0.4648707681106662,0.46339373163565134,0.4647579764648793,0.46360623542408247,0.46481436544528026,0.46339373163565134,0.461830193295816,0.4611905635007945,0.4654837141468158,0.4653284671532847,0.46251837334639884,0.47674858223062383,0.47585689266950215,0.461830193295816,0.4611905635007945,0.4653284671532847,0.46251837334639884,0.46576675179374927,0.4652659703667719,0.4650400582665696,0.46588006325264564,0.4645239539114615,0.4018909090909091,0.4018909090909091,0.4648707681106662,0.46520102028422206,0.47308360208385014,0.4703824043989003,0.47457203548669247,0.4654785643070788,0.47223599405057015,0.47254245692326763,0.47569053868266464,0.47308360208385014,0.4524460235036895,0.47569053868266464,0.4647016011644833,0.482994923857868,0.40371571807726336,0.47107129525942515,0.44929059379926434,0.4709562109025916,0.4701473894579066,0.40371571807726336,0.4616324867581149,0.4504589632829374,0.4331356160690213,0.40737808739708675,0.40334207077326345,0.41535119478638666,0.4701995012468828,0.4753630383517438,0.4658183632734531,0.46983729662077595,0.41535119478638666,0.45156908028800435,0.45590028451429343,0.4331356160690213,0.47524506762625635,0.4757135703555333,0.4720194647201946,0.3769681435371659,0.4426081730769231,0.49051038727878943,0.44573002754820934,0.5320074580484773,0.37336766599227517,0.47467001885606536,0.4037828947368421,0.4742489270386266,0.47453385058190467,1.0,1.0,1.0,0.3394480778433562,0.29317656129529684,0.4568572874493927,0.34340272343089684,0.32323956280236515,0.29998332499583125,0.46554029415339737,0.4667238632185317,0.4649751122981668,0.37939274669665446,0.4650315687226809,0.37939274669665446,0.4650880388585307,0.15586239176222794,0.46554029415339737,0.45748738771994585,0.46520102028422206,0.4657101167315175,0.46560525036460865,0.4649751122981668,0.4667238632185317,0.2682694142339248,0.47492103600758057,0.47107129525942515,0.4517507582023711,0.4717827332751962,0.4751209827522025,0.47201097120059843,0.46599276176213655,0.4725468023621058,0.46983729662077595,0.4737704918032787,0.3795869855890655,0.37535859882228595,0.24549643904482615,0.26362672322375397,0.0011547344110854503,0.0011811953697141507,0.37157406020667966,0.3795869855890655,0.26619157409348143,0.24549643904482615,0.0011547344110854503,0.47467001885606536,0.4694253438113949,0.482994923857868,0.466658539558698,0.40340253748558247,0.4485447709232697,0.47107129525942515,0.46554029415339737,0.475837831053094,0.46617181796057433
E8_IsolationForest_c=0.100,0.011794228356336261,0.2429831595829992,0.24053452115812918,0.35048678720445064,0.3668191414496833,0.34506790564689066,0.34506790564689066,0.0,0.35310070511661545,0.35310070511661545,0.0,0.3472172988302021,0.3472172988302021,0.0,0.29438280166435504,0.0,0.0,0.28775124549046555,0.33012512030798846,0.0,0.3717948717948718,0.0,0.0,0.3042460715479773,0.3364682990108643,0.0,0.3716475095785441,0.0,0.0009854644000985464,0.0005026388539834129,0.0004973887092762995,0.0004977600796416127,0.00025157232704402514,0.0004977600796416127,0.0,0.0,0.00074757039621231,0.34301925722145804,0.35527470598560645,0.3151809651474531,0.0,0.3023758099352052,0.0,0.2994350282485876,0.0,0.36873997504901085,0.32630579297245965,0.0,0.0,0.40014089468122577,0.0,0.4559683794466403,0.0,0.4736114601658708,0.0,0.4272887323943662,0.0,0.4686934023285899,0.0,0.471028971028971,0.0,0.473328324567994,0.47849597585513076,0.477,0.0,0.47107129525942515,0.4701929060360921,0.0,0.44929059379926434,0.4454183266932271,0.0,0.4743034055727554,0.47406664996241543,0.0,0.472473604826546,0.472473604826546,0.47619047619047616,0.47619047619047616,0.4725743692732522,0.47600696171059176,0.4713512152121899,0.4743637492240844,0.4736372898624554,0.4648707681106662,0.46339373163565134,0.4647579764648793,0.46360623542408247,0.46481436544528026,0.46339373163565134,0.461830193295816,0.4611905635007945,0.4654837141468158,0.4653284671532847,0.46251837334639884,0.47674858223062383,0.47585689266950215,0.461830193295816,0.4611905635007945,0.4653284671532847,0.46251837334639884,0.46576675179374927,0.4652659703667719,0.4650400582665696,0.46588006325264564,0.4645239539114615,0.4018909090909091,0.4018909090909091,0.4648707681106662,0.46520102028422206,0.47308360208385014,0.4703824043989003,0.47457203548669247,0.4654785643070788,0.47223599405057015,0.47254245692326763,0.47569053868266464,0.47308360208385014,0.4524460235036895,0.47569053868266464,0.4647016011644833,0.482994923857868,0.40371571807726336,0.47107129525942515,0.44929059379926434,0.4709562109025916,0.4701473894579066,0.40371571807726336,0.4616324867581149,0.4504589632829374,0.4331356160690213,0.40737808739708675,0.40334207077326345,0.41535119478638666,0.4701995012468828,0.4753630383517438,0.4658183632734531,0.46983729662077595,0.41535119478638666,0.45156908028800435,0.45590028451429343,0.4331356160690213,0.47524506762625635,0.4757135703555333,0.4720194647201946,0.3769681435371659,0.4426081730769231,0.49051038727878943,0.44573002754820934,0.5320074580484773,0.37336766599227517,0.47467001885606536,0.4037828947368421,0.4742489270386266,0.47453385058190467,1.0,1.0,1.0,0.3394480778433562,0.29317656129529684,0.4568572874493927,0.34340272343089684,0.32323956280236515,0.29998332499583125,0.46554029415339737,0.4667238632185317,0.4649751122981668,0.37939274669665446,0.4650315687226809,0.37939274669665446,0.4650880388585307,0.15586239176222794,0.46554029415339737,0.45748738771994585,0.46520102028422206,0.4657101167315175,0.46560525036460865,0.4649751122981668,0.4667238632185317,0.2682694142339248,0.47492103600758057,0.47107129525942515,0.4517507582023711,0.4717827332751962,0.4751209827522025,0.47201097120059843,0.46599276176213655,0.4725468023621058,0.46983729662077595,0.4737704918032787,0.3795869855890655,0.37535859882228595,0.24549643904482615,0.26362672322375397,0.0011547344110854503,0.0011811953697141507,0.37157406020667966,0.3795869855890655,0.26619157409348143,0.24549643904482615,0.0011547344110854503,0.47467001885606536,0.4694253438113949,0.482994923857868,0.466658539558698,0.40340253748558247,0.4485447709232697,0.47107129525942515,0.46554029415339737,0.475837831053094,0.46617181796057433
E8_IsolationForest_c=0.130,0.011794228356336261,0.2429831595829992,0.24053452115812918,0.35048678720445064,0.3668191414496833,0.34506790564689066,0.34506790564689066,0.0,0.35310070511661545,0.35310070511661545,0.0,0.3472172988302021,0.3472172988302021,0.0,0.29438280166435504,0.0,0.0,0.28775124549046555,0.33012512030798846,0.0,0.3717948717948718,0.0,0.0,0.3042460715479773,0.3364682990108643,0.0,0.3716475095785441,0.0,0.0009854644000985464,0.0005026388539834129,0.0004973887092762995,0.0004977600796416127,0.00025157232704402514,0.0004977600796416127,0.0,0.0,0.00074757039621231,0.34301925722145804,0.35527470598560645,0.3151809651474531,0.0,0.3023758099352052,0.0,0.2994350282485876,0.0,0.36873997504901085,0.32630579297245965,0.0,0.0,0.40014089468122577,0.0,0.4559683794466403,0.0,0.4736114601658708,0.0,0.4272887323943662,0.0,0.4686934023285899,0.0,0.471028971028971,0.0,0.473328324567994,0.47849597585513076,0.477,0.0,0.47107129525942515,0.4701929060360921,0.0,0.44929059379926434,0.4454183266932271,0.0,0.4743034055727554,0.47406664996241543,0.0,0.472473604826546,0.472473604826546,0.47619047619047616,0.47619047619047616,0.4725743692732522,0.47600696171059176,0.4713512152121899,0.4743637492240844,0.4736372898624554,0.4648707681106662,0.46339373163565134,0.4647579764648793,0.46360623542408247,0.46481436544528026,0.46339373163565134,0.461830193295816,0.4611905635007945,0.4654837141468158,0.4653284671532847,0.46251837334639884,0.47674858223062383,0.47585689266950215,0.461830193295816,0.4611905635007945,0.4653284671532847,0.46251837334639884,0.46576675179374927,0.4652659703667719,0.4650400582665696,0.46588006325264564,0.4645239539114615,0.4018909090909091,0.4018909090909091,0.4648707681106662,0.46520102028422206,0.47308360208385014,0.4703824043989003,0.47457203548669247,0.4654785643070788,0.47223599405057015,0.47254245692326763,0.47569053868266464,0.47308360208385014,0.4524460235036895,0.47569053868266464,0.4647016011644833,0.482994923857868,0.40371571807726336,0.47107129525942515,0.44929059379926434,0.4709562109025916,0.4701473894579066,0.40371571807726336,0.4616324867581149,0.4504589632829374,0.4331356160690213,0.40737808739708675,0.40334207077326345,0.41535119478638666,0.4701995012468828,0.4753630383517438,0.4658183632734531,0.46983729662077595,0.41535119478638666,0.45156908028800435,0.45590028451429343,0.4331356160690213,0.47524506762625635,0.4757135703555333,0.4720194647201946,0.3769681435371659,0.4426081730769231,0.49051038727878943,0.44573002754820934,0.5320074580484773,0.37336766599227517,0.47467001885606536,0.4037828947368421,0.4742489270386266,0.47453385058190467,1.0,1.0,1.0,0.3394480778433562,0.29317656129529684,0.4568572874493927,0.34340272343089684,0.32323956280236515,0.29998332499583125,0.46554029415339737,0.4667238632185317,0.4649751122981668,0.37939274669665446,0.4650315687226809,0.37939274669665446,0.4650880388585307,0.15586239176222794,0.46554029415339737,0.45748738771994585,0.46520102028422206,0.4657101167315175,0.46560525036460865,0.4649751122981668,0.4667238632185317,0.2682694142339248,0.47492103600758057,0.47107129525942515,0.4517507582023711,0.4717827332751962,0.4751209827522025,0.47201097120059843,0.46599276176213655,0.4725468023621058,0.46983729662077595,0.4737704918032787,0.3795869855890655,0.37535859882228595,0.24549643904482615,0.26362672322375397,0.0011547344110854503,0.0011811953697141507,0.37157406020667966,0.3795869855890655,0.26619157409348143,0.24549643904482615,0.0011547344110854503,0.47467001885606536,0.4694253438113949,0.482994923857868,0.466658539558698,0.40340253748558247,0.4485447709232697,0.47107129525942515,0.46554029415339737,0.475837831053094,0.46617181796057433
L2b_coh_drop,0.000839806844425782,0.0,0.012841328413284133,0.34137876636693487,0.3337515683814304,0.34079844206426485,0.34079844206426485,0.0,0.3280012926159315,0.3280012926159315,0.0,0.33184214730787664,0.33184214730787664,0.0,0.4392769392769393,0.0,0.0,0.4218345137329418,0.4955268389662028,0.0,0.5698655829946858,0.0,0.0,0.4706287683031869,0.5087394957983193,0.0,0.5714285714285714,0.0,0.0,0.0,0.0,0.0,0.0,0.0,0.0,0.0,0.0,0.36604859335038364,0.3501516844962478,0.33147200248177444,0.0,0.38112113402061853,0.0,0.38206785137318255,0.0,0.3335974643423138,0.16357605909844716,0.0,0.0,0.31870634679623444,0.0,0.4059097978227061,0.0,0.5501928100510014,0.0,0.34091598422808617,0.0,0.5281921618204805,0.0,0.5521518045392534,0.0,0.5540775733465937,0.5525727069351231,0.5570028532440144,0.0,0.5553628932375526,0.5547020195762606,0.0,0.5393772893772893,0.531435349940688,0.0,0.5618435685160015,0.5511850105472142,0.0,0.5529499812897593,0.5529499812897593,0.563685972962917,0.563685972962917,0.5515868077162415,0.563879930538328,0.553928928928929,0.5627013630731103,0.5430721003134796,0.5534934497816594,0.5499633520645004,0.5537360504609413,0.5494492044063648,0.5538032269804682,0.5499633520645004,0.5504217088375504,0.5512224938875305,0.5546238911167821,0.5539883268482491,0.5487536656891495,0.5531304564729359,0.558055693684734,0.5504217088375504,0.5512224938875305,0.5539883268482491,0.5487536656891495,0.5549610894941635,0.5541525012141817,0.5540720961281709,0.5549069682597592,0.5538573508005823,0.7771115298954943,0.7771115298954943,0.5540589734255551,0.5546647230320699,0.5598021026592456,0.5712669683257918,0.5574605541061002,0.5731553764794762,0.5598565421716547,0.5599802127133316,0.5580124223602484,0.5598021026592456,0.6536670547147846,0.5580124223602484,0.5538573508005823,0.5514614039470397,0.45729714366917723,0.5553628932375526,0.5393772893772893,0.5427312775330396,0.552066526002234,0.45729714366917723,0.5637921653971708,0.5734649122807017,0.5203317281968968,0.37230856979894483,0.3446580887668064,0.47274001401541693,0.5531308121512709,0.5640644361833953,0.5738056220849616,0.5708710976837865,0.47274001401541693,0.5695437053326003,0.5693001640240568,0.5203317281968968,0.5639246778989098,0.553914877776399,0.5451674036639292,0.33743722663210757,0.6337916864232653,0.5740669978346707,0.482687338501292,0.48140380313199105,0.32761411460019424,0.5526217461701333,0.3672566371681416,0.5583730856138589,0.5637726420986883,0.3394480778433562,0.3394480778433562,0.3394480778433562,1.0,0.3757161338015154,0.5931850695799193,0.726514730405781,0.134236625226987,0.18371028167059802,0.5550692924872356,0.5531914893617021,0.5542066286269273,0.6255201109570042,0.5540852252033507,0.6255201109570042,0.554341226472374,0.005137289636846767,0.5550692924872356,0.5633155213122903,0.5540983606557377,0.5547045951859956,0.5543676345523023,0.5543953375424964,0.5531914893617021,0.06939012023757786,0.5507373156710822,0.5553628932375526,0.6432322053675612,0.5550185873605948,0.5639945483831,0.5555004340816073,0.5740226986128626,0.5483590253605172,0.5708710976837865,0.5502308748284038,0.8153985507246376,0.7940586841625661,0.009519492293744334,0.007071922961179657,0.0,0.0,0.8023319366004736,0.8153985507246376,0.007284079084287201,0.009519492293744334,0.0,0.5526217461701333,0.5594843462246777,0.5514614039470397,0.554365031048338,0.47783738001129306,0.521448087431694,0.5553628932375526,0.5550692924872356,0.5554033864541833,0.5544747081712063
L2b_ndvi_delta,0.029421598127716483,0.09198751300728408,0.08560637851447755,0.2686150409530901,0.258493353028065,0.2618042226487524,0.2618042226487524,0.0,0.26398296884072,0.26398296884072,0.0,0.2605233219567691,0.2605233219567691,0.0,0.2881724683544304,0.0,0.0,0.2915515199368338,0.3223423423423423,0.0,0.34991922455573504,0.0,0.0,0.291289592760181,0.3180831826401447,0.0,0.34910382690134023,0.0,0.040829986613119144,0.03734155532716684,0.03611204859939251,0.035449020931802834,0.0377617576381737,0.035449020931802834,0.027102154273801252,0.029186935371785964,0.045749402526459544,0.26158940397350994,0.24388899099430253,0.2627723860098883,0.0,0.2744771423283361,0.0,0.27260934025203853,0.0,0.26328638497652584,0.18142633228840124,0.008313127814340146,0.009691934925579786,0.38307966001186006,0.0,0.39106992417860154,0.0,0.36035353535353537,0.0,0.3702355870522888,0.0,0.37221269296740994,0.0,0.3605177180196029,0.0,0.36029689269090454,0.35694549108264256,0.3577052868391451,0.0,0.3592597223958985,0.35970952798297234,0.0,0.36905732138005976,0.36302497941257206,0.0,0.3564528114936834,0.359612724757953,0.0,0.3612446243359474,0.3612446243359474,0.3561847988077496,0.3561847988077496,0.36064125220903814,0.3560163914069291,0.36214775323686216,0.35622051154705736,0.36565916398713827,0.34922946244387815,0.3498588783899865,0.3491447288608516,0.34944649446494463,0.34902341380565327,0.3498588783899865,0.34787938220152,0.34865759470393526,0.3491677803426072,0.3493917274939173,0.3477674190382728,0.3609355246523388,0.35987460815047023,0.34787938220152,0.34865759470393526,0.3493917274939173,0.3477674190382728,0.3485603207386709,0.348871085214858,0.3490291262135922,0.34848116646415556,0.34893875075803515,0.39205000801410483,0.39205000801410483,0.349065760737685,0.3483009708737864,0.35740027339381136,0.3599547226763929,0.35990974050394886,0.361128605617836,0.35731146726301405,0.35726708074534164,0.35929868503443957,0.35740027339381136,0.3433291684020547,0.35929868503443957,0.34910237748665696,0.3580918638491712,0.37072,0.3592597223958985,0.36905732138005976,0.3656803204548391,0.3611425695230905,0.37072,0.3553958822716595,0.36075597554196775,0.3460361613351878,0.3638082144698402,0.3450530035335689,0.37597503900156004,0.3605322621139844,0.35573465592064474,0.3611951588502269,0.3600957902697252,0.37597503900156004,0.3569436698271054,0.35337202874516305,0.3460361613351878,0.35564646089004587,0.3594730238393977,0.36360108653473033,0.3384960260851844,0.4324279562769129,0.3583704646721833,0.4375649283191357,0.36841296666154555,0.3370279146141215,0.3630959908941444,0.3532036409066571,0.36185881157948196,0.3598694123556002,0.29317656129529684,0.29317656129529684,0.29317656129529684,0.3757161338015154,1.0,0.3332491795001262,0.36762860727728985,0.12782745923198316,0.09400479616306955,0.3488824101068999,0.35008580534444717,0.3491138625880068,0.39089481946624804,0.34932005828071877,0.39089481946624804,0.3493624772313297,0.018135376756066413,0.3488824101068999,0.3535479060519448,0.3492834588292446,0.3496656534954407,0.34928927226339446,0.3492776496297196,0.35008580534444717,0.11954384585135666,0.36382139676885894,0.3592597223958985,0.3465485730352875,0.36000500876533936,0.35569055293825935,0.35997995238691893,0.36133181990162694,0.36377454084863836,0.3600957902697252,0.36426029486527706,0.39557863004521854,0.40402823205370975,0.05471060414026194,0.056798986486486486,0.07810009563277016,0.0805921052631579,0.4025641025641026,0.39557863004521854,0.05625908241644177,0.05471060414026194,0.07810009563277016,0.3630959908941444,0.3505824647455549,0.3580918638491712,0.34998781379478433,0.36882307092751365,0.3363032102955735,0.3592597223958985,0.3488824101068999,0.3586068150383503,0.34922178988326846
L2b_plausibility_score,0.0016514227642276424,0.21972822130550837,0.22109384558913495,0.46470884799596673,0.463727959697733,0.4374131615510926,0.4374131615510926,0.0,0.4307168096920747,0.4307168096920747,0.0,0.44311452689933223,0.44311452689933223,0.0,0.42073553407807207,0.0,0.0,0.4133250311332503,0.49624245410866086,0.0,0.598494049064853,0.0,0.0,0.46880907372400754,0.5052893590541382,0.0,0.5991494532199271,0.0,0.024062095730918498,0.011491284699806327,0.019414962464405904,0.014431130009019456,0.010845706907682376,0.014431130009019456,0.007267064624967558,0.007653392139058243,0.016798035921953742,0.47012856062515757,0.45749905553456743,0.46936212958312407,0.0,0.47143216712811475,0.0,0.4708921370967742,0.0,0.4512394614319869,0.323400097703957,0.0,0.0,0.48185812931575644,0.0,0.6349981224183252,0.0,0.90185546875,0.0,0.5093387178192832,0.0,0.8643943109367337,0.0,0.9085581736051764,0.0,0.9080136818959199,0.9101811062163485,0.912953241362471,0.0,0.9131071515743227,0.912353515625,0.0,0.8308733087330873,0.810664700823197,0.0,0.9214729910986466,0.9061508420795704,0.0,0.9024807527801539,0.9024807527801539,0.9178048780487805,0.9178048780487805,0.9033952125061065,0.9182727494510856,0.8998532648569333,0.9195752989992677,0.8867278287461774,0.9310052140172184,0.918902513050868,0.9312477264459803,0.916312401311794,0.9311264702315993,0.918902513050868,0.9181840252488468,0.9187909686817188,0.9293076270158845,0.9277312962289317,0.9166262135922331,0.901917674361793,0.9105224609375,0.9181840252488468,0.9187909686817188,0.9277312962289317,0.9166262135922331,0.9287013459439797,0.9301564205165515,0.9306414453740754,0.9286926994906621,0.9313689826603614,0.6480576594185194,0.6480576594185194,0.9310052140172184,0.9299139080877895,0.918872758326217,0.905220785557453,0.911121963130265,0.9041346505671424,0.919116750030499,0.91923874588264,0.9109212934716291,0.918872758326217,0.7667439307063559,0.9109212934716291,0.9313689826603614,0.9019583843329253,0.6691213180229656,0.9131071515743227,0.8308733087330873,0.8818849449204407,0.9082692072798338,0.6691213180229656,0.8036529680365296,0.8017773389286595,0.7927961381359079,0.5973423592829384,0.5666708717043017,0.6949869386739644,0.9094348834370805,0.9192781368125839,0.903036955726308,0.9027693058436013,0.6949869386739644,0.7945932600913468,0.8019007652431498,0.7927961381359079,0.9195220095110352,0.9086028065893837,0.8774311926605505,0.44762632047855416,0.6768444666001994,0.9026309318908287,0.4821135128302364,0.7100635989524878,0.44240570846075433,0.9035055575913032,0.5651295009475679,0.8964590964590965,0.9077598828696926,0.4568572874493927,0.4568572874493927,0.4568572874493927,0.5931850695799193,0.3332491795001262,1.0,0.5648672455014471,0.42379323451159256,0.47176247631080226,0.9291863708015036,0.9189713731198448,0.9303989329453134,0.694902641696639,0.9302776767309324,0.694902641696639,0.9301564205165515,0.13401264026828325,0.9291863708015036,0.9069484936831875,0.9299139080877895,0.9288226021583607,0.9294288832302655,0.9306330341983993,0.9189713731198448,0.2770615422038433,0.897238514173998,0.9131071515743227,0.7560737394701502,0.9120087869172565,0.9194000731618095,0.9118544744231474,0.90267105744603,0.9030917756324086,0.9027693058436013,0.8995232856618995,0.6429911216706264,0.623903783512904,0.2500318918229366,0.25943517329910143,0.05311897106109325,0.040375466118040375,0.6290221610116439,0.6429911216706264,0.2692751763951251,0.2500318918229366,0.05311897106109325,0.9035055575913032,0.9192041732378988,0.9019583843329253,0.9272021354040282,0.698587323415427,0.7600938387455242,0.9131071515743227,0.9291863708015036,0.9058722988646075,0.9291520077641635
L2b_s2__lu__date_persistent_loss,0.009580105992662047,0.06458364478995365,0.05556387599221207,0.34943314179220375,0.3464518128292532,0.34973637961335674,0.34973637961335674,0.0,0.341794380587484,0.341794380587484,0.0,0.3458622867972205,0.3458622867972205,0.0,0.3929579804019266,0.0,0.0,0.3850584169820635,0.45384251222976174,0.0,0.526637815251455,0.0,0.0,0.41354723707664887,0.4579156722354813,0.0,0.5276284348864994,0.0,0.0030187160394445564,0.00245398773006135,0.0024330900243309003,0.0008102086287218959,0.0020462451401677922,0.0008102086287218959,0.003115264797507788,0.0033195020746887966,0.0030475416497358796,0.3733878578169236,0.35880503144654086,0.34550475606014114,0.0,0.40587385652383245,0.0,0.40102580541753485,0.0,0.3457987795337193,0.19269654443941453,0.0,0.0,0.32284521324187293,0.0,0.41797312430011196,0.0,0.5733300161711655,0.0,0.3408584583395218,0.0,0.5442878711625566,0.0,0.5756109663813422,0.0,0.5768083519761372,0.5774542739828294,0.5818430203676105,0.0,0.579573624194348,0.5785298128176521,0.0,0.5525392908169893,0.5433389985619035,0.0,0.5873762376237623,0.5758290895540926,0.0,0.575168287210172,0.575168287210172,0.5887246988699864,0.5887246988699864,0.5729736449527598,0.5895142253696112,0.5772022022022022,0.5877171215880893,0.5673776662484317,0.5760553129548762,0.5719169719169719,0.5762979136341582,0.5706774272438249,0.5763678272473614,0.5719169719169719,0.5739268680445151,0.5733838445557864,0.5768436398979467,0.5767967894928858,0.5712889431887599,0.5792827689616394,0.5821619604428412,0.5739268680445151,0.5733838445557864,0.5767967894928858,0.5712889431887599,0.5775778210116731,0.5769277474195507,0.5766476514140065,0.5777183167112625,0.5764192139737991,0.6975884244372991,0.6975884244372991,0.5766290498725882,0.577259475218659,0.5847678018575851,0.5980602090943444,0.5813548788067122,0.5993945509586277,0.5852117909338618,0.5847468119351245,0.5819040517027094,0.5847678018575851,0.5911282545805208,0.5819040517027094,0.5764192139737991,0.576663331665833,0.4621201512393222,0.579573624194348,0.5525392908169893,0.562994598668509,0.5747611366174463,0.4621201512393222,0.566925965665236,0.5692762980898574,0.5528968947439172,0.40887548470486856,0.3394042072568121,0.46272739707290383,0.5759980163649888,0.58967357577262,0.6000757671423159,0.597502522704339,0.46272739707290383,0.5603656897015327,0.564780042918455,0.5528968947439172,0.5895272366298548,0.5764078392458447,0.5613682092555332,0.33133575145876043,0.6077922077922078,0.5900621118012422,0.46819168475538486,0.4728142076502732,0.32365472621114094,0.5746110765401369,0.36667148431854313,0.5753938484621155,0.5804926598656382,0.34340272343089684,0.34340272343089684,0.34340272343089684,0.726514730405781,0.36762860727728985,0.5648672455014471,1.0,0.08348552048004174,0.1658419152066337,0.5772970345162859,0.5753575357535754,0.5767876654121646,0.5935273159144893,0.5766662619885881,0.5935273159144893,0.5769277474195507,0.00411240575736806,0.5772970345162859,0.585641535213017,0.5766848816029144,0.5771241035614441,0.5769651318187341,0.5767876654121646,0.5753575357535754,0.11277753271577709,0.5737848306884918,0.579573624194348,0.5808945334069575,0.5796328454477797,0.58979769144843,0.5797443217078317,0.6003031834259727,0.5718726684904253,0.597502522704339,0.5740324594257179,0.8427513991695252,0.8170289855072463,0.00807398708162067,0.007912087912087912,0.00497131931166348,0.005065263978180402,0.8249139960166576,0.8427513991695252,0.007962936151730129,0.00807398708162067,0.00497131931166348,0.5746110765401369,0.5809617271835132,0.576663331665833,0.5772040915733073,0.47657982261640797,0.5217040720333288,0.579573624194348,0.5772970345162859,0.5791505791505791,0.5768996960486322
L2b_s2__lu__loss_count,0.016788518819388032,0.4595860029571217,0.461038961038961,0.2966937857019214,0.3038635572572224,0.2822780332507959,0.2822780332507959,0.0,0.2865048197072474,0.2865048197072474,0.0,0.29034531360112753,0.29034531360112753,0.0,0.2352233676975945,0.0,0.0,0.2452992927376229,0.26920031670625494,0.0,0.3057683967037733,0.0,0.0,0.25521267723102586,0.2656920387732401,0.0,0.30562382535781407,0.0,0.021311033180469383,0.011193011193011193,0.016277807921866522,0.014913232104121476,0.00955240174672489,0.014913232104121476,0.0024841291747170853,0.002480022044640397,0.016861571933641555,0.2905104487838301,0.2957354221061793,0.3127600554785021,0.0,0.26306998496742945,0.0,0.2668794088008062,0.0,0.2953630796150481,0.38097199341021415,0.0013958682300390843,0.0022315202231520223,0.3111756664388243,0.0,0.36491442542787283,0.0,0.4366373902132999,0.0,0.3386903744229783,0.0,0.4304533126695079,0.0,0.4398548003504819,0.0,0.4384625015650432,0.4391375203710668,0.438957475994513,0.0,0.4396508728179551,0.4393013100436681,0.0,0.40551489806586516,0.4017444165455266,0.0,0.4396434319673146,0.4381023907873326,0.0,0.4363933191008414,0.4363933191008414,0.4371049696368819,0.4371049696368819,0.439070351758794,0.43621501114689126,0.4310626019320035,0.43765493306891423,0.433066869686588,0.430737506065017,0.42703495477878267,0.4306330341983992,0.42575590647570083,0.4305117632791657,0.42703495477878267,0.4253266577115643,0.4259372328733667,0.4293860713419073,0.4285020636076718,0.42719040626529614,0.43893849830210036,0.43868631368631367,0.4253266577115643,0.4259372328733667,0.4285020636076718,0.42719040626529614,0.4299939283545841,0.4297149787750152,0.4307206988595001,0.4300983845499818,0.4305808172668849,0.22046936114732724,0.22046936114732724,0.430217048623742,0.4291257426943131,0.43997517070142766,0.425257412231733,0.4374454284645129,0.421039603960396,0.4398659550701254,0.4396327087728006,0.438552713661884,0.43997517070142766,0.37203445990722334,0.438552713661884,0.4305808172668849,0.43653991437924955,0.3620689655172414,0.4396508728179551,0.40551489806586516,0.4301157319089406,0.43968432919954903,0.3620689655172414,0.3779734524904718,0.37682493752466134,0.3860776439089692,0.34604563926226944,0.3856569709127382,0.37762947918177864,0.43996998499249623,0.4370590419606387,0.4199257425742574,0.42411823149528066,0.37762947918177864,0.3785430463576159,0.38095238095238093,0.3860776439089692,0.43712871287128713,0.43779665251061706,0.42922665307682506,0.2635618349904064,0.2613282835114297,0.4269903156835618,0.2053642279003333,0.3816320645905421,0.26517684321661095,0.4378609088626663,0.35288335517693314,0.4327720532797185,0.437172120909318,0.32323956280236515,0.32323956280236515,0.32323956280236515,0.134236625226987,0.12782745923198316,0.42379323451159256,0.08348552048004174,1.0,0.7360886631262987,0.42909135023656436,0.42560975609756097,0.42978413776376423,0.2647214854111406,0.43000970402717126,0.2647214854111406,0.4297149787750152,0.29969333705046,0.42909135023656436,0.4097002193516939,0.42964580300824845,0.4287274050709693,0.4291606016496846,0.429610767551837,0.42560975609756097,0.45733241821093573,0.43647592639274013,0.4396508728179551,0.37232334047109206,0.4385286783042394,0.4370049504950495,0.43801446744824146,0.4197301646243347,0.4395521449238898,0.42411823149528066,0.43738977072310403,0.15752280611589362,0.15420805018295872,0.5629997242900469,0.596234897443102,0.029687896472976403,0.030705178246161854,0.1533766233766234,0.15752280611589362,0.6195560550716493,0.5629997242900469,0.029687896472976403,0.4378609088626663,0.4223141501399197,0.43653991437924955,0.4292315175097276,0.3676066522053507,0.37157951774586834,0.4396508728179551,0.42909135023656436,0.43656156156156156,0.42950819672131146
L2b_s2__lu__loss_fraction,0.019329581600195742,0.413523767016291,0.4101351351351351,0.3076286612609631,0.32201405152224827,0.2919055649241147,0.2919055649241147,0.0,0.29623957801599454,0.29623957801599454,0.0,0.31212892281594573,0.31212892281594573,0.0,0.24386252045826515,0.0,0.0,0.2516404199475066,0.28288672350791716,0.0,0.32310494605576573,0.0,0.0,0.2671243812869232,0.27585681645087584,0.0,0.32352116624614524,0.0,0.03171091445427729,0.013546798029556651,0.025660004934616332,0.021391689205802804,0.01206599359763605,0.021391689205802804,0.0012382367508667657,0.0012363996043521265,0.018654884634266077,0.31062355658198615,0.32283597170764566,0.3263000498421665,0.0,0.2867979341510652,0.0,0.2910241843856517,0.0,0.308658516161447,0.3605429172242401,0.0027589666415851516,0.003006012024048096,0.26748196926936346,0.0,0.3362414187643021,0.0,0.47653429602888087,0.0,0.2896713615023474,0.0,0.45074513766102553,0.0,0.4788977159880834,0.0,0.47936350074589756,0.4858178183181307,0.4865032964299042,0.0,0.48184409468335604,0.4807882994546356,0.0,0.4342967244701349,0.4309090909090909,0.0,0.48997524752475247,0.48009950248756217,0.0,0.47651090342679125,0.47651090342679125,0.48693498452012385,0.48693498452012385,0.4782608695652174,0.48693498452012385,0.4697176968038801,0.4876749659358355,0.4640400250156348,0.48023284016492845,0.4747437774524158,0.4802958651630896,0.4731826511912034,0.4801746089487086,0.4747437774524158,0.47425573450463643,0.4755859375,0.479252608590148,0.4783928137897548,0.47531769305962857,0.4774370481176764,0.4814998758380929,0.47425573450463643,0.4755859375,0.4783928137897548,0.47531769305962857,0.47936392328235006,0.4795633717404488,0.47986902740722776,0.4794803302574065,0.4804171213774706,0.2674448767833982,0.2674448767833982,0.48005335273432764,0.47896204680489873,0.4869382196360035,0.47661000124084874,0.48021828103683495,0.4719059405940594,0.48700173310225303,0.4873096446700508,0.4807787698412698,0.4869382196360035,0.4084009421617378,0.4807787698412698,0.4804171213774706,0.4800901577761082,0.3631742445636826,0.48184409468335604,0.4342967244701349,0.46376993595378624,0.47747300484051136,0.3631742445636826,0.42078497848480895,0.416720927204063,0.4254502118644068,0.327888153053716,0.3559850374064838,0.37578114150812386,0.4795285359801489,0.4879316747122169,0.47079207920792077,0.4749782689680864,0.37578114150812386,0.4207485226526592,0.4265110790612298,0.4254502118644068,0.4881792301027355,0.4830202761537505,0.4683080808080808,0.2491840731070496,0.2649084058724178,0.4707280460345259,0.17839269944068295,0.3824872043159496,0.24872679480860851,0.4744625326208525,0.3302132883228479,0.47422937726194936,0.4816610717394007,0.29998332499583125,0.29998332499583125,0.29998332499583125,0.18371028167059802,0.09400479616306955,0.47176247631080226,0.1658419152066337,0.7360886631262987,1.0,0.4787724405628336,0.47339583586996226,0.479805942995755,0.29316172646905875,0.4798641436196021,0.29316172646905875,0.4797428432799612,0.2647718773373224,0.4787724405628336,0.4594298245614035,0.47914140189182636,0.4782292298362644,0.4786563182148921,0.4796264855687606,0.47339583586996226,0.4248791762975415,0.4697535474234503,0.48184409468335604,0.4005252790544977,0.48036178912154626,0.48787128712871286,0.47967781908302354,0.4704207920792079,0.4745615126259485,0.4749782689680864,0.4715548363002614,0.21642561983471073,0.20195058517555267,0.46682750301568154,0.4949693251533742,0.04269715352309846,0.04393505253104107,0.20362694300518136,0.21642561983471073,0.5145940642629384,0.46682750301568154,0.04269715352309846,0.4744625326208525,0.4701737334467258,0.4800901577761082,0.4783084214363835,0.3743732590529248,0.4057371581054036,0.48184409468335604,0.4787724405628336,0.47947250559840754,0.4785194174757282
R0_dietrich28_faithful_groupkfold,0.024434719183078046,0.2858009708737864,0.27694174757281553,0.4778857837181045,0.47782772445632365,0.44877870944221654,0.44877870944221654,0.0,0.44372873116188627,0.44372873116188627,0.0,0.45759416767922234,0.45759416767922234,0.0,0.44119076549210207,0.0,0.0,0.4448359659781288,0.5415552855407048,0.0,0.6641165755919854,0.0,0.0,0.48183695784230346,0.5352934029887012,0.0,0.6639951426836673,0.0,0.02782841171466764,0.01786365293474298,0.02284325637910085,0.022602989427633977,0.01725604569206465,0.022602989427633977,0.009236752552260573,0.009965969859017987,0.022116903633491312,0.4834710743801653,0.4721749696233293,0.48592233009708735,0.0,0.48470873786407764,0.0,0.48294281898749547,0.0,0.4675498298492951,0.3816636308439587,0.0040116703136396795,0.004741064916119621,0.4989072365225838,0.0,0.6507705375561218,0.0,0.9553668890236507,0.0,0.5177856015539638,0.0,0.9102377486656963,0.0,0.9613192676124651,0.0,0.9600970285021225,0.9585303746817024,0.9659228716953675,0.0,0.9665332848308475,0.9655590589376667,0.0,0.8722087378640777,0.855148130160272,0.0,0.9764762944100885,0.959859325733689,0.0,0.9541484716157205,0.9541484716157205,0.9735533179667597,0.9735533179667597,0.9559733171619164,0.9735533179667597,0.9499151103565365,0.9731991268493815,0.9362114964831434,0.9967260822117133,0.982296592700376,0.9972107688576279,0.9790201309725928,0.9973317161916313,0.982296592700376,0.982292298362644,0.9826582585495998,0.9957544881125667,0.9946614899296288,0.9809604656803299,0.9545123726346434,0.9637399951491632,0.982292298362644,0.9826582585495998,0.9946614899296288,0.9809604656803299,0.995147986414362,0.9963614311704063,0.9966044142614601,0.99490538573508,0.9973320397768615,0.7040680024286582,0.7040680024286582,0.99745269286754,0.9956347762822845,0.9729598641930399,0.9605726070605363,0.9641038079068639,0.9590104292990541,0.9732023766218019,0.9735629396070822,0.9648314334222653,0.9729598641930399,0.8233009708737864,0.9648314334222653,0.9970898508548564,0.9508674026446682,0.6899441340782123,0.9665332848308475,0.8722087378640777,0.9314403591797112,0.9601067054686553,0.6899441340782123,0.8410057087331471,0.8393876807192322,0.8228800194104088,0.6127230787908219,0.5740830701967452,0.7206703910614525,0.962653085970656,0.9750121300339641,0.9586315661773626,0.9579036758461725,0.7206703910614525,0.8318756073858115,0.8390623102149884,0.8228800194104088,0.9750151607034566,0.962289317327513,0.9269949066213922,0.4473460463986396,0.7003158406219631,0.9427531837477259,0.4912472647702407,0.730185702148319,0.44078707639985426,0.9558520315342632,0.5708905357793707,0.9502547925260859,0.9621588841722256,0.46554029415339737,0.46554029415339737,0.46554029415339737,0.5550692924872356,0.3488824101068999,0.9291863708015036,0.5772970345162859,0.42909135023656436,0.4787724405628336,1.0,0.9861616897305171,0.9970884386752396,0.7253187613843352,0.9967248908296943,0.7253187613843352,0.996845808564843,0.1341433778857837,1.0,0.9713522699684389,0.9966031784544462,0.9962378640776699,0.9963601067702014,0.9970884386752396,0.9861616897305171,0.3400485436893204,0.9487024011642008,0.9665332848308475,0.8114077669902913,0.9654419789014187,0.9753730437947349,0.9648314334222653,0.9582676210117675,0.9542808634489449,0.9579036758461725,0.9502789231142372,0.6631412594213469,0.6414245776103076,0.25558523555123847,0.25658453695836875,0.060495626822157436,0.04871234207968902,0.6473805761516956,0.6631412594213469,0.26650485436893206,0.25558523555123847,0.060495626822157436,0.9558520315342632,0.9890590809628009,0.9508674026446682,0.9934466019417476,0.7153089717130023,0.7988086554826161,0.9665332848308475,1.0,0.9588891583798205,0.9958732855929118
R0b_prepost_single_card_groupkfold,0.02457908320019663,0.28313179430804936,0.27468230694037143,0.4770002446782481,0.47784577723378213,0.44875719358393534,0.44875719358393534,0.0,0.44402253797158253,0.44402253797158253,0.0,0.4578180482429289,0.4578180482429289,0.0,0.4389975550122249,0.0,0.0,0.44284142315686514,0.5379074594066658,0.0,0.6582216808769793,0.0,0.0,0.47844669678837465,0.531990231990232,0.0,0.6580998781973203,0.0,0.028136134660277676,0.017936117936117935,0.022844509948415623,0.022601645989436186,0.017321867321867322,0.022601645989436186,0.009462947032075704,0.010200319528081602,0.02236146946799361,0.48480392156862745,0.47540179119126486,0.4843673668783586,0.0,0.4815176284006344,0.0,0.48082559843673667,0.0,0.4676708302718589,0.3824862216778934,0.004056047197640118,0.004793510324483776,0.49761701087620674,0.0,0.6482497865593365,0.0,0.9451589420043679,0.0,0.5162472514048375,0.0,0.9009348063615394,0.0,0.9515894200436787,0.0,0.949890803203106,0.9480897513644633,0.9561946365732314,0.0,0.9556202255365588,0.9548817465130383,0.0,0.8642275434544792,0.8482599172548065,0.0,0.9658016007761339,0.9494177583697234,0.0,0.9439388423734983,0.9439388423734983,0.9631112729037739,0.9631112729037739,0.945765590876001,0.9626349629989082,0.9401771629656595,0.962522741055185,0.9266990291262136,0.9862947240751971,0.9725794710021839,0.9862963861266069,0.9692998422521538,0.9864160097028503,0.9725794710021839,0.9732912468131601,0.9724614824699745,0.9874893720393538,0.9900194741966893,0.9717198689161306,0.9447748513169074,0.9530624620982413,0.9732912468131601,0.9724614824699745,0.9900194741966893,0.9717198689161306,0.984712448434846,0.9852049478535048,0.9861717612809315,0.9842290428242145,0.9861767915605675,0.7001585172539934,0.7001585172539934,0.9862947240751971,0.9847217169879956,0.962046804898751,0.9506008010680908,0.9536632702571567,0.948096046568033,0.9625272859568276,0.9626485568760611,0.9546281693558171,0.962046804898751,0.8150218765192028,0.9546281693558171,0.9861767915605675,0.9406553398058253,0.6861812416148311,0.9556202255365588,0.8642275434544792,0.9216852841185041,0.9496664645239539,0.6861812416148311,0.8367670364500792,0.8342474101157831,0.8157062971067347,0.6096132731487129,0.5715506715506715,0.7162013897354627,0.9524502668607472,0.964333373771685,0.9474769529354682,0.9481670308327264,0.7162013897354627,0.8271574841540712,0.833922261484099,0.8157062971067347,0.9640994542146756,0.9516129032258065,0.9184069936862554,0.447845249755142,0.6982537550372451,0.933009708737864,0.4920965567945105,0.7276497133796804,0.44105765699596033,0.9461165048543689,0.5694902823615695,0.940512322447493,0.9517166080310566,0.4667238632185317,0.4667238632185317,0.4667238632185317,0.5531914893617021,0.35008580534444717,0.9189713731198448,0.5753575357535754,0.42560975609756097,0.47339583586996226,0.9861616897305171,1.0,0.9861700837073881,0.7219173069886572,0.986289735501092,0.7219173069886572,0.9861684057267653,0.13298198308616252,0.9861616897305171,0.960427288176742,0.9861667273389152,0.9853155339805825,0.9854404270808056,0.9856882959369315,1.0,0.3369140625,0.938728463965057,0.9556202255365588,0.8035497203987357,0.9547659471258793,0.9639781685870225,0.9546281693558171,0.947349266043916,0.9440737595535605,0.9481670308327264,0.9403057510313031,0.6602736379183972,0.6388515577275504,0.2525659824046921,0.25418550653794453,0.060903732809430254,0.04899312377210216,0.6446371854385536,0.6602736379183972,0.2637107609625015,0.2525659824046921,0.060903732809430254,0.9461165048543689,0.9795620437956204,0.9406553398058253,0.9820431933996603,0.7120731707317073,0.7952880859375,0.9556202255365588,0.9861616897305171,0.9486837316510979,0.9837457544881125
R0c_roll13_baseline+assessment,0.024405050995628945,0.2863901018922853,0.2775351770984959,0.4773058252427185,0.4772479068074263,0.4478825385268778,0.4478825385268778,0.0,0.4426647251547142,0.4426647251547142,0.0,0.4570388349514563,0.4570388349514563,0.0,0.44048052420822714,0.0,0.0,0.4441208591190389,0.540524144625091,0.0,0.6637146669901735,0.0,0.0,0.48089287880625986,0.53445765590876,0.0,0.6635933519349752,0.0,0.028169014084507043,0.018089110112905184,0.02306385044913814,0.022699684389414908,0.017482092995022458,0.022699684389414908,0.00947061680427392,0.010199125789218067,0.022338229938084254,0.4827042116761743,0.4717805558927054,0.48695546656959104,0.0,0.48574202159932045,0.0,0.4836165048543689,0.0,0.466626213592233,0.3815358485988111,0.004006799417192812,0.00473530840213696,0.4993932038834951,0.0,0.6513828238719068,0.0,0.9563424690759156,0.0,0.5180781363746664,0.0,0.9107554262155936,0.0,0.962531829756275,0.0,0.9608342427549412,0.9597429368255123,0.9668970534739906,0.0,0.9677458469746575,0.9667717681300024,0.0,0.8727405070969307,0.8550109196796893,0.0,0.9776888565538984,0.9608342427549412,0.0,0.9546501758215109,0.9546501758215109,0.9747664685187432,0.9747664685187432,0.9569488236720834,0.9742874469375379,0.9508912331757002,0.9744118360417172,0.937424205675479,0.9984232868405094,0.983749696822702,0.9986658580958157,0.9804730139478471,0.9990294795584131,0.983749696822702,0.9830241299866618,0.9843522561863173,0.9969674915089762,0.9956326580128594,0.9819328240572329,0.9554881746513039,0.9647144416151328,0.9830241299866618,0.9843522561863173,0.9956326580128594,0.9819328240572329,0.9966031784544462,0.9975742874469375,0.9983017952450267,0.9963605483440495,0.9985447489691972,0.7040407717510011,0.7040407717510011,0.9989081645032148,0.9968473384260943,0.9741724263368498,0.9617857576125197,0.9650782102582758,0.9604608853850819,0.9744149387656117,0.9747756487994179,0.9658057475445616,0.9741724263368498,0.8234081261370527,0.9658057475445616,0.9987871437234688,0.9516070345664038,0.6899271844660194,0.9677458469746575,0.8727405070969307,0.9314819306330342,0.9613192676124651,0.6899271844660194,0.8408787474208035,0.8388153902172594,0.8238719068413392,0.6133495145631068,0.5735775809777993,0.7200048526022079,0.9638656481144658,0.97646487929152,0.9598447167293461,0.959116826398156,0.7200048526022079,0.8315329530282801,0.8382674108226159,0.8238719068413392,0.9764677341096555,0.9635018794713229,0.9284414796846574,0.44715447154471544,0.7000849617672048,0.9437302934756245,0.4906508013598834,0.7305592624044644,0.4404270808056297,0.9570648878107945,0.5700072797864596,0.9509946627850558,0.9633717404487568,0.4649751122981668,0.4649751122981668,0.4649751122981668,0.5542066286269273,0.3491138625880068,0.9303989329453134,0.5767876654121646,0.42978413776376423,0.479805942995755,0.9970884386752396,0.9861700837073881,1.0,0.7256948658817818,0.9989077669902913,0.7256948658817818,0.9990290083748028,0.13411821823036776,0.9970884386752396,0.9711305191654537,0.9983011770416211,0.9979363923282351,0.9983007646559049,0.9980591945657448,0.9861700837073881,0.3406113537117904,0.9499151103565365,0.9677458469746575,0.8115221346270467,0.9666545410452285,0.9763464337700145,0.9662825955124318,0.9594807715637511,0.9552564568934158,0.959116826398156,0.9514916323065729,0.6621342721864757,0.6406458662134272,0.2561893203883495,0.2573404513467605,0.060937120660354456,0.04916241806263656,0.6465946339686779,0.6621342721864757,0.26710334788937407,0.2561893203883495,0.060937120660354456,0.9570648878107945,0.9871343609661367,0.9516070345664038,0.9939342472400825,0.7152735654494723,0.797184124286928,0.9677458469746575,0.9970884386752396,0.9601018675721562,0.9956337174044876
R0c_roll3_assessment_only,0.02384500745156483,0.162120790425828,0.15808617795187466,0.3868847874720358,0.3854748603351955,0.38138738224379104,0.38138738224379104,0.0,0.37016496018202505,0.37016496018202505,0.0,0.38345864661654133,0.38345864661654133,0.0,0.3703334283271587,0.0,0.0,0.3707019039499858,0.4362536102324302,0.0,0.5134706814580031,0.0,0.0,0.3957369232926658,0.43728391647075093,0.0,0.514538725878932,0.0,0.03843582887700535,0.024219141473191916,0.03123434107232337,0.029357798165137616,0.02355496157701303,0.029357798165137616,0.01286979776032091,0.013703208556149732,0.0304093567251462,0.4021111893033075,0.3853494246421555,0.4448779078167895,0.0,0.4405191059841384,0.0,0.436536522114969,0.0,0.3788218793828892,0.2776612113582319,0.005516549648946841,0.006519558676028084,0.45296317606444186,0.0,0.5457885426588651,0.0,0.7222635889798957,0.0,0.439719298245614,0.0,0.7126188966391883,0.0,0.7237070032170255,0.0,0.7215487382483918,0.7071314594329201,0.7156368996437784,0.0,0.7249722256511542,0.7265084075173096,0.0,0.7076424870466321,0.6974866519078005,0.0,0.7198091276153187,0.7221878480386091,0.0,0.7216290042215049,0.7216290042215049,0.7217925107427869,0.7217925107427869,0.7198959365708623,0.7203140333660452,0.7259231536926147,0.7200490496627836,0.718687374749499,0.7254640300861337,0.7193709618432281,0.7254973313925279,0.7183494078867049,0.725585345141332,0.7193709618432281,0.7195121951219512,0.7186548068721823,0.7256497449599223,0.7246993074960515,0.7175767918088737,0.7132798023471278,0.718703794972893,0.7195121951219512,0.7186548068721823,0.7246993074960515,0.7175767918088737,0.7252520344953237,0.7252427184466019,0.7253093909245328,0.7250091096805539,0.7254093389933293,0.641236252262286,0.641236252262286,0.7256733802475127,0.7266763848396501,0.7217380630907082,0.7286051422183579,0.7207696102614701,0.7329014575806653,0.721983552227814,0.7218949435444281,0.7208728886697078,0.7217380630907082,0.6864608076009501,0.7208728886697078,0.7256186317321689,0.7046938524085253,0.5950526171928386,0.7249722256511542,0.7076424870466321,0.7205234679753366,0.7310370554588411,0.5950526171928386,0.6895198220594008,0.710118021482562,0.7196286829005785,0.5356795103630546,0.49386674100919986,0.6515235457063712,0.727633209417596,0.72097584896408,0.7335079186931038,0.7288789349259674,0.6515235457063712,0.7021615170401804,0.6949664870548036,0.7196286829005785,0.7207991175389141,0.72022707639146,0.7117410938283995,0.42971175166297115,0.7484379648914014,0.7148904382470119,0.525803014157406,0.6239859383450513,0.42088934850051707,0.7298442367601247,0.4920413292376431,0.7281019617643384,0.7274981403421771,0.37939274669665446,0.37939274669665446,0.37939274669665446,0.6255201109570042,0.39089481946624804,0.694902641696639,0.5935273159144893,0.2647214854111406,0.29316172646905875,0.7253187613843352,0.7219173069886572,0.7256948658817818,1.0,0.725782957028405,1.0,0.7260806216610005,0.11600818510939713,0.7253187613843352,0.7315353210441667,0.7258377853326857,0.7262121764491433,0.7261904761904762,0.7254854368932039,0.7219173069886572,0.2073555647042679,0.7216687422166874,0.7249722256511542,0.6882321618743344,0.7257785467128027,0.7206765534992033,0.7253399258343635,0.7337824351297405,0.7233196670393838,0.7288789349259674,0.7211442786069652,0.6315263908701855,0.6349644257296355,0.15079590676520752,0.15037593984962405,0.08190158465387823,0.06572143452877398,0.6387480075351398,0.6315263908701855,0.14830389683207176,0.15079590676520752,0.08190158465387823,0.7298442367601247,0.7284524975514202,0.7046938524085253,0.7219524040796503,0.6285283639353247,0.6362095933263816,0.7249722256511542,0.7253187613843352,0.7182211241507103,0.724766184865784
R0c_roll3_baseline+assessment,0.024408014571948997,0.28642484532330464,0.27756884629382506,0.4771844660194175,0.47748513169073914,0.4482884195193008,0.4482884195193008,0.0,0.44289355504308775,0.44289355504308775,0.0,0.45691747572815533,0.45691747572815533,0.0,0.4405339805825243,0.0,0.0,0.4443500424808836,0.5405897342555515,0.0,0.6635933519349752,0.0,0.0,0.4811309307122922,0.5345225094041985,0.0,0.6634720368797767,0.0,0.028047595920349683,0.01796770668932864,0.023190869354055368,0.022702440208813887,0.017360689571445913,0.022702440208813887,0.00947176684881603,0.010200364298724954,0.02221682651450771,0.4822230311855357,0.4720165108656064,0.486834122072564,0.0,0.48580097087378643,0.0,0.48367520330137154,0.0,0.466504854368932,0.38158214025721915,0.004007285974499089,0.004735883424408015,0.49945381721082655,0.0,0.6514618464151402,0.0,0.956221198156682,0.0,0.5179568066003397,0.0,0.9108658743633277,0.0,0.9624105735418941,0.0,0.9609507640067911,0.9596216806111313,0.9667757972596096,0.0,0.9678632064031045,0.9666504972107689,0.0,0.8728463965057025,0.8551146705496906,0.0,0.9775676003395174,0.9607129865405603,0.0,0.9547659471258793,0.9547659471258793,0.9746451534635449,0.9746451534635449,0.9570648878107945,0.9741661613098848,0.9507699769613193,0.9742905651224836,0.9375379017586416,0.9985443959243085,0.9836284259034683,0.9985445724681625,0.980351728320194,0.9989081645032148,0.9836284259034683,0.9829028737722808,0.9839902971497877,0.9970884386752396,0.9955113429576611,0.982051903953432,0.9553668890236507,0.9645931854007518,0.9829028737722808,0.9839902971497877,0.9955113429576611,0.982051903953432,0.9962396894711305,0.9972107688576279,0.9981804949053857,0.9959970887918487,0.9981811567842852,0.7037126910943946,0.7037126910943946,0.9985443959243085,0.9967260822117133,0.9740511701224688,0.9616644425573213,0.9649569540438947,0.9603395997574288,0.9742936825512307,0.9746543778801844,0.9656844913301806,0.9740511701224688,0.8232868405093996,0.9656844913301806,0.9986658580958157,0.9514857489387507,0.6900109236557834,0.9678632064031045,0.8728463965057025,0.9315949060036386,0.9614358476837255,0.6900109236557834,0.8409808205875212,0.8386940162641098,0.8241931570007279,0.6136198106336489,0.5738381264409659,0.7203009343526271,0.9639825369876304,0.9765833535549624,0.9599611744722155,0.9589955113429577,0.7203009343526271,0.8314115790751305,0.8385922330097088,0.8241931570007279,0.9763464337700145,0.963380623256942,0.9285540999514799,0.4475600873998543,0.7001699441612041,0.943609022556391,0.4905293831957261,0.7306479009949042,0.44083019783954364,0.9571809801067444,0.5700764470331271,0.9506367495451788,0.9630123696337618,0.4650315687226809,0.4650315687226809,0.4650315687226809,0.5540852252033507,0.34932005828071877,0.9302776767309324,0.5766662619885881,0.43000970402717126,0.4798641436196021,0.9967248908296943,0.986289735501092,0.9989077669902913,0.725782957028405,1.0,0.725782957028405,0.9986650485436893,0.13413449866472446,0.9967248908296943,0.9710092188258127,0.9981798325445941,0.9973300970873786,0.9976944545564859,0.9976955730745907,0.986289735501092,0.34049005337214944,0.9497938394373029,0.9678632064031045,0.8114008489993936,0.9667717681300024,0.9759854457246816,0.9661613098847787,0.9595971851492356,0.9551352006790348,0.9589955113429577,0.9513703613873393,0.6620128687628991,0.6405244627898506,0.2562204150989198,0.2573716781943939,0.06094451863542552,0.04916838654850067,0.6464732305451014,0.6620128687628991,0.26713575154676694,0.2562204150989198,0.06094451863542552,0.9571809801067444,0.9872541879096868,0.9514857489387507,0.9935710819990295,0.71536034942975,0.7974990894743231,0.9678632064031045,0.9967248908296943,0.9602183141297757,0.9955124317768345
R0c_roll7_assessment_only,0.02384500745156483,0.162120790425828,0.15808617795187466,0.3868847874720358,0.3854748603351955,0.38138738224379104,0.38138738224379104,0.0,0.37016496018202505,0.37016496018202505,0.0,0.38345864661654133,0.38345864661654133,0.0,0.3703334283271587,0.0,0.0,0.3707019039499858,0.4362536102324302,0.0,0.5134706814580031,0.0,0.0,0.3957369232926658,0.43728391647075093,0.0,0.514538725878932,0.0,0.03843582887700535,0.024219141473191916,0.03123434107232337,0.029357798165137616,0.02355496157701303,0.029357798165137616,0.01286979776032091,0.013703208556149732,0.0304093567251462,0.4021111893033075,0.3853494246421555,0.4448779078167895,0.0,0.4405191059841384,0.0,0.436536522114969,0.0,0.3788218793828892,0.2776612113582319,0.005516549648946841,0.006519558676028084,0.45296317606444186,0.0,0.5457885426588651,0.0,0.7222635889798957,0.0,0.439719298245614,0.0,0.7126188966391883,0.0,0.7237070032170255,0.0,0.7215487382483918,0.7071314594329201,0.7156368996437784,0.0,0.7249722256511542,0.7265084075173096,0.0,0.7076424870466321,0.6974866519078005,0.0,0.7198091276153187,0.7221878480386091,0.0,0.7216290042215049,0.7216290042215049,0.7217925107427869,0.7217925107427869,0.7198959365708623,0.7203140333660452,0.7259231536926147,0.7200490496627836,0.718687374749499,0.7254640300861337,0.7193709618432281,0.7254973313925279,0.7183494078867049,0.725585345141332,0.7193709618432281,0.7195121951219512,0.7186548068721823,0.7256497449599223,0.7246993074960515,0.7175767918088737,0.7132798023471278,0.718703794972893,0.7195121951219512,0.7186548068721823,0.7246993074960515,0.7175767918088737,0.7252520344953237,0.7252427184466019,0.7253093909245328,0.7250091096805539,0.7254093389933293,0.641236252262286,0.641236252262286,0.7256733802475127,0.7266763848396501,0.7217380630907082,0.7286051422183579,0.7207696102614701,0.7329014575806653,0.721983552227814,0.7218949435444281,0.7208728886697078,0.7217380630907082,0.6864608076009501,0.7208728886697078,0.7256186317321689,0.7046938524085253,0.5950526171928386,0.7249722256511542,0.7076424870466321,0.7205234679753366,0.7310370554588411,0.5950526171928386,0.6895198220594008,0.710118021482562,0.7196286829005785,0.5356795103630546,0.49386674100919986,0.6515235457063712,0.727633209417596,0.72097584896408,0.7335079186931038,0.7288789349259674,0.6515235457063712,0.7021615170401804,0.6949664870548036,0.7196286829005785,0.7207991175389141,0.72022707639146,0.7117410938283995,0.42971175166297115,0.7484379648914014,0.7148904382470119,0.525803014157406,0.6239859383450513,0.42088934850051707,0.7298442367601247,0.4920413292376431,0.7281019617643384,0.7274981403421771,0.37939274669665446,0.37939274669665446,0.37939274669665446,0.6255201109570042,0.39089481946624804,0.694902641696639,0.5935273159144893,0.2647214854111406,0.29316172646905875,0.7253187613843352,0.7219173069886572,0.7256948658817818,1.0,0.725782957028405,1.0,0.7260806216610005,0.11600818510939713,0.7253187613843352,0.7315353210441667,0.7258377853326857,0.7262121764491433,0.7261904761904762,0.7254854368932039,0.7219173069886572,0.2073555647042679,0.7216687422166874,0.7249722256511542,0.6882321618743344,0.7257785467128027,0.7206765534992033,0.7253399258343635,0.7337824351297405,0.7233196670393838,0.7288789349259674,0.7211442786069652,0.6315263908701855,0.6349644257296355,0.15079590676520752,0.15037593984962405,0.08190158465387823,0.06572143452877398,0.6387480075351398,0.6315263908701855,0.14830389683207176,0.15079590676520752,0.08190158465387823,0.7298442367601247,0.7284524975514202,0.7046938524085253,0.7219524040796503,0.6285283639353247,0.6362095933263816,0.7249722256511542,0.7253187613843352,0.7182211241507103,0.724766184865784
R0c_roll7_baseline+assessment,0.024410978868107846,0.2861475012130034,0.2774475312386267,0.47724238378443984,0.4773637577375895,0.4481670308327264,0.4481670308327264,0.0,0.4429473173100267,0.4429473173100267,0.0,0.4571497936392328,0.4571497936392328,0.0,0.4407623209516873,0.0,0.0,0.44422866852773396,0.5408423352348586,0.0,0.66367386556661,0.0,0.0,0.48100958621526513,0.5345873786407767,0.0,0.6635525357922835,0.0,0.028175856205975226,0.01809350333940498,0.023193685488767456,0.022829386763812992,0.017486338797814208,0.022829386763812992,0.009472917172698566,0.010201603109059995,0.022343655130540378,0.482461463769875,0.4715378079864061,0.48671277757553694,0.0,0.48567961165048545,0.0,0.483373786407767,0.0,0.4667394998786113,0.38162844315010314,0.004007772649987855,0.004736458586349283,0.4993324432576769,0.0,0.6509399636143117,0.0,0.9560999272374484,0.0,0.517835476826013,0.0,0.9105129137868315,0.0,0.962289317327513,0.0,0.9605917303261792,0.9595004243967503,0.9666545410452285,0.0,0.9675033345458954,0.9665292262915353,0.0,0.872497876986534,0.8547682601310361,0.0,0.9774463441251364,0.9605917303261792,0.0,0.9544076633927489,0.9544076633927489,0.9750030336124257,0.9750030336124257,0.9567062818336163,0.9742843279961184,0.9506487207469383,0.97416929420325,0.9371816638370118,0.9981807155852032,0.9837477258944815,0.9984232868405094,0.9804706453178069,0.9987868494480165,0.9837477258944815,0.9827816175578998,0.9841096555070354,0.9969671236200413,0.9953900279024627,0.9819306330341984,0.9550084889643463,0.9644719291863708,0.9827816175578998,0.9841096555070354,0.9953900279024627,0.9819306330341984,0.9961183891314895,0.9973317161916313,0.9980591945657448,0.9958757884522077,0.9980599005699042,0.704004854368932,0.704004854368932,0.9984230955846677,0.9966048259973324,0.9739299139080878,0.9613051916545367,0.9648356978295137,0.9602183141297757,0.9741724263368498,0.9745331069609507,0.9655632351157997,0.9739299139080878,0.8231655548817465,0.9655632351157997,0.9987869966035905,0.9508912331757002,0.6896844660194175,0.9675033345458954,0.872497876986534,0.931239388794567,0.9610767551837032,0.6896844660194175,0.8408594319009468,0.8390190603375015,0.8238505398519956,0.6133025852652021,0.5729533050333535,0.7195536147501213,0.9636231356857039,0.9764620237806357,0.9596020866189494,0.9586365841824357,0.7195536147501213,0.8312902051219808,0.8384708737864077,0.8238505398519956,0.9762251334303736,0.9632593670425609,0.9281989084293512,0.4470873786407767,0.7002549471895108,0.9434877516371574,0.49058894960534305,0.7305265712205775,0.4403591797112001,0.9568223165554882,0.5699551025360999,0.9505154639175257,0.9628910987145283,0.4650880388585307,0.4650880388585307,0.4650880388585307,0.554341226472374,0.3493624772313297,0.9301564205165515,0.5769277474195507,0.4297149787750152,0.4797428432799612,0.996845808564843,0.9861684057267653,0.9990290083748028,0.7260806216610005,0.9986650485436893,0.7260806216610005,1.0,0.13401310997815002,0.996845808564843,0.9711270168627927,0.998058488047567,0.9974511469838573,0.9978155339805825,0.9978165938864629,0.9861684057267653,0.3402061855670103,0.9496725685180694,0.9675033345458954,0.8112795633717405,0.9664120286164666,0.9761038330907327,0.9660400242571255,0.959475855374909,0.9550139444646538,0.9586365841824357,0.9512490904681058,0.6622950819672131,0.6408014571948998,0.25609904114577015,0.25725033369736683,0.06095191840699369,0.04917435648372997,0.6467516697024894,0.6622950819672131,0.2668607472100922,0.25609904114577015,0.06095191840699369,0.9568223165554882,0.9871327992231124,0.9508912331757002,0.9936916171296858,0.7148229015041242,0.7975959203496843,0.9675033345458954,0.996845808564843,0.959859325733689,0.9958752881232561
R1_geographic_70_30,0.017884914463452566,0.39191353082465974,0.4042904290429043,0.103214520008747,0.11835106382978723,0.11565257779842081,0.11565257779842081,0.0,0.12420306965761511,0.12420306965761511,0.0,0.13126159554730985,0.13126159554730985,0.0,0.07259158751696065,0.0,0.0,0.07669749605233477,0.07509652509652509,0.0,0.07526530612244899,0.0,0.0,0.07628734901462174,0.07373540856031129,0.0,0.07527759634225996,0.0,0.009796533534287867,0.0064,0.011673151750972763,0.00933852140077821,0.0048115477145148355,0.00933852140077821,0.011082693947144074,0.01102629346904156,0.005443234836702955,0.11091703056768559,0.1196236559139785,0.15113406692117673,0.0,0.10401381096245145,0.0,0.11336828309305373,0.0,0.10870051442630284,0.2540476891374742,0.0,0.0,0.1410172451429819,0.0,0.15759414599321792,0.0,0.13859382903388973,0.0,0.17734528755740214,0.0,0.14183646467319397,0.0,0.13895875251509054,0.0,0.1383434038267875,0.1389309127584468,0.13804755944931163,0.0,0.13821138211382114,0.1386696730552424,0.0,0.1315538608198284,0.13504867872044507,0.0,0.13723061679464948,0.13863006799294889,0.0,0.13851608002025828,0.13851608002025828,0.13735239279055314,0.13735239279055314,0.13879408418657566,0.1372110365398956,0.13660578386605784,0.13715989563920983,0.13815281708258298,0.13444970270598228,0.13376735044834787,0.13441708115977194,0.1334072431633407,0.13443338995389467,0.13376735044834787,0.1342512908777969,0.13305511231128023,0.13385157293817562,0.13364951964003405,0.13342351205115593,0.13688068756319516,0.1382164806220996,0.1342512908777969,0.13305511231128023,0.13364951964003405,0.13342351205115593,0.13338192419825073,0.13360029122679287,0.13381050588378018,0.13368983957219252,0.13426318981200727,0.012593351881681066,0.012593351881681066,0.13444970270598228,0.1345966958211856,0.13758389261744966,0.12196029776674938,0.1378791677112058,0.13975782038345105,0.1375497017892644,0.13767395626242546,0.13863123589872148,0.13758389261744966,0.14596318307001013,0.13863123589872148,0.13426318981200727,0.13844785977391083,0.1332110703567856,0.13821138211382114,0.1315538608198284,0.13961922030825022,0.13913371946612943,0.1332110703567856,0.12465025181869055,0.11992182046628508,0.13327601031814273,0.12415679124886053,0.1839918946301925,0.14989398140596966,0.13905288280366787,0.1369727047146402,0.13977272727272727,0.12215449682796367,0.14989398140596966,0.12061928219563688,0.12445690259285214,0.13327601031814273,0.13707976677831535,0.13881909547738694,0.13848150551589877,0.17540421362077413,0.08194400754954388,0.13723485816509073,0.08651614264612788,0.15243016308735668,0.17571251548946717,0.139099645928174,0.15615675353093297,0.13712544438801422,0.13690550884678127,0.15586239176222794,0.15586239176222794,0.15586239176222794,0.005137289636846767,0.018135376756066413,0.13401264026828325,0.00411240575736806,0.29969333705046,0.2647718773373224,0.1341433778857837,0.13298198308616252,0.13411821823036776,0.11600818510939713,0.13413449866472446,0.11600818510939713,0.13401310997815002,1.0,0.1341433778857837,0.13698117911005858,0.1344588849751002,0.13419229366719337,0.13452424352898287,0.13370541130793498,0.13298198308616252,0.34245638043106397,0.1390939170272334,0.13821138211382114,0.1475602586713698,0.1385097056981841,0.1368146861820888,0.13863123589872148,0.13968173781257892,0.13972637446161643,0.12215449682796367,0.1391536408692337,0.0,0.0,0.49420491423273066,0.4545863309352518,0.02349206349206349,0.02503382949932341,0.0,0.0,0.47597864768683273,0.49420491423273066,0.02349206349206349,0.139099645928174,0.13284313725490196,0.13844785977391083,0.13401559454191034,0.13759532695116014,0.11971420239136775,0.13821138211382114,0.1341433778857837,0.1381960191484001,0.13427389929457553
R1_groupkfold,0.024434719183078046,0.2858009708737864,0.27694174757281553,0.4778857837181045,0.47782772445632365,0.44877870944221654,0.44877870944221654,0.0,0.44372873116188627,0.44372873116188627,0.0,0.45759416767922234,0.45759416767922234,0.0,0.44119076549210207,0.0,0.0,0.4448359659781288,0.5415552855407048,0.0,0.6641165755919854,0.0,0.0,0.48183695784230346,0.5352934029887012,0.0,0.6639951426836673,0.0,0.02782841171466764,0.01786365293474298,0.02284325637910085,0.022602989427633977,0.01725604569206465,0.022602989427633977,0.009236752552260573,0.009965969859017987,0.022116903633491312,0.4834710743801653,0.4721749696233293,0.48592233009708735,0.0,0.48470873786407764,0.0,0.48294281898749547,0.0,0.4675498298492951,0.3816636308439587,0.0040116703136396795,0.004741064916119621,0.4989072365225838,0.0,0.6507705375561218,0.0,0.9553668890236507,0.0,0.5177856015539638,0.0,0.9102377486656963,0.0,0.9613192676124651,0.0,0.9600970285021225,0.9585303746817024,0.9659228716953675,0.0,0.9665332848308475,0.9655590589376667,0.0,0.8722087378640777,0.855148130160272,0.0,0.9764762944100885,0.959859325733689,0.0,0.9541484716157205,0.9541484716157205,0.9735533179667597,0.9735533179667597,0.9559733171619164,0.9735533179667597,0.9499151103565365,0.9731991268493815,0.9362114964831434,0.9967260822117133,0.982296592700376,0.9972107688576279,0.9790201309725928,0.9973317161916313,0.982296592700376,0.982292298362644,0.9826582585495998,0.9957544881125667,0.9946614899296288,0.9809604656803299,0.9545123726346434,0.9637399951491632,0.982292298362644,0.9826582585495998,0.9946614899296288,0.9809604656803299,0.995147986414362,0.9963614311704063,0.9966044142614601,0.99490538573508,0.9973320397768615,0.7040680024286582,0.7040680024286582,0.99745269286754,0.9956347762822845,0.9729598641930399,0.9605726070605363,0.9641038079068639,0.9590104292990541,0.9732023766218019,0.9735629396070822,0.9648314334222653,0.9729598641930399,0.8233009708737864,0.9648314334222653,0.9970898508548564,0.9508674026446682,0.6899441340782123,0.9665332848308475,0.8722087378640777,0.9314403591797112,0.9601067054686553,0.6899441340782123,0.8410057087331471,0.8393876807192322,0.8228800194104088,0.6127230787908219,0.5740830701967452,0.7206703910614525,0.962653085970656,0.9750121300339641,0.9586315661773626,0.9579036758461725,0.7206703910614525,0.8318756073858115,0.8390623102149884,0.8228800194104088,0.9750151607034566,0.962289317327513,0.9269949066213922,0.4473460463986396,0.7003158406219631,0.9427531837477259,0.4912472647702407,0.730185702148319,0.44078707639985426,0.9558520315342632,0.5708905357793707,0.9502547925260859,0.9621588841722256,0.46554029415339737,0.46554029415339737,0.46554029415339737,0.5550692924872356,0.3488824101068999,0.9291863708015036,0.5772970345162859,0.42909135023656436,0.4787724405628336,1.0,0.9861616897305171,0.9970884386752396,0.7253187613843352,0.9967248908296943,0.7253187613843352,0.996845808564843,0.1341433778857837,1.0,0.9713522699684389,0.9966031784544462,0.9962378640776699,0.9963601067702014,0.9970884386752396,0.9861616897305171,0.3400485436893204,0.9487024011642008,0.9665332848308475,0.8114077669902913,0.9654419789014187,0.9753730437947349,0.9648314334222653,0.9582676210117675,0.9542808634489449,0.9579036758461725,0.9502789231142372,0.6631412594213469,0.6414245776103076,0.25558523555123847,0.25658453695836875,0.060495626822157436,0.04871234207968902,0.6473805761516956,0.6631412594213469,0.26650485436893206,0.25558523555123847,0.060495626822157436,0.9558520315342632,0.9890590809628009,0.9508674026446682,0.9934466019417476,0.7153089717130023,0.7988086554826161,0.9665332848308475,1.0,0.9588891583798205,0.9958732855929118
R1_random_cv,0.0246975177747287,0.268540012217471,0.2608536137947903,0.4595749877870054,0.45720555961960496,0.4555624611559975,0.4555624611559975,0.0,0.4496769383697813,0.4496769383697813,0.0,0.46149076026292946,0.46149076026292946,0.0,0.4340760802659116,0.0,0.0,0.4363546919198131,0.5295487984306032,0.0,0.6433617539585871,0.0,0.0,0.4701913640824338,0.5222984562607204,0.0,0.6432399512789282,0.0,0.028564300860671073,0.018209029683212773,0.02370259481037924,0.023200698515654233,0.01771236123238119,0.023200698515654233,0.00960698689956332,0.010355583281347473,0.022701758762629413,0.4653634697617593,0.4536573452191965,0.49187848729076256,0.0,0.4871350816427511,0.0,0.4860715612232264,0.0,0.4484737484737485,0.3652035701185964,0.003992514036182159,0.00486648365360619,0.4859767299448867,0.0,0.6377644612938731,0.0,0.9308252427184466,0.0,0.5040998653775548,0.0,0.8863525983487129,0.0,0.9367871875758311,0.0,0.9350885707352584,0.9342312826113336,0.9411550594515894,0.0,0.9420043678718758,0.9407910701286095,0.0,0.8525508340435894,0.8363193174893357,0.0,0.9519534093666586,0.9353233830845771,0.0,0.9291348137361971,0.9291348137361971,0.9525720539948924,0.9525720539948924,0.9311976701856571,0.9525720539948924,0.9263081218890372,0.9498542982030111,0.9130540376442016,0.9712587921416445,0.9573022804463852,0.9715013339801115,0.9544958136148526,0.9716191631291692,0.9573022804463852,0.9570544704597841,0.9574235807860262,0.9700388161086851,0.9689395777723854,0.9552510308028135,0.9292647415675807,0.9399126001456665,0.9570544704597841,0.9574235807860262,0.9689395777723854,0.9552510308028135,0.9687158966897054,0.9701709712622771,0.9706559961198011,0.9689508793208005,0.9713835334060871,0.6811823379150955,0.6811823379150955,0.9714978775015161,0.9735179786200194,0.9484348459111867,0.9355582524271845,0.9400412671440709,0.9705809641532757,0.9491504854368932,0.9487988352341664,0.9410050983248361,0.9484348459111867,0.8023850085178875,0.9410050983248361,0.9718617343844754,0.9270188221007893,0.6797009070850699,0.9420043678718758,0.8525508340435894,0.906640767269637,0.9358087610726854,0.6797009070850699,0.8210064579017912,0.8269489658548526,0.8149963244302867,0.599217029606068,0.5625689422723373,0.7142857142857143,0.938121815093424,0.9545122841157869,0.9699554896142433,0.9340619307832423,0.7142857142857143,0.8144984134732731,0.8190569026440844,0.8149963244302867,0.9540425531914893,0.9377578257704441,0.9038251366120219,0.44708209693372897,0.703955500618047,0.9219357976653697,0.4980738163290667,0.7220110361741263,0.439693524468611,0.9313106796116505,0.5606822923058044,0.9264027204274957,0.937151176898811,0.45748738771994585,0.45748738771994585,0.45748738771994585,0.5633155213122903,0.3535479060519448,0.9069484936831875,0.585641535213017,0.4097002193516939,0.4594298245614035,0.9713522699684389,0.960427288176742,0.9711305191654537,0.7315353210441667,0.9710092188258127,0.7315353210441667,0.9711270168627927,0.13698117911005858,0.9713522699684389,1.0,0.9706453178068899,0.9697925512556108,0.9703991265316025,0.9711305191654537,0.960427288176742,0.32266731802638005,0.9253278290432249,0.9420043678718758,0.7904599659284497,0.9409123999029362,0.9541585603112841,0.9405339805825242,0.9698281192036602,0.9299757281553398,0.9340619307832423,0.9273743016759777,0.6702628968253969,0.6485179213692174,0.2612377038973976,0.2398826262379264,0.06156530408773679,0.05013093901982791,0.6543898809523809,0.6702628968253969,0.24880908757786735,0.2612377038973976,0.06156530408773679,0.9313106796116505,0.9623329283110571,0.9270188221007893,0.9670023049860488,0.7061419639573373,0.7767084906809599,0.9420043678718758,0.9713522699684389,0.9343526271083606,0.9696638757432351
R2_roll13,0.024416909620991252,0.2860609001577096,0.27720490112823,0.4775376396308888,0.4773003156105851,0.4479242534595776,0.4479242534595776,0.0,0.4425294331836388,0.4425294331836388,0.0,0.456907016266084,0.456907016266084,0.0,0.4406944275828578,0.0,0.0,0.44398592062143466,0.5405995873285593,0.0,0.66322940676938,0.0,0.0,0.48112635028522877,0.5347171643602816,0.0,0.6631080917141817,0.0,0.028182701652089408,0.018097898700352243,0.023199319810518645,0.0228349325883639,0.01749058666342767,0.0228349325883639,0.009475218658892129,0.01020408163265306,0.022349082958824245,0.48257860871676583,0.4716523005948768,0.4868309260832625,0.0,0.4854368932038835,0.0,0.48313106796116506,0.0,0.46703096539162114,0.38172108265566207,0.004008746355685131,0.0047376093294460644,0.49927166788055355,0.0,0.6512982285852948,0.0,0.9560946027895695,0.0,0.5183296916727361,0.0,0.9102704013580696,0.0,0.962046804898751,0.0,0.9603492178974172,0.9592579119679884,0.9666504972107689,0.0,0.9672608221171335,0.9662866844530682,0.0,0.8722552468761373,0.854075691411936,0.0,0.9772038316963745,0.9605869512490904,0.0,0.9541651509639869,0.9541651509639869,0.9742812082979497,0.9742812082979497,0.9564637399951491,0.9738023044269254,0.9504062083181763,0.9741661613098848,0.9369391219985448,0.9984229042824214,0.9835051546391752,0.9984230955846677,0.980228044638525,0.9987867022567338,0.9835051546391752,0.9825391051291379,0.9838670548277535,0.9964822901504125,0.995147397792066,0.981447799199709,0.9550030321406914,0.9642294167576089,0.9825391051291379,0.9838670548277535,0.995147397792066,0.981447799199709,0.9958757884522077,0.9968469560999272,0.9975742874469375,0.9956331877729258,0.9978173881411422,0.7037621359223301,0.7037621359223301,0.9981804949053857,0.9963623135685704,0.9736874014793259,0.9605869512490904,0.9645931854007518,0.9599757428744694,0.9739299139080878,0.9742905651224836,0.9653207226870377,0.9736874014793259,0.8227019160805239,0.9653207226870377,0.9983020012128563,0.9508852777104051,0.6896468017963345,0.9672608221171335,0.8722552468761373,0.9312310491206792,0.9608342427549412,0.6896468017963345,0.8410636231180184,0.8387762534903485,0.8233867054827754,0.6128640776699029,0.5734740929498847,0.7197282213055084,0.963380623256942,0.9759796190707267,0.9595971851492356,0.9581564584596726,0.7197282213055084,0.8310474572156815,0.8388976569139249,0.8233867054827754,0.9759825327510917,0.9630168546137989,0.928190198932557,0.4475473530840214,0.7002185526954833,0.9432452097986903,0.49052708282730145,0.7311240592376791,0.4408158310064344,0.9568170790878214,0.5695219606891532,0.9500363812757701,0.9626485568760611,0.46520102028422206,0.46520102028422206,0.46520102028422206,0.5540983606557377,0.3492834588292446,0.9299139080877895,0.5766848816029144,0.42964580300824845,0.47914140189182636,0.9966031784544462,0.9861667273389152,0.9983011770416211,0.7258377853326857,0.9981798325445941,0.7258377853326857,0.998058488047567,0.1344588849751002,0.9966031784544462,0.9706453178068899,1.0,0.9986639135187659,0.999028418751518,0.9973317161916313,0.9861667273389152,0.3401261523532266,0.9494300266796022,0.9672608221171335,0.8108173659956343,0.9661695161877046,0.9756215888417222,0.9657974530018193,0.9592331958262558,0.9547714320358919,0.9581564584596726,0.9510065486296386,0.6620522161505769,0.6405585913782635,0.25600873998543333,0.256855132249454,0.061095590914611926,0.049313737398275236,0.6465088038858531,0.6620522161505769,0.2667718063811719,0.25600873998543333,0.061095590914611926,0.9568170790878214,0.9876138433515482,0.9508852777104051,0.9934489870192891,0.7145803008248424,0.7975713418336369,0.9672608221171335,0.9966031784544462,0.959616783895222,0.9951485748938751
R2_roll3,0.024443633710324698,0.2851249696675564,0.2764227642276423,0.47788040836169177,0.4771043362079436,0.4480622038634431,0.4480622038634431,0.0,0.4426627793974733,0.4426627793974733,0.0,0.4570526060017009,0.4570526060017009,0.0,0.44065119669541974,0.0,0.0,0.44412050534499514,0.5404420694680593,0.0,0.6625409537677467,0.0,0.0,0.48093271799854265,0.5347424684159378,0.0,0.6624196092707195,0.0,0.028213547367140945,0.018117704280155644,0.023100303951367782,0.022735562310030395,0.017509727626459144,0.022735562310030395,0.009485589201021525,0.010215249908792412,0.02237354085603113,0.48292623648073885,0.471631636496173,0.4864602307225258,0.0,0.4848852737647202,0.0,0.4831187758076269,0.0,0.46700692672256655,0.38129933211900424,0.004013133892739876,0.0047427946005107625,0.4990890319446131,0.0,0.6508071367884452,0.0,0.9550030321406914,0.0,0.5177899210686095,0.0,0.9091790954286407,0.0,0.9609554989693222,0.0,0.9592579119679884,0.9581666060385595,0.9655590589376667,0.0,0.9661695161877046,0.965195246179966,0.0,0.871390439213783,0.8538834951456311,0.0,0.9761125257669455,0.9594955129759883,0.0,0.953073845034558,0.953073845034558,0.9734287794224703,0.9734287794224703,0.955372301722047,0.9729500242600679,0.9493149023887474,0.9730745906610067,0.9358476837254427,0.9973310687856363,0.982654051431344,0.997331392527899,0.9793764406162805,0.9976947342877942,0.982654051431344,0.981447799199709,0.982775351770985,0.9956326580128594,0.9940555622952808,0.9803564932702801,0.9541484716157205,0.9631381108281799,0.981447799199709,0.982775351770985,0.9940555622952808,0.9803564932702801,0.9950260827368677,0.995997574287447,0.9967248908296943,0.9947834526264709,0.9969682270191608,0.7039106145251397,0.7039106145251397,0.9973310687856363,0.9952710076391416,0.9725960955498969,0.9602086618949411,0.9635018794713229,0.9588841722255913,0.972838607978659,0.9731991268493815,0.9642294167576089,0.9725960955498969,0.8218314129775621,0.9642294167576089,0.9972104305639782,0.9502668607472101,0.6895797911100315,0.9661695161877046,0.871390439213783,0.9301394784718011,0.9597429368255123,0.6895797911100315,0.841088567610254,0.8392466585662212,0.8229583788375198,0.6127504553734062,0.5729546006312212,0.7194707453265355,0.962289317327513,0.9748877835739416,0.9587428710107997,0.9577772385343363,0.7194707453265355,0.8317336897096343,0.8389212827988338,0.8229583788375198,0.9748908296943232,0.9619255486843701,0.9270984958757884,0.44733325233871946,0.7005711508081176,0.9423893268647665,0.49106382978723406,0.730661809350334,0.44059766763848396,0.9557253760310529,0.5693820565739954,0.9496542520926847,0.9617950272892662,0.4657101167315175,0.4657101167315175,0.4657101167315175,0.5547045951859956,0.3496656534954407,0.9288226021583607,0.5771241035614441,0.4287274050709693,0.4782292298362644,0.9962378640776699,0.9853155339805825,0.9979363923282351,0.7262121764491433,0.9973300970873786,0.7262121764491433,0.9974511469838573,0.13419229366719337,0.9962378640776699,0.9697925512556108,0.9986639135187659,1.0,0.9986635888713401,0.9964822901504125,0.9853155339805825,0.3393593787915554,0.9483385884065001,0.9661695161877046,0.8099454214675561,0.9650782102582758,0.9747695293546822,0.9647058823529412,0.9586165048543689,0.9536801261064629,0.9577772385343363,0.9499151103565365,0.6625744499817674,0.6410599246383858,0.2553734061930783,0.25606796116504854,0.06103343465045593,0.049240121580547115,0.647015923179774,0.6625744499817674,0.26598713748331515,0.2553734061930783,0.06103343465045593,0.9557253760310529,0.987969376594969,0.9502668607472101,0.9928406746754035,0.7139043921378306,0.7982253555366476,0.9661695161877046,0.9962378640776699,0.9585253456221198,0.9947828197039553
R2_roll7,0.02442877977637336,0.2857316185391895,0.2768745450133463,0.47776967930029157,0.47717338513841673,0.44779018941233606,0.44779018941233606,0.0,0.4422189851905802,0.4422189851905802,0.0,0.45677513355998056,0.45677513355998056,0.0,0.44055859137826353,0.0,0.0,0.443850916595848,0.5404880417627778,0.0,0.6629458869206504,0.0,0.0,0.4810003642102707,0.5346041767848471,0.0,0.6628245571463237,0.0,0.02819640252795333,0.018106695831814314,0.023086269744835967,0.022721749696233293,0.017499088589135983,0.022721749696233293,0.009479824987846379,0.010209042294603793,0.022359946530562645,0.482632985183386,0.47152398299939285,0.4870673952641166,0.0,0.48531196892449624,0.0,0.4831856258346485,0.0,0.46707968901846453,0.38123558684306347,0.004010695187165776,0.0047399124939231894,0.4991500728508985,0.0,0.6508129094879883,0.0,0.955372301722047,0.0,0.5178441369264385,0.0,0.9097853765005457,0.0,0.9615617800412272,0.0,0.9598641930398933,0.9587728871104644,0.9659270037589427,0.0,0.9667757972596096,0.9658016007761339,0.0,0.8719970880854162,0.8538153584859881,0.0,0.9767188068388505,0.9598641930398933,0.0,0.9536801261064629,0.9536801261064629,0.9737959480771564,0.9737959480771564,0.9559786563182149,0.9733171619163129,0.9499211834606524,0.9736810187992723,0.9364540383216104,0.997937644061628,0.9832605531295487,0.9979378942261038,0.9799830158922722,0.9983013831594273,0.9832605531295487,0.9820540802716139,0.9833818534691897,0.9959970887918487,0.9946621375712726,0.980962774342185,0.9547549733139252,0.9637443919000849,0.9820540802716139,0.9833818534691897,0.9946621375712726,0.980962774342185,0.9956326580128594,0.9966040024257126,0.997331392527899,0.9953900279024627,0.9975745816153286,0.7038970498968071,0.7038970498968071,0.997937644061628,0.9958772887110464,0.9732023766218019,0.9605773896166909,0.9641081605432278,0.9594906003638569,0.9734448890505638,0.9738054814455493,0.9648356978295137,0.9732023766218019,0.8224378411158277,0.9648356978295137,0.9978168587022438,0.9504001940334708,0.6895714459147748,0.9667757972596096,0.8719970880854162,0.9305117632791656,0.9603492178974172,0.6895714459147748,0.8410250182171484,0.8387370977534911,0.8231226495208055,0.612378640776699,0.5729887149617765,0.7192429022082019,0.962895598399418,0.9754943588499333,0.959349593495935,0.9581463059565692,0.7192429022082019,0.831451123254402,0.8390818557201846,0.8231226495208055,0.9754973313925279,0.962531829756275,0.9277049975739932,0.44758897121340946,0.7003522409814162,0.9429957550030321,0.4907654921020656,0.7306385044913815,0.4408549914986641,0.9563318777292577,0.5692270355539376,0.949787750151607,0.9624014554275319,0.46560525036460865,0.46560525036460865,0.46560525036460865,0.5543676345523023,0.34928927226339446,0.9294288832302655,0.5769651318187341,0.4291606016496846,0.4786563182148921,0.9963601067702014,0.9854404270808056,0.9983007646559049,0.7261904761904762,0.9976944545564859,0.7261904761904762,0.9978155339805825,0.13452424352898287,0.9963601067702014,0.9703991265316025,0.999028418751518,0.9986635888713401,1.0,0.9970887918486172,0.9854404270808056,0.33980346961057867,0.948944943002668,0.9667757972596096,0.8105518496058217,0.9656844913301806,0.975376031052887,0.9653123104912068,0.9592233009708738,0.9542864071783679,0.9581463059565692,0.9505214649527043,0.6623739521321832,0.6408698821528368,0.2558280718795532,0.25652226671520445,0.06099635479951397,0.049210206561360874,0.646822986271413,0.6623739521321832,0.266440184421257,0.2558280718795532,0.06099635479951397,0.9563318777292577,0.9880937917628477,0.9504001940334708,0.9932055326377093,0.7140950994662785,0.797740524781341,0.9667757972596096,0.9963601067702014,0.9591317002182876,0.99490538573508
R3_card_block_stats_A15,0.024405050995628945,0.2860780984719864,0.277225321367936,0.4773058252427185,0.4772479068074263,0.4477068672652269,0.4477068672652269,0.0,0.4426647251547142,0.4426647251547142,0.0,0.45668527056539676,0.45668527056539676,0.0,0.44100509832483614,0.0,0.0,0.44464675892206845,0.5412721534352999,0.0,0.6643203883495146,0.0,0.0,0.4816118460978274,0.5350163854836752,0.0,0.6641990291262136,0.0,0.028169014084507043,0.018212724623603693,0.02318805390312007,0.022823843632390435,0.017605633802816902,0.022823843632390435,0.00947061680427392,0.010199125789218067,0.022462360369111218,0.4825242718446602,0.4716019417475728,0.4862340812613705,0.0,0.48592233009708735,0.0,0.4834364761558063,0.0,0.4669822772517601,0.38103322823187,0.004006799417192812,0.00473530840213696,0.4992112607693241,0.0,0.6517835476826013,0.0,0.9561052503940827,0.0,0.5182623468025725,0.0,0.9109871452825612,0.0,0.962531829756275,0.0,0.9608342427549412,0.9597429368255123,0.9668970534739906,0.0,0.9677458469746575,0.9665332848308475,0.0,0.8725133430373605,0.8545608927704997,0.0,0.9776888565538984,0.9608342427549412,0.0,0.9546501758215109,0.9546501758215109,0.9750060664887163,0.9750060664887163,0.9567115314659876,0.9742874469375379,0.9508912331757002,0.9744118360417172,0.9371892809506487,0.9979386443555233,0.983749696822702,0.9981811567842852,0.9804730139478471,0.99830220713073,0.983749696822702,0.9830241299866618,0.9838709677419355,0.9964831433422265,0.9951485748938751,0.9819328240572329,0.9552510308028135,0.9647144416151328,0.9830241299866618,0.9838709677419355,0.9951485748938751,0.9819328240572329,0.9958767887460587,0.9973320397768615,0.9975748757123802,0.9958762886597938,0.9985447489691972,0.7048682772854195,0.7048682772854195,0.9984232868405094,0.9968473384260943,0.9741724263368498,0.9617857576125197,0.9650782102582758,0.9602231384913897,0.9744149387656117,0.9745361949799928,0.9658057475445616,0.9741724263368498,0.8231869997574581,0.9658057475445616,0.9985447489691972,0.9513703613873393,0.6899271844660194,0.9677458469746575,0.8725133430373605,0.9312477264459803,0.9613192676124651,0.6899271844660194,0.8413257253854559,0.8392618671846546,0.8240931699623923,0.612958019898083,0.5735775809777993,0.7204222788496542,0.9638656481144658,0.9767046833292891,0.9593693147362038,0.959116826398156,0.7204222788496542,0.831755280407866,0.8387135922330097,0.8240931699623923,0.9767075094019168,0.9635018794713229,0.9282076158137279,0.44750576526277464,0.7002913328477786,0.9439660400242571,0.4902889050740471,0.7307692307692307,0.4409515717926933,0.9565902752516067,0.5700072797864596,0.9509946627850558,0.9633717404487568,0.4649751122981668,0.4649751122981668,0.4649751122981668,0.5543953375424964,0.3492776496297196,0.9306330341983993,0.5767876654121646,0.429610767551837,0.4796264855687606,0.9970884386752396,0.9856882959369315,0.9980591945657448,0.7254854368932039,0.9976955730745907,0.7254854368932039,0.9978165938864629,0.13370541130793498,0.9970884386752396,0.9711305191654537,0.9973317161916313,0.9964822901504125,0.9970887918486172,1.0,0.9856882959369315,0.3402861993693912,0.9496786710318904,0.9677458469746575,0.8113024496725685,0.9666545410452285,0.9773058252427185,0.9658057475445616,0.9592430858806404,0.9552564568934158,0.959116826398156,0.9512550018188433,0.6623360854783875,0.6408450704225352,0.25588449405484104,0.2568829593693147,0.06106592205900206,0.04928978997207721,0.6467945604662457,0.6623360854783875,0.26679602231384913,0.25588449405484104,0.06106592205900206,0.9565902752516067,0.9868932038834951,0.9513703613873393,0.9934505761067314,0.7152735654494723,0.7974022821073076,0.9677458469746575,0.9970884386752396,0.9598641930398933,0.9961179182336528
R3_card_only_prepost_A13,0.02457908320019663,0.28313179430804936,0.27468230694037143,0.4770002446782481,0.47784577723378213,0.44875719358393534,0.44875719358393534,0.0,0.44402253797158253,0.44402253797158253,0.0,0.4578180482429289,0.4578180482429289,0.0,0.4389975550122249,0.0,0.0,0.44284142315686514,0.5379074594066658,0.0,0.6582216808769793,0.0,0.0,0.47844669678837465,0.531990231990232,0.0,0.6580998781973203,0.0,0.028136134660277676,0.017936117936117935,0.022844509948415623,0.022601645989436186,0.017321867321867322,0.022601645989436186,0.009462947032075704,0.010200319528081602,0.02236146946799361,0.48480392156862745,0.47540179119126486,0.4843673668783586,0.0,0.4815176284006344,0.0,0.48082559843673667,0.0,0.4676708302718589,0.3824862216778934,0.004056047197640118,0.004793510324483776,0.49761701087620674,0.0,0.6482497865593365,0.0,0.9451589420043679,0.0,0.5162472514048375,0.0,0.9009348063615394,0.0,0.9515894200436787,0.0,0.949890803203106,0.9480897513644633,0.9561946365732314,0.0,0.9556202255365588,0.9548817465130383,0.0,0.8642275434544792,0.8482599172548065,0.0,0.9658016007761339,0.9494177583697234,0.0,0.9439388423734983,0.9439388423734983,0.9631112729037739,0.9631112729037739,0.945765590876001,0.9626349629989082,0.9401771629656595,0.962522741055185,0.9266990291262136,0.9862947240751971,0.9725794710021839,0.9862963861266069,0.9692998422521538,0.9864160097028503,0.9725794710021839,0.9732912468131601,0.9724614824699745,0.9874893720393538,0.9900194741966893,0.9717198689161306,0.9447748513169074,0.9530624620982413,0.9732912468131601,0.9724614824699745,0.9900194741966893,0.9717198689161306,0.984712448434846,0.9852049478535048,0.9861717612809315,0.9842290428242145,0.9861767915605675,0.7001585172539934,0.7001585172539934,0.9862947240751971,0.9847217169879956,0.962046804898751,0.9506008010680908,0.9536632702571567,0.948096046568033,0.9625272859568276,0.9626485568760611,0.9546281693558171,0.962046804898751,0.8150218765192028,0.9546281693558171,0.9861767915605675,0.9406553398058253,0.6861812416148311,0.9556202255365588,0.8642275434544792,0.9216852841185041,0.9496664645239539,0.6861812416148311,0.8367670364500792,0.8342474101157831,0.8157062971067347,0.6096132731487129,0.5715506715506715,0.7162013897354627,0.9524502668607472,0.964333373771685,0.9474769529354682,0.9481670308327264,0.7162013897354627,0.8271574841540712,0.833922261484099,0.8157062971067347,0.9640994542146756,0.9516129032258065,0.9184069936862554,0.447845249755142,0.6982537550372451,0.933009708737864,0.4920965567945105,0.7276497133796804,0.44105765699596033,0.9461165048543689,0.5694902823615695,0.940512322447493,0.9517166080310566,0.4667238632185317,0.4667238632185317,0.4667238632185317,0.5531914893617021,0.35008580534444717,0.9189713731198448,0.5753575357535754,0.42560975609756097,0.47339583586996226,0.9861616897305171,1.0,0.9861700837073881,0.7219173069886572,0.986289735501092,0.7219173069886572,0.9861684057267653,0.13298198308616252,0.9861616897305171,0.960427288176742,0.9861667273389152,0.9853155339805825,0.9854404270808056,0.9856882959369315,1.0,0.3369140625,0.938728463965057,0.9556202255365588,0.8035497203987357,0.9547659471258793,0.9639781685870225,0.9546281693558171,0.947349266043916,0.9440737595535605,0.9481670308327264,0.9403057510313031,0.6602736379183972,0.6388515577275504,0.2525659824046921,0.25418550653794453,0.060903732809430254,0.04899312377210216,0.6446371854385536,0.6602736379183972,0.2637107609625015,0.2525659824046921,0.060903732809430254,0.9461165048543689,0.9795620437956204,0.9406553398058253,0.9820431933996603,0.7120731707317073,0.7952880859375,0.9556202255365588,0.9861616897305171,0.9486837316510979,0.9837457544881125
R3_coh_only_A14,0.068342776203966,0.8205758426966292,0.8,0.25918329293305986,0.2655049653363313,0.23380068207654414,0.23380068207654414,0.0,0.2435601691657055,0.2435601691657055,0.0,0.2530441400304414,0.2530441400304414,0.0,0.2922676282051282,0.0,0.0,0.29645929185837167,0.32695113056163383,0.0,0.3648181668586474,0.0,0.0,0.31607523754120614,0.3250825082508251,0.0,0.36330757849745193,0.0,0.015323117921385743,0.02099827882960413,0.014160485502360081,0.026297814207650275,0.02103448275862069,0.026297814207650275,0.00766016713091922,0.008695652173913044,0.0186693822131704,0.2559600813158381,0.265760664401661,0.2636834319526627,0.0,0.23578413618254257,0.0,0.23189717595944967,0.0,0.2601626016260163,0.5337959393472115,0.01171875,0.013849431818181818,0.29408471729800334,0.0,0.31187960294588535,0.0,0.33682765506052664,0.0,0.31552587646076796,0.0,0.3339354838709677,0.0,0.33693492300049677,0.0,0.3363579863269111,0.3357373787615021,0.33626128912532477,0.0,0.3366312144447193,0.33704804358593365,0.0,0.31525735294117646,0.3195614386950127,0.0,0.3376735044834787,0.33735539246174895,0.0,0.33566346273873426,0.33566346273873426,0.3378511582060128,0.3378511582060128,0.336784333291755,0.3373568173420372,0.32996758912989277,0.3354235829337268,0.33148335015136227,0.34121785540999516,0.33830906643827235,0.3411350958040262,0.33754291319274154,0.3411764705882353,0.33830906643827235,0.3406081412457087,0.337940313111546,0.34033256463163003,0.33956764634442554,0.33983321069413785,0.33887915936952717,0.3366803024668402,0.3406081412457087,0.337940313111546,0.33956764634442554,0.33983321069413785,0.3416798346906527,0.34085669214901104,0.341504854368932,0.3414367327093716,0.34141904184354155,0.2394710363662498,0.2394710363662498,0.34089255396555906,0.34207968901846453,0.3370675858672904,0.32466732380483,0.3360584664932491,0.3216877844753352,0.3373138003200788,0.3367786391042205,0.33696729435084244,0.3370675858672904,0.39860343322665115,0.33696729435084244,0.3410937310537165,0.3352102102102102,0.2833861475780896,0.3366312144447193,0.31525735294117646,0.3330373001776199,0.3360248447204969,0.2833861475780896,0.3016826923076923,0.2956058588548602,0.2775342101766972,0.27824675324675324,0.32334384858044163,0.3028860458196965,0.33747052252699516,0.3377630121816168,0.3205806372247509,0.32342420130751204,0.3028860458196965,0.2978123741779627,0.30232869379014987,0.2775342101766972,0.3378444881889764,0.3394255874673629,0.3343519225872167,0.2238525206922498,0.20722620553915366,0.32384874578809436,0.18510197027307293,0.3064992614475628,0.22428842504743832,0.3371599700524083,0.2961047914512237,0.33567134268537074,0.3379721669980119,0.2682694142339248,0.2682694142339248,0.2682694142339248,0.06939012023757786,0.11954384585135666,0.2770615422038433,0.11277753271577709,0.45733241821093573,0.4248791762975415,0.3400485436893204,0.3369140625,0.3406113537117904,0.2073555647042679,0.34049005337214944,0.2073555647042679,0.3402061855670103,0.34245638043106397,0.3400485436893204,0.32266731802638005,0.3401261523532266,0.3393593787915554,0.33980346961057867,0.3402861993693912,0.3369140625,1.0,0.33354184911797824,0.3366312144447193,0.39982347749338043,0.3368408021787571,0.33772145669291337,0.33597425105224066,0.3203740157480315,0.3351209777999501,0.32342420130751204,0.3345004376641241,0.12103551097858498,0.11811023622047244,0.5162976629766297,0.5148636224333436,0.028182099721275937,0.029712460063897765,0.1174694661726362,0.12103551097858498,0.5407725321888412,0.5162976629766297,0.028182099721275937,0.3371599700524083,0.3331710286062082,0.3352102102102102,0.34030904002920065,0.29055654233274125,0.30121985029110065,0.3366312144447193,0.3400485436893204,0.33769144564811354,0.3400534369686665
R3_ms_only_A9,0.02210927573062262,0.2822702159718734,0.2748648308814284,0.4708452990385816,0.472625,0.44725950081525145,0.44725950081525145,0.0,0.44295217773314927,0.44295217773314927,0.0,0.45599297893681046,0.45599297893681046,0.0,0.43636591165060695,0.0,0.0,0.43885971492873216,0.5305386242069909,0.0,0.6486386138613861,0.0,0.0,0.47730398899587345,0.527930174563591,0.0,0.6491271511699889,0.0,0.027222999618369163,0.018086867914915296,0.022654957362861144,0.02253341820496499,0.017579617834394906,0.02253341820496499,0.00994517404054571,0.010710187428279994,0.02202418841502228,0.47732100462326627,0.4680930930930931,0.4859684289651716,0.0,0.49087935589382314,0.0,0.4858721587341454,0.0,0.4647957905286896,0.3779922296027071,0.004207573632538569,0.004972587020272855,0.5244042309162738,0.0,0.6801372474266107,0.0,0.9659005745690732,0.0,0.5432318859034764,0.0,0.9378231807289696,0.0,0.9744936234058514,0.0,0.968313373253493,0.9591253571872282,0.9676777722526106,0.0,0.9751777472870151,0.9761488511488512,0.0,0.8911376492771842,0.8708867118814368,0.0,0.9706574223102638,0.9680678558064114,0.0,0.9656292963379578,0.9656292963379578,0.9669390787518574,0.9669390787518574,0.967016491754123,0.9659653465346535,0.972107048624199,0.9668234711562268,0.9710346572223627,0.950758035172832,0.9377351620342275,0.9510006064281382,0.9346849581158189,0.9506427358719379,0.9377351620342275,0.9370145631067961,0.9373862395340371,0.9490600363856883,0.947247150133398,0.936157300643282,0.9633050424363455,0.9797145003756574,0.9370145631067961,0.9373862395340371,0.947247150133398,0.936157300643282,0.9486899563318777,0.9501455604075691,0.9508674026446682,0.9482110369921164,0.9506487207469383,0.6826923076923077,0.6826923076923077,0.950758035172832,0.9491936461743664,0.9731743666169895,0.9539318885448916,0.9798422436459246,0.9533069110725787,0.9729327042463373,0.9718327335897754,0.9808414725770098,0.9731743666169895,0.8319569569569569,0.9808414725770098,0.9508852777104051,0.9549190535491905,0.7144305080451032,0.9751777472870151,0.8911376492771842,0.9529796328891124,0.9752190237797247,0.7144305080451032,0.8364201367308888,0.8400249376558604,0.8308327081770442,0.6438583078491336,0.5980180409096684,0.746705524581855,0.975621952744093,0.9676980198019802,0.9524340393905611,0.9516908212560387,0.746705524581855,0.8302615193026152,0.8346593734460468,0.8308327081770442,0.9679455445544555,0.9629767673002857,0.9347473487211478,0.4622797007734246,0.7208949563898369,0.9410304158907511,0.5108060005085177,0.7479838709677419,0.45654104809034385,0.9718186372745491,0.5932698412698413,0.9552647975077881,0.9613808518564511,0.47492103600758057,0.47492103600758057,0.47492103600758057,0.5507373156710822,0.36382139676885894,0.897238514173998,0.5737848306884918,0.43647592639274013,0.4697535474234503,0.9487024011642008,0.938728463965057,0.9499151103565365,0.7216687422166874,0.9497938394373029,0.7216687422166874,0.9496725685180694,0.1390939170272334,0.9487024011642008,0.9253278290432249,0.9494300266796022,0.9483385884065001,0.948944943002668,0.9496786710318904,0.938728463965057,0.33354184911797824,1.0,0.9751777472870151,0.8348473378753469,0.9743013972055888,0.9678217821782178,0.9736743605739239,0.9523042616451932,0.9823588709677419,0.9516908212560387,0.9882218844984803,0.6591391141609482,0.6640456563094483,0.25352467270896273,0.2697401935812532,0.04782827014812955,0.048684377780602514,0.6612008072653885,0.6591391141609482,0.2754377061659477,0.25352467270896273,0.04782827014812955,0.9718186372745491,0.9394343973783226,0.9549190535491905,0.9476751244385092,0.7404406178779438,0.7636118928178147,0.9751777472870151,0.9487024011642008,0.9643746885899352,0.9474960591730326
R3_ms_plus_blocks_F8,0.022208359326263256,0.2854838709677419,0.2770605759682224,0.47417202174987644,0.4766679044436193,0.4492250464972102,0.4492250464972102,0.0,0.4456859093730602,0.4456859093730602,0.0,0.4591241781416698,0.4591241781416698,0.0,0.4372064276885043,0.0,0.0,0.4425194901621087,0.5349439171699741,0.0,0.6554012535332432,0.0,0.0,0.4781910292845669,0.5301011596348384,0.0,0.6558888615687238,0.0,0.02890028775178281,0.018513885414060547,0.023895908920305266,0.02339254440830623,0.017888416312234177,0.02339254440830623,0.00975975975975976,0.010510510510510511,0.022892169126845135,0.4833353983397349,0.47437647350787937,0.4902593373867726,0.0,0.4917951268025858,0.0,0.48906288839174744,0.0,0.46892445106066244,0.3814305194000248,0.004129129129129129,0.00487987987987988,0.5153903903903904,0.0,0.6729229229229229,0.0,0.9800598205383848,0.0,0.535035035035035,0.0,0.9407055291468601,0.0,0.9893922376138774,0.0,0.9856626355815983,0.9744480277846688,0.9817663110890598,0.0,1.0,0.9932617918642376,0.0,0.8972277722277723,0.877808287568647,0.0,0.989104865667946,0.9841783979070636,0.0,0.9797979797979798,0.9797979797979798,0.9844059405940594,0.9844059405940594,0.9796960637767813,0.9844059405940594,0.9769182782283219,0.9850228988736229,0.9630646368854504,0.9683521280465623,0.955345225094042,0.9685946404753244,0.9520631067961165,0.9684733842609434,0.955345225094042,0.9541484716157205,0.9549921145214121,0.9666545410452285,0.9650782102582758,0.9532937037486352,0.9715669232679414,0.9832235615757425,0.9541484716157205,0.9549921145214121,0.9650782102582758,0.9532937037486352,0.966525166767738,0.967741935483871,0.968465736810188,0.966044142614601,0.9687158966897054,0.6950006141751628,0.6950006141751628,0.9683521280465623,0.9672608221171335,0.992668986083499,0.9716513988611042,0.9845828670893945,0.9702970297029703,0.991185599006828,0.9925465838509316,0.9850820487319741,0.992668986083499,0.8402388951101157,0.9850820487319741,0.9687158966897054,0.9671052631578947,0.7118368368368369,1.0,0.8972277722277723,0.9608652163040761,0.9916239529941243,0.7118368368368369,0.8491945477075589,0.8514470252142591,0.8400298544595098,0.6328828828828829,0.5922682347053672,0.7434934934934935,0.9927545284197377,0.9863844535214754,0.9691831683168317,0.9689279524634811,0.7434934934934935,0.8426213230731041,0.8481279444582197,0.8400298544595098,0.9863861386138614,0.9800124146492861,0.945811583395476,0.4607977991746905,0.7197301012120455,0.9549170175873173,0.504125,0.7489085692902582,0.4542271135567784,0.9832771745912892,0.5883898411109721,0.9716206123973115,0.9791459781529295,0.47107129525942515,0.47107129525942515,0.47107129525942515,0.5553628932375526,0.3592597223958985,0.9131071515743227,0.579573624194348,0.4396508728179551,0.48184409468335604,0.9665332848308475,0.9556202255365588,0.9677458469746575,0.7249722256511542,0.9678632064031045,0.7249722256511542,0.9675033345458954,0.13821138211382114,0.9665332848308475,0.9420043678718758,0.9672608221171335,0.9661695161877046,0.9667757972596096,0.9677458469746575,0.9556202255365588,0.3366312144447193,0.9751777472870151,1.0,0.8335205291401473,0.9948801198801199,0.9862623762376238,0.991519082065353,0.9688118811881188,0.9819044053413204,0.9689279524634811,0.9770459081836327,0.6652631578947369,0.6562656015976036,0.2535036586878333,0.26566604127579735,0.049796120103793404,0.05066299724793595,0.6640429785107447,0.6652631578947369,0.2760475297060663,0.2535036586878333,0.049796120103793404,0.9832771745912892,0.9558573853989814,0.9671052631578947,0.9655256130128672,0.7381786339754816,0.7735963950797711,1.0,0.9665332848308475,0.9789905519641969,0.9658016007761339
R3_ms_plus_cohdrop_F7,0.02586591348297904,0.3378079362737867,0.32919621749408984,0.4356863274396005,0.4375675675675676,0.4096271186440678,0.4096271186440678,0.0,0.4099142040038132,0.4099142040038132,0.0,0.4192761285075234,0.4192761285075234,0.0,0.5147295910889638,0.0,0.0,0.5186813186813187,0.6269679300291545,0.0,0.7654392577558713,0.0,0.0,0.5626006735978913,0.6222806249087458,0.0,0.7658062645011601,0.0,0.006680220737728725,0.008985122993077037,0.006131386861313868,0.011303581914268937,0.008991745283018868,0.011303581914268937,0.003256364712847839,0.0036987720076934456,0.008052708638360176,0.453654552878726,0.44949356693128933,0.4353823490022767,0.0,0.4521291022511527,0.0,0.4489629930866206,0.0,0.43523809523809526,0.44882352941176473,0.004925373134328359,0.0058208955223880594,0.47498295841854127,0.0,0.6044102019128587,0.0,0.8281563126252505,0.0,0.5176991150442478,0.0,0.803220489412958,0.0,0.8331873357527219,0.0,0.8296037004625578,0.8187018154687888,0.826719741261351,0.0,0.8335205291401473,0.8343328335832084,0.0,0.7764856230031949,0.7666024405908799,0.0,0.8291444843382444,0.829375,0.0,0.8273399323393058,0.8273399323393058,0.8301675977653631,0.8301675977653631,0.8274092615769713,0.8288053591365836,0.8278070836473248,0.8255540423424539,0.8216223035196165,0.8119088042687364,0.8029436808174188,0.8119316114950891,0.8005111976630964,0.8120300751879699,0.8029436808174188,0.805091972225606,0.8028460228654829,0.8115291262135922,0.809512254307207,0.803336580613736,0.8270290581162325,0.834980608032028,0.805091972225606,0.8028460228654829,0.809512254307207,0.803336580613736,0.8133430550492162,0.8121587186021114,0.8128640776699029,0.8133203694701021,0.8124924196482717,0.7962085308056872,0.7962085308056872,0.8119088042687364,0.8138969873663752,0.8319045844204249,0.8171095108020859,0.8342085521380345,0.8137631742095475,0.830788330229671,0.8309124767225325,0.8361065932691105,0.8319045844204249,0.9847081311571828,0.8361065932691105,0.8120528677094702,0.8161966558522585,0.6260664129150807,0.8335205291401473,0.7764856230031949,0.8172749084480364,0.8340015033826109,0.6260664129150807,0.7531832797427652,0.7580061983471075,0.6900350525788683,0.5315878598410838,0.5392381208776417,0.6693516439984154,0.8352528793189785,0.8300880565546322,0.8126472411655301,0.8146032534459208,0.6693516439984154,0.7561544441565172,0.7574544985155544,0.6900350525788683,0.830109126984127,0.8268727408699987,0.81089258698941,0.41765588756992766,0.685953765039881,0.8176345164931644,0.5045524583274968,0.6795091700752078,0.40951861448247645,0.8337101230846521,0.535271943995692,0.8287869264613451,0.8340217799474278,0.4517507582023711,0.4517507582023711,0.4517507582023711,0.6432322053675612,0.3465485730352875,0.7560737394701502,0.5808945334069575,0.37232334047109206,0.4005252790544977,0.8114077669902913,0.8035497203987357,0.8115221346270467,0.6882321618743344,0.8114008489993936,0.6882321618743344,0.8112795633717405,0.1475602586713698,0.8114077669902913,0.7904599659284497,0.8108173659956343,0.8099454214675561,0.8105518496058217,0.8113024496725685,0.8035497203987357,0.39982347749338043,0.8348473378753469,0.8335205291401473,1.0,0.8335414585414586,0.8299851190476191,0.8331251561329003,0.8125,0.8346327967806841,0.8146032534459208,0.8341733870967742,0.660292309793744,0.6673162583518931,0.22532666110647762,0.2359283113973677,0.012793476732742864,0.013259195893926433,0.664636678200692,0.660292309793744,0.24789915966386555,0.22532666110647762,0.012793476732742864,0.8337101230846521,0.8046466366622066,0.8161966558522585,0.8100097181729835,0.658507698381366,0.6903579161890205,0.8335205291401473,0.8114077669902913,0.8276896163938523,0.8106566330865397
R3b_all_multimodal,0.022233325006245315,0.2853240625776012,0.2772117296222664,0.4743351886209029,0.4773825752881398,0.4497269116186693,0.4497269116186693,0.0,0.4461844394730301,0.4461844394730301,0.0,0.4596373571783408,0.4596373571783408,0.0,0.4375154664686959,0.0,0.0,0.44265543720584594,0.5353485502776064,0.0,0.6549053356282272,0.0,0.0,0.4772614928324271,0.5297457417921501,0.0,0.6551893753074275,0.0,0.028804007514088917,0.0186623246492986,0.024051108605787297,0.023547094188376753,0.018036072144288578,0.023547094188376753,0.00977076287110109,0.010522360015031942,0.023046092184368736,0.4836909338955724,0.4741743233176062,0.4909926698968816,0.0,0.49271754014689406,0.0,0.4890547263681592,0.0,0.46944858420268254,0.3815136476426799,0.004133784291619692,0.004885381435550545,0.5159714393085306,0.0,0.6736815733433547,0.0,0.9801720912832024,0.0,0.535638231241388,0.0,0.9415226646631605,0.0,0.9895104895104895,0.0,0.9852831129957595,0.9728422619047619,0.9804043160114101,0.0,0.9948801198801199,0.9941294029477892,0.0,0.8975256185953512,0.8778568752341701,0.0,0.9879905905658042,0.9837986041874377,0.0,0.9796631316281972,0.9796631316281972,0.9835375665305112,0.9835375665305112,0.9807956104252401,0.9832920792079208,0.977275564989387,0.9836633663366336,0.9624313529705442,0.9672608221171335,0.954727515475179,0.9675033345458954,0.9514445253702355,0.9673820783315145,0.954727515475179,0.9530567685589519,0.9539002790246269,0.9655632351157997,0.9639869043288468,0.95220186825185,0.9704494661037993,0.983337478239244,0.9530567685589519,0.9539002790246269,0.9639869043288468,0.95220186825185,0.965195246179966,0.9664120286164666,0.9671355808877031,0.9647144416151328,0.9676245907602765,0.6941031941031941,0.6941031941031941,0.9672608221171335,0.9661695161877046,0.9915506958250497,0.9702933531377645,0.9846976859915402,0.9691831683168317,0.9905625232832485,0.9914285714285714,0.984950248756219,0.9915506958250497,0.8398058252427184,0.984950248756219,0.9676245907602765,0.9659880834160874,0.7122103944896682,0.9948801198801199,0.8975256185953512,0.960720540405304,0.99025,0.7122103944896682,0.8489957847756013,0.8505590062111801,0.8393679233544855,0.6331872260488416,0.5931354127520982,0.7443317048728548,0.9918790604697652,0.9852704542641416,0.968069306930693,0.967813815300817,0.7443317048728548,0.8421902160417184,0.8472411655300682,0.8393679233544855,0.9852722772277228,0.9803702323269972,0.9473553204729309,0.4607683644099612,0.7203252032520325,0.9542864222001982,0.5045045045045045,0.7495317767511549,0.4541927409261577,0.9848787803049238,0.5892521608417888,0.9702551337896702,0.978274363749224,0.4717827332751962,0.4717827332751962,0.4717827332751962,0.5550185873605948,0.36000500876533936,0.9120087869172565,0.5796328454477797,0.4385286783042394,0.48036178912154626,0.9654419789014187,0.9547659471258793,0.9666545410452285,0.7257785467128027,0.9667717681300024,0.7257785467128027,0.9664120286164666,0.1385097056981841,0.9654419789014187,0.9409123999029362,0.9661695161877046,0.9650782102582758,0.9656844913301806,0.9666545410452285,0.9547659471258793,0.3368408021787571,0.9743013972055888,0.9948801198801199,0.8335414585414586,1.0,0.9851485148514851,0.9918871692461309,0.9676980198019802,0.9827607745159276,0.967813815300817,0.9761696818465377,0.6647670961347869,0.6561758461346322,0.25332009432791364,0.2656484727090636,0.04985155863433944,0.050720100187852224,0.6643741403026134,0.6647670961347869,0.2760390585878818,0.25332009432791364,0.04985155863433944,0.9848787803049238,0.9550030321406914,0.9659880834160874,0.9644331148336975,0.7387928875532181,0.7731481481481481,0.9948801198801199,0.9654419789014187,0.978363591146481,0.9647101625030318
R3b_card_coh,0.022156207451417255,0.2843064794284306,0.2757855822550832,0.47582133628645257,0.47739869442049515,0.4508085421552895,0.4508085421552895,0.0,0.4451437739108972,0.4451437739108972,0.0,0.4599432168868041,0.4599432168868041,0.0,0.4432786075793112,0.0,0.0,0.44680325845470253,0.5423854115327748,0.0,0.6656411518582328,0.0,0.0,0.4836560996669545,0.5377405032067094,0.0,0.6659281142294436,0.0,0.02879483678788631,0.018617351371478217,0.023703152146934723,0.023330851327872923,0.017996772992428942,0.023330851327872923,0.009681022713168673,0.010425716768027803,0.022961400024823136,0.4836681868605941,0.47421026653504444,0.48578811369509045,0.0,0.4902420948616601,0.0,0.48752778463818225,0.0,0.4687885516901061,0.38160976211019354,0.004095817301725208,0.004840511356584336,0.5102952121061771,0.0,0.666046626984127,0.0,0.9746255724718406,0.0,0.5297692880178616,0.0,0.9290490341753344,0.0,0.9809405940594059,0.0,0.9792079207920792,0.9780940594059406,0.9853960396039604,0.0,0.9862623762376238,0.9850247524752476,0.0,0.8893016344725111,0.8721348036178912,0.0,0.996410891089109,0.9792079207920792,0.0,0.9728960396039604,0.9728960396039604,0.997394540942928,0.997394540942928,0.975,0.9968990324981394,0.969059405940594,0.9930684490654784,0.9550742574257426,0.9762337819813266,0.9627562780541065,0.9764762944100885,0.9597136269870161,0.9765947125879214,0.9627562780541065,0.9613192676124651,0.9628775931093049,0.9747756487994179,0.973438447543966,0.9604656803298569,0.9735115732145068,0.9831683168316832,0.9613192676124651,0.9628775931093049,0.973438447543966,0.9604656803298569,0.97416929420325,0.9756245452340528,0.9758700133381836,0.9741661613098848,0.9770770163735597,0.7029848912909962,0.7029848912909962,0.9767131594906003,0.9787414965986394,0.9928217821782178,0.9801882119861317,0.9835396039603961,0.9822668650793651,0.9930693069306931,0.9931930693069307,0.9842821782178218,0.9928217821782178,0.8421378968253969,0.9842821782178218,0.9768372544263886,0.9697945035899975,0.7041904289610712,0.9862623762376238,0.8893016344725111,0.9492511449436811,0.9797029702970297,0.7041904289610712,0.8600148920327625,0.8579051873914123,0.8396483407627539,0.6241486068111455,0.5863095238095238,0.7362024060523379,0.9823019801980198,0.9988835132117603,0.981396502542478,0.9774640911342248,0.7362024060523379,0.8506888420007447,0.8577987343342847,0.8396483407627539,0.9986357435197817,0.9819306930693069,0.9459091471716796,0.45762501551060925,0.715845638416677,0.9649144557401438,0.5013651030032266,0.745260810308512,0.4507444168734491,0.9748762376237624,0.5824652777777778,0.9694155522535909,0.9818024263431543,0.4751209827522025,0.4751209827522025,0.4751209827522025,0.5639945483831,0.35569055293825935,0.9194000731618095,0.58979769144843,0.4370049504950495,0.48787128712871286,0.9753730437947349,0.9639781685870225,0.9763464337700145,0.7206765534992033,0.9759854457246816,0.7206765534992033,0.9761038330907327,0.1368146861820888,0.9753730437947349,0.9541585603112841,0.9756215888417222,0.9747695293546822,0.975376031052887,0.9773058252427185,0.9639781685870225,0.33772145669291337,0.9678217821782178,0.9862623762376238,0.8299851190476191,0.9851485148514851,1.0,0.9842821782178218,0.9812701562887621,0.9735148514851485,0.9774640911342248,0.969430693069307,0.6770510115427578,0.6550825369244135,0.25163036790943766,0.260708096063382,0.04952801274978546,0.05038471084636386,0.6611642050390965,0.6770510115427578,0.27082559722737964,0.25163036790943766,0.04952801274978546,0.9748762376237624,0.9646930356709537,0.9697945035899975,0.9738950947061681,0.7302925136341101,0.7784802431610942,0.9862623762376238,0.9753730437947349,0.9782178217821782,0.9741630276564774
R3b_card_ms,0.02186953261684579,0.2844549292277129,0.27650055921461414,0.4738339725349499,0.47541795665634673,0.4495777446597119,0.4495777446597119,0.0,0.44549409571162213,0.44549409571162213,0.0,0.4580436941410129,0.4580436941410129,0.0,0.4370049504950495,0.0,0.0,0.4403612967087355,0.5331607495069034,0.0,0.6534349268772275,0.0,0.0,0.47785749628896584,0.5300148221343873,0.0,0.653718500307314,0.0,0.028958254983076345,0.018678701266140154,0.023815492604662824,0.02356775730224395,0.01805189921022941,0.02356775730224395,0.009779338014042127,0.01053159478435306,0.023066315657515355,0.4831906711326138,0.473854179605018,0.48975282573593343,0.0,0.4925893635571055,0.0,0.48966633466135456,0.0,0.467850049652433,0.38064516129032255,0.004137412236710131,0.0048896690070210636,0.5164242728184554,0.0,0.6738530960140386,0.0,0.9802869619463506,0.0,0.5361083249749248,0.0,0.9411322645290581,0.0,0.9886363636363636,0.0,0.9836678718364293,0.9731976672043677,0.9817481996523466,0.0,0.991519082065353,0.9917623564653021,0.0,0.8968878890138733,0.8779207797076096,0.0,0.9868779400841793,0.9834205933682374,0.0,0.9782961207434202,0.9782961207434202,0.9834076275383853,0.9834076275383853,0.9804166146937757,0.9824257425742574,0.9734447076424386,0.9830424557494739,0.9620474406991261,0.9668890236506974,0.9541150764748726,0.966893039049236,0.9508316134514994,0.9670103092783505,0.9541150764748726,0.9524444983622468,0.9532880368842513,0.9651910248635537,0.9633761823914625,0.9511159631246967,0.9690913604766633,0.9819741422178021,0.9524444983622468,0.9532880368842513,0.9633761823914625,0.9511159631246967,0.9645845967252881,0.9660400242571255,0.966525166767738,0.9643420254699818,0.9667757972596096,0.6932432432432433,0.6932432432432433,0.9666504972107689,0.9653207226870377,0.9901863354037267,0.9694269092709493,0.9818543375590355,0.9688041594454073,0.9899403874813711,0.9903117625139735,0.9835861725938821,0.9901863354037267,0.8384768541562967,0.9835861725938821,0.9670143099684696,0.9663395851447025,0.7126206291515228,0.991519082065353,0.8968878890138733,0.9603353353353353,0.9876358186586737,0.7126206291515228,0.8497332175207842,0.850608998260005,0.8380395571588506,0.6337427926798697,0.5932564552519428,0.7445475056405114,0.9902585237916823,0.9844040103973264,0.9679336387272502,0.9669472641743005,0.7445475056405114,0.8424649024723568,0.8484359483614697,0.8380395571588506,0.9846515657878451,0.9782716662527936,0.9457576511570043,0.46190476190476193,0.719664748561421,0.9548723034961567,0.5047583270723767,0.749094542275509,0.4553202155658604,0.9845,0.5893707696164452,0.9698742686418523,0.9778964361107662,0.47201097120059843,0.47201097120059843,0.47201097120059843,0.5555004340816073,0.35997995238691893,0.9118544744231474,0.5797443217078317,0.43801446744824146,0.47967781908302354,0.9648314334222653,0.9546281693558171,0.9662825955124318,0.7253399258343635,0.9661613098847787,0.7253399258343635,0.9660400242571255,0.13863123589872148,0.9648314334222653,0.9405339805825242,0.9657974530018193,0.9647058823529412,0.9653123104912068,0.9658057475445616,0.9546281693558171,0.33597425105224066,0.9736743605739239,0.991519082065353,0.8331251561329003,0.9918871692461309,0.9842821782178218,1.0,0.9675622136932029,0.9804019473224317,0.9669472641743005,0.975789342318732,0.6649312011900335,0.6557151780137415,0.25322901142573273,0.2658814684876582,0.049894762907019934,0.050764602657307596,0.6630828853606701,0.6649312011900335,0.2753223988982096,0.25322901142573273,0.049894762907019934,0.9845,0.9543910722950024,0.9663395851447025,0.9638217797741896,0.739441032710866,0.7733755942947702,0.991519082065353,0.9648314334222653,0.9774931609052474,0.9636231356857039
R3b_card_only,0.02254976064499874,0.2669376693766938,0.25841035120147876,0.4586512429239478,0.4603917703585068,0.4580612757408338,0.4580612757408338,0.0,0.45229726336931964,0.45229726336931964,0.0,0.46716886377903327,0.46716886377903327,0.0,0.4366915422885572,0.0,0.0,0.4382762046696473,0.5318069306930693,0.0,0.6476811415918318,0.0,0.0,0.47298636926889714,0.5267525390141194,0.0,0.6479635781961364,0.0,0.029177718832891247,0.018820260199570546,0.02425467407781708,0.02374636857395478,0.01818870784388026,0.02374636857395478,0.009853461344113188,0.010611419909044972,0.02324112668940255,0.46665022808531625,0.45753086419753086,0.49436513899323814,0.0,0.4976136649083145,0.0,0.4956030150753769,0.0,0.45157310302282544,0.36439842209072976,0.00416877210712481,0.004926730672056594,0.49503105590062113,0.0,0.6514285714285715,0.0,0.9571729174402772,0.0,0.5143460439696932,0.0,0.9115898959881129,0.0,0.963490099009901,0.0,0.9622431294874969,0.9606435643564356,0.9679455445544555,0.0,0.9688118811881188,0.9675742574257425,0.0,0.8767225325884543,0.8597341284631631,0.0,0.9789603960396039,0.9617574257425743,0.0,0.9559296855657341,0.9559296855657341,0.9799007444168735,0.9799007444168735,0.9577918059165739,0.9794095757876458,0.9528173374613003,0.9768392370572208,0.9395441030723488,0.9598495875788452,0.9461230433199854,0.9600921882581271,0.9430756159728122,0.9599708879184862,0.9461230433199854,0.9442221413847459,0.9460082504246542,0.9581513828238719,0.9565744784085396,0.9433664807179238,0.9560589181829434,0.9669349845201238,0.9442221413847459,0.9460082504246542,0.9565744784085396,0.9433664807179238,0.9573074590661007,0.9587628865979382,0.9590104292990541,0.9570648878107945,0.9595004243967503,0.6854581183984279,0.6854581183984279,0.9603251637951954,0.9616132167152576,0.9753712871287129,0.9624860715612232,0.9668193636251083,0.9984863773965691,0.9761079475117603,0.9757425742574257,0.9678058444774641,0.9753712871287129,0.8246527777777778,0.9678058444774641,0.9602134885977681,0.9533069110725787,0.6968071838363682,0.9688118811881188,0.8767225325884543,0.9327554179566564,0.9624953583364277,0.6968071838363682,0.8438897168405365,0.8493577752837012,0.8378918446359436,0.6134809103345356,0.573116140263616,0.7320334958130233,0.9648514851485148,0.9813918868626721,0.9988639232517041,0.96097621407334,0.7320334958130233,0.837979094076655,0.8419026328862395,0.8378918446359436,0.981148455909711,0.964480198019802,0.9294117647058824,0.4558454591068741,0.7238035264483628,0.9481582537517054,0.5087697160883281,0.7374781958634438,0.4481634699761815,0.9581527794973381,0.5714107832150417,0.9517147455738517,0.9641044683747989,0.46599276176213655,0.46599276176213655,0.46599276176213655,0.5740226986128626,0.36133181990162694,0.90267105744603,0.6003031834259727,0.4197301646243347,0.4704207920792079,0.9582676210117675,0.947349266043916,0.9594807715637511,0.7337824351297405,0.9595971851492356,0.7337824351297405,0.959475855374909,0.13968173781257892,0.9582676210117675,0.9698281192036602,0.9592331958262558,0.9586165048543689,0.9592233009708738,0.9592430858806404,0.947349266043916,0.3203740157480315,0.9523042616451932,0.9688118811881188,0.8125,0.9676980198019802,0.9812701562887621,0.9675622136932029,1.0,0.9567908877058314,0.96097621407334,0.9541568578862595,0.68911066195048,0.6667508842849924,0.2552871980978601,0.24463998017102492,0.05039920159680639,0.05128205128205128,0.6729408792319354,0.68911066195048,0.2533729421958163,0.2552871980978601,0.05039920159680639,0.9581527794973381,0.9494777750789409,0.9533069110725787,0.9570127504553734,0.7226377461979556,0.7624087591240876,0.9688118811881188,0.9582676210117675,0.9607673267326733,0.9570596797671034
R3b_coh_ms,0.021980798383021728,0.28401552134184505,0.2767957878901843,0.4723605577689243,0.47432061829967587,0.44667832167832167,0.44667832167832167,0.0,0.4436522826766729,0.4436522826766729,0.0,0.4570107473131717,0.4570107473131717,0.0,0.4378041172800998,0.0,0.0,0.4411874766121991,0.5332091868404718,0.0,0.6522867737948084,0.0,0.0,0.47935636771859796,0.5302314008459816,0.0,0.6525717111770524,0.0,0.02940803650652808,0.01888466413181242,0.02433768538471289,0.023827629911280103,0.01838002281658005,0.023827629911280103,0.009887184687539612,0.01064773735581189,0.023450373938395233,0.48010973936899864,0.4699862723075003,0.488375,0.0,0.49122587114565053,0.0,0.4879118126017788,0.0,0.46688327918020495,0.3790906819885086,0.004183039675497528,0.004943592343769806,0.5221194067689188,0.0,0.6810694374049671,0.0,0.973125,0.0,0.5416297047269041,0.0,0.9428895612708018,0.0,0.9809881175734835,0.0,0.9760239760239761,0.9645962732919254,0.9731510254816657,0.0,0.9819044053413204,0.9828835582208896,0.0,0.895014441793294,0.8743100852985449,0.0,0.9763526061656556,0.9760239760239761,0.0,0.9728580362726704,0.9728580362726704,0.9721465709333994,0.9721465709333994,0.9712858926342073,0.9716584158415842,0.9788812067881836,0.972029702970297,0.9673967774420946,0.9560999272374484,0.9433183638791115,0.9563424690759156,0.9397985192377716,0.9559839941797017,0.9433183638791115,0.9423613639121465,0.9424966638359821,0.9544021343681786,0.9528256124181421,0.941504854368932,0.9685550286997754,0.981504623844039,0.9423613639121465,0.9424966638359821,0.9528256124181421,0.941504854368932,0.9537957797720107,0.9552510308028135,0.9559733171619164,0.9537901758641602,0.9562265066084636,0.6823486058223805,0.6823486058223805,0.9560999272374484,0.9547714320358919,0.9796247981115667,0.9591432462547975,0.9811367895065584,0.9580341668729884,0.9781529294935452,0.9787683138813013,0.9813912826277008,0.9796247981115667,0.8326678312952334,0.9813912826277008,0.9562265066084636,0.9596713965646004,0.7133123028391167,0.9819044053413204,0.895014441793294,0.9580243810481337,0.9819684447783621,0.7133123028391167,0.8405365126676602,0.8439212755356253,0.8347489382962778,0.6411458993535303,0.5987841945288754,0.7458975006311538,0.9821160580290145,0.9733910891089109,0.9569200297103243,0.9564194626717841,0.7458975006311538,0.8341627270465289,0.8387777915786859,0.8347489382962778,0.9736386138613862,0.9691810612650678,0.9404865876481597,0.4640283221646226,0.7247474747474747,0.9460163812360387,0.50726468730259,0.7506918238993711,0.45775360485707056,0.9790674354474805,0.59445429222588,0.9612412761714856,0.9678260869565217,0.4725468023621058,0.4725468023621058,0.4725468023621058,0.5483590253605172,0.36377454084863836,0.9030917756324086,0.5718726684904253,0.4395521449238898,0.4745615126259485,0.9542808634489449,0.9440737595535605,0.9552564568934158,0.7233196670393838,0.9551352006790348,0.7233196670393838,0.9550139444646538,0.13972637446161643,0.9542808634489449,0.9299757281553398,0.9547714320358919,0.9536801261064629,0.9542864071783679,0.9552564568934158,0.9440737595535605,0.3351209777999501,0.9823588709677419,0.9819044053413204,0.8346327967806841,0.9827607745159276,0.9735148514851485,0.9804019473224317,0.9567908877058314,1.0,0.9564194626717841,0.9834971025447216,0.655994043186895,0.6608224016145308,0.25442006269592476,0.2683297454729644,0.050569533108023534,0.051457541191381496,0.6590509666080844,0.655994043186895,0.2770612038442084,0.25442006269592476,0.050569533108023534,0.9790674354474805,0.9438379427462397,0.9596713965646004,0.9530225782957028,0.740535083291267,0.765352215846661,0.9819044053413204,0.9542808634489449,0.9693686963018304,0.953073845034558
R3b_coh_only,0.022300617361723573,0.27079471017179585,0.2617723396366333,0.4722325754752143,0.4723568145111194,0.4498563756712876,0.4498563756712876,0.0,0.44376482336786915,0.44376482336786915,0.0,0.456369982547993,0.456369982547993,0.0,0.4500251130085384,0.0,0.0,0.45196889892149483,0.5486858573216521,0.0,0.6726205345990507,0.0,0.0,0.49053054057443873,0.5459106874059207,0.0,0.6729135432283858,0.0,0.02866885577165951,0.017670074466742396,0.022841998990408886,0.020403022670025188,0.017295795985355383,0.020403022670025188,0.009602021478205939,0.010104837691044588,0.022603864124258112,0.480886564562321,0.4711454568116665,0.4826643469616006,0.0,0.4860383944153578,0.0,0.4833000997008973,0.0,0.4645747727555722,0.3692612300457864,0.004170352584354859,0.004928598508783015,0.5128882182824092,0.0,0.6537265148687321,0.0,0.9572861210845611,0.0,0.516421995521274,0.0,0.9114551083591331,0.0,0.9631188118811881,0.0,0.9623576027736503,0.961000371425034,0.9675742574257425,0.0,0.9689279524634811,0.9674464661468003,0.0,0.8810205351586807,0.8607484769364665,0.0,0.9788340141106573,0.9613861386138614,0.0,0.956527124102056,0.956527124102056,0.9753621394081962,0.9753621394081962,0.9579051628079732,0.9756067360079247,0.954624349119762,0.9794095757876458,0.9401338621715419,0.9590104292990541,0.9464675892206846,0.9592529711375212,0.9436551305403764,0.9593693147362038,0.9464675892206846,0.9448016498847507,0.9463527127078529,0.9577874818049491,0.9566852705653968,0.9437098143879655,0.9617581326049168,0.9660765135570137,0.9448016498847507,0.9463527127078529,0.9566852705653968,0.9437098143879655,0.9607485721229797,0.959349593495935,0.9600728155339806,0.9605055292259084,0.95961188599151,0.7105099114823588,0.7105099114823588,0.9590104292990541,0.9576815811810355,0.9752444609481371,0.9972274732199118,0.966447938591061,0.9622197448284405,0.9752475247524752,0.9756157940339151,0.9671907886591556,0.9752444609481371,0.8267726313175214,0.9671907886591556,0.9591366557536074,0.9536612563498947,0.6970679975046787,0.9689279524634811,0.8810205351586807,0.9340604858701042,0.9626098799059056,0.6970679975046787,0.847417548226509,0.8529117720569858,0.8567642604745078,0.6264576802507837,0.5733300161711655,0.7269101333665711,0.96496657588512,0.9773402674591382,0.9611049176266567,1.0,0.7269101333665711,0.8470293933708568,0.8468053306762984,0.8567642604745078,0.9773430729231151,0.9643520237653175,0.9297571853320119,0.4534636101716147,0.7152168463274003,0.9463378361630933,0.505351970784536,0.7338639472702401,0.44633688165309954,0.9599652949925632,0.5757462220557013,0.9544890873015873,0.964949219717612,0.46983729662077595,0.46983729662077595,0.46983729662077595,0.5708710976837865,0.3600957902697252,0.9027693058436013,0.597502522704339,0.42411823149528066,0.4749782689680864,0.9579036758461725,0.9481670308327264,0.959116826398156,0.7288789349259674,0.9589955113429577,0.7288789349259674,0.9586365841824357,0.12215449682796367,0.9579036758461725,0.9340619307832423,0.9581564584596726,0.9577772385343363,0.9581463059565692,0.959116826398156,0.9481670308327264,0.32342420130751204,0.9516908212560387,0.9689279524634811,0.8146032534459208,0.967813815300817,0.9774640911342248,0.9669472641743005,0.96097621407334,0.9564194626717841,1.0,0.9528173374613003,0.6863882931752239,0.6642694928084785,0.23833045196344776,0.25155821490900027,0.04702077372807563,0.04785894206549118,0.6704516780217007,0.6863882931752239,0.259236223410872,0.23833045196344776,0.04702077372807563,0.9599652949925632,0.9502977275489124,0.9536612563498947,0.9571237701931252,0.7192633150821304,0.7708766352854872,0.9689279524634811,0.9579036758461725,0.9620958751393534,0.9564584596725288
R3b_ms_only,0.021683996956632007,0.28277505959101745,0.27537688442211056,0.4711826347305389,0.47369736348869174,0.4467125860989355,0.4467125860989355,0.0,0.44512807634354595,0.44512807634354595,0.0,0.45762286860581747,0.45762286860581747,0.0,0.43727329580988117,0.0,0.0,0.4397650587353162,0.5312033814022874,0.0,0.6496350364963503,0.0,0.0,0.4778208171935524,0.5291697830964847,0.0,0.6499195644103453,0.0,0.02770012706480305,0.01831595013991351,0.022877478393492627,0.023016276703967446,0.017938931297709924,0.023016276703967446,0.009928716904276986,0.010692464358452138,0.02276774357669804,0.4782065692519046,0.46825,0.4872244488977956,0.0,0.49063952757884155,0.0,0.48694451418528745,0.0,0.4656899574254946,0.3789302267318051,0.00420061099796334,0.004964358452138493,0.5231493258712796,0.0,0.6811483739837398,0.0,0.967032967032967,0.0,0.5425301970756516,0.0,0.9389736477115118,0.0,0.9761190297574394,0.0,0.9701809107922645,0.9612277867528272,0.9688043748446433,0.0,0.9770459081836327,0.9777722277722277,0.0,0.8906328478151683,0.871109437751004,0.0,0.9722669307911354,0.9696894100037421,0.0,0.9672540932383452,0.9672540932383452,0.9683050637612975,0.9683050637612975,0.9669204843340407,0.9678177992325783,0.9727489639583071,0.968432780391186,0.9721800708143652,0.9523347483323226,0.9397839019060338,0.9525773195876288,0.9369686665047364,0.9522192578219743,0.9397839019060338,0.9378866917384447,0.938728463965057,0.9506367495451788,0.9488236720834344,0.9377351620342275,0.9649276085871193,0.9815904821540388,0.9378866917384447,0.938728463965057,0.9488236720834344,0.9377351620342275,0.9502668607472101,0.9517224648229015,0.9522076661814654,0.949787750151607,0.9522250515338911,0.6828427146200271,0.6828427146200271,0.9523347483323226,0.9507699769613193,0.9750341572475469,0.9550575708802773,0.9814698885689245,0.9551591725504769,0.9747920029802558,0.9746709709461138,0.9812288824928044,0.9750341572475469,0.8324371639364762,0.9812288824928044,0.9524617996604414,0.9565379825653798,0.7143399569674724,0.9770459081836327,0.8906328478151683,0.953140703517588,0.9773410115172759,0.7143399569674724,0.838036047234307,0.8411867364746946,0.8313132575284269,0.6430025445292621,0.5982482863670983,0.746803392834536,0.9765058735316171,0.9693069306930693,0.9542864222001982,0.9528173374613003,0.746803392834536,0.8314243027888446,0.836047234307023,0.8313132575284269,0.9695544554455445,0.9645918747670518,0.935644799201796,0.46318590799645165,0.7221028686970807,0.94240317775571,0.5101548616400101,0.7500630199142929,0.45708127298085455,0.9731997495303695,0.5943132774815943,0.9571286141575274,0.9632389468455043,0.4737704918032787,0.4737704918032787,0.4737704918032787,0.5502308748284038,0.36426029486527706,0.8995232856618995,0.5740324594257179,0.43738977072310403,0.4715548363002614,0.9502789231142372,0.9403057510313031,0.9514916323065729,0.7211442786069652,0.9513703613873393,0.7211442786069652,0.9512490904681058,0.1391536408692337,0.9502789231142372,0.9273743016759777,0.9510065486296386,0.9499151103565365,0.9505214649527043,0.9512550018188433,0.9403057510313031,0.3345004376641241,0.9882218844984803,0.9770459081836327,0.8341733870967742,0.9761696818465377,0.969430693069307,0.975789342318732,0.9541568578862595,0.9834971025447216,0.9528173374613003,1.0,0.6586915887850467,0.6629526462395543,0.25374072676977244,0.2689716537434855,0.04853881851247962,0.049403098806197615,0.6605365915102658,0.6586915887850467,0.27546882919412063,0.25374072676977244,0.04853881851247962,0.9731997495303695,0.9407766990291262,0.9565379825653798,0.9492533689450042,0.7407641700404858,0.763907568162367,0.9770459081836327,0.9502789231142372,0.9645257654966393,0.9490723899599854
R4_tier0_dietrich28,0.010541361443630517,0.06724867003137362,0.05757947878291718,0.3854550818704824,0.3782831988261189,0.380033177499623,0.380033177499623,0.0,0.3683894230769231,0.3683894230769231,0.0,0.37460885113991954,0.37460885113991954,0.0,0.4274497487437186,0.0,0.0,0.42011834319526625,0.5037913254473764,0.0,0.597457627118644,0.0,0.0,0.45060018467220686,0.5069497479761723,0.0,0.5984793098406199,0.0,0.0,0.0,0.0,0.0,0.0,0.0,0.0,0.0,0.0,0.4015151515151515,0.3879399970295559,0.36419930875576034,0.0,0.44143183549124143,0.0,0.43504026743655977,0.0,0.3777580334666074,0.2039446076374318,0.0,0.0,0.3321274523445109,0.0,0.45156103443655365,0.0,0.6570683877373712,0.0,0.3524669909659486,0.0,0.6219222597175353,0.0,0.6605550049554014,0.0,0.6621151936444886,0.6620295615451497,0.6668733721939725,0.0,0.6652631578947369,0.6640247678018576,0.0,0.6248555655411477,0.606679511881824,0.0,0.6743811881188119,0.6598487665798934,0.0,0.6594924110475242,0.6594924110475242,0.6766459627329192,0.6766459627329192,0.6576889661164205,0.6768542676108833,0.6618381618381618,0.6747301823595088,0.6506129597197898,0.6613294517224648,0.6559336504451763,0.6615720524017468,0.6542124542124542,0.6616523110518016,0.6559336504451763,0.6554457860714721,0.6576730557929434,0.6622524602113959,0.6614804910660022,0.6549536359199609,0.6635910224438902,0.6685728493286922,0.6554457860714721,0.6576730557929434,0.6614804910660022,0.6549536359199609,0.6630593385214008,0.6622950819672131,0.6621752852634134,0.6630183631278123,0.6614918132201334,0.7967453733248245,0.7967453733248245,0.6619342312826113,0.6626579203109816,0.6714126532128265,0.6870354038049641,0.6674947211526518,0.6880676084762866,0.671867261020307,0.67157712305026,0.668447204968944,0.6714126532128265,0.6725361725361725,0.668447204968944,0.6616933527413876,0.660222028190096,0.5096179897046871,0.6652631578947369,0.6248555655411477,0.6434554319289911,0.6593161546085233,0.5096179897046871,0.6366279069767442,0.6406685236768802,0.6154758766148167,0.44231033063520375,0.35830445214609435,0.5071409679978841,0.6606833374597673,0.6771350546176763,0.6888496022225028,0.6863882931752239,0.5071409679978841,0.6309791970319332,0.6375430235636749,0.6154758766148167,0.6769669893273765,0.6609287925696594,0.6404901838189321,0.3486211473234036,0.686091919495344,0.6800253646163602,0.49496221662468515,0.5263157894736842,0.34085545722713867,0.6594184890656064,0.3889800382827454,0.6566625155666251,0.6652589740404918,0.3795869855890655,0.3795869855890655,0.3795869855890655,0.8153985507246376,0.39557863004521854,0.6429911216706264,0.8427513991695252,0.15752280611589362,0.21642561983471073,0.6631412594213469,0.6602736379183972,0.6621342721864757,0.6315263908701855,0.6620128687628991,0.6315263908701855,0.6622950819672131,0.0,0.6631412594213469,0.6702628968253969,0.6620522161505769,0.6625744499817674,0.6623739521321832,0.6623360854783875,0.6602736379183972,0.12103551097858498,0.6591391141609482,0.6652631578947369,0.660292309793744,0.6647670961347869,0.6770510115427578,0.6649312011900335,0.68911066195048,0.655994043186895,0.6863882931752239,0.6586915887850467,1.0,0.9664712348845731,0.0,0.0,0.0,0.0,0.9750870122733102,1.0,0.0,0.0,0.0,0.6594184890656064,0.6678120014725734,0.660222028190096,0.6624056488921354,0.5237456399248726,0.5880100356529777,0.6652631578947369,0.6631412594213469,0.6617409660995902,0.662168733284707
R4_tier0_ms,0.009767784740140067,0.06504178272980501,0.0561985776042393,0.379284538242778,0.37244973938942666,0.37385180649112065,0.37385180649112065,0.0,0.36476161369193155,0.36476161369193155,0.0,0.3684210526315789,0.3684210526315789,0.0,0.4201720841300191,0.0,0.0,0.41391304347826086,0.49302468189483367,0.0,0.5819973525518458,0.0,0.0,0.44357733728734194,0.49683299860960917,0.0,0.583014424492199,0.0,0.0,0.0,0.0,0.0,0.0,0.0,0.0,0.0,0.0,0.39511754068716093,0.3796839729119639,0.3624505349552983,0.0,0.43812916214960507,0.0,0.4314179796107507,0.0,0.37372065021071643,0.2013681060282172,0.0,0.0,0.34032235059192695,0.0,0.4611271081859317,0.0,0.6506703420623982,0.0,0.3613565118267313,0.0,0.6276703967446592,0.0,0.6546159619714786,0.0,0.6530714375078194,0.6457684158045619,0.6510643595169924,0.0,0.6562656015976036,0.656671664167916,0.0,0.6238126219908914,0.6043455633619568,0.0,0.6530890181998267,0.6514185726784152,0.0,0.6526870919136113,0.6526870919136113,0.6546583850931676,0.6546583850931676,0.6494367959949937,0.6546583850931676,0.6617312072892938,0.6529776674937965,0.6556021874602569,0.6400582312264952,0.6353429338540395,0.6401018922852983,0.633398485218666,0.6401795462816936,0.6353429338540395,0.634455832113226,0.6362637362637362,0.6409477521263669,0.6399659657226207,0.6347539382097936,0.65347902537051,0.6606068204613842,0.634455832113226,0.6362637362637362,0.6399659657226207,0.6347539382097936,0.6415369649805448,0.6410007286859364,0.6406894877397427,0.641693018730236,0.6400242571255306,0.7704839482510781,0.7704839482510781,0.6404562553088218,0.641156462585034,0.6552366753633991,0.6647347864432405,0.6593186372745491,0.6657416750756812,0.654252017380509,0.6545815743729824,0.6600701402805611,0.6552366753633991,0.6642778390297684,0.6600701402805611,0.6402231926249393,0.6455331412103746,0.515616362631288,0.6562656015976036,0.6238126219908914,0.6447685478757134,0.6554358717434869,0.515616362631288,0.6177288989002253,0.6256,0.6056899760701941,0.453318335208099,0.3654711577798991,0.5133531157270029,0.6566136904017019,0.6551638530287984,0.6664982952392979,0.6642694928084785,0.5133531157270029,0.6141564662054284,0.6188263409453001,0.6056899760701941,0.6550012410027302,0.6463490483891031,0.6295643414756988,0.3540691529518345,0.6938525218457765,0.661581489956776,0.5004025116728386,0.5263228941684666,0.34693260803868237,0.6557356451815555,0.39647453833240065,0.6465127947817361,0.6496259351620948,0.37535859882228595,0.37535859882228595,0.37535859882228595,0.7940586841625661,0.40402823205370975,0.623903783512904,0.8170289855072463,0.15420805018295872,0.20195058517555267,0.6414245776103076,0.6388515577275504,0.6406458662134272,0.6349644257296355,0.6405244627898506,0.6349644257296355,0.6408014571948998,0.0,0.6414245776103076,0.6485179213692174,0.6405585913782635,0.6410599246383858,0.6408698821528368,0.6408450704225352,0.6388515577275504,0.11811023622047244,0.6640456563094483,0.6562656015976036,0.6673162583518931,0.6561758461346322,0.6550825369244135,0.6557151780137415,0.6667508842849924,0.6608224016145308,0.6642694928084785,0.6629526462395543,0.9664712348845731,1.0,0.0,0.0,0.0,0.0,0.9781757134862898,0.9664712348845731,0.0,0.0,0.0,0.6557356451815555,0.6456876456876457,0.6455331412103746,0.6408570732895057,0.5299671592775042,0.5714854111405836,0.6562656015976036,0.6414245776103076,0.649800099950025,0.6402527953330093
R4_tier1_dietrich28,0.02342023862129916,0.5722300140252454,0.5861201006832075,0.1873651167353345,0.1969547162349219,0.21239307323179638,0.21239307323179638,0.0,0.21996615905245348,0.21996615905245348,0.0,0.22120771944386802,0.22120771944386802,0.0,0.1571744817870799,0.0,0.0,0.16579265832997175,0.17114870881567232,0.0,0.17812257564003103,0.0,0.0,0.1692603266090298,0.16348725262970226,0.0,0.177236780896263,0.0,0.0,0.0,0.0,0.0,0.0,0.0,0.0,0.0,0.0,0.1876461418550273,0.20027983210073955,0.2526552287581699,0.0,0.17886022333461687,0.0,0.18409311348205626,0.0,0.18710191082802546,0.38060288335517695,0.0,0.0,0.26707317073170733,0.0,0.27194024783568155,0.0,0.25435409096604433,0.0,0.296875,0.0,0.2594093047569263,0.0,0.2545499875342807,0.0,0.2535861294748659,0.2543410368519675,0.2523248605083695,0.0,0.2535036586878333,0.25366277626024336,0.0,0.24279615795090714,0.2473469387755102,0.0,0.2514124293785311,0.25389893948845915,0.0,0.2528505199849643,0.2528505199849643,0.25194132873166525,0.25194132873166525,0.254666165601904,0.2513243809289146,0.24834063869755793,0.2509234178773701,0.2528604118993135,0.2564911429264742,0.25499570920681625,0.2564289180009704,0.25451640653803614,0.2566124727008008,0.25499570920681625,0.25496688741721857,0.25342801175318314,0.25555420662862693,0.2553475935828877,0.25494046888425187,0.25385483264385106,0.2524223602484472,0.25496688741721857,0.25342801175318314,0.2553475935828877,0.25494046888425187,0.25647259025161057,0.25594660194174756,0.25658453695836875,0.25668774319066145,0.25655021834061137,0.07489823609226594,0.07489823609226594,0.2563387116341138,0.2569241982507289,0.2521567660833128,0.23829472646623953,0.25217283337472063,0.2560030015007504,0.25194037205864234,0.2520635702845879,0.2527622594661701,0.2521567660833128,0.22296926454445665,0.2527622594661701,0.25655021834061137,0.25456146973700766,0.24010805657079295,0.2535036586878333,0.24279615795090714,0.2542849833717063,0.2550243415303957,0.24010805657079295,0.2193017926944332,0.21980545798432857,0.22948558819473175,0.25052301255230125,0.31781454405540593,0.26423976149380196,0.2549825610363727,0.2516613339896628,0.25534842987614165,0.23833045196344776,0.26423976149380196,0.2212690631808279,0.2169811320754717,0.22948558819473175,0.25129151291512913,0.25460886895864476,0.25420033346158777,0.20711166562694946,0.12689339811374678,0.24444165305866097,0.14508928571428573,0.2529230769230769,0.20844715276318554,0.25438376753507014,0.27936210131332084,0.2532075471698113,0.2518030340711266,0.24549643904482615,0.24549643904482615,0.24549643904482615,0.009519492293744334,0.05471060414026194,0.2500318918229366,0.00807398708162067,0.5629997242900469,0.46682750301568154,0.25558523555123847,0.2525659824046921,0.2561893203883495,0.15079590676520752,0.2562204150989198,0.15079590676520752,0.25609904114577015,0.49420491423273066,0.25558523555123847,0.2612377038973976,0.25600873998543333,0.2553734061930783,0.2558280718795532,0.25588449405484104,0.2525659824046921,0.5162976629766297,0.25352467270896273,0.2535036586878333,0.22532666110647762,0.25332009432791364,0.25163036790943766,0.25322901142573273,0.2552871980978601,0.25442006269592476,0.23833045196344776,0.25374072676977244,0.0,0.0,1.0,0.8662560492740871,0.0,0.0,0.0,0.0,0.8952673093777388,1.0,0.0,0.25438376753507014,0.24996951591269356,0.25456146973700766,0.2559357116766103,0.24657960199004975,0.2301373743095879,0.2535036586878333,0.25558523555123847,0.2535264011983523,0.2561390712375395
R4_tier1_ms,0.012614180078294911,0.576437587657784,0.5927259632697155,0.2062860553013726,0.21836078746484533,0.20037105751391465,0.20037105751391465,0.0,0.20768909318846637,0.20768909318846637,0.0,0.21038587848932677,0.21038587848932677,0.0,0.15586760280842527,0.0,0.0,0.16539235412474848,0.16974431818181818,0.0,0.18016759776536312,0.0,0.0,0.17089093701996927,0.16458852867830423,0.0,0.1796462922742786,0.0,0.0,0.0,0.0,0.0,0.0,0.0,0.0,0.0,0.0,0.2047741171828763,0.2190032414910859,0.23592115848753017,0.0,0.17147221691808287,0.0,0.17412171242081015,0.0,0.2087378640776699,0.3873850197109067,0.0,0.0,0.2966576707494291,0.0,0.2877487989018531,0.0,0.2668099089989889,0.0,0.3172186792840979,0.0,0.2727872312359847,0.0,0.266784008046266,0.0,0.26613816534541335,0.2665994708328084,0.26447417781668126,0.0,0.26566604127579735,0.2659987476518472,0.0,0.25528192706230657,0.25908654505554796,0.0,0.2634381966807035,0.26629750818021647,0.0,0.26609333501960286,0.26609333501960286,0.26103670634920634,0.26103670634920634,0.2676020730628239,0.2605677451344986,0.2626518218623482,0.2620347394540943,0.26906752411575563,0.257794492296494,0.25708328222740096,0.2578845220766618,0.25676340383669455,0.2577632217370209,0.25708328222740096,0.25736377025036816,0.25535823637477034,0.25685846079145425,0.2566532993073277,0.2568762278978389,0.26615248451131623,0.2658640581891146,0.25736377025036816,0.25535823637477034,0.2566532993073277,0.2568762278978389,0.25808412351081933,0.2574029126213592,0.2580410243961646,0.2578409919766594,0.25785324439053975,0.08328782086291645,0.08328782086291645,0.2576419213973799,0.2560931247726446,0.26423067362664676,0.2522713130056005,0.2657640717061552,0.24550972377059332,0.2640079512982979,0.264132190334203,0.2663574830784658,0.26423067362664676,0.23341625207296848,0.2663574830784658,0.25785324439053975,0.2672337184207185,0.24996001919078842,0.26566604127579735,0.25528192706230657,0.26814776543528807,0.2675985392267976,0.24996001919078842,0.23070652173913042,0.22672998643147896,0.23591305551709815,0.2777876578338965,0.33501945525291826,0.2699087189172175,0.2672110552763819,0.2607403739012009,0.24454905847373637,0.25155821490900027,0.2699087189172175,0.2314548196901138,0.22953494696763665,0.23591305551709815,0.26067582621611585,0.26683417085427136,0.26727931659332127,0.21111805121798877,0.12876947263112762,0.25429944360141626,0.14604236343366778,0.26332094175960347,0.21479763912310287,0.26795649974709157,0.29375,0.2655417406749556,0.264141477486517,0.26362672322375397,0.26362672322375397,0.26362672322375397,0.007071922961179657,0.056798986486486486,0.25943517329910143,0.007912087912087912,0.596234897443102,0.4949693251533742,0.25658453695836875,0.25418550653794453,0.2573404513467605,0.15037593984962405,0.2573716781943939,0.15037593984962405,0.25725033369736683,0.4545863309352518,0.25658453695836875,0.2398826262379264,0.256855132249454,0.25606796116504854,0.25652226671520445,0.2568829593693147,0.25418550653794453,0.5148636224333436,0.2697401935812532,0.26566604127579735,0.2359283113973677,0.2656484727090636,0.260708096063382,0.2658814684876582,0.24463998017102492,0.2683297454729644,0.25155821490900027,0.2689716537434855,0.0,0.0,0.8662560492740871,1.0,0.0,0.0,0.0,0.0,0.9597830998644374,0.8662560492740871,0.0,0.26795649974709157,0.2505178506153284,0.2672337184207185,0.2570906877662812,0.25547217010631645,0.23709287441331248,0.26566604127579735,0.25658453695836875,0.2664063484066003,0.2572921730675741
R4_tier2_dietrich28,0.1407766990291262,0.03271028037383177,0.03359173126614987,0.04988179669030733,0.048383290063724334,0.033210332103321034,0.033210332103321034,0.0,0.03356539035305818,0.03356539035305818,0.0,0.03990267639902676,0.03990267639902676,0.0,0.011980440097799512,0.0,0.0,0.011893203883495145,0.013886052685317542,0.0,0.015102664177838112,0.0,0.0,0.01221443112418005,0.012984336356141797,0.0,0.015105227427019688,0.0,0.45742574257425744,0.2924901185770751,0.38095238095238093,0.3695652173913043,0.2851485148514851,0.3695652173913043,0.15476190476190477,0.16666666666666666,0.3616600790513834,0.036044362292051754,0.02783625730994152,0.05211726384364821,0.0,0.03486238532110092,0.0,0.03477660064486412,0.0,0.04841040462427745,0.025525946704067323,0.06547619047619048,0.07524752475247524,0.0656984785615491,0.0,0.0481111903064861,0.0,0.05,0.0,0.030838904464093164,0.0,0.05148696449626621,0.0,0.05006211180124224,0.0,0.04936582939567272,0.048116374487131665,0.04957962413452028,0.0,0.049796120103793404,0.049987626825043305,0.0,0.050443081117927745,0.05192093541202673,0.0,0.04955340756148293,0.05028002489110143,0.0,0.04928696522391794,0.04928696522391794,0.0493614931237721,0.0493614931237721,0.04970650680654427,0.04910385465259023,0.05040221216691805,0.04921453117329406,0.04898842091869195,0.06115762650163815,0.060617238411410305,0.06114278781996846,0.0609650746637048,0.06102147276477011,0.060617238411410305,0.06064706605978595,0.060870634530250864,0.06087484811664642,0.06097115735669952,0.060453090371829596,0.04586812912875483,0.048001979463070645,0.06064706605978595,0.060870634530250864,0.06097115735669952,0.060453090371829596,0.05910911518388154,0.060565602621677386,0.06040756914119359,0.05899490167516387,0.06100667070952092,0.01675527630095054,0.01675527630095054,0.06102887648628973,0.061224489795918366,0.04947213356248466,0.047022332506203475,0.04889218962742914,0.05045471533574187,0.049717652835747604,0.04958271968581247,0.048207663782447466,0.04947213356248466,0.012619608930800167,0.048207663782447466,0.0611353711790393,0.04631368131180373,0.052515295717199185,0.049796120103793404,0.050443081117927745,0.049833461439918014,0.04999378186792688,0.052515295717199185,0.04940014114326041,0.04981602037928107,0.05336025382174791,0.05022658610271903,0.05264215390797669,0.05464659685863874,0.05012406947890819,0.04940541865882064,0.05051134946370666,0.04702077372807563,0.05464659685863874,0.0488952245188881,0.04966044142614601,0.05336025382174791,0.04952194165236578,0.05001241002730206,0.050411522633744855,0.06989795918367347,0.04880494735082734,0.04221105527638191,0.02480270574971815,0.05049043254542531,0.0703205791106515,0.04918851435705368,0.050635464998991325,0.04964182480834485,0.04965243296921549,0.0011547344110854503,0.0011547344110854503,0.0011547344110854503,0.0,0.07810009563277016,0.05311897106109325,0.00497131931166348,0.029687896472976403,0.04269715352309846,0.060495626822157436,0.060903732809430254,0.060937120660354456,0.08190158465387823,0.06094451863542552,0.08190158465387823,0.06095191840699369,0.02349206349206349,0.060495626822157436,0.06156530408773679,0.061095590914611926,0.06103343465045593,0.06099635479951397,0.06106592205900206,0.060903732809430254,0.028182099721275937,0.04782827014812955,0.049796120103793404,0.012793476732742864,0.04985155863433944,0.04952801274978546,0.049894762907019934,0.05039920159680639,0.050569533108023534,0.04702077372807563,0.04853881851247962,0.0,0.0,0.0,0.0,1.0,0.8003952569169961,0.0,0.0,0.0,0.0,1.0,0.04918851435705368,0.059602649006622516,0.04631368131180373,0.05939629990262902,0.049811568081271504,0.050014841199168894,0.049796120103793404,0.060495626822157436,0.049023267388328975,0.06029662047167517
R4_tier2_ms,0.17148362235067438,0.034662691017517705,0.035632183908045977,0.04448184659773984,0.04321728691476591,0.03428283337534661,0.03428283337534661,0.0,0.034394904458598725,0.034394904458598725,0.0,0.04086718165960628,0.04086718165960628,0.0,0.012525050100200401,0.0,0.0,0.012431626056688214,0.014377995415711607,0.0,0.01570590265792199,0.0,0.0,0.01272264631043257,0.01367557332211235,0.0,0.01570861384429484,0.0,0.5700245700245701,0.36855036855036855,0.47174447174447176,0.4643734643734644,0.35626535626535627,0.4643734643734644,0.19164619164619165,0.20638820638820637,0.45454545454545453,0.037115839243498816,0.028482527525131644,0.05357142857142857,0.0,0.03589863913655561,0.0,0.03581526861451461,0.0,0.0457002457002457,0.02683208309290248,0.08108108108108109,0.09582309582309582,0.06770464732248171,0.0,0.04895738893925657,0.0,0.050879635489178586,0.0,0.03149779735682819,0.0,0.052428988585080966,0.0,0.05093698905798013,0.0,0.05023290948004532,0.04896777442094662,0.05044436099637001,0.0,0.05066299724793595,0.050858073405987726,0.0,0.0512643360508498,0.0529287226534933,0.0,0.05040871934604905,0.05115927419354839,0.0,0.05015832805573148,0.05015832805573148,0.05021752641392169,0.05021752641392169,0.05058168942842691,0.049956505530011186,0.05129184166984854,0.0500683314697478,0.04987113402061856,0.04938721029001335,0.04869052010328292,0.0493752274657285,0.048994199679131184,0.04925391241053015,0.04869052010328292,0.04871447902571042,0.04920049200492005,0.04908869987849332,0.04916636241937447,0.0485102191578429,0.04669358909641595,0.04884769539078156,0.04871447902571042,0.04920049200492005,0.04916636241937447,0.0485102191578429,0.047335841728365094,0.04879232916616094,0.04864143619602135,0.047220199077445985,0.04924196482716798,0.017354289456450556,0.017354289456450556,0.04925988837660762,0.049441205053449955,0.050329315272772464,0.04785830925763095,0.04974937343358396,0.05133703329969728,0.05057785510127998,0.05044104857746304,0.04905518708547116,0.050329315272772464,0.013076490438695163,0.04905518708547116,0.049369238233867054,0.04714828897338403,0.053577601106118214,0.05066299724793595,0.0512643360508498,0.050596782563570315,0.050868798791236465,0.053577601106118214,0.0500858614768174,0.0506601607347876,0.05442574981711778,0.0513659099653713,0.05368852459016393,0.05552784704904406,0.050998618264037184,0.05026061057334326,0.05139537820431873,0.04785894206549118,0.05552784704904406,0.049884326200115674,0.05050215208034433,0.05442574981711778,0.05037845886586425,0.05088578967206935,0.051322131040771136,0.0716714622024588,0.04960924226979273,0.042731781762686,0.025357307514983864,0.05129042796471741,0.07212940864492177,0.05005688282138794,0.05164609053497942,0.05052176126240774,0.05052155334925223,0.0011811953697141507,0.0011811953697141507,0.0011811953697141507,0.0,0.0805921052631579,0.040375466118040375,0.005065263978180402,0.030705178246161854,0.04393505253104107,0.04871234207968902,0.04899312377210216,0.04916241806263656,0.06572143452877398,0.04916838654850067,0.06572143452877398,0.04917435648372997,0.02503382949932341,0.04871234207968902,0.05013093901982791,0.049313737398275236,0.049240121580547115,0.049210206561360874,0.04928978997207721,0.04899312377210216,0.029712460063897765,0.048684377780602514,0.05066299724793595,0.013259195893926433,0.050720100187852224,0.05038471084636386,0.050764602657307596,0.05128205128205128,0.051457541191381496,0.04785894206549118,0.049403098806197615,0.0,0.0,0.0,0.0,0.8003952569169961,1.0,0.0,0.0,0.0,0.0,0.8003952569169961,0.05005688282138794,0.04757817290006131,0.04714828897338403,0.04873888144267089,0.050616050616050616,0.03531157270029674,0.05066299724793595,0.04871234207968902,0.049886621315192746,0.04850474106491612
R4b_tier0_all,0.010049333089713137,0.06519031141868512,0.05654885654885655,0.3789818398332837,0.3725925925925926,0.3746191346739793,0.3746191346739793,0.0,0.3645342653092235,0.3645342653092235,0.0,0.36879325910322,0.36879325910322,0.0,0.41983523447401777,0.0,0.0,0.41450369671228565,0.4941230346511983,0.0,0.5845431881507552,0.0,0.0,0.44311656060841226,0.49723247232472323,0.0,0.5855591429410039,0.0,0.0,0.0,0.0,0.0,0.0,0.0,0.0,0.0,0.0,0.39660864345738295,0.38185907046476764,0.3648313129837885,0.0,0.44147621988882024,0.0,0.43455497382198954,0.0,0.37324154444777013,0.2009915014164306,0.0,0.0,0.3381498795863437,0.0,0.45964003272429776,0.0,0.6566023552994237,0.0,0.3588509975944531,0.0,0.6316190476190476,0.0,0.6622010767497183,0.0,0.6598247809762203,0.6500249003984063,0.6555154831488621,0.0,0.6640429785107447,0.6644572286143071,0.0,0.6289169158756989,0.6100923397060736,0.0,0.6591556270892658,0.6575428071491064,0.0,0.6592564682240643,0.6592564682240643,0.6601266608717248,0.6601266608717248,0.6553622825678889,0.6607453416149068,0.6630914826498423,0.6592629358481201,0.6538412859131756,0.6460026689312144,0.6413229192091775,0.646045608927705,0.6393843146836061,0.6461239839864127,0.6413229192091775,0.6402342320361107,0.6422466422466423,0.6467014943506257,0.6459219642640087,0.64013671875,0.654438462501565,0.662373390021258,0.6402342320361107,0.6422466422466423,0.6459219642640087,0.64013671875,0.6474951361867705,0.6467516697024894,0.6464376744750576,0.6474522680287,0.6459672528805337,0.7788784150822815,0.7788784150822815,0.6464021356631476,0.6471088435374149,0.6619438230176485,0.6709084036789719,0.662125,0.6719223007063572,0.661779324055666,0.6616971052304634,0.6632908227056764,0.6619438230176485,0.6682718767198679,0.6632908227056764,0.646166909267346,0.650018775816748,0.5175644028103045,0.6640429785107447,0.6289169158756989,0.6505642196018765,0.662406015037594,0.5175644028103045,0.6227164416203336,0.6314807410369185,0.6107052729446142,0.4504189944134078,0.3645240032546786,0.5156691324815064,0.663786626596544,0.6612462760675273,0.6726859451951004,0.6704516780217007,0.5156691324815064,0.6198138297872341,0.6240382064208013,0.6107052729446142,0.6610821543807396,0.6508015409469368,0.6347049200956336,0.3543106037849204,0.6933170582850168,0.6654817824044688,0.501041499759654,0.5257288727663576,0.3470093177036369,0.6595984943538269,0.3959087113832452,0.6522447955856534,0.655942137423619,0.37157406020667966,0.37157406020667966,0.37157406020667966,0.8023319366004736,0.4025641025641026,0.6290221610116439,0.8249139960166576,0.1533766233766234,0.20362694300518136,0.6473805761516956,0.6446371854385536,0.6465946339686779,0.6387480075351398,0.6464732305451014,0.6387480075351398,0.6467516697024894,0.0,0.6473805761516956,0.6543898809523809,0.6465088038858531,0.647015923179774,0.646822986271413,0.6467945604662457,0.6446371854385536,0.1174694661726362,0.6612008072653885,0.6640429785107447,0.664636678200692,0.6643741403026134,0.6611642050390965,0.6630828853606701,0.6729408792319354,0.6590509666080844,0.6704516780217007,0.6605365915102658,0.9750870122733102,0.9781757134862898,0.0,0.0,0.0,0.0,1.0,0.9750870122733102,0.0,0.0,0.0,0.6595984943538269,0.6514965652600588,0.650018775816748,0.6466220328667073,0.5324781659388647,0.5754766949152542,0.6640429785107447,0.6473805761516956,0.6546816479400749,0.6462080700048615
R4b_tier0_card,0.010541361443630517,0.06724867003137362,0.05757947878291718,0.3854550818704824,0.3782831988261189,0.380033177499623,0.380033177499623,0.0,0.3683894230769231,0.3683894230769231,0.0,0.37460885113991954,0.37460885113991954,0.0,0.4274497487437186,0.0,0.0,0.42011834319526625,0.5037913254473764,0.0,0.597457627118644,0.0,0.0,0.45060018467220686,0.5069497479761723,0.0,0.5984793098406199,0.0,0.0,0.0,0.0,0.0,0.0,0.0,0.0,0.0,0.0,0.4015151515151515,0.3879399970295559,0.36419930875576034,0.0,0.44143183549124143,0.0,0.43504026743655977,0.0,0.3777580334666074,0.2039446076374318,0.0,0.0,0.3321274523445109,0.0,0.45156103443655365,0.0,0.6570683877373712,0.0,0.3524669909659486,0.0,0.6219222597175353,0.0,0.6605550049554014,0.0,0.6621151936444886,0.6620295615451497,0.6668733721939725,0.0,0.6652631578947369,0.6640247678018576,0.0,0.6248555655411477,0.606679511881824,0.0,0.6743811881188119,0.6598487665798934,0.0,0.6594924110475242,0.6594924110475242,0.6766459627329192,0.6766459627329192,0.6576889661164205,0.6768542676108833,0.6618381618381618,0.6747301823595088,0.6506129597197898,0.6613294517224648,0.6559336504451763,0.6615720524017468,0.6542124542124542,0.6616523110518016,0.6559336504451763,0.6554457860714721,0.6576730557929434,0.6622524602113959,0.6614804910660022,0.6549536359199609,0.6635910224438902,0.6685728493286922,0.6554457860714721,0.6576730557929434,0.6614804910660022,0.6549536359199609,0.6630593385214008,0.6622950819672131,0.6621752852634134,0.6630183631278123,0.6614918132201334,0.7967453733248245,0.7967453733248245,0.6619342312826113,0.6626579203109816,0.6714126532128265,0.6870354038049641,0.6674947211526518,0.6880676084762866,0.671867261020307,0.67157712305026,0.668447204968944,0.6714126532128265,0.6725361725361725,0.668447204968944,0.6616933527413876,0.660222028190096,0.5096179897046871,0.6652631578947369,0.6248555655411477,0.6434554319289911,0.6593161546085233,0.5096179897046871,0.6366279069767442,0.6406685236768802,0.6154758766148167,0.44231033063520375,0.35830445214609435,0.5071409679978841,0.6606833374597673,0.6771350546176763,0.6888496022225028,0.6863882931752239,0.5071409679978841,0.6309791970319332,0.6375430235636749,0.6154758766148167,0.6769669893273765,0.6609287925696594,0.6404901838189321,0.3486211473234036,0.686091919495344,0.6800253646163602,0.49496221662468515,0.5263157894736842,0.34085545722713867,0.6594184890656064,0.3889800382827454,0.6566625155666251,0.6652589740404918,0.3795869855890655,0.3795869855890655,0.3795869855890655,0.8153985507246376,0.39557863004521854,0.6429911216706264,0.8427513991695252,0.15752280611589362,0.21642561983471073,0.6631412594213469,0.6602736379183972,0.6621342721864757,0.6315263908701855,0.6620128687628991,0.6315263908701855,0.6622950819672131,0.0,0.6631412594213469,0.6702628968253969,0.6620522161505769,0.6625744499817674,0.6623739521321832,0.6623360854783875,0.6602736379183972,0.12103551097858498,0.6591391141609482,0.6652631578947369,0.660292309793744,0.6647670961347869,0.6770510115427578,0.6649312011900335,0.68911066195048,0.655994043186895,0.6863882931752239,0.6586915887850467,1.0,0.9664712348845731,0.0,0.0,0.0,0.0,0.9750870122733102,1.0,0.0,0.0,0.0,0.6594184890656064,0.6678120014725734,0.660222028190096,0.6624056488921354,0.5237456399248726,0.5880100356529777,0.6652631578947369,0.6631412594213469,0.6617409660995902,0.662168733284707
R4b_tier1_all,0.013025210084033614,0.6055399719495091,0.6220302375809935,0.21338333991314648,0.2259222333000997,0.2062908496732026,0.2062908496732026,0.0,0.21462606173606796,0.21462606173606796,0.0,0.21668362156663276,0.21668362156663276,0.0,0.16318407960199005,0.0,0.0,0.17429542274635218,0.1786219081272085,0.0,0.19009287925696594,0.0,0.0,0.17913010301411675,0.1731041814316088,0.0,0.18956979263385948,0.0,0.0,0.0,0.0,0.0,0.0,0.0,0.0,0.0,0.0,0.2111132850714146,0.22711728022530678,0.2411319250697489,0.0,0.1758698940998487,0.0,0.17986296155310239,0.0,0.21593417619907687,0.40661070304302205,0.0,0.0,0.29586404586404585,0.0,0.296872329516322,0.0,0.2771388853784911,0.0,0.32665166700756804,0.0,0.2830586684245221,0.0,0.2772190093034951,0.0,0.27626116492640584,0.2772177419354839,0.27485306990121294,0.0,0.2760475297060663,0.2762334084648134,0.0,0.26288244766505636,0.2668216630196937,0.0,0.27371810750557346,0.27674301535363705,0.0,0.2756223935296348,0.2756223935296348,0.2710141333994545,0.2710141333994545,0.2772865083375442,0.27085657617453823,0.2705808080808081,0.27233250620347393,0.2749871860584316,0.2677098495875788,0.26679744973025993,0.2676449187484841,0.2663470993117011,0.2676773802304427,0.26679744973025993,0.2666176109884719,0.2649039050067328,0.266626213592233,0.26643178228647796,0.2667566904001964,0.27664685800986216,0.2745147150907952,0.2666176109884719,0.2649039050067328,0.26643178228647796,0.2667566904001964,0.26786582401555664,0.2673219269506128,0.26796116504854367,0.26793095064429856,0.26791995148574893,0.08616718601815472,0.08616718601815472,0.267402376910017,0.2661573905662665,0.2745463584389759,0.2599354197714853,0.27441161742613923,0.2547029702970297,0.27400322941249533,0.27444403031432474,0.27500312930279136,0.2745463584389759,0.24523085429914293,0.27500312930279136,0.26761246513883835,0.27679817328428263,0.25700190961171226,0.2760475297060663,0.26288244766505636,0.27705404359602737,0.2775679758308157,0.25700190961171226,0.23811458756603007,0.23363980530016226,0.2415598732258509,0.27441697352270733,0.34593023255813954,0.2775427049051873,0.2776381909547739,0.270859123545432,0.2535891089108911,0.259236223410872,0.2775427049051873,0.23825136612021858,0.235947446837329,0.2415598732258509,0.27094937492263893,0.27726130653266334,0.27670028445823636,0.21699669966996699,0.12869466836373922,0.26399595602173637,0.14403367496339678,0.2702744372494604,0.21969538910911746,0.2768375852488002,0.3030531473803242,0.2752630911626728,0.2742319749216301,0.26619157409348143,0.26619157409348143,0.26619157409348143,0.007284079084287201,0.05625908241644177,0.2692751763951251,0.007962936151730129,0.6195560550716493,0.5145940642629384,0.26650485436893206,0.2637107609625015,0.26710334788937407,0.14830389683207176,0.26713575154676694,0.14830389683207176,0.2668607472100922,0.47597864768683273,0.26650485436893206,0.24880908757786735,0.2667718063811719,0.26598713748331515,0.266440184421257,0.26679602231384913,0.2637107609625015,0.5407725321888412,0.2754377061659477,0.2760475297060663,0.24789915966386555,0.2760390585878818,0.27082559722737964,0.2753223988982096,0.2533729421958163,0.2770612038442084,0.259236223410872,0.27546882919412063,0.0,0.0,0.8952673093777388,0.9597830998644374,0.0,0.0,0.0,0.0,1.0,0.8952673093777388,0.0,0.2768375852488002,0.2598636142230882,0.27679817328428263,0.26703992210321326,0.26370716510903425,0.24429644324783903,0.2760475297060663,0.26650485436893206,0.2763787459078318,0.26722566532993075
R4b_tier1_card,0.02342023862129916,0.5722300140252454,0.5861201006832075,0.1873651167353345,0.1969547162349219,0.21239307323179638,0.21239307323179638,0.0,0.21996615905245348,0.21996615905245348,0.0,0.22120771944386802,0.22120771944386802,0.0,0.1571744817870799,0.0,0.0,0.16579265832997175,0.17114870881567232,0.0,0.17812257564003103,0.0,0.0,0.1692603266090298,0.16348725262970226,0.0,0.177236780896263,0.0,0.0,0.0,0.0,0.0,0.0,0.0,0.0,0.0,0.0,0.1876461418550273,0.20027983210073955,0.2526552287581699,0.0,0.17886022333461687,0.0,0.18409311348205626,0.0,0.18710191082802546,0.38060288335517695,0.0,0.0,0.26707317073170733,0.0,0.27194024783568155,0.0,0.25435409096604433,0.0,0.296875,0.0,0.2594093047569263,0.0,0.2545499875342807,0.0,0.2535861294748659,0.2543410368519675,0.2523248605083695,0.0,0.2535036586878333,0.25366277626024336,0.0,0.24279615795090714,0.2473469387755102,0.0,0.2514124293785311,0.25389893948845915,0.0,0.2528505199849643,0.2528505199849643,0.25194132873166525,0.25194132873166525,0.254666165601904,0.2513243809289146,0.24834063869755793,0.2509234178773701,0.2528604118993135,0.2564911429264742,0.25499570920681625,0.2564289180009704,0.25451640653803614,0.2566124727008008,0.25499570920681625,0.25496688741721857,0.25342801175318314,0.25555420662862693,0.2553475935828877,0.25494046888425187,0.25385483264385106,0.2524223602484472,0.25496688741721857,0.25342801175318314,0.2553475935828877,0.25494046888425187,0.25647259025161057,0.25594660194174756,0.25658453695836875,0.25668774319066145,0.25655021834061137,0.07489823609226594,0.07489823609226594,0.2563387116341138,0.2569241982507289,0.2521567660833128,0.23829472646623953,0.25217283337472063,0.2560030015007504,0.25194037205864234,0.2520635702845879,0.2527622594661701,0.2521567660833128,0.22296926454445665,0.2527622594661701,0.25655021834061137,0.25456146973700766,0.24010805657079295,0.2535036586878333,0.24279615795090714,0.2542849833717063,0.2550243415303957,0.24010805657079295,0.2193017926944332,0.21980545798432857,0.22948558819473175,0.25052301255230125,0.31781454405540593,0.26423976149380196,0.2549825610363727,0.2516613339896628,0.25534842987614165,0.23833045196344776,0.26423976149380196,0.2212690631808279,0.2169811320754717,0.22948558819473175,0.25129151291512913,0.25460886895864476,0.25420033346158777,0.20711166562694946,0.12689339811374678,0.24444165305866097,0.14508928571428573,0.2529230769230769,0.20844715276318554,0.25438376753507014,0.27936210131332084,0.2532075471698113,0.2518030340711266,0.24549643904482615,0.24549643904482615,0.24549643904482615,0.009519492293744334,0.05471060414026194,0.2500318918229366,0.00807398708162067,0.5629997242900469,0.46682750301568154,0.25558523555123847,0.2525659824046921,0.2561893203883495,0.15079590676520752,0.2562204150989198,0.15079590676520752,0.25609904114577015,0.49420491423273066,0.25558523555123847,0.2612377038973976,0.25600873998543333,0.2553734061930783,0.2558280718795532,0.25588449405484104,0.2525659824046921,0.5162976629766297,0.25352467270896273,0.2535036586878333,0.22532666110647762,0.25332009432791364,0.25163036790943766,0.25322901142573273,0.2552871980978601,0.25442006269592476,0.23833045196344776,0.25374072676977244,0.0,0.0,1.0,0.8662560492740871,0.0,0.0,0.0,0.0,0.8952673093777388,1.0,0.0,0.25438376753507014,0.24996951591269356,0.25456146973700766,0.2559357116766103,0.24657960199004975,0.2301373743095879,0.2535036586878333,0.25558523555123847,0.2535264011983523,0.2561390712375395
R4b_tier2_card,0.1407766990291262,0.03271028037383177,0.03359173126614987,0.04988179669030733,0.048383290063724334,0.033210332103321034,0.033210332103321034,0.0,0.03356539035305818,0.03356539035305818,0.0,0.03990267639902676,0.03990267639902676,0.0,0.011980440097799512,0.0,0.0,0.011893203883495145,0.013886052685317542,0.0,0.015102664177838112,0.0,0.0,0.01221443112418005,0.012984336356141797,0.0,0.015105227427019688,0.0,0.45742574257425744,0.2924901185770751,0.38095238095238093,0.3695652173913043,0.2851485148514851,0.3695652173913043,0.15476190476190477,0.16666666666666666,0.3616600790513834,0.036044362292051754,0.02783625730994152,0.05211726384364821,0.0,0.03486238532110092,0.0,0.03477660064486412,0.0,0.04841040462427745,0.025525946704067323,0.06547619047619048,0.07524752475247524,0.0656984785615491,0.0,0.0481111903064861,0.0,0.05,0.0,0.030838904464093164,0.0,0.05148696449626621,0.0,0.05006211180124224,0.0,0.04936582939567272,0.048116374487131665,0.04957962413452028,0.0,0.049796120103793404,0.049987626825043305,0.0,0.050443081117927745,0.05192093541202673,0.0,0.04955340756148293,0.05028002489110143,0.0,0.04928696522391794,0.04928696522391794,0.0493614931237721,0.0493614931237721,0.04970650680654427,0.04910385465259023,0.05040221216691805,0.04921453117329406,0.04898842091869195,0.06115762650163815,0.060617238411410305,0.06114278781996846,0.0609650746637048,0.06102147276477011,0.060617238411410305,0.06064706605978595,0.060870634530250864,0.06087484811664642,0.06097115735669952,0.060453090371829596,0.04586812912875483,0.048001979463070645,0.06064706605978595,0.060870634530250864,0.06097115735669952,0.060453090371829596,0.05910911518388154,0.060565602621677386,0.06040756914119359,0.05899490167516387,0.06100667070952092,0.01675527630095054,0.01675527630095054,0.06102887648628973,0.061224489795918366,0.04947213356248466,0.047022332506203475,0.04889218962742914,0.05045471533574187,0.049717652835747604,0.04958271968581247,0.048207663782447466,0.04947213356248466,0.012619608930800167,0.048207663782447466,0.0611353711790393,0.04631368131180373,0.052515295717199185,0.049796120103793404,0.050443081117927745,0.049833461439918014,0.04999378186792688,0.052515295717199185,0.04940014114326041,0.04981602037928107,0.05336025382174791,0.05022658610271903,0.05264215390797669,0.05464659685863874,0.05012406947890819,0.04940541865882064,0.05051134946370666,0.04702077372807563,0.05464659685863874,0.0488952245188881,0.04966044142614601,0.05336025382174791,0.04952194165236578,0.05001241002730206,0.050411522633744855,0.06989795918367347,0.04880494735082734,0.04221105527638191,0.02480270574971815,0.05049043254542531,0.0703205791106515,0.04918851435705368,0.050635464998991325,0.04964182480834485,0.04965243296921549,0.0011547344110854503,0.0011547344110854503,0.0011547344110854503,0.0,0.07810009563277016,0.05311897106109325,0.00497131931166348,0.029687896472976403,0.04269715352309846,0.060495626822157436,0.060903732809430254,0.060937120660354456,0.08190158465387823,0.06094451863542552,0.08190158465387823,0.06095191840699369,0.02349206349206349,0.060495626822157436,0.06156530408773679,0.061095590914611926,0.06103343465045593,0.06099635479951397,0.06106592205900206,0.060903732809430254,0.028182099721275937,0.04782827014812955,0.049796120103793404,0.012793476732742864,0.04985155863433944,0.04952801274978546,0.049894762907019934,0.05039920159680639,0.050569533108023534,0.04702077372807563,0.04853881851247962,0.0,0.0,0.0,0.0,1.0,0.8003952569169961,0.0,0.0,0.0,0.0,1.0,0.04918851435705368,0.059602649006622516,0.04631368131180373,0.05939629990262902,0.049811568081271504,0.050014841199168894,0.049796120103793404,0.060495626822157436,0.049023267388328975,0.06029662047167517
R5_ExtraTrees_all_multimodal,0.02207923290436538,0.2849099099099099,0.27721407991982966,0.472446821743998,0.4753240279162512,0.44841368973270046,0.44841368973270046,0.0,0.44430553819227403,0.44430553819227403,0.0,0.4580209895052474,0.4580209895052474,0.0,0.4361304780876494,0.0,0.0,0.4393279402613566,0.5319122567852275,0.0,0.6507897334649556,0.0,0.0,0.47630891680139287,0.5281777557100298,0.0,0.6510738089360651,0.0,0.029106555302455074,0.01821401467240071,0.023655913978494623,0.022629582806573956,0.01783906882591093,0.022629582806573956,0.009873417721518988,0.010632911392405063,0.022899797570850203,0.48240578986773147,0.4720938943688351,0.48975,0.0,0.49110944152266467,0.0,0.48798498122653317,0.0,0.46789105447276363,0.3801198801198801,0.004177215189873418,0.004936708860759494,0.5210073399139459,0.0,0.679271531554319,0.0,0.9762292005504817,0.0,0.5410707505379065,0.0,0.9447667087011349,0.0,0.981372671583948,0.0,0.979375,0.9657185442802136,0.9735370853522176,0.0,0.9832771745912892,0.9850018747656543,0.0,0.8978258137489004,0.877338355304457,0.0,0.9782043343653251,0.9783858070964517,0.0,0.9757166103392164,0.9757166103392164,0.9749752229930624,0.9749752229930624,0.9766074555916938,0.9732640178239881,0.9720831246870305,0.9741240559613717,0.9613744670178078,0.9576713159490601,0.945361826129189,0.9576764491874848,0.9420765027322404,0.9577926015767132,0.945361826129189,0.9434603251637952,0.9443028758645795,0.9559733171619164,0.9541595925297114,0.9433114833697499,0.9662473533441276,0.9769499127834538,0.9434603251637952,0.9443028758645795,0.9541595925297114,0.9433114833697499,0.9570284049526584,0.9572971005701808,0.958495145631068,0.9567856275795096,0.9575603249666546,0.6878463243442926,0.6878463243442926,0.9574339073490177,0.9561052503940827,0.9804993168550491,0.9622057001239157,0.9753547423450336,0.9593958900717999,0.9800099329525701,0.9806259314456036,0.9785643070787637,0.9804993168550491,0.8358730951786161,0.9785643070787637,0.9577977201067184,0.9610405775454319,0.7177347996460625,0.9832771745912892,0.8978258137489004,0.9613787897848786,0.9845883974439293,0.7177347996460625,0.846718964014444,0.8489765351972042,0.8354351354725933,0.6377654196157735,0.5973451327433629,0.7494944388270981,0.9832437163936476,0.9752413963852439,0.9585242045313854,0.9599652949925632,0.7494944388270981,0.8407985028072364,0.8449564134495642,0.8354351354725933,0.9752444609481371,0.9739823229179634,0.9445277361319341,0.4656044511886697,0.7259184446408282,0.9527127924340468,0.5075116778184573,0.7560514372163388,0.4587759231158321,1.0,0.5940306057923359,0.9650611429997504,0.973605577689243,0.47467001885606536,0.47467001885606536,0.47467001885606536,0.5526217461701333,0.3630959908941444,0.9035055575913032,0.5746110765401369,0.4378609088626663,0.4744625326208525,0.9558520315342632,0.9461165048543689,0.9570648878107945,0.7298442367601247,0.9571809801067444,0.7298442367601247,0.9568223165554882,0.139099645928174,0.9558520315342632,0.9313106796116505,0.9568170790878214,0.9557253760310529,0.9563318777292577,0.9565902752516067,0.9461165048543689,0.3371599700524083,0.9718186372745491,0.9832771745912892,0.8337101230846521,0.9848787803049238,0.9748762376237624,0.9845,0.9581527794973381,0.9790674354474805,0.9599652949925632,0.9731997495303695,0.6594184890656064,0.6557356451815555,0.25438376753507014,0.26795649974709157,0.04918851435705368,0.05005688282138794,0.6595984943538269,0.6594184890656064,0.2768375852488002,0.25438376753507014,0.04918851435705368,1.0,0.9470616804273919,0.9610405775454319,0.9550698239222829,0.7436836786255685,0.7699363992172211,0.9832771745912892,0.9558520315342632,0.9717204435031768,0.9548817465130383
R5_ExtraTrees_dietrich28,0.024453182600147456,0.27906976744186046,0.2701814197004749,0.4788094071533562,0.47820763956904994,0.44893460690668624,0.44893460690668624,0.0,0.44331537708129287,0.44331537708129287,0.0,0.45674782821485377,0.45674782821485377,0.0,0.4411116552399608,0.0,0.0,0.44337084148727984,0.5397873120645398,0.0,0.659434422233057,0.0,0.0,0.48043531425776476,0.5346135029354208,0.0,0.65931253047294,0.0,0.027252639332187578,0.01743614931237721,0.022467771639042358,0.021597742054239782,0.016697360343769185,0.021597742054239782,0.009214891264283081,0.009952082565425728,0.021608348680171884,0.48298653610771114,0.47269164829782023,0.4849114233353696,0.0,0.48224093738557305,0.0,0.48064476737086337,0.0,0.4696505211526671,0.3775933609958506,0.003932653312031461,0.004793510324483776,0.49706816516002933,0.0,0.6480487804878049,0.0,0.9449229649399491,0.0,0.5153216945427909,0.0,0.9004733584172836,0.0,0.9508793208004851,0.0,0.9501274117218784,0.9480897513644633,0.9552456033959976,0.0,0.9558573853989814,0.9546446762066456,0.0,0.8662691652470187,0.8478102189781022,0.0,0.9655632351157997,0.9491813220133414,0.0,0.9448828456962486,0.9448828456962486,0.9654962944964159,0.9654962944964159,0.9462378640776699,0.9650188266731446,0.93970641756642,0.9629989081645032,0.9271667880553532,0.9865356622998545,0.9728188326659386,0.9867782629791363,0.9697778856657361,0.9868979740385782,0.9728188326659386,0.9725728155339806,0.9727008007765106,0.9858009708737864,0.9849459754765084,0.9705240174672489,0.9454832442933463,0.9530624620982413,0.9725728155339806,0.9727008007765106,0.9849459754765084,0.9705240174672489,0.9854351256220415,0.9868916130598374,0.9866537248240719,0.9849514563106796,0.9864176570458404,0.7041065754094353,0.7041065754094353,0.9872588278121587,0.9847217169879956,0.962046804898751,0.9527339003645201,0.9536632702571567,0.9483323226197695,0.962289317327513,0.9626485568760611,0.9546281693558171,0.962046804898751,0.8163463877402092,0.9546281693558171,0.9866585809581565,0.9411264870114106,0.6882403223836854,0.9558573853989814,0.8662691652470187,0.9226190476190477,0.9496664645239539,0.6882403223836854,0.8455414012738853,0.8416544297601566,0.8185802995251431,0.6086320409656182,0.5705918242830994,0.7182961064323202,0.9522134627046694,0.9650485436893204,0.9488953629521728,0.9502977275489124,0.7182961064323202,0.8343122858541361,0.842904371250153,0.8185802995251431,0.9648143654452803,0.9516129032258065,0.9177084597645345,0.4480225296926656,0.7040803823060899,0.9358288770053476,0.4946606112679514,0.7289149273770291,0.4407049320768572,0.9470616804273919,0.5679570155086091,0.9398058252427185,0.9521902681713384,0.4694253438113949,0.4694253438113949,0.4694253438113949,0.5594843462246777,0.3505824647455549,0.9192041732378988,0.5809617271835132,0.4223141501399197,0.4701737334467258,0.9890590809628009,0.9795620437956204,0.9871343609661367,0.7284524975514202,0.9872541879096868,0.7284524975514202,0.9871327992231124,0.13284313725490196,0.9890590809628009,0.9623329283110571,0.9876138433515482,0.987969376594969,0.9880937917628477,0.9868932038834951,0.9795620437956204,0.3331710286062082,0.9394343973783226,0.9558573853989814,0.8046466366622066,0.9550030321406914,0.9646930356709537,0.9543910722950024,0.9494777750789409,0.9438379427462397,0.9502977275489124,0.9407766990291262,0.6678120014725734,0.6456876456876457,0.24996951591269356,0.2505178506153284,0.059602649006622516,0.04757817290006131,0.6514965652600588,0.6678120014725734,0.2598636142230882,0.24996951591269356,0.059602649006622516,0.9470616804273919,1.0,0.9411264870114106,0.9844509232264335,0.7124908514271774,0.8052043697066404,0.9558573853989814,0.9890590809628009,0.9486837316510979,0.9873617693522907
R5_GBM_all_multimodal,0.020005064573309698,0.2829715146191492,0.274450721908349,0.4734474572035487,0.47689417658108957,0.4491280893237988,0.4491280893237988,0.0,0.4473651113067539,0.4473651113067539,0.0,0.4591439688715953,0.4591439688715953,0.0,0.43625,0.0,0.0,0.44036009002250565,0.5318407960199005,0.0,0.6480840543881335,0.0,0.0,0.4745635910224439,0.5267612646253423,0.0,0.6483679525222552,0.0,0.02718150641432745,0.01702452039130987,0.02223069105691057,0.02120096483432779,0.016518424396442185,0.02120096483432779,0.009415956228527802,0.01005089058524173,0.02173084254670225,0.4801150575287644,0.4734663153933007,0.4833833083458271,0.0,0.48473091364205256,0.0,0.48216743836816417,0.0,0.46832266967758124,0.3801880877742947,0.0036900369003690036,0.004197939193486834,0.5172326406487583,0.0,0.6769737675833227,0.0,0.9627414330218068,0.0,0.5396623937047849,0.0,0.9245306633291615,0.0,0.9656716417910448,0.0,0.9651524579962664,0.9706543456543456,0.9728484244613277,0.0,0.9671052631578947,0.9661080074487896,0.0,0.8829414707353677,0.8660658405307298,0.0,0.9714108910891089,0.9661312414394222,0.0,0.9614905284147557,0.9614905284147557,0.968912558830815,0.968912558830815,0.9623863494831236,0.9684249628528975,0.9568954777625513,0.9683089873731121,0.9452413621055258,0.9522134627046694,0.9394270453993688,0.9522192578219743,0.9359067734887109,0.9518612828907481,0.9394270453993688,0.9375303250849102,0.9386071341907304,0.9502789231142372,0.9491751576904416,0.937143550539983,0.9550422255340288,0.9652217115886226,0.9375303250849102,0.9386071341907304,0.9491751576904416,0.937143550539983,0.9506187818490658,0.9516011644832606,0.9520863658418244,0.9501395123134782,0.9523405287412079,0.6845869297163996,0.6845869297163996,0.9522134627046694,0.9508852777104051,0.9709929341762737,0.9561446977205154,0.9648621802830891,0.9543090638930164,0.9707522617424712,0.9701437066402379,0.9660953800298062,0.9709929341762737,0.8247820672478207,0.9660953800298062,0.9521037953195102,1.0,0.7096692754354961,0.9671052631578947,0.8829414707353677,0.9478762059892244,0.9629629629629629,0.7096692754354961,0.8480189976252969,0.8435900636624641,0.8243495580729491,0.6337297570850202,0.5965001268069997,0.7400681044267877,0.9636205612118202,0.9696707105719238,0.9531946508172363,0.9536612563498947,0.7400681044267877,0.8374765771392879,0.8444055944055944,0.8243495580729491,0.969674464661468,0.9615432328495224,0.9299838328566099,0.4649156198451973,0.7096612296110414,0.9485678704856787,0.5098362736387867,0.7521453811206461,0.458248730964467,0.9610405775454319,0.5929731100963977,0.9518955873213176,0.9609229624116115,0.482994923857868,0.482994923857868,0.482994923857868,0.5514614039470397,0.3580918638491712,0.9019583843329253,0.576663331665833,0.43653991437924955,0.4800901577761082,0.9508674026446682,0.9406553398058253,0.9516070345664038,0.7046938524085253,0.9514857489387507,0.7046938524085253,0.9508912331757002,0.13844785977391083,0.9508674026446682,0.9270188221007893,0.9508852777104051,0.9502668607472101,0.9504001940334708,0.9513703613873393,0.9406553398058253,0.3352102102102102,0.9549190535491905,0.9671052631578947,0.8161966558522585,0.9659880834160874,0.9697945035899975,0.9663395851447025,0.9533069110725787,0.9596713965646004,0.9536612563498947,0.9565379825653798,0.660222028190096,0.6455331412103746,0.25456146973700766,0.2672337184207185,0.04631368131180373,0.04714828897338403,0.650018775816748,0.660222028190096,0.27679817328428263,0.25456146973700766,0.04631368131180373,0.9610405775454319,0.9411264870114106,1.0,0.9503158406219631,0.7358062074186222,0.7718005404077622,0.9671052631578947,0.9508674026446682,0.9661143640214277,0.9506067961165049
R5_GBM_dietrich28,0.024137510666829207,0.2859228616620027,0.27704100255505537,0.47831912302070645,0.4780808572820263,0.4491411865026191,0.4491411865026191,0.0,0.4442549043499452,0.4442549043499452,0.0,0.4579780755176614,0.4579780755176614,0.0,0.4413591523565948,0.0,0.0,0.44448502556610664,0.5413927440954468,0.0,0.6639902676399027,0.0,0.0,0.48191890904663337,0.5354925118714233,0.0,0.6636662206544216,0.0,0.027916615872241864,0.01804437941965374,0.02279098110907983,0.022300755544723373,0.017310739973180545,0.022300755544723373,0.009389098890379222,0.010120716985733446,0.022062408581179912,0.4840989399293286,0.47277378487026434,0.4865555420367441,0.0,0.4853388490083952,0.0,0.4833880978459292,0.0,0.4683158664391908,0.38203067932797663,0.003901963175222534,0.004633581270576759,0.5001217730150999,0.0,0.6514230114327414,0.0,0.9541095058880661,0.0,0.5190551564592719,0.0,0.9091681845780206,0.0,0.9603058994901675,0.0,0.9590820786789703,0.9587027814891291,0.9649144105863785,0.0,0.9655256130128672,0.9643117261471231,0.0,0.8713244228432564,0.8535666545145218,0.0,0.9754794853119689,0.9588442394075513,0.0,0.9528897523069452,0.9528897523069452,0.9730320699708455,0.9730320699708455,0.9547165230059488,0.9730320699708455,0.948652585579024,0.971959213401311,0.9356405585913783,0.994057004244997,0.9793839437302935,0.9942995755003032,0.9761067313523347,0.9941782898726501,0.9793839437302935,0.9788988600533592,0.9797453001819284,0.9928424117432973,0.9905408682997817,0.9778074217802571,0.9534911961141469,0.9624908958485069,0.9788988600533592,0.9797453001819284,0.9905408682997817,0.9778074217802571,0.9919941775836972,0.9934497816593887,0.9934513703613873,0.9922348944430963,0.9941789958767887,0.7033929222911346,0.7033929222911346,0.9942988840368753,0.9924821147083788,0.971959213401311,0.9597959431555934,0.9630933592327303,0.9582321515298688,0.9722019907744598,0.9723233794610342,0.9635833940276766,0.971959213401311,0.8219144800777454,0.9635833940276766,0.9944208611279564,0.9503158406219631,0.6896593673965937,0.9655256130128672,0.8713244228432564,0.9299247024532427,0.9590920126244235,0.6896593673965937,0.8409782211947926,0.8389098430465993,0.8219361107737155,0.6130916169850347,0.5736009732360098,0.7200194599854051,0.961641175042486,0.9737736765420106,0.9573770491803278,0.9571237701931252,0.7200194599854051,0.8309413767939674,0.8388077858880778,0.8219361107737155,0.9740165128703254,0.9612770089827628,0.9259439116183077,0.4482338611449452,0.7008765522279036,0.943134872417983,0.4915316193493359,0.7314431735215381,0.44165651644336174,0.9550698239222829,0.5702117303480165,0.9492287137131058,0.9616225406849648,0.466658539558698,0.466658539558698,0.466658539558698,0.554365031048338,0.34998781379478433,0.9272021354040282,0.5772040915733073,0.4292315175097276,0.4783084214363835,0.9934466019417476,0.9820431933996603,0.9939342472400825,0.7219524040796503,0.9935710819990295,0.7219524040796503,0.9936916171296858,0.13401559454191034,0.9934466019417476,0.9670023049860488,0.9934489870192891,0.9928406746754035,0.9932055326377093,0.9934505761067314,0.9820431933996603,0.34030904002920065,0.9476751244385092,0.9655256130128672,0.8100097181729835,0.9644331148336975,0.9738950947061681,0.9638217797741896,0.9570127504553734,0.9530225782957028,0.9571237701931252,0.9492533689450042,0.6624056488921354,0.6408570732895057,0.2559357116766103,0.2570906877662812,0.05939629990262902,0.04873888144267089,0.6466220328667073,0.6624056488921354,0.26703992210321326,0.2559357116766103,0.05939629990262902,0.9550698239222829,0.9844509232264335,0.9503158406219631,1.0,0.7148589494163424,0.7960846303501945,0.9655256130128672,0.9934466019417476,0.9576353483855304,0.9919922348944431
R5_LightGBM_all_multimodal,0.016147827534543035,0.24841533353456083,0.24378033980582525,0.41237261375053824,0.40645991139059595,0.3990671913715202,0.3990671913715202,0.0,0.3851282794607914,0.3851282794607914,0.0,0.3870088901634643,0.3870088901634643,0.0,0.37138749101365925,0.0,0.0,0.37352856732701695,0.4326790157589162,0.0,0.5006592827004219,0.0,0.0,0.40415244596131966,0.43110864437352575,0.0,0.5001318217769576,0.0,0.028327187395239692,0.018680578929653316,0.024197613846412367,0.02249076871433367,0.017496635262449527,0.02249076871433367,0.010474742355127555,0.011488427099172157,0.024570851565129587,0.42488465974625145,0.4215415880389026,0.43740944653723557,0.0,0.42809798270893373,0.0,0.42886032067022967,0.0,0.40478248343416884,0.33377522462807485,0.003041568097330179,0.0035466981928728254,0.5971314741035857,0.0,0.7503491078355314,0.0,0.7460458053903581,0.0,0.6242221158449018,0.0,0.7779102105681367,0.0,0.7421707961262735,0.0,0.7432602670697909,0.7392780782291536,0.7377377377377378,0.0,0.7381786339754816,0.73888541014402,0.0,0.7691373025516404,0.7680131004366813,0.0,0.7311122120386425,0.7436995967741935,0.0,0.7460739614994935,0.7460739614994935,0.7307930991684249,0.7307930991684249,0.7451327433628319,0.7301488833746899,0.7443570885112858,0.7292338209769402,0.7424010217113666,0.7156720038816109,0.7089070305836481,0.7157064887810795,0.7087046758637529,0.7153771525588164,0.7089070305836481,0.7094611070470617,0.7067412995862741,0.7150139580046122,0.7144765606023804,0.7069070532342551,0.7287200702018303,0.7354854854854855,0.7094611070470617,0.7067412995862741,0.7144765606023804,0.7069070532342551,0.7148233580186961,0.7150309353390756,0.715516195559869,0.7141643403325646,0.7158277744087326,0.5383604834471887,0.5383604834471887,0.7154639175257732,0.7156208277703605,0.7335321899080288,0.7200745804847731,0.734992496248124,0.7232743583354099,0.7333499005964215,0.7332587899117903,0.7355258221833187,0.7335321899080288,0.6537760416666667,0.7355258221833187,0.7156196943972836,0.7358062074186222,0.8092711097237396,0.7381786339754816,0.7691373025516404,0.7620220349967596,0.7433249370277079,0.8092711097237396,0.6929165017807677,0.7103015745930077,0.6674980309792596,0.6547403381642513,0.696921359068432,0.803166387578018,0.7413641502323829,0.7299541454951047,0.7227969587436122,0.7192633150821304,0.803166387578018,0.6995736743938182,0.69684935133704,0.6674980309792596,0.7299876084262701,0.7368421052631579,0.7342451744854915,0.5135689491953298,0.6238698010849909,0.7280757097791798,0.5343311217404721,0.6760781008568619,0.5050489113284948,0.7436836786255685,0.7072267825527121,0.7404126059992406,0.7364331369845846,0.40340253748558247,0.40340253748558247,0.40340253748558247,0.47783738001129306,0.36882307092751365,0.698587323415427,0.47657982261640797,0.3676066522053507,0.3743732590529248,0.7153089717130023,0.7120731707317073,0.7152735654494723,0.6285283639353247,0.71536034942975,0.6285283639353247,0.7148229015041242,0.13759532695116014,0.7153089717130023,0.7061419639573373,0.7145803008248424,0.7139043921378306,0.7140950994662785,0.7152735654494723,0.7120731707317073,0.29055654233274125,0.7404406178779438,0.7381786339754816,0.658507698381366,0.7387928875532181,0.7302925136341101,0.739441032710866,0.7226377461979556,0.740535083291267,0.7192633150821304,0.7407641700404858,0.5237456399248726,0.5299671592775042,0.24657960199004975,0.25547217010631645,0.049811568081271504,0.050616050616050616,0.5324781659388647,0.5237456399248726,0.26370716510903425,0.24657960199004975,0.049811568081271504,0.7436836786255685,0.7124908514271774,0.7358062074186222,0.7148589494163424,1.0,0.6489094514210179,0.7381786339754816,0.7153089717130023,0.7398414894955341,0.7149623512266213
R5_LightGBM_dietrich28,0.020648078372268275,0.25052454888795633,0.24536516853932586,0.45017940932928513,0.45091812784757695,0.41535704438930243,0.41535704438930243,0.0,0.413716814159292,0.413716814159292,0.0,0.4194921070693205,0.4194921070693205,0.0,0.39578774617067836,0.0,0.0,0.399890590809628,0.4758528428093646,0.0,0.5676554774915431,0.0,0.0,0.43233695652173915,0.4736983360171766,0.0,0.5675253708040593,0.0,0.02131812040234199,0.012046378557446167,0.017451481871520985,0.016388513005563075,0.012207987942727958,0.016388513005563075,0.006509234029669997,0.007417499243112322,0.01517655897821187,0.44871618838390775,0.44648783185840707,0.42959362764952075,0.0,0.42057204243319457,0.0,0.42279708973322555,0.0,0.44561598224195337,0.35606694560669455,0.00364741641337386,0.004559270516717325,0.46981988175443423,0.0,0.5923507462686567,0.0,0.7718309859154929,0.0,0.4848733744010951,0.0,0.7461281129971503,0.0,0.7724609375,0.0,0.7746513334964522,0.7757226849583537,0.7770723965327799,0.0,0.7735963950797711,0.7721626887481734,0.0,0.7395478085133258,0.7362049190773544,0.0,0.7794653705953828,0.7731328688424398,0.0,0.7723148602256008,0.7723148602256008,0.7796857873584216,0.7796857873584216,0.772877618522602,0.7799025578562728,0.7633251833740832,0.7772373540856031,0.7578921508414199,0.7967006307617661,0.7889930597832704,0.7969432314410481,0.7872029250457039,0.7970399126531602,0.7889930597832704,0.7895955165692008,0.7875912408759124,0.7969641772920462,0.7966946165998299,0.7878455730118135,0.7676977625626604,0.7722784347190053,0.7895955165692008,0.7875912408759124,0.7966946165998299,0.7878455730118135,0.7965751760991013,0.7969413763806287,0.7972087378640776,0.7963322807869808,0.797064531780689,0.6265440210249672,0.6265440210249672,0.7971366173258918,0.794955741481751,0.7778859019583992,0.7724828934506354,0.7717801876446936,0.7615113594945936,0.7772644376899696,0.777602140077821,0.7740243902439025,0.7778859019583992,0.6982977642276422,0.7740243902439025,0.7968465736810187,0.7718005404077622,0.6219076597433523,0.7735963950797711,0.7395478085133258,0.7622636846657606,0.7695121951219512,0.6219076597433523,0.7779826178562023,0.7713122290818337,0.6795628689863082,0.5455874534821903,0.5363500475608098,0.6499208860759493,0.7720731707317073,0.7785749027237354,0.7623449282413038,0.7708766352854872,0.6499208860759493,0.7690077744103307,0.7768115942028986,0.6795628689863082,0.7783856066131777,0.7751710654936461,0.7556734089787864,0.4307027328499721,0.6186229508196721,0.7662321692080669,0.48026224020086483,0.6528925619834711,0.42257839721254353,0.7699363992172211,0.5392491467576792,0.7707233206434975,0.7747769766589271,0.4485447709232697,0.4485447709232697,0.4485447709232697,0.521448087431694,0.3363032102955735,0.7600938387455242,0.5217040720333288,0.37157951774586834,0.4057371581054036,0.7988086554826161,0.7952880859375,0.797184124286928,0.6362095933263816,0.7974990894743231,0.6362095933263816,0.7975959203496843,0.11971420239136775,0.7988086554826161,0.7767084906809599,0.7975713418336369,0.7982253555366476,0.797740524781341,0.7974022821073076,0.7952880859375,0.30121985029110065,0.7636118928178147,0.7735963950797711,0.6903579161890205,0.7731481481481481,0.7784802431610942,0.7733755942947702,0.7624087591240876,0.765352215846661,0.7708766352854872,0.763907568162367,0.5880100356529777,0.5714854111405836,0.2301373743095879,0.23709287441331248,0.050014841199168894,0.03531157270029674,0.5754766949152542,0.5880100356529777,0.24429644324783903,0.2301373743095879,0.050014841199168894,0.7699363992172211,0.8052043697066404,0.7718005404077622,0.7960846303501945,0.6489094514210179,1.0,0.7735963950797711,0.7988086554826161,0.7754102375704139,0.7989295706118477
R5_RF-200_all_multimodal,0.022208359326263256,0.2854838709677419,0.2770605759682224,0.47417202174987644,0.4766679044436193,0.4492250464972102,0.4492250464972102,0.0,0.4456859093730602,0.4456859093730602,0.0,0.4591241781416698,0.4591241781416698,0.0,0.4372064276885043,0.0,0.0,0.4425194901621087,0.5349439171699741,0.0,0.6554012535332432,0.0,0.0,0.4781910292845669,0.5301011596348384,0.0,0.6558888615687238,0.0,0.02890028775178281,0.018513885414060547,0.023895908920305266,0.02339254440830623,0.017888416312234177,0.02339254440830623,0.00975975975975976,0.010510510510510511,0.022892169126845135,0.4833353983397349,0.47437647350787937,0.4902593373867726,0.0,0.4917951268025858,0.0,0.48906288839174744,0.0,0.46892445106066244,0.3814305194000248,0.004129129129129129,0.00487987987987988,0.5153903903903904,0.0,0.6729229229229229,0.0,0.9800598205383848,0.0,0.535035035035035,0.0,0.9407055291468601,0.0,0.9893922376138774,0.0,0.9856626355815983,0.9744480277846688,0.9817663110890598,0.0,1.0,0.9932617918642376,0.0,0.8972277722277723,0.877808287568647,0.0,0.989104865667946,0.9841783979070636,0.0,0.9797979797979798,0.9797979797979798,0.9844059405940594,0.9844059405940594,0.9796960637767813,0.9844059405940594,0.9769182782283219,0.9850228988736229,0.9630646368854504,0.9683521280465623,0.955345225094042,0.9685946404753244,0.9520631067961165,0.9684733842609434,0.955345225094042,0.9541484716157205,0.9549921145214121,0.9666545410452285,0.9650782102582758,0.9532937037486352,0.9715669232679414,0.9832235615757425,0.9541484716157205,0.9549921145214121,0.9650782102582758,0.9532937037486352,0.966525166767738,0.967741935483871,0.968465736810188,0.966044142614601,0.9687158966897054,0.6950006141751628,0.6950006141751628,0.9683521280465623,0.9672608221171335,0.992668986083499,0.9716513988611042,0.9845828670893945,0.9702970297029703,0.991185599006828,0.9925465838509316,0.9850820487319741,0.992668986083499,0.8402388951101157,0.9850820487319741,0.9687158966897054,0.9671052631578947,0.7118368368368369,1.0,0.8972277722277723,0.9608652163040761,0.9916239529941243,0.7118368368368369,0.8491945477075589,0.8514470252142591,0.8400298544595098,0.6328828828828829,0.5922682347053672,0.7434934934934935,0.9927545284197377,0.9863844535214754,0.9691831683168317,0.9689279524634811,0.7434934934934935,0.8426213230731041,0.8481279444582197,0.8400298544595098,0.9863861386138614,0.9800124146492861,0.945811583395476,0.4607977991746905,0.7197301012120455,0.9549170175873173,0.504125,0.7489085692902582,0.4542271135567784,0.9832771745912892,0.5883898411109721,0.9716206123973115,0.9791459781529295,0.47107129525942515,0.47107129525942515,0.47107129525942515,0.5553628932375526,0.3592597223958985,0.9131071515743227,0.579573624194348,0.4396508728179551,0.48184409468335604,0.9665332848308475,0.9556202255365588,0.9677458469746575,0.7249722256511542,0.9678632064031045,0.7249722256511542,0.9675033345458954,0.13821138211382114,0.9665332848308475,0.9420043678718758,0.9672608221171335,0.9661695161877046,0.9667757972596096,0.9677458469746575,0.9556202255365588,0.3366312144447193,0.9751777472870151,1.0,0.8335205291401473,0.9948801198801199,0.9862623762376238,0.991519082065353,0.9688118811881188,0.9819044053413204,0.9689279524634811,0.9770459081836327,0.6652631578947369,0.6562656015976036,0.2535036586878333,0.26566604127579735,0.049796120103793404,0.05066299724793595,0.6640429785107447,0.6652631578947369,0.2760475297060663,0.2535036586878333,0.049796120103793404,0.9832771745912892,0.9558573853989814,0.9671052631578947,0.9655256130128672,0.7381786339754816,0.7735963950797711,1.0,0.9665332848308475,0.9789905519641969,0.9658016007761339
R5_RF-200_dietrich28,0.024434719183078046,0.2858009708737864,0.27694174757281553,0.4778857837181045,0.47782772445632365,0.44877870944221654,0.44877870944221654,0.0,0.44372873116188627,0.44372873116188627,0.0,0.45759416767922234,0.45759416767922234,0.0,0.44119076549210207,0.0,0.0,0.4448359659781288,0.5415552855407048,0.0,0.6641165755919854,0.0,0.0,0.48183695784230346,0.5352934029887012,0.0,0.6639951426836673,0.0,0.02782841171466764,0.01786365293474298,0.02284325637910085,0.022602989427633977,0.01725604569206465,0.022602989427633977,0.009236752552260573,0.009965969859017987,0.022116903633491312,0.4834710743801653,0.4721749696233293,0.48592233009708735,0.0,0.48470873786407764,0.0,0.48294281898749547,0.0,0.4675498298492951,0.3816636308439587,0.0040116703136396795,0.004741064916119621,0.4989072365225838,0.0,0.6507705375561218,0.0,0.9553668890236507,0.0,0.5177856015539638,0.0,0.9102377486656963,0.0,0.9613192676124651,0.0,0.9600970285021225,0.9585303746817024,0.9659228716953675,0.0,0.9665332848308475,0.9655590589376667,0.0,0.8722087378640777,0.855148130160272,0.0,0.9764762944100885,0.959859325733689,0.0,0.9541484716157205,0.9541484716157205,0.9735533179667597,0.9735533179667597,0.9559733171619164,0.9735533179667597,0.9499151103565365,0.9731991268493815,0.9362114964831434,0.9967260822117133,0.982296592700376,0.9972107688576279,0.9790201309725928,0.9973317161916313,0.982296592700376,0.982292298362644,0.9826582585495998,0.9957544881125667,0.9946614899296288,0.9809604656803299,0.9545123726346434,0.9637399951491632,0.982292298362644,0.9826582585495998,0.9946614899296288,0.9809604656803299,0.995147986414362,0.9963614311704063,0.9966044142614601,0.99490538573508,0.9973320397768615,0.7040680024286582,0.7040680024286582,0.99745269286754,0.9956347762822845,0.9729598641930399,0.9605726070605363,0.9641038079068639,0.9590104292990541,0.9732023766218019,0.9735629396070822,0.9648314334222653,0.9729598641930399,0.8233009708737864,0.9648314334222653,0.9970898508548564,0.9508674026446682,0.6899441340782123,0.9665332848308475,0.8722087378640777,0.9314403591797112,0.9601067054686553,0.6899441340782123,0.8410057087331471,0.8393876807192322,0.8228800194104088,0.6127230787908219,0.5740830701967452,0.7206703910614525,0.962653085970656,0.9750121300339641,0.9586315661773626,0.9579036758461725,0.7206703910614525,0.8318756073858115,0.8390623102149884,0.8228800194104088,0.9750151607034566,0.962289317327513,0.9269949066213922,0.4473460463986396,0.7003158406219631,0.9427531837477259,0.4912472647702407,0.730185702148319,0.44078707639985426,0.9558520315342632,0.5708905357793707,0.9502547925260859,0.9621588841722256,0.46554029415339737,0.46554029415339737,0.46554029415339737,0.5550692924872356,0.3488824101068999,0.9291863708015036,0.5772970345162859,0.42909135023656436,0.4787724405628336,1.0,0.9861616897305171,0.9970884386752396,0.7253187613843352,0.9967248908296943,0.7253187613843352,0.996845808564843,0.1341433778857837,1.0,0.9713522699684389,0.9966031784544462,0.9962378640776699,0.9963601067702014,0.9970884386752396,0.9861616897305171,0.3400485436893204,0.9487024011642008,0.9665332848308475,0.8114077669902913,0.9654419789014187,0.9753730437947349,0.9648314334222653,0.9582676210117675,0.9542808634489449,0.9579036758461725,0.9502789231142372,0.6631412594213469,0.6414245776103076,0.25558523555123847,0.25658453695836875,0.060495626822157436,0.04871234207968902,0.6473805761516956,0.6631412594213469,0.26650485436893206,0.25558523555123847,0.060495626822157436,0.9558520315342632,0.9890590809628009,0.9508674026446682,0.9934466019417476,0.7153089717130023,0.7988086554826161,0.9665332848308475,1.0,0.9588891583798205,0.9958732855929118
R5_XGBoost_all_multimodal,0.021618903971845148,0.2847516845520339,0.2767578368927189,0.474155069582505,0.47684839432412246,0.45015595757953836,0.45015595757953836,0.0,0.44677661169415295,0.44677661169415295,0.0,0.45938864628820963,0.45938864628820963,0.0,0.4378808605894789,0.0,0.0,0.44197039432765267,0.5352583963316396,0.0,0.6549382716049382,0.0,0.0,0.47764530551415796,0.5309591760764363,0.0,0.6552235119782662,0.0,0.02848859195764528,0.017895400126023944,0.02344636329257532,0.022681451612903226,0.017521744611118113,0.022681451612903226,0.009585067473830243,0.010341783327027367,0.022821838355818937,0.48244521912350596,0.4743605739238927,0.48736147428713733,0.0,0.4883401920438957,0.0,0.48467480687764763,0.0,0.4688786329050767,0.38159371492704824,0.0037831021437578815,0.004539722572509458,0.5182757751449458,0.0,0.6759037662174078,0.0,0.9751591561602796,0.0,0.5386458201992183,0.0,0.9374216202658641,0.0,0.9797979797979798,0.0,0.9758345789735924,0.9739758436060266,0.9800895968143355,0.0,0.9789905519641969,0.978239243969162,0.0,0.8938407611417125,0.876957774714948,0.0,0.9805669018442876,0.9778054862842893,0.0,0.9716922309514903,0.9716922309514903,0.9773402674591382,0.9773402674591382,0.9743046027192217,0.9763613861386139,0.9668453197058456,0.9772220846744244,0.9530042383445525,0.9607082221683241,0.9481670308327264,0.9607129865405603,0.9448828456962486,0.9608294930875576,0.9481670308327264,0.9467362290706139,0.947342877942247,0.9592480291085507,0.9576713159490601,0.9461165048543689,0.964472049689441,0.973674407053272,0.9467362290706139,0.947342877942247,0.9576713159490601,0.9461165048543689,0.9588791848617176,0.959859325733689,0.9610578672813296,0.9591118660519291,0.9608342427549412,0.6930473372781065,0.6930473372781065,0.9604704741117982,0.9593791681823693,0.9806547619047619,0.9645776566757494,0.9730668983492615,0.9622524752475248,0.9806571605703658,0.9802900706582373,0.9750372578241431,0.9806547619047619,0.833976833976834,0.9750372578241431,0.9608342427549412,0.9661143640214277,0.7135665743770451,0.9789905519641969,0.8938407611417125,0.9544487548492053,0.9736285607662645,0.7135665743770451,0.8519257135734762,0.850037397157816,0.8312608803780154,0.6323067253299811,0.5961174839278961,0.7456261799874134,0.9767326116710215,0.978583807873236,0.9611386138613861,0.9620958751393534,0.7456261799874134,0.8434771763532053,0.8499314470896173,0.8312608803780154,0.9785864587201386,0.9724326338010679,0.9401443504230961,0.4642046886816234,0.7161112503132047,0.9514587212911235,0.5069252077562327,0.7512862341573597,0.4572148708254568,0.9717204435031768,0.5918084436042849,0.9625528738492162,0.9696105184817663,0.475837831053094,0.475837831053094,0.475837831053094,0.5554033864541833,0.3586068150383503,0.9058722988646075,0.5791505791505791,0.43656156156156156,0.47947250559840754,0.9588891583798205,0.9486837316510979,0.9601018675721562,0.7182211241507103,0.9602183141297757,0.7182211241507103,0.959859325733689,0.1381960191484001,0.9588891583798205,0.9343526271083606,0.959616783895222,0.9585253456221198,0.9591317002182876,0.9598641930398933,0.9486837316510979,0.33769144564811354,0.9643746885899352,0.9789905519641969,0.8276896163938523,0.978363591146481,0.9782178217821782,0.9774931609052474,0.9607673267326733,0.9693686963018304,0.9620958751393534,0.9645257654966393,0.6617409660995902,0.649800099950025,0.2535264011983523,0.2664063484066003,0.049023267388328975,0.049886621315192746,0.6546816479400749,0.6617409660995902,0.2763787459078318,0.2535264011983523,0.049023267388328975,0.9717204435031768,0.9486837316510979,0.9661143640214277,0.9576353483855304,0.7398414894955341,0.7754102375704139,0.9789905519641969,0.9588891583798205,1.0,0.9583939835031539
R5_XGBoost_dietrich28,0.02408466123342659,0.28592250698408844,0.27705575124498966,0.4779912451361868,0.4782925939438161,0.4486867704280156,0.4486867704280156,0.0,0.4438092921430309,0.4438092921430309,0.0,0.4576848249027237,0.4576848249027237,0.0,0.44039372949325556,0.0,0.0,0.4438639125151883,0.5403960636617665,0.0,0.6629431762991743,0.0,0.0,0.4815850249179531,0.5343214676224031,0.0,0.662821758135017,0.0,0.027730479202140598,0.017881036370271258,0.022989903904634474,0.02225194552529183,0.01702541651465402,0.02225194552529183,0.00949136042832806,0.010221465076660987,0.021889821233126595,0.48303951367781156,0.47209726443768996,0.48585306618093504,0.0,0.48445847498785816,0.0,0.4826916069476497,0.0,0.4676477742641693,0.38186679630529896,0.003771289537712895,0.004623433507726001,0.49957457153275797,0.0,0.6522056142909224,0.0,0.9541595925297114,0.0,0.5190273556231003,0.0,0.9092673459485686,0.0,0.9603492178974172,0.0,0.9588891583798205,0.9580351728320194,0.9649527043414989,0.0,0.9658016007761339,0.9643506729719898,0.0,0.8705568361033604,0.8535016385483675,0.0,0.9755062446950407,0.9588891583798205,0.0,0.9529411764705882,0.9529411764705882,0.9733009708737864,0.9733009708737864,0.9550030321406914,0.9730615216599927,0.9487086213168425,0.971989814477992,0.9352413291292748,0.9957560324966654,0.9818071558520315,0.9959985449254274,0.9782898726500909,0.9961193305845258,0.9818071558520315,0.9810817365995634,0.9816880911957313,0.9943002667960223,0.9927237448459859,0.9802304426925409,0.9535419699175157,0.962531829756275,0.9810817365995634,0.9816880911957313,0.9927237448459859,0.9802304426925409,0.9939357186173439,0.9953911461491813,0.9956342469075916,0.9934513703613873,0.996361872422993,0.703510263573424,0.703510263573424,0.9962401455427532,0.9946647265672366,0.971989814477992,0.9591267434808975,0.962895598399418,0.9578028373954165,0.972232326906754,0.972353583121135,0.9638612660683968,0.971989814477992,0.8225512804952058,0.9638612660683968,0.996361872422993,0.9506067961165049,0.6902041808458921,0.9658016007761339,0.8705568361033604,0.9297671033478894,0.9593742420567548,0.6902041808458921,0.8413759572140513,0.8393095903731616,0.821909498968822,0.6127308066083577,0.5742586290714633,0.7205346294046172,0.9619209313606597,0.9740417273168365,0.9574235807860262,0.9564584596725288,0.7205346294046172,0.8315712723295662,0.8394311413638021,0.821909498968822,0.9738054814455493,0.9613192676124651,0.9262583383869012,0.4476051543885242,0.7003768080709858,0.9427253974032278,0.4913625304136253,0.7311057108140948,0.44104060296620473,0.9548817465130383,0.5708728422076343,0.949047676816693,0.9611885991510006,0.46617181796057433,0.46617181796057433,0.46617181796057433,0.5544747081712063,0.34922178988326846,0.9291520077641635,0.5768996960486322,0.42950819672131146,0.4785194174757282,0.9958732855929118,0.9837457544881125,0.9956337174044876,0.724766184865784,0.9955124317768345,0.724766184865784,0.9958752881232561,0.13427389929457553,0.9958732855929118,0.9696638757432351,0.9951485748938751,0.9947828197039553,0.99490538573508,0.9961179182336528,0.9837457544881125,0.3400534369686665,0.9474960591730326,0.9658016007761339,0.8106566330865397,0.9647101625030318,0.9741630276564774,0.9636231356857039,0.9570596797671034,0.953073845034558,0.9564584596725288,0.9490723899599854,0.662168733284707,0.6402527953330093,0.2561390712375395,0.2572921730675741,0.06029662047167517,0.04850474106491612,0.6462080700048615,0.662168733284707,0.26722566532993075,0.2561390712375395,0.06029662047167517,0.9548817465130383,0.9873617693522907,0.9506067961165049,0.9919922348944431,0.7149623512266213,0.7989295706118477,0.9658016007761339,0.9958732855929118,0.9583939835031539,1.0
