model_id,ABL_FUSION_MS_COH_ALL,ABL_FUSION_MS_COH_COH,ABL_FUSION_MS_COH_MS,ABL_FUSION_MS_COH_SAR_ALL,ABL_PREPOST_MS_ALL,ABL_PREPOST_MS_MS,ABL_PREPOST_SAR_ALL,ABL_ROLLING_SAR_ALL,ABL_ROLLING_SAR_CARD,ABL_ROLLING_SAR_COH,ABL_ROLLING_SAR_SAR_ALL,B0_single_s1_coh_drop_countM,B0_single_s1_coh_max_dropM,B0_single_s1_coh_max_dropX,B0_single_s1_coh_running_minM,B0_single_s1_coh_running_minX,B0_single_s1_vh_kurtosis,B0_single_s1_vh_max,B0_single_s1_vh_median,B0_single_s1_vh_min,B0_single_s1_vh_skewness,B0_single_s1_vh_std,B0_single_s1_vv_kurtosis,B0_single_s1_vv_max,B0_single_s1_vv_median,B0_single_s1_vv_min,B0_single_s1_vv_skewness,B0_single_s1_vv_std,B1_PWTT_VH_exact,B1_PWTT_VV+VH,B1_PWTT_VV_exact,B2_CCD_exact_vh,B2_CCD_exact_vv,B3_logratio_BAEI,B3_logratio_BSI,B3_logratio_IBI,B3_logratio_MNDWI,B3_logratio_NDBI,B3_logratio_NDSI,B3_logratio_NDVI,B3_logratio_SAVI,B3_logratio_UI,B3_logratio_VH,B3_logratio_VV,B4_step2_card+coh,B4_step3_card+coh+optical,B4_step4_all+methods,CLF_A17_ExtraTrees,CLF_A17_GBM,CLF_A17_LightGBM,CLF_A17_RF_200,CLF_A17_XGBoost,CLF_A9_ExtraTrees,CLF_A9_GBM,CLF_A9_LightGBM,CLF_A9_RF_200,CLF_A9_XGBoost,CLF_F7_ExtraTrees,CLF_F7_GBM,CLF_F7_LightGBM,CLF_F7_RF_200,CLF_F7_XGBoost,D4_f8_strategy_A_drop_nan,L2b_lu_implausible_damage,L2b_lu_plausible_damage,L2b_s2__lu__date_persistent_loss_mean,L2b_s2__lu__loss_count_mean,L2b_s2__lu__loss_fraction_mean,L2b_s2__lu__urban_retained_mean,NB08b_BDA_CARD_AdaBoost,NB08b_BDA_CARD_ExtraTrees,NB08b_BDA_CARD_GBM,NB08b_BDA_CARD_LightGBM,NB08b_BDA_CARD_LogReg,NB08b_BDA_CARD_RF-200,NB08b_BDA_CARD_UISEM_voting,NB08b_BDA_CARD_XGBoost,NB08b_BDA_COH_DROP+CARD_AdaBoost,NB08b_BDA_COH_DROP+CARD_ExtraTrees,NB08b_BDA_COH_DROP+CARD_GBM,NB08b_BDA_COH_DROP+CARD_LightGBM,NB08b_BDA_COH_DROP+CARD_LogReg,NB08b_BDA_COH_DROP+CARD_RF-200,NB08b_BDA_COH_DROP+CARD_UISEM_voting,NB08b_BDA_COH_DROP+CARD_XGBoost,NB08b_BDA_COH_DROP+RGB+CARD_AdaBoost,NB08b_BDA_COH_DROP+RGB+CARD_ExtraTrees,NB08b_BDA_COH_DROP+RGB+CARD_GBM,NB08b_BDA_COH_DROP+RGB+CARD_LightGBM,NB08b_BDA_COH_DROP+RGB+CARD_LogReg,NB08b_BDA_COH_DROP+RGB+CARD_RF-200,NB08b_BDA_COH_DROP+RGB+CARD_UISEM_voting,NB08b_BDA_COH_DROP+RGB+CARD_XGBoost,NB08b_BDA_COH_DROP+RGB_AdaBoost,NB08b_BDA_COH_DROP+RGB_ExtraTrees,NB08b_BDA_COH_DROP+RGB_GBM,NB08b_BDA_COH_DROP+RGB_LightGBM,NB08b_BDA_COH_DROP+RGB_LogReg,NB08b_BDA_COH_DROP+RGB_RF-200,NB08b_BDA_COH_DROP+RGB_UISEM_voting,NB08b_BDA_COH_DROP+RGB_XGBoost,NB08b_BDA_COH_DROP_AdaBoost,NB08b_BDA_COH_DROP_ExtraTrees,NB08b_BDA_COH_DROP_GBM,NB08b_BDA_COH_DROP_LightGBM,NB08b_BDA_COH_DROP_LogReg,NB08b_BDA_COH_DROP_RF-200,NB08b_BDA_COH_DROP_UISEM_voting,NB08b_BDA_COH_DROP_XGBoost,NB08b_BDA_RGB+CARD_AdaBoost,NB08b_BDA_RGB+CARD_ExtraTrees,NB08b_BDA_RGB+CARD_GBM,NB08b_BDA_RGB+CARD_LightGBM,NB08b_BDA_RGB+CARD_LogReg,NB08b_BDA_RGB+CARD_RF-200,NB08b_BDA_RGB+CARD_UISEM_voting,NB08b_BDA_RGB+CARD_XGBoost,NB08b_BDA_RGB_AdaBoost,NB08b_BDA_RGB_ExtraTrees,NB08b_BDA_RGB_GBM,NB08b_BDA_RGB_LightGBM,NB08b_BDA_RGB_LogReg,NB08b_BDA_RGB_RF-200,NB08b_BDA_RGB_UISEM_voting,NB08b_BDA_RGB_XGBoost,NB08b_BRIGHT_all_AdaBoost,NB08b_BRIGHT_all_ExtraTrees,NB08b_BRIGHT_all_GBM,NB08b_BRIGHT_all_LightGBM,NB08b_BRIGHT_all_LogReg,NB08b_BRIGHT_all_RF-200,NB08b_BRIGHT_all_UISEM_voting,NB08b_BRIGHT_all_XGBoost,NB08b_xBD_RGB_AdaBoost,NB08b_xBD_RGB_ExtraTrees,NB08b_xBD_RGB_GBM,NB08b_xBD_RGB_LightGBM,NB08b_xBD_RGB_LogReg,NB08b_xBD_RGB_RF-200,NB08b_xBD_RGB_UISEM_voting,NB08b_xBD_RGB_XGBoost
ABL_FUSION_MS_COH_ALL,1.0,0.4303688876179583,0.9928785073351375,0.4303688876179583,0.9920284697508897,0.9920284697508897,0.9084448160535117,0.9056182908127701,0.9101170568561873,0.750244995100098,0.9052000557646731,0.04745714690466072,0.047713436216905,0.0645753850501625,0.04717382065448364,0.04674883127921802,0.30612533597397085,0.2900625434329395,0.2618074157620189,0.3358589337374294,0.38703312191684286,0.3968388371436636,0.2958404074702886,0.3478865406006674,0.2758280479210712,0.3418297051529347,0.3827177896814209,0.4312120784535064,0.35871886120996443,0.39720757942726886,0.35961292158815994,0.31767561393489435,0.31961120640365925,0.40219560878243515,0.29295814883588056,0.453,0.7180654338549075,0.2773409578270193,0.7180654338549075,0.20796904113515838,0.22144188046438298,0.3149628783552256,0.2323546019198193,0.20195025438100622,0.23751783166904422,0.26048375554601405,0.2059581781724434,0.892732598688799,0.9477418474553145,0.4124436936936937,0.9056182908127701,0.909041245561322,0.9910294745835113,0.9692457556359588,0.6262003726530028,0.9920284697508897,0.9470670391061452,0.9819406621757202,0.9668800445310326,0.491326164874552,1.0,0.9243803388881109,0.05132616487455197,0.3074982480728802,0.8025344659518173,0.7236166967133546,0.855546357615894,0.8454746136865342,0.0,0.8770652478297396,0.8620448179271709,0.8733893557422969,0.4690677966101695,0.29418423659261356,0.8748249789974797,0.8762251470176421,0.8762251470176421,0.7514475356588053,0.6387627695800226,0.7424777510947874,0.4710567486843977,0.32606216139150274,0.7398868458274399,0.7492937853107344,0.74936422718282,0.8100165562913907,0.6059975010412328,0.8017408123791102,0.4796499513821364,0.34639520290057174,0.7790376106194691,0.8078144415297529,0.80703933747412,0.8100165562913907,0.5225125069483046,0.8012979839823253,0.4166782487838777,0.38492672714584786,0.522976537553797,0.8063000828958276,0.8093331492475494,0.19318665720369055,0.19040181740735482,0.1863733144073811,0.18056542122460575,0.07469707769066286,0.19318665720369055,0.19318665720369055,0.19318665720369055,0.9513093289689034,0.6912714776632303,0.9479721425645228,0.44139547710976285,0.35359116022099446,0.9313685359530631,0.9504909983633388,0.9500818330605565,0.9513093289689034,0.46890150990441887,0.950211430909835,0.340918551408353,0.511676108884897,0.43725761772853183,0.9504842449870413,0.9513093289689034,0.0,0.0,0.0,0.0,0.0,0.0,0.0,0.0,0.0,0.0,0.0,0.0,0.0,0.0,0.0,0.0
ABL_FUSION_MS_COH_COH,0.4303688876179583,1.0,0.43064653944745085,1.0,0.4303202846975089,0.4303202846975089,0.4485884101040119,0.4457992565055762,0.4495099495099495,0.5167523488743131,0.4457831325301205,0.10761323482171539,0.10811677895412256,0.14816,0.10697076774815291,0.10600706713780919,0.18013392857142857,0.2018018018018018,0.2488145744946344,0.11518324607329843,0.27514600908500975,0.2591495663211339,0.19099840073109436,0.23639492363949235,0.2545454545454545,0.12202208018593841,0.2740112994350282,0.28808979422157555,0.2733682055947237,0.2553009209680874,0.27165532879818594,0.20177434030937216,0.19430637144148216,0.3227762803234501,0.36123700346574245,0.3094236432477913,0.28163908589440506,0.35940054495912804,0.28163908589440506,0.1410386965376782,0.1457185778668002,0.3553038105046344,0.2148298628745556,0.2003686150605582,0.26884894016635363,0.2681972345421341,0.23488821418713773,0.43519761372110366,0.4106801420376946,0.29725122522906455,0.4457992565055762,0.39565943238731216,0.42956843754450935,0.42091339459760513,0.3162575595873355,0.4303202846975089,0.4125211984171849,0.42432977803401556,0.41795407098121085,0.33969703257937334,0.4303688876179583,0.40949640287769784,0.118190822053483,0.1306448225162781,0.3724832214765101,0.3221633416458853,0.3826567728793831,0.3814825666569001,0.0,0.41807824913806024,0.40544197233914614,0.4176187612748046,0.2560809496010897,0.17806977797915724,0.41652917354132296,0.41781643671265745,0.41781643671265745,0.35296,0.3314655927158116,0.3441756128825509,0.2847961438039767,0.1352554589781641,0.3460608989850169,0.3513210568454764,0.3508406725380304,0.34916899544050595,0.3278745644599303,0.3402593575007368,0.2854130726471152,0.14271417133706965,0.3339315088978615,0.34727540500736376,0.34698085419734903,0.34916899544050595,0.3372758489126288,0.33966431095406363,0.3314151747655584,0.15386100386100385,0.3458516957271508,0.34730627306273065,0.34770453207769275,0.43454486973303313,0.42792792792792794,0.4191058218076552,0.40547504025764897,0.16203104786545924,0.43454486973303313,0.43454486973303313,0.43454486973303313,0.41312056737588654,0.3012610929472209,0.41317447274719254,0.2328533535430087,0.1776302554817944,0.40195001373249106,0.41268758526603,0.4126637554585153,0.41312056737588654,0.2136347065257018,0.4121418826739427,0.17100143354495187,0.23481638418079095,0.19624255952380953,0.41241473396998635,0.41312056737588654,0.0,0.0,0.0,0.0,0.0,0.0,0.0,0.0,0.0,0.0,0.0,0.0,0.0,0.0,0.0,0.0
ABL_FUSION_MS_COH_MS,0.9928785073351375,0.43064653944745085,1.0,0.43064653944745085,0.9985761070767478,0.9985761070767478,0.9142976588628763,0.9109407665505227,0.9159698996655519,0.7490239821528165,0.9105226480836237,0.0468815993242292,0.04713662586182637,0.06479269149683767,0.04660002815711671,0.04617767140644798,0.30450070323488043,0.2903404373097149,0.2604429492570788,0.34035232590145886,0.38747718657868874,0.39547943282324866,0.29427486284990856,0.34717033347170334,0.27474067844126715,0.3457622454595487,0.38162692847124824,0.4298750526463569,0.35947249007373794,0.3990056818181818,0.36113475177304966,0.3165293950582221,0.31807845366685616,0.4059786476868327,0.29544159544159543,0.4544289376246084,0.7242851045667947,0.27877492877492877,0.7242851045667947,0.20706854781245546,0.2204645860054154,0.31794871794871793,0.23184945934559753,0.2009273570324575,0.23733144073811213,0.260361771827375,0.20558484114546233,0.8970034843205575,0.9529395716818988,0.41021693491952416,0.9109407665505227,0.9132096069868996,0.9958730610502348,0.9750904536598942,0.6229157759726379,0.9985761070767478,0.9485785953177257,0.9757834757834758,0.972724742554968,0.48796124804103147,0.9928785073351375,0.9208472686733556,0.05071947570879043,0.30642687857242434,0.8073764787752261,0.7225138121546961,0.8613410596026491,0.8512693156732892,0.0,0.8829459535144217,0.8674040884906189,0.8790085422209775,0.4681568958245466,0.29244619496413,0.8807056846821618,0.8821058527023243,0.8821058527023243,0.7578754061308094,0.6391402714932126,0.7486578129415089,0.4692982456140351,0.32487237663074303,0.7438541961005933,0.7554739369967509,0.7550501483260348,0.8163124482473089,0.6042559071438441,0.8055478884902015,0.47809260539046305,0.3443782060169139,0.7823805578569456,0.8128622688379796,0.8125862544852333,0.8163124482473089,0.5201105736005529,0.8060999171956942,0.41484655792092895,0.3826835021506868,0.5216249827276496,0.8101021253105162,0.8143803477780844,0.19473907509546032,0.1917963224893918,0.1879507848960543,0.18132956152758134,0.07425251523310189,0.19473907509546032,0.19473907509546032,0.19473907509546032,0.957037643207856,0.6879956248290949,0.9537074969274887,0.4398408560845109,0.35155177149134853,0.9365707270495157,0.9562193126022913,0.955810147299509,0.957037643207856,0.4661892301335904,0.9556737588652482,0.3393128190975576,0.5087237257865092,0.43472872486918207,0.9559465357337698,0.957037643207856,0.0,0.0,0.0,0.0,0.0,0.0,0.0,0.0,0.0,0.0,0.0,0.0,0.0,0.0,0.0,0.0
ABL_FUSION_MS_COH_SAR_ALL,0.4303688876179583,1.0,0.43064653944745085,1.0,0.4303202846975089,0.4303202846975089,0.4485884101040119,0.4457992565055762,0.4495099495099495,0.5167523488743131,0.4457831325301205,0.10761323482171539,0.10811677895412256,0.14816,0.10697076774815291,0.10600706713780919,0.18013392857142857,0.2018018018018018,0.2488145744946344,0.11518324607329843,0.27514600908500975,0.2591495663211339,0.19099840073109436,0.23639492363949235,0.2545454545454545,0.12202208018593841,0.2740112994350282,0.28808979422157555,0.2733682055947237,0.2553009209680874,0.27165532879818594,0.20177434030937216,0.19430637144148216,0.3227762803234501,0.36123700346574245,0.3094236432477913,0.28163908589440506,0.35940054495912804,0.28163908589440506,0.1410386965376782,0.1457185778668002,0.3553038105046344,0.2148298628745556,0.2003686150605582,0.26884894016635363,0.2681972345421341,0.23488821418713773,0.43519761372110366,0.4106801420376946,0.29725122522906455,0.4457992565055762,0.39565943238731216,0.42956843754450935,0.42091339459760513,0.3162575595873355,0.4303202846975089,0.4125211984171849,0.42432977803401556,0.41795407098121085,0.33969703257937334,0.4303688876179583,0.40949640287769784,0.118190822053483,0.1306448225162781,0.3724832214765101,0.3221633416458853,0.3826567728793831,0.3814825666569001,0.0,0.41807824913806024,0.40544197233914614,0.4176187612748046,0.2560809496010897,0.17806977797915724,0.41652917354132296,0.41781643671265745,0.41781643671265745,0.35296,0.3314655927158116,0.3441756128825509,0.2847961438039767,0.1352554589781641,0.3460608989850169,0.3513210568454764,0.3508406725380304,0.34916899544050595,0.3278745644599303,0.3402593575007368,0.2854130726471152,0.14271417133706965,0.3339315088978615,0.34727540500736376,0.34698085419734903,0.34916899544050595,0.3372758489126288,0.33966431095406363,0.3314151747655584,0.15386100386100385,0.3458516957271508,0.34730627306273065,0.34770453207769275,0.43454486973303313,0.42792792792792794,0.4191058218076552,0.40547504025764897,0.16203104786545924,0.43454486973303313,0.43454486973303313,0.43454486973303313,0.41312056737588654,0.3012610929472209,0.41317447274719254,0.2328533535430087,0.1776302554817944,0.40195001373249106,0.41268758526603,0.4126637554585153,0.41312056737588654,0.2136347065257018,0.4121418826739427,0.17100143354495187,0.23481638418079095,0.19624255952380953,0.41241473396998635,0.41312056737588654,0.0,0.0,0.0,0.0,0.0,0.0,0.0,0.0,0.0,0.0,0.0,0.0,0.0,0.0,0.0,0.0
ABL_PREPOST_MS_ALL,0.9920284697508897,0.4303202846975089,0.9985761070767478,0.4303202846975089,1.0,1.0,0.9145763656633222,0.911219512195122,0.9162486064659978,0.7493028443948689,0.9110677446333983,0.04672108077680833,0.0469760900140647,0.06462489463332396,0.04643962848297214,0.04601745004221784,0.3045985093517086,0.2904386329043863,0.2605466012613875,0.3404430989404156,0.3873684210526316,0.3953684210526316,0.29473832301631964,0.3470742841333518,0.27466367713004486,0.3462226503371405,0.38190743338008415,0.42995508141493544,0.3597560975609756,0.39909103820480046,0.36141843971631205,0.31662643759761466,0.318175358817678,0.4064635535307517,0.29535744802050695,0.4542995444191344,0.7243243243243244,0.2786955283395044,0.7243243243243244,0.20683760683760682,0.22022792022792023,0.3178581600683566,0.23178436052225185,0.20103961787018826,0.2376153300212917,0.2606466315339695,0.2056980056980057,0.8972822299651568,0.9532123857591052,0.41010214075836016,0.911219512195122,0.9134825327510917,0.9964417876458868,0.9753687726134149,0.6227382818065251,1.0,0.9483142936751184,0.9752242631354122,0.9730030615084887,0.4876103674166904,0.9920284697508897,0.9203231647861819,0.050555397322700084,0.3061594202898551,0.8076548364648574,0.7227900552486188,0.8616169977924945,0.8515452538631346,0.0,0.8832259871184542,0.8676841220946514,0.8792886150399104,0.46823165588979476,0.2923639431866123,0.8809857182861943,0.8823858863063567,0.8823858863063567,0.7584063294716021,0.6389595702572802,0.7491875088314257,0.4691654879773692,0.3247802665154522,0.7443832132259431,0.7560045210511444,0.7555806725063577,0.8168391994478951,0.6043105830339873,0.8060731538992408,0.47816473189607517,0.3442827442827443,0.7826567246616957,0.8133885438233265,0.813112491373361,0.8168391994478951,0.5201768933112216,0.8066252587991718,0.4145364101146884,0.3825773338881953,0.5212707182320442,0.8106280193236715,0.8149068322981367,0.19468400961402516,0.1917420814479638,0.18789763890852537,0.18127828054298642,0.07423147754639467,0.19468400961402516,0.19468400961402516,0.19468400961402516,0.9573104200763776,0.6880382775119617,0.9542474733679323,0.43991769547325105,0.3514552443712246,0.9368435411267222,0.9564920894708129,0.9560829241680305,0.9573104200763776,0.4660608563954289,0.9559465357337698,0.3392192026486412,0.5085839857162477,0.4346090308370044,0.9562193126022913,0.9573104200763776,0.0,0.0,0.0,0.0,0.0,0.0,0.0,0.0,0.0,0.0,0.0,0.0,0.0,0.0,0.0,0.0
ABL_PREPOST_MS_MS,0.9920284697508897,0.4303202846975089,0.9985761070767478,0.4303202846975089,1.0,1.0,0.9145763656633222,0.911219512195122,0.9162486064659978,0.7493028443948689,0.9110677446333983,0.04672108077680833,0.0469760900140647,0.06462489463332396,0.04643962848297214,0.04601745004221784,0.3045985093517086,0.2904386329043863,0.2605466012613875,0.3404430989404156,0.3873684210526316,0.3953684210526316,0.29473832301631964,0.3470742841333518,0.27466367713004486,0.3462226503371405,0.38190743338008415,0.42995508141493544,0.3597560975609756,0.39909103820480046,0.36141843971631205,0.31662643759761466,0.318175358817678,0.4064635535307517,0.29535744802050695,0.4542995444191344,0.7243243243243244,0.2786955283395044,0.7243243243243244,0.20683760683760682,0.22022792022792023,0.3178581600683566,0.23178436052225185,0.20103961787018826,0.2376153300212917,0.2606466315339695,0.2056980056980057,0.8972822299651568,0.9532123857591052,0.41010214075836016,0.911219512195122,0.9134825327510917,0.9964417876458868,0.9753687726134149,0.6227382818065251,1.0,0.9483142936751184,0.9752242631354122,0.9730030615084887,0.4876103674166904,0.9920284697508897,0.9203231647861819,0.050555397322700084,0.3061594202898551,0.8076548364648574,0.7227900552486188,0.8616169977924945,0.8515452538631346,0.0,0.8832259871184542,0.8676841220946514,0.8792886150399104,0.46823165588979476,0.2923639431866123,0.8809857182861943,0.8823858863063567,0.8823858863063567,0.7584063294716021,0.6389595702572802,0.7491875088314257,0.4691654879773692,0.3247802665154522,0.7443832132259431,0.7560045210511444,0.7555806725063577,0.8168391994478951,0.6043105830339873,0.8060731538992408,0.47816473189607517,0.3442827442827443,0.7826567246616957,0.8133885438233265,0.813112491373361,0.8168391994478951,0.5201768933112216,0.8066252587991718,0.4145364101146884,0.3825773338881953,0.5212707182320442,0.8106280193236715,0.8149068322981367,0.19468400961402516,0.1917420814479638,0.18789763890852537,0.18127828054298642,0.07423147754639467,0.19468400961402516,0.19468400961402516,0.19468400961402516,0.9573104200763776,0.6880382775119617,0.9542474733679323,0.43991769547325105,0.3514552443712246,0.9368435411267222,0.9564920894708129,0.9560829241680305,0.9573104200763776,0.4660608563954289,0.9559465357337698,0.3392192026486412,0.5085839857162477,0.4346090308370044,0.9562193126022913,0.9573104200763776,0.0,0.0,0.0,0.0,0.0,0.0,0.0,0.0,0.0,0.0,0.0,0.0,0.0,0.0,0.0,0.0
ABL_PREPOST_SAR_ALL,0.9084448160535117,0.4485884101040119,0.9142976588628763,0.4485884101040119,0.9145763656633222,0.9145763656633222,1.0,0.992868815926311,0.9976239976239977,0.8189514332392692,0.9924231169217056,0.06235119047619048,0.06324404761904762,0.0831845238095238,0.06205357142857143,0.06160714285714286,0.3360119047619048,0.2331967213114754,0.29332143388368287,0.2891862370289459,0.425639500297442,0.4339033457249071,0.325,0.2893047397896462,0.30888260675494716,0.29545144105996446,0.42003567181926277,0.4701159678858162,0.381823590658932,0.42079428826416776,0.38377976190476193,0.33501933948229695,0.33526699390153203,0.42326548804041003,0.30654982919946533,0.47340267459138186,0.7583283759666865,0.28936423054070115,0.7583283759666865,0.2162202380952381,0.23020833333333332,0.3300163374424476,0.2611607142857143,0.22767857142857142,0.25223081499107675,0.27186198691255203,0.21466825349598334,0.9803659080767515,0.9124266812167507,0.4552083333333333,0.992868815926311,0.8737028945931186,0.9133101045296167,0.8955122084299549,0.5479413817166783,0.9145763656633222,0.8673761768317643,0.8919710064120435,0.8929350791052919,0.41658522965238026,0.9084448160535117,0.8397217296412495,0.05327380952380952,0.23995627220552063,0.7308689128359024,0.6606192879552585,0.7995090016366612,0.7895526459356247,0.0,0.9529254529254529,0.9401874721023658,0.9490493166963755,0.5098214285714285,0.3230654761904762,0.9525791586145385,0.9526143790849673,0.9526143790849673,0.8038313038313039,0.6805534890641274,0.7944147355912062,0.5009671179883946,0.3461309523809524,0.7922928135694093,0.8018419489007724,0.8011287687509283,0.7750793431764869,0.5638650815593033,0.7648033126293996,0.43743951334162867,0.2995990598645099,0.7432955487973458,0.7721187025534851,0.7715981231024013,0.7750793431764869,0.4792645839093171,0.7648682213329654,0.37379043406137685,0.33665145859256185,0.4811998894111142,0.7688698771905617,0.773147509314199,0.21240517626059796,0.2091328276067232,0.20526550647032574,0.19812583668005354,0.08344489067380634,0.21240517626059796,0.21240517626059796,0.21240517626059796,0.9165302782324058,0.6464881115058759,0.9110626108307188,0.3935501503142935,0.3043181197048374,0.8994260726974583,0.9162346521145975,0.9158253751705321,0.9165302782324058,0.4141842033342443,0.9151663938897981,0.28573380705110685,0.4600983875375786,0.3831647991254441,0.9154391707583197,0.9165302782324058,0.0,0.0,0.0,0.0,0.0,0.0,0.0,0.0,0.0,0.0,0.0,0.0,0.0,0.0,0.0,0.0
ABL_ROLLING_SAR_ALL,0.9056182908127701,0.4457992565055762,0.9109407665505227,0.4457992565055762,0.911219512195122,0.911219512195122,0.992868815926311,1.0,0.9940591118372196,0.8183306055646481,0.9974630652141472,0.0621173659847693,0.06317204301075269,0.08269891028511718,0.06197729988052569,0.061529271206690564,0.3365183636906539,0.23250718882650964,0.2934944792599224,0.28898015058179327,0.42601431980906923,0.43344760769116114,0.3256682096461102,0.28751196826699493,0.3079331941544885,0.29508421196768453,0.41975860527492176,0.4690898257113064,0.38144944825529375,0.4188263330354483,0.3819672131147541,0.33392963625521765,0.3347748285117805,0.42088042831647826,0.3061801935964259,0.47194522994493227,0.7560285799345043,0.2887565152643336,0.7560285799345043,0.2165148573988353,0.2307347670250896,0.3293136817031413,0.2619865571321882,0.22746268656716417,0.24966502903081733,0.26931665922286735,0.21224307417336907,0.984468339307049,0.911487501707417,0.45697639677322976,1.0,0.8768155659084681,0.909952606635071,0.8917075831969449,0.5499369659616192,0.911219512195122,0.8653557285265602,0.889136801004044,0.8893889798145117,0.4173085002100546,0.9056182908127701,0.8386832399945363,0.052851597491788596,0.24047162051000823,0.7277936962750716,0.6613785557986871,0.796698048847046,0.7862501705087983,0.0,0.9490644490644491,0.9360309431716751,0.9448982622902123,0.5113500597371565,0.32432028682402153,0.9475560837914129,0.9484627951878806,0.9484627951878806,0.7999702999703,0.6809367541766109,0.7905525846702317,0.5022394744699911,0.3474753510606513,0.7892229830306638,0.797979797979798,0.797534165181224,0.7714916517179523,0.5643797643797643,0.7617009526439321,0.43841886269070734,0.30049944506104326,0.7423508237574415,0.7692626346313173,0.7687422338809885,0.7714916517179523,0.4797615747158303,0.7620099392600773,0.3739950097033546,0.3376803551609323,0.480675993904973,0.7662570757973216,0.7695598178556644,0.21124031007751937,0.20796064400715564,0.20444378168804056,0.19746457867263237,0.08376885172465283,0.21124031007751937,0.21124031007751937,0.21124031007751937,0.9129841789416258,0.6483411022758432,0.9072558647026732,0.394379712131597,0.30540318156884255,0.8956141549391994,0.9121658483360611,0.9120174601009412,0.9129841789416258,0.41546688605512133,0.911620294599018,0.2865761689291101,0.46173889193636863,0.3843411490470314,0.9118930714675395,0.9129841789416258,0.0,0.0,0.0,0.0,0.0,0.0,0.0,0.0,0.0,0.0,0.0,0.0,0.0,0.0,0.0,0.0
ABL_ROLLING_SAR_CARD,0.9101170568561873,0.4495099495099495,0.9159698996655519,0.4495099495099495,0.9162486064659978,0.9162486064659978,0.9976239976239977,0.9940591118372196,1.0,0.8204633204633205,0.9936135452250111,0.062240047534165184,0.06313131313131314,0.08303624480095069,0.06194295900178253,0.06149732620320856,0.3354129530600119,0.2328150572831424,0.29318283083320956,0.2897680763983629,0.4255161146591415,0.43419489007724305,0.3244206773618538,0.28918292183876687,0.30833209564829944,0.2954979536152797,0.4207634041289173,0.47036982028813307,0.38134838134838134,0.4204663597207783,0.38289024209119266,0.33481877599524656,0.3350660923808109,0.4244134244134244,0.3081378081378081,0.47452844200207933,0.7580213903743316,0.29076329076329077,0.7580213903743316,0.21583481877599525,0.2297979797979798,0.3316008316008316,0.2606951871657754,0.22727272727272727,0.25233922471409476,0.2719441556512699,0.2144660626763701,0.9795008912655971,0.9138025095471904,0.4543969102792632,0.9940591118372196,0.8735506752148411,0.9147157190635451,0.8968903436988543,0.5476721494284917,0.9162486064659978,0.8682487725040916,0.8931159420289855,0.8945717403164212,0.4160858656258712,0.9101170568561873,0.8411074740861975,0.05317884729649436,0.23956343792633014,0.7322695035460993,0.6624829467939972,0.8011456628477905,0.7914336379757195,0.0,0.9547074547074547,0.9387997623291741,0.9502524502524502,0.5089126559714795,0.3224896019013666,0.9526214169018268,0.9538164538164539,0.9538164538164539,0.8056133056133056,0.6795900178253119,0.7956637956637956,0.5002970885323826,0.345513963161022,0.791146761734997,0.803088803088803,0.8026433026433026,0.7767352007727335,0.5631469979296067,0.7662158432238476,0.43671497584541064,0.29910282953761214,0.7423050379572119,0.7732854974472195,0.7730095211811784,0.7767352007727335,0.47867494824016565,0.766524078929212,0.37336093857832986,0.3360938578329883,0.4806073153899241,0.7707700800441623,0.7748033669104457,0.21256684491978609,0.20929887106357695,0.2054367201426025,0.1983065953654189,0.08377896613190731,0.21256684491978609,0.21256684491978609,0.21256684491978609,0.9181669394435352,0.6454297407912688,0.9124386252045826,0.39290586630286495,0.3038199181446112,0.8979536152796725,0.9173486088379705,0.9169394435351882,0.9181669394435352,0.41350613915416096,0.9168030551009274,0.2852660300136426,0.45934515688949523,0.382537517053206,0.917075831969449,0.9181669394435352,0.0,0.0,0.0,0.0,0.0,0.0,0.0,0.0,0.0,0.0,0.0,0.0,0.0,0.0,0.0,0.0
ABL_ROLLING_SAR_COH,0.750244995100098,0.5167523488743131,0.7490239821528165,0.5167523488743131,0.7493028443948689,0.7493028443948689,0.8189514332392692,0.8183306055646481,0.8204633204633205,1.0,0.8181547619047619,0.07522603978300181,0.07631103074141049,0.09974701843151428,0.07486437613019892,0.07432188065099457,0.3215073841453064,0.22674600689007204,0.3259102156238954,0.18520114942528734,0.4141533277169335,0.448405896468975,0.3208290510448784,0.2908578584846587,0.3354408148928697,0.18935590302682542,0.4113774476704929,0.4898903358464702,0.3599261001007726,0.3714520098441345,0.3356401384083045,0.4037524806061699,0.40454709491158425,0.2909034939202709,0.2643831060857998,0.440151890374773,0.6050128340631133,0.25641886222520555,0.6050128340631133,0.21285838401390095,0.2367132867132867,0.26850792613172086,0.26095238095238094,0.22709094070596417,0.30310133429498737,0.32642393655371305,0.25666906993511174,0.8066775972574154,0.7511262798634812,0.4762723521320495,0.8183306055646481,0.7287527593818984,0.7497208263539922,0.7330150068212824,0.5015169902912622,0.7493028443948689,0.7222222222222222,0.7463676117929187,0.7304596917200927,0.39644416718652525,0.750244995100098,0.7108266072919566,0.06381055676066522,0.21432973805855163,0.5933471933471933,0.5635768190232094,0.6390330510789402,0.6319605965248324,0.0,0.789583956899132,0.7750973928678454,0.7864310319005542,0.462669498447966,0.29770734996628456,0.7874569675198324,0.7886860221490571,0.7886860221490571,0.7326795317937361,0.6322507674907093,0.7228991929102706,0.4864639037433155,0.31079953263228177,0.72187847056957,0.7299905093324898,0.7297895902547066,0.6956269068720035,0.5386954538543409,0.6850290697674418,0.4278622401489296,0.2795447458684128,0.6685664182376151,0.6927325581395349,0.6924418604651162,0.6956269068720035,0.4805356586733105,0.6863457903155445,0.37456774599182646,0.3283699059561129,0.480410447761194,0.692039004511716,0.6943313953488373,0.2451682176091625,0.24123120973514675,0.23702112423916935,0.22930849158007882,0.09392959770114942,0.2451682176091625,0.2451682176091625,0.2451682176091625,0.7538188761593017,0.5590980899037771,0.7511955185134581,0.35863005431502715,0.2803924574582247,0.7371155160628845,0.7530005455537371,0.7530695770804912,0.7538188761593017,0.37560096153846156,0.752694039012413,0.2574227119681665,0.4169278996865204,0.35390447308567097,0.7529668530896194,0.7538188761593017,0.0,0.0,0.0,0.0,0.0,0.0,0.0,0.0,0.0,0.0,0.0,0.0,0.0,0.0,0.0,0.0
ABL_ROLLING_SAR_SAR_ALL,0.9052000557646731,0.4457831325301205,0.9105226480836237,0.4457831325301205,0.9110677446333983,0.9110677446333983,0.9924231169217056,0.9974630652141472,0.9936135452250111,0.8181547619047619,1.0,0.06230389959659346,0.0632003585835948,0.08289768483943241,0.062005079934259674,0.061556850440759,0.3360704687966557,0.23243391316258047,0.29304685168606387,0.28892236067369576,0.4255668257756563,0.433855331841909,0.32581416193606216,0.2872777017783858,0.30787589498806683,0.2953829291683792,0.4195230998509687,0.469080613917449,0.3812080536912752,0.4192250372578241,0.3817260396482337,0.3334824090638044,0.33432746793915896,0.4212797619047619,0.3063170441001192,0.4725945784927018,0.7558433824624088,0.28869357962162967,0.7558433824624088,0.2164301717699776,0.23083818915284626,0.32946082812034555,0.26191543403555956,0.2271980892670548,0.24977658623771223,0.26943699731903487,0.21233795261510952,0.9840203106332138,0.9102949208083014,0.4571812882977134,0.9974630652141472,0.8769188596491229,0.9095344298856983,0.8912984178941625,0.550385423966363,0.9110677446333983,0.8649460603577769,0.8892453619751709,0.8889798145117294,0.41768249964971277,0.9052000557646731,0.8385245901639344,0.053032566477442485,0.24040043883708173,0.7273843634875153,0.6618773946360154,0.796043656207367,0.7858409493929887,0.0,0.9486189486189486,0.9352967425256582,0.9447415329768271,0.5111277072442121,0.32446570019429083,0.9471103847868073,0.948017228575672,0.948017228575672,0.7995247995247995,0.6804892601431981,0.7898410812416456,0.5015673981191222,0.34763114631594677,0.7885101949694895,0.797267191445121,0.79708853238265,0.7710776873188906,0.5641807596340449,0.7610436223081171,0.4384017758046615,0.3006245662734212,0.7419354838709677,0.7688483844241922,0.7685722176194422,0.7710776873188906,0.47955081103563013,0.761595803423523,0.3733887733887734,0.3378209576682859,0.48026042388142404,0.7658428827833771,0.7691458534566027,0.21079308288610615,0.2075134168157424,0.2038169077083644,0.1970171513795675,0.08364451082897685,0.21079308288610615,0.21079308288610615,0.21079308288610615,0.9125750136388434,0.648381788261108,0.9068466993998909,0.3941595832190842,0.30552887913294,0.8952042628774423,0.9117566830332787,0.9116082389851317,0.9125750136388434,0.4156378600823045,0.9112111292962357,0.28651762446852286,0.4619289340101523,0.3844993141289438,0.9114839061647573,0.9125750136388434,0.0,0.0,0.0,0.0,0.0,0.0,0.0,0.0,0.0,0.0,0.0,0.0,0.0,0.0,0.0,0.0
B0_single_s1_coh_drop_countM,0.04745714690466072,0.10761323482171539,0.0468815993242292,0.10761323482171539,0.04672108077680833,0.04672108077680833,0.06235119047619048,0.0621173659847693,0.062240047534165184,0.07522603978300181,0.06230389959659346,1.0,0.9357798165137615,0.7309734513274336,0.9532710280373832,0.9508196721311475,0.11681268251981644,0.03926801372474266,0.12131147540983607,0.057931963624115866,0.07073011734028684,0.0993421052631579,0.12343547690979716,0.03838517538054269,0.12533814247069433,0.05958721704394141,0.07253544345532476,0.09694189602446483,0.0690271816881259,0.027172195892575038,0.07262969588550984,0.011350737797956867,0.012869038607115822,0.0393026941362916,0.06895074946466809,0.04238754325259515,0.031571081636465534,0.06538289296909987,0.031571081636465534,0.09154518950437318,0.08980044345898004,0.05779194898365883,0.1352480417754569,0.1635820895522388,0.028141678796700632,0.026447788417692658,0.02983425414364641,0.06161065697850439,0.056818181818181816,0.11796849887495982,0.0621173659847693,0.058169375534645,0.04664599774520857,0.046143250688705235,0.033218291630716136,0.04672108077680833,0.04573775134522798,0.04768765307592566,0.045818382555892906,0.09261363636363637,0.04745714690466072,0.04859185758062162,0.7579185520361991,0.03315946348733234,0.04979457682826623,0.010843373493975903,0.02391562685680333,0.029900332225913623,0.0,0.05807846771702194,0.05875883739198743,0.05802047781569966,0.058645374449339205,0.04519774011299435,0.058222359863734904,0.05813234384662956,0.05813234384662956,0.010369858278603527,0.009704811969268095,0.008023722309436595,0.0074487895716946,0.0018248175182481751,0.010554089709762533,0.009875259875259876,0.009880395215808632,0.01015853470832692,0.008045052292839904,0.009181450357920945,0.0076260762607626075,0.005842259006815969,0.01057014734144779,0.01019777503090235,0.01004481532993355,0.01015853470832692,0.007787448465414567,0.008078297343482988,0.008876560332871012,0.0071791803769069695,0.007762557077625571,0.01022938623682579,0.01018047200370199,0.012035010940919038,0.012181616832779624,0.0027824151363383415,0.005157593123209169,0.0010183299389002036,0.012035010940919038,0.012035010940919038,0.012035010940919038,0.05714675395526459,0.0479489516864175,0.055738153930430016,0.05867970660146699,0.046114156723637535,0.05732572700709614,0.057049269823938854,0.05707263790278536,0.05714675395526459,0.03133757961783439,0.05664755664755665,0.03358829398071167,0.03738760056791292,0.03466016788518819,0.05677630681042719,0.05714675395526459,0.0,0.0,0.0,0.0,0.0,0.0,0.0,0.0,0.0,0.0,0.0,0.0,0.0,0.0,0.0,0.0
B0_single_s1_coh_max_dropM,0.047713436216905,0.10811677895412256,0.04713662586182637,0.10811677895412256,0.0469760900140647,0.0469760900140647,0.06324404761904762,0.06317204301075269,0.06313131313131314,0.07631103074141049,0.0632003585835948,0.9357798165137615,1.0,0.7508896797153025,0.9356321839080459,0.9287356321839081,0.11605657237936771,0.04036557501904037,0.12044817927170869,0.05781512605042017,0.0726857887874837,0.09950738916256158,0.12166809974204643,0.03865213082259663,0.12449438202247191,0.0591165725672534,0.07557755775577557,0.09810513447432763,0.0677361853832442,0.026796973518284993,0.07132667617689016,0.011325028312570781,0.010931021485111195,0.03889943074003795,0.06831767719897523,0.04261445436222286,0.03192085122269927,0.06473214285714286,0.03192085122269927,0.09122603137710633,0.08830022075055188,0.057233704292527825,0.13423517169614985,0.16230677764565993,0.028059990324141266,0.025442980463425715,0.026908292147171883,0.06284070260448213,0.05778447213473915,0.11917764214584002,0.06317204301075269,0.05917581634108085,0.04690140845070422,0.0463931718061674,0.03406640793445451,0.0469760900140647,0.04599490517973394,0.04794816414686825,0.045924700041373605,0.09214629997164729,0.047713436216905,0.04870224555263925,0.7284768211920529,0.033854166666666664,0.050607952678278015,0.012224517906336088,0.02541617122473246,0.030962090318682977,0.0,0.059005251776336115,0.05970149253731343,0.0589512876202296,0.06058936931974663,0.045509464357631896,0.05915144007432642,0.059059987631416205,0.059059987631416205,0.011406844106463879,0.010917913465426607,0.009246336357292394,0.009582113388341761,0.0032822757111597373,0.011609498680738786,0.011440457618304731,0.011446409989594173,0.011082037863629367,0.00925181013676589,0.00995798973082309,0.009598818606940684,0.006482982171799027,0.011531069827033953,0.011124845488257108,0.010972029052696647,0.011082037863629367,0.009161704076958314,0.009010408575423333,0.010540915395284327,0.007768150582611294,0.0091324200913242,0.011159330440173589,0.011105969458583989,0.015317286652078774,0.015503875968992248,0.0066815144766146995,0.007441327990841442,0.009183673469387756,0.015317286652078774,0.015317286652078774,0.015317286652078774,0.057965084560829244,0.049616928128420286,0.05670456101903849,0.05915875169606513,0.0463618802318094,0.058307820762593936,0.058012558012558016,0.05803632391096545,0.057965084560829244,0.03234020881079704,0.05746655746655747,0.0345514950166113,0.03905325443786982,0.03572395128552097,0.05759519585096219,0.057965084560829244,0.0,0.0,0.0,0.0,0.0,0.0,0.0,0.0,0.0,0.0,0.0,0.0,0.0,0.0,0.0,0.0
B0_single_s1_coh_max_dropX,0.0645753850501625,0.14816,0.06479269149683767,0.14816,0.06462489463332396,0.06462489463332396,0.0831845238095238,0.08269891028511718,0.08303624480095069,0.09974701843151428,0.08289768483943241,0.7309734513274336,0.7508896797153025,1.0,0.7213403880070547,0.7190812720848057,0.1277021617293835,0.05135730007336757,0.1322609472743521,0.0625,0.08626704725658103,0.12322580645161291,0.1353476821192053,0.0546975546975547,0.13181623014169172,0.06711624919717406,0.0962843295638126,0.12292859294968364,0.08008284432171212,0.041142155357691126,0.0809507406131588,0.02964860907759883,0.02177068214804064,0.054270736971939564,0.07372708757637475,0.058044519582981124,0.05378745579750605,0.06963906581740976,0.05378745579750605,0.09526401741970604,0.09232365145228216,0.06438095238095239,0.13934022648941408,0.1618464961067853,0.07112375533428165,0.06455921638468388,0.06031746031746032,0.08165734159987903,0.07554399890515943,0.11873840445269017,0.08269891028511718,0.07536973833902162,0.06457512661789533,0.06366886688668867,0.04272419627749577,0.06462489463332396,0.06165349887133183,0.06356722628784618,0.06264628941208866,0.09535586699642759,0.0645753850501625,0.06220095693779904,0.5920138888888888,0.04072883172561629,0.06684098708939369,0.02192386131883073,0.041771589394163824,0.04850858692377222,0.0,0.07970342910101946,0.0807541241162608,0.07973937325473161,0.06722013926084627,0.04597701149425287,0.07990089811087024,0.07977736549165121,0.07977736549165121,0.034566194262011754,0.03383004430124849,0.03046657381615599,0.029357798165137616,0.005927475592747559,0.034452452100544914,0.0339511519140828,0.03361053361053361,0.03170694166538402,0.0304,0.028566992702996428,0.02616279069767442,0.009663341645885287,0.03216514642342775,0.03151065801668211,0.03136103815850456,0.03170694166538402,0.031583730970234036,0.027592621299023408,0.03678287125995059,0.010954165465552033,0.03735763097949886,0.031288723667905825,0.030980271270036993,0.0886214442013129,0.08849557522123894,0.07292817679558011,0.07308781869688386,0.017210144927536232,0.0886214442013129,0.0886214442013129,0.0886214442013129,0.07624113475177305,0.055197132616487454,0.0747637957003971,0.06292785676671933,0.044766903365236185,0.07575757575757576,0.0761566807697557,0.07604095563139932,0.07624113475177305,0.03381881017032831,0.07561075474273236,0.03604465709728868,0.040478380864765406,0.03636839351125065,0.07573689956331878,0.07624113475177305,0.0,0.0,0.0,0.0,0.0,0.0,0.0,0.0,0.0,0.0,0.0,0.0,0.0,0.0,0.0,0.0
B0_single_s1_coh_running_minM,0.04717382065448364,0.10697076774815291,0.04660002815711671,0.10697076774815291,0.04643962848297214,0.04643962848297214,0.06205357142857143,0.06197729988052569,0.06194295900178253,0.07486437613019892,0.062005079934259674,0.9532710280373832,0.9356321839080459,0.7213403880070547,1.0,0.9832935560859188,0.11691022964509394,0.039297977871041584,0.12037470725995317,0.05832771409305462,0.07182500816193274,0.09796186719263643,0.1240276577355229,0.03806686527639854,0.12342342342342343,0.06068689563187729,0.074000660720185,0.09700122399020808,0.0694593626924454,0.027189377173569396,0.073450376209244,0.009829867674858222,0.012495266944339266,0.03801076971808679,0.06718014548566538,0.04241200230813618,0.03100485618229361,0.06448723690103,0.03100485618229361,0.0935672514619883,0.09111111111111111,0.05657370517928287,0.13479623824451412,0.1651705565529623,0.02667313288069835,0.02506836827711942,0.029297954671088998,0.06195092396243562,0.05697849609642515,0.11840411840411841,0.06197729988052569,0.05803507771281905,0.0463641488162345,0.045867768595041325,0.03234152652005175,0.04643962848297214,0.045454545454545456,0.04739951015703789,0.04554236820314656,0.09266628766344515,0.04717382065448364,0.04830001459214942,0.753393665158371,0.03318419090231171,0.05015622430521296,0.01084710743801653,0.023618538324420676,0.02944285067190095,0.0,0.057769539697250544,0.0584446190102121,0.057710207880856346,0.058969413061449434,0.045234248788368334,0.0579126664602044,0.05782312925170068,0.05782312925170068,0.010024196335983409,0.009300444803881924,0.00749912800837112,0.006916733173716414,0.0018261504747991235,0.010202286719437115,0.009878682842287694,0.009883821744407838,0.009850700323226104,0.007642799678197908,0.008399440037330844,0.008126077320856932,0.005846053913608314,0.010249839846252402,0.009888751545117428,0.009735744089012517,0.009850700323226104,0.007329363261566651,0.007454573691567014,0.008321775312066574,0.0074850299401197605,0.0073059360730593605,0.009919404835709857,0.009871972852074657,0.010940919037199124,0.01107419712070875,0.0011123470522803114,0.0028620492272467086,0.0,0.010940919037199124,0.010940919037199124,0.010940919037199124,0.05687397708674304,0.04834884145228973,0.05560882070949185,0.0589994562262099,0.046143917392707325,0.05704744677890636,0.05692055692055692,0.05694387546087669,0.05687397708674304,0.03109072375127421,0.05637455637455637,0.03361064891846922,0.03765095903386218,0.03467894879436467,0.05650334379691552,0.05687397708674304,0.0,0.0,0.0,0.0,0.0,0.0,0.0,0.0,0.0,0.0,0.0,0.0,0.0,0.0,0.0,0.0
B0_single_s1_coh_running_minX,0.04674883127921802,0.10600706713780919,0.04617767140644798,0.10600706713780919,0.04601745004221784,0.04601745004221784,0.06160714285714286,0.061529271206690564,0.06149732620320856,0.07432188065099457,0.061556850440759,0.9508196721311475,0.9287356321839081,0.7190812720848057,0.9832935560859188,1.0,0.11659005432511492,0.038946162657502864,0.12106992022524636,0.058029689608636977,0.07224583197123242,0.09769736842105263,0.12224622030237581,0.03776084796290162,0.12409747292418773,0.060393727060393726,0.07300958044268252,0.09608323133414932,0.06838524883637666,0.02721518987341772,0.07199140401146131,0.009458948164964056,0.011359333585762969,0.03804692454026633,0.06726649528706084,0.04124603403518892,0.030444527456107585,0.06457399103139014,0.030444527456107585,0.09245172615564658,0.09005002779321845,0.056641404068607897,0.13500784929356358,0.16476932294787297,0.02521823472356935,0.023701002734731084,0.027639579878385848,0.06165732464778064,0.05656759348034516,0.11923944569771189,0.061529271206690564,0.05775812892184826,0.04594137542277339,0.045454545454545456,0.032808115691776385,0.04601745004221784,0.045029736618521665,0.04696729577870624,0.04512834667402705,0.09181353041500853,0.04674883127921802,0.04786225010944112,0.746606334841629,0.033221351250466595,0.05018098058571899,0.010852713178294573,0.023629068212215783,0.029145273331319842,0.0,0.05730614766759345,0.0579732914375491,0.05724480297859137,0.05931034482758621,0.04528912252325111,0.05744812635490864,0.05735930735930736,0.05735930735930736,0.009505703422053232,0.008693894055802669,0.007854773957060569,0.007190412782956059,0.0018281535648994515,0.009674582233948988,0.009358752166377816,0.00936362059996532,0.00938894874557488,0.007039420756234915,0.008089607965152458,0.007883715200788372,0.004871711594673595,0.009769378603459321,0.00942521631644005,0.00927213722763097,0.00938894874557488,0.006642235455794778,0.0074580484773151025,0.00776914539400666,0.005984440454817474,0.006621004566210046,0.009454432734035957,0.009409224124633657,0.009299781181619256,0.009413067552602437,0.0016722408026755853,0.0028669724770642203,0.0010235414534288639,0.009299781181619256,0.009299781181619256,0.009299781181619256,0.05646481178396072,0.048566733613291946,0.05519791809341186,0.05962428532534713,0.046188630490956076,0.056630026436621676,0.056511056511056514,0.0565342072920934,0.05646481178396072,0.031377551020408165,0.055965055965055965,0.03364423717521652,0.03816974869606449,0.03470715835140998,0.05609389927664801,0.05646481178396072,0.0,0.0,0.0,0.0,0.0,0.0,0.0,0.0,0.0,0.0,0.0,0.0,0.0,0.0,0.0,0.0
B0_single_s1_vh_kurtosis,0.30612533597397085,0.18013392857142857,0.30450070323488043,0.18013392857142857,0.3045985093517086,0.3045985093517086,0.3360119047619048,0.3365183636906539,0.3354129530600119,0.3215073841453064,0.3360704687966557,0.11681268251981644,0.11605657237936771,0.1277021617293835,0.11691022964509394,0.11659005432511492,1.0,0.14125,0.2153316106804479,0.1750825861255309,0.2528117359413203,0.3113135914958238,0.3196672608437314,0.1585195530726257,0.2283933125531312,0.175561797752809,0.26352357320099257,0.3147564817058396,0.2057942057942058,0.22267595484025943,0.2205399949533182,0.2422907488986784,0.25906302286670385,0.15322217214961695,0.09635811836115327,0.24321860041030316,0.35461906514538094,0.09416342412451362,0.35461906514538094,0.20722186076772933,0.21955128205128205,0.11461175886876705,0.18377581120943953,0.1830106183635228,0.21262254901960784,0.23714458560193588,0.18118022328548644,0.33857553304097987,0.3082398029017246,0.26746126340882004,0.3365183636906539,0.30897526501766787,0.30525426116354415,0.2983759977979631,0.2600266109104733,0.3045985093517086,0.3000704721634954,0.30698608521015636,0.29782249173098124,0.20292001692763437,0.30612533597397085,0.296136722677007,0.08547717842323652,0.16054353296426774,0.2749108941577561,0.23332800255877179,0.2569454440765798,0.2571138211382114,0.0,0.34213778189681804,0.3474709393653786,0.3418565008523167,0.279027902790279,0.21110199617172545,0.3429854444100341,0.3424551638837353,0.3424551638837353,0.2939888870180165,0.2933939049782321,0.29293957909029195,0.26683179464084666,0.19530638852672752,0.2968536251709986,0.29439567859554355,0.2941077156846193,0.26345864661654134,0.25041065887935754,0.2629343043544227,0.21643779463004714,0.15212319178721417,0.26832684824902725,0.26388050694025345,0.2633881430079952,0.26345864661654134,0.22960189199842335,0.26239199636198274,0.19798731131043534,0.16831238779174149,0.23406354845075983,0.2642965204236006,0.26382401687509416,0.16152392947103275,0.16228209191759113,0.15844734330257715,0.1553054662379421,0.06813020439061317,0.16152392947103275,0.16152392947103275,0.16152392947103275,0.3079650845608292,0.27149321266968324,0.3050847457627119,0.2052952300903551,0.17553191489361702,0.3086522462562396,0.30803876074791864,0.3081649371927908,0.3079650845608292,0.20437806873977088,0.3076713076713077,0.15854800936768149,0.21733176838810642,0.20476798637718177,0.307765797734407,0.3079650845608292,0.0,0.0,0.0,0.0,0.0,0.0,0.0,0.0,0.0,0.0,0.0,0.0,0.0,0.0,0.0,0.0
B0_single_s1_vh_max,0.2900625434329395,0.2018018018018018,0.2903404373097149,0.2018018018018018,0.2904386329043863,0.2904386329043863,0.2331967213114754,0.23250718882650964,0.2328150572831424,0.22674600689007204,0.23243391316258047,0.03926801372474266,0.04036557501904037,0.05135730007336757,0.039297977871041584,0.038946162657502864,0.14125,1.0,0.09178990311065782,0.25882352941176473,0.14904486894713462,0.15147512109202993,0.13266078184110972,0.38878143133462284,0.11608961303462322,0.2555087893042832,0.15736154885186854,0.1639030612244898,0.09990978800180424,0.17543458371454712,0.12554710896106888,0.1328862394436165,0.13166377386560874,0.12841231709980344,0.11495422177009156,0.14574224443056424,0.17414038979559499,0.11497256336556048,0.17414038979559499,0.09365910413030831,0.10082833476149672,0.11816838995568685,0.0832,0.09067652075042638,0.1597684515195369,0.16198764738910723,0.11633442427848854,0.23316708229426433,0.31512662559890486,0.206927575348628,0.23250718882650964,0.3153433173212772,0.29052369077306733,0.3114368690360946,0.30531665363565286,0.2904386329043863,0.31494611457742483,0.2915961646926114,0.31126194763817705,0.2975786377008373,0.2900625434329395,0.3183204997820718,0.03054911059551431,0.2672648178357803,0.27637260950030845,0.313864906043677,0.3125560538116592,0.3138201569100785,0.0,0.19176213857064922,0.18976692869948972,0.1910819313363425,0.14522572912504994,0.11061507936507936,0.19153005464480874,0.1919191919191919,0.1919191919191919,0.17788607980505636,0.16683621566632756,0.17646156206843638,0.1460016155088853,0.11049856184084372,0.175211701308699,0.1781679389312977,0.17770992366412214,0.28708498324703013,0.29528815468368685,0.2875595878825158,0.29383783783783785,0.28332475553268144,0.28535591094386953,0.28739495798319326,0.28728606356968217,0.28708498324703013,0.2972972972972973,0.28738281850315045,0.3006120527306968,0.28799019607843135,0.29911358482787054,0.28768382352941174,0.28730546231309123,0.10689961504293752,0.10760059612518628,0.10479041916167664,0.10430563978168587,0.04819277108433735,0.10689961504293752,0.10689961504293752,0.10689961504293752,0.3146481178396072,0.3160978972768011,0.3144774688398849,0.3219835466179159,0.339598016183764,0.3141709378030198,0.31490581490581493,0.31503482179434655,0.3146481178396072,0.3357335733573357,0.3147187329328236,0.3440947000269034,0.3293768545994065,0.3385697538100821,0.3148122866894198,0.3146481178396072,0.0,0.0,0.0,0.0,0.0,0.0,0.0,0.0,0.0,0.0,0.0,0.0,0.0,0.0,0.0,0.0
B0_single_s1_vh_median,0.2618074157620189,0.2488145744946344,0.2604429492570788,0.2488145744946344,0.2605466012613875,0.2605466012613875,0.29332143388368287,0.2934944792599224,0.29318283083320956,0.3259102156238954,0.29304685168606387,0.12131147540983607,0.12044817927170869,0.1322609472743521,0.12037470725995317,0.12106992022524636,0.2153316106804479,0.09178990311065782,1.0,0.10621761658031088,0.19177744953225012,0.24821610601427116,0.21714954638571846,0.1368370065391136,0.3740250932519498,0.11087669948429442,0.2423146473779385,0.2771293767072262,0.5645438898450946,0.15358771298296137,0.2963279248505551,0.2409037558685446,0.22453703703703703,0.20905226306576644,0.22565033272837265,0.23589866156787762,0.23095652173913042,0.23199749530369443,0.23095652173913042,0.11916421808684297,0.12740076824583868,0.23496626576708712,0.3814814814814815,0.25582228591902545,0.18243243243243243,0.1896875,0.2532063026749725,0.291289933694997,0.2689834450677247,0.25724275724275725,0.2934944792599224,0.2707714083510262,0.26094890510948904,0.25528120713305896,0.23247232472324722,0.2605466012613875,0.2555820811683752,0.26385110952040086,0.25432573468827246,0.22856493063452354,0.2618074157620189,0.25874730021598275,0.08511627906976744,0.1276374055743683,0.24866394215655455,0.22712256359431782,0.2425,0.2403376277210129,0.0,0.29842446709916587,0.29791894852135814,0.29800092980009296,0.2832026609645997,0.21797884841363102,0.29856059433524224,0.29809921186833566,0.29809921186833566,0.25245346869712354,0.2435921777102715,0.25106600716356814,0.2218156871712783,0.1930651872399445,0.25210084033613445,0.2523316940817365,0.2526726624809095,0.22624981120676635,0.2058013585459886,0.22557536960829142,0.18292172457095018,0.1576722208405869,0.22275765583709,0.2259921235989094,0.22606060606060607,0.22624981120676635,0.19670484227446253,0.22525129454766982,0.16382787987449574,0.17186384194239468,0.1878233187425388,0.22537562604340566,0.22635799667120593,0.12224052718286656,0.1220159151193634,0.11821511821511821,0.11824324324324324,0.06995364517488412,0.12224052718286656,0.12224052718286656,0.12224052718286656,0.26936715766503,0.26257562662057043,0.2681357788119354,0.22100313479623823,0.17849251166216548,0.2709981951964459,0.26924126637554585,0.26900504981574996,0.26936715766503,0.20309145556032632,0.2692150170648464,0.16280229369234606,0.2157183790421613,0.19542018674966652,0.26931476931476933,0.26936715766503,0.0,0.0,0.0,0.0,0.0,0.0,0.0,0.0,0.0,0.0,0.0,0.0,0.0,0.0,0.0,0.0
B0_single_s1_vh_min,0.3358589337374294,0.11518324607329843,0.34035232590145886,0.11518324607329843,0.3404430989404156,0.3404430989404156,0.2891862370289459,0.28898015058179327,0.2897680763983629,0.18520114942528734,0.28892236067369576,0.057931963624115866,0.05781512605042017,0.0625,0.05832771409305462,0.058029689608636977,0.1750825861255309,0.25882352941176473,0.10621761658031088,1.0,0.18114563517226803,0.13535800482703136,0.1548964218455744,0.24451052150045746,0.12336142322097378,0.5306919642857143,0.17289423685877137,0.15106507719366816,0.1804595137184921,0.24222768955490942,0.20204081632653062,0.12325056433408578,0.12316715542521994,0.2583408476104599,0.15527202696196438,0.19724863443253085,0.2940300975690425,0.12602212602212604,0.2940300975690425,0.1354364971444112,0.13206046141607,0.15844823556905818,0.1529745042492918,0.14516563425801238,0.1303680981595092,0.13793103448275862,0.11986025262026337,0.28727373220947905,0.3709986320109439,0.1534317637669593,0.28898015058179327,0.36319035604149147,0.3387451843698404,0.3616728573393864,0.25406647807637905,0.3404430989404156,0.35250593326818375,0.3285694463715832,0.3615819209039548,0.22319474835886213,0.3358589337374294,0.3419601187950785,0.030789825970548863,0.3496410529114597,0.3804002541296061,0.3350751143043762,0.3645941534352278,0.3596125186289121,0.0,0.29425904977375567,0.29152978145979147,0.29312544294826365,0.2179080824088748,0.17818444497953287,0.2936429279343055,0.29395954166077237,0.29395954166077237,0.2965791567223548,0.2708115639150122,0.2962309542902967,0.22782258064516128,0.2178528347406514,0.29285140562248996,0.29552333917476503,0.2954581673306773,0.3675767391639673,0.3215898825654923,0.36629353233830847,0.3035241393359136,0.2920353982300885,0.36066350710900474,0.36667181944659144,0.36720804331013146,0.3675767391639673,0.293266448003087,0.36670293797606096,0.28487994808565864,0.28164556962025317,0.29872389791183296,0.3652685342826188,0.3673154155081866,0.09577836411609499,0.09401483050847458,0.09437483337776593,0.09059139784946237,0.05051150895140665,0.09577836411609499,0.09577836411609499,0.09577836411609499,0.3712493180578287,0.3422807602534178,0.3700054734537493,0.311336717428088,0.30028129395218,0.3705190311418685,0.37117903930131,0.37114387114387115,0.3712493180578287,0.30437461491065926,0.3713817586018569,0.28588403041825095,0.31014890282131663,0.30214756538379756,0.3712803712803713,0.3712493180578287,0.0,0.0,0.0,0.0,0.0,0.0,0.0,0.0,0.0,0.0,0.0,0.0,0.0,0.0,0.0,0.0
B0_single_s1_vh_skewness,0.38703312191684286,0.27514600908500975,0.38747718657868874,0.27514600908500975,0.3873684210526316,0.3873684210526316,0.425639500297442,0.42601431980906923,0.4255161146591415,0.4141533277169335,0.4255668257756563,0.07073011734028684,0.0726857887874837,0.08626704725658103,0.07182500816193274,0.07224583197123242,0.2528117359413203,0.14904486894713462,0.19177744953225012,0.18114563517226803,1.0,0.3076575559069347,0.2625,0.18351345624072896,0.24823232323232322,0.18801434901878034,0.3333333333333333,0.3323029366306028,0.2612529002320186,0.27244305493523896,0.24742268041237114,0.24543906592070056,0.24163839069316528,0.25377709656229475,0.21628937007874016,0.29198635976129583,0.38398749565821466,0.21013039117352056,0.38398749565821466,0.17046070460704607,0.182475884244373,0.2267917267917268,0.20119573693787368,0.19100514765646168,0.2307277628032345,0.2441737288135593,0.18793055938275008,0.42448426441800935,0.39126864650335297,0.2964989059080963,0.42601431980906923,0.382987668161435,0.38738232401292677,0.37901675363911014,0.30185285123223604,0.3873684210526316,0.37664519742369085,0.3858548410095537,0.37876495667721083,0.24762093576526567,0.38703312191684286,0.37183138706921104,0.04573467401881284,0.1693548387096774,0.3573513596558611,0.32147395171537485,0.35499782387929785,0.3491046731693114,0.0,0.43605189990732157,0.43240293154529863,0.4354089219330855,0.3313584426576386,0.25329684000995273,0.43535416022270335,0.43601236476043276,0.43601236476043276,0.38934494890266375,0.3673281881661154,0.38741777702816665,0.3190859077443927,0.23208353108685334,0.3849535080304311,0.38905673044645855,0.3892527287993283,0.34880239520958084,0.29993028929940746,0.3461944235116805,0.2577854671280277,0.18580286508445584,0.34371643394199786,0.3480870217554389,0.3479891956782713,0.34880239520958084,0.272913180888641,0.3478129713423831,0.22983626440266827,0.20198470126111226,0.27527881040892194,0.34771497294046905,0.3485234597511617,0.17952237167169915,0.17606602475928473,0.17831392124237383,0.17411961989938513,0.08578664134219689,0.17952237167169915,0.17952237167169915,0.17952237167169915,0.39088925259138024,0.33621392466981903,0.38951977014639483,0.24661033601886423,0.19987349778621125,0.3883360972913212,0.3912093912093912,0.39098976109215017,0.39088925259138024,0.2483182779165866,0.3906633906633907,0.18721949134430435,0.27041100985679745,0.2370238800078942,0.39055676855895194,0.39088925259138024,0.0,0.0,0.0,0.0,0.0,0.0,0.0,0.0,0.0,0.0,0.0,0.0,0.0,0.0,0.0,0.0
B0_single_s1_vh_std,0.3968388371436636,0.2591495663211339,0.39547943282324866,0.2591495663211339,0.3953684210526316,0.3953684210526316,0.4339033457249071,0.43344760769116114,0.43419489007724305,0.448405896468975,0.433855331841909,0.0993421052631579,0.09950738916256158,0.12322580645161291,0.09796186719263643,0.09769736842105263,0.3113135914958238,0.15147512109202993,0.24821610601427116,0.13535800482703136,0.3076575559069347,1.0,0.3074756784434204,0.1976225854383358,0.2916559028674761,0.15168084244633454,0.3155850091407678,0.4419981060606061,0.24219810040705564,0.22655583972719523,0.26482758620689656,0.29231153270094856,0.3028169014084507,0.19557577010543725,0.14810562571756603,0.29970263381478335,0.431935771632471,0.15219443133553562,0.431935771632471,0.1788793103448276,0.19518716577540107,0.16908431550317315,0.21285973554576096,0.20416441319632234,0.25590872045639773,0.276510067114094,0.2273110424276482,0.4302675082657048,0.39734827774740294,0.31241772707327775,0.43344760769116114,0.39019607843137255,0.39656869638588105,0.38722527472527474,0.3194645441389291,0.3953684210526316,0.3854020734099187,0.3961725221365324,0.38565145684442004,0.25073862517234585,0.3968388371436636,0.3803418803418803,0.07573770491803279,0.15470459518599564,0.35321868817531576,0.29294644235221484,0.33708025042686396,0.34004024144869216,0.0,0.4448563484708063,0.44534792806880374,0.44379064725921336,0.3260233918128655,0.22924710424710426,0.4450634478489632,0.44459898006490495,0.44459898006490495,0.3932921742032371,0.3674995440452307,0.3883674153536708,0.309261186264308,0.19703534777651083,0.3943542934415145,0.39277954203576804,0.39274368834643036,0.35247613365155134,0.2992221261884183,0.3513229104028863,0.251896813353566,0.15908150599917253,0.3499770255781896,0.3521758636159713,0.35167464114832536,0.35247613365155134,0.2778086248380529,0.34969233078193007,0.23066132264529057,0.18894289185905225,0.28158577250833644,0.3510032943995208,0.3515974917885936,0.21011673151750973,0.21073225265511458,0.20380206877271456,0.1960674157303371,0.081575682382134,0.21011673151750973,0.21011673151750973,0.21011673151750973,0.3986633933442444,0.32562248995983933,0.39502800163912033,0.2347608024691358,0.1893234016139044,0.39563475618179306,0.39822646657571625,0.3980079137672261,0.3986633933442444,0.23134749107310656,0.3982530367135253,0.17185216120275632,0.25054466230936817,0.22482571649883812,0.39833515283842796,0.3986633933442444,0.0,0.0,0.0,0.0,0.0,0.0,0.0,0.0,0.0,0.0,0.0,0.0,0.0,0.0,0.0,0.0
B0_single_s1_vv_kurtosis,0.2958404074702886,0.19099840073109436,0.29427486284990856,0.19099840073109436,0.29473832301631964,0.29473832301631964,0.325,0.3256682096461102,0.3244206773618538,0.3208290510448784,0.32581416193606216,0.12343547690979716,0.12166809974204643,0.1353476821192053,0.1240276577355229,0.12224622030237581,0.3196672608437314,0.13266078184110972,0.21714954638571846,0.1548964218455744,0.2625,0.3074756784434204,1.0,0.16654770402093744,0.2251293847038528,0.1647834274952919,0.2652546646495209,0.3169291338582677,0.21182768289574305,0.21042471042471042,0.21226775260880631,0.24418278665545276,0.2580736543909348,0.14324569356300998,0.10503112033195021,0.2336620041274937,0.3405077262693157,0.10242085661080075,0.3405077262693157,0.19245901639344262,0.20822538860103626,0.11901747277791846,0.19399818126705062,0.18506700701978301,0.2114784778540237,0.23303653669020571,0.17824675324675324,0.32818883340898775,0.2981111415275116,0.2685700459714493,0.3256682096461102,0.2994342291371994,0.2951951528814992,0.28819157720891825,0.25839892493760797,0.29473832301631964,0.28891393153965345,0.2976737507179782,0.2874466032795921,0.2087462300732443,0.2958404074702886,0.28772838440512155,0.08958422631804544,0.14915168397062548,0.26461920272995193,0.22698795180722892,0.24935064935064935,0.2501820299985438,0.0,0.3307074451652765,0.33521745956979115,0.33080142613548286,0.2615246233415786,0.205703211517165,0.33152678847940537,0.33101422387136675,0.33101422387136675,0.28239258635214826,0.28229937393284005,0.2808149405772496,0.2527075812274368,0.1868421052631579,0.2861791402637438,0.2825536226988684,0.28291363866824404,0.2530845621426422,0.2409815052188244,0.251896813353566,0.21673240606186422,0.1474404340646379,0.2579841096744041,0.2530938726230003,0.2526029877772748,0.2530845621426422,0.22588983893418174,0.2519338692552707,0.19751718022611395,0.163718820861678,0.2303863002787734,0.25329096686336816,0.2532408803135363,0.16612903225806452,0.16655844155844157,0.16264667535853977,0.15985497692814765,0.07051032333463186,0.16612903225806452,0.16612903225806452,0.16612903225806452,0.2978723404255319,0.2574058577405858,0.29550116231368795,0.20084835630965006,0.17609767551068325,0.29875173370319,0.2979391292479869,0.2978839590443686,0.2978723404255319,0.2000412881915772,0.29757029757029757,0.1552868658131816,0.2123422712933754,0.20232458028411537,0.2976661662344752,0.2978723404255319,0.0,0.0,0.0,0.0,0.0,0.0,0.0,0.0,0.0,0.0,0.0,0.0,0.0,0.0,0.0,0.0
B0_single_s1_vv_max,0.3478865406006674,0.23639492363949235,0.34717033347170334,0.23639492363949235,0.3470742841333518,0.3470742841333518,0.2893047397896462,0.28751196826699493,0.28918292183876687,0.2908578584846587,0.2872777017783858,0.03838517538054269,0.03865213082259663,0.0546975546975547,0.03806686527639854,0.03776084796290162,0.1585195530726257,0.38878143133462284,0.1368370065391136,0.24451052150045746,0.18351345624072896,0.1976225854383358,0.16654770402093744,1.0,0.11018518518518519,0.26161988034974687,0.19522169608265175,0.20808536835624872,0.14307326561486924,0.21973192704900021,0.11419558359621451,0.16600234466588512,0.16944770857814337,0.15220983064849236,0.13006597549481622,0.17899142914092087,0.22755806654111738,0.13347868217054262,0.22755806654111738,0.11253333333333333,0.11646165925150484,0.14042357274401474,0.10907288051561725,0.08254777070063694,0.1995114006514658,0.21198402130492677,0.14773980154355015,0.28721492743607463,0.3700259811294954,0.23938223938223938,0.28751196826699493,0.37026074700493306,0.34704334579698104,0.36841377402848846,0.34484066767830046,0.3470742841333518,0.3712303553730709,0.3498801297419264,0.3685231366029371,0.3234280792420327,0.3478865406006674,0.3723958333333333,0.03151190077103587,0.27558461151621827,0.32136882129277566,0.3610324729392173,0.3615225118483412,0.36058481277040133,0.0,0.2479541734860884,0.24830824471758045,0.24726477024070023,0.17203890902155256,0.13273106323835998,0.24781420765027323,0.24764633647155138,0.24764633647155138,0.23837032532684707,0.22588235294117648,0.2362662586074981,0.19119373776908025,0.14399092970521543,0.2375019227811106,0.23785594639865998,0.23815328355934787,0.34737002128306477,0.34189759588915397,0.3478060754832771,0.3330554397665694,0.3050519700265893,0.34615384615384615,0.3472560975609756,0.3471565787467602,0.34737002128306477,0.34,0.3477994172672903,0.33176312247644685,0.30847379358115906,0.34065495207667734,0.3474938875305624,0.3479055597867479,0.1307901907356948,0.1303395399780942,0.12909441233140656,0.12517346655564807,0.06005812076202777,0.1307901907356948,0.1307901907356948,0.1307901907356948,0.3708401527550464,0.35670937289278487,0.36996988776348205,0.3436686903729402,0.3420479302832244,0.3693456909669387,0.3707696506550218,0.3707343707343707,0.3708401527550464,0.3561204870754112,0.3705978705978706,0.34930139720558884,0.35936546674801706,0.3572062084257206,0.37068377234884675,0.3708401527550464,0.0,0.0,0.0,0.0,0.0,0.0,0.0,0.0,0.0,0.0,0.0,0.0,0.0,0.0,0.0,0.0
B0_single_s1_vv_median,0.2758280479210712,0.2545454545454545,0.27474067844126715,0.2545454545454545,0.27466367713004486,0.27466367713004486,0.30888260675494716,0.3079331941544885,0.30833209564829944,0.3354408148928697,0.30787589498806683,0.12533814247069433,0.12449438202247191,0.13181623014169172,0.12342342342342343,0.12409747292418773,0.2283933125531312,0.11608961303462322,0.3740250932519498,0.12336142322097378,0.24823232323232322,0.2916559028674761,0.2251293847038528,0.11018518518518519,1.0,0.11569486056695091,0.19430933852140078,0.2928272122257826,0.3049705139005897,0.16714217784117927,0.5740365111561866,0.23884439359267734,0.2631885747595453,0.20591108939912067,0.21853916104429452,0.2383748238609676,0.24934748564468417,0.22630619684082626,0.24934748564468417,0.13760876571060265,0.14901712111604312,0.22779043280182232,0.2773333333333333,0.3621601208459215,0.20786696514230893,0.21171729696218228,0.2793316382128587,0.30607019129386953,0.2825878812747914,0.2675222112537019,0.3079331941544885,0.2837551251237099,0.27490878473196745,0.2689248491497532,0.23714504988488105,0.27466367713004486,0.27026267734232334,0.276991276991277,0.26815872579980776,0.23159543522040724,0.2758280479210712,0.27270110807310405,0.09143881667413715,0.12690742624618515,0.26053579821400596,0.2309578293559987,0.24923301680058438,0.24860088365243005,0.0,0.31417979610750696,0.3147017379051198,0.31401115933044016,0.30033081285444235,0.2366812227074236,0.31455108359133127,0.3144712430426716,0.3144712430426716,0.2641509433962264,0.2550943396226415,0.26264855687606115,0.23273715191306316,0.18935710426796326,0.2646053980184489,0.2644823509542307,0.2644027707383004,0.23679855573943132,0.2125068169423741,0.2352851941747573,0.18810654552963038,0.14958917351377476,0.2359236854350861,0.23657211828605915,0.23627036813518407,0.23679855573943132,0.19865453106450337,0.23401999394122994,0.16042077580539119,0.16616384311905313,0.1910553158101216,0.2346723044397463,0.23599397590361446,0.13674659753726506,0.13550488599348534,0.131458469587966,0.12905360688285902,0.07488807488807489,0.13674659753726506,0.13674659753726506,0.13674659753726506,0.283278777959629,0.273164861612515,0.28262357935095167,0.2328007101642255,0.19853300733496332,0.2851589615438012,0.2833356080251126,0.2832764505119454,0.283278777959629,0.20075757575757575,0.2833151283451666,0.1531575127026373,0.2166733789770439,0.19160504567203132,0.28323778323778326,0.283278777959629,0.0,0.0,0.0,0.0,0.0,0.0,0.0,0.0,0.0,0.0,0.0,0.0,0.0,0.0,0.0,0.0
B0_single_s1_vv_min,0.3418297051529347,0.12202208018593841,0.3457622454595487,0.12202208018593841,0.3462226503371405,0.3462226503371405,0.29545144105996446,0.29508421196768453,0.2954979536152797,0.18935590302682542,0.2953829291683792,0.05958721704394141,0.0591165725672534,0.06711624919717406,0.06068689563187729,0.060393727060393726,0.175561797752809,0.2555087893042832,0.11087669948429442,0.5306919642857143,0.18801434901878034,0.15168084244633454,0.1647834274952919,0.26161988034974687,0.11569486056695091,1.0,0.18201013513513514,0.15453483845854418,0.18087226034978968,0.2516215611719973,0.19825072886297376,0.12159141707644167,0.11901047470470247,0.2592924317062248,0.15152235965746907,0.19823080016083636,0.30399469583954913,0.12129124139568004,0.30399469583954913,0.14189006227998918,0.13957176843774782,0.1571759259259259,0.1536890477406178,0.14476139696081045,0.14373558800922367,0.15101427498121714,0.11792828685258964,0.2957629465522016,0.37599124965818975,0.148973954222573,0.29508421196768453,0.3683104511067526,0.34507914659325534,0.3678271638915646,0.2557198169658571,0.3462226503371405,0.35609756097560974,0.334211986681465,0.36718104160925874,0.2175024582104228,0.3418297051529347,0.34770927601809953,0.03445990722332671,0.3532522474881015,0.38421302900618165,0.3340909090909091,0.36535619272834763,0.36343350193394824,0.0,0.30019796380090497,0.30161914314371685,0.3007380073800738,0.21396352225926651,0.17388201712654613,0.3001416430594901,0.3004528729125389,0.3004528729125389,0.29995238850976036,0.27413194444444444,0.2996320588705807,0.22297566812923814,0.21277102692399333,0.29813863928112966,0.3003499840916322,0.300079554494829,0.3706724111401754,0.3198780050233226,0.3687800341032398,0.2980652962515115,0.2891309495619228,0.36621941594317287,0.37062181762073754,0.3701018204257945,0.3706724111401754,0.29140340800306336,0.36855151045701007,0.2812165345898479,0.2764245810055866,0.29806030343768003,0.36922601575776304,0.37020489909104914,0.1010498687664042,0.09931506849315068,0.09796134498279058,0.09306666666666667,0.04358733145186579,0.1010498687664042,0.1010498687664042,0.1010498687664042,0.3769776322967812,0.33768595041322313,0.37650602409638556,0.3028595282821958,0.29494902687673774,0.3782397782397782,0.37728637728637726,0.37706484641638227,0.3769776322967812,0.2962287104622871,0.37674037674037675,0.27974653837127433,0.30104408352668216,0.2953781512605042,0.3768254401528593,0.3769776322967812,0.0,0.0,0.0,0.0,0.0,0.0,0.0,0.0,0.0,0.0,0.0,0.0,0.0,0.0,0.0,0.0
B0_single_s1_vv_skewness,0.3827177896814209,0.2740112994350282,0.38162692847124824,0.2740112994350282,0.38190743338008415,0.38190743338008415,0.42003567181926277,0.41975860527492176,0.4207634041289173,0.4113774476704929,0.4195230998509687,0.07253544345532476,0.07557755775577557,0.0962843295638126,0.074000660720185,0.07300958044268252,0.26352357320099257,0.15736154885186854,0.2423146473779385,0.17289423685877137,0.3333333333333333,0.3155850091407678,0.2652546646495209,0.19522169608265175,0.19430933852140078,0.18201013513513514,1.0,0.3394331622405713,0.24919093851132687,0.26360392506690455,0.23867276887871852,0.24644781969622734,0.24565696109615856,0.24622455679579777,0.2036764705882353,0.29232747535362197,0.3825117575335307,0.20422004521477016,0.3825117575335307,0.17195188627665392,0.18533549783549783,0.2202696196437169,0.21305841924398625,0.17850391574399135,0.22673160173160173,0.24062749268811487,0.188281033046376,0.41774436090225564,0.3853725222146275,0.29658965896589656,0.41975860527492176,0.3765743073047859,0.38172118489400536,0.37386769146307985,0.3080973129992738,0.38190743338008415,0.3721646597591711,0.3814888762122076,0.3736082474226804,0.2524504900980196,0.3827177896814209,0.36746902150690786,0.04827586206896552,0.16662918821677536,0.34994632725042174,0.3186953062848051,0.3435334872979215,0.34112692419401686,0.0,0.4311090515909793,0.42719052073589026,0.43067389620449265,0.3212325875897003,0.24471524496393932,0.43018401113344673,0.430845309843919,0.430845309843919,0.38375209380234504,0.35895084372707264,0.3820205768257716,0.31370472357551366,0.23770688414487887,0.38024357239512857,0.38368580060422963,0.38341447037099213,0.3438108067654543,0.3064204045734389,0.34157371118480556,0.2593810444874275,0.18529664660361134,0.3357317819963258,0.3430843084308431,0.343187274909964,0.3438108067654543,0.27813203300825207,0.34217666566174254,0.23008130081300812,0.2101297614064462,0.2769259536275243,0.34330827067669173,0.3435251798561151,0.17915399502350013,0.17730299667036625,0.17563423473654866,0.17370495495495494,0.08182107609041707,0.17915399502350013,0.17915399502350013,0.17915399502350013,0.38652482269503546,0.33186490455212925,0.3853311439518336,0.23934812487728255,0.1984328674290555,0.3827671913835957,0.3864628820960699,0.38624266411901187,0.38652482269503546,0.25617103984450923,0.38648464163822527,0.18876452862677573,0.275609756097561,0.24595404595404596,0.3863791456257677,0.38652482269503546,0.0,0.0,0.0,0.0,0.0,0.0,0.0,0.0,0.0,0.0,0.0,0.0,0.0,0.0,0.0,0.0
B0_single_s1_vv_std,0.4312120784535064,0.28808979422157555,0.4298750526463569,0.28808979422157555,0.42995508141493544,0.42995508141493544,0.4701159678858162,0.4690898257113064,0.47036982028813307,0.4898903358464702,0.469080613917449,0.09694189602446483,0.09810513447432763,0.12292859294968364,0.09700122399020808,0.09608323133414932,0.3147564817058396,0.1639030612244898,0.2771293767072262,0.15106507719366816,0.3323029366306028,0.4419981060606061,0.3169291338582677,0.20808536835624872,0.2928272122257826,0.15453483845854418,0.3394331622405713,1.0,0.2731306856001775,0.24558854058542662,0.26837342749944826,0.31124546553808946,0.30189584833213345,0.2153225806451613,0.16997546285969217,0.31923714759535654,0.4536028119507909,0.1761467889908257,0.4536028119507909,0.17792505735406577,0.1945781606283253,0.1929785824685361,0.22523643603782978,0.208955223880597,0.2770199370409234,0.2976901116013496,0.24507422402159243,0.4655457138567783,0.43122778233524744,0.31900021181952976,0.4690898257113064,0.42211968680089484,0.4310223597243707,0.42126957955482275,0.3348087818696884,0.42995508141493544,0.4203223545900491,0.4309581607882336,0.4195189003436426,0.2771107668474051,0.4312120784535064,0.4148390771859869,0.07565588773642465,0.16645542881284325,0.3850234955282704,0.3203675344563553,0.36475583864118893,0.3662193032552827,0.0,0.482700030892802,0.4815740162398501,0.48058177317035433,0.3418803418803419,0.23302540415704387,0.4822892498066512,0.4817732468334878,0.4817732468334878,0.4320226591136288,0.40170166545981173,0.4265640682502509,0.33170334148329256,0.21548672566371682,0.4309299191374663,0.43014338112704237,0.4313136371223502,0.38715924325934753,0.32893835616438355,0.3833707865168539,0.2715957644436188,0.1747689835275211,0.3826312576312576,0.38549903028494703,0.38623469692445506,0.38715924325934753,0.3026603498542274,0.3831411888007187,0.24677860210855135,0.2058359621451104,0.3042607428987618,0.38603051151660184,0.3861061419200954,0.21698862132839375,0.21696357351768147,0.20908607863974496,0.20529978586723768,0.08646288209606987,0.21698862132839375,0.21698862132839375,0.21698862132839375,0.4320785597381342,0.34851610855419773,0.4279082468596395,0.24433626661673843,0.1997997997997998,0.42947920983561266,0.43126022913256956,0.4314367580843226,0.4320785597381342,0.2485304922850845,0.4316910058687048,0.17823375578354456,0.2678634909349449,0.23798756359525156,0.4317685589519651,0.4320785597381342,0.0,0.0,0.0,0.0,0.0,0.0,0.0,0.0,0.0,0.0,0.0,0.0,0.0,0.0,0.0,0.0
B1_PWTT_VH_exact,0.35871886120996443,0.2733682055947237,0.35947249007373794,0.2733682055947237,0.3597560975609756,0.3597560975609756,0.381823590658932,0.38144944825529375,0.38134838134838134,0.3599261001007726,0.3812080536912752,0.0690271816881259,0.0677361853832442,0.08008284432171212,0.0694593626924454,0.06838524883637666,0.2057942057942058,0.09990978800180424,0.5645438898450946,0.1804595137184921,0.2612529002320186,0.24219810040705564,0.21182768289574305,0.14307326561486924,0.3049705139005897,0.18087226034978968,0.24919093851132687,0.2731306856001775,1.0,0.1964562569213732,0.38228187919463086,0.25985897101070776,0.23864511162432642,0.3056023082471748,0.2854771784232365,0.2919560833520054,0.3291183093712108,0.2717574396406513,0.3291183093712108,0.1507437070938215,0.15419119708438464,0.29375336564351107,0.4042207792207792,0.24961901859189273,0.19842829076620824,0.20668859649122806,0.26257861635220126,0.37908201655379986,0.349835886214442,0.2573151664060755,0.38144944825529375,0.34376754632229084,0.3595457771469127,0.35229637852088247,0.26637474913336984,0.3597560975609756,0.34765404183154325,0.35602244927327675,0.35031228313671064,0.24625935162094764,0.35871886120996443,0.34442044636429087,0.07647058823529412,0.16406619385342788,0.3407128277594599,0.3025974025974026,0.33866193013617524,0.33656138259833135,0.0,0.39962680765044317,0.398458392323423,0.39844115354637566,0.34048736865638274,0.2365675534689619,0.39975073999065275,0.39934660858743,0.39934660858743,0.35404673213681004,0.33103576751117736,0.35070686424799863,0.28472522717438337,0.25249424405218723,0.35066712281902157,0.35391923990498814,0.35363991175971493,0.31571795258946095,0.2659950512548604,0.31246200607902735,0.2297244094488189,0.1937244201909959,0.3079301283042201,0.31472234831290663,0.3148176176782201,0.31571795258946095,0.23954588457899717,0.31087847064178425,0.19809563237424963,0.20244061887121378,0.23332707120045088,0.3128880811752234,0.3155905035536065,0.1350354609929078,0.13394129381590197,0.12685290763968074,0.12828662236347876,0.0710868079289132,0.1350354609929078,0.1350354609929078,0.1350354609929078,0.3505182760501909,0.3154038301415487,0.35049993151623066,0.23478971008574928,0.17563739376770537,0.35135135135135137,0.35043668122270744,0.35002729257641924,0.3505182760501909,0.21716080895346554,0.3495225102319236,0.16349557522123895,0.23464953712450407,0.20209339774557167,0.34979536152796725,0.3505182760501909,0.0,0.0,0.0,0.0,0.0,0.0,0.0,0.0,0.0,0.0,0.0,0.0,0.0,0.0,0.0,0.0
B1_PWTT_VV+VH,0.39720757942726886,0.2553009209680874,0.3990056818181818,0.2553009209680874,0.39909103820480046,0.39909103820480046,0.42079428826416776,0.4188263330354483,0.4204663597207783,0.3714520098441345,0.4192250372578241,0.027172195892575038,0.026796973518284993,0.041142155357691126,0.027189377173569396,0.02721518987341772,0.22267595484025943,0.17543458371454712,0.15358771298296137,0.24222768955490942,0.27244305493523896,0.22655583972719523,0.21042471042471042,0.21973192704900021,0.16714217784117927,0.2516215611719973,0.26360392506690455,0.24558854058542662,0.1964562569213732,1.0,0.19738880283248506,0.23867510959571359,0.242431640625,0.3076039512979554,0.24499112351001776,0.31071972167862577,0.3901541695865452,0.23984476067270374,0.3901541695865452,0.19525801952580196,0.20500825536598788,0.2560733763014378,0.15570672713529857,0.12800620636152055,0.3037974683544304,0.3156558533145275,0.2223492426407545,0.4180833458703174,0.38566739606126915,0.24756459127488353,0.4188263330354483,0.37571688348020704,0.3981244671781756,0.39038621839399834,0.3089224059603852,0.39909103820480046,0.3833121558661584,0.3941269612782496,0.3911166805903648,0.2518,0.39720757942726886,0.38134983450856236,0.03202846975088968,0.1968612970228479,0.3807656102918105,0.34995112414467255,0.3727688449623838,0.36623261319917133,0.0,0.44036697247706424,0.43583307185440856,0.44063036355125607,0.32108929702343253,0.26020151133501257,0.44034267912772584,0.4405539993775288,0.4405539993775288,0.4139702105803801,0.3831932773109244,0.4119269217511203,0.3281919451585261,0.2846824408468244,0.41166291745976813,0.4127528282482002,0.41199657240788345,0.3687099725526075,0.3074484944532488,0.36430542778288866,0.2565637065637066,0.20824199912319158,0.35914615144904954,0.36865443425076455,0.3675122249388753,0.3687099725526075,0.27345794392523365,0.3663852647735994,0.2224691856940796,0.22147083685545224,0.27393170367605896,0.36852589641434264,0.36824427480916033,0.16094771241830066,0.15747816593886463,0.15542763157894737,0.1507870753935377,0.07741116751269035,0.16094771241830066,0.16094771241830066,0.16094771241830066,0.3862520458265139,0.3218334953028831,0.3850574712643678,0.21020329881089375,0.18520846427823173,0.3828729281767956,0.3863791456257677,0.3863481228668942,0.3862520458265139,0.24633487654320987,0.3858332195987444,0.17493083634815917,0.26597131681877445,0.22910094637223974,0.38610618261225604,0.3862520458265139,0.0,0.0,0.0,0.0,0.0,0.0,0.0,0.0,0.0,0.0,0.0,0.0,0.0,0.0,0.0,0.0
B1_PWTT_VV_exact,0.35961292158815994,0.27165532879818594,0.36113475177304966,0.27165532879818594,0.36141843971631205,0.36141843971631205,0.38377976190476193,0.3819672131147541,0.38289024209119266,0.3356401384083045,0.3817260396482337,0.07262969588550984,0.07132667617689016,0.0809507406131588,0.073450376209244,0.07199140401146131,0.2205399949533182,0.12554710896106888,0.2963279248505551,0.20204081632653062,0.24742268041237114,0.26482758620689656,0.21226775260880631,0.11419558359621451,0.5740365111561866,0.19825072886297376,0.23867276887871852,0.26837342749944826,0.38228187919463086,0.19738880283248506,1.0,0.221379833206975,0.2476780185758514,0.31313375181071945,0.2728266812465828,0.28276321634828966,0.3439468159552134,0.2622358175750834,0.3439468159552134,0.15995397008055237,0.16586606385984742,0.2861341170184344,0.2631885747595453,0.38723835246455096,0.2012914093206064,0.2038755458515284,0.2686002522068096,0.38064419024683926,0.3514363885088919,0.2487264673311185,0.3819672131147541,0.34371055952881785,0.36120971177055233,0.3537330002775465,0.25928610255481066,0.36141843971631205,0.34778311211522167,0.3567318757192175,0.35212440988614274,0.2429635761589404,0.35961292158815994,0.3453289189578235,0.08057395143487858,0.16399244926852288,0.34023204766384446,0.288992297817715,0.3332842415316642,0.3327396853665776,0.0,0.4010262789612813,0.4023006618342263,0.40028067986901605,0.3479236812570146,0.25594923320994184,0.4015895278167368,0.4014007782101167,0.4014007782101167,0.345546218487395,0.32041343669250644,0.3426348723152376,0.27235772357723576,0.23148380617624906,0.3439306358381503,0.3460825610783488,0.34580384226491406,0.3083845807709614,0.2534078993358965,0.3051026570048309,0.21405006792159906,0.1707479964381122,0.30267609966164255,0.30738012926499325,0.30707951300165337,0.3083845807709614,0.22205663189269748,0.30295269659536006,0.1811328443357783,0.17871614416719983,0.21808412080785622,0.3041779380823565,0.3070688878883386,0.14342743085258056,0.14171199541941024,0.1355689309257667,0.1344927536231884,0.07233026270897305,0.14342743085258056,0.14342743085258056,0.14342743085258056,0.3517457719585379,0.3173413293353323,0.3528444139821796,0.2462962962962963,0.1976950354609929,0.35391231964483905,0.35184932441654154,0.3516243516243516,0.3517457719585379,0.20403413498836306,0.35167235494880544,0.14821272885789014,0.2245508982035928,0.18576526566217288,0.3515763614030299,0.3517457719585379,0.0,0.0,0.0,0.0,0.0,0.0,0.0,0.0,0.0,0.0,0.0,0.0,0.0,0.0,0.0,0.0
B2_CCD_exact_vh,0.31767561393489435,0.20177434030937216,0.3165293950582221,0.20177434030937216,0.31662643759761466,0.31662643759761466,0.33501933948229695,0.33392963625521765,0.33481877599524656,0.4037524806061699,0.3334824090638044,0.011350737797956867,0.011325028312570781,0.02964860907759883,0.009829867674858222,0.009458948164964056,0.2422907488986784,0.1328862394436165,0.2409037558685446,0.12325056433408578,0.24543906592070056,0.29231153270094856,0.24418278665545276,0.16600234466588512,0.23884439359267734,0.12159141707644167,0.24644781969622734,0.31124546553808946,0.25985897101070776,0.23867510959571359,0.221379833206975,1.0,0.49420337860218616,0.10286823377183524,0.08031928161636319,0.27128528108234196,0.3733432891543774,0.07609805924412666,0.3733432891543774,0.17310126582278482,0.2001894537417114,0.08561064087061669,0.16506829410055215,0.14251207729468598,0.3555022283167638,0.38227334235453314,0.3334534967555876,0.3313271140535661,0.3064405852591276,0.24835526315789475,0.33392963625521765,0.3034356519290341,0.31674722775092407,0.30954034161921956,0.2723257153831381,0.31662643759761466,0.31301623469097123,0.3211954156390541,0.30808782657031686,0.1894891122278057,0.31767561393489435,0.31195462478184993,0.017926734216679657,0.16363636363636364,0.2719257540603248,0.2753143613500993,0.27267424905220183,0.2722328384536234,0.0,0.35048981495879333,0.3521526573095726,0.3502340093603744,0.28973660308810173,0.200488334237656,0.3509428081658096,0.3508171206225681,0.3508171206225681,0.41533075363921135,0.4129939995861784,0.4120919881305638,0.38404726735598227,0.2544508353875651,0.41920988578917806,0.41480524275429204,0.4147737765466297,0.3668619791666667,0.3502267797278643,0.3639344262295082,0.30466344038715354,0.20488400488400488,0.37282993426597,0.3670204081632653,0.3669170476812541,0.3668619791666667,0.32914090812193564,0.36347256347256346,0.27701283547257877,0.2370986920332937,0.32929164007657946,0.36710310965630116,0.3668079556569938,0.22874291430476826,0.22508361204013377,0.21965124077800133,0.22282793867120954,0.1094488188976378,0.22874291430476826,0.22874291430476826,0.22874291430476826,0.30741953082378615,0.28026338004389667,0.30721818928913847,0.19791013584117031,0.16651355075792376,0.3084604715672677,0.30749283472089534,0.3074402730375427,0.30741953082378615,0.2159983464241422,0.3074822501365374,0.15006979990693345,0.22856578427499014,0.21765339074273413,0.3075767918088737,0.30741953082378615,0.0,0.0,0.0,0.0,0.0,0.0,0.0,0.0,0.0,0.0,0.0,0.0,0.0,0.0,0.0,0.0
B2_CCD_exact_vv,0.31961120640365925,0.19430637144148216,0.31807845366685616,0.19430637144148216,0.318175358817678,0.318175358817678,0.33526699390153203,0.3347748285117805,0.3350660923808109,0.40454709491158425,0.33432746793915896,0.012869038607115822,0.010931021485111195,0.02177068214804064,0.012495266944339266,0.011359333585762969,0.25906302286670385,0.13166377386560874,0.22453703703703703,0.12316715542521994,0.24163839069316528,0.3028169014084507,0.2580736543909348,0.16944770857814337,0.2631885747595453,0.11901047470470247,0.24565696109615856,0.30189584833213345,0.23864511162432642,0.242431640625,0.2476780185758514,0.49420337860218616,1.0,0.08895509682911258,0.06696208764155588,0.25964425964425963,0.38293874483276963,0.06463014390305478,0.38293874483276963,0.18948380891311317,0.21533546325878594,0.07284451874850728,0.1551972358191765,0.1581039755351682,0.3238541318166611,0.35982707016960425,0.30628087508821455,0.33157815555889875,0.3064935064935065,0.2591189009947892,0.3347748285117805,0.30220784699760933,0.31811068430786743,0.3112315818737837,0.28003089996137503,0.318175358817678,0.3160673515981735,0.32220609579100146,0.3092324805339266,0.19386683469859273,0.31961120640365925,0.3146853146853147,0.021085513471300273,0.16704631738800305,0.2680746107599815,0.27517777410286093,0.27107293638084146,0.2715523571743281,0.0,0.3509563053957394,0.35241248817407755,0.35049134300421153,0.29630474452554745,0.20489795918367346,0.351199750701153,0.351284046692607,0.351284046692607,0.41588354523677906,0.4112786614335881,0.41264836795252224,0.3803680981595092,0.25424192665571976,0.418443696221474,0.41588180978762695,0.4150664697193501,0.3673502604166667,0.35001970831690976,0.36353211009174313,0.3058978873239437,0.20679540454656564,0.3703329969727548,0.36706381589685,0.3667373918720418,0.3673502604166667,0.325260250690461,0.362847790507365,0.2804022450888681,0.23399715504978663,0.3273885350318471,0.36714659685863876,0.3675199739116256,0.23015343562374915,0.22855227882037535,0.21943048576214405,0.223016683690841,0.11457921770051363,0.23015343562374915,0.23015343562374915,0.23015343562374915,0.3078286961265685,0.2762449528936743,0.3081666209920526,0.20205407671347725,0.17530064754856614,0.30742587974508173,0.3079022792411628,0.3078498293515358,0.3078286961265685,0.21536237869089409,0.3078918623702895,0.151839776432231,0.22697692762768684,0.21882403618350205,0.3078078078078078,0.3078286961265685,0.0,0.0,0.0,0.0,0.0,0.0,0.0,0.0,0.0,0.0,0.0,0.0,0.0,0.0,0.0,0.0
B3_logratio_BAEI,0.40219560878243515,0.3227762803234501,0.4059786476868327,0.3227762803234501,0.4064635535307517,0.4064635535307517,0.42326548804041003,0.42088042831647826,0.4244134244134244,0.2909034939202709,0.4212797619047619,0.0393026941362916,0.03889943074003795,0.054270736971939564,0.03801076971808679,0.03804692454026633,0.15322217214961695,0.12841231709980344,0.20905226306576644,0.2583408476104599,0.25377709656229475,0.19557577010543725,0.14324569356300998,0.15220983064849236,0.20591108939912067,0.2592924317062248,0.24622455679579777,0.2153225806451613,0.3056023082471748,0.3076039512979554,0.31313375181071945,0.10286823377183524,0.08895509682911258,1.0,0.568297331639136,0.3257443082311734,0.2969055374592834,0.566460838479038,0.2969055374592834,0.08041082164328657,0.06116060679027209,0.6174603174603175,0.21993127147766323,0.1919630735813196,0.13123294467873978,0.121414913957935,0.12844036697247707,0.411044776119403,0.38759901666211416,0.18498498498498497,0.42088042831647826,0.36872051068553985,0.4054977923372739,0.3969933184855234,0.24715419110037945,0.4064635535307517,0.37966863240662735,0.39194611636572085,0.3965709506551436,0.24052880820836622,0.40219560878243515,0.3723449750534569,0.0407503234152652,0.14367185786356657,0.4321167883211679,0.34378535639243574,0.42221545025140944,0.42083461184412396,0.0,0.44472088322189396,0.42946122703207723,0.4434226932668329,0.2912900575184881,0.2234922178988327,0.44245723172628304,0.4440124416796267,0.4440124416796267,0.3578567917417663,0.29102274700468833,0.3568834598877517,0.23180379746835442,0.23065970574276223,0.34571757356567484,0.3557377049180328,0.355690390291899,0.32023460410557186,0.21384364820846904,0.316325025807403,0.1725560538116592,0.16118214210857262,0.293952387993494,0.31772820663340184,0.3174346932785442,0.32023460410557186,0.18684941013185288,0.316720731347685,0.14679245283018869,0.16720257234726688,0.1758147512864494,0.31537219204228456,0.3187619187325803,0.09969246540235777,0.09799382716049383,0.0975168132436627,0.089893478825669,0.043266301035953685,0.09969246540235777,0.09969246540235777,0.09969246540235777,0.3900709219858156,0.2900126023944549,0.3883189714129394,0.20838894184938037,0.15011126846044912,0.37893146545804146,0.389252591380251,0.38922237380627556,0.3900709219858156,0.20300333704115683,0.3892754809660254,0.1589390142021721,0.22399569583931134,0.1687196715192236,0.3895483694910629,0.3900709219858156,0.0,0.0,0.0,0.0,0.0,0.0,0.0,0.0,0.0,0.0,0.0,0.0,0.0,0.0,0.0,0.0
B3_logratio_BSI,0.29295814883588056,0.36123700346574245,0.29544159544159543,0.36123700346574245,0.29535744802050695,0.29535744802050695,0.30654982919946533,0.3061801935964259,0.3081378081378081,0.2643831060857998,0.3063170441001192,0.06895074946466809,0.06831767719897523,0.07372708757637475,0.06718014548566538,0.06726649528706084,0.09635811836115327,0.11495422177009156,0.22565033272837265,0.15527202696196438,0.21628937007874016,0.14810562571756603,0.10503112033195021,0.13006597549481622,0.21853916104429452,0.15152235965746907,0.2036764705882353,0.16997546285969217,0.2854771784232365,0.24499112351001776,0.2728266812465828,0.08031928161636319,0.06696208764155588,0.568297331639136,1.0,0.26968456537442814,0.14751478344254434,0.8543867707854846,0.14751478344254434,0.042528056704075605,0.039586919104991396,0.8411614005123825,0.2345360824742268,0.20033277870216307,0.11811722912966252,0.10205807724837891,0.11738578680203046,0.29708302169035156,0.2825878812747914,0.1769019248395967,0.3061801935964259,0.2693974556130295,0.29415954415954415,0.2880011135857461,0.20433320881583864,0.29535744802050695,0.27979054627795075,0.28897228637413397,0.28922389726409825,0.23518850987432674,0.29295814883588056,0.2804401331982047,0.07174295774647887,0.0878958998281365,0.3244444444444444,0.28274569919945497,0.30909369259032454,0.3111660995978967,0.0,0.3229668791789768,0.3065193714018982,0.32200218306564793,0.23247480403135498,0.17901748542880933,0.3206842923794712,0.3220338983050847,0.3220338983050847,0.24012559907453312,0.19296987087517933,0.23929345109148475,0.1627162075592569,0.17601495726495728,0.2303473491773309,0.23854425144747726,0.23927802616327207,0.21468676122931443,0.14329790881042168,0.2135618479880775,0.12098188194038574,0.1203485633537447,0.19352905931695627,0.21314387211367672,0.21392592592592594,0.21468676122931443,0.12896011926947448,0.21433894768221792,0.09287925696594428,0.12794612794612795,0.10742294364399052,0.21269652921981608,0.21441254809115123,0.05345345345345345,0.05349048050770626,0.05167173252279635,0.05211224175146469,0.04140378548895899,0.05345345345345345,0.05345345345345345,0.05345345345345345,0.283278777959629,0.2198978751441278,0.28174603174603174,0.16530312565554856,0.11790193842645381,0.27471770862021483,0.2824604473540644,0.28222616287000407,0.283278777959629,0.15482695810564662,0.2826146288209607,0.11904202864522188,0.17594394706111327,0.12505133470225874,0.28288755458515286,0.283278777959629,0.0,0.0,0.0,0.0,0.0,0.0,0.0,0.0,0.0,0.0,0.0,0.0,0.0,0.0,0.0,0.0
B3_logratio_IBI,0.453,0.3094236432477913,0.4544289376246084,0.3094236432477913,0.4542995444191344,0.4542995444191344,0.47340267459138186,0.47194522994493227,0.47452844200207933,0.440151890374773,0.4725945784927018,0.04238754325259515,0.04261445436222286,0.058044519582981124,0.04241200230813618,0.04124603403518892,0.24321860041030316,0.14574224443056424,0.23589866156787762,0.19724863443253085,0.29198635976129583,0.29970263381478335,0.2336620041274937,0.17899142914092087,0.2383748238609676,0.19823080016083636,0.29232747535362197,0.31923714759535654,0.2919560833520054,0.31071972167862577,0.28276321634828966,0.27128528108234196,0.25964425964425963,0.3257443082311734,0.26968456537442814,1.0,0.43606160235334834,0.26372549019607844,0.43606160235334834,0.18385536032594857,0.19863532979529946,0.28696682464454976,0.2046228710462287,0.1724137931034483,0.21549155908639522,0.2326550625153224,0.2168327215521762,0.46710624906338977,0.4340756934007378,0.2812371978697255,0.47194522994493227,0.4234473133286811,0.4537683430688132,0.44436707979390055,0.3256832515767344,0.4542995444191344,0.43652813118461975,0.4481913820435221,0.44421199442119946,0.2673172598545733,0.453,0.43167121712889783,0.04714201532115498,0.18387372013651876,0.4163189615206305,0.37105721984466633,0.4030760301799187,0.39694323144104804,0.0,0.4969678121598507,0.4894349663484113,0.4953256466188844,0.34402273188552873,0.25309362596310997,0.49587548638132295,0.49603483128595866,0.49603483128595866,0.4588056166469294,0.418583424607521,0.45510204081632655,0.34756723465407513,0.2697171763623822,0.45203612199693305,0.4574089754445385,0.45739454514653566,0.4091732045866023,0.33259195893926435,0.4056761268781302,0.27679732491175923,0.20558063192449733,0.39520958083832336,0.4070996978851964,0.40764812575574366,0.4091732045866023,0.29385253290066704,0.40585647094522836,0.242300987797792,0.22830867652938824,0.2921832884097035,0.40811998182093623,0.4085485576196949,0.17228274638966304,0.16937531742001016,0.1663270504330107,0.1641829393627955,0.07336568655438196,0.17228274638966304,0.17228274638966304,0.17228274638966304,0.4358974358974359,0.34931940487496044,0.43545516769336073,0.23113816638996496,0.18804262036306235,0.4290042693843823,0.43527486018278544,0.43506139154160983,0.4358974358974359,0.24931356397583745,0.4362965997541991,0.17841409691629956,0.2692307692307692,0.23304055316763223,0.43617747440273036,0.4358974358974359,0.0,0.0,0.0,0.0,0.0,0.0,0.0,0.0,0.0,0.0,0.0,0.0,0.0,0.0,0.0,0.0
B3_logratio_MNDWI,0.7180654338549075,0.28163908589440506,0.7242851045667947,0.28163908589440506,0.7243243243243244,0.7243243243243244,0.7583283759666865,0.7560285799345043,0.7580213903743316,0.6050128340631133,0.7558433824624088,0.031571081636465534,0.03192085122269927,0.05378745579750605,0.03100485618229361,0.030444527456107585,0.35461906514538094,0.17414038979559499,0.23095652173913042,0.2940300975690425,0.38398749565821466,0.431935771632471,0.3405077262693157,0.22755806654111738,0.24934748564468417,0.30399469583954913,0.3825117575335307,0.4536028119507909,0.3291183093712108,0.3901541695865452,0.3439468159552134,0.3733432891543774,0.38293874483276963,0.2969055374592834,0.14751478344254434,0.43606160235334834,1.0,0.12971849008317338,1.0,0.23791540785498488,0.2559017941454202,0.17483189241114314,0.19874147876245413,0.17857142857142858,0.24825688073394495,0.28568780126066,0.21147086031452358,0.7549887471867966,0.6934735117422174,0.35132450331125825,0.7560285799345043,0.669562818921528,0.7234950903657322,0.7099289792508007,0.44552944766554775,0.7243243243243244,0.6879720279720279,0.7016794762311415,0.7063735040356248,0.29971049824775253,0.7180654338549075,0.6573582798101089,0.03624288425047438,0.25348798117330645,0.6109413647606576,0.5038461538461538,0.6171252968291661,0.6080514397539838,0.0,0.7935002332452185,0.8011668243456322,0.79217946720673,0.4542199488491049,0.29154829545454547,0.7949197444288608,0.7942412451361868,0.7942412451361868,0.7787162162162162,0.6934383202099738,0.771288302014559,0.5153846153846153,0.34510229947492305,0.7745448358005785,0.7782476319350473,0.7771389922218465,0.6945909296368842,0.5274102079395085,0.6863958930998038,0.4088575096277279,0.2606090055069647,0.6818112283922289,0.693631150015092,0.6920524807721309,0.6945909296368842,0.44488627326228725,0.68496456039813,0.35587420563793387,0.2975020145044319,0.46058757424947827,0.6890832328106152,0.6927365883062085,0.24766087454649607,0.24393505253104106,0.23920519679021782,0.23026944391362508,0.09064665127020785,0.24766087454649607,0.24766087454649607,0.24766087454649607,0.6959901800327333,0.5005753739930955,0.6960448884631175,0.30212443095599395,0.23392996108949415,0.6888491681561941,0.6963286474682681,0.6959192029480006,0.6959901800327333,0.3331297709923664,0.6955513100436681,0.22246626921870097,0.3589090364154054,0.31778741865509763,0.6953615279672578,0.6959901800327333,0.0,0.0,0.0,0.0,0.0,0.0,0.0,0.0,0.0,0.0,0.0,0.0,0.0,0.0,0.0,0.0
B3_logratio_NDBI,0.2773409578270193,0.35940054495912804,0.27877492877492877,0.35940054495912804,0.2786955283395044,0.2786955283395044,0.28936423054070115,0.2887565152643336,0.29076329076329077,0.25641886222520555,0.28869357962162967,0.06538289296909987,0.06473214285714286,0.06963906581740976,0.06448723690103,0.06457399103139014,0.09416342412451362,0.11497256336556048,0.23199749530369443,0.12602212602212604,0.21013039117352056,0.15219443133553562,0.10242085661080075,0.13347868217054262,0.22630619684082626,0.12129124139568004,0.20422004521477016,0.1761467889908257,0.2717574396406513,0.23984476067270374,0.2622358175750834,0.07609805924412666,0.06463014390305478,0.566460838479038,0.8543867707854846,0.26372549019607844,0.12971849008317338,1.0,0.12971849008317338,0.04213740458015267,0.03941908713692946,0.8636161705908485,0.228099173553719,0.1943874058863792,0.11721611721611722,0.10072568940493469,0.11639344262295082,0.28034725340517885,0.2667578659370725,0.17789251349448487,0.2887565152643336,0.2546192609182531,0.2782212086659065,0.2718919671446471,0.21144278606965175,0.2786955283395044,0.2662789048091928,0.27632150615496015,0.27342549923195086,0.24641369736233226,0.2773409578270193,0.2699359720605355,0.06721915285451197,0.07903951975987994,0.30755277044854884,0.27191628066563733,0.29296336041698606,0.2936716695033266,0.0,0.30477375213808117,0.2883149214252373,0.30355472404115996,0.22715880610617453,0.18096054888507718,0.3024883359253499,0.30384077126418907,0.30384077126418907,0.2133705650459921,0.171987087517934,0.21292460646230324,0.15050744979486072,0.1621475054229935,0.20509427720807144,0.21177244327523842,0.21247531270572745,0.1908890521675239,0.13177892918825562,0.18974206937444413,0.11381149970361588,0.11404561824729892,0.17144136078782454,0.1894876325088339,0.19024462127910405,0.1908890521675239,0.1226379440665155,0.19086460032626426,0.0885011561908766,0.12491404996561999,0.10114644970414201,0.18952029520295202,0.1905813097866078,0.04952027236149799,0.04953271028037383,0.04894885472230938,0.04902897166507482,0.03825586178527355,0.04952027236149799,0.04952027236149799,0.04952027236149799,0.2673213311511184,0.2142262202232217,0.265909401943342,0.167453842851009,0.12034652306251463,0.2593000826674015,0.26650300054555376,0.2664392905866303,0.2673213311511184,0.16074766355140188,0.26664847161572053,0.12566585956416465,0.18074930251096055,0.12931760741364784,0.26692139737991266,0.2673213311511184,0.0,0.0,0.0,0.0,0.0,0.0,0.0,0.0,0.0,0.0,0.0,0.0,0.0,0.0,0.0,0.0
B3_logratio_NDSI,0.7180654338549075,0.28163908589440506,0.7242851045667947,0.28163908589440506,0.7243243243243244,0.7243243243243244,0.7583283759666865,0.7560285799345043,0.7580213903743316,0.6050128340631133,0.7558433824624088,0.031571081636465534,0.03192085122269927,0.05378745579750605,0.03100485618229361,0.030444527456107585,0.35461906514538094,0.17414038979559499,0.23095652173913042,0.2940300975690425,0.38398749565821466,0.431935771632471,0.3405077262693157,0.22755806654111738,0.24934748564468417,0.30399469583954913,0.3825117575335307,0.4536028119507909,0.3291183093712108,0.3901541695865452,0.3439468159552134,0.3733432891543774,0.38293874483276963,0.2969055374592834,0.14751478344254434,0.43606160235334834,1.0,0.12971849008317338,1.0,0.23791540785498488,0.2559017941454202,0.17483189241114314,0.19874147876245413,0.17857142857142858,0.24825688073394495,0.28568780126066,0.21147086031452358,0.7549887471867966,0.6934735117422174,0.35132450331125825,0.7560285799345043,0.669562818921528,0.7234950903657322,0.7099289792508007,0.44552944766554775,0.7243243243243244,0.6879720279720279,0.7016794762311415,0.7063735040356248,0.29971049824775253,0.7180654338549075,0.6573582798101089,0.03624288425047438,0.25348798117330645,0.6109413647606576,0.5038461538461538,0.6171252968291661,0.6080514397539838,0.0,0.7935002332452185,0.8011668243456322,0.79217946720673,0.4542199488491049,0.29154829545454547,0.7949197444288608,0.7942412451361868,0.7942412451361868,0.7787162162162162,0.6934383202099738,0.771288302014559,0.5153846153846153,0.34510229947492305,0.7745448358005785,0.7782476319350473,0.7771389922218465,0.6945909296368842,0.5274102079395085,0.6863958930998038,0.4088575096277279,0.2606090055069647,0.6818112283922289,0.693631150015092,0.6920524807721309,0.6945909296368842,0.44488627326228725,0.68496456039813,0.35587420563793387,0.2975020145044319,0.46058757424947827,0.6890832328106152,0.6927365883062085,0.24766087454649607,0.24393505253104106,0.23920519679021782,0.23026944391362508,0.09064665127020785,0.24766087454649607,0.24766087454649607,0.24766087454649607,0.6959901800327333,0.5005753739930955,0.6960448884631175,0.30212443095599395,0.23392996108949415,0.6888491681561941,0.6963286474682681,0.6959192029480006,0.6959901800327333,0.3331297709923664,0.6955513100436681,0.22246626921870097,0.3589090364154054,0.31778741865509763,0.6953615279672578,0.6959901800327333,0.0,0.0,0.0,0.0,0.0,0.0,0.0,0.0,0.0,0.0,0.0,0.0,0.0,0.0,0.0,0.0
B3_logratio_NDVI,0.20796904113515838,0.1410386965376782,0.20706854781245546,0.1410386965376782,0.20683760683760682,0.20683760683760682,0.2162202380952381,0.2165148573988353,0.21583481877599525,0.21285838401390095,0.2164301717699776,0.09154518950437318,0.09122603137710633,0.09526401741970604,0.0935672514619883,0.09245172615564658,0.20722186076772933,0.09365910413030831,0.11916421808684297,0.1354364971444112,0.17046070460704607,0.1788793103448276,0.19245901639344262,0.11253333333333333,0.13760876571060265,0.14189006227998918,0.17195188627665392,0.17792505735406577,0.1507437070938215,0.19525801952580196,0.15995397008055237,0.17310126582278482,0.18948380891311317,0.08041082164328657,0.042528056704075605,0.18385536032594857,0.23791540785498488,0.04213740458015267,0.23791540785498488,1.0,0.8148820326678766,0.037703995498030385,0.126009126009126,0.13120970800151688,0.14363438520130578,0.16862326574172892,0.1254368932038835,0.2188730687670403,0.19854854169519376,0.2334609075997813,0.2165148573988353,0.20130700383577213,0.20733447488584475,0.2024804905239688,0.22404371584699453,0.20683760683760682,0.20564227409422883,0.2106106981489579,0.20228954348736564,0.2169576059850374,0.20796904113515838,0.20846809761834756,0.10225197808886184,0.19792322215229705,0.18015582763555416,0.19788414845646896,0.15891812865497076,0.15550978372811536,0.0,0.22593686829419996,0.22990506329113924,0.2262295081967213,0.2283484390735146,0.2410958904109589,0.2265003897116134,0.22614785992217898,0.22614785992217898,0.21942573555476783,0.24007405883563052,0.21769436997319036,0.24380804953560373,0.2273465410847678,0.22232239451857194,0.21987202275151085,0.2197724039829303,0.19468469885202075,0.21552070767993567,0.19444003177124702,0.20705882352941177,0.18458010891372886,0.1992161985630307,0.1952644041041831,0.195326069793147,0.19468469885202075,0.21348816435908888,0.19318001586042824,0.1927987742594484,0.2027876468980596,0.22097714029583146,0.19588281868566904,0.19492593759848723,0.1265625,0.125,0.11917916337805841,0.1152,0.070026525198939,0.1265625,0.1265625,0.1265625,0.1981723949809056,0.2125871625245843,0.19849211788896504,0.17769285884881778,0.1762441572724773,0.19952758093650133,0.19833469833469833,0.19841594974737128,0.1981723949809056,0.2074126870990734,0.1982793936911102,0.16774739216239076,0.21670783741298003,0.21314342828585708,0.19822525597269625,0.1981723949809056,0.0,0.0,0.0,0.0,0.0,0.0,0.0,0.0,0.0,0.0,0.0,0.0,0.0,0.0,0.0,0.0
B3_logratio_SAVI,0.22144188046438298,0.1457185778668002,0.2204645860054154,0.1457185778668002,0.22022792022792023,0.22022792022792023,0.23020833333333332,0.2307347670250896,0.2297979797979798,0.2367132867132867,0.23083818915284626,0.08980044345898004,0.08830022075055188,0.09232365145228216,0.09111111111111111,0.09005002779321845,0.21955128205128205,0.10082833476149672,0.12740076824583868,0.13206046141607,0.182475884244373,0.19518716577540107,0.20822538860103626,0.11646165925150484,0.14901712111604312,0.13957176843774782,0.18533549783549783,0.1945781606283253,0.15419119708438464,0.20500825536598788,0.16586606385984742,0.2001894537417114,0.21533546325878594,0.06116060679027209,0.039586919104991396,0.19863532979529946,0.2559017941454202,0.03941908713692946,0.2559017941454202,0.8148820326678766,1.0,0.0347469220246238,0.1288888888888889,0.13920770085153647,0.1579885877318117,0.18644662921348315,0.13937547600913938,0.23367176844976512,0.21141996439819252,0.2636488340192044,0.2307347670250896,0.21621621621621623,0.22074771689497716,0.21557971014492755,0.24406138322472146,0.22022792022792023,0.21945280045838705,0.22431132487975514,0.2155822395978777,0.2339369883403622,0.22144188046438298,0.22390696305019872,0.09924985574148874,0.22211779448621555,0.18961696739474518,0.21989893709705524,0.16737010624363266,0.16471277842907386,0.0,0.24055356865184263,0.24477848101265823,0.2409055425448868,0.25359213511469625,0.2633367312266395,0.24115354637568198,0.2407782101167315,0.2407782101167315,0.23652482269503547,0.26070840197693573,0.23449508489722967,0.269697752518729,0.24654007080785323,0.23994226952913586,0.2370199146514936,0.23692636072572038,0.20984741230140003,0.23690572119258663,0.2097568727157159,0.22629107981220659,0.19982969060459835,0.215558097728387,0.21048476235591346,0.21055125572579372,0.20984741230140003,0.23641243569671214,0.20923956183521195,0.20755195134313228,0.22346216657593904,0.24204392649036308,0.21134347275031687,0.21031057859057228,0.12974203338391502,0.1282442748091603,0.12346625766871165,0.12227414330218069,0.07924335378323108,0.12974203338391502,0.12974203338391502,0.12974203338391502,0.21099290780141844,0.23336322869955156,0.21154373457636413,0.18963068181818182,0.19225524952277065,0.21343159065628475,0.21116571116571117,0.21125221903591423,0.21099290780141844,0.22974578284628178,0.21111566297965315,0.17666666666666667,0.23837339923612672,0.23570536828963795,0.2110580204778157,0.21099290780141844,0.0,0.0,0.0,0.0,0.0,0.0,0.0,0.0,0.0,0.0,0.0,0.0,0.0,0.0,0.0,0.0
B3_logratio_UI,0.3149628783552256,0.3553038105046344,0.31794871794871793,0.3553038105046344,0.3178581600683566,0.3178581600683566,0.3300163374424476,0.3293136817031413,0.3316008316008316,0.26850792613172086,0.32946082812034555,0.05779194898365883,0.057233704292527825,0.06438095238095239,0.05657370517928287,0.056641404068607897,0.11461175886876705,0.11816838995568685,0.23496626576708712,0.15844823556905818,0.2267917267917268,0.16908431550317315,0.11901747277791846,0.14042357274401474,0.22779043280182232,0.1571759259259259,0.2202696196437169,0.1929785824685361,0.29375336564351107,0.2560733763014378,0.2861341170184344,0.08561064087061669,0.07284451874850728,0.6174603174603175,0.8411614005123825,0.28696682464454976,0.17483189241114314,0.8636161705908485,0.17483189241114314,0.037703995498030385,0.0347469220246238,1.0,0.23148148148148148,0.19904458598726116,0.11885129371623543,0.10306482234879305,0.11888111888111888,0.3203230148048452,0.30384247230958566,0.17722926395374694,0.3293136817031413,0.287885124773456,0.31666666666666665,0.310359231411863,0.22333333333333333,0.3178581600683566,0.3008624346104906,0.31007640190283986,0.3110956036287509,0.24221149627029398,0.3149628783552256,0.2980533525594809,0.05923202614379085,0.08538315988647115,0.3500082277439526,0.29509853461344115,0.33512187643722213,0.33642835035592694,0.0,0.34753537552480174,0.33089607965152457,0.3466396382348355,0.24253731343283583,0.18123324396782842,0.3452566096423017,0.3468118195956454,0.3468118195956454,0.2482893450635386,0.19620586685403127,0.24794610581662832,0.1622070109935698,0.1697871249038215,0.23808744064188636,0.24673842139595564,0.2472661987922311,0.2223194748358862,0.14429361488185016,0.22055580061755625,0.12203454165875878,0.11552428506581934,0.20047274338897916,0.22027461291264971,0.2212311741482673,0.2223194748358862,0.12997636793310308,0.22168284789644013,0.09388164493480441,0.1235638413180143,0.10972568578553615,0.22002635046113306,0.2220598977355734,0.061070911722141824,0.061153174140943505,0.06006445941986522,0.05997624703087886,0.040907400520639646,0.061070911722141824,0.061070911722141824,0.061070911722141824,0.3048281505728314,0.23071916693784575,0.3033661740558292,0.1740649404027949,0.12145390070921985,0.2954045129334067,0.3040098199672668,0.30395634379263303,0.3048281505728314,0.1625693893735131,0.30417576419213976,0.1262580054894785,0.1841100076394194,0.1307923771313942,0.3044486899563319,0.3048281505728314,0.0,0.0,0.0,0.0,0.0,0.0,0.0,0.0,0.0,0.0,0.0,0.0,0.0,0.0,0.0,0.0
B3_logratio_VH,0.2323546019198193,0.2148298628745556,0.23184945934559753,0.2148298628745556,0.23178436052225185,0.23178436052225185,0.2611607142857143,0.2619865571321882,0.2606951871657754,0.26095238095238094,0.26191543403555956,0.1352480417754569,0.13423517169614985,0.13934022648941408,0.13479623824451412,0.13500784929356358,0.18377581120943953,0.0832,0.3814814814814815,0.1529745042492918,0.20119573693787368,0.21285973554576096,0.19399818126705062,0.10907288051561725,0.2773333333333333,0.1536890477406178,0.21305841924398625,0.22523643603782978,0.4042207792207792,0.15570672713529857,0.2631885747595453,0.16506829410055215,0.1551972358191765,0.21993127147766323,0.2345360824742268,0.2046228710462287,0.19874147876245413,0.228099173553719,0.19874147876245413,0.126009126009126,0.1288888888888889,0.23148148148148148,1.0,0.298932384341637,0.11776124231640246,0.12198936502971536,0.17474302496328928,0.2613687868258045,0.23973165388828038,0.23277848911651727,0.2619865571321882,0.2405099150141643,0.2312772235492483,0.2269542519576865,0.19438487034509652,0.23178436052225185,0.22572030920590302,0.2332378223495702,0.22630348053377355,0.20204128972396196,0.2323546019198193,0.22777697738078087,0.09425168306576903,0.13039889958734527,0.22428277064511015,0.20572002007024587,0.21820873427091045,0.21695016413011042,0.0,0.26444238492431266,0.2658723937921304,0.2637124264022312,0.29914744232698093,0.21060746222633364,0.26490168756773497,0.2641013753670221,0.2641013753670221,0.20604534005037783,0.20686367969494757,0.20450313187743355,0.1925046554934823,0.18289855072463768,0.20671438309475118,0.20562005721016322,0.20613001010441226,0.18496849684968497,0.17446808510638298,0.18392370572207084,0.15994020926756353,0.1489637305699482,0.1846916640842888,0.1851294400963275,0.1855421686746988,0.18496849684968497,0.15645161290322582,0.18363333837543488,0.1359068067610781,0.145118091064037,0.1523046092184369,0.18425814234016888,0.1850015028554253,0.08923076923076922,0.08765898934341698,0.08581314878892733,0.08497191011235955,0.05842081241442264,0.08923076923076922,0.08923076923076922,0.08923076923076922,0.2393617021276596,0.259601706970128,0.23751539198248733,0.23419811320754716,0.17195496417604914,0.24321691943787394,0.23938856284973387,0.23914823914823916,0.2393617021276596,0.1856419290905087,0.239011739011739,0.1524896265560166,0.1999160897839312,0.17712850947272313,0.2391155998362222,0.2393617021276596,0.0,0.0,0.0,0.0,0.0,0.0,0.0,0.0,0.0,0.0,0.0,0.0,0.0,0.0,0.0,0.0
B3_logratio_VV,0.20195025438100622,0.2003686150605582,0.2009273570324575,0.2003686150605582,0.20103961787018826,0.20103961787018826,0.22767857142857142,0.22746268656716417,0.22727272727272727,0.22709094070596417,0.2271980892670548,0.1635820895522388,0.16230677764565993,0.1618464961067853,0.1651705565529623,0.16476932294787297,0.1830106183635228,0.09067652075042638,0.25582228591902545,0.14516563425801238,0.19100514765646168,0.20416441319632234,0.18506700701978301,0.08254777070063694,0.3621601208459215,0.14476139696081045,0.17850391574399135,0.208955223880597,0.24961901859189273,0.12800620636152055,0.38723835246455096,0.14251207729468598,0.1581039755351682,0.1919630735813196,0.20033277870216307,0.1724137931034483,0.17857142857142858,0.1943874058863792,0.17857142857142858,0.13120970800151688,0.13920770085153647,0.19904458598726116,0.298932384341637,1.0,0.10692254969156957,0.11103767349636484,0.1680408323517864,0.22737573651609005,0.2089266155531216,0.2153072033898305,0.22746268656716417,0.20983978448886997,0.20151984238671544,0.19686554852900742,0.17153067301965455,0.20103961787018826,0.19729425028184894,0.2034165948894631,0.19567909728911517,0.17939566975969545,0.20195025438100622,0.1986420109794857,0.11649911295091661,0.12092352092352092,0.1963943841735801,0.1716155007549069,0.18349844743457044,0.1837313432835821,0.0,0.22968798270003088,0.23214566002197456,0.2292312461252325,0.28327291558777834,0.23490156823490158,0.23025704552493031,0.22990105132962277,0.22990105132962277,0.16786973308712438,0.166189111747851,0.1668077900084674,0.16093861104527138,0.14049097900029578,0.1687691783157177,0.16815350951018346,0.1682384641293365,0.15086982603479304,0.1421376608841634,0.15003785011355034,0.1297461488392276,0.1111111111111111,0.15197143744178826,0.15057160048134777,0.1507900677200903,0.15086982603479304,0.13022969647251845,0.14959915292693995,0.11350844277673545,0.11922019495126218,0.12617203424378312,0.15033172496984318,0.15101427498121714,0.08223684210526316,0.08170776591829224,0.07888888888888888,0.08072425499811392,0.05385002516356316,0.08223684210526316,0.08223684210526316,0.08223684210526316,0.20867430441898527,0.22943179781322817,0.2080536912751678,0.2392972036624598,0.19642857142857142,0.21292299122684863,0.20884520884520885,0.20876570180229384,0.20867430441898527,0.15906537856661424,0.20879421002321452,0.13261744966442954,0.17064337452066466,0.15287517531556802,0.20873720136518772,0.20867430441898527,0.0,0.0,0.0,0.0,0.0,0.0,0.0,0.0,0.0,0.0,0.0,0.0,0.0,0.0,0.0,0.0
B4_step2_card+coh,0.23751783166904422,0.26884894016635363,0.23733144073811213,0.26884894016635363,0.2376153300212917,0.2376153300212917,0.25223081499107675,0.24966502903081733,0.25233922471409476,0.30310133429498737,0.24977658623771223,0.028141678796700632,0.028059990324141266,0.07112375533428165,0.02667313288069835,0.02521823472356935,0.21262254901960784,0.1597684515195369,0.18243243243243243,0.1303680981595092,0.2307277628032345,0.25590872045639773,0.2114784778540237,0.1995114006514658,0.20786696514230893,0.14373558800922367,0.22673160173160173,0.2770199370409234,0.19842829076620824,0.3037974683544304,0.2012914093206064,0.3555022283167638,0.3238541318166611,0.13123294467873978,0.11811722912966252,0.21549155908639522,0.24825688073394495,0.11721611721611722,0.24825688073394495,0.14363438520130578,0.1579885877318117,0.11885129371623543,0.11776124231640246,0.10692254969156957,1.0,0.8569926393270242,0.614476386036961,0.2459065645185519,0.23018042646254783,0.1573443579766537,0.24966502903081733,0.22198820556023588,0.23763501989766914,0.2324354346014996,0.19460842188114916,0.2376153300212917,0.23289230331483854,0.23830896192268713,0.23075854404001112,0.1426342767996434,0.23751783166904422,0.22923925667828107,0.04044489383215369,0.11007667031763417,0.2169152649952396,0.19432387312186977,0.20471628592483418,0.20586484072640668,0.0,0.2643445809360908,0.2598177819666981,0.2647931303669009,0.1890512642078404,0.1486646884272997,0.2638218346052017,0.26459143968871596,0.26459143968871596,0.31324857195503963,0.2991718426501035,0.30668147325559875,0.2698571786519669,0.16392020815264527,0.31204481792717087,0.31326191355744365,0.31270779460657555,0.2766927083333333,0.24960285941223193,0.27269747623729923,0.22343572241183163,0.13149057091190908,0.27109845947756195,0.2761547249877591,0.27582830096295086,0.2766927083333333,0.245014245014245,0.2706459525756337,0.2224707929405916,0.1400539612460142,0.25274967003959525,0.2762232040582556,0.27586768779533977,0.2911340206185567,0.29272349272349274,0.27344072697232547,0.27521008403361347,0.1141732283464567,0.2911340206185567,0.2911340206185567,0.2911340206185567,0.23186033824331698,0.17522153486039124,0.23235092529129542,0.1244299674267101,0.10879686351384464,0.22872561228725613,0.23188207997816296,0.23180887372013653,0.23186033824331698,0.12902542372881357,0.23167235494880545,0.09342301943198804,0.13846463022508038,0.12826183104820876,0.23177723177723178,0.23186033824331698,0.0,0.0,0.0,0.0,0.0,0.0,0.0,0.0,0.0,0.0,0.0,0.0,0.0,0.0,0.0,0.0
B4_step3_card+coh+optical,0.26048375554601405,0.2681972345421341,0.260361771827375,0.2681972345421341,0.2606466315339695,0.2606466315339695,0.27186198691255203,0.26931665922286735,0.2719441556512699,0.32642393655371305,0.26943699731903487,0.026447788417692658,0.025442980463425715,0.06455921638468388,0.02506836827711942,0.023701002734731084,0.23714458560193588,0.16198764738910723,0.1896875,0.13793103448275862,0.2441737288135593,0.276510067114094,0.23303653669020571,0.21198402130492677,0.21171729696218228,0.15101427498121714,0.24062749268811487,0.2976901116013496,0.20668859649122806,0.3156558533145275,0.2038755458515284,0.38227334235453314,0.35982707016960425,0.121414913957935,0.10205807724837891,0.2326550625153224,0.28568780126066,0.10072568940493469,0.28568780126066,0.16862326574172892,0.18644662921348315,0.10306482234879305,0.12198936502971536,0.11103767349636484,0.8569926393270242,1.0,0.6063725490196078,0.2657353162085023,0.24822307271733188,0.17374610031197504,0.26931665922286735,0.24,0.2606959498003423,0.25494566731680135,0.2172291993720565,0.2606466315339695,0.2557807593491293,0.2608885017421603,0.2534504391468005,0.15607825895801275,0.26048375554601405,0.25076363636363636,0.037914691943127965,0.12345679012345678,0.23199620972836388,0.2090939263192831,0.2173530704968489,0.2173591601360343,0.0,0.2848701601617167,0.28115668709728114,0.28540202966432476,0.2065167508031207,0.16028985507246377,0.2845794392523365,0.285136186770428,0.285136186770428,0.3375714022480192,0.3237603305785124,0.3311123449935221,0.29064283941424673,0.18024411013340902,0.3366946778711485,0.33739612188365653,0.33659527326440175,0.2981770833333333,0.27076740506329117,0.29390563564875494,0.23909131803868647,0.14227848101265822,0.2934181879082231,0.297698710625102,0.2973722866002938,0.2981770833333333,0.2617755589320599,0.2918097106424718,0.23441701295526765,0.15208483972041456,0.2728265618173875,0.29739898576803536,0.2973765683558742,0.28972332015810276,0.29072082835523694,0.27225959635931934,0.2729099678456592,0.1061865189289012,0.28972332015810276,0.28972332015810276,0.28972332015810276,0.24986361156573922,0.1909196740395809,0.2501027819651912,0.13753213367609254,0.12027904738994467,0.2473356401384083,0.24989763886993313,0.24982935153583619,0.24986361156573922,0.14318610006280091,0.2498634625887493,0.10241404535479151,0.15248508946322067,0.14429383471797114,0.2497952497952498,0.24986361156573922,0.0,0.0,0.0,0.0,0.0,0.0,0.0,0.0,0.0,0.0,0.0,0.0,0.0,0.0,0.0,0.0
B4_step4_all+methods,0.2059581781724434,0.23488821418713773,0.20558484114546233,0.23488821418713773,0.2056980056980057,0.2056980056980057,0.21466825349598334,0.21224307417336907,0.2144660626763701,0.25666906993511174,0.21233795261510952,0.02983425414364641,0.026908292147171883,0.06031746031746032,0.029297954671088998,0.027639579878385848,0.18118022328548644,0.11633442427848854,0.2532063026749725,0.11986025262026337,0.18793055938275008,0.2273110424276482,0.17824675324675324,0.14773980154355015,0.2793316382128587,0.11792828685258964,0.188281033046376,0.24507422402159243,0.26257861635220126,0.2223492426407545,0.2686002522068096,0.3334534967555876,0.30628087508821455,0.12844036697247707,0.11738578680203046,0.2168327215521762,0.21147086031452358,0.11639344262295082,0.21147086031452358,0.1254368932038835,0.13937547600913938,0.11888111888111888,0.17474302496328928,0.1680408323517864,0.614476386036961,0.6063725490196078,1.0,0.20832707049451377,0.19581567072336933,0.139099645928174,0.21224307417336907,0.18851997749015195,0.20567679361004138,0.20119827225860387,0.16904522613065326,0.2056980056980057,0.20105668999000428,0.2064553649316662,0.20016738736225415,0.1309192200557103,0.2059581781724434,0.20040929688642012,0.042799305957200696,0.09956584659913169,0.18776033322652996,0.16773865944482058,0.17405485544848034,0.1761355119172538,0.0,0.2246928937956772,0.22283464566929134,0.2247892600686856,0.1889187210153771,0.14539119417168198,0.22506234413965087,0.22490272373540857,0.22490272373540857,0.2662612861617837,0.2567849686847599,0.2608856772280897,0.23759321162252506,0.16173752310536044,0.2660807778608826,0.26639571402179935,0.2656076837827854,0.23518880208333334,0.21196306704134885,0.23131147540983607,0.19282720074522589,0.1276653909240022,0.23211286530063824,0.2347371857655893,0.23420923779990208,0.23518880208333334,0.20497446147013101,0.22974963181148747,0.18893421723610404,0.12988683127572018,0.21077231248608946,0.23368765331152902,0.23431644125794363,0.2327475353621946,0.233895373973195,0.21686746987951808,0.21876370013152127,0.09721463681048607,0.2327475353621946,0.2327475353621946,0.2327475353621946,0.1970812875068194,0.16371757429994846,0.1973954763536669,0.13328729281767956,0.11371935315597287,0.1970853573907009,0.19707929575542513,0.19699658703071674,0.1970812875068194,0.11688311688311688,0.1970234844347351,0.08932806324110672,0.12450633963832883,0.1173351775011526,0.19696969696969696,0.1970812875068194,0.0,0.0,0.0,0.0,0.0,0.0,0.0,0.0,0.0,0.0,0.0,0.0,0.0,0.0,0.0,0.0
CLF_A17_ExtraTrees,0.892732598688799,0.43519761372110366,0.8970034843205575,0.43519761372110366,0.8972822299651568,0.8972822299651568,0.9803659080767515,0.984468339307049,0.9795008912655971,0.8066775972574154,0.9840203106332138,0.06161065697850439,0.06284070260448213,0.08165734159987903,0.06195092396243562,0.06165732464778064,0.33857553304097987,0.23316708229426433,0.291289933694997,0.28727373220947905,0.42448426441800935,0.4302675082657048,0.32818883340898775,0.28721492743607463,0.30607019129386953,0.2957629465522016,0.41774436090225564,0.4655457138567783,0.37908201655379986,0.4180833458703174,0.38064419024683926,0.3313271140535661,0.33157815555889875,0.411044776119403,0.29708302169035156,0.46710624906338977,0.7549887471867966,0.28034725340517885,0.7549887471867966,0.2188730687670403,0.23367176844976512,0.3203230148048452,0.2613687868258045,0.22737573651609005,0.2459065645185519,0.2657353162085023,0.20832707049451377,1.0,0.8996445173639596,0.4636846095526914,0.984468339307049,0.877260803534447,0.897071129707113,0.8788374948833402,0.5544371987524809,0.8972822299651568,0.8560087599233507,0.8791224147568474,0.8765179424205212,0.4210153148043108,0.892732598688799,0.8300232844815779,0.05173978819969743,0.24174299195115181,0.7171951886276654,0.6595041322314049,0.7857338070511068,0.7747883092051352,0.0,0.9342144342144342,0.933812518718179,0.9317675040880036,0.5165733313152717,0.3290371493555724,0.9352871169294853,0.9350475624256838,0.9350475624256838,0.7851202851202851,0.6828386319120084,0.7807239684194845,0.5059712773998488,0.35233474833232264,0.7814975340008967,0.7855124200505726,0.7850661906886807,0.7576928384158962,0.5670261941448382,0.7515218594355285,0.4417462099943852,0.30399325084364454,0.7376478775226165,0.7578816371681416,0.7566334991708126,0.7576928384158962,0.480885030107828,0.7518328952828883,0.37442218798151,0.34092186621697584,0.4805648769574944,0.7546309095935858,0.7569732118199393,0.20640408899579074,0.2032777026011126,0.2009936766034327,0.19430637144148216,0.08274088640145212,0.20640408899579074,0.20640408899579074,0.20640408899579074,0.8993453355155483,0.6564323423173104,0.8949092397980074,0.3985004165509581,0.30946753788405396,0.8889193636862315,0.9000819000819,0.8999317406143345,0.8993453355155483,0.42084781097984714,0.8984993178717599,0.28966379549874965,0.46775090353072,0.3894912427022519,0.8987721691678036,0.8993453355155483,0.0,0.0,0.0,0.0,0.0,0.0,0.0,0.0,0.0,0.0,0.0,0.0,0.0,0.0,0.0,0.0
CLF_A17_GBM,0.9477418474553145,0.4106801420376946,0.9529395716818988,0.4106801420376946,0.9532123857591052,0.9532123857591052,0.9124266812167507,0.911487501707417,0.9138025095471904,0.7511262798634812,0.9102949208083014,0.056818181818181816,0.05778447213473915,0.07554399890515943,0.05697849609642515,0.05656759348034516,0.3082398029017246,0.31512662559890486,0.2689834450677247,0.3709986320109439,0.39126864650335297,0.39734827774740294,0.2981111415275116,0.3700259811294954,0.2825878812747914,0.37599124965818975,0.3853725222146275,0.43122778233524744,0.349835886214442,0.38566739606126915,0.3514363885088919,0.3064405852591276,0.3064935064935065,0.38759901666211416,0.2825878812747914,0.4340756934007378,0.6934735117422174,0.2667578659370725,0.6934735117422174,0.19854854169519376,0.21141996439819252,0.30384247230958566,0.23973165388828038,0.2089266155531216,0.23018042646254783,0.24822307271733188,0.19581567072336933,0.8996445173639596,1.0,0.41826396495071194,0.911487501707417,0.9547628809621429,0.9517119083344701,0.9743589743589743,0.5965800273597811,0.9532123857591052,0.9467794759825328,0.9316227651153268,0.9725784447476126,0.46784345922276954,0.9477418474553145,0.9209340434248259,0.048323066392881586,0.32101806239737274,0.8104789193614409,0.7447332421340629,0.8798962740548656,0.8694228407695457,0.0,0.8727495908346972,0.8586244541484717,0.8691678035470668,0.46810840405146453,0.2972195589645254,0.8710777626193724,0.8724420190995907,0.8724420190995907,0.7358156028368794,0.6235985780694558,0.7280917280917281,0.45917111202297906,0.3182689674061901,0.7232155042991675,0.7342065766134535,0.7335607094133697,0.8336061102018549,0.6260596117035822,0.8239628820960698,0.501025570901135,0.3667488359353602,0.8015569516525539,0.830945558739255,0.8306726702142175,0.8336061102018549,0.5421736158578264,0.8245087336244541,0.4386540828887977,0.40249076228274255,0.5430327868852459,0.8277179102441686,0.831696672122204,0.19324859915265818,0.1902419024190242,0.18733761794065362,0.1809354485776805,0.07667031763417305,0.19324859915265818,0.19324859915265818,0.19324859915265818,0.9956355701036552,0.7281061850027367,0.9907217901487242,0.47583184992468847,0.38679632926996305,0.9759825327510917,0.9956337835993997,0.9949522510231924,0.9956355701036552,0.49609856262833674,0.9942716857610474,0.367794057236752,0.5420944558521561,0.4652245345016429,0.994544462629569,0.9956355701036552,0.0,0.0,0.0,0.0,0.0,0.0,0.0,0.0,0.0,0.0,0.0,0.0,0.0,0.0,0.0,0.0
CLF_A17_LightGBM,0.4124436936936937,0.29725122522906455,0.41021693491952416,0.29725122522906455,0.41010214075836016,0.41010214075836016,0.4552083333333333,0.45697639677322976,0.4543969102792632,0.4762723521320495,0.4571812882977134,0.11796849887495982,0.11917764214584002,0.11873840445269017,0.11840411840411841,0.11923944569771189,0.26746126340882004,0.206927575348628,0.25724275724275725,0.1534317637669593,0.2964989059080963,0.31241772707327775,0.2685700459714493,0.23938223938223938,0.2675222112537019,0.148973954222573,0.29658965896589656,0.31900021181952976,0.2573151664060755,0.24756459127488353,0.2487264673311185,0.24835526315789475,0.2591189009947892,0.18498498498498497,0.1769019248395967,0.2812371978697255,0.35132450331125825,0.17789251349448487,0.35132450331125825,0.2334609075997813,0.2636488340192044,0.17722926395374694,0.23277848911651727,0.2153072033898305,0.1573443579766537,0.17374610031197504,0.139099645928174,0.4636846095526914,0.41826396495071194,1.0,0.45697639677322976,0.4366076527698458,0.4103390305407677,0.40128696604600217,0.4225540876890676,0.41010214075836016,0.4085991288464241,0.4153934028273597,0.4024155915454296,0.4497094322753688,0.4124436936936937,0.4162582876909772,0.09169329073482428,0.21204657411553962,0.3264766382603585,0.41013748550604606,0.375018029712967,0.375,0.0,0.4092664092664093,0.4154844551765771,0.40920601817369284,0.4520824003582624,0.3980219192729217,0.4102411431973802,0.40963139120095127,0.40963139120095127,0.34272151898734177,0.38247011952191234,0.34445863941232835,0.39202945635694175,0.35984848484848486,0.3482875060299083,0.3436458829128986,0.3438095238095238,0.34684618761890823,0.41494082840236685,0.3492532899600769,0.3951946975973488,0.3631828978622328,0.3595625094941516,0.3481198589894242,0.3482221569203644,0.34684618761890823,0.4060315558218494,0.34884751773049644,0.34584048027444253,0.4084407971864009,0.39545004945598417,0.3489468257475328,0.3475582930048394,0.10727496917385944,0.1056669141301658,0.10662680617837568,0.10707986898463089,0.07923741435805778,0.10727496917385944,0.10727496917385944,0.10727496917385944,0.41721222040370975,0.5013424020046536,0.4139909823746413,0.43135537552003506,0.4134037953398991,0.42445742904841405,0.4175539175539176,0.41772497610269016,0.41721222040370975,0.49854358055119874,0.41720136518771334,0.4002436053593179,0.5160802935462983,0.49629458082445577,0.41728091728091726,0.41721222040370975,0.0,0.0,0.0,0.0,0.0,0.0,0.0,0.0,0.0,0.0,0.0,0.0,0.0,0.0,0.0,0.0
CLF_A17_RF_200,0.9056182908127701,0.4457992565055762,0.9109407665505227,0.4457992565055762,0.911219512195122,0.911219512195122,0.992868815926311,1.0,0.9940591118372196,0.8183306055646481,0.9974630652141472,0.0621173659847693,0.06317204301075269,0.08269891028511718,0.06197729988052569,0.061529271206690564,0.3365183636906539,0.23250718882650964,0.2934944792599224,0.28898015058179327,0.42601431980906923,0.43344760769116114,0.3256682096461102,0.28751196826699493,0.3079331941544885,0.29508421196768453,0.41975860527492176,0.4690898257113064,0.38144944825529375,0.4188263330354483,0.3819672131147541,0.33392963625521765,0.3347748285117805,0.42088042831647826,0.3061801935964259,0.47194522994493227,0.7560285799345043,0.2887565152643336,0.7560285799345043,0.2165148573988353,0.2307347670250896,0.3293136817031413,0.2619865571321882,0.22746268656716417,0.24966502903081733,0.26931665922286735,0.21224307417336907,0.984468339307049,0.911487501707417,0.45697639677322976,1.0,0.8768155659084681,0.909952606635071,0.8917075831969449,0.5499369659616192,0.911219512195122,0.8653557285265602,0.889136801004044,0.8893889798145117,0.4173085002100546,0.9056182908127701,0.8386832399945363,0.052851597491788596,0.24047162051000823,0.7277936962750716,0.6613785557986871,0.796698048847046,0.7862501705087983,0.0,0.9490644490644491,0.9360309431716751,0.9448982622902123,0.5113500597371565,0.32432028682402153,0.9475560837914129,0.9484627951878806,0.9484627951878806,0.7999702999703,0.6809367541766109,0.7905525846702317,0.5022394744699911,0.3474753510606513,0.7892229830306638,0.797979797979798,0.797534165181224,0.7714916517179523,0.5643797643797643,0.7617009526439321,0.43841886269070734,0.30049944506104326,0.7423508237574415,0.7692626346313173,0.7687422338809885,0.7714916517179523,0.4797615747158303,0.7620099392600773,0.3739950097033546,0.3376803551609323,0.480675993904973,0.7662570757973216,0.7695598178556644,0.21124031007751937,0.20796064400715564,0.20444378168804056,0.19746457867263237,0.08376885172465283,0.21124031007751937,0.21124031007751937,0.21124031007751937,0.9129841789416258,0.6483411022758432,0.9072558647026732,0.394379712131597,0.30540318156884255,0.8956141549391994,0.9121658483360611,0.9120174601009412,0.9129841789416258,0.41546688605512133,0.911620294599018,0.2865761689291101,0.46173889193636863,0.3843411490470314,0.9118930714675395,0.9129841789416258,0.0,0.0,0.0,0.0,0.0,0.0,0.0,0.0,0.0,0.0,0.0,0.0,0.0,0.0,0.0,0.0
CLF_A17_XGBoost,0.909041245561322,0.39565943238731216,0.9132096069868996,0.39565943238731216,0.9134825327510917,0.9134825327510917,0.8737028945931186,0.8768155659084681,0.8735506752148411,0.7287527593818984,0.8769188596491229,0.058169375534645,0.05917581634108085,0.07536973833902162,0.05803507771281905,0.05775812892184826,0.30897526501766787,0.3153433173212772,0.2707714083510262,0.36319035604149147,0.382987668161435,0.39019607843137255,0.2994342291371994,0.37026074700493306,0.2837551251237099,0.3683104511067526,0.3765743073047859,0.42211968680089484,0.34376754632229084,0.37571688348020704,0.34371055952881785,0.3034356519290341,0.30220784699760933,0.36872051068553985,0.2693974556130295,0.4234473133286811,0.669562818921528,0.2546192609182531,0.669562818921528,0.20130700383577213,0.21621621621621623,0.287885124773456,0.2405099150141643,0.20983978448886997,0.22198820556023588,0.24,0.18851997749015195,0.877260803534447,0.9547628809621429,0.4366076527698458,0.8768155659084681,1.0,0.912764505119454,0.9346431982535134,0.6119614512471655,0.9134825327510917,0.9198735568993953,0.8993831391363948,0.9336428181321682,0.48364153627311524,0.909041245561322,0.8993103448275862,0.048426150121065374,0.32742232940842675,0.7799121844127332,0.7432129862860342,0.8454059975352595,0.8339034067587905,0.0,0.8322422258592471,0.8290774299835255,0.8293981165552068,0.47866156245569264,0.3087018544935806,0.8323091629113751,0.8324235807860262,0.8324235807860262,0.6987836545032117,0.6170391061452514,0.6949547573347957,0.4673174872665535,0.3274046670461013,0.6947079037800687,0.6994797371303395,0.6986038872159869,0.7967746344130108,0.6353123677901565,0.7922380691168404,0.5148936170212766,0.380327868852459,0.781431334622824,0.7972880427338721,0.7960301163586585,0.7967746344130108,0.5531674208144797,0.7900862659181158,0.44609507640067914,0.41913861950941245,0.5487959442332065,0.7933205584451136,0.795843019280733,0.18438421570004213,0.18146067415730338,0.17946554149085794,0.17387019569196113,0.07715302491103203,0.18438421570004213,0.18438421570004213,0.18438421570004213,0.9551282051282052,0.7457531143827859,0.9504639737991266,0.4896247868106879,0.40299785867237686,0.949017452246805,0.9553766375545851,0.954967248908297,0.9551282051282052,0.5175563802455039,0.9540308279907244,0.3827935511485233,0.565068493150685,0.4853675945753034,0.9543036420679307,0.9551282051282052,0.0,0.0,0.0,0.0,0.0,0.0,0.0,0.0,0.0,0.0,0.0,0.0,0.0,0.0,0.0,0.0
CLF_A9_ExtraTrees,0.9910294745835113,0.42956843754450935,0.9958730610502348,0.42956843754450935,0.9964417876458868,0.9964417876458868,0.9133101045296167,0.909952606635071,0.9147157190635451,0.7497208263539922,0.9095344298856983,0.04664599774520857,0.04690140845070422,0.06457512661789533,0.0463641488162345,0.04594137542277339,0.30525426116354415,0.29052369077306733,0.26094890510948904,0.3387451843698404,0.38738232401292677,0.39656869638588105,0.2951951528814992,0.34704334579698104,0.27490878473196745,0.34507914659325534,0.38172118489400536,0.4310223597243707,0.3595457771469127,0.3981244671781756,0.36120971177055233,0.31674722775092407,0.31811068430786743,0.4054977923372739,0.29415954415954415,0.4537683430688132,0.7234950903657322,0.2782212086659065,0.7234950903657322,0.20733447488584475,0.22074771689497716,0.31666666666666665,0.2312772235492483,0.20151984238671544,0.23763501989766914,0.2606959498003423,0.20567679361004138,0.897071129707113,0.9517119083344701,0.4103390305407677,0.909952606635071,0.912764505119454,1.0,0.9743875278396437,0.6237157534246576,0.9964417876458868,0.9481388540359682,0.9764722657921003,0.9714723072641247,0.48858773181169757,0.9910294745835113,0.9209315297726955,0.05048488305761552,0.3060825892857143,0.8058725299192875,0.7219842476164157,0.8600993377483444,0.8500275938189845,0.0,0.8816858022962756,0.866928141196246,0.8780112044817927,0.4683366169434281,0.2928169014084507,0.8797087242683097,0.8811090883629744,0.8811090883629744,0.7571004662992794,0.6392584206057175,0.7483743285270003,0.4692721608609459,0.32509937535491196,0.7443077358223731,0.7549462973431317,0.7547703180212014,0.8155715074544451,0.6050083010514665,0.8050531547701228,0.47848346478483467,0.34462179042331714,0.7818759497168117,0.812871150393592,0.8125949454495236,0.8155715074544451,0.5205479452054794,0.8061041292639138,0.41516745087185164,0.38316198944151153,0.5220639092543921,0.810109100952907,0.8138892724009389,0.19447983014861997,0.19153454133635334,0.18768577494692146,0.18139337298215802,0.07419492126542772,0.19447983014861997,0.19447983014861997,0.19447983014861997,0.955810147299509,0.6888432580424367,0.9535455663341986,0.44018678752918555,0.35198680049498143,0.9361353711790393,0.9552584913381531,0.9548492702223434,0.955810147299509,0.4667677881963596,0.9555131004366813,0.33973473335175464,0.509353507565337,0.43526816489728387,0.9557860262008734,0.955810147299509,0.0,0.0,0.0,0.0,0.0,0.0,0.0,0.0,0.0,0.0,0.0,0.0,0.0,0.0,0.0,0.0
CLF_A9_GBM,0.9692457556359588,0.42091339459760513,0.9750904536598942,0.42091339459760513,0.9753687726134149,0.9753687726134149,0.8955122084299549,0.8917075831969449,0.8968903436988543,0.7330150068212824,0.8912984178941625,0.046143250688705235,0.0463931718061674,0.06366886688668867,0.045867768595041325,0.045454545454545456,0.2983759977979631,0.3114368690360946,0.25528120713305896,0.3616728573393864,0.37901675363911014,0.38722527472527474,0.28819157720891825,0.36841377402848846,0.2689248491497532,0.3678271638915646,0.37386769146307985,0.42126957955482275,0.35229637852088247,0.39038621839399834,0.3537330002775465,0.30954034161921956,0.3112315818737837,0.3969933184855234,0.2880011135857461,0.44436707979390055,0.7099289792508007,0.2718919671446471,0.7099289792508007,0.2024804905239688,0.21557971014492755,0.310359231411863,0.2269542519576865,0.19686554852900742,0.2324354346014996,0.25494566731680135,0.20119827225860387,0.8788374948833402,0.9743589743589743,0.40128696604600217,0.8917075831969449,0.9346431982535134,0.9743875278396437,1.0,0.6082172701949861,0.9753687726134149,0.9685412026726058,0.9528118040089086,0.9948510993598664,0.47715241014210086,0.9692457556359588,0.9411109564248921,0.049888517279821624,0.3278528633133621,0.8292513220150293,0.7427901200496757,0.8832781456953642,0.8734648820201463,0.0,0.8644834201151,0.8502879078694817,0.8611377655928718,0.45792079207920794,0.2856946354883081,0.862546251884336,0.864172149122807,0.864172149122807,0.741467458891806,0.6248617256637168,0.7329278407520045,0.4587714443829552,0.3175263449805879,0.7284667496197982,0.7395991706979959,0.7389441680486457,0.8377483443708609,0.6251035625517812,0.8269867549668874,0.4994473611494888,0.36566440349175555,0.8038376587520707,0.8345522285083483,0.8340231788079471,0.8377483443708609,0.5408092804861206,0.8280430582390285,0.4354370943239884,0.403771491957848,0.5425296879315107,0.8317924658479371,0.8358167770419426,0.19012721238938052,0.18724934310607108,0.18349004424778761,0.1770156271608353,0.07217066075633745,0.19012721238938052,0.19012721238938052,0.19012721238938052,0.9787234042553191,0.7088002186389724,0.9756897022671401,0.4608528726175785,0.3724440784959517,0.959061135371179,0.9781748738234893,0.9777656527076797,0.9787234042553191,0.48706303330580786,0.9773595199127114,0.36031439602868176,0.5295167490389896,0.4556213017751479,0.977632296781233,0.9787234042553191,0.0,0.0,0.0,0.0,0.0,0.0,0.0,0.0,0.0,0.0,0.0,0.0,0.0,0.0,0.0,0.0
CLF_A9_LightGBM,0.6262003726530028,0.3162575595873355,0.6229157759726379,0.3162575595873355,0.6227382818065251,0.6227382818065251,0.5479413817166783,0.5499369659616192,0.5476721494284917,0.5015169902912622,0.550385423966363,0.033218291630716136,0.03406640793445451,0.04272419627749577,0.03234152652005175,0.032808115691776385,0.2600266109104733,0.30531665363565286,0.23247232472324722,0.25406647807637905,0.30185285123223604,0.3194645441389291,0.25839892493760797,0.34484066767830046,0.23714504988488105,0.2557198169658571,0.3080973129992738,0.3348087818696884,0.26637474913336984,0.3089224059603852,0.25928610255481066,0.2723257153831381,0.28003089996137503,0.24715419110037945,0.20433320881583864,0.3256832515767344,0.44552944766554775,0.21144278606965175,0.44552944766554775,0.22404371584699453,0.24406138322472146,0.22333333333333333,0.19438487034509652,0.17153067301965455,0.19460842188114916,0.2172291993720565,0.16904522613065326,0.5544371987524809,0.5965800273597811,0.4225540876890676,0.5499369659616192,0.6119614512471655,0.6237157534246576,0.6082172701949861,1.0,0.6227382818065251,0.6263089944053938,0.6356747303993004,0.60876238314497,0.6279749478079332,0.6262003726530028,0.6384230656075316,0.03592552026286966,0.32095855431153014,0.518578352180937,0.5973012518289709,0.5626801152737753,0.5582236366266454,0.0,0.5124614953794455,0.5151643990929705,0.5122841499368244,0.418926296633303,0.33619281045751637,0.5127629733520337,0.5128923766816144,0.5128923766816144,0.4415183169045167,0.45368865778355544,0.44141608650570285,0.4127418765972983,0.3250890383854373,0.4455873583780561,0.4424126235068574,0.4423956335742735,0.5099080987937966,0.5359835503769705,0.51151339608979,0.48159057437407954,0.4102,0.5202962962962963,0.5117452082432628,0.5114569822741029,0.5099080987937966,0.5157894736842106,0.5107799160758212,0.43785524820007576,0.4602952913008779,0.4971367215461704,0.5130057803468208,0.5107178823190908,0.1343108504398827,0.13266705859298453,0.13089622641509435,0.13102081268582755,0.07166123778501629,0.1343108504398827,0.1343108504398827,0.1343108504398827,0.5961538461538461,0.6212602373391275,0.5956486042692939,0.4806640256555367,0.4528568544316576,0.6031922276197086,0.5964241845229972,0.5964505119453924,0.5961538461538461,0.5720180782078994,0.5967499658609859,0.45357216388717314,0.5990792250143872,0.550877893056664,0.5965870307167236,0.5961538461538461,0.0,0.0,0.0,0.0,0.0,0.0,0.0,0.0,0.0,0.0,0.0,0.0,0.0,0.0,0.0,0.0
CLF_A9_RF_200,0.9920284697508897,0.4303202846975089,0.9985761070767478,0.4303202846975089,1.0,1.0,0.9145763656633222,0.911219512195122,0.9162486064659978,0.7493028443948689,0.9110677446333983,0.04672108077680833,0.0469760900140647,0.06462489463332396,0.04643962848297214,0.04601745004221784,0.3045985093517086,0.2904386329043863,0.2605466012613875,0.3404430989404156,0.3873684210526316,0.3953684210526316,0.29473832301631964,0.3470742841333518,0.27466367713004486,0.3462226503371405,0.38190743338008415,0.42995508141493544,0.3597560975609756,0.39909103820480046,0.36141843971631205,0.31662643759761466,0.318175358817678,0.4064635535307517,0.29535744802050695,0.4542995444191344,0.7243243243243244,0.2786955283395044,0.7243243243243244,0.20683760683760682,0.22022792022792023,0.3178581600683566,0.23178436052225185,0.20103961787018826,0.2376153300212917,0.2606466315339695,0.2056980056980057,0.8972822299651568,0.9532123857591052,0.41010214075836016,0.911219512195122,0.9134825327510917,0.9964417876458868,0.9753687726134149,0.6227382818065251,1.0,0.9483142936751184,0.9752242631354122,0.9730030615084887,0.4876103674166904,0.9920284697508897,0.9203231647861819,0.050555397322700084,0.3061594202898551,0.8076548364648574,0.7227900552486188,0.8616169977924945,0.8515452538631346,0.0,0.8832259871184542,0.8676841220946514,0.8792886150399104,0.46823165588979476,0.2923639431866123,0.8809857182861943,0.8823858863063567,0.8823858863063567,0.7584063294716021,0.6389595702572802,0.7491875088314257,0.4691654879773692,0.3247802665154522,0.7443832132259431,0.7560045210511444,0.7555806725063577,0.8168391994478951,0.6043105830339873,0.8060731538992408,0.47816473189607517,0.3442827442827443,0.7826567246616957,0.8133885438233265,0.813112491373361,0.8168391994478951,0.5201768933112216,0.8066252587991718,0.4145364101146884,0.3825773338881953,0.5212707182320442,0.8106280193236715,0.8149068322981367,0.19468400961402516,0.1917420814479638,0.18789763890852537,0.18127828054298642,0.07423147754639467,0.19468400961402516,0.19468400961402516,0.19468400961402516,0.9573104200763776,0.6880382775119617,0.9542474733679323,0.43991769547325105,0.3514552443712246,0.9368435411267222,0.9564920894708129,0.9560829241680305,0.9573104200763776,0.4660608563954289,0.9559465357337698,0.3392192026486412,0.5085839857162477,0.4346090308370044,0.9562193126022913,0.9573104200763776,0.0,0.0,0.0,0.0,0.0,0.0,0.0,0.0,0.0,0.0,0.0,0.0,0.0,0.0,0.0,0.0
CLF_A9_XGBoost,0.9470670391061452,0.4125211984171849,0.9485785953177257,0.4125211984171849,0.9483142936751184,0.9483142936751184,0.8673761768317643,0.8653557285265602,0.8682487725040916,0.7222222222222222,0.8649460603577769,0.04573775134522798,0.04599490517973394,0.06165349887133183,0.045454545454545456,0.045029736618521665,0.3000704721634954,0.31494611457742483,0.2555820811683752,0.35250593326818375,0.37664519742369085,0.3854020734099187,0.28891393153965345,0.3712303553730709,0.27026267734232334,0.35609756097560974,0.3721646597591711,0.4203223545900491,0.34765404183154325,0.3833121558661584,0.34778311211522167,0.31301623469097123,0.3160673515981735,0.37966863240662735,0.27979054627795075,0.43652813118461975,0.6879720279720279,0.2662789048091928,0.6879720279720279,0.20564227409422883,0.21945280045838705,0.3008624346104906,0.22572030920590302,0.19729425028184894,0.23289230331483854,0.2557807593491293,0.20105668999000428,0.8560087599233507,0.9467794759825328,0.4085991288464241,0.8653557285265602,0.9198735568993953,0.9481388540359682,0.9685412026726058,0.6263089944053938,0.9483142936751184,1.0,0.9419617762788083,0.96644855909787,0.4887551926658072,0.9470670391061452,0.9383203952011292,0.04943401633471844,0.33009847295561584,0.8055555555555556,0.7431578947368421,0.8553285477636665,0.846525763226965,0.0,0.8357084132639079,0.8237474262182567,0.8328534210887152,0.4622203461376108,0.2930936880837815,0.8347730700671877,0.8356408498971899,0.8356408498971899,0.7157690710231206,0.6191077441077442,0.7083853083853083,0.464361626753578,0.3219519135012093,0.7060374739764053,0.71460238293156,0.713949300457127,0.8122753663256843,0.6314749470712774,0.8042364668420324,0.5079342589968829,0.3748574686431015,0.7859424920127795,0.809820193637621,0.8092933204259438,0.8122753663256843,0.5507862303442413,0.8035417819590481,0.4435152374202693,0.4150727947473594,0.5472896668548842,0.8075539568345323,0.8110911353892961,0.18467832957110608,0.18207480592801695,0.17807252716241004,0.17312040700960996,0.0724967953283008,0.18467832957110608,0.18467832957110608,0.18467832957110608,0.9500818330605565,0.7174186338874144,0.948339483394834,0.4687104486007594,0.3834958315670482,0.9340989882417282,0.9500613999181334,0.9493860845839017,0.9500818330605565,0.5009208103130756,0.9495156228680584,0.37047551454932576,0.5437085157463635,0.46876328091797703,0.949788511393096,0.9500818330605565,0.0,0.0,0.0,0.0,0.0,0.0,0.0,0.0,0.0,0.0,0.0,0.0,0.0,0.0,0.0,0.0
CLF_F7_ExtraTrees,0.9819406621757202,0.42432977803401556,0.9757834757834758,0.42432977803401556,0.9752242631354122,0.9752242631354122,0.8919710064120435,0.889136801004044,0.8931159420289855,0.7463676117929187,0.8892453619751709,0.04768765307592566,0.04794816414686825,0.06356722628784618,0.04739951015703789,0.04696729577870624,0.30698608521015636,0.2915961646926114,0.26385110952040086,0.3285694463715832,0.3858548410095537,0.3961725221365324,0.2976737507179782,0.3498801297419264,0.276991276991277,0.334211986681465,0.3814888762122076,0.4309581607882336,0.35602244927327675,0.3941269612782496,0.3567318757192175,0.3211954156390541,0.32220609579100146,0.39194611636572085,0.28897228637413397,0.4481913820435221,0.7016794762311415,0.27632150615496015,0.7016794762311415,0.2106106981489579,0.22431132487975514,0.31007640190283986,0.2332378223495702,0.2034165948894631,0.23830896192268713,0.2608885017421603,0.2064553649316662,0.8791224147568474,0.9316227651153268,0.4153934028273597,0.889136801004044,0.8993831391363948,0.9764722657921003,0.9528118040089086,0.6356747303993004,0.9752242631354122,0.9419617762788083,1.0,0.9501739735560195,0.4998540997957397,0.9819406621757202,0.9313669880884855,0.05162607554324048,0.3106049822064057,0.7870383275261325,0.7275407074677148,0.8387141280353201,0.8291471156500138,0.0,0.859983197983758,0.8459921524663677,0.8565625437736377,0.47305818286041845,0.2991649870429024,0.8580030808010083,0.8594034448956729,0.8594034448956729,0.735198530450756,0.636545897178863,0.7269513574660633,0.475956678700361,0.3306755581327921,0.7277628032345014,0.7337763325321646,0.7343330032536427,0.7941744892324683,0.6123397661642485,0.7868603042876902,0.48623853211009177,0.35219858156028366,0.7682808380740946,0.793198783522256,0.7931701921747546,0.7941744892324683,0.5269908386187456,0.7864252142659662,0.41985055688707174,0.3915944909839557,0.5223126578725793,0.7921682579216826,0.7939754041729998,0.18630960905055133,0.1838372259636051,0.17960469779432828,0.17592991526640817,0.07461605331787888,0.18630960905055133,0.18630960905055133,0.18630960905055133,0.9346699399890889,0.6997348960513464,0.9323678098100834,0.4465135816297956,0.35965158752458554,0.9176004372779448,0.9341154003546583,0.9337061792388487,0.9346699399890889,0.4769620966605608,0.9343613537117904,0.3465989274626023,0.520449754040759,0.4447731755424063,0.9346342794759825,0.9346699399890889,0.0,0.0,0.0,0.0,0.0,0.0,0.0,0.0,0.0,0.0,0.0,0.0,0.0,0.0,0.0,0.0
CLF_F7_GBM,0.9668800445310326,0.41795407098121085,0.972724742554968,0.41795407098121085,0.9730030615084887,0.9730030615084887,0.8929350791052919,0.8893889798145117,0.8945717403164212,0.7304596917200927,0.8889798145117294,0.045818382555892906,0.045924700041373605,0.06264628941208866,0.04554236820314656,0.04512834667402705,0.29782249173098124,0.31126194763817705,0.25432573468827246,0.3615819209039548,0.37876495667721083,0.38565145684442004,0.2874466032795921,0.3685231366029371,0.26815872579980776,0.36718104160925874,0.3736082474226804,0.4195189003436426,0.35031228313671064,0.3911166805903648,0.35212440988614274,0.30808782657031686,0.3092324805339266,0.3965709506551436,0.28922389726409825,0.44421199442119946,0.7063735040356248,0.27342549923195086,0.7063735040356248,0.20228954348736564,0.2155822395978777,0.3110956036287509,0.22630348053377355,0.19567909728911517,0.23075854404001112,0.2534504391468005,0.20016738736225415,0.8765179424205212,0.9725784447476126,0.4024155915454296,0.8893889798145117,0.9336428181321682,0.9714723072641247,0.9948510993598664,0.60876238314497,0.9730030615084887,0.96644855909787,0.9501739735560195,1.0,0.47745987438939286,0.9668800445310326,0.9395543175487465,0.04942063381264833,0.3278894472361809,0.8273942093541202,0.7452608274526082,0.882231119701781,0.871893981225842,0.0,0.8621540147985749,0.8469443683200877,0.8582979306564341,0.45658456034126876,0.28671907323127843,0.8599616333241984,0.8613318717456837,0.8613318717456837,0.7393587617468215,0.6220624827204866,0.7310564159292036,0.45682258510932744,0.3186431252606701,0.7254007739082365,0.7370093974571587,0.7365948037589829,0.8356561335725128,0.6225320999585807,0.8269097941704655,0.4979264583909317,0.3661482921410719,0.8009936516698868,0.83245928788297,0.8319304539809577,0.8356561335725128,0.5386740331491713,0.8277148383531362,0.43308935229940615,0.4043351396415173,0.5393320452663538,0.8299516908212561,0.8337242997102249,0.18728403593642018,0.18457071754458731,0.18130272438113676,0.17482710926694328,0.07189451769604441,0.18728403593642018,0.18728403593642018,0.18728403593642018,0.976404800872886,0.7083447332421341,0.9733679322589457,0.4607250755287009,0.3735039207593892,0.955940526531169,0.9755864702673214,0.975177304964539,0.976404800872886,0.4882052696923714,0.9750409165302782,0.3613491844069671,0.5305448541552009,0.45689060560077255,0.9753136933987998,0.976404800872886,0.0,0.0,0.0,0.0,0.0,0.0,0.0,0.0,0.0,0.0,0.0,0.0,0.0,0.0,0.0,0.0
CLF_F7_LightGBM,0.491326164874552,0.33969703257937334,0.48796124804103147,0.33969703257937334,0.4876103674166904,0.4876103674166904,0.41658522965238026,0.4173085002100546,0.4160858656258712,0.39644416718652525,0.41768249964971277,0.09261363636363637,0.09214629997164729,0.09535586699642759,0.09266628766344515,0.09181353041500853,0.20292001692763437,0.2975786377008373,0.22856493063452354,0.22319474835886213,0.24762093576526567,0.25073862517234585,0.2087462300732443,0.3234280792420327,0.23159543522040724,0.2175024582104228,0.2524504900980196,0.2771107668474051,0.24625935162094764,0.2518,0.2429635761589404,0.1894891122278057,0.19386683469859273,0.24052880820836622,0.23518850987432674,0.2673172598545733,0.29971049824775253,0.24641369736233226,0.29971049824775253,0.2169576059850374,0.2339369883403622,0.24221149627029398,0.20204128972396196,0.17939566975969545,0.1426342767996434,0.15607825895801275,0.1309192200557103,0.4210153148043108,0.46784345922276954,0.4497094322753688,0.4173085002100546,0.48364153627311524,0.48858773181169757,0.47715241014210086,0.6279749478079332,0.4876103674166904,0.4887551926658072,0.4998540997957397,0.47745987438939286,1.0,0.491326164874552,0.5055383252104564,0.1002906976744186,0.3144611186903138,0.42363636363636364,0.4958733367020381,0.4496339677891654,0.45427641313998224,0.0,0.3802856342761131,0.3839273037058072,0.38033707865168537,0.3772106109324759,0.3450264296011533,0.38094569945278517,0.3806053811659193,0.3806053811659193,0.29312107492332407,0.3156856297270635,0.2901189252679489,0.31737107405971304,0.2998192498870312,0.2969328789450289,0.2934718969555035,0.29360082003221555,0.3645566010835472,0.425271014750311,0.3635449583453031,0.41909708349980024,0.41957229195722917,0.3743362831858407,0.36586063814565745,0.3657698912421294,0.3645566010835472,0.4395647104547221,0.3621629374641423,0.4030827702702703,0.46551724137931033,0.42075038284839206,0.36691060410388865,0.36528571428571427,0.09070498428378986,0.08894393154694888,0.08235823582358236,0.08498519024834815,0.06682705159048383,0.09070498428378986,0.09070498428378986,0.09070498428378986,0.4674031642116748,0.5489120820803114,0.4668765398302765,0.48910933793400907,0.4871550903901047,0.47421820708825574,0.46778596778596776,0.4679776048067732,0.4674031642116748,0.5934959349593496,0.46744027303754265,0.5179945395879871,0.6076555023923444,0.5716915995397008,0.4675129675129675,0.4674031642116748,0.0,0.0,0.0,0.0,0.0,0.0,0.0,0.0,0.0,0.0,0.0,0.0,0.0,0.0,0.0,0.0
CLF_F7_RF_200,1.0,0.4303688876179583,0.9928785073351375,0.4303688876179583,0.9920284697508897,0.9920284697508897,0.9084448160535117,0.9056182908127701,0.9101170568561873,0.750244995100098,0.9052000557646731,0.04745714690466072,0.047713436216905,0.0645753850501625,0.04717382065448364,0.04674883127921802,0.30612533597397085,0.2900625434329395,0.2618074157620189,0.3358589337374294,0.38703312191684286,0.3968388371436636,0.2958404074702886,0.3478865406006674,0.2758280479210712,0.3418297051529347,0.3827177896814209,0.4312120784535064,0.35871886120996443,0.39720757942726886,0.35961292158815994,0.31767561393489435,0.31961120640365925,0.40219560878243515,0.29295814883588056,0.453,0.7180654338549075,0.2773409578270193,0.7180654338549075,0.20796904113515838,0.22144188046438298,0.3149628783552256,0.2323546019198193,0.20195025438100622,0.23751783166904422,0.26048375554601405,0.2059581781724434,0.892732598688799,0.9477418474553145,0.4124436936936937,0.9056182908127701,0.909041245561322,0.9910294745835113,0.9692457556359588,0.6262003726530028,0.9920284697508897,0.9470670391061452,0.9819406621757202,0.9668800445310326,0.491326164874552,1.0,0.9243803388881109,0.05132616487455197,0.3074982480728802,0.8025344659518173,0.7236166967133546,0.855546357615894,0.8454746136865342,0.0,0.8770652478297396,0.8620448179271709,0.8733893557422969,0.4690677966101695,0.29418423659261356,0.8748249789974797,0.8762251470176421,0.8762251470176421,0.7514475356588053,0.6387627695800226,0.7424777510947874,0.4710567486843977,0.32606216139150274,0.7398868458274399,0.7492937853107344,0.74936422718282,0.8100165562913907,0.6059975010412328,0.8017408123791102,0.4796499513821364,0.34639520290057174,0.7790376106194691,0.8078144415297529,0.80703933747412,0.8100165562913907,0.5225125069483046,0.8012979839823253,0.4166782487838777,0.38492672714584786,0.522976537553797,0.8063000828958276,0.8093331492475494,0.19318665720369055,0.19040181740735482,0.1863733144073811,0.18056542122460575,0.07469707769066286,0.19318665720369055,0.19318665720369055,0.19318665720369055,0.9513093289689034,0.6912714776632303,0.9479721425645228,0.44139547710976285,0.35359116022099446,0.9313685359530631,0.9504909983633388,0.9500818330605565,0.9513093289689034,0.46890150990441887,0.950211430909835,0.340918551408353,0.511676108884897,0.43725761772853183,0.9504842449870413,0.9513093289689034,0.0,0.0,0.0,0.0,0.0,0.0,0.0,0.0,0.0,0.0,0.0,0.0,0.0,0.0,0.0,0.0
CLF_F7_XGBoost,0.9243803388881109,0.40949640287769784,0.9208472686733556,0.40949640287769784,0.9203231647861819,0.9203231647861819,0.8397217296412495,0.8386832399945363,0.8411074740861975,0.7108266072919566,0.8385245901639344,0.04859185758062162,0.04870224555263925,0.06220095693779904,0.04830001459214942,0.04786225010944112,0.296136722677007,0.3183204997820718,0.25874730021598275,0.3419601187950785,0.37183138706921104,0.3803418803418803,0.28772838440512155,0.3723958333333333,0.27270110807310405,0.34770927601809953,0.36746902150690786,0.4148390771859869,0.34442044636429087,0.38134983450856236,0.3453289189578235,0.31195462478184993,0.3146853146853147,0.3723449750534569,0.2804401331982047,0.43167121712889783,0.6573582798101089,0.2699359720605355,0.6573582798101089,0.20846809761834756,0.22390696305019872,0.2980533525594809,0.22777697738078087,0.1986420109794857,0.22923925667828107,0.25076363636363636,0.20040929688642012,0.8300232844815779,0.9209340434248259,0.4162582876909772,0.8386832399945363,0.8993103448275862,0.9209315297726955,0.9411109564248921,0.6384230656075316,0.9203231647861819,0.9383203952011292,0.9313669880884855,0.9395543175487465,0.5055383252104564,0.9243803388881109,1.0,0.052281789986708016,0.33660609613130127,0.7832539904788575,0.7491054816087018,0.8319037078029884,0.822560553633218,0.0,0.8084406686763497,0.795937971730479,0.8050719671007539,0.46640771112070206,0.3002618562700029,0.8067434210526315,0.8078662464026313,0.8078662464026313,0.68681698713515,0.6076541459957477,0.6794072843096524,0.4679895712630359,0.3268641470888662,0.6802834514380992,0.6853979238754325,0.6861495844875346,0.7832872928176795,0.6364160184384904,0.7771776762221299,0.516260162601626,0.38498753848409323,0.7624617098301308,0.7827891532927505,0.7832525951557093,0.7832872928176795,0.5534036710507299,0.776255707762557,0.44920174165457183,0.42678807460713764,0.5433816147999426,0.7822413076603407,0.7830775611779345,0.17365783822476735,0.17134670487106018,0.1672873102262962,0.16508484325568018,0.07413919413919413,0.17365783822476735,0.17365783822476735,0.17365783822476735,0.9229405346426623,0.7275064267352185,0.9208800218638973,0.4757994814174589,0.3937808776518454,0.9097631110502533,0.9226466575716235,0.9224996588893437,0.9229405346426623,0.5147894506775462,0.9221009549795361,0.3808411214953271,0.5587509077705156,0.48257763522379354,0.9223738062755799,0.9229405346426623,0.0,0.0,0.0,0.0,0.0,0.0,0.0,0.0,0.0,0.0,0.0,0.0,0.0,0.0,0.0,0.0
D4_f8_strategy_A_drop_nan,0.05132616487455197,0.118190822053483,0.05071947570879043,0.118190822053483,0.050555397322700084,0.050555397322700084,0.05327380952380952,0.052851597491788596,0.05317884729649436,0.06381055676066522,0.053032566477442485,0.7579185520361991,0.7284768211920529,0.5920138888888888,0.753393665158371,0.746606334841629,0.08547717842323652,0.03054911059551431,0.08511627906976744,0.030789825970548863,0.04573467401881284,0.07573770491803279,0.08958422631804544,0.03151190077103587,0.09143881667413715,0.03445990722332671,0.04827586206896552,0.07565588773642465,0.07647058823529412,0.03202846975088968,0.08057395143487858,0.017926734216679657,0.021085513471300273,0.0407503234152652,0.07174295774647887,0.04714201532115498,0.03624288425047438,0.06721915285451197,0.03624288425047438,0.10225197808886184,0.09924985574148874,0.05923202614379085,0.09425168306576903,0.11649911295091661,0.04044489383215369,0.037914691943127965,0.042799305957200696,0.05173978819969743,0.048323066392881586,0.09169329073482428,0.052851597491788596,0.048426150121065374,0.05048488305761552,0.049888517279821624,0.03592552026286966,0.050555397322700084,0.04943401633471844,0.05162607554324048,0.04942063381264833,0.1002906976744186,0.05132616487455197,0.052281789986708016,1.0,0.035509736540664374,0.05274542429284526,0.010958427552617847,0.02459508098380324,0.03222357971899817,0.0,0.05239497752286467,0.052980132450331126,0.052312003736571695,0.043574186431329286,0.020993136859103756,0.052525252525252523,0.05244375484871994,0.05244375484871994,0.01455629603647843,0.014603044014808721,0.009890498057223597,0.010851871947911014,0.002614867388868136,0.014818782360292805,0.014064697609001406,0.013893774182201899,0.013878060190238578,0.012888707037643207,0.010698552548772814,0.013309894525364139,0.008632138114209827,0.014448051948051948,0.01393237319974953,0.013777986535149523,0.013878060190238578,0.013311536665109761,0.008630158481092108,0.015332197614991482,0.011318446007953502,0.013268156424581005,0.013976130653266331,0.013908423191123613,0.025802752293577983,0.02613240418118467,0.002880184331797235,0.009540846750149075,0.002173913043478261,0.025802752293577983,0.025802752293577983,0.025802752293577983,0.048827059465357335,0.03418803418803419,0.048676813382695736,0.037037037037037035,0.01921229586935639,0.04883818004730764,0.048723897911832945,0.04860068259385666,0.048827059465357335,0.01891132123690263,0.04832104832104832,0.019745649263721552,0.024407582938388624,0.01924640824071564,0.04845093489832128,0.048827059465357335,0.0,0.0,0.0,0.0,0.0,0.0,0.0,0.0,0.0,0.0,0.0,0.0,0.0,0.0,0.0,0.0
L2b_lu_implausible_damage,0.3074982480728802,0.1306448225162781,0.30642687857242434,0.1306448225162781,0.3061594202898551,0.3061594202898551,0.23995627220552063,0.24047162051000823,0.23956343792633014,0.21432973805855163,0.24040043883708173,0.03315946348733234,0.033854166666666664,0.04072883172561629,0.03318419090231171,0.033221351250466595,0.16054353296426774,0.2672648178357803,0.1276374055743683,0.3496410529114597,0.1693548387096774,0.15470459518599564,0.14915168397062548,0.27558461151621827,0.12690742624618515,0.3532522474881015,0.16662918821677536,0.16645542881284325,0.16406619385342788,0.1968612970228479,0.16399244926852288,0.16363636363636364,0.16704631738800305,0.14367185786356657,0.0878958998281365,0.18387372013651876,0.25348798117330645,0.07903951975987994,0.25348798117330645,0.19792322215229705,0.22211779448621555,0.08538315988647115,0.13039889958734527,0.12092352092352092,0.11007667031763417,0.12345679012345678,0.09956584659913169,0.24174299195115181,0.32101806239737274,0.21204657411553962,0.24047162051000823,0.32742232940842675,0.3060825892857143,0.3278528633133621,0.32095855431153014,0.3061594202898551,0.33009847295561584,0.3106049822064057,0.3278894472361809,0.3144611186903138,0.3074982480728802,0.33660609613130127,0.035509736540664374,1.0,0.39437091640140726,0.3643194128953346,0.3174153111475899,0.3141699189432603,0.0,0.24627606752730885,0.24913594470046083,0.24626334519572954,0.2422093273157103,0.22000539228902669,0.2468363429546424,0.24648587249751527,0.24648587249751527,0.25702746365105006,0.2711429095578793,0.2579908675799087,0.25785887008133657,0.2516715699384862,0.25984251968503935,0.25732793522267206,0.25765678172095285,0.33030682529743266,0.36215686274509806,0.3316463703938004,0.35315234462643036,0.3653376729048006,0.3378224890475418,0.33160458903033163,0.3314995284501729,0.33030682529743266,0.3510343356792493,0.33080568720379144,0.3285646161182642,0.3785751430057202,0.35257775884107373,0.3311811023622047,0.33061480552070266,0.08514908256880734,0.08381336405529954,0.08381670533642692,0.08308866705813271,0.054571738344777736,0.08514908256880734,0.08514908256880734,0.08514908256880734,0.3210583742498636,0.3739270386266094,0.3214579336804604,0.3462603878116344,0.35363303711447985,0.32619279454722494,0.3213213213213213,0.32145295643861804,0.3210583742498636,0.38816705336426915,0.3211359912616057,0.3516483516483517,0.39277055322900595,0.3903381642512077,0.32104832104832104,0.3210583742498636,0.0,0.0,0.0,0.0,0.0,0.0,0.0,0.0,0.0,0.0,0.0,0.0,0.0,0.0,0.0,0.0
L2b_lu_plausible_damage,0.8025344659518173,0.3724832214765101,0.8073764787752261,0.3724832214765101,0.8076548364648574,0.8076548364648574,0.7308689128359024,0.7277936962750716,0.7322695035460993,0.5933471933471933,0.7273843634875153,0.04979457682826623,0.050607952678278015,0.06684098708939369,0.05015622430521296,0.05018098058571899,0.2749108941577561,0.27637260950030845,0.24866394215655455,0.3804002541296061,0.3573513596558611,0.35321868817531576,0.26461920272995193,0.32136882129277566,0.26053579821400596,0.38421302900618165,0.34994632725042174,0.3850234955282704,0.3407128277594599,0.3807656102918105,0.34023204766384446,0.2719257540603248,0.2680746107599815,0.4321167883211679,0.3244444444444444,0.4163189615206305,0.6109413647606576,0.30755277044854884,0.6109413647606576,0.18015582763555416,0.18961696739474518,0.3500082277439526,0.22428277064511015,0.1963943841735801,0.2169152649952396,0.23199620972836388,0.18776033322652996,0.7171951886276654,0.8104789193614409,0.3264766382603585,0.7277936962750716,0.7799121844127332,0.8058725299192875,0.8292513220150293,0.518578352180937,0.8076548364648574,0.8055555555555556,0.7870383275261325,0.8273942093541202,0.42363636363636364,0.8025344659518173,0.7832539904788575,0.05274542429284526,0.39437091640140726,1.0,0.6562273452225605,0.7952676381474535,0.7901591895803184,0.0,0.759114768052206,0.7433678535962548,0.7558552164655784,0.41961317618615895,0.2736660929432014,0.7568449425450419,0.7582635834870194,0.7582635834870194,0.6487268518518519,0.5480839817941565,0.6433130258195532,0.41255673222390316,0.30240226095148376,0.6352975242507601,0.646505570829113,0.6463096960926193,0.7036568213783404,0.5289519397799652,0.6965040879616577,0.43094496365524404,0.32694077938017796,0.6718353538201297,0.7003798002532001,0.7000984667323111,0.7036568213783404,0.4632352941176471,0.6963505706636607,0.3792223389881399,0.35557920340529037,0.46228353390079246,0.6975664650443101,0.7019271346180898,0.17909496494582536,0.17633928571428573,0.17462853490973,0.16751918158567775,0.070808064251762,0.17909496494582536,0.17909496494582536,0.17909496494582536,0.8141025641025641,0.5982458622153063,0.8110913809588854,0.39955555555555555,0.3222071868891896,0.7972936030617824,0.8135315782294367,0.8133697135061392,0.8141025641025641,0.4208734270910437,0.8127386797599564,0.31600547195622436,0.4583088667058133,0.38973750556132286,0.813011456628478,0.8141025641025641,0.0,0.0,0.0,0.0,0.0,0.0,0.0,0.0,0.0,0.0,0.0,0.0,0.0,0.0,0.0,0.0
L2b_s2__lu__date_persistent_loss_mean,0.7236166967133546,0.3221633416458853,0.7225138121546961,0.3221633416458853,0.7227900552486188,0.7227900552486188,0.6606192879552585,0.6613785557986871,0.6624829467939972,0.5635768190232094,0.6618773946360154,0.010843373493975903,0.012224517906336088,0.02192386131883073,0.01084710743801653,0.010852713178294573,0.23332800255877179,0.313864906043677,0.22712256359431782,0.3350751143043762,0.32147395171537485,0.29294644235221484,0.22698795180722892,0.3610324729392173,0.2309578293559987,0.3340909090909091,0.3186953062848051,0.3203675344563553,0.3025974025974026,0.34995112414467255,0.288992297817715,0.2753143613500993,0.27517777410286093,0.34378535639243574,0.28274569919945497,0.37105721984466633,0.5038461538461538,0.27191628066563733,0.5038461538461538,0.19788414845646896,0.21989893709705524,0.29509853461344115,0.20572002007024587,0.1716155007549069,0.19432387312186977,0.2090939263192831,0.16773865944482058,0.6595041322314049,0.7447332421340629,0.41013748550604606,0.6613785557986871,0.7432129862860342,0.7219842476164157,0.7427901200496757,0.5973012518289709,0.7227900552486188,0.7431578947368421,0.7275407074677148,0.7452608274526082,0.4958733367020381,0.7236166967133546,0.7491054816087018,0.010958427552617847,0.3643194128953346,0.6562273452225605,1.0,0.7222061796130522,0.7233609536269807,0.0,0.6305391686102346,0.621539732819171,0.6291054005771609,0.4524043179587831,0.3325760223698008,0.6294618341570566,0.6299396267837541,0.6299396267837541,0.5824607329842932,0.5443486295041576,0.5823822066139889,0.4627756590946775,0.37480120162572894,0.5792557866979198,0.582289542674046,0.5827747012532789,0.6852659110723627,0.6231017770597739,0.6869234148484404,0.5330758898589657,0.4519814352017137,0.6747859462651313,0.685061153174141,0.685997377240274,0.6852659110723627,0.562862348848766,0.6899838686024343,0.45601074546675624,0.49395448079658605,0.5419386422976501,0.6868155935173018,0.6861717612809316,0.13389328063241107,0.13157460840890353,0.13439522150323543,0.13187729243081028,0.07675791733762748,0.13389328063241107,0.13389328063241107,0.13389328063241107,0.7438625204582652,0.7088748019017432,0.7426500752085328,0.4981549815498155,0.44661890616809363,0.7423803613294718,0.7435197817189632,0.7435862445414847,0.7438625204582652,0.577731457356262,0.744401966138722,0.4353957341794465,0.6181068544923553,0.5450104675505931,0.7444368600682594,0.7438625204582652,0.0,0.0,0.0,0.0,0.0,0.0,0.0,0.0,0.0,0.0,0.0,0.0,0.0,0.0,0.0,0.0
L2b_s2__lu__loss_count_mean,0.855546357615894,0.3826567728793831,0.8613410596026491,0.3826567728793831,0.8616169977924945,0.8616169977924945,0.7995090016366612,0.796698048847046,0.8011456628477905,0.6390330510789402,0.796043656207367,0.02391562685680333,0.02541617122473246,0.041771589394163824,0.023618538324420676,0.023629068212215783,0.2569454440765798,0.3125560538116592,0.2425,0.3645941534352278,0.35499782387929785,0.33708025042686396,0.24935064935064935,0.3615225118483412,0.24923301680058438,0.36535619272834763,0.3435334872979215,0.36475583864118893,0.33866193013617524,0.3727688449623838,0.3332842415316642,0.27267424905220183,0.27107293638084146,0.42221545025140944,0.30909369259032454,0.4030760301799187,0.6171252968291661,0.29296336041698606,0.6171252968291661,0.15891812865497076,0.16737010624363266,0.33512187643722213,0.21820873427091045,0.18349844743457044,0.20471628592483418,0.2173530704968489,0.17405485544848034,0.7857338070511068,0.8798962740548656,0.375018029712967,0.796698048847046,0.8454059975352595,0.8600993377483444,0.8832781456953642,0.5626801152737753,0.8616169977924945,0.8553285477636665,0.8387141280353201,0.882231119701781,0.4496339677891654,0.855546357615894,0.8319037078029884,0.02459508098380324,0.3174153111475899,0.7952676381474535,0.7222061796130522,1.0,0.9572818485861964,0.0,0.7704760598161613,0.7552476334202223,0.7668450665568821,0.4300158890654341,0.2849286563614744,0.7682809713266566,0.769652901632597,0.769652901632597,0.6693785944732782,0.5665674181199489,0.6662911855815263,0.4286543765423138,0.31894484412470026,0.6554433221099888,0.6674617651185633,0.6670408306440297,0.7684653118430274,0.5889447236180905,0.7624736472241743,0.48406432748538014,0.37986132047030446,0.7351950603424081,0.7649614576033636,0.764928511354079,0.7684653118430274,0.5220556121706217,0.7665117589071961,0.43055350553505534,0.41005686920083806,0.5209937527241029,0.7628996074032529,0.7665031534688157,0.17633928571428573,0.1732400654859354,0.17566960945683077,0.16778824585015703,0.07433979545107618,0.17633928571428573,0.17633928571428573,0.17633928571428573,0.8829787234042553,0.6659139026111504,0.8795575583777141,0.4577413212245496,0.37640615748963885,0.8640273037542662,0.8821603927986906,0.882007911608239,0.8829787234042553,0.49055768663322513,0.8818715045696358,0.3764458464773922,0.5252776154295733,0.45663716814159294,0.8821443186468422,0.8829787234042553,0.0,0.0,0.0,0.0,0.0,0.0,0.0,0.0,0.0,0.0,0.0,0.0,0.0,0.0,0.0,0.0
L2b_s2__lu__loss_fraction_mean,0.8454746136865342,0.3814825666569001,0.8512693156732892,0.3814825666569001,0.8515452538631346,0.8515452538631346,0.7895526459356247,0.7862501705087983,0.7914336379757195,0.6319605965248324,0.7858409493929887,0.029900332225913623,0.030962090318682977,0.04850858692377222,0.02944285067190095,0.029145273331319842,0.2571138211382114,0.3138201569100785,0.2403376277210129,0.3596125186289121,0.3491046731693114,0.34004024144869216,0.2501820299985438,0.36058481277040133,0.24860088365243005,0.36343350193394824,0.34112692419401686,0.3662193032552827,0.33656138259833135,0.36623261319917133,0.3327396853665776,0.2722328384536234,0.2715523571743281,0.42083461184412396,0.3111660995978967,0.39694323144104804,0.6080514397539838,0.2936716695033266,0.6080514397539838,0.15550978372811536,0.16471277842907386,0.33642835035592694,0.21695016413011042,0.1837313432835821,0.20586484072640668,0.2173591601360343,0.1761355119172538,0.7747883092051352,0.8694228407695457,0.375,0.7862501705087983,0.8339034067587905,0.8500275938189845,0.8734648820201463,0.5582236366266454,0.8515452538631346,0.846525763226965,0.8291471156500138,0.871893981225842,0.45427641313998224,0.8454746136865342,0.822560553633218,0.03222357971899817,0.3141699189432603,0.7901591895803184,0.7233609536269807,0.9572818485861964,1.0,0.0,0.760460968582796,0.7461908030199039,0.7570683502607741,0.42564920934281153,0.28035847647498136,0.7585071350164654,0.7598792535675082,0.7598792535675082,0.6596043215939386,0.557542216546048,0.6536839145106862,0.42342998688620137,0.31430722891566265,0.6463568721044504,0.6576842105263158,0.6572631578947369,0.7587270433197812,0.5818705035971223,0.7507372560033703,0.48162305204351663,0.37883389006984514,0.7271322186314458,0.7552222066451704,0.7549418197112014,0.7587270433197812,0.518724400234055,0.7535151856017998,0.42905957510028225,0.40925535122098283,0.5165572574762947,0.7536475869809203,0.7567643347819991,0.17456508698260348,0.17179294823705926,0.17070236125733193,0.1650602409638554,0.07302418733631182,0.17456508698260348,0.17456508698260348,0.17456508698260348,0.8730223677032187,0.6584193411565107,0.8698443048347446,0.4577246569278442,0.37496274217585696,0.8543145821955216,0.8722040370976542,0.8717948717948718,0.8730223677032187,0.48592592592592593,0.871658483360611,0.3753971856559237,0.519941348973607,0.4522962962962963,0.8719312602291326,0.8730223677032187,0.0,0.0,0.0,0.0,0.0,0.0,0.0,0.0,0.0,0.0,0.0,0.0,0.0,0.0,0.0,0.0
L2b_s2__lu__urban_retained_mean,0.0,0.0,0.0,0.0,0.0,0.0,0.0,0.0,0.0,0.0,0.0,0.0,0.0,0.0,0.0,0.0,0.0,0.0,0.0,0.0,0.0,0.0,0.0,0.0,0.0,0.0,0.0,0.0,0.0,0.0,0.0,0.0,0.0,0.0,0.0,0.0,0.0,0.0,0.0,0.0,0.0,0.0,0.0,0.0,0.0,0.0,0.0,0.0,0.0,0.0,0.0,0.0,0.0,0.0,0.0,0.0,0.0,0.0,0.0,0.0,0.0,0.0,0.0,0.0,0.0,0.0,0.0,0.0,,0.0,0.0,0.0,0.0,0.0,0.0,0.0,0.0,0.0,0.0,0.0,0.0,0.0,0.0,0.0,0.0,0.0,0.0,0.0,0.0,0.0,0.0,0.0,0.0,0.0,0.0,0.0,0.0,0.0,0.0,0.0,0.0,0.0,0.0,0.0,0.0,0.0,0.0,0.0,0.0,0.0,0.0,0.0,0.0,0.0,0.0,0.0,0.0,0.0,0.0,0.0,0.0,0.0,0.0,0.0,0.0,0.0,0.0,0.0,0.0,0.0,0.0,0.0,0.0,0.0,0.0,0.0,0.0,0.0,0.0,0.0,0.0
NB08b_BDA_CARD_AdaBoost,0.8770652478297396,0.41807824913806024,0.8829459535144217,0.41807824913806024,0.8832259871184542,0.8832259871184542,0.9529254529254529,0.9490644490644491,0.9547074547074547,0.789583956899132,0.9486189486189486,0.05807846771702194,0.059005251776336115,0.07970342910101946,0.057769539697250544,0.05730614766759345,0.34213778189681804,0.19176213857064922,0.29842446709916587,0.29425904977375567,0.43605189990732157,0.4448563484708063,0.3307074451652765,0.2479541734860884,0.31417979610750696,0.30019796380090497,0.4311090515909793,0.482700030892802,0.39962680765044317,0.44036697247706424,0.4010262789612813,0.35048981495879333,0.3509563053957394,0.44472088322189396,0.3229668791789768,0.4969678121598507,0.7935002332452185,0.30477375213808117,0.7935002332452185,0.22593686829419996,0.24055356865184263,0.34753537552480174,0.26444238492431266,0.22968798270003088,0.2643445809360908,0.2848701601617167,0.2246928937956772,0.9342144342144342,0.8727495908346972,0.4092664092664093,0.9490644490644491,0.8322422258592471,0.8816858022962756,0.8644834201151,0.5124614953794455,0.8832259871184542,0.8357084132639079,0.859983197983758,0.8621540147985749,0.3802856342761131,0.8770652478297396,0.8084406686763497,0.05239497752286467,0.24627606752730885,0.759114768052206,0.6305391686102346,0.7704760598161613,0.760460968582796,0.0,1.0,0.9827398538329964,0.9953350956305396,0.5327320789923806,0.3375835795366195,0.9975120510029545,0.999067019126108,0.999067019126108,0.843881200435391,0.711397916342715,0.8334629140102627,0.5237132638780905,0.3616855854454984,0.828176022391541,0.8412377546260301,0.8407712641890841,0.7592333519865697,0.5422495803021824,0.7483212087297146,0.4141018466703973,0.27462227196418576,0.7238388360380527,0.7557358701734751,0.7554560716284275,0.7592333519865697,0.4566312255176273,0.7488808058198098,0.34988808058198095,0.3121152770005596,0.4585898153329603,0.7529378847229995,0.7572747621712367,0.2225159384232623,0.21909500855232467,0.21505209143212564,0.20758824444098897,0.08770020214585601,0.2225159384232623,0.2225159384232623,0.2225159384232623,0.877114020731042,0.6039279869067103,0.8713857064920895,0.3514729950900164,0.2624113475177305,0.8563829787234043,0.8762956901254774,0.875886524822695,0.877114020731042,0.37206764866339337,0.8757501363884342,0.24386252045826515,0.41789416257501366,0.3411074740861975,0.8760229132569558,0.877114020731042,0.0,0.0,0.0,0.0,0.0,0.0,0.0,0.0,0.0,0.0,0.0,0.0,0.0,0.0,0.0,0.0
NB08b_BDA_CARD_ExtraTrees,0.8620448179271709,0.40544197233914614,0.8674040884906189,0.40544197233914614,0.8676841220946514,0.8676841220946514,0.9401874721023658,0.9360309431716751,0.9387997623291741,0.7750973928678454,0.9352967425256582,0.05875883739198743,0.05970149253731343,0.0807541241162608,0.0584446190102121,0.0579732914375491,0.3474709393653786,0.18976692869948972,0.29791894852135814,0.29152978145979147,0.43240293154529863,0.44534792806880374,0.33521745956979115,0.24830824471758045,0.3147017379051198,0.30161914314371685,0.42719052073589026,0.4815740162398501,0.398458392323423,0.43583307185440856,0.4023006618342263,0.3521526573095726,0.35241248817407755,0.42946122703207723,0.3065193714018982,0.4894349663484113,0.8011668243456322,0.2883149214252373,0.8011668243456322,0.22990506329113924,0.24477848101265823,0.33089607965152457,0.2658723937921304,0.23214566002197456,0.2598177819666981,0.28115668709728114,0.22283464566929134,0.933812518718179,0.8586244541484717,0.4154844551765771,0.9360309431716751,0.8290774299835255,0.866928141196246,0.8502879078694817,0.5151643990929705,0.8676841220946514,0.8237474262182567,0.8459921524663677,0.8469443683200877,0.3839273037058072,0.8620448179271709,0.795937971730479,0.052980132450331126,0.24913594470046083,0.7433678535962548,0.621539732819171,0.7552476334202223,0.7461908030199039,0.0,0.9827398538329964,1.0,0.9805386890860969,0.5413569508144868,0.3435126582278481,0.9851909586905689,0.9836575875486381,0.9836575875486381,0.8283268482490272,0.7214409859377469,0.8210165263486124,0.531699604743083,0.3673888976751542,0.8256780059570465,0.8282418952618454,0.8272047366780929,0.7451694203304396,0.549481754933977,0.7369232926658252,0.42043194089229896,0.2789540997584198,0.7283793347487615,0.7446002805049088,0.7433417437622653,0.7451694203304396,0.4623793299261783,0.7355371900826446,0.3542524492403805,0.31703851072900385,0.46436683702441794,0.7403307174887892,0.743453297857443,0.22371329333754342,0.2202399747395011,0.21613514366908745,0.20874782883309648,0.08717624763108023,0.22371329333754342,0.22371329333754342,0.22371329333754342,0.861974904528096,0.6127647791776271,0.8572598253275109,0.3565000692233144,0.2664450907076582,0.8546503640609974,0.8624266411901187,0.8620171966698512,0.861974904528096,0.3775962337302686,0.8606110201854883,0.2474383827194683,0.4241207421766824,0.34616449736914984,0.8608837970540099,0.861974904528096,0.0,0.0,0.0,0.0,0.0,0.0,0.0,0.0,0.0,0.0,0.0,0.0,0.0,0.0,0.0,0.0
NB08b_BDA_CARD_GBM,0.8733893557422969,0.4176187612748046,0.8790085422209775,0.4176187612748046,0.8792886150399104,0.8792886150399104,0.9490493166963755,0.9448982622902123,0.9502524502524502,0.7864310319005542,0.9447415329768271,0.05802047781569966,0.0589512876202296,0.07973937325473161,0.057710207880856346,0.05724480297859137,0.3418565008523167,0.1910819313363425,0.29800092980009296,0.29312544294826365,0.4354089219330855,0.44379064725921336,0.33080142613548286,0.24726477024070023,0.31401115933044016,0.3007380073800738,0.43067389620449265,0.48058177317035433,0.39844115354637566,0.44063036355125607,0.40028067986901605,0.3502340093603744,0.35049134300421153,0.4434226932668329,0.32200218306564793,0.4953256466188844,0.79217946720673,0.30355472404115996,0.79217946720673,0.2262295081967213,0.2409055425448868,0.3466396382348355,0.2637124264022312,0.2292312461252325,0.2647931303669009,0.28540202966432476,0.2247892600686856,0.9317675040880036,0.8691678035470668,0.40920601817369284,0.9448982622902123,0.8293981165552068,0.8780112044817927,0.8611377655928718,0.5122841499368244,0.8792886150399104,0.8328534210887152,0.8565625437736377,0.8582979306564341,0.38033707865168537,0.8733893557422969,0.8050719671007539,0.052312003736571695,0.24626334519572954,0.7558552164655784,0.6291054005771609,0.7668450665568821,0.7570683502607741,0.0,0.9953350956305396,0.9805386890860969,1.0,0.5325951341235184,0.33832943013270883,0.9940874435973238,0.9962645914396887,0.9962645914396887,0.8400746733042938,0.710190090370832,0.8313609467455622,0.5233120224543896,0.36231657820793006,0.8263510356642267,0.839146683276238,0.8375350140056023,0.7557732680195941,0.5415030846887269,0.7458339168183727,0.4136625052602048,0.2750631844987363,0.7220509946763799,0.7535014005602241,0.7524849503009939,0.7557732680195941,0.4563052321503717,0.7456606942889138,0.3498456357002526,0.312508774392812,0.45826904194136625,0.7494751574527642,0.753813855843247,0.2218408736349454,0.21840873634945399,0.21435257410296413,0.20686427457098283,0.08726194192944114,0.2218408736349454,0.2218408736349454,0.2218408736349454,0.8730223677032187,0.6035543403964456,0.868058398144358,0.3514363885088919,0.26297056810403835,0.854061433447099,0.8732259825327511,0.8728165938864629,0.8730223677032187,0.3726563569180238,0.871658483360611,0.24435318275154005,0.4182514707894377,0.3415902559189818,0.8719312602291326,0.8730223677032187,0.0,0.0,0.0,0.0,0.0,0.0,0.0,0.0,0.0,0.0,0.0,0.0,0.0,0.0,0.0,0.0
NB08b_BDA_CARD_LightGBM,0.4690677966101695,0.2560809496010897,0.4681568958245466,0.2560809496010897,0.46823165588979476,0.46823165588979476,0.5098214285714285,0.5113500597371565,0.5089126559714795,0.462669498447966,0.5111277072442121,0.058645374449339205,0.06058936931974663,0.06722013926084627,0.058969413061449434,0.05931034482758621,0.279027902790279,0.14522572912504994,0.2832026609645997,0.2179080824088748,0.3313584426576386,0.3260233918128655,0.2615246233415786,0.17203890902155256,0.30033081285444235,0.21396352225926651,0.3212325875897003,0.3418803418803419,0.34048736865638274,0.32108929702343253,0.3479236812570146,0.28973660308810173,0.29630474452554745,0.2912900575184881,0.23247480403135498,0.34402273188552873,0.4542199488491049,0.22715880610617453,0.4542199488491049,0.2283484390735146,0.25359213511469625,0.24253731343283583,0.29914744232698093,0.28327291558777834,0.1890512642078404,0.2065167508031207,0.1889187210153771,0.5165733313152717,0.46810840405146453,0.4520824003582624,0.5113500597371565,0.47866156245569264,0.4683366169434281,0.45792079207920794,0.418926296633303,0.46823165588979476,0.4622203461376108,0.47305818286041845,0.45658456034126876,0.3772106109324759,0.4690677966101695,0.46640771112070206,0.043574186431329286,0.2422093273157103,0.41961317618615895,0.4524043179587831,0.4300158890654341,0.42564920934281153,0.0,0.5327320789923806,0.5413569508144868,0.5325951341235184,1.0,0.4889598297419526,0.5340607950116913,0.5332295719844358,0.5332295719844358,0.4679157685292655,0.5173525507301346,0.46873955198930123,0.5454959053685169,0.4536264847106394,0.475636486258641,0.46923844363152645,0.46922821024617434,0.4181979845880261,0.4643900657414171,0.4190461952459261,0.41719872306464484,0.34523022692222954,0.4325030750307503,0.41975308641975306,0.41945560017849176,0.4181979845880261,0.4057695957487189,0.4190077704722056,0.32218905472636816,0.370752688172043,0.39152447027939247,0.4195230998509687,0.4188567186340015,0.1345480028030834,0.1336459554513482,0.13259538389072067,0.13168528642738292,0.08630547236591342,0.1345480028030834,0.1345480028030834,0.1345480028030834,0.4672667757774141,0.5811811450243815,0.4641344445962563,0.45469869363674675,0.3642514185945002,0.4769530706029801,0.46764946764946763,0.4676406335335882,0.4672667757774141,0.43774200122274304,0.4675040961223375,0.3105443634804972,0.4734848484848485,0.40986991534173034,0.4673764673764674,0.4672667757774141,0.0,0.0,0.0,0.0,0.0,0.0,0.0,0.0,0.0,0.0,0.0,0.0,0.0,0.0,0.0,0.0
NB08b_BDA_CARD_LogReg,0.29418423659261356,0.17806977797915724,0.29244619496413,0.17806977797915724,0.2923639431866123,0.2923639431866123,0.3230654761904762,0.32432028682402153,0.3224896019013666,0.29770734996628456,0.32446570019429083,0.04519774011299435,0.045509464357631896,0.04597701149425287,0.045234248788368334,0.04528912252325111,0.21110199617172545,0.11061507936507936,0.21797884841363102,0.17818444497953287,0.25329684000995273,0.22924710424710426,0.205703211517165,0.13273106323835998,0.2366812227074236,0.17388201712654613,0.24471524496393932,0.23302540415704387,0.2365675534689619,0.26020151133501257,0.25594923320994184,0.200488334237656,0.20489795918367346,0.2234922178988327,0.17901748542880933,0.25309362596310997,0.29154829545454547,0.18096054888507718,0.29154829545454547,0.2410958904109589,0.2633367312266395,0.18123324396782842,0.21060746222633364,0.23490156823490158,0.1486646884272997,0.16028985507246377,0.14539119417168198,0.3290371493555724,0.2972195589645254,0.3980219192729217,0.32432028682402153,0.3087018544935806,0.2928169014084507,0.2856946354883081,0.33619281045751637,0.2923639431866123,0.2930936880837815,0.2991649870429024,0.28671907323127843,0.3450264296011533,0.29418423659261356,0.3002618562700029,0.020993136859103756,0.22000539228902669,0.2736660929432014,0.3325760223698008,0.2849286563614744,0.28035847647498136,0.0,0.3375835795366195,0.3435126582278481,0.33832943013270883,0.4889598297419526,1.0,0.33842556508183946,0.3378988326848249,0.3378988326848249,0.30594706084565143,0.3581638816186833,0.3083738707435719,0.435717988595127,0.5469556243550051,0.31135210774881933,0.30684364764695743,0.3067770305225039,0.2723794950267789,0.34983037317900617,0.27448553303419465,0.3452956061651714,0.4040520984081042,0.2833492518306272,0.27342549923195086,0.2733138730987863,0.2723794950267789,0.3497147871873629,0.27470997679814385,0.30358006773101115,0.3853856562922869,0.3360780065005417,0.27426810477657937,0.27296426928385215,0.08526664658029527,0.08386315470784135,0.08519083969465649,0.08544891640866874,0.07762017336485422,0.08526664658029527,0.08526664658029527,0.08526664658029527,0.29609929078014185,0.4039685511044553,0.29531763417305584,0.36186113789778207,0.4873474248288181,0.30236768802228414,0.29634179634179636,0.2964631981428376,0.29609929078014185,0.44458281444582815,0.29632664208657655,0.36478517270429656,0.45817490494296575,0.4278759928260313,0.2964227198252321,0.29609929078014185,0.0,0.0,0.0,0.0,0.0,0.0,0.0,0.0,0.0,0.0,0.0,0.0,0.0,0.0,0.0,0.0
NB08b_BDA_CARD_RF-200,0.8748249789974797,0.41652917354132296,0.8807056846821618,0.41652917354132296,0.8809857182861943,0.8809857182861943,0.9525791586145385,0.9475560837914129,0.9526214169018268,0.7874569675198324,0.9471103847868073,0.058222359863734904,0.05915144007432642,0.07990089811087024,0.0579126664602044,0.05744812635490864,0.3429854444100341,0.19153005464480874,0.29856059433524224,0.2936429279343055,0.43535416022270335,0.4450634478489632,0.33152678847940537,0.24781420765027323,0.31455108359133127,0.3001416430594901,0.43018401113344673,0.4822892498066512,0.39975073999065275,0.44034267912772584,0.4015895278167368,0.3509428081658096,0.351199750701153,0.44245723172628304,0.3206842923794712,0.49587548638132295,0.7949197444288608,0.3024883359253499,0.7949197444288608,0.2265003897116134,0.24115354637568198,0.3452566096423017,0.26490168756773497,0.23025704552493031,0.2638218346052017,0.2845794392523365,0.22506234413965087,0.9352871169294853,0.8710777626193724,0.4102411431973802,0.9475560837914129,0.8323091629113751,0.8797087242683097,0.862546251884336,0.5127629733520337,0.8809857182861943,0.8347730700671877,0.8580030808010083,0.8599616333241984,0.38094569945278517,0.8748249789974797,0.8067434210526315,0.052525252525252523,0.2468363429546424,0.7568449425450419,0.6294618341570566,0.7682809713266566,0.7585071350164654,0.0,0.9975120510029545,0.9851909586905689,0.9940874435973238,0.5340607950116913,0.33842556508183946,1.0,0.9978216897463824,0.9978216897463824,0.8416796267496112,0.7131722525331254,0.8323996265172736,0.5250194855806704,0.36258768511301637,0.8302416212003118,0.8401805166511049,0.8391412570006223,0.7572408003358052,0.5434660684240045,0.7470604703247481,0.41503084688726866,0.2752383623107123,0.7254627033090297,0.7544792833146696,0.7537083683179401,0.7572408003358052,0.45765563656758274,0.7468868056527215,0.35067302299495234,0.3128154795288839,0.4596186203028603,0.7509444522177138,0.7552819364768434,0.22249922094110314,0.2190713617949517,0.21502025553131818,0.2075412901215332,0.08741040822686195,0.22249922094110314,0.22249922094110314,0.22249922094110314,0.8749318057828697,0.6052487698195735,0.8697135061391542,0.3522416621104429,0.2629852378348824,0.8574941931957918,0.874880611270296,0.8742155525238745,0.8749318057828697,0.3728813559322034,0.8735679214402619,0.24439584472389284,0.41880809185347184,0.3418534718425369,0.8738406983087834,0.8749318057828697,0.0,0.0,0.0,0.0,0.0,0.0,0.0,0.0,0.0,0.0,0.0,0.0,0.0,0.0,0.0,0.0
NB08b_BDA_CARD_UISEM_voting,0.8762251470176421,0.41781643671265745,0.8821058527023243,0.41781643671265745,0.8823858863063567,0.8823858863063567,0.9526143790849673,0.9484627951878806,0.9538164538164539,0.7886860221490571,0.948017228575672,0.05813234384662956,0.059059987631416205,0.07977736549165121,0.05782312925170068,0.05735930735930736,0.3424551638837353,0.1919191919191919,0.29809921186833566,0.29395954166077237,0.43601236476043276,0.44459898006490495,0.33101422387136675,0.24764633647155138,0.3144712430426716,0.3004528729125389,0.430845309843919,0.4817732468334878,0.39934660858743,0.4405539993775288,0.4014007782101167,0.3508171206225681,0.351284046692607,0.4440124416796267,0.3220338983050847,0.49603483128595866,0.7942412451361868,0.30384077126418907,0.7942412451361868,0.22614785992217898,0.2407782101167315,0.3468118195956454,0.2641013753670221,0.22990105132962277,0.26459143968871596,0.285136186770428,0.22490272373540857,0.9350475624256838,0.8724420190995907,0.40963139120095127,0.9484627951878806,0.8324235807860262,0.8811090883629744,0.864172149122807,0.5128923766816144,0.8823858863063567,0.8356408498971899,0.8594034448956729,0.8613318717456837,0.3806053811659193,0.8762251470176421,0.8078662464026313,0.05244375484871994,0.24648587249751527,0.7582635834870194,0.6299396267837541,0.769652901632597,0.7598792535675082,0.0,0.999067019126108,0.9836575875486381,0.9962645914396887,0.5332295719844358,0.3378988326848249,0.9978216897463824,1.0,1.0,0.842948219561499,0.7120622568093385,0.8342412451361868,0.5242023346303502,0.36202334630350197,0.8289494163424125,0.842023346303502,0.8404106392907139,0.7583939563514269,0.5427051246149538,0.7484602463605823,0.41444973396807616,0.27485298235788297,0.7244469336320358,0.7561248775024499,0.7548621799356373,0.7583939563514269,0.4570148417810137,0.7480414101846671,0.3501820218426211,0.3123774852982358,0.4589750770092411,0.7520984890878567,0.756435366536094,0.22215308027380212,0.21873055382700685,0.21468574984443062,0.2072184194150591,0.0872744243932794,0.22215308027380212,0.22215308027380212,0.22215308027380212,0.8762956901254774,0.6044226044226044,0.8713330604448083,0.35176085176085176,0.26262626262626265,0.8568308994131295,0.8765010917030568,0.8760917030567685,0.8762956901254774,0.37237237237237236,0.8749318057828697,0.24406224406224405,0.4182364182364182,0.3413868413868414,0.8752045826513911,0.8762956901254774,0.0,0.0,0.0,0.0,0.0,0.0,0.0,0.0,0.0,0.0,0.0,0.0,0.0,0.0,0.0,0.0
NB08b_BDA_CARD_XGBoost,0.8762251470176421,0.41781643671265745,0.8821058527023243,0.41781643671265745,0.8823858863063567,0.8823858863063567,0.9526143790849673,0.9484627951878806,0.9538164538164539,0.7886860221490571,0.948017228575672,0.05813234384662956,0.059059987631416205,0.07977736549165121,0.05782312925170068,0.05735930735930736,0.3424551638837353,0.1919191919191919,0.29809921186833566,0.29395954166077237,0.43601236476043276,0.44459898006490495,0.33101422387136675,0.24764633647155138,0.3144712430426716,0.3004528729125389,0.430845309843919,0.4817732468334878,0.39934660858743,0.4405539993775288,0.4014007782101167,0.3508171206225681,0.351284046692607,0.4440124416796267,0.3220338983050847,0.49603483128595866,0.7942412451361868,0.30384077126418907,0.7942412451361868,0.22614785992217898,0.2407782101167315,0.3468118195956454,0.2641013753670221,0.22990105132962277,0.26459143968871596,0.285136186770428,0.22490272373540857,0.9350475624256838,0.8724420190995907,0.40963139120095127,0.9484627951878806,0.8324235807860262,0.8811090883629744,0.864172149122807,0.5128923766816144,0.8823858863063567,0.8356408498971899,0.8594034448956729,0.8613318717456837,0.3806053811659193,0.8762251470176421,0.8078662464026313,0.05244375484871994,0.24648587249751527,0.7582635834870194,0.6299396267837541,0.769652901632597,0.7598792535675082,0.0,0.999067019126108,0.9836575875486381,0.9962645914396887,0.5332295719844358,0.3378988326848249,0.9978216897463824,1.0,1.0,0.842948219561499,0.7120622568093385,0.8342412451361868,0.5242023346303502,0.36202334630350197,0.8289494163424125,0.842023346303502,0.8404106392907139,0.7583939563514269,0.5427051246149538,0.7484602463605823,0.41444973396807616,0.27485298235788297,0.7244469336320358,0.7561248775024499,0.7548621799356373,0.7583939563514269,0.4570148417810137,0.7480414101846671,0.3501820218426211,0.3123774852982358,0.4589750770092411,0.7520984890878567,0.756435366536094,0.22215308027380212,0.21873055382700685,0.21468574984443062,0.2072184194150591,0.0872744243932794,0.22215308027380212,0.22215308027380212,0.22215308027380212,0.8762956901254774,0.6044226044226044,0.8713330604448083,0.35176085176085176,0.26262626262626265,0.8568308994131295,0.8765010917030568,0.8760917030567685,0.8762956901254774,0.37237237237237236,0.8749318057828697,0.24406224406224405,0.4182364182364182,0.3413868413868414,0.8752045826513911,0.8762956901254774,0.0,0.0,0.0,0.0,0.0,0.0,0.0,0.0,0.0,0.0,0.0,0.0,0.0,0.0,0.0,0.0
NB08b_BDA_COH_DROP+CARD_AdaBoost,0.7514475356588053,0.35296,0.7578754061308094,0.35296,0.7584063294716021,0.7584063294716021,0.8038313038313039,0.7999702999703,0.8056133056133056,0.7326795317937361,0.7995247995247995,0.010369858278603527,0.011406844106463879,0.034566194262011754,0.010024196335983409,0.009505703422053232,0.2939888870180165,0.17788607980505636,0.25245346869712354,0.2965791567223548,0.38934494890266375,0.3932921742032371,0.28239258635214826,0.23837032532684707,0.2641509433962264,0.29995238850976036,0.38375209380234504,0.4320226591136288,0.35404673213681004,0.4139702105803801,0.345546218487395,0.41533075363921135,0.41588354523677906,0.3578567917417663,0.24012559907453312,0.4588056166469294,0.7787162162162162,0.2133705650459921,0.7787162162162162,0.21942573555476783,0.23652482269503547,0.2482893450635386,0.20604534005037783,0.16786973308712438,0.31324857195503963,0.3375714022480192,0.2662612861617837,0.7851202851202851,0.7358156028368794,0.34272151898734177,0.7999702999703,0.6987836545032117,0.7571004662992794,0.741467458891806,0.4415183169045167,0.7584063294716021,0.7157690710231206,0.735198530450756,0.7393587617468215,0.29312107492332407,0.7514475356588053,0.68681698713515,0.01455629603647843,0.25702746365105006,0.6487268518518519,0.5824607329842932,0.6693785944732782,0.6596043215939386,0.0,0.843881200435391,0.8283268482490272,0.8400746733042938,0.4679157685292655,0.30594706084565143,0.8416796267496112,0.842948219561499,0.842948219561499,1.0,0.8430071862907684,0.9876543209876543,0.6206007002026902,0.42859775198083655,0.9813893495485535,0.9968675142804496,0.9963147226828819,0.88330078125,0.630859375,0.87060546875,0.4817708333333333,0.3194986979166667,0.8421223958333334,0.8792317708333334,0.87890625,0.88330078125,0.53125,0.8712565104166666,0.4070638020833333,0.3631184895833333,0.5335286458333334,0.8759765625,0.8810221354166666,0.263681592039801,0.25962778699097105,0.25483692647871753,0.24599226091763404,0.10392482034273079,0.263681592039801,0.263681592039801,0.263681592039801,0.7401800327332242,0.5213578500707213,0.739671682626539,0.3091737724198765,0.23903903903903903,0.7232094040459267,0.7393617021276596,0.7389525368248773,0.7401800327332242,0.3464168896818317,0.7400027296301351,0.22063468190705368,0.37975613339209635,0.32190447671807154,0.7400382096069869,0.7401800327332242,0.0,0.0,0.0,0.0,0.0,0.0,0.0,0.0,0.0,0.0,0.0,0.0,0.0,0.0,0.0,0.0
NB08b_BDA_COH_DROP+CARD_ExtraTrees,0.6387627695800226,0.3314655927158116,0.6391402714932126,0.3314655927158116,0.6389595702572802,0.6389595702572802,0.6805534890641274,0.6809367541766109,0.6795900178253119,0.6322507674907093,0.6804892601431981,0.009704811969268095,0.010917913465426607,0.03383004430124849,0.009300444803881924,0.008693894055802669,0.2933939049782321,0.16683621566632756,0.2435921777102715,0.2708115639150122,0.3673281881661154,0.3674995440452307,0.28229937393284005,0.22588235294117648,0.2550943396226415,0.27413194444444444,0.35895084372707264,0.40170166545981173,0.33103576751117736,0.3831932773109244,0.32041343669250644,0.4129939995861784,0.4112786614335881,0.29102274700468833,0.19296987087517933,0.418583424607521,0.6934383202099738,0.171987087517934,0.6934383202099738,0.24007405883563052,0.26070840197693573,0.19620586685403127,0.20686367969494757,0.166189111747851,0.2991718426501035,0.3237603305785124,0.2567849686847599,0.6828386319120084,0.6235985780694558,0.38247011952191234,0.6809367541766109,0.6170391061452514,0.6392584206057175,0.6248617256637168,0.45368865778355544,0.6389595702572802,0.6191077441077442,0.636545897178863,0.6220624827204866,0.3156856297270635,0.6387627695800226,0.6076541459957477,0.014603044014808721,0.2711429095578793,0.5480839817941565,0.5443486295041576,0.5665674181199489,0.557542216546048,0.0,0.711397916342715,0.7214409859377469,0.710190090370832,0.5173525507301346,0.3581638816186833,0.7131722525331254,0.7120622568093385,0.7120622568093385,0.8430071862907684,1.0,0.8370931952662722,0.7293707816242108,0.5077561721651737,0.8586446405106063,0.8446332902272308,0.8444198078344419,0.74462890625,0.7317718171514923,0.740716505807296,0.5517111696126363,0.3699018126888218,0.7720961733830003,0.7473856209150327,0.7473443373100179,0.74462890625,0.6064588809613218,0.7368249306575297,0.46622765757290685,0.41729464958553125,0.59828422230511,0.7469721767594109,0.7451907401369416,0.2880120094359854,0.285499462943072,0.277992277992278,0.2728839112642688,0.12034009156311315,0.2880120094359854,0.2880120094359854,0.2880120094359854,0.6239770867430442,0.5668406897642778,0.6240076649329318,0.3370413415241574,0.2732278045423262,0.6292446292446292,0.6242664119011874,0.6243003412969284,0.6239770867430442,0.39286926994906624,0.6241638225255973,0.2500430218551024,0.4273775697810463,0.36615858879945196,0.6242151242151243,0.6239770867430442,0.0,0.0,0.0,0.0,0.0,0.0,0.0,0.0,0.0,0.0,0.0,0.0,0.0,0.0,0.0,0.0
NB08b_BDA_COH_DROP+CARD_GBM,0.7424777510947874,0.3441756128825509,0.7486578129415089,0.3441756128825509,0.7491875088314257,0.7491875088314257,0.7944147355912062,0.7905525846702317,0.7956637956637956,0.7228991929102706,0.7898410812416456,0.008023722309436595,0.009246336357292394,0.03046657381615599,0.00749912800837112,0.007854773957060569,0.29293957909029195,0.17646156206843638,0.25106600716356814,0.2962309542902967,0.38741777702816665,0.3883674153536708,0.2808149405772496,0.2362662586074981,0.26264855687606115,0.2996320588705807,0.3820205768257716,0.4265640682502509,0.35070686424799863,0.4119269217511203,0.3426348723152376,0.4120919881305638,0.41264836795252224,0.3568834598877517,0.23929345109148475,0.45510204081632655,0.771288302014559,0.21292460646230324,0.771288302014559,0.21769436997319036,0.23449508489722967,0.24794610581662832,0.20450313187743355,0.1668077900084674,0.30668147325559875,0.3311123449935221,0.2608856772280897,0.7807239684194845,0.7280917280917281,0.34445863941232835,0.7905525846702317,0.6949547573347957,0.7483743285270003,0.7329278407520045,0.44141608650570285,0.7491875088314257,0.7083853083853083,0.7269513574660633,0.7310564159292036,0.2901189252679489,0.7424777510947874,0.6794072843096524,0.009890498057223597,0.2579908675799087,0.6433130258195532,0.5823822066139889,0.6662911855815263,0.6536839145106862,0.0,0.8334629140102627,0.8210165263486124,0.8313609467455622,0.46873955198930123,0.3083738707435719,0.8323996265172736,0.8342412451361868,0.8342412451361868,0.9876543209876543,0.8370931952662722,1.0,0.6220033451031407,0.4318181818181818,0.9730428360413589,0.9900221729490022,0.987264673311185,0.8723958333333334,0.6252449379490529,0.8676037920889179,0.47929284661974136,0.31933048900557925,0.8348010437051533,0.8704578784422357,0.8686095734288506,0.8723958333333334,0.525310254735467,0.8673419375918967,0.40094724808100607,0.36219052303656335,0.5265992167101827,0.8650716145833334,0.8701171875,0.253877400295421,0.24981536189069423,0.2510204081632653,0.24096385542168675,0.10296034258052504,0.253877400295421,0.253877400295421,0.253877400295421,0.7310420076377523,0.5215658362989324,0.731690622861054,0.30952733738331606,0.24071547673184782,0.7163974815220366,0.7316407316407316,0.7314675767918088,0.7310420076377523,0.3484848484848485,0.7308584686774942,0.22176684881602915,0.3814814814814815,0.32396494409187065,0.7308951965065502,0.7310420076377523,0.0,0.0,0.0,0.0,0.0,0.0,0.0,0.0,0.0,0.0,0.0,0.0,0.0,0.0,0.0,0.0
NB08b_BDA_COH_DROP+CARD_LightGBM,0.4710567486843977,0.2847961438039767,0.4692982456140351,0.2847961438039767,0.4691654879773692,0.4691654879773692,0.5009671179883946,0.5022394744699911,0.5002970885323826,0.4864639037433155,0.5015673981191222,0.0074487895716946,0.009582113388341761,0.029357798165137616,0.006916733173716414,0.007190412782956059,0.26683179464084666,0.1460016155088853,0.2218156871712783,0.22782258064516128,0.3190859077443927,0.309261186264308,0.2527075812274368,0.19119373776908025,0.23273715191306316,0.22297566812923814,0.31370472357551366,0.33170334148329256,0.28472522717438337,0.3281919451585261,0.27235772357723576,0.38404726735598227,0.3803680981595092,0.23180379746835442,0.1627162075592569,0.34756723465407513,0.5153846153846153,0.15050744979486072,0.5153846153846153,0.24380804953560373,0.269697752518729,0.1622070109935698,0.1925046554934823,0.16093861104527138,0.2698571786519669,0.29064283941424673,0.23759321162252506,0.5059712773998488,0.45917111202297906,0.39202945635694175,0.5022394744699911,0.4673174872665535,0.4692721608609459,0.4587714443829552,0.4127418765972983,0.4691654879773692,0.464361626753578,0.475956678700361,0.45682258510932744,0.31737107405971304,0.4710567486843977,0.4679895712630359,0.010851871947911014,0.25785887008133657,0.41255673222390316,0.4627756590946775,0.4286543765423138,0.42342998688620137,0.0,0.5237132638780905,0.531699604743083,0.5233120224543896,0.5454959053685169,0.435717988595127,0.5250194855806704,0.5242023346303502,0.5242023346303502,0.6206007002026902,0.7293707816242108,0.6220033451031407,1.0,0.575103734439834,0.6323695080736011,0.622550831792976,0.6225961538461539,0.5481770833333334,0.6742376445846477,0.5488425545887374,0.6102857142857143,0.4233937397034596,0.5717195722288236,0.5504167347605818,0.5505966977276443,0.5481770833333334,0.5958740499457111,0.5469595148336338,0.4917327293318233,0.44431740224102445,0.5726185390858607,0.5512043257414386,0.5491763170771489,0.26156677181913773,0.26108764519535377,0.2572109023551204,0.25883297644539616,0.1400405914757901,0.26156677181913773,0.26156677181913773,0.26156677181913773,0.4593562465902891,0.5075403016120645,0.4598000273935077,0.36076326774001194,0.3193438432040903,0.4670375521557719,0.45973245973245974,0.4597214636810486,0.4593562465902891,0.412108980827447,0.45978424143110747,0.2805496828752643,0.44038499312512275,0.39128647759967117,0.45965870307167234,0.4593562465902891,0.0,0.0,0.0,0.0,0.0,0.0,0.0,0.0,0.0,0.0,0.0,0.0,0.0,0.0,0.0,0.0
NB08b_BDA_COH_DROP+CARD_LogReg,0.32606216139150274,0.1352554589781641,0.32487237663074303,0.1352554589781641,0.3247802665154522,0.3247802665154522,0.3461309523809524,0.3474753510606513,0.345513963161022,0.31079953263228177,0.34763114631594677,0.0018248175182481751,0.0032822757111597373,0.005927475592747559,0.0018261504747991235,0.0018281535648994515,0.19530638852672752,0.11049856184084372,0.1930651872399445,0.2178528347406514,0.23208353108685334,0.19703534777651083,0.1868421052631579,0.14399092970521543,0.18935710426796326,0.21277102692399333,0.23770688414487887,0.21548672566371682,0.25249424405218723,0.2846824408468244,0.23148380617624906,0.2544508353875651,0.25424192665571976,0.23065970574276223,0.17601495726495728,0.2697171763623822,0.34510229947492305,0.1621475054229935,0.34510229947492305,0.2273465410847678,0.24654007080785323,0.1697871249038215,0.18289855072463768,0.14049097900029578,0.16392020815264527,0.18024411013340902,0.16173752310536044,0.35233474833232264,0.3182689674061901,0.35984848484848486,0.3474753510606513,0.3274046670461013,0.32509937535491196,0.3175263449805879,0.3250890383854373,0.3247802665154522,0.3219519135012093,0.3306755581327921,0.3186431252606701,0.2998192498870312,0.32606216139150274,0.3268641470888662,0.002614867388868136,0.2516715699384862,0.30240226095148376,0.37480120162572894,0.31894484412470026,0.31430722891566265,0.0,0.3616855854454984,0.3673888976751542,0.36231657820793006,0.4536264847106394,0.5469556243550051,0.36258768511301637,0.36202334630350197,0.36202334630350197,0.42859775198083655,0.5077561721651737,0.4318181818181818,0.575103734439834,1.0,0.4367254975591438,0.4299445471349353,0.4301830959866839,0.3785807291666667,0.47150148872820075,0.3820816864295125,0.4313304721030043,0.568295739348371,0.39436619718309857,0.38012747180911916,0.380251757397417,0.3785807291666667,0.42595523400406965,0.3820576131687243,0.33590361445783135,0.5081498427223334,0.39876078778490814,0.3813739957370061,0.37944535073409463,0.06642066420664207,0.06531660011409013,0.06641748131109833,0.06703584960652871,0.07355126300148589,0.06642066420664207,0.06642066420664207,0.06642066420664207,0.3172394980905619,0.4136657433056325,0.3183438442555525,0.3239051094890511,0.3530338849487786,0.32377106252611054,0.3174993174993175,0.3174494811578372,0.3172394980905619,0.4290856731461483,0.31749283080704627,0.3214756258234519,0.43925875085792726,0.408062930186824,0.3175860185690879,0.3172394980905619,0.0,0.0,0.0,0.0,0.0,0.0,0.0,0.0,0.0,0.0,0.0,0.0,0.0,0.0,0.0,0.0
NB08b_BDA_COH_DROP+CARD_RF-200,0.7398868458274399,0.3460608989850169,0.7438541961005933,0.3460608989850169,0.7443832132259431,0.7443832132259431,0.7922928135694093,0.7892229830306638,0.791146761734997,0.72187847056957,0.7885101949694895,0.010554089709762533,0.011609498680738786,0.034452452100544914,0.010202286719437115,0.009674582233948988,0.2968536251709986,0.175211701308699,0.25210084033613445,0.29285140562248996,0.3849535080304311,0.3943542934415145,0.2861791402637438,0.2375019227811106,0.2646053980184489,0.29813863928112966,0.38024357239512857,0.4309299191374663,0.35066712281902157,0.41166291745976813,0.3439306358381503,0.41920988578917806,0.418443696221474,0.34571757356567484,0.2303473491773309,0.45203612199693305,0.7745448358005785,0.20509427720807144,0.7745448358005785,0.22232239451857194,0.23994226952913586,0.23808744064188636,0.20671438309475118,0.1687691783157177,0.31204481792717087,0.3366946778711485,0.2660807778608826,0.7814975340008967,0.7232155042991675,0.3482875060299083,0.7892229830306638,0.6947079037800687,0.7443077358223731,0.7284667496197982,0.4455873583780561,0.7443832132259431,0.7060374739764053,0.7277628032345014,0.7254007739082365,0.2969328789450289,0.7398868458274399,0.6802834514380992,0.014818782360292805,0.25984251968503935,0.6352975242507601,0.5792557866979198,0.6554433221099888,0.6463568721044504,0.0,0.828176022391541,0.8256780059570465,0.8263510356642267,0.475636486258641,0.31135210774881933,0.8302416212003118,0.8289494163424125,0.8289494163424125,0.9813893495485535,0.8586446405106063,0.9730428360413589,0.6323695080736011,0.4367254975591438,1.0,0.982274741506647,0.9813549935388591,0.8668619791666666,0.6414032765182857,0.8590078328981723,0.48982293562799933,0.32483865629654146,0.8534368803701256,0.8685714285714285,0.866721044045677,0.8668619791666666,0.5398742554599603,0.8572359843546284,0.41363335539377893,0.3691874896574549,0.5409158538601422,0.8631767775603392,0.8654942191825435,0.2636992706190387,0.2595848139143445,0.25472227417243315,0.2469112691875702,0.10465116279069768,0.2636992706190387,0.2636992706190387,0.2636992706190387,0.726404800872886,0.5289137609413115,0.7265635691802381,0.3134417425033567,0.24271992681811252,0.7216409691629956,0.726528384279476,0.7263545789545517,0.726404800872886,0.3516981132075472,0.7262180974477959,0.22385096961368148,0.38547569340888754,0.32684706597750074,0.7262554585152838,0.726404800872886,0.0,0.0,0.0,0.0,0.0,0.0,0.0,0.0,0.0,0.0,0.0,0.0,0.0,0.0,0.0,0.0
NB08b_BDA_COH_DROP+CARD_UISEM_voting,0.7492937853107344,0.3513210568454764,0.7554739369967509,0.3513210568454764,0.7560045210511444,0.7560045210511444,0.8018419489007724,0.797979797979798,0.803088803088803,0.7299905093324898,0.797267191445121,0.009875259875259876,0.011440457618304731,0.0339511519140828,0.009878682842287694,0.009358752166377816,0.29439567859554355,0.1781679389312977,0.2523316940817365,0.29552333917476503,0.38905673044645855,0.39277954203576804,0.2825536226988684,0.23785594639865998,0.2644823509542307,0.3003499840916322,0.38368580060422963,0.43014338112704237,0.35391923990498814,0.4127528282482002,0.3460825610783488,0.41480524275429204,0.41588180978762695,0.3557377049180328,0.23854425144747726,0.4574089754445385,0.7782476319350473,0.21177244327523842,0.7782476319350473,0.21987202275151085,0.2370199146514936,0.24673842139595564,0.20562005721016322,0.16815350951018346,0.31326191355744365,0.33739612188365653,0.26639571402179935,0.7855124200505726,0.7342065766134535,0.3436458829128986,0.797979797979798,0.6994797371303395,0.7549462973431317,0.7395991706979959,0.4424126235068574,0.7560045210511444,0.71460238293156,0.7337763325321646,0.7370093974571587,0.2934718969555035,0.7492937853107344,0.6853979238754325,0.014064697609001406,0.25732793522267206,0.646505570829113,0.582289542674046,0.6674617651185633,0.6576842105263158,0.0,0.8412377546260301,0.8282418952618454,0.839146683276238,0.46923844363152645,0.30684364764695743,0.8401805166511049,0.842023346303502,0.842023346303502,0.9968675142804496,0.8446332902272308,0.9900221729490022,0.622550831792976,0.4299445471349353,0.982274741506647,1.0,0.9968617315857485,0.8805338541666666,0.6318107667210441,0.8708835996087382,0.48286553524804177,0.3201697127937337,0.8429549902152642,0.8789113428943938,0.8770558540954242,0.8805338541666666,0.531973898858075,0.8694023774629539,0.4072745066057739,0.36390339425587465,0.5337573385518591,0.8732096354166666,0.8782552083333334,0.2617115455551457,0.25765400221320545,0.25378368401624213,0.24492432631967515,0.10343553749538234,0.2617115455551457,0.2617115455551457,0.2617115455551457,0.737861429350791,0.5223986390700311,0.7382972898987133,0.309755378720896,0.2396507601987054,0.7225338623614722,0.7382284700423093,0.7378190255220418,0.737861429350791,0.3472946787896855,0.7376825440152859,0.22101613146389265,0.3807069219440353,0.32272590813569496,0.7377183406113537,0.737861429350791,0.0,0.0,0.0,0.0,0.0,0.0,0.0,0.0,0.0,0.0,0.0,0.0,0.0,0.0,0.0,0.0
NB08b_BDA_COH_DROP+CARD_XGBoost,0.74936422718282,0.3508406725380304,0.7550501483260348,0.3508406725380304,0.7555806725063577,0.7555806725063577,0.8011287687509283,0.797534165181224,0.8026433026433026,0.7297895902547066,0.79708853238265,0.009880395215808632,0.011446409989594173,0.03361053361053361,0.009883821744407838,0.00936362059996532,0.2941077156846193,0.17770992366412214,0.2526726624809095,0.2954581673306773,0.3892527287993283,0.39274368834643036,0.28291363866824404,0.23815328355934787,0.2644027707383004,0.300079554494829,0.38341447037099213,0.4313136371223502,0.35363991175971493,0.41199657240788345,0.34580384226491406,0.4147737765466297,0.4150664697193501,0.355690390291899,0.23927802616327207,0.45739454514653566,0.7771389922218465,0.21247531270572745,0.7771389922218465,0.2197724039829303,0.23692636072572038,0.2472661987922311,0.20613001010441226,0.1682384641293365,0.31270779460657555,0.33659527326440175,0.2656076837827854,0.7850661906886807,0.7335607094133697,0.3438095238095238,0.797534165181224,0.6986038872159869,0.7547703180212014,0.7389441680486457,0.4423956335742735,0.7555806725063577,0.713949300457127,0.7343330032536427,0.7365948037589829,0.29360082003221555,0.74936422718282,0.6861495844875346,0.013893774182201899,0.25765678172095285,0.6463096960926193,0.5827747012532789,0.6670408306440297,0.6572631578947369,0.0,0.8407712641890841,0.8272047366780929,0.8375350140056023,0.46922821024617434,0.3067770305225039,0.8391412570006223,0.8404106392907139,0.8404106392907139,0.9963147226828819,0.8444198078344419,0.987264673311185,0.6225961538461539,0.4301830959866839,0.9813549935388591,0.9968617315857485,1.0,0.8800455729166666,0.6315875346712351,0.8694802020531204,0.4831020408163265,0.31989554431206135,0.8424657534246576,0.8781163434903048,0.878096479791395,0.8800455729166666,0.5319843342036553,0.8692182410423452,0.4074738903394256,0.36363636363636365,0.5335181862665145,0.8730262086928211,0.8777669270833334,0.2609256868891757,0.2568688917573299,0.2532299741602067,0.24437061646363972,0.1034928848641656,0.2609256868891757,0.2609256868891757,0.2609256868891757,0.7374522640480087,0.5221891393733163,0.7374110563765737,0.3098923780038331,0.23957235356121065,0.7223590585659552,0.7371077762619372,0.7366984993178718,0.7374522640480087,0.34724914268674517,0.7372730994950184,0.22111613876319758,0.38087520259319285,0.3226726726726727,0.7373089519650655,0.7374522640480087,0.0,0.0,0.0,0.0,0.0,0.0,0.0,0.0,0.0,0.0,0.0,0.0,0.0,0.0,0.0,0.0
NB08b_BDA_COH_DROP+RGB+CARD_AdaBoost,0.8100165562913907,0.34916899544050595,0.8163124482473089,0.34916899544050595,0.8168391994478951,0.8168391994478951,0.7750793431764869,0.7714916517179523,0.7767352007727335,0.6956269068720035,0.7710776873188906,0.01015853470832692,0.011082037863629367,0.03170694166538402,0.009850700323226104,0.00938894874557488,0.26345864661654134,0.28708498324703013,0.22624981120676635,0.3675767391639673,0.34880239520958084,0.35247613365155134,0.2530845621426422,0.34737002128306477,0.23679855573943132,0.3706724111401754,0.3438108067654543,0.38715924325934753,0.31571795258946095,0.3687099725526075,0.3083845807709614,0.3668619791666667,0.3673502604166667,0.32023460410557186,0.21468676122931443,0.4091732045866023,0.6945909296368842,0.1908890521675239,0.6945909296368842,0.19468469885202075,0.20984741230140003,0.2223194748358862,0.18496849684968497,0.15086982603479304,0.2766927083333333,0.2981770833333333,0.23518880208333334,0.7576928384158962,0.8336061102018549,0.34684618761890823,0.7714916517179523,0.7967746344130108,0.8155715074544451,0.8377483443708609,0.5099080987937966,0.8168391994478951,0.8122753663256843,0.7941744892324683,0.8356561335725128,0.3645566010835472,0.8100165562913907,0.7832872928176795,0.013878060190238578,0.33030682529743266,0.7036568213783404,0.6852659110723627,0.7684653118430274,0.7587270433197812,0.0,0.7592333519865697,0.7451694203304396,0.7557732680195941,0.4181979845880261,0.2723794950267789,0.7572408003358052,0.7583939563514269,0.7583939563514269,0.88330078125,0.74462890625,0.8723958333333334,0.5481770833333334,0.3785807291666667,0.8668619791666666,0.8805338541666666,0.8800455729166666,1.0,0.74755859375,0.9873046875,0.5984700520833334,0.4361979166666667,0.9588216145833334,0.9959309895833334,0.99560546875,1.0,0.64794921875,0.9879557291666666,0.5237630208333334,0.4798177083333333,0.6502278645833334,0.99267578125,0.9977213541666666,0.23291015625,0.22932942708333334,0.22509765625,0.21728515625,0.091796875,0.23291015625,0.23291015625,0.23291015625,0.8379705400981997,0.6227722772277228,0.8377564979480164,0.4145839458982652,0.34669669669669667,0.8212137780207763,0.837152209492635,0.8367430441898527,0.8379705400981997,0.4530181385667559,0.8378599699740685,0.32847044668371184,0.4850888790950492,0.4292558766282378,0.837882096069869,0.8379705400981997,0.0,0.0,0.0,0.0,0.0,0.0,0.0,0.0,0.0,0.0,0.0,0.0,0.0,0.0,0.0,0.0
NB08b_BDA_COH_DROP+RGB+CARD_ExtraTrees,0.6059975010412328,0.3278745644599303,0.6042559071438441,0.3278745644599303,0.6043105830339873,0.6043105830339873,0.5638650815593033,0.5643797643797643,0.5631469979296067,0.5386954538543409,0.5641807596340449,0.008045052292839904,0.00925181013676589,0.0304,0.007642799678197908,0.007039420756234915,0.25041065887935754,0.29528815468368685,0.2058013585459886,0.3215898825654923,0.29993028929940746,0.2992221261884183,0.2409815052188244,0.34189759588915397,0.2125068169423741,0.3198780050233226,0.3064204045734389,0.32893835616438355,0.2659950512548604,0.3074484944532488,0.2534078993358965,0.3502267797278643,0.35001970831690976,0.21384364820846904,0.14329790881042168,0.33259195893926435,0.5274102079395085,0.13177892918825562,0.5274102079395085,0.21552070767993567,0.23690572119258663,0.14429361488185016,0.17446808510638298,0.1421376608841634,0.24960285941223193,0.27076740506329117,0.21196306704134885,0.5670261941448382,0.6260596117035822,0.41494082840236685,0.5643797643797643,0.6353123677901565,0.6050083010514665,0.6251035625517812,0.5359835503769705,0.6043105830339873,0.6314749470712774,0.6123397661642485,0.6225320999585807,0.425271014750311,0.6059975010412328,0.6364160184384904,0.012888707037643207,0.36215686274509806,0.5289519397799652,0.6231017770597739,0.5889447236180905,0.5818705035971223,0.0,0.5422495803021824,0.549481754933977,0.5415030846887269,0.4643900657414171,0.34983037317900617,0.5434660684240045,0.5427051246149538,0.5427051246149538,0.630859375,0.7317718171514923,0.6252449379490529,0.6742376445846477,0.47150148872820075,0.6414032765182857,0.6318107667210441,0.6315875346712351,0.74755859375,1.0,0.7448027500409232,0.774297361081313,0.5807433166702891,0.7787580590430947,0.7506128452361497,0.7502859944435365,0.74755859375,0.8363675305204541,0.741751061744528,0.6844942850981238,0.6287257019438445,0.8129617901625501,0.7527868852459016,0.748980590442016,0.2639530004196391,0.26198486122792264,0.25440806045340053,0.25380710659898476,0.1176853055916775,0.2639530004196391,0.2639530004196391,0.2639530004196391,0.6264320785597381,0.6848361351672609,0.6271395316993017,0.49186691312384473,0.44769711163153786,0.6349118178030829,0.6267230790227925,0.6267576791808873,0.6264320785597381,0.5778161581270389,0.6270654103509491,0.422821414615084,0.6116760828625235,0.5524271844660195,0.6268941979522185,0.6264320785597381,0.0,0.0,0.0,0.0,0.0,0.0,0.0,0.0,0.0,0.0,0.0,0.0,0.0,0.0,0.0,0.0
NB08b_BDA_COH_DROP+RGB+CARD_GBM,0.8017408123791102,0.3402593575007368,0.8055478884902015,0.3402593575007368,0.8060731538992408,0.8060731538992408,0.7648033126293996,0.7617009526439321,0.7662158432238476,0.6850290697674418,0.7610436223081171,0.009181450357920945,0.00995798973082309,0.028566992702996428,0.008399440037330844,0.008089607965152458,0.2629343043544227,0.2875595878825158,0.22557536960829142,0.36629353233830847,0.3461944235116805,0.3513229104028863,0.251896813353566,0.3478060754832771,0.2352851941747573,0.3687800341032398,0.34157371118480556,0.3833707865168539,0.31246200607902735,0.36430542778288866,0.3051026570048309,0.3639344262295082,0.36353211009174313,0.316325025807403,0.2135618479880775,0.4056761268781302,0.6863958930998038,0.18974206937444413,0.6863958930998038,0.19444003177124702,0.2097568727157159,0.22055580061755625,0.18392370572207084,0.15003785011355034,0.27269747623729923,0.29390563564875494,0.23131147540983607,0.7515218594355285,0.8239628820960698,0.3492532899600769,0.7617009526439321,0.7922380691168404,0.8050531547701228,0.8269867549668874,0.51151339608979,0.8060731538992408,0.8042364668420324,0.7868603042876902,0.8269097941704655,0.3635449583453031,0.8017408123791102,0.7771776762221299,0.010698552548772814,0.3316463703938004,0.6965040879616577,0.6869234148484404,0.7624736472241743,0.7507372560033703,0.0,0.7483212087297146,0.7369232926658252,0.7458339168183727,0.4190461952459261,0.27448553303419465,0.7470604703247481,0.7484602463605823,0.7484602463605823,0.87060546875,0.740716505807296,0.8676037920889179,0.5488425545887374,0.3820816864295125,0.8590078328981723,0.8708835996087382,0.8694802020531204,0.9873046875,0.7448027500409232,1.0,0.598261154855643,0.4389601842711418,0.9528009145843541,0.9887383711441162,0.9854954367666232,0.9873046875,0.6467792165218816,0.9862520458265139,0.5209698558322412,0.4818346210751274,0.6463753886434299,0.9835317136800913,0.9866427756963675,0.225,0.2224039247751431,0.22134776192818495,0.2134776192818495,0.09171743783961799,0.225,0.225,0.225,0.8273322422258592,0.6246079270031366,0.8278363213357055,0.41644404867913326,0.3499848162769511,0.8130303859841227,0.8275109170305677,0.8271015283842795,0.8273322422258592,0.45614298588164615,0.8272144124471135,0.330749354005168,0.4876167877799199,0.4325919201089424,0.8272379912663755,0.8273322422258592,0.0,0.0,0.0,0.0,0.0,0.0,0.0,0.0,0.0,0.0,0.0,0.0,0.0,0.0,0.0,0.0
NB08b_BDA_COH_DROP+RGB+CARD_LightGBM,0.4796499513821364,0.2854130726471152,0.47809260539046305,0.2854130726471152,0.47816473189607517,0.47816473189607517,0.43743951334162867,0.43841886269070734,0.43671497584541064,0.4278622401489296,0.4384017758046615,0.0076260762607626075,0.009598818606940684,0.02616279069767442,0.008126077320856932,0.007883715200788372,0.21643779463004714,0.29383783783783785,0.18292172457095018,0.3035241393359136,0.2577854671280277,0.251896813353566,0.21673240606186422,0.3330554397665694,0.18810654552963038,0.2980652962515115,0.2593810444874275,0.2715957644436188,0.2297244094488189,0.2565637065637066,0.21405006792159906,0.30466344038715354,0.3058978873239437,0.1725560538116592,0.12098188194038574,0.27679732491175923,0.4088575096277279,0.11381149970361588,0.4088575096277279,0.20705882352941177,0.22629107981220659,0.12203454165875878,0.15994020926756353,0.1297461488392276,0.22343572241183163,0.23909131803868647,0.19282720074522589,0.4417462099943852,0.501025570901135,0.3951946975973488,0.43841886269070734,0.5148936170212766,0.47848346478483467,0.4994473611494888,0.48159057437407954,0.47816473189607517,0.5079342589968829,0.48623853211009177,0.4979264583909317,0.41909708349980024,0.4796499513821364,0.516260162601626,0.013309894525364139,0.35315234462643036,0.43094496365524404,0.5330758898589657,0.48406432748538014,0.48162305204351663,0.0,0.4141018466703973,0.42043194089229896,0.4136625052602048,0.41719872306464484,0.3452956061651714,0.41503084688726866,0.41444973396807616,0.41444973396807616,0.4817708333333333,0.5517111696126363,0.47929284661974136,0.6102857142857143,0.4313304721030043,0.48982293562799933,0.48286553524804177,0.4831020408163265,0.5984700520833334,0.774297361081313,0.598261154855643,1.0,0.6308363263211904,0.6241724664742828,0.6009151822193168,0.6011116560405427,0.5984700520833334,0.7963875205254516,0.5955148142085448,0.7130434782608696,0.6467810091971166,0.7681493431666283,0.6013104013104014,0.5995759256238786,0.23381642512077294,0.23386705482775352,0.22577519379844962,0.23084479371316308,0.11840717299578059,0.23381642512077294,0.23381642512077294,0.23381642512077294,0.5015002727768685,0.5775091960063058,0.5023287671232877,0.5162110616656072,0.48447488584474885,0.5098039215686274,0.5019110019110019,0.5019115237575096,0.5015002727768685,0.5837849555603729,0.5019800628157859,0.4695290858725762,0.6088421052631579,0.5675376439326838,0.5018430034129693,0.5015002727768685,0.0,0.0,0.0,0.0,0.0,0.0,0.0,0.0,0.0,0.0,0.0,0.0,0.0,0.0,0.0,0.0
NB08b_BDA_COH_DROP+RGB+CARD_LogReg,0.34639520290057174,0.14271417133706965,0.3443782060169139,0.14271417133706965,0.3442827442827443,0.3442827442827443,0.2995990598645099,0.30049944506104326,0.29910282953761214,0.2795447458684128,0.3006245662734212,0.005842259006815969,0.006482982171799027,0.009663341645885287,0.005846053913608314,0.004871711594673595,0.15212319178721417,0.28332475553268144,0.1576722208405869,0.2920353982300885,0.18580286508445584,0.15908150599917253,0.1474404340646379,0.3050519700265893,0.14958917351377476,0.2891309495619228,0.18529664660361134,0.1747689835275211,0.1937244201909959,0.20824199912319158,0.1707479964381122,0.20488400488400488,0.20679540454656564,0.16118214210857262,0.1203485633537447,0.20558063192449733,0.2606090055069647,0.11404561824729892,0.2606090055069647,0.18458010891372886,0.19982969060459835,0.11552428506581934,0.1489637305699482,0.1111111111111111,0.13149057091190908,0.14227848101265822,0.1276653909240022,0.30399325084364454,0.3667488359353602,0.3631828978622328,0.30049944506104326,0.380327868852459,0.34462179042331714,0.36566440349175555,0.4102,0.3442827442827443,0.3748574686431015,0.35219858156028366,0.3661482921410719,0.41957229195722917,0.34639520290057174,0.38498753848409323,0.008632138114209827,0.3653376729048006,0.32694077938017796,0.4519814352017137,0.37986132047030446,0.37883389006984514,0.0,0.27462227196418576,0.2789540997584198,0.2750631844987363,0.34523022692222954,0.4040520984081042,0.2752383623107123,0.27485298235788297,0.27485298235788297,0.3194986979166667,0.3699018126888218,0.31933048900557925,0.4233937397034596,0.568295739348371,0.32483865629654146,0.3201697127937337,0.31989554431206135,0.4361979166666667,0.5807433166702891,0.4389601842711418,0.6308363263211904,1.0,0.4549312510609404,0.4379800621016506,0.43812326303743665,0.4361979166666667,0.6266178266178266,0.43796220213640097,0.5586680761099366,0.8050032071840924,0.5938395415472779,0.43941629775373015,0.4371941272430669,0.04738853503184713,0.04631525076765609,0.04340010272213662,0.045028630921395106,0.04577691811734365,0.04738853503184713,0.04738853503184713,0.04738853503184713,0.36552100381887614,0.49700934579439254,0.3666895133653187,0.5085742283194512,0.5715101341707108,0.37306781785266674,0.3658203658203658,0.3657837247405789,0.36552100381887614,0.648980658651333,0.365833674723474,0.5814432989690722,0.6354910164902782,0.6389113446510375,0.3659202621518296,0.36552100381887614,0.0,0.0,0.0,0.0,0.0,0.0,0.0,0.0,0.0,0.0,0.0,0.0,0.0,0.0,0.0,0.0
NB08b_BDA_COH_DROP+RGB+CARD_RF-200,0.7790376106194691,0.3339315088978615,0.7823805578569456,0.3339315088978615,0.7826567246616957,0.7826567246616957,0.7432955487973458,0.7423508237574415,0.7423050379572119,0.6685664182376151,0.7419354838709677,0.01057014734144779,0.011531069827033953,0.03216514642342775,0.010249839846252402,0.009769378603459321,0.26832684824902725,0.28535591094386953,0.22275765583709,0.36066350710900474,0.34371643394199786,0.3499770255781896,0.2579841096744041,0.34615384615384615,0.2359236854350861,0.36621941594317287,0.3357317819963258,0.3826312576312576,0.3079301283042201,0.35914615144904954,0.30267609966164255,0.37282993426597,0.3703329969727548,0.293952387993494,0.19352905931695627,0.39520958083832336,0.6818112283922289,0.17144136078782454,0.6818112283922289,0.1992161985630307,0.215558097728387,0.20047274338897916,0.1846916640842888,0.15197143744178826,0.27109845947756195,0.2934181879082231,0.23211286530063824,0.7376478775226165,0.8015569516525539,0.3595625094941516,0.7423508237574415,0.781431334622824,0.7818759497168117,0.8038376587520707,0.5202962962962963,0.7826567246616957,0.7859424920127795,0.7682808380740946,0.8009936516698868,0.3743362831858407,0.7790376106194691,0.7624617098301308,0.014448051948051948,0.3378224890475418,0.6718353538201297,0.6747859462651313,0.7351950603424081,0.7271322186314458,0.0,0.7238388360380527,0.7283793347487615,0.7220509946763799,0.4325030750307503,0.2833492518306272,0.7254627033090297,0.7244469336320358,0.7244469336320358,0.8421223958333334,0.7720961733830003,0.8348010437051533,0.5717195722288236,0.39436619718309857,0.8534368803701256,0.8429549902152642,0.8424657534246576,0.9588216145833334,0.7787580590430947,0.9528009145843541,0.6241724664742828,0.4549312510609404,1.0,0.9617771969944463,0.9592103116332191,0.9588216145833334,0.6746395250212044,0.9499510922725791,0.5457322246733413,0.5004243761670345,0.6733243060257278,0.9569120287253142,0.9574987787005373,0.2353635903492492,0.23165176311793487,0.2274721565980425,0.2208143267443825,0.09443879281112241,0.2353635903492492,0.2353635903492492,0.2353635903492492,0.8034642662302237,0.643956043956044,0.8041335888310978,0.42929061784897027,0.3603870766349305,0.807633798921311,0.8038760747918657,0.8037128037128037,0.8034642662302237,0.47049737411183196,0.8033301487648423,0.34125371267781773,0.5038144644491913,0.4459312276334215,0.8033569868995634,0.8034642662302237,0.0,0.0,0.0,0.0,0.0,0.0,0.0,0.0,0.0,0.0,0.0,0.0,0.0,0.0,0.0,0.0
NB08b_BDA_COH_DROP+RGB+CARD_UISEM_voting,0.8078144415297529,0.34727540500736376,0.8128622688379796,0.34727540500736376,0.8133885438233265,0.8133885438233265,0.7721187025534851,0.7692626346313173,0.7732854974472195,0.6927325581395349,0.7688483844241922,0.01019777503090235,0.011124845488257108,0.03151065801668211,0.009888751545117428,0.00942521631644005,0.26388050694025345,0.28739495798319326,0.2259921235989094,0.36667181944659144,0.3480870217554389,0.3521758636159713,0.2530938726230003,0.3472560975609756,0.23657211828605915,0.37062181762073754,0.3430843084308431,0.38549903028494703,0.31472234831290663,0.36865443425076455,0.30738012926499325,0.3670204081632653,0.36706381589685,0.31772820663340184,0.21314387211367672,0.4070996978851964,0.693631150015092,0.1894876325088339,0.693631150015092,0.1952644041041831,0.21048476235591346,0.22027461291264971,0.1851294400963275,0.15057160048134777,0.2761547249877591,0.297698710625102,0.2347371857655893,0.7578816371681416,0.830945558739255,0.3481198589894242,0.7692626346313173,0.7972880427338721,0.812871150393592,0.8345522285083483,0.5117452082432628,0.8133885438233265,0.809820193637621,0.793198783522256,0.83245928788297,0.36586063814565745,0.8078144415297529,0.7827891532927505,0.01393237319974953,0.33160458903033163,0.7003798002532001,0.685061153174141,0.7649614576033636,0.7552222066451704,0.0,0.7557358701734751,0.7446002805049088,0.7535014005602241,0.41975308641975306,0.27342549923195086,0.7544792833146696,0.7561248775024499,0.7561248775024499,0.8792317708333334,0.7473856209150327,0.8704578784422357,0.5504167347605818,0.38012747180911916,0.8685714285714285,0.8789113428943938,0.8781163434903048,0.9959309895833334,0.7506128452361497,0.9887383711441162,0.6009151822193168,0.4379800621016506,0.9617771969944463,1.0,0.9964105074237233,0.9959309895833334,0.650596502696519,0.9855025248411794,0.5256535947712418,0.48177806831181563,0.6523443881718674,0.9918487120965113,0.9949511400651466,0.2318485886767825,0.22845953002610966,0.22401696851036057,0.21638381201044388,0.09181506289821925,0.2318485886767825,0.2318485886767825,0.2318485886767825,0.8345608292416803,0.6249822569198012,0.8350896400711646,0.4159043965771614,0.34800301431801056,0.8200355823183249,0.8347434497816594,0.8343340611353712,0.8345608292416803,0.45470825249962693,0.8344479323051727,0.32971014492753625,0.4868770274255382,0.43086865043582806,0.8344705240174672,0.8345608292416803,0.0,0.0,0.0,0.0,0.0,0.0,0.0,0.0,0.0,0.0,0.0,0.0,0.0,0.0,0.0,0.0
NB08b_BDA_COH_DROP+RGB+CARD_XGBoost,0.80703933747412,0.34698085419734903,0.8125862544852333,0.34698085419734903,0.813112491373361,0.813112491373361,0.7715981231024013,0.7687422338809885,0.7730095211811784,0.6924418604651162,0.7685722176194422,0.01004481532993355,0.010972029052696647,0.03136103815850456,0.009735744089012517,0.00927213722763097,0.2633881430079952,0.28728606356968217,0.22606060606060607,0.36720804331013146,0.3479891956782713,0.35167464114832536,0.2526029877772748,0.3471565787467602,0.23627036813518407,0.3701018204257945,0.343187274909964,0.38623469692445506,0.3148176176782201,0.3675122249388753,0.30707951300165337,0.3669170476812541,0.3667373918720418,0.3174346932785442,0.21392592592592594,0.40764812575574366,0.6920524807721309,0.19024462127910405,0.6920524807721309,0.195326069793147,0.21055125572579372,0.2212311741482673,0.1855421686746988,0.1507900677200903,0.27582830096295086,0.2973722866002938,0.23420923779990208,0.7566334991708126,0.8306726702142175,0.3482221569203644,0.7687422338809885,0.7960301163586585,0.8125949454495236,0.8340231788079471,0.5114569822741029,0.813112491373361,0.8092933204259438,0.7931701921747546,0.8319304539809577,0.3657698912421294,0.80703933747412,0.7832525951557093,0.013777986535149523,0.3314995284501729,0.7000984667323111,0.685997377240274,0.764928511354079,0.7549418197112014,0.0,0.7554560716284275,0.7433417437622653,0.7524849503009939,0.41945560017849176,0.2733138730987863,0.7537083683179401,0.7548621799356373,0.7548621799356373,0.87890625,0.7473443373100179,0.8686095734288506,0.5505966977276443,0.380251757397417,0.866721044045677,0.8770558540954242,0.878096479791395,0.99560546875,0.7502859944435365,0.9854954367666232,0.6011116560405427,0.43812326303743665,0.9592103116332191,0.9964105074237233,1.0,0.99560546875,0.6508092202059833,0.9855001629195178,0.5258254331480876,0.4819355893411803,0.652557607452198,0.9918473830099462,0.9949503176413097,0.23132137030995106,0.22793277859357156,0.2234910277324633,0.21645445641527913,0.09184507272430135,0.23132137030995106,0.23132137030995106,0.23132137030995106,0.8342880523731587,0.6244677831393699,0.8340629274965801,0.4158182086468939,0.347904733192644,0.8197618721773642,0.833719819942709,0.8335607094133697,0.8342880523731587,0.4548440065681445,0.8344253344253344,0.3298097251585624,0.4870206489675516,0.43099819603126877,0.8344479323051727,0.8342880523731587,0.0,0.0,0.0,0.0,0.0,0.0,0.0,0.0,0.0,0.0,0.0,0.0,0.0,0.0,0.0,0.0
NB08b_BDA_COH_DROP+RGB_AdaBoost,0.8100165562913907,0.34916899544050595,0.8163124482473089,0.34916899544050595,0.8168391994478951,0.8168391994478951,0.7750793431764869,0.7714916517179523,0.7767352007727335,0.6956269068720035,0.7710776873188906,0.01015853470832692,0.011082037863629367,0.03170694166538402,0.009850700323226104,0.00938894874557488,0.26345864661654134,0.28708498324703013,0.22624981120676635,0.3675767391639673,0.34880239520958084,0.35247613365155134,0.2530845621426422,0.34737002128306477,0.23679855573943132,0.3706724111401754,0.3438108067654543,0.38715924325934753,0.31571795258946095,0.3687099725526075,0.3083845807709614,0.3668619791666667,0.3673502604166667,0.32023460410557186,0.21468676122931443,0.4091732045866023,0.6945909296368842,0.1908890521675239,0.6945909296368842,0.19468469885202075,0.20984741230140003,0.2223194748358862,0.18496849684968497,0.15086982603479304,0.2766927083333333,0.2981770833333333,0.23518880208333334,0.7576928384158962,0.8336061102018549,0.34684618761890823,0.7714916517179523,0.7967746344130108,0.8155715074544451,0.8377483443708609,0.5099080987937966,0.8168391994478951,0.8122753663256843,0.7941744892324683,0.8356561335725128,0.3645566010835472,0.8100165562913907,0.7832872928176795,0.013878060190238578,0.33030682529743266,0.7036568213783404,0.6852659110723627,0.7684653118430274,0.7587270433197812,0.0,0.7592333519865697,0.7451694203304396,0.7557732680195941,0.4181979845880261,0.2723794950267789,0.7572408003358052,0.7583939563514269,0.7583939563514269,0.88330078125,0.74462890625,0.8723958333333334,0.5481770833333334,0.3785807291666667,0.8668619791666666,0.8805338541666666,0.8800455729166666,1.0,0.74755859375,0.9873046875,0.5984700520833334,0.4361979166666667,0.9588216145833334,0.9959309895833334,0.99560546875,1.0,0.64794921875,0.9879557291666666,0.5237630208333334,0.4798177083333333,0.6502278645833334,0.99267578125,0.9977213541666666,0.23291015625,0.22932942708333334,0.22509765625,0.21728515625,0.091796875,0.23291015625,0.23291015625,0.23291015625,0.8379705400981997,0.6227722772277228,0.8377564979480164,0.4145839458982652,0.34669669669669667,0.8212137780207763,0.837152209492635,0.8367430441898527,0.8379705400981997,0.4530181385667559,0.8378599699740685,0.32847044668371184,0.4850888790950492,0.4292558766282378,0.837882096069869,0.8379705400981997,0.0,0.0,0.0,0.0,0.0,0.0,0.0,0.0,0.0,0.0,0.0,0.0,0.0,0.0,0.0,0.0
NB08b_BDA_COH_DROP+RGB_ExtraTrees,0.5225125069483046,0.3372758489126288,0.5201105736005529,0.3372758489126288,0.5201768933112216,0.5201768933112216,0.4792645839093171,0.4797615747158303,0.47867494824016565,0.4805356586733105,0.47955081103563013,0.007787448465414567,0.009161704076958314,0.031583730970234036,0.007329363261566651,0.006642235455794778,0.22960189199842335,0.2972972972972973,0.19670484227446253,0.293266448003087,0.272913180888641,0.2778086248380529,0.22588983893418174,0.34,0.19865453106450337,0.29140340800306336,0.27813203300825207,0.3026603498542274,0.23954588457899717,0.27345794392523365,0.22205663189269748,0.32914090812193564,0.325260250690461,0.18684941013185288,0.12896011926947448,0.29385253290066704,0.44488627326228725,0.1226379440665155,0.44488627326228725,0.21348816435908888,0.23641243569671214,0.12997636793310308,0.15645161290322582,0.13022969647251845,0.245014245014245,0.2617755589320599,0.20497446147013101,0.480885030107828,0.5421736158578264,0.4060315558218494,0.4797615747158303,0.5531674208144797,0.5205479452054794,0.5408092804861206,0.5157894736842106,0.5201768933112216,0.5507862303442413,0.5269908386187456,0.5386740331491713,0.4395647104547221,0.5225125069483046,0.5534036710507299,0.013311536665109761,0.3510343356792493,0.4632352941176471,0.562862348848766,0.5220556121706217,0.518724400234055,0.0,0.4566312255176273,0.4623793299261783,0.4563052321503717,0.4057695957487189,0.3497147871873629,0.45765563656758274,0.4570148417810137,0.4570148417810137,0.53125,0.6064588809613218,0.525310254735467,0.5958740499457111,0.42595523400406965,0.5398742554599603,0.531973898858075,0.5319843342036553,0.64794921875,0.8363675305204541,0.6467792165218816,0.7963875205254516,0.6266178266178266,0.6746395250212044,0.650596502696519,0.6508092202059833,0.64794921875,1.0,0.6428571428571429,0.781489730264786,0.7374623871614845,0.9242460796139927,0.6524590163934426,0.6491600065242211,0.2803406671398155,0.28180737217598095,0.269585798816568,0.27268374431410103,0.12333168561542264,0.2803406671398155,0.2803406671398155,0.2803406671398155,0.542962356792144,0.5890083632019116,0.5437611286125188,0.4971898835808912,0.4863507316007862,0.5492781787895613,0.5431963968882216,0.5432081911262798,0.542962356792144,0.654707545118504,0.5432823593664664,0.4750110570544007,0.6554166666666666,0.6219244288224957,0.543344709897611,0.542962356792144,0.0,0.0,0.0,0.0,0.0,0.0,0.0,0.0,0.0,0.0,0.0,0.0,0.0,0.0,0.0,0.0
NB08b_BDA_COH_DROP+RGB_GBM,0.8012979839823253,0.33966431095406363,0.8060999171956942,0.33966431095406363,0.8066252587991718,0.8066252587991718,0.7648682213329654,0.7620099392600773,0.766524078929212,0.6863457903155445,0.761595803423523,0.008078297343482988,0.009010408575423333,0.027592621299023408,0.007454573691567014,0.0074580484773151025,0.26239199636198274,0.28738281850315045,0.22525129454766982,0.36670293797606096,0.3478129713423831,0.34969233078193007,0.2519338692552707,0.3477994172672903,0.23401999394122994,0.36855151045701007,0.34217666566174254,0.3831411888007187,0.31087847064178425,0.3663852647735994,0.30295269659536006,0.36347256347256346,0.362847790507365,0.316720731347685,0.21433894768221792,0.40585647094522836,0.68496456039813,0.19086460032626426,0.68496456039813,0.19318001586042824,0.20923956183521195,0.22168284789644013,0.18363333837543488,0.14959915292693995,0.2706459525756337,0.2918097106424718,0.22974963181148747,0.7518328952828883,0.8245087336244541,0.34884751773049644,0.7620099392600773,0.7900862659181158,0.8061041292639138,0.8280430582390285,0.5107799160758212,0.8066252587991718,0.8035417819590481,0.7864252142659662,0.8277148383531362,0.3621629374641423,0.8012979839823253,0.776255707762557,0.008630158481092108,0.33080568720379144,0.6963505706636607,0.6899838686024343,0.7665117589071961,0.7535151856017998,0.0,0.7488808058198098,0.7355371900826446,0.7456606942889138,0.4190077704722056,0.27470997679814385,0.7468868056527215,0.7480414101846671,0.7480414101846671,0.8712565104166666,0.7368249306575297,0.8673419375918967,0.5469595148336338,0.3820576131687243,0.8572359843546284,0.8694023774629539,0.8692182410423452,0.9879557291666666,0.741751061744528,0.9862520458265139,0.5955148142085448,0.43796220213640097,0.9499510922725791,0.9855025248411794,0.9855001629195178,0.9879557291666666,0.6428571428571429,1.0,0.5186396337475474,0.48030203545633615,0.643265306122449,0.9870999346832136,0.9889142484512553,0.222059302704464,0.2192696446038474,0.22120268720301492,0.21234446627373935,0.09075961854653075,0.222059302704464,0.222059302704464,0.222059302704464,0.8278777959629023,0.6249465431218817,0.8278834313859625,0.41619697419163454,0.3499772347852481,0.812089715536105,0.827308689128359,0.8271487039563438,0.8278777959629023,0.4569625957638576,0.8285090114691426,0.33135734914120685,0.48843073272026105,0.43341404358353514,0.8282828282828283,0.8278777959629023,0.0,0.0,0.0,0.0,0.0,0.0,0.0,0.0,0.0,0.0,0.0,0.0,0.0,0.0,0.0,0.0
NB08b_BDA_COH_DROP+RGB_LightGBM,0.4166782487838777,0.3314151747655584,0.41484655792092895,0.3314151747655584,0.4145364101146884,0.4145364101146884,0.37379043406137685,0.3739950097033546,0.37336093857832986,0.37456774599182646,0.3733887733887734,0.008876560332871012,0.010540915395284327,0.03678287125995059,0.008321775312066574,0.00776914539400666,0.19798731131043534,0.3006120527306968,0.16382787987449574,0.28487994808565864,0.22983626440266827,0.23066132264529057,0.19751718022611395,0.33176312247644685,0.16042077580539119,0.2812165345898479,0.23008130081300812,0.24677860210855135,0.19809563237424963,0.2224691856940796,0.1811328443357783,0.27701283547257877,0.2804022450888681,0.14679245283018869,0.09287925696594428,0.242300987797792,0.35587420563793387,0.0885011561908766,0.35587420563793387,0.1927987742594484,0.20755195134313228,0.09388164493480441,0.1359068067610781,0.11350844277673545,0.2224707929405916,0.23441701295526765,0.18893421723610404,0.37442218798151,0.4386540828887977,0.34584048027444253,0.3739950097033546,0.44609507640067914,0.41516745087185164,0.4354370943239884,0.43785524820007576,0.4145364101146884,0.4435152374202693,0.41985055688707174,0.43308935229940615,0.4030827702702703,0.4166782487838777,0.44920174165457183,0.015332197614991482,0.3285646161182642,0.3792223389881399,0.45601074546675624,0.43055350553505534,0.42905957510028225,0.0,0.34988808058198095,0.3542524492403805,0.3498456357002526,0.32218905472636816,0.30358006773101115,0.35067302299495234,0.3501820218426211,0.3501820218426211,0.4070638020833333,0.46622765757290685,0.40094724808100607,0.4917327293318233,0.33590361445783135,0.41363335539377893,0.4072745066057739,0.4074738903394256,0.5237630208333334,0.6844942850981238,0.5209698558322412,0.7130434782608696,0.5586680761099366,0.5457322246733413,0.5256535947712418,0.5258254331480876,0.5237630208333334,0.781489730264786,0.5186396337475474,1.0,0.5741639009446005,0.805055055055055,0.5273770491803279,0.5247104876855325,0.32866533295227207,0.3276901004304161,0.31682884945621065,0.32431646305991857,0.14989358467619338,0.32866533295227207,0.32866533295227207,0.32866533295227207,0.4388979814511729,0.47083118224057824,0.43945205479452054,0.4588235294117647,0.46924386092876247,0.4437656206609275,0.4390610072335199,0.4392408519934462,0.4388979814511729,0.5286894396070552,0.43930083299194317,0.5781458722949506,0.5134850400337126,0.549625468164794,0.43918088737201366,0.4388979814511729,0.0,0.0,0.0,0.0,0.0,0.0,0.0,0.0,0.0,0.0,0.0,0.0,0.0,0.0,0.0,0.0
NB08b_BDA_COH_DROP+RGB_LogReg,0.38492672714584786,0.15386100386100385,0.3826835021506868,0.15386100386100385,0.3825773338881953,0.3825773338881953,0.33665145859256185,0.3376803551609323,0.3360938578329883,0.3283699059561129,0.3378209576682859,0.0071791803769069695,0.007768150582611294,0.010954165465552033,0.0074850299401197605,0.005984440454817474,0.16831238779174149,0.28799019607843135,0.17186384194239468,0.28164556962025317,0.20198470126111226,0.18894289185905225,0.163718820861678,0.30847379358115906,0.16616384311905313,0.2764245810055866,0.2101297614064462,0.2058359621451104,0.20244061887121378,0.22147083685545224,0.17871614416719983,0.2370986920332937,0.23399715504978663,0.16720257234726688,0.12794612794612795,0.22830867652938824,0.2975020145044319,0.12491404996561999,0.2975020145044319,0.2027876468980596,0.22346216657593904,0.1235638413180143,0.145118091064037,0.11922019495126218,0.1400539612460142,0.15208483972041456,0.12988683127572018,0.34092186621697584,0.40249076228274255,0.4084407971864009,0.3376803551609323,0.41913861950941245,0.38316198944151153,0.403771491957848,0.4602952913008779,0.3825773338881953,0.4150727947473594,0.3915944909839557,0.4043351396415173,0.46551724137931033,0.38492672714584786,0.42678807460713764,0.011318446007953502,0.3785751430057202,0.35557920340529037,0.49395448079658605,0.41005686920083806,0.40925535122098283,0.0,0.3121152770005596,0.31703851072900385,0.312508774392812,0.370752688172043,0.3853856562922869,0.3128154795288839,0.3123774852982358,0.3123774852982358,0.3631184895833333,0.41729464958553125,0.36219052303656335,0.44431740224102445,0.5081498427223334,0.3691874896574549,0.36390339425587465,0.36363636363636365,0.4798177083333333,0.6287257019438445,0.4818346210751274,0.6467810091971166,0.8050032071840924,0.5004243761670345,0.48177806831181563,0.4819355893411803,0.4798177083333333,0.7374623871614845,0.48030203545633615,0.5741639009446005,1.0,0.6770531400966183,0.4833579275291031,0.48091353996737357,0.0446087786259542,0.04434324065196549,0.03885823938594387,0.040826245443499394,0.043065043065043065,0.0446087786259542,0.0446087786259542,0.0446087786259542,0.40207310420076375,0.5419150521609538,0.40342700479780674,0.5340176653139174,0.5764609503003824,0.41038852527503134,0.4024024024024024,0.4023757509557619,0.40207310420076375,0.7699138858988159,0.40243069780144747,0.5892303354947843,0.7278180454886278,0.736870897155361,0.4025122883670126,0.40207310420076375,0.0,0.0,0.0,0.0,0.0,0.0,0.0,0.0,0.0,0.0,0.0,0.0,0.0,0.0,0.0,0.0
NB08b_BDA_COH_DROP+RGB_RF-200,0.522976537553797,0.3458516957271508,0.5216249827276496,0.3458516957271508,0.5212707182320442,0.5212707182320442,0.4811998894111142,0.480675993904973,0.4806073153899241,0.480410447761194,0.48026042388142404,0.007762557077625571,0.0091324200913242,0.03735763097949886,0.0073059360730593605,0.006621004566210046,0.23406354845075983,0.29911358482787054,0.1878233187425388,0.29872389791183296,0.27527881040892194,0.28158577250833644,0.2303863002787734,0.34065495207667734,0.1910553158101216,0.29806030343768003,0.2769259536275243,0.3042607428987618,0.23332707120045088,0.27393170367605896,0.21808412080785622,0.32929164007657946,0.3273885350318471,0.1758147512864494,0.10742294364399052,0.2921832884097035,0.46058757424947827,0.10114644970414201,0.46058757424947827,0.22097714029583146,0.24204392649036308,0.10972568578553615,0.1523046092184369,0.12617203424378312,0.25274967003959525,0.2728265618173875,0.21077231248608946,0.4805648769574944,0.5430327868852459,0.39545004945598417,0.480675993904973,0.5487959442332065,0.5220639092543921,0.5425296879315107,0.4971367215461704,0.5212707182320442,0.5472896668548842,0.5223126578725793,0.5393320452663538,0.42075038284839206,0.522976537553797,0.5433816147999426,0.013268156424581005,0.35257775884107373,0.46228353390079246,0.5419386422976501,0.5209937527241029,0.5165572574762947,0.0,0.4585898153329603,0.46436683702441794,0.45826904194136625,0.39152447027939247,0.3360780065005417,0.4596186203028603,0.4589750770092411,0.4589750770092411,0.5335286458333334,0.59828422230511,0.5265992167101827,0.5726185390858607,0.39876078778490814,0.5409158538601422,0.5337573385518591,0.5335181862665145,0.6502278645833334,0.8129617901625501,0.6463753886434299,0.7681493431666283,0.5938395415472779,0.6733243060257278,0.6523443881718674,0.652557607452198,0.6502278645833334,0.9242460796139927,0.643265306122449,0.805055055055055,0.6770531400966183,1.0,0.6536697247706422,0.650904940485896,0.329250367466928,0.32450980392156864,0.3178142612104876,0.3141025641025641,0.13098486727859093,0.329250367466928,0.329250367466928,0.329250367466928,0.5448717948717948,0.568376787216148,0.5456786741542254,0.48097502972651607,0.47619047619047616,0.5479983377199058,0.5451071379828033,0.5451194539249147,0.5448717948717948,0.6176532993846807,0.5454048887068141,0.4800708591674048,0.6175574070310912,0.6168306010928962,0.5452559726962457,0.5448717948717948,0.0,0.0,0.0,0.0,0.0,0.0,0.0,0.0,0.0,0.0,0.0,0.0,0.0,0.0,0.0,0.0
NB08b_BDA_COH_DROP+RGB_UISEM_voting,0.8063000828958276,0.34730627306273065,0.8101021253105162,0.34730627306273065,0.8106280193236715,0.8106280193236715,0.7688698771905617,0.7662570757973216,0.7707700800441623,0.692039004511716,0.7658428827833771,0.01022938623682579,0.011159330440173589,0.031288723667905825,0.009919404835709857,0.009454432734035957,0.2642965204236006,0.28768382352941174,0.22537562604340566,0.3652685342826188,0.34771497294046905,0.3510032943995208,0.25329096686336816,0.3474938875305624,0.2346723044397463,0.36922601575776304,0.34330827067669173,0.38603051151660184,0.3128880811752234,0.36852589641434264,0.3041779380823565,0.36710310965630116,0.36714659685863876,0.31537219204228456,0.21269652921981608,0.40811998182093623,0.6890832328106152,0.18952029520295202,0.6890832328106152,0.19588281868566904,0.21134347275031687,0.22002635046113306,0.18425814234016888,0.15033172496984318,0.2762232040582556,0.29739898576803536,0.23368765331152902,0.7546309095935858,0.8277179102441686,0.3489468257475328,0.7662570757973216,0.7933205584451136,0.810109100952907,0.8317924658479371,0.5130057803468208,0.8106280193236715,0.8075539568345323,0.7921682579216826,0.8299516908212561,0.36691060410388865,0.8063000828958276,0.7822413076603407,0.013976130653266331,0.3311811023622047,0.6975664650443101,0.6868155935173018,0.7628996074032529,0.7536475869809203,0.0,0.7529378847229995,0.7403307174887892,0.7494751574527642,0.4195230998509687,0.27426810477657937,0.7509444522177138,0.7520984890878567,0.7520984890878567,0.8759765625,0.7469721767594109,0.8650716145833334,0.5512043257414386,0.3813739957370061,0.8631767775603392,0.8732096354166666,0.8730262086928211,0.99267578125,0.7527868852459016,0.9835317136800913,0.6013104013104014,0.43941629775373015,0.9569120287253142,0.9918487120965113,0.9918473830099462,0.99267578125,0.6524590163934426,0.9870999346832136,0.5273770491803279,0.4833579275291031,0.6536697247706422,1.0,0.9942922374429224,0.23099558607160373,0.2278004905968929,0.22314860225600786,0.21649484536082475,0.09175815172865803,0.23099558607160373,0.23099558607160373,0.23099558607160373,0.8318330605564648,0.6260671599317018,0.8316005471956225,0.41483232382922147,0.3490551776266062,0.8165526675786594,0.8310147299509002,0.8306055646481179,0.8318330605564648,0.45606945068103577,0.8322184300341297,0.33050719152157454,0.4883170659568175,0.43216762134458847,0.8322413322413322,0.8318330605564648,0.0,0.0,0.0,0.0,0.0,0.0,0.0,0.0,0.0,0.0,0.0,0.0,0.0,0.0,0.0,0.0
NB08b_BDA_COH_DROP+RGB_XGBoost,0.8093331492475494,0.34770453207769275,0.8143803477780844,0.34770453207769275,0.8149068322981367,0.8149068322981367,0.773147509314199,0.7695598178556644,0.7748033669104457,0.6943313953488373,0.7691458534566027,0.01018047200370199,0.011105969458583989,0.030980271270036993,0.009871972852074657,0.009409224124633657,0.26382401687509416,0.28730546231309123,0.22635799667120593,0.3673154155081866,0.3485234597511617,0.3515974917885936,0.2532408803135363,0.3479055597867479,0.23599397590361446,0.37020489909104914,0.3435251798561151,0.3861061419200954,0.3155905035536065,0.36824427480916033,0.3070688878883386,0.3668079556569938,0.3675199739116256,0.3187619187325803,0.21441254809115123,0.4085485576196949,0.6927365883062085,0.1905813097866078,0.6927365883062085,0.19492593759848723,0.21031057859057228,0.2220598977355734,0.1850015028554253,0.15101427498121714,0.27586768779533977,0.2973765683558742,0.23431644125794363,0.7569732118199393,0.831696672122204,0.3475582930048394,0.7695598178556644,0.795843019280733,0.8138892724009389,0.8358167770419426,0.5107178823190908,0.8149068322981367,0.8110911353892961,0.7939754041729998,0.8337242997102249,0.36528571428571427,0.8093331492475494,0.7830775611779345,0.013908423191123613,0.33061480552070266,0.7019271346180898,0.6861717612809316,0.7665031534688157,0.7567643347819991,0.0,0.7572747621712367,0.743453297857443,0.753813855843247,0.4188567186340015,0.27296426928385215,0.7552819364768434,0.756435366536094,0.756435366536094,0.8810221354166666,0.7451907401369416,0.8701171875,0.5491763170771489,0.37944535073409463,0.8654942191825435,0.8782552083333334,0.8777669270833334,0.9977213541666666,0.748980590442016,0.9866427756963675,0.5995759256238786,0.4371941272430669,0.9574987787005373,0.9949511400651466,0.9949503176413097,0.9977213541666666,0.6491600065242211,0.9889142484512553,0.5247104876855325,0.48091353996737357,0.650904940485896,0.9942922374429224,1.0,0.23123269825761278,0.22805017103762829,0.22341638169679207,0.2163923741241649,0.09200652528548124,0.23123269825761278,0.23123269825761278,0.23123269825761278,0.8360611020185488,0.6235477472371777,0.8358413132694938,0.41502209131075113,0.34742702377369844,0.8193001640240568,0.8352427714129842,0.8348336061102019,0.8360611020185488,0.4539630512514899,0.8364505119453924,0.32896323086196505,0.48608862063889297,0.4301575393848462,0.8364728364728364,0.8360611020185488,0.0,0.0,0.0,0.0,0.0,0.0,0.0,0.0,0.0,0.0,0.0,0.0,0.0,0.0,0.0,0.0
NB08b_BDA_COH_DROP_AdaBoost,0.19318665720369055,0.43454486973303313,0.19473907509546032,0.43454486973303313,0.19468400961402516,0.19468400961402516,0.21240517626059796,0.21124031007751937,0.21256684491978609,0.2451682176091625,0.21079308288610615,0.012035010940919038,0.015317286652078774,0.0886214442013129,0.010940919037199124,0.009299781181619256,0.16152392947103275,0.10689961504293752,0.12224052718286656,0.09577836411609499,0.17952237167169915,0.21011673151750973,0.16612903225806452,0.1307901907356948,0.13674659753726506,0.1010498687664042,0.17915399502350013,0.21698862132839375,0.1350354609929078,0.16094771241830066,0.14342743085258056,0.22874291430476826,0.23015343562374915,0.09969246540235777,0.05345345345345345,0.17228274638966304,0.24766087454649607,0.04952027236149799,0.24766087454649607,0.1265625,0.12974203338391502,0.061070911722141824,0.08923076923076922,0.08223684210526316,0.2911340206185567,0.28972332015810276,0.2327475353621946,0.20640408899579074,0.19324859915265818,0.10727496917385944,0.21124031007751937,0.18438421570004213,0.19447983014861997,0.19012721238938052,0.1343108504398827,0.19468400961402516,0.18467832957110608,0.18630960905055133,0.18728403593642018,0.09070498428378986,0.19318665720369055,0.17365783822476735,0.025802752293577983,0.08514908256880734,0.17909496494582536,0.13389328063241107,0.17633928571428573,0.17456508698260348,0.0,0.2225159384232623,0.22371329333754342,0.2218408736349454,0.1345480028030834,0.08526664658029527,0.22249922094110314,0.22215308027380212,0.22215308027380212,0.263681592039801,0.2880120094359854,0.253877400295421,0.26156677181913773,0.06642066420664207,0.2636992706190387,0.2617115455551457,0.2609256868891757,0.23291015625,0.2639530004196391,0.225,0.23381642512077294,0.04738853503184713,0.2353635903492492,0.2318485886767825,0.23132137030995106,0.23291015625,0.2803406671398155,0.222059302704464,0.32866533295227207,0.0446087786259542,0.329250367466928,0.23099558607160373,0.23123269825761278,1.0,0.9846261355695318,0.9664570230607966,0.9329140461215933,0.3941299790356394,1.0,1.0,1.0,0.1951718494271686,0.1257285595337219,0.19514869124297657,0.08032570422535211,0.05477075588599752,0.19051569196737178,0.19484240687679083,0.19475911014057595,0.1951718494271686,0.06638566912539515,0.19511196067722555,0.04462474645030426,0.07769123227481525,0.06477197620621282,0.19505869505869505,0.1951718494271686,0.0,0.0,0.0,0.0,0.0,0.0,0.0,0.0,0.0,0.0,0.0,0.0,0.0,0.0,0.0,0.0
NB08b_BDA_COH_DROP_ExtraTrees,0.19040181740735482,0.42792792792792794,0.1917963224893918,0.42792792792792794,0.1917420814479638,0.1917420814479638,0.2091328276067232,0.20796064400715564,0.20929887106357695,0.24123120973514675,0.2075134168157424,0.012181616832779624,0.015503875968992248,0.08849557522123894,0.01107419712070875,0.009413067552602437,0.16228209191759113,0.10760059612518628,0.1220159151193634,0.09401483050847458,0.17606602475928473,0.21073225265511458,0.16655844155844157,0.1303395399780942,0.13550488599348534,0.09931506849315068,0.17730299667036625,0.21696357351768147,0.13394129381590197,0.15747816593886463,0.14171199541941024,0.22508361204013377,0.22855227882037535,0.09799382716049383,0.05349048050770626,0.16937531742001016,0.24393505253104106,0.04953271028037383,0.24393505253104106,0.125,0.1282442748091603,0.061153174140943505,0.08765898934341698,0.08170776591829224,0.29272349272349274,0.29072082835523694,0.233895373973195,0.2032777026011126,0.1902419024190242,0.1056669141301658,0.20796064400715564,0.18146067415730338,0.19153454133635334,0.18724934310607108,0.13266705859298453,0.1917420814479638,0.18207480592801695,0.1838372259636051,0.18457071754458731,0.08894393154694888,0.19040181740735482,0.17134670487106018,0.02613240418118467,0.08381336405529954,0.17633928571428573,0.13157460840890353,0.1732400654859354,0.17179294823705926,0.0,0.21909500855232467,0.2202399747395011,0.21840873634945399,0.1336459554513482,0.08386315470784135,0.2190713617949517,0.21873055382700685,0.21873055382700685,0.25962778699097105,0.285499462943072,0.24981536189069423,0.26108764519535377,0.06531660011409013,0.2595848139143445,0.25765400221320545,0.2568688917573299,0.22932942708333334,0.26198486122792264,0.2224039247751431,0.23386705482775352,0.04631525076765609,0.23165176311793487,0.22845953002610966,0.22793277859357156,0.22932942708333334,0.28180737217598095,0.2192696446038474,0.3276901004304161,0.04434324065196549,0.32450980392156864,0.2278004905968929,0.22805017103762829,0.9846261355695318,1.0,0.9524475524475524,0.9269662921348315,0.3913963328631876,0.9846261355695318,0.9846261355695318,0.9846261355695318,0.19217130387343154,0.12337445815271757,0.19213375359736878,0.07952286282306163,0.05454545454545454,0.1874740771464123,0.19184063310137808,0.1917565169919476,0.19217130387343154,0.0646661031276416,0.19210813762971055,0.04381049414161997,0.07587587587587588,0.06296950950066284,0.19205569205569206,0.19217130387343154,0.0,0.0,0.0,0.0,0.0,0.0,0.0,0.0,0.0,0.0,0.0,0.0,0.0,0.0,0.0,0.0
NB08b_BDA_COH_DROP_GBM,0.1863733144073811,0.4191058218076552,0.1879507848960543,0.4191058218076552,0.18789763890852537,0.18789763890852537,0.20526550647032574,0.20444378168804056,0.2054367201426025,0.23702112423916935,0.2038169077083644,0.0027824151363383415,0.0066815144766146995,0.07292817679558011,0.0011123470522803114,0.0016722408026755853,0.15844734330257715,0.10479041916167664,0.11821511821511821,0.09437483337776593,0.17831392124237383,0.20380206877271456,0.16264667535853977,0.12909441233140656,0.131458469587966,0.09796134498279058,0.17563423473654866,0.20908607863974496,0.12685290763968074,0.15542763157894737,0.1355689309257667,0.21965124077800133,0.21943048576214405,0.0975168132436627,0.05167173252279635,0.1663270504330107,0.23920519679021782,0.04894885472230938,0.23920519679021782,0.11917916337805841,0.12346625766871165,0.06006445941986522,0.08581314878892733,0.07888888888888888,0.27344072697232547,0.27225959635931934,0.21686746987951808,0.2009936766034327,0.18733761794065362,0.10662680617837568,0.20444378168804056,0.17946554149085794,0.18768577494692146,0.18349004424778761,0.13089622641509435,0.18789763890852537,0.17807252716241004,0.17960469779432828,0.18130272438113676,0.08235823582358236,0.1863733144073811,0.1672873102262962,0.002880184331797235,0.08381670533642692,0.17462853490973,0.13439522150323543,0.17566960945683077,0.17070236125733193,0.0,0.21505209143212564,0.21613514366908745,0.21435257410296413,0.13259538389072067,0.08519083969465649,0.21502025553131818,0.21468574984443062,0.21468574984443062,0.25483692647871753,0.277992277992278,0.2510204081632653,0.2572109023551204,0.06641748131109833,0.25472227417243315,0.25378368401624213,0.2532299741602067,0.22509765625,0.25440806045340053,0.22134776192818495,0.22577519379844962,0.04340010272213662,0.2274721565980425,0.22401696851036057,0.2234910277324633,0.22509765625,0.269585798816568,0.22120268720301492,0.31682884945621065,0.03885823938594387,0.3178142612104876,0.22314860225600786,0.22341638169679207,0.9664570230607966,0.9524475524475524,1.0,0.9414285714285714,0.40577617328519855,0.9664570230607966,0.9664570230607966,0.9664570230607966,0.1886252045826514,0.12353531971878139,0.18873355263157895,0.07902330743618202,0.05490097768864377,0.18404314159292035,0.1884552401746725,0.18853242320819114,0.1886252045826514,0.06570274293004465,0.1885581649371928,0.0441025641025641,0.0762728919299658,0.06451612903225806,0.1885066885066885,0.1886252045826514,0.0,0.0,0.0,0.0,0.0,0.0,0.0,0.0,0.0,0.0,0.0,0.0,0.0,0.0,0.0,0.0
NB08b_BDA_COH_DROP_LightGBM,0.18056542122460575,0.40547504025764897,0.18132956152758134,0.40547504025764897,0.18127828054298642,0.18127828054298642,0.19812583668005354,0.19746457867263237,0.1983065953654189,0.22930849158007882,0.1970171513795675,0.005157593123209169,0.007441327990841442,0.07308781869688386,0.0028620492272467086,0.0028669724770642203,0.1553054662379421,0.10430563978168587,0.11824324324324324,0.09059139784946237,0.17411961989938513,0.1960674157303371,0.15985497692814765,0.12517346655564807,0.12905360688285902,0.09306666666666667,0.17370495495495494,0.20529978586723768,0.12828662236347876,0.1507870753935377,0.1344927536231884,0.22282793867120954,0.223016683690841,0.089893478825669,0.05211224175146469,0.1641829393627955,0.23026944391362508,0.04902897166507482,0.23026944391362508,0.1152,0.12227414330218069,0.05997624703087886,0.08497191011235955,0.08072425499811392,0.27521008403361347,0.2729099678456592,0.21876370013152127,0.19430637144148216,0.1809354485776805,0.10707986898463089,0.19746457867263237,0.17387019569196113,0.18139337298215802,0.1770156271608353,0.13102081268582755,0.18127828054298642,0.17312040700960996,0.17592991526640817,0.17482710926694328,0.08498519024834815,0.18056542122460575,0.16508484325568018,0.009540846750149075,0.08308866705813271,0.16751918158567775,0.13187729243081028,0.16778824585015703,0.1650602409638554,0.0,0.20758824444098897,0.20874782883309648,0.20686427457098283,0.13168528642738292,0.08544891640866874,0.2075412901215332,0.2072184194150591,0.2072184194150591,0.24599226091763404,0.2728839112642688,0.24096385542168675,0.25883297644539616,0.06703584960652871,0.2469112691875702,0.24492432631967515,0.24437061646363972,0.21728515625,0.25380710659898476,0.2134776192818495,0.23084479371316308,0.045028630921395106,0.2208143267443825,0.21638381201044388,0.21645445641527913,0.21728515625,0.27268374431410103,0.21234446627373935,0.32431646305991857,0.040826245443499394,0.3141025641025641,0.21649484536082475,0.2163923741241649,0.9329140461215933,0.9269662921348315,0.9414285714285714,1.0,0.4161073825503356,0.9329140461215933,0.9329140461215933,0.9329140461215933,0.1820785597381342,0.12264150943396226,0.18199259969850623,0.07963212202781517,0.055301877219685436,0.17854671280276815,0.18174375767498976,0.18181818181818182,0.1820785597381342,0.06569343065693431,0.18216577905230097,0.04438100181676616,0.07636068237205523,0.06449438202247192,0.1821160409556314,0.1820785597381342,0.0,0.0,0.0,0.0,0.0,0.0,0.0,0.0,0.0,0.0,0.0,0.0,0.0,0.0,0.0,0.0
NB08b_BDA_COH_DROP_LogReg,0.07469707769066286,0.16203104786545924,0.07425251523310189,0.16203104786545924,0.07423147754639467,0.07423147754639467,0.08344489067380634,0.08376885172465283,0.08377896613190731,0.09392959770114942,0.08364451082897685,0.0010183299389002036,0.009183673469387756,0.017210144927536232,0.0,0.0010235414534288639,0.06813020439061317,0.04819277108433735,0.06995364517488412,0.05051150895140665,0.08578664134219689,0.081575682382134,0.07051032333463186,0.06005812076202777,0.07488807488807489,0.04358733145186579,0.08182107609041707,0.08646288209606987,0.0710868079289132,0.07741116751269035,0.07233026270897305,0.1094488188976378,0.11457921770051363,0.043266301035953685,0.04140378548895899,0.07336568655438196,0.09064665127020785,0.03825586178527355,0.09064665127020785,0.070026525198939,0.07924335378323108,0.040907400520639646,0.05842081241442264,0.05385002516356316,0.1141732283464567,0.1061865189289012,0.09721463681048607,0.08274088640145212,0.07667031763417305,0.07923741435805778,0.08376885172465283,0.07715302491103203,0.07419492126542772,0.07217066075633745,0.07166123778501629,0.07423147754639467,0.0724967953283008,0.07461605331787888,0.07189451769604441,0.06682705159048383,0.07469707769066286,0.07413919413919413,0.002173913043478261,0.054571738344777736,0.070808064251762,0.07675791733762748,0.07433979545107618,0.07302418733631182,0.0,0.08770020214585601,0.08717624763108023,0.08726194192944114,0.08630547236591342,0.07762017336485422,0.08741040822686195,0.0872744243932794,0.0872744243932794,0.10392482034273079,0.12034009156311315,0.10296034258052504,0.1400405914757901,0.07355126300148589,0.10465116279069768,0.10343553749538234,0.1034928848641656,0.091796875,0.1176853055916775,0.09171743783961799,0.11840717299578059,0.04577691811734365,0.09443879281112241,0.09181506289821925,0.09184507272430135,0.091796875,0.12333168561542264,0.09075961854653075,0.14989358467619338,0.043065043065043065,0.13098486727859093,0.09175815172865803,0.09200652528548124,0.3941299790356394,0.3913963328631876,0.40577617328519855,0.4161073825503356,1.0,0.3941299790356394,0.3941299790356394,0.3941299790356394,0.07692307692307693,0.0773308957952468,0.07707076247942951,0.0575614861329147,0.05183116076970826,0.07675194660734148,0.07669213973799127,0.07672354948805461,0.07692307692307693,0.05964114227950468,0.07702813438951106,0.04396662387676508,0.06589785831960461,0.059577878706919586,0.07700709994538503,0.07692307692307693,0.0,0.0,0.0,0.0,0.0,0.0,0.0,0.0,0.0,0.0,0.0,0.0,0.0,0.0,0.0,0.0
NB08b_BDA_COH_DROP_RF-200,0.19318665720369055,0.43454486973303313,0.19473907509546032,0.43454486973303313,0.19468400961402516,0.19468400961402516,0.21240517626059796,0.21124031007751937,0.21256684491978609,0.2451682176091625,0.21079308288610615,0.012035010940919038,0.015317286652078774,0.0886214442013129,0.010940919037199124,0.009299781181619256,0.16152392947103275,0.10689961504293752,0.12224052718286656,0.09577836411609499,0.17952237167169915,0.21011673151750973,0.16612903225806452,0.1307901907356948,0.13674659753726506,0.1010498687664042,0.17915399502350013,0.21698862132839375,0.1350354609929078,0.16094771241830066,0.14342743085258056,0.22874291430476826,0.23015343562374915,0.09969246540235777,0.05345345345345345,0.17228274638966304,0.24766087454649607,0.04952027236149799,0.24766087454649607,0.1265625,0.12974203338391502,0.061070911722141824,0.08923076923076922,0.08223684210526316,0.2911340206185567,0.28972332015810276,0.2327475353621946,0.20640408899579074,0.19324859915265818,0.10727496917385944,0.21124031007751937,0.18438421570004213,0.19447983014861997,0.19012721238938052,0.1343108504398827,0.19468400961402516,0.18467832957110608,0.18630960905055133,0.18728403593642018,0.09070498428378986,0.19318665720369055,0.17365783822476735,0.025802752293577983,0.08514908256880734,0.17909496494582536,0.13389328063241107,0.17633928571428573,0.17456508698260348,0.0,0.2225159384232623,0.22371329333754342,0.2218408736349454,0.1345480028030834,0.08526664658029527,0.22249922094110314,0.22215308027380212,0.22215308027380212,0.263681592039801,0.2880120094359854,0.253877400295421,0.26156677181913773,0.06642066420664207,0.2636992706190387,0.2617115455551457,0.2609256868891757,0.23291015625,0.2639530004196391,0.225,0.23381642512077294,0.04738853503184713,0.2353635903492492,0.2318485886767825,0.23132137030995106,0.23291015625,0.2803406671398155,0.222059302704464,0.32866533295227207,0.0446087786259542,0.329250367466928,0.23099558607160373,0.23123269825761278,1.0,0.9846261355695318,0.9664570230607966,0.9329140461215933,0.3941299790356394,1.0,1.0,1.0,0.1951718494271686,0.1257285595337219,0.19514869124297657,0.08032570422535211,0.05477075588599752,0.19051569196737178,0.19484240687679083,0.19475911014057595,0.1951718494271686,0.06638566912539515,0.19511196067722555,0.04462474645030426,0.07769123227481525,0.06477197620621282,0.19505869505869505,0.1951718494271686,0.0,0.0,0.0,0.0,0.0,0.0,0.0,0.0,0.0,0.0,0.0,0.0,0.0,0.0,0.0,0.0
NB08b_BDA_COH_DROP_UISEM_voting,0.19318665720369055,0.43454486973303313,0.19473907509546032,0.43454486973303313,0.19468400961402516,0.19468400961402516,0.21240517626059796,0.21124031007751937,0.21256684491978609,0.2451682176091625,0.21079308288610615,0.012035010940919038,0.015317286652078774,0.0886214442013129,0.010940919037199124,0.009299781181619256,0.16152392947103275,0.10689961504293752,0.12224052718286656,0.09577836411609499,0.17952237167169915,0.21011673151750973,0.16612903225806452,0.1307901907356948,0.13674659753726506,0.1010498687664042,0.17915399502350013,0.21698862132839375,0.1350354609929078,0.16094771241830066,0.14342743085258056,0.22874291430476826,0.23015343562374915,0.09969246540235777,0.05345345345345345,0.17228274638966304,0.24766087454649607,0.04952027236149799,0.24766087454649607,0.1265625,0.12974203338391502,0.061070911722141824,0.08923076923076922,0.08223684210526316,0.2911340206185567,0.28972332015810276,0.2327475353621946,0.20640408899579074,0.19324859915265818,0.10727496917385944,0.21124031007751937,0.18438421570004213,0.19447983014861997,0.19012721238938052,0.1343108504398827,0.19468400961402516,0.18467832957110608,0.18630960905055133,0.18728403593642018,0.09070498428378986,0.19318665720369055,0.17365783822476735,0.025802752293577983,0.08514908256880734,0.17909496494582536,0.13389328063241107,0.17633928571428573,0.17456508698260348,0.0,0.2225159384232623,0.22371329333754342,0.2218408736349454,0.1345480028030834,0.08526664658029527,0.22249922094110314,0.22215308027380212,0.22215308027380212,0.263681592039801,0.2880120094359854,0.253877400295421,0.26156677181913773,0.06642066420664207,0.2636992706190387,0.2617115455551457,0.2609256868891757,0.23291015625,0.2639530004196391,0.225,0.23381642512077294,0.04738853503184713,0.2353635903492492,0.2318485886767825,0.23132137030995106,0.23291015625,0.2803406671398155,0.222059302704464,0.32866533295227207,0.0446087786259542,0.329250367466928,0.23099558607160373,0.23123269825761278,1.0,0.9846261355695318,0.9664570230607966,0.9329140461215933,0.3941299790356394,1.0,1.0,1.0,0.1951718494271686,0.1257285595337219,0.19514869124297657,0.08032570422535211,0.05477075588599752,0.19051569196737178,0.19484240687679083,0.19475911014057595,0.1951718494271686,0.06638566912539515,0.19511196067722555,0.04462474645030426,0.07769123227481525,0.06477197620621282,0.19505869505869505,0.1951718494271686,0.0,0.0,0.0,0.0,0.0,0.0,0.0,0.0,0.0,0.0,0.0,0.0,0.0,0.0,0.0,0.0
NB08b_BDA_COH_DROP_XGBoost,0.19318665720369055,0.43454486973303313,0.19473907509546032,0.43454486973303313,0.19468400961402516,0.19468400961402516,0.21240517626059796,0.21124031007751937,0.21256684491978609,0.2451682176091625,0.21079308288610615,0.012035010940919038,0.015317286652078774,0.0886214442013129,0.010940919037199124,0.009299781181619256,0.16152392947103275,0.10689961504293752,0.12224052718286656,0.09577836411609499,0.17952237167169915,0.21011673151750973,0.16612903225806452,0.1307901907356948,0.13674659753726506,0.1010498687664042,0.17915399502350013,0.21698862132839375,0.1350354609929078,0.16094771241830066,0.14342743085258056,0.22874291430476826,0.23015343562374915,0.09969246540235777,0.05345345345345345,0.17228274638966304,0.24766087454649607,0.04952027236149799,0.24766087454649607,0.1265625,0.12974203338391502,0.061070911722141824,0.08923076923076922,0.08223684210526316,0.2911340206185567,0.28972332015810276,0.2327475353621946,0.20640408899579074,0.19324859915265818,0.10727496917385944,0.21124031007751937,0.18438421570004213,0.19447983014861997,0.19012721238938052,0.1343108504398827,0.19468400961402516,0.18467832957110608,0.18630960905055133,0.18728403593642018,0.09070498428378986,0.19318665720369055,0.17365783822476735,0.025802752293577983,0.08514908256880734,0.17909496494582536,0.13389328063241107,0.17633928571428573,0.17456508698260348,0.0,0.2225159384232623,0.22371329333754342,0.2218408736349454,0.1345480028030834,0.08526664658029527,0.22249922094110314,0.22215308027380212,0.22215308027380212,0.263681592039801,0.2880120094359854,0.253877400295421,0.26156677181913773,0.06642066420664207,0.2636992706190387,0.2617115455551457,0.2609256868891757,0.23291015625,0.2639530004196391,0.225,0.23381642512077294,0.04738853503184713,0.2353635903492492,0.2318485886767825,0.23132137030995106,0.23291015625,0.2803406671398155,0.222059302704464,0.32866533295227207,0.0446087786259542,0.329250367466928,0.23099558607160373,0.23123269825761278,1.0,0.9846261355695318,0.9664570230607966,0.9329140461215933,0.3941299790356394,1.0,1.0,1.0,0.1951718494271686,0.1257285595337219,0.19514869124297657,0.08032570422535211,0.05477075588599752,0.19051569196737178,0.19484240687679083,0.19475911014057595,0.1951718494271686,0.06638566912539515,0.19511196067722555,0.04462474645030426,0.07769123227481525,0.06477197620621282,0.19505869505869505,0.1951718494271686,0.0,0.0,0.0,0.0,0.0,0.0,0.0,0.0,0.0,0.0,0.0,0.0,0.0,0.0,0.0,0.0
NB08b_BDA_RGB+CARD_AdaBoost,0.9513093289689034,0.41312056737588654,0.957037643207856,0.41312056737588654,0.9573104200763776,0.9573104200763776,0.9165302782324058,0.9129841789416258,0.9181669394435352,0.7538188761593017,0.9125750136388434,0.05714675395526459,0.057965084560829244,0.07624113475177305,0.05687397708674304,0.05646481178396072,0.3079650845608292,0.3146481178396072,0.26936715766503,0.3712493180578287,0.39088925259138024,0.3986633933442444,0.2978723404255319,0.3708401527550464,0.283278777959629,0.3769776322967812,0.38652482269503546,0.4320785597381342,0.3505182760501909,0.3862520458265139,0.3517457719585379,0.30741953082378615,0.3078286961265685,0.3900709219858156,0.283278777959629,0.4358974358974359,0.6959901800327333,0.2673213311511184,0.6959901800327333,0.1981723949809056,0.21099290780141844,0.3048281505728314,0.2393617021276596,0.20867430441898527,0.23186033824331698,0.24986361156573922,0.1970812875068194,0.8993453355155483,0.9956355701036552,0.41721222040370975,0.9129841789416258,0.9551282051282052,0.955810147299509,0.9787234042553191,0.5961538461538461,0.9573104200763776,0.9500818330605565,0.9346699399890889,0.976404800872886,0.4674031642116748,0.9513093289689034,0.9229405346426623,0.048827059465357335,0.3210583742498636,0.8141025641025641,0.7438625204582652,0.8829787234042553,0.8730223677032187,0.0,0.877114020731042,0.861974904528096,0.8730223677032187,0.4672667757774141,0.29609929078014185,0.8749318057828697,0.8762956901254774,0.8762956901254774,0.7401800327332242,0.6239770867430442,0.7310420076377523,0.4593562465902891,0.3172394980905619,0.726404800872886,0.737861429350791,0.7374522640480087,0.8379705400981997,0.6264320785597381,0.8273322422258592,0.5015002727768685,0.36552100381887614,0.8034642662302237,0.8345608292416803,0.8342880523731587,0.8379705400981997,0.542962356792144,0.8278777959629023,0.4388979814511729,0.40207310420076375,0.5448717948717948,0.8318330605564648,0.8360611020185488,0.1951718494271686,0.19217130387343154,0.1886252045826514,0.1820785597381342,0.07692307692307693,0.1951718494271686,0.1951718494271686,0.1951718494271686,1.0,0.7268139661756683,0.9942716857610474,0.47435897435897434,0.3852973267866885,0.9792689579923622,0.9991816693944353,0.9987725040916531,1.0,0.4949536279323513,0.9986361156573923,0.3667484997272231,0.5407801418439716,0.46399345335515546,0.9989088925259137,1.0,0.0,0.0,0.0,0.0,0.0,0.0,0.0,0.0,0.0,0.0,0.0,0.0,0.0,0.0,0.0,0.0
NB08b_BDA_RGB+CARD_ExtraTrees,0.6912714776632303,0.3012610929472209,0.6879956248290949,0.3012610929472209,0.6880382775119617,0.6880382775119617,0.6464881115058759,0.6483411022758432,0.6454297407912688,0.5590980899037771,0.648381788261108,0.0479489516864175,0.049616928128420286,0.055197132616487454,0.04834884145228973,0.048566733613291946,0.27149321266968324,0.3160978972768011,0.26257562662057043,0.3422807602534178,0.33621392466981903,0.32562248995983933,0.2574058577405858,0.35670937289278487,0.273164861612515,0.33768595041322313,0.33186490455212925,0.34851610855419773,0.3154038301415487,0.3218334953028831,0.3173413293353323,0.28026338004389667,0.2762449528936743,0.2900126023944549,0.2198978751441278,0.34931940487496044,0.5005753739930955,0.2142262202232217,0.5005753739930955,0.2125871625245843,0.23336322869955156,0.23071916693784575,0.259601706970128,0.22943179781322817,0.17522153486039124,0.1909196740395809,0.16371757429994846,0.6564323423173104,0.7281061850027367,0.5013424020046536,0.6483411022758432,0.7457531143827859,0.6888432580424367,0.7088002186389724,0.6212602373391275,0.6880382775119617,0.7174186338874144,0.6997348960513464,0.7083447332421341,0.5489120820803114,0.6912714776632303,0.7275064267352185,0.03418803418803419,0.3739270386266094,0.5982458622153063,0.7088748019017432,0.6659139026111504,0.6584193411565107,0.0,0.6039279869067103,0.6127647791776271,0.6035543403964456,0.5811811450243815,0.4039685511044553,0.6052487698195735,0.6044226044226044,0.6044226044226044,0.5213578500707213,0.5668406897642778,0.5215658362989324,0.5075403016120645,0.4136657433056325,0.5289137609413115,0.5223986390700311,0.5221891393733163,0.6227722772277228,0.6848361351672609,0.6246079270031366,0.5775091960063058,0.49700934579439254,0.643956043956044,0.6249822569198012,0.6244677831393699,0.6227722772277228,0.5890083632019116,0.6249465431218817,0.47083118224057824,0.5419150521609538,0.568376787216148,0.6260671599317018,0.6235477472371777,0.1257285595337219,0.12337445815271757,0.12353531971878139,0.12264150943396226,0.0773308957952468,0.1257285595337219,0.1257285595337219,0.1257285595337219,0.7268139661756683,1.0,0.7236716295588035,0.6162598641952652,0.5298311444652908,0.7422005571030641,0.7274092274092274,0.7277072238153762,0.7268139661756683,0.6753319618477651,0.7273347897323866,0.4986915887850467,0.732985269438747,0.6362443778110944,0.7273720136518771,0.7268139661756683,0.0,0.0,0.0,0.0,0.0,0.0,0.0,0.0,0.0,0.0,0.0,0.0,0.0,0.0,0.0,0.0
NB08b_BDA_RGB+CARD_GBM,0.9479721425645228,0.41317447274719254,0.9537074969274887,0.41317447274719254,0.9542474733679323,0.9542474733679323,0.9110626108307188,0.9072558647026732,0.9124386252045826,0.7511955185134581,0.9068466993998909,0.055738153930430016,0.05670456101903849,0.0747637957003971,0.05560882070949185,0.05519791809341186,0.3050847457627119,0.3144774688398849,0.2681357788119354,0.3700054734537493,0.38951977014639483,0.39502800163912033,0.29550116231368795,0.36996988776348205,0.28262357935095167,0.37650602409638556,0.3853311439518336,0.4279082468596395,0.35049993151623066,0.3850574712643678,0.3528444139821796,0.30721818928913847,0.3081666209920526,0.3883189714129394,0.28174603174603174,0.43545516769336073,0.6960448884631175,0.265909401943342,0.6960448884631175,0.19849211788896504,0.21154373457636413,0.3033661740558292,0.23751539198248733,0.2080536912751678,0.23235092529129542,0.2501027819651912,0.1973954763536669,0.8949092397980074,0.9907217901487242,0.4139909823746413,0.9072558647026732,0.9504639737991266,0.9535455663341986,0.9756897022671401,0.5956486042692939,0.9542474733679323,0.948339483394834,0.9323678098100834,0.9733679322589457,0.4668765398302765,0.9479721425645228,0.9208800218638973,0.048676813382695736,0.3214579336804604,0.8110913809588854,0.7426500752085328,0.8795575583777141,0.8698443048347446,0.0,0.8713857064920895,0.8572598253275109,0.868058398144358,0.4641344445962563,0.29531763417305584,0.8697135061391542,0.8713330604448083,0.8713330604448083,0.739671682626539,0.6240076649329318,0.731690622861054,0.4598000273935077,0.3183438442555525,0.7265635691802381,0.7382972898987133,0.7374110563765737,0.8377564979480164,0.6271395316993017,0.8278363213357055,0.5023287671232877,0.3666895133653187,0.8041335888310978,0.8350896400711646,0.8340629274965801,0.8377564979480164,0.5437611286125188,0.8278834313859625,0.43945205479452054,0.40342700479780674,0.5456786741542254,0.8316005471956225,0.8358413132694938,0.19514869124297657,0.19213375359736878,0.18873355263157895,0.18199259969850623,0.07707076247942951,0.19514869124297657,0.19514869124297657,0.19514869124297657,0.9942716857610474,0.7236716295588035,1.0,0.47164138308049747,0.3854266538830297,0.9743484786464729,0.9948137027432783,0.994132096069869,0.9942716857610474,0.4947296372347707,0.9934515688949522,0.36642475694919896,0.5403038182564665,0.4636550308008214,0.9937244201909959,0.9942716857610474,0.0,0.0,0.0,0.0,0.0,0.0,0.0,0.0,0.0,0.0,0.0,0.0,0.0,0.0,0.0,0.0
NB08b_BDA_RGB+CARD_LightGBM,0.44139547710976285,0.2328533535430087,0.4398408560845109,0.2328533535430087,0.43991769547325105,0.43991769547325105,0.3935501503142935,0.394379712131597,0.39290586630286495,0.35863005431502715,0.3941595832190842,0.05867970660146699,0.05915875169606513,0.06292785676671933,0.0589994562262099,0.05962428532534713,0.2052952300903551,0.3219835466179159,0.22100313479623823,0.311336717428088,0.24661033601886423,0.2347608024691358,0.20084835630965006,0.3436686903729402,0.2328007101642255,0.3028595282821958,0.23934812487728255,0.24433626661673843,0.23478971008574928,0.21020329881089375,0.2462962962962963,0.19791013584117031,0.20205407671347725,0.20838894184938037,0.16530312565554856,0.23113816638996496,0.30212443095599395,0.167453842851009,0.30212443095599395,0.17769285884881778,0.18963068181818182,0.1740649404027949,0.23419811320754716,0.2392972036624598,0.1244299674267101,0.13753213367609254,0.13328729281767956,0.3985004165509581,0.47583184992468847,0.43135537552003506,0.394379712131597,0.4896247868106879,0.44018678752918555,0.4608528726175785,0.4806640256555367,0.43991769547325105,0.4687104486007594,0.4465135816297956,0.4607250755287009,0.48910933793400907,0.44139547710976285,0.4757994814174589,0.037037037037037035,0.3462603878116344,0.39955555555555555,0.4981549815498155,0.4577413212245496,0.4577246569278442,0.0,0.3514729950900164,0.3565000692233144,0.3514363885088919,0.45469869363674675,0.36186113789778207,0.3522416621104429,0.35176085176085176,0.35176085176085176,0.3091737724198765,0.3370413415241574,0.30952733738331606,0.36076326774001194,0.3239051094890511,0.3134417425033567,0.309755378720896,0.3098923780038331,0.4145839458982652,0.49186691312384473,0.41644404867913326,0.5162110616656072,0.5085742283194512,0.42929061784897027,0.4159043965771614,0.4158182086468939,0.4145839458982652,0.4971898835808912,0.41619697419163454,0.4588235294117647,0.5340176653139174,0.48097502972651607,0.41483232382922147,0.41502209131075113,0.08032570422535211,0.07952286282306163,0.07902330743618202,0.07963212202781517,0.0575614861329147,0.08032570422535211,0.08032570422535211,0.08032570422535211,0.47435897435897434,0.6162598641952652,0.47164138308049747,1.0,0.6066785623247515,0.48440111420612814,0.47474747474747475,0.47494196367608904,0.47435897435897434,0.649338593641216,0.474604041507373,0.5829055441478439,0.6488701816570669,0.6314915816931468,0.4744744744744745,0.47435897435897434,0.0,0.0,0.0,0.0,0.0,0.0,0.0,0.0,0.0,0.0,0.0,0.0,0.0,0.0,0.0,0.0
NB08b_BDA_RGB+CARD_LogReg,0.35359116022099446,0.1776302554817944,0.35155177149134853,0.1776302554817944,0.3514552443712246,0.3514552443712246,0.3043181197048374,0.30540318156884255,0.3038199181446112,0.2803924574582247,0.30552887913294,0.046114156723637535,0.0463618802318094,0.044766903365236185,0.046143917392707325,0.046188630490956076,0.17553191489361702,0.339598016183764,0.17849251166216548,0.30028129395218,0.19987349778621125,0.1893234016139044,0.17609767551068325,0.3420479302832244,0.19853300733496332,0.29494902687673774,0.1984328674290555,0.1997997997997998,0.17563739376770537,0.18520846427823173,0.1976950354609929,0.16651355075792376,0.17530064754856614,0.15011126846044912,0.11790193842645381,0.18804262036306235,0.23392996108949415,0.12034652306251463,0.23392996108949415,0.1762441572724773,0.19225524952277065,0.12145390070921985,0.17195496417604914,0.19642857142857142,0.10879686351384464,0.12027904738994467,0.11371935315597287,0.30946753788405396,0.38679632926996305,0.4134037953398991,0.30540318156884255,0.40299785867237686,0.35198680049498143,0.3724440784959517,0.4528568544316576,0.3514552443712246,0.3834958315670482,0.35965158752458554,0.3735039207593892,0.4871550903901047,0.35359116022099446,0.3937808776518454,0.01921229586935639,0.35363303711447985,0.3222071868891896,0.44661890616809363,0.37640615748963885,0.37496274217585696,0.0,0.2624113475177305,0.2664450907076582,0.26297056810403835,0.3642514185945002,0.4873474248288181,0.2629852378348824,0.26262626262626265,0.26262626262626265,0.23903903903903903,0.2732278045423262,0.24071547673184782,0.3193438432040903,0.3530338849487786,0.24271992681811252,0.2396507601987054,0.23957235356121065,0.34669669669669667,0.44769711163153786,0.3499848162769511,0.48447488584474885,0.5715101341707108,0.3603870766349305,0.34800301431801056,0.347904733192644,0.34669669669669667,0.4863507316007862,0.3499772347852481,0.46924386092876247,0.5764609503003824,0.47619047619047616,0.3490551776266062,0.34742702377369844,0.05477075588599752,0.05454545454545454,0.05490097768864377,0.055301877219685436,0.05183116076970826,0.05477075588599752,0.05477075588599752,0.05477075588599752,0.3852973267866885,0.5298311444652908,0.3854266538830297,0.6066785623247515,1.0,0.3934540389972145,0.3856128856128856,0.3857708589375939,0.3852973267866885,0.7015554969680992,0.38563430288133277,0.6729368932038835,0.6827757125154895,0.709305517430689,0.3857181867831786,0.3852973267866885,0.0,0.0,0.0,0.0,0.0,0.0,0.0,0.0,0.0,0.0,0.0,0.0,0.0,0.0,0.0,0.0
NB08b_BDA_RGB+CARD_RF-200,0.9313685359530631,0.40195001373249106,0.9365707270495157,0.40195001373249106,0.9368435411267222,0.9368435411267222,0.8994260726974583,0.8956141549391994,0.8979536152796725,0.7371155160628845,0.8952042628774423,0.05732572700709614,0.058307820762593936,0.07575757575757576,0.05704744677890636,0.056630026436621676,0.3086522462562396,0.3141709378030198,0.2709981951964459,0.3705190311418685,0.3883360972913212,0.39563475618179306,0.29875173370319,0.3693456909669387,0.2851589615438012,0.3782397782397782,0.3827671913835957,0.42947920983561266,0.35135135135135137,0.3828729281767956,0.35391231964483905,0.3084604715672677,0.30742587974508173,0.37893146545804146,0.27471770862021483,0.4290042693843823,0.6888491681561941,0.2593000826674015,0.6888491681561941,0.19952758093650133,0.21343159065628475,0.2954045129334067,0.24321691943787394,0.21292299122684863,0.22872561228725613,0.2473356401384083,0.1970853573907009,0.8889193636862315,0.9759825327510917,0.42445742904841405,0.8956141549391994,0.949017452246805,0.9361353711790393,0.959061135371179,0.6031922276197086,0.9368435411267222,0.9340989882417282,0.9176004372779448,0.955940526531169,0.47421820708825574,0.9313685359530631,0.9097631110502533,0.04883818004730764,0.32619279454722494,0.7972936030617824,0.7423803613294718,0.8640273037542662,0.8543145821955216,0.0,0.8563829787234043,0.8546503640609974,0.854061433447099,0.4769530706029801,0.30236768802228414,0.8574941931957918,0.8568308994131295,0.8568308994131295,0.7232094040459267,0.6292446292446292,0.7163974815220366,0.4670375521557719,0.32377106252611054,0.7216409691629956,0.7225338623614722,0.7223590585659552,0.8212137780207763,0.6349118178030829,0.8130303859841227,0.5098039215686274,0.37306781785266674,0.807633798921311,0.8200355823183249,0.8197618721773642,0.8212137780207763,0.5492781787895613,0.812089715536105,0.4437656206609275,0.41038852527503134,0.5479983377199058,0.8165526675786594,0.8193001640240568,0.19051569196737178,0.1874740771464123,0.18404314159292035,0.17854671280276815,0.07675194660734148,0.19051569196737178,0.19051569196737178,0.19051569196737178,0.9792689579923622,0.7422005571030641,0.9743484786464729,0.48440111420612814,0.3934540389972145,1.0,0.9795305676855895,0.9791211790393013,0.9792689579923622,0.5054317548746519,0.9781748738234893,0.3745125348189415,0.5522284122562674,0.47381615598885796,0.9781778505182761,0.9792689579923622,0.0,0.0,0.0,0.0,0.0,0.0,0.0,0.0,0.0,0.0,0.0,0.0,0.0,0.0,0.0,0.0
NB08b_BDA_RGB+CARD_UISEM_voting,0.9504909983633388,0.41268758526603,0.9562193126022913,0.41268758526603,0.9564920894708129,0.9564920894708129,0.9162346521145975,0.9121658483360611,0.9173486088379705,0.7530005455537371,0.9117566830332787,0.057049269823938854,0.058012558012558016,0.0761566807697557,0.05692055692055692,0.056511056511056514,0.30803876074791864,0.31490581490581493,0.26924126637554585,0.37117903930131,0.3912093912093912,0.39822646657571625,0.2979391292479869,0.3707696506550218,0.2833356080251126,0.37728637728637726,0.3864628820960699,0.43126022913256956,0.35043668122270744,0.3863791456257677,0.35184932441654154,0.30749283472089534,0.3079022792411628,0.389252591380251,0.2824604473540644,0.43527486018278544,0.6963286474682681,0.26650300054555376,0.6963286474682681,0.19833469833469833,0.21116571116571117,0.3040098199672668,0.23938856284973387,0.20884520884520885,0.23188207997816296,0.24989763886993313,0.19707929575542513,0.9000819000819,0.9956337835993997,0.4175539175539176,0.9121658483360611,0.9553766375545851,0.9552584913381531,0.9781748738234893,0.5964241845229972,0.9564920894708129,0.9500613999181334,0.9341154003546583,0.9755864702673214,0.46778596778596776,0.9504909983633388,0.9226466575716235,0.048723897911832945,0.3213213213213213,0.8135315782294367,0.7435197817189632,0.8821603927986906,0.8722040370976542,0.0,0.8762956901254774,0.8624266411901187,0.8732259825327511,0.46764946764946763,0.29634179634179636,0.874880611270296,0.8765010917030568,0.8765010917030568,0.7393617021276596,0.6242664119011874,0.7316407316407316,0.45973245973245974,0.3174993174993175,0.726528384279476,0.7382284700423093,0.7371077762619372,0.837152209492635,0.6267230790227925,0.8275109170305677,0.5019110019110019,0.3658203658203658,0.8038760747918657,0.8347434497816594,0.833719819942709,0.837152209492635,0.5431963968882216,0.827308689128359,0.4390610072335199,0.4024024024024024,0.5451071379828033,0.8310147299509002,0.8352427714129842,0.19484240687679083,0.19184063310137808,0.1884552401746725,0.18174375767498976,0.07669213973799127,0.19484240687679083,0.19484240687679083,0.19484240687679083,0.9991816693944353,0.7274092274092274,0.9948137027432783,0.47474747474747475,0.3856128856128856,0.9795305676855895,1.0,0.9993175924662209,0.9991816693944353,0.49535899535899536,0.9978177850518276,0.367048867048867,0.5412230412230412,0.4643734643734644,0.9980905619203492,0.9991816693944353,0.0,0.0,0.0,0.0,0.0,0.0,0.0,0.0,0.0,0.0,0.0,0.0,0.0,0.0,0.0,0.0
NB08b_BDA_RGB+CARD_XGBoost,0.9500818330605565,0.4126637554585153,0.955810147299509,0.4126637554585153,0.9560829241680305,0.9560829241680305,0.9158253751705321,0.9120174601009412,0.9169394435351882,0.7530695770804912,0.9116082389851317,0.05707263790278536,0.05803632391096545,0.07604095563139932,0.05694387546087669,0.0565342072920934,0.3081649371927908,0.31503482179434655,0.26900504981574996,0.37114387114387115,0.39098976109215017,0.3980079137672261,0.2978839590443686,0.3707343707343707,0.2832764505119454,0.37706484641638227,0.38624266411901187,0.4314367580843226,0.35002729257641924,0.3863481228668942,0.3516243516243516,0.3074402730375427,0.3078498293515358,0.38922237380627556,0.28222616287000407,0.43506139154160983,0.6959192029480006,0.2664392905866303,0.6959192029480006,0.19841594974737128,0.21125221903591423,0.30395634379263303,0.23914823914823916,0.20876570180229384,0.23180887372013653,0.24982935153583619,0.19699658703071674,0.8999317406143345,0.9949522510231924,0.41772497610269016,0.9120174601009412,0.954967248908297,0.9548492702223434,0.9777656527076797,0.5964505119453924,0.9560829241680305,0.9493860845839017,0.9337061792388487,0.975177304964539,0.4679776048067732,0.9500818330605565,0.9224996588893437,0.04860068259385666,0.32145295643861804,0.8133697135061392,0.7435862445414847,0.882007911608239,0.8717948717948718,0.0,0.875886524822695,0.8620171966698512,0.8728165938864629,0.4676406335335882,0.2964631981428376,0.8742155525238745,0.8760917030567685,0.8760917030567685,0.7389525368248773,0.6243003412969284,0.7314675767918088,0.4597214636810486,0.3174494811578372,0.7263545789545517,0.7378190255220418,0.7366984993178718,0.8367430441898527,0.6267576791808873,0.8271015283842795,0.5019115237575096,0.3657837247405789,0.8037128037128037,0.8343340611353712,0.8335607094133697,0.8367430441898527,0.5432081911262798,0.8271487039563438,0.4392408519934462,0.4023757509557619,0.5451194539249147,0.8306055646481179,0.8348336061102019,0.19475911014057595,0.1917565169919476,0.18853242320819114,0.18181818181818182,0.07672354948805461,0.19475911014057595,0.19475911014057595,0.19475911014057595,0.9987725040916531,0.7277072238153762,0.994132096069869,0.47494196367608904,0.3857708589375939,0.9791211790393013,0.9993175924662209,1.0,0.9987725040916531,0.4955619281715144,0.9974086197490453,0.36719923528608495,0.5414447630752424,0.4645637034002458,0.9976813966175668,0.9987725040916531,0.0,0.0,0.0,0.0,0.0,0.0,0.0,0.0,0.0,0.0,0.0,0.0,0.0,0.0,0.0,0.0
NB08b_BDA_RGB_AdaBoost,0.9513093289689034,0.41312056737588654,0.957037643207856,0.41312056737588654,0.9573104200763776,0.9573104200763776,0.9165302782324058,0.9129841789416258,0.9181669394435352,0.7538188761593017,0.9125750136388434,0.05714675395526459,0.057965084560829244,0.07624113475177305,0.05687397708674304,0.05646481178396072,0.3079650845608292,0.3146481178396072,0.26936715766503,0.3712493180578287,0.39088925259138024,0.3986633933442444,0.2978723404255319,0.3708401527550464,0.283278777959629,0.3769776322967812,0.38652482269503546,0.4320785597381342,0.3505182760501909,0.3862520458265139,0.3517457719585379,0.30741953082378615,0.3078286961265685,0.3900709219858156,0.283278777959629,0.4358974358974359,0.6959901800327333,0.2673213311511184,0.6959901800327333,0.1981723949809056,0.21099290780141844,0.3048281505728314,0.2393617021276596,0.20867430441898527,0.23186033824331698,0.24986361156573922,0.1970812875068194,0.8993453355155483,0.9956355701036552,0.41721222040370975,0.9129841789416258,0.9551282051282052,0.955810147299509,0.9787234042553191,0.5961538461538461,0.9573104200763776,0.9500818330605565,0.9346699399890889,0.976404800872886,0.4674031642116748,0.9513093289689034,0.9229405346426623,0.048827059465357335,0.3210583742498636,0.8141025641025641,0.7438625204582652,0.8829787234042553,0.8730223677032187,0.0,0.877114020731042,0.861974904528096,0.8730223677032187,0.4672667757774141,0.29609929078014185,0.8749318057828697,0.8762956901254774,0.8762956901254774,0.7401800327332242,0.6239770867430442,0.7310420076377523,0.4593562465902891,0.3172394980905619,0.726404800872886,0.737861429350791,0.7374522640480087,0.8379705400981997,0.6264320785597381,0.8273322422258592,0.5015002727768685,0.36552100381887614,0.8034642662302237,0.8345608292416803,0.8342880523731587,0.8379705400981997,0.542962356792144,0.8278777959629023,0.4388979814511729,0.40207310420076375,0.5448717948717948,0.8318330605564648,0.8360611020185488,0.1951718494271686,0.19217130387343154,0.1886252045826514,0.1820785597381342,0.07692307692307693,0.1951718494271686,0.1951718494271686,0.1951718494271686,1.0,0.7268139661756683,0.9942716857610474,0.47435897435897434,0.3852973267866885,0.9792689579923622,0.9991816693944353,0.9987725040916531,1.0,0.4949536279323513,0.9986361156573923,0.3667484997272231,0.5407801418439716,0.46399345335515546,0.9989088925259137,1.0,0.0,0.0,0.0,0.0,0.0,0.0,0.0,0.0,0.0,0.0,0.0,0.0,0.0,0.0,0.0,0.0
NB08b_BDA_RGB_ExtraTrees,0.46890150990441887,0.2136347065257018,0.4661892301335904,0.2136347065257018,0.4660608563954289,0.4660608563954289,0.4141842033342443,0.41546688605512133,0.41350613915416096,0.37560096153846156,0.4156378600823045,0.03133757961783439,0.03234020881079704,0.03381881017032831,0.03109072375127421,0.031377551020408165,0.20437806873977088,0.3357335733573357,0.20309145556032632,0.30437461491065926,0.2483182779165866,0.23134749107310656,0.2000412881915772,0.3561204870754112,0.20075757575757575,0.2962287104622871,0.25617103984450923,0.2485304922850845,0.21716080895346554,0.24633487654320987,0.20403413498836306,0.2159983464241422,0.21536237869089409,0.20300333704115683,0.15482695810564662,0.24931356397583745,0.3331297709923664,0.16074766355140188,0.3331297709923664,0.2074126870990734,0.22974578284628178,0.1625693893735131,0.1856419290905087,0.15906537856661424,0.12902542372881357,0.14318610006280091,0.11688311688311688,0.42084781097984714,0.49609856262833674,0.49854358055119874,0.41546688605512133,0.5175563802455039,0.4667677881963596,0.48706303330580786,0.5720180782078994,0.4660608563954289,0.5009208103130756,0.4769620966605608,0.4882052696923714,0.5934959349593496,0.46890150990441887,0.5147894506775462,0.01891132123690263,0.38816705336426915,0.4208734270910437,0.577731457356262,0.49055768663322513,0.48592592592592593,0.0,0.37206764866339337,0.3775962337302686,0.3726563569180238,0.43774200122274304,0.44458281444582815,0.3728813559322034,0.37237237237237236,0.37237237237237236,0.3464168896818317,0.39286926994906624,0.3484848484848485,0.412108980827447,0.4290856731461483,0.3516981132075472,0.3472946787896855,0.34724914268674517,0.4530181385667559,0.5778161581270389,0.45614298588164615,0.5837849555603729,0.648980658651333,0.47049737411183196,0.45470825249962693,0.4548440065681445,0.4530181385667559,0.654707545118504,0.4569625957638576,0.5286894396070552,0.7699138858988159,0.6176532993846807,0.45606945068103577,0.4539630512514899,0.06638566912539515,0.0646661031276416,0.06570274293004465,0.06569343065693431,0.05964114227950468,0.06638566912539515,0.06638566912539515,0.06638566912539515,0.4949536279323513,0.6753319618477651,0.4947296372347707,0.649338593641216,0.7015554969680992,0.5054317548746519,0.49535899535899536,0.4955619281715144,0.4949536279323513,1.0,0.49542537211525334,0.7309589041095891,0.9133282942806752,0.9337183718371838,0.4954942654287275,0.4949536279323513,0.0,0.0,0.0,0.0,0.0,0.0,0.0,0.0,0.0,0.0,0.0,0.0,0.0,0.0,0.0,0.0
NB08b_BDA_RGB_GBM,0.950211430909835,0.4121418826739427,0.9556737588652482,0.4121418826739427,0.9559465357337698,0.9559465357337698,0.9151663938897981,0.911620294599018,0.9168030551009274,0.752694039012413,0.9112111292962357,0.05664755664755665,0.05746655746655747,0.07561075474273236,0.05637455637455637,0.055965055965055965,0.3076713076713077,0.3147187329328236,0.2692150170648464,0.3713817586018569,0.3906633906633907,0.3982530367135253,0.29757029757029757,0.3705978705978706,0.2833151283451666,0.37674037674037675,0.38648464163822527,0.4316910058687048,0.3495225102319236,0.3858332195987444,0.35167235494880544,0.3074822501365374,0.3078918623702895,0.3892754809660254,0.2826146288209607,0.4362965997541991,0.6955513100436681,0.26664847161572053,0.6955513100436681,0.1982793936911102,0.21111566297965315,0.30417576419213976,0.239011739011739,0.20879421002321452,0.23167235494880545,0.2498634625887493,0.1970234844347351,0.8984993178717599,0.9942716857610474,0.41720136518771334,0.911620294599018,0.9540308279907244,0.9555131004366813,0.9773595199127114,0.5967499658609859,0.9559465357337698,0.9495156228680584,0.9343613537117904,0.9750409165302782,0.46744027303754265,0.950211430909835,0.9221009549795361,0.04832104832104832,0.3211359912616057,0.8127386797599564,0.744401966138722,0.8818715045696358,0.871658483360611,0.0,0.8757501363884342,0.8606110201854883,0.871658483360611,0.4675040961223375,0.29632664208657655,0.8735679214402619,0.8749318057828697,0.8749318057828697,0.7400027296301351,0.6241638225255973,0.7308584686774942,0.45978424143110747,0.31749283080704627,0.7262180974477959,0.7376825440152859,0.7372730994950184,0.8378599699740685,0.6270654103509491,0.8272144124471135,0.5019800628157859,0.365833674723474,0.8033301487648423,0.8344479323051727,0.8344253344253344,0.8378599699740685,0.5432823593664664,0.8285090114691426,0.43930083299194317,0.40243069780144747,0.5454048887068141,0.8322184300341297,0.8364505119453924,0.19511196067722555,0.19210813762971055,0.1885581649371928,0.18216577905230097,0.07702813438951106,0.19511196067722555,0.19511196067722555,0.19511196067722555,0.9986361156573923,0.7273347897323866,0.9934515688949522,0.474604041507373,0.38563430288133277,0.9781748738234893,0.9978177850518276,0.9974086197490453,0.9986361156573923,0.49542537211525334,1.0,0.36706267922982383,0.5413082070189813,0.4644271473439847,0.9997269251774986,0.9986361156573923,0.0,0.0,0.0,0.0,0.0,0.0,0.0,0.0,0.0,0.0,0.0,0.0,0.0,0.0,0.0,0.0
NB08b_BDA_RGB_LightGBM,0.340918551408353,0.17100143354495187,0.3393128190975576,0.17100143354495187,0.3392192026486412,0.3392192026486412,0.28573380705110685,0.2865761689291101,0.2852660300136426,0.2574227119681665,0.28651762446852286,0.03358829398071167,0.0345514950166113,0.03604465709728868,0.03361064891846922,0.03364423717521652,0.15854800936768149,0.3440947000269034,0.16280229369234606,0.28588403041825095,0.18721949134430435,0.17185216120275632,0.1552868658131816,0.34930139720558884,0.1531575127026373,0.27974653837127433,0.18876452862677573,0.17823375578354456,0.16349557522123895,0.17493083634815917,0.14821272885789014,0.15006979990693345,0.151839776432231,0.1589390142021721,0.11904202864522188,0.17841409691629956,0.22246626921870097,0.12566585956416465,0.22246626921870097,0.16774739216239076,0.17666666666666667,0.1262580054894785,0.1524896265560166,0.13261744966442954,0.09342301943198804,0.10241404535479151,0.08932806324110672,0.28966379549874965,0.367794057236752,0.4002436053593179,0.2865761689291101,0.3827935511485233,0.33973473335175464,0.36031439602868176,0.45357216388717314,0.3392192026486412,0.37047551454932576,0.3465989274626023,0.3613491844069671,0.5179945395879871,0.340918551408353,0.3808411214953271,0.019745649263721552,0.3516483516483517,0.31600547195622436,0.4353957341794465,0.3764458464773922,0.3753971856559237,0.0,0.24386252045826515,0.2474383827194683,0.24435318275154005,0.3105443634804972,0.36478517270429656,0.24439584472389284,0.24406224406224405,0.24406224406224405,0.22063468190705368,0.2500430218551024,0.22176684881602915,0.2805496828752643,0.3214756258234519,0.22385096961368148,0.22101613146389265,0.22111613876319758,0.32847044668371184,0.422821414615084,0.330749354005168,0.4695290858725762,0.5814432989690722,0.34125371267781773,0.32971014492753625,0.3298097251585624,0.32847044668371184,0.4750110570544007,0.33135734914120685,0.5781458722949506,0.5892303354947843,0.4800708591674048,0.33050719152157454,0.32896323086196505,0.04462474645030426,0.04381049414161997,0.0441025641025641,0.04438100181676616,0.04396662387676508,0.04462474645030426,0.04462474645030426,0.04462474645030426,0.3667484997272231,0.4986915887850467,0.36642475694919896,0.5829055441478439,0.6729368932038835,0.3745125348189415,0.367048867048867,0.36719923528608495,0.3667484997272231,0.7309589041095891,0.36706267922982383,1.0,0.6676691729323309,0.7794332456909144,0.3671490988530857,0.3667484997272231,0.0,0.0,0.0,0.0,0.0,0.0,0.0,0.0,0.0,0.0,0.0,0.0,0.0,0.0,0.0,0.0
NB08b_BDA_RGB_LogReg,0.511676108884897,0.23481638418079095,0.5087237257865092,0.23481638418079095,0.5085839857162477,0.5085839857162477,0.4600983875375786,0.46173889193636863,0.45934515688949523,0.4169278996865204,0.4619289340101523,0.03738760056791292,0.03905325443786982,0.040478380864765406,0.03765095903386218,0.03816974869606449,0.21733176838810642,0.3293768545994065,0.2157183790421613,0.31014890282131663,0.27041100985679745,0.25054466230936817,0.2123422712933754,0.35936546674801706,0.2166733789770439,0.30104408352668216,0.275609756097561,0.2678634909349449,0.23464953712450407,0.26597131681877445,0.2245508982035928,0.22856578427499014,0.22697692762768684,0.22399569583931134,0.17594394706111327,0.2692307692307692,0.3589090364154054,0.18074930251096055,0.3589090364154054,0.21670783741298003,0.23837339923612672,0.1841100076394194,0.1999160897839312,0.17064337452066466,0.13846463022508038,0.15248508946322067,0.12450633963832883,0.46775090353072,0.5420944558521561,0.5160802935462983,0.46173889193636863,0.565068493150685,0.509353507565337,0.5295167490389896,0.5990792250143872,0.5085839857162477,0.5437085157463635,0.520449754040759,0.5305448541552009,0.6076555023923444,0.511676108884897,0.5587509077705156,0.024407582938388624,0.39277055322900595,0.4583088667058133,0.6181068544923553,0.5252776154295733,0.519941348973607,0.0,0.41789416257501366,0.4241207421766824,0.4182514707894377,0.4734848484848485,0.45817490494296575,0.41880809185347184,0.4182364182364182,0.4182364182364182,0.37975613339209635,0.4273775697810463,0.3814814814814815,0.44038499312512275,0.43925875085792726,0.38547569340888754,0.3807069219440353,0.38087520259319285,0.4850888790950492,0.6116760828625235,0.4876167877799199,0.6088421052631579,0.6354910164902782,0.5038144644491913,0.4868770274255382,0.4870206489675516,0.4850888790950492,0.6554166666666666,0.48843073272026105,0.5134850400337126,0.7278180454886278,0.6175574070310912,0.4883170659568175,0.48608862063889297,0.07769123227481525,0.07587587587587588,0.0762728919299658,0.07636068237205523,0.06589785831960461,0.07769123227481525,0.07769123227481525,0.07769123227481525,0.5407801418439716,0.732985269438747,0.5403038182564665,0.6488701816570669,0.6827757125154895,0.5522284122562674,0.5412230412230412,0.5414447630752424,0.5407801418439716,0.9133282942806752,0.5413082070189813,0.6676691729323309,1.0,0.8561350466112371,0.5413708356089568,0.5407801418439716,0.0,0.0,0.0,0.0,0.0,0.0,0.0,0.0,0.0,0.0,0.0,0.0,0.0,0.0,0.0,0.0
NB08b_BDA_RGB_RF-200,0.43725761772853183,0.19624255952380953,0.43472872486918207,0.19624255952380953,0.4346090308370044,0.4346090308370044,0.3831647991254441,0.3843411490470314,0.382537517053206,0.35390447308567097,0.3844993141289438,0.03466016788518819,0.03572395128552097,0.03636839351125065,0.03467894879436467,0.03470715835140998,0.20476798637718177,0.3385697538100821,0.19542018674966652,0.30214756538379756,0.2370238800078942,0.22482571649883812,0.20232458028411537,0.3572062084257206,0.19160504567203132,0.2953781512605042,0.24595404595404596,0.23798756359525156,0.20209339774557167,0.22910094637223974,0.18576526566217288,0.21765339074273413,0.21882403618350205,0.1687196715192236,0.12505133470225874,0.23304055316763223,0.31778741865509763,0.12931760741364784,0.31778741865509763,0.21314342828585708,0.23570536828963795,0.1307923771313942,0.17712850947272313,0.15287517531556802,0.12826183104820876,0.14429383471797114,0.1173351775011526,0.3894912427022519,0.4652245345016429,0.49629458082445577,0.3843411490470314,0.4853675945753034,0.43526816489728387,0.4556213017751479,0.550877893056664,0.4346090308370044,0.46876328091797703,0.4447731755424063,0.45689060560077255,0.5716915995397008,0.43725761772853183,0.48257763522379354,0.01924640824071564,0.3903381642512077,0.38973750556132286,0.5450104675505931,0.45663716814159294,0.4522962962962963,0.0,0.3411074740861975,0.34616449736914984,0.3415902559189818,0.40986991534173034,0.4278759928260313,0.3418534718425369,0.3413868413868414,0.3413868413868414,0.32190447671807154,0.36615858879945196,0.32396494409187065,0.39128647759967117,0.408062930186824,0.32684706597750074,0.32272590813569496,0.3226726726726727,0.4292558766282378,0.5524271844660195,0.4325919201089424,0.5675376439326838,0.6389113446510375,0.4459312276334215,0.43086865043582806,0.43099819603126877,0.4292558766282378,0.6219244288224957,0.43341404358353514,0.549625468164794,0.736870897155361,0.6168306010928962,0.43216762134458847,0.4301575393848462,0.06477197620621282,0.06296950950066284,0.06451612903225806,0.06449438202247192,0.059577878706919586,0.06477197620621282,0.06477197620621282,0.06477197620621282,0.46399345335515546,0.6362443778110944,0.4636550308008214,0.6314915816931468,0.709305517430689,0.47381615598885796,0.4643734643734644,0.4645637034002458,0.46399345335515546,0.9337183718371838,0.4644271473439847,0.7794332456909144,0.8561350466112371,1.0,0.4645002730748225,0.46399345335515546,0.0,0.0,0.0,0.0,0.0,0.0,0.0,0.0,0.0,0.0,0.0,0.0,0.0,0.0,0.0,0.0
NB08b_BDA_RGB_UISEM_voting,0.9504842449870413,0.41241473396998635,0.9559465357337698,0.41241473396998635,0.9562193126022913,0.9562193126022913,0.9154391707583197,0.9118930714675395,0.917075831969449,0.7529668530896194,0.9114839061647573,0.05677630681042719,0.05759519585096219,0.07573689956331878,0.05650334379691552,0.05609389927664801,0.307765797734407,0.3148122866894198,0.26931476931476933,0.3712803712803713,0.39055676855895194,0.39833515283842796,0.2976661662344752,0.37068377234884675,0.28323778323778326,0.3768254401528593,0.3863791456257677,0.4317685589519651,0.34979536152796725,0.38610618261225604,0.3515763614030299,0.3075767918088737,0.3078078078078078,0.3895483694910629,0.28288755458515286,0.43617747440273036,0.6953615279672578,0.26692139737991266,0.6953615279672578,0.19822525597269625,0.2110580204778157,0.3044486899563319,0.2391155998362222,0.20873720136518772,0.23177723177723178,0.2497952497952498,0.19696969696969696,0.8987721691678036,0.994544462629569,0.41728091728091726,0.9118930714675395,0.9543036420679307,0.9557860262008734,0.977632296781233,0.5965870307167236,0.9562193126022913,0.949788511393096,0.9346342794759825,0.9753136933987998,0.4675129675129675,0.9504842449870413,0.9223738062755799,0.04845093489832128,0.32104832104832104,0.813011456628478,0.7444368600682594,0.8821443186468422,0.8719312602291326,0.0,0.8760229132569558,0.8608837970540099,0.8719312602291326,0.4673764673764674,0.2964227198252321,0.8738406983087834,0.8752045826513911,0.8752045826513911,0.7400382096069869,0.6242151242151243,0.7308951965065502,0.45965870307167234,0.3175860185690879,0.7262554585152838,0.7377183406113537,0.7373089519650655,0.837882096069869,0.6268941979522185,0.8272379912663755,0.5018430034129693,0.3659202621518296,0.8033569868995634,0.8344705240174672,0.8344479323051727,0.837882096069869,0.543344709897611,0.8282828282828283,0.43918088737201366,0.4025122883670126,0.5452559726962457,0.8322413322413322,0.8364728364728364,0.19505869505869505,0.19205569205569206,0.1885066885066885,0.1821160409556314,0.07700709994538503,0.19505869505869505,0.19505869505869505,0.19505869505869505,0.9989088925259137,0.7273720136518771,0.9937244201909959,0.4744744744744745,0.3857181867831786,0.9781778505182761,0.9980905619203492,0.9976813966175668,0.9989088925259137,0.4954942654287275,0.9997269251774986,0.3671490988530857,0.5413708356089568,0.4645002730748225,1.0,0.9989088925259137,0.0,0.0,0.0,0.0,0.0,0.0,0.0,0.0,0.0,0.0,0.0,0.0,0.0,0.0,0.0,0.0
NB08b_BDA_RGB_XGBoost,0.9513093289689034,0.41312056737588654,0.957037643207856,0.41312056737588654,0.9573104200763776,0.9573104200763776,0.9165302782324058,0.9129841789416258,0.9181669394435352,0.7538188761593017,0.9125750136388434,0.05714675395526459,0.057965084560829244,0.07624113475177305,0.05687397708674304,0.05646481178396072,0.3079650845608292,0.3146481178396072,0.26936715766503,0.3712493180578287,0.39088925259138024,0.3986633933442444,0.2978723404255319,0.3708401527550464,0.283278777959629,0.3769776322967812,0.38652482269503546,0.4320785597381342,0.3505182760501909,0.3862520458265139,0.3517457719585379,0.30741953082378615,0.3078286961265685,0.3900709219858156,0.283278777959629,0.4358974358974359,0.6959901800327333,0.2673213311511184,0.6959901800327333,0.1981723949809056,0.21099290780141844,0.3048281505728314,0.2393617021276596,0.20867430441898527,0.23186033824331698,0.24986361156573922,0.1970812875068194,0.8993453355155483,0.9956355701036552,0.41721222040370975,0.9129841789416258,0.9551282051282052,0.955810147299509,0.9787234042553191,0.5961538461538461,0.9573104200763776,0.9500818330605565,0.9346699399890889,0.976404800872886,0.4674031642116748,0.9513093289689034,0.9229405346426623,0.048827059465357335,0.3210583742498636,0.8141025641025641,0.7438625204582652,0.8829787234042553,0.8730223677032187,0.0,0.877114020731042,0.861974904528096,0.8730223677032187,0.4672667757774141,0.29609929078014185,0.8749318057828697,0.8762956901254774,0.8762956901254774,0.7401800327332242,0.6239770867430442,0.7310420076377523,0.4593562465902891,0.3172394980905619,0.726404800872886,0.737861429350791,0.7374522640480087,0.8379705400981997,0.6264320785597381,0.8273322422258592,0.5015002727768685,0.36552100381887614,0.8034642662302237,0.8345608292416803,0.8342880523731587,0.8379705400981997,0.542962356792144,0.8278777959629023,0.4388979814511729,0.40207310420076375,0.5448717948717948,0.8318330605564648,0.8360611020185488,0.1951718494271686,0.19217130387343154,0.1886252045826514,0.1820785597381342,0.07692307692307693,0.1951718494271686,0.1951718494271686,0.1951718494271686,1.0,0.7268139661756683,0.9942716857610474,0.47435897435897434,0.3852973267866885,0.9792689579923622,0.9991816693944353,0.9987725040916531,1.0,0.4949536279323513,0.9986361156573923,0.3667484997272231,0.5407801418439716,0.46399345335515546,0.9989088925259137,1.0,0.0,0.0,0.0,0.0,0.0,0.0,0.0,0.0,0.0,0.0,0.0,0.0,0.0,0.0,0.0,0.0
NB08b_BRIGHT_all_AdaBoost,0.0,0.0,0.0,0.0,0.0,0.0,0.0,0.0,0.0,0.0,0.0,0.0,0.0,0.0,0.0,0.0,0.0,0.0,0.0,0.0,0.0,0.0,0.0,0.0,0.0,0.0,0.0,0.0,0.0,0.0,0.0,0.0,0.0,0.0,0.0,0.0,0.0,0.0,0.0,0.0,0.0,0.0,0.0,0.0,0.0,0.0,0.0,0.0,0.0,0.0,0.0,0.0,0.0,0.0,0.0,0.0,0.0,0.0,0.0,0.0,0.0,0.0,0.0,0.0,0.0,0.0,0.0,0.0,0.0,0.0,0.0,0.0,0.0,0.0,0.0,0.0,0.0,0.0,0.0,0.0,0.0,0.0,0.0,0.0,0.0,0.0,0.0,0.0,0.0,0.0,0.0,0.0,0.0,0.0,0.0,0.0,0.0,0.0,0.0,0.0,0.0,0.0,0.0,0.0,0.0,0.0,0.0,0.0,0.0,0.0,0.0,0.0,0.0,0.0,0.0,0.0,0.0,0.0,0.0,0.0,0.0,0.0,0.0,0.0,0.0,1.0,0.5292368681863231,0.933526829958941,0.4446410873566473,0.390060880645618,0.7821747132946341,0.9052102506017273,0.9246778989098117,0.0,0.0,0.0,0.0,0.0,0.0,0.0,0.0
NB08b_BRIGHT_all_ExtraTrees,0.0,0.0,0.0,0.0,0.0,0.0,0.0,0.0,0.0,0.0,0.0,0.0,0.0,0.0,0.0,0.0,0.0,0.0,0.0,0.0,0.0,0.0,0.0,0.0,0.0,0.0,0.0,0.0,0.0,0.0,0.0,0.0,0.0,0.0,0.0,0.0,0.0,0.0,0.0,0.0,0.0,0.0,0.0,0.0,0.0,0.0,0.0,0.0,0.0,0.0,0.0,0.0,0.0,0.0,0.0,0.0,0.0,0.0,0.0,0.0,0.0,0.0,0.0,0.0,0.0,0.0,0.0,0.0,0.0,0.0,0.0,0.0,0.0,0.0,0.0,0.0,0.0,0.0,0.0,0.0,0.0,0.0,0.0,0.0,0.0,0.0,0.0,0.0,0.0,0.0,0.0,0.0,0.0,0.0,0.0,0.0,0.0,0.0,0.0,0.0,0.0,0.0,0.0,0.0,0.0,0.0,0.0,0.0,0.0,0.0,0.0,0.0,0.0,0.0,0.0,0.0,0.0,0.0,0.0,0.0,0.0,0.0,0.0,0.0,0.0,0.5292368681863231,1.0,0.5659719590754073,0.7252320040130424,0.5828863968795709,0.6704238052299368,0.5840368980612883,0.5717456187342159,0.0,0.0,0.0,0.0,0.0,0.0,0.0,0.0
NB08b_BRIGHT_all_GBM,0.0,0.0,0.0,0.0,0.0,0.0,0.0,0.0,0.0,0.0,0.0,0.0,0.0,0.0,0.0,0.0,0.0,0.0,0.0,0.0,0.0,0.0,0.0,0.0,0.0,0.0,0.0,0.0,0.0,0.0,0.0,0.0,0.0,0.0,0.0,0.0,0.0,0.0,0.0,0.0,0.0,0.0,0.0,0.0,0.0,0.0,0.0,0.0,0.0,0.0,0.0,0.0,0.0,0.0,0.0,0.0,0.0,0.0,0.0,0.0,0.0,0.0,0.0,0.0,0.0,0.0,0.0,0.0,0.0,0.0,0.0,0.0,0.0,0.0,0.0,0.0,0.0,0.0,0.0,0.0,0.0,0.0,0.0,0.0,0.0,0.0,0.0,0.0,0.0,0.0,0.0,0.0,0.0,0.0,0.0,0.0,0.0,0.0,0.0,0.0,0.0,0.0,0.0,0.0,0.0,0.0,0.0,0.0,0.0,0.0,0.0,0.0,0.0,0.0,0.0,0.0,0.0,0.0,0.0,0.0,0.0,0.0,0.0,0.0,0.0,0.933526829958941,0.5659719590754073,1.0,0.47574287446937535,0.41418954693290977,0.8341153322233994,0.9651963380494817,0.9730156343956705,0.0,0.0,0.0,0.0,0.0,0.0,0.0,0.0
NB08b_BRIGHT_all_LightGBM,0.0,0.0,0.0,0.0,0.0,0.0,0.0,0.0,0.0,0.0,0.0,0.0,0.0,0.0,0.0,0.0,0.0,0.0,0.0,0.0,0.0,0.0,0.0,0.0,0.0,0.0,0.0,0.0,0.0,0.0,0.0,0.0,0.0,0.0,0.0,0.0,0.0,0.0,0.0,0.0,0.0,0.0,0.0,0.0,0.0,0.0,0.0,0.0,0.0,0.0,0.0,0.0,0.0,0.0,0.0,0.0,0.0,0.0,0.0,0.0,0.0,0.0,0.0,0.0,0.0,0.0,0.0,0.0,0.0,0.0,0.0,0.0,0.0,0.0,0.0,0.0,0.0,0.0,0.0,0.0,0.0,0.0,0.0,0.0,0.0,0.0,0.0,0.0,0.0,0.0,0.0,0.0,0.0,0.0,0.0,0.0,0.0,0.0,0.0,0.0,0.0,0.0,0.0,0.0,0.0,0.0,0.0,0.0,0.0,0.0,0.0,0.0,0.0,0.0,0.0,0.0,0.0,0.0,0.0,0.0,0.0,0.0,0.0,0.0,0.0,0.4446410873566473,0.7252320040130424,0.47574287446937535,1.0,0.5871584331673173,0.548289109264719,0.4912020020333151,0.48074714843450966,0.0,0.0,0.0,0.0,0.0,0.0,0.0,0.0
NB08b_BRIGHT_all_LogReg,0.0,0.0,0.0,0.0,0.0,0.0,0.0,0.0,0.0,0.0,0.0,0.0,0.0,0.0,0.0,0.0,0.0,0.0,0.0,0.0,0.0,0.0,0.0,0.0,0.0,0.0,0.0,0.0,0.0,0.0,0.0,0.0,0.0,0.0,0.0,0.0,0.0,0.0,0.0,0.0,0.0,0.0,0.0,0.0,0.0,0.0,0.0,0.0,0.0,0.0,0.0,0.0,0.0,0.0,0.0,0.0,0.0,0.0,0.0,0.0,0.0,0.0,0.0,0.0,0.0,0.0,0.0,0.0,0.0,0.0,0.0,0.0,0.0,0.0,0.0,0.0,0.0,0.0,0.0,0.0,0.0,0.0,0.0,0.0,0.0,0.0,0.0,0.0,0.0,0.0,0.0,0.0,0.0,0.0,0.0,0.0,0.0,0.0,0.0,0.0,0.0,0.0,0.0,0.0,0.0,0.0,0.0,0.0,0.0,0.0,0.0,0.0,0.0,0.0,0.0,0.0,0.0,0.0,0.0,0.0,0.0,0.0,0.0,0.0,0.0,0.390060880645618,0.5828863968795709,0.41418954693290977,0.5871584331673173,1.0,0.45509666080843586,0.4237802505641584,0.41522517716985446,0.0,0.0,0.0,0.0,0.0,0.0,0.0,0.0
NB08b_BRIGHT_all_RF-200,0.0,0.0,0.0,0.0,0.0,0.0,0.0,0.0,0.0,0.0,0.0,0.0,0.0,0.0,0.0,0.0,0.0,0.0,0.0,0.0,0.0,0.0,0.0,0.0,0.0,0.0,0.0,0.0,0.0,0.0,0.0,0.0,0.0,0.0,0.0,0.0,0.0,0.0,0.0,0.0,0.0,0.0,0.0,0.0,0.0,0.0,0.0,0.0,0.0,0.0,0.0,0.0,0.0,0.0,0.0,0.0,0.0,0.0,0.0,0.0,0.0,0.0,0.0,0.0,0.0,0.0,0.0,0.0,0.0,0.0,0.0,0.0,0.0,0.0,0.0,0.0,0.0,0.0,0.0,0.0,0.0,0.0,0.0,0.0,0.0,0.0,0.0,0.0,0.0,0.0,0.0,0.0,0.0,0.0,0.0,0.0,0.0,0.0,0.0,0.0,0.0,0.0,0.0,0.0,0.0,0.0,0.0,0.0,0.0,0.0,0.0,0.0,0.0,0.0,0.0,0.0,0.0,0.0,0.0,0.0,0.0,0.0,0.0,0.0,0.0,0.7821747132946341,0.6704238052299368,0.8341153322233994,0.548289109264719,0.45509666080843586,1.0,0.8629152012504885,0.8432077058328874,0.0,0.0,0.0,0.0,0.0,0.0,0.0,0.0
NB08b_BRIGHT_all_UISEM_voting,0.0,0.0,0.0,0.0,0.0,0.0,0.0,0.0,0.0,0.0,0.0,0.0,0.0,0.0,0.0,0.0,0.0,0.0,0.0,0.0,0.0,0.0,0.0,0.0,0.0,0.0,0.0,0.0,0.0,0.0,0.0,0.0,0.0,0.0,0.0,0.0,0.0,0.0,0.0,0.0,0.0,0.0,0.0,0.0,0.0,0.0,0.0,0.0,0.0,0.0,0.0,0.0,0.0,0.0,0.0,0.0,0.0,0.0,0.0,0.0,0.0,0.0,0.0,0.0,0.0,0.0,0.0,0.0,0.0,0.0,0.0,0.0,0.0,0.0,0.0,0.0,0.0,0.0,0.0,0.0,0.0,0.0,0.0,0.0,0.0,0.0,0.0,0.0,0.0,0.0,0.0,0.0,0.0,0.0,0.0,0.0,0.0,0.0,0.0,0.0,0.0,0.0,0.0,0.0,0.0,0.0,0.0,0.0,0.0,0.0,0.0,0.0,0.0,0.0,0.0,0.0,0.0,0.0,0.0,0.0,0.0,0.0,0.0,0.0,0.0,0.9052102506017273,0.5840368980612883,0.9651963380494817,0.4912020020333151,0.4237802505641584,0.8629152012504885,1.0,0.9730554919471796,0.0,0.0,0.0,0.0,0.0,0.0,0.0,0.0
NB08b_BRIGHT_all_XGBoost,0.0,0.0,0.0,0.0,0.0,0.0,0.0,0.0,0.0,0.0,0.0,0.0,0.0,0.0,0.0,0.0,0.0,0.0,0.0,0.0,0.0,0.0,0.0,0.0,0.0,0.0,0.0,0.0,0.0,0.0,0.0,0.0,0.0,0.0,0.0,0.0,0.0,0.0,0.0,0.0,0.0,0.0,0.0,0.0,0.0,0.0,0.0,0.0,0.0,0.0,0.0,0.0,0.0,0.0,0.0,0.0,0.0,0.0,0.0,0.0,0.0,0.0,0.0,0.0,0.0,0.0,0.0,0.0,0.0,0.0,0.0,0.0,0.0,0.0,0.0,0.0,0.0,0.0,0.0,0.0,0.0,0.0,0.0,0.0,0.0,0.0,0.0,0.0,0.0,0.0,0.0,0.0,0.0,0.0,0.0,0.0,0.0,0.0,0.0,0.0,0.0,0.0,0.0,0.0,0.0,0.0,0.0,0.0,0.0,0.0,0.0,0.0,0.0,0.0,0.0,0.0,0.0,0.0,0.0,0.0,0.0,0.0,0.0,0.0,0.0,0.9246778989098117,0.5717456187342159,0.9730156343956705,0.48074714843450966,0.41522517716985446,0.8432077058328874,0.9730554919471796,1.0,0.0,0.0,0.0,0.0,0.0,0.0,0.0,0.0
NB08b_xBD_RGB_AdaBoost,0.0,0.0,0.0,0.0,0.0,0.0,0.0,0.0,0.0,0.0,0.0,0.0,0.0,0.0,0.0,0.0,0.0,0.0,0.0,0.0,0.0,0.0,0.0,0.0,0.0,0.0,0.0,0.0,0.0,0.0,0.0,0.0,0.0,0.0,0.0,0.0,0.0,0.0,0.0,0.0,0.0,0.0,0.0,0.0,0.0,0.0,0.0,0.0,0.0,0.0,0.0,0.0,0.0,0.0,0.0,0.0,0.0,0.0,0.0,0.0,0.0,0.0,0.0,0.0,0.0,0.0,0.0,0.0,0.0,0.0,0.0,0.0,0.0,0.0,0.0,0.0,0.0,0.0,0.0,0.0,0.0,0.0,0.0,0.0,0.0,0.0,0.0,0.0,0.0,0.0,0.0,0.0,0.0,0.0,0.0,0.0,0.0,0.0,0.0,0.0,0.0,0.0,0.0,0.0,0.0,0.0,0.0,0.0,0.0,0.0,0.0,0.0,0.0,0.0,0.0,0.0,0.0,0.0,0.0,0.0,0.0,0.0,0.0,0.0,0.0,0.0,0.0,0.0,0.0,0.0,0.0,0.0,0.0,1.0,0.5613908004346251,0.6916007803675942,0.4293242405455673,0.4238579978515525,0.6520371325425477,0.6776400390926393,0.6813632397474721
NB08b_xBD_RGB_ExtraTrees,0.0,0.0,0.0,0.0,0.0,0.0,0.0,0.0,0.0,0.0,0.0,0.0,0.0,0.0,0.0,0.0,0.0,0.0,0.0,0.0,0.0,0.0,0.0,0.0,0.0,0.0,0.0,0.0,0.0,0.0,0.0,0.0,0.0,0.0,0.0,0.0,0.0,0.0,0.0,0.0,0.0,0.0,0.0,0.0,0.0,0.0,0.0,0.0,0.0,0.0,0.0,0.0,0.0,0.0,0.0,0.0,0.0,0.0,0.0,0.0,0.0,0.0,0.0,0.0,0.0,0.0,0.0,0.0,0.0,0.0,0.0,0.0,0.0,0.0,0.0,0.0,0.0,0.0,0.0,0.0,0.0,0.0,0.0,0.0,0.0,0.0,0.0,0.0,0.0,0.0,0.0,0.0,0.0,0.0,0.0,0.0,0.0,0.0,0.0,0.0,0.0,0.0,0.0,0.0,0.0,0.0,0.0,0.0,0.0,0.0,0.0,0.0,0.0,0.0,0.0,0.0,0.0,0.0,0.0,0.0,0.0,0.0,0.0,0.0,0.0,0.0,0.0,0.0,0.0,0.0,0.0,0.0,0.0,0.5613908004346251,1.0,0.7420682802186103,0.6818896262661543,0.4477311675732062,0.8216020353095367,0.7768807339449542,0.7421131697546319
NB08b_xBD_RGB_GBM,0.0,0.0,0.0,0.0,0.0,0.0,0.0,0.0,0.0,0.0,0.0,0.0,0.0,0.0,0.0,0.0,0.0,0.0,0.0,0.0,0.0,0.0,0.0,0.0,0.0,0.0,0.0,0.0,0.0,0.0,0.0,0.0,0.0,0.0,0.0,0.0,0.0,0.0,0.0,0.0,0.0,0.0,0.0,0.0,0.0,0.0,0.0,0.0,0.0,0.0,0.0,0.0,0.0,0.0,0.0,0.0,0.0,0.0,0.0,0.0,0.0,0.0,0.0,0.0,0.0,0.0,0.0,0.0,0.0,0.0,0.0,0.0,0.0,0.0,0.0,0.0,0.0,0.0,0.0,0.0,0.0,0.0,0.0,0.0,0.0,0.0,0.0,0.0,0.0,0.0,0.0,0.0,0.0,0.0,0.0,0.0,0.0,0.0,0.0,0.0,0.0,0.0,0.0,0.0,0.0,0.0,0.0,0.0,0.0,0.0,0.0,0.0,0.0,0.0,0.0,0.0,0.0,0.0,0.0,0.0,0.0,0.0,0.0,0.0,0.0,0.0,0.0,0.0,0.0,0.0,0.0,0.0,0.0,0.6916007803675942,0.7420682802186103,1.0,0.6073096002334403,0.48916761687571264,0.8240862295308505,0.9100948605408467,0.8605528499897113
NB08b_xBD_RGB_LightGBM,0.0,0.0,0.0,0.0,0.0,0.0,0.0,0.0,0.0,0.0,0.0,0.0,0.0,0.0,0.0,0.0,0.0,0.0,0.0,0.0,0.0,0.0,0.0,0.0,0.0,0.0,0.0,0.0,0.0,0.0,0.0,0.0,0.0,0.0,0.0,0.0,0.0,0.0,0.0,0.0,0.0,0.0,0.0,0.0,0.0,0.0,0.0,0.0,0.0,0.0,0.0,0.0,0.0,0.0,0.0,0.0,0.0,0.0,0.0,0.0,0.0,0.0,0.0,0.0,0.0,0.0,0.0,0.0,0.0,0.0,0.0,0.0,0.0,0.0,0.0,0.0,0.0,0.0,0.0,0.0,0.0,0.0,0.0,0.0,0.0,0.0,0.0,0.0,0.0,0.0,0.0,0.0,0.0,0.0,0.0,0.0,0.0,0.0,0.0,0.0,0.0,0.0,0.0,0.0,0.0,0.0,0.0,0.0,0.0,0.0,0.0,0.0,0.0,0.0,0.0,0.0,0.0,0.0,0.0,0.0,0.0,0.0,0.0,0.0,0.0,0.0,0.0,0.0,0.0,0.0,0.0,0.0,0.0,0.4293242405455673,0.6818896262661543,0.6073096002334403,1.0,0.47211346036718005,0.6335576699930379,0.6249063950876143,0.6150547175391896
NB08b_xBD_RGB_LogReg,0.0,0.0,0.0,0.0,0.0,0.0,0.0,0.0,0.0,0.0,0.0,0.0,0.0,0.0,0.0,0.0,0.0,0.0,0.0,0.0,0.0,0.0,0.0,0.0,0.0,0.0,0.0,0.0,0.0,0.0,0.0,0.0,0.0,0.0,0.0,0.0,0.0,0.0,0.0,0.0,0.0,0.0,0.0,0.0,0.0,0.0,0.0,0.0,0.0,0.0,0.0,0.0,0.0,0.0,0.0,0.0,0.0,0.0,0.0,0.0,0.0,0.0,0.0,0.0,0.0,0.0,0.0,0.0,0.0,0.0,0.0,0.0,0.0,0.0,0.0,0.0,0.0,0.0,0.0,0.0,0.0,0.0,0.0,0.0,0.0,0.0,0.0,0.0,0.0,0.0,0.0,0.0,0.0,0.0,0.0,0.0,0.0,0.0,0.0,0.0,0.0,0.0,0.0,0.0,0.0,0.0,0.0,0.0,0.0,0.0,0.0,0.0,0.0,0.0,0.0,0.0,0.0,0.0,0.0,0.0,0.0,0.0,0.0,0.0,0.0,0.0,0.0,0.0,0.0,0.0,0.0,0.0,0.0,0.4238579978515525,0.4477311675732062,0.48916761687571264,0.47211346036718005,1.0,0.4668871890290125,0.4857997010463378,0.4829212423364549
NB08b_xBD_RGB_RF-200,0.0,0.0,0.0,0.0,0.0,0.0,0.0,0.0,0.0,0.0,0.0,0.0,0.0,0.0,0.0,0.0,0.0,0.0,0.0,0.0,0.0,0.0,0.0,0.0,0.0,0.0,0.0,0.0,0.0,0.0,0.0,0.0,0.0,0.0,0.0,0.0,0.0,0.0,0.0,0.0,0.0,0.0,0.0,0.0,0.0,0.0,0.0,0.0,0.0,0.0,0.0,0.0,0.0,0.0,0.0,0.0,0.0,0.0,0.0,0.0,0.0,0.0,0.0,0.0,0.0,0.0,0.0,0.0,0.0,0.0,0.0,0.0,0.0,0.0,0.0,0.0,0.0,0.0,0.0,0.0,0.0,0.0,0.0,0.0,0.0,0.0,0.0,0.0,0.0,0.0,0.0,0.0,0.0,0.0,0.0,0.0,0.0,0.0,0.0,0.0,0.0,0.0,0.0,0.0,0.0,0.0,0.0,0.0,0.0,0.0,0.0,0.0,0.0,0.0,0.0,0.0,0.0,0.0,0.0,0.0,0.0,0.0,0.0,0.0,0.0,0.0,0.0,0.0,0.0,0.0,0.0,0.0,0.0,0.6520371325425477,0.8216020353095367,0.8240862295308505,0.6335576699930379,0.4668871890290125,1.0,0.8779538904899136,0.8241230512249443
NB08b_xBD_RGB_UISEM_voting,0.0,0.0,0.0,0.0,0.0,0.0,0.0,0.0,0.0,0.0,0.0,0.0,0.0,0.0,0.0,0.0,0.0,0.0,0.0,0.0,0.0,0.0,0.0,0.0,0.0,0.0,0.0,0.0,0.0,0.0,0.0,0.0,0.0,0.0,0.0,0.0,0.0,0.0,0.0,0.0,0.0,0.0,0.0,0.0,0.0,0.0,0.0,0.0,0.0,0.0,0.0,0.0,0.0,0.0,0.0,0.0,0.0,0.0,0.0,0.0,0.0,0.0,0.0,0.0,0.0,0.0,0.0,0.0,0.0,0.0,0.0,0.0,0.0,0.0,0.0,0.0,0.0,0.0,0.0,0.0,0.0,0.0,0.0,0.0,0.0,0.0,0.0,0.0,0.0,0.0,0.0,0.0,0.0,0.0,0.0,0.0,0.0,0.0,0.0,0.0,0.0,0.0,0.0,0.0,0.0,0.0,0.0,0.0,0.0,0.0,0.0,0.0,0.0,0.0,0.0,0.0,0.0,0.0,0.0,0.0,0.0,0.0,0.0,0.0,0.0,0.0,0.0,0.0,0.0,0.0,0.0,0.0,0.0,0.6776400390926393,0.7768807339449542,0.9100948605408467,0.6249063950876143,0.4857997010463378,0.8779538904899136,1.0,0.9174778127683939
NB08b_xBD_RGB_XGBoost,0.0,0.0,0.0,0.0,0.0,0.0,0.0,0.0,0.0,0.0,0.0,0.0,0.0,0.0,0.0,0.0,0.0,0.0,0.0,0.0,0.0,0.0,0.0,0.0,0.0,0.0,0.0,0.0,0.0,0.0,0.0,0.0,0.0,0.0,0.0,0.0,0.0,0.0,0.0,0.0,0.0,0.0,0.0,0.0,0.0,0.0,0.0,0.0,0.0,0.0,0.0,0.0,0.0,0.0,0.0,0.0,0.0,0.0,0.0,0.0,0.0,0.0,0.0,0.0,0.0,0.0,0.0,0.0,0.0,0.0,0.0,0.0,0.0,0.0,0.0,0.0,0.0,0.0,0.0,0.0,0.0,0.0,0.0,0.0,0.0,0.0,0.0,0.0,0.0,0.0,0.0,0.0,0.0,0.0,0.0,0.0,0.0,0.0,0.0,0.0,0.0,0.0,0.0,0.0,0.0,0.0,0.0,0.0,0.0,0.0,0.0,0.0,0.0,0.0,0.0,0.0,0.0,0.0,0.0,0.0,0.0,0.0,0.0,0.0,0.0,0.0,0.0,0.0,0.0,0.0,0.0,0.0,0.0,0.6813632397474721,0.7421131697546319,0.8605528499897113,0.6150547175391896,0.4829212423364549,0.8241230512249443,0.9174778127683939,1.0
