city,feature,jm_distance,bhattacharyya
Avdiivka,s1__vh__baseline__kurtosis__mean,0.0058335066,0.0029210444
Avdiivka,s1__vh__baseline__kurtosis__p10,0.0016169548,0.00080872775
Avdiivka,s1__vh__baseline__kurtosis__p50,0.006183505,0.0030965912
Avdiivka,s1__vh__baseline__kurtosis__p90,0.0062755346,0.003142701
Avdiivka,s1__vh__baseline__kurtosis__std,0.0018370152,0.0009189338
Avdiivka,s1__vh__baseline__kurtosis__min,0.0023058653,0.0011536304
Avdiivka,s1__vh__baseline__kurtosis__max,0.0032503605,0.001626507
Avdiivka,s1__vh__baseline__kurtosis__max_abs_delta,0.0010609627,0.0005305839
Avdiivka,s1__vh__baseline__max__mean,0.033663154,0.016974807
Avdiivka,s1__vh__baseline__max__p10,0.026379108,0.013277292
Avdiivka,s1__vh__baseline__max__p50,0.04300964,0.021739438
Avdiivka,s1__vh__baseline__max__p90,0.038214922,0.019292425
Avdiivka,s1__vh__baseline__max__std,0.1062454,0.054585766
Avdiivka,s1__vh__baseline__max__min,0.02251482,0.011321271
Avdiivka,s1__vh__baseline__max__max,0.036389947,0.018362492
Avdiivka,s1__vh__baseline__max__max_abs_delta,0.096013784,0.04919753
Avdiivka,s1__vh__baseline__mean__mean,0.008810401,0.004414922
Avdiivka,s1__vh__baseline__mean__p10,0.009457469,0.004739916
Avdiivka,s1__vh__baseline__mean__p50,0.014857411,0.0074564503
Avdiivka,s1__vh__baseline__mean__p90,0.015012503,0.007534533
Avdiivka,s1__vh__baseline__mean__std,0.13291991,0.06877137
Avdiivka,s1__vh__baseline__mean__min,0.010200143,0.005113138
Avdiivka,s1__vh__baseline__mean__max,0.013685346,0.0068660956
Avdiivka,s1__vh__baseline__mean__max_abs_delta,0.11902821,0.061358593
Avdiivka,s1__vh__baseline__median__mean,0.0055571795,0.002782525
Avdiivka,s1__vh__baseline__median__p10,0.0066370964,0.0033240668
Avdiivka,s1__vh__baseline__median__p50,0.01152885,0.0057810983
Avdiivka,s1__vh__baseline__median__p90,0.011224031,0.005627863
Avdiivka,s1__vh__baseline__median__std,0.11287367,0.058092035
Avdiivka,s1__vh__baseline__median__min,0.0077234507,0.0038691845
Avdiivka,s1__vh__baseline__median__max,0.010243416,0.0051349252
Avdiivka,s1__vh__baseline__median__max_abs_delta,0.1042577,0.053536665
Avdiivka,s1__vh__baseline__min__mean,0.002301693,0.001151501
Avdiivka,s1__vh__baseline__min__p10,0.0031894445,0.0015960014
Avdiivka,s1__vh__baseline__min__p50,0.0034217834,0.0017122944
Avdiivka,s1__vh__baseline__min__p90,0.009082317,0.0045515317
Avdiivka,s1__vh__baseline__min__std,0.11878812,0.061231036
Avdiivka,s1__vh__baseline__min__min,0.003857851,0.0019308059
Avdiivka,s1__vh__baseline__min__max,0.012448192,0.0062435796
Avdiivka,s1__vh__baseline__min__max_abs_delta,0.1039201,0.05335866
Avdiivka,s1__vh__baseline__skewness__mean,0.011816978,0.0059259473
Avdiivka,s1__vh__baseline__skewness__p10,0.0037440062,0.0018737665
Avdiivka,s1__vh__baseline__skewness__p50,0.02105987,0.010585781
Avdiivka,s1__vh__baseline__skewness__p90,0.015428662,0.007744273
Avdiivka,s1__vh__baseline__skewness__std,0.0048732758,0.002439614
Avdiivka,s1__vh__baseline__skewness__min,0.0024333,0.001217382
Avdiivka,s1__vh__baseline__skewness__max,0.005671978,0.0028399462
Avdiivka,s1__vh__baseline__skewness__max_abs_delta,0.0030616522,0.0015319316
Avdiivka,s1__vh__baseline__std__mean,0.0065004826,0.0032555505
Avdiivka,s1__vh__baseline__std__p10,0.011046529,0.005538547
Avdiivka,s1__vh__baseline__std__p50,0.0026330948,0.0013174477
Avdiivka,s1__vh__baseline__std__p90,0.0040044785,0.002004284
Avdiivka,s1__vh__baseline__std__std,0.030041337,0.015134536
Avdiivka,s1__vh__baseline__std__min,0.017820716,0.008950265
Avdiivka,s1__vh__baseline__std__max,0.0033589602,0.0016809639
Avdiivka,s1__vh__baseline__std__max_abs_delta,0.027456999,0.013823611
Avdiivka,s1__vv__baseline__kurtosis__mean,0.0050308704,0.0025186148
Avdiivka,s1__vv__baseline__kurtosis__p10,0.008911729,0.0044658226
Avdiivka,s1__vv__baseline__kurtosis__p50,0.004952073,0.0024791097
Avdiivka,s1__vv__baseline__kurtosis__p90,0.005673051,0.0028405664
Avdiivka,s1__vv__baseline__kurtosis__std,0.009032011,0.004526198
Avdiivka,s1__vv__baseline__kurtosis__min,0.0059479475,0.0029784662
Avdiivka,s1__vv__baseline__kurtosis__max,0.004454255,0.0022296256
Avdiivka,s1__vv__baseline__kurtosis__max_abs_delta,0.0053777695,0.0026925192
Avdiivka,s1__vv__baseline__max__mean,0.01691854,0.008495238
Avdiivka,s1__vv__baseline__max__p10,0.034447193,0.017373618
Avdiivka,s1__vv__baseline__max__p50,0.018618703,0.0093529085
Avdiivka,s1__vv__baseline__max__p90,0.005662918,0.0028354954
Avdiivka,s1__vv__baseline__max__std,0.026040554,0.013105791
Avdiivka,s1__vv__baseline__max__min,0.04648924,0.023519093
Avdiivka,s1__vv__baseline__max__max,0.0036410093,0.0018221844
Avdiivka,s1__vv__baseline__max__max_abs_delta,0.026646852,0.013413039
Avdiivka,s1__vv__baseline__mean__mean,0.032966852,0.016620811
Avdiivka,s1__vv__baseline__mean__p10,0.060925722,0.030936437
Avdiivka,s1__vv__baseline__mean__p50,0.034163833,0.017229537
Avdiivka,s1__vv__baseline__mean__p90,0.016544104,0.00830642
Avdiivka,s1__vv__baseline__mean__std,0.03141749,0.01583353
Avdiivka,s1__vv__baseline__mean__min,0.067661405,0.03441612
Avdiivka,s1__vv__baseline__mean__max,0.015560508,0.0078107184
Avdiivka,s1__vv__baseline__mean__max_abs_delta,0.02889049,0.014550587
Avdiivka,s1__vv__baseline__median__mean,0.034414172,0.017356824
Avdiivka,s1__vv__baseline__median__p10,0.057139277,0.028985722
Avdiivka,s1__vv__baseline__median__p50,0.035309553,0.017812524
Avdiivka,s1__vv__baseline__median__p90,0.020436049,0.010270571
Avdiivka,s1__vv__baseline__median__std,0.021106958,0.010609618
Avdiivka,s1__vv__baseline__median__min,0.0665617,0.033847306
Avdiivka,s1__vv__baseline__median__max,0.01900065,0.009545725
Avdiivka,s1__vv__baseline__median__max_abs_delta,0.019903898,0.010001743
Avdiivka,s1__vv__baseline__min__mean,0.03931129,0.019851437
Avdiivka,s1__vv__baseline__min__p10,0.065971375,0.03354198
Avdiivka,s1__vv__baseline__min__p50,0.04026401,0.020337375
Avdiivka,s1__vv__baseline__min__p90,0.019201875,0.009647232
Avdiivka,s1__vv__baseline__min__std,0.036839962,0.018591734
Avdiivka,s1__vv__baseline__min__min,0.07126653,0.03628361
Avdiivka,s1__vv__baseline__min__max,0.017219663,0.0086471
Avdiivka,s1__vv__baseline__min__max_abs_delta,0.03161311,0.015932836
Avdiivka,s1__vv__baseline__skewness__mean,0.020916462,0.0105133075
Avdiivka,s1__vv__baseline__skewness__p10,0.017745614,0.008912328
Avdiivka,s1__vv__baseline__skewness__p50,0.01974845,0.009923213
Avdiivka,s1__vv__baseline__skewness__p90,0.01875043,0.009419464
Avdiivka,s1__vv__baseline__skewness__std,0.0012300014,0.00061523356
Avdiivka,s1__vv__baseline__skewness__min,0.009581208,0.0048021385
Avdiivka,s1__vv__baseline__skewness__max,0.011663318,0.0058487114
Avdiivka,s1__vv__baseline__skewness__max_abs_delta,0.0004338026,0.00021692403
Avdiivka,s1__vv__baseline__std__mean,0.0145943165,0.0073238686
Avdiivka,s1__vv__baseline__std__p10,0.020344973,0.010224551
Avdiivka,s1__vv__baseline__std__p50,0.01707244,0.008572847
Avdiivka,s1__vv__baseline__std__p90,0.010305524,0.005166104
Avdiivka,s1__vv__baseline__std__std,0.0018273592,0.0009141085
Avdiivka,s1__vv__baseline__std__min,0.019174218,0.009633312
Avdiivka,s1__vv__baseline__std__max,0.008544445,0.0042814305
Avdiivka,s1__vv__baseline__std__max_abs_delta,0.0033563375,0.0016796505
Avdiivka,s1__coh__baseline__count__mean,0.09160328,0.04688371
Avdiivka,s1__coh__baseline__count__p10,0.37109232,0.2052375
Avdiivka,s1__coh__baseline__count__std,0.030367613,0.015300188
Avdiivka,s1__coh__baseline__count__min,0.01867652,0.009382097
Avdiivka,s1__coh__baseline__count__max_abs_delta,0.01867652,0.009382095
Avdiivka,s1__coh__baseline__max__mean,0.0050857067,0.0025461456
Avdiivka,s1__coh__baseline__max__p10,0.0029649734,0.0014836136
Avdiivka,s1__coh__baseline__max__p50,0.004242778,0.0021236688
Avdiivka,s1__coh__baseline__max__p90,0.005932331,0.002970657
Avdiivka,s1__coh__baseline__max__std,0.01101923,0.005524838
Avdiivka,s1__coh__baseline__max__min,0.0059019327,0.0029553212
Avdiivka,s1__coh__baseline__max__max,0.005627036,0.002817449
Avdiivka,s1__coh__baseline__max__max_abs_delta,0.011850238,0.0059427656
Avdiivka,s1__coh__baseline__mean__mean,0.013939977,0.006994332
Avdiivka,s1__coh__baseline__mean__p10,0.0061939955,0.0031018625
Avdiivka,s1__coh__baseline__mean__p50,0.010638356,0.0053334557
Avdiivka,s1__coh__baseline__mean__p90,0.015161514,0.0076097017
Avdiivka,s1__coh__baseline__mean__std,0.0098308325,0.0049275034
Avdiivka,s1__coh__baseline__mean__min,0.0007970333,0.0003986447
Avdiivka,s1__coh__baseline__mean__max,0.015003204,0.0075298976
Avdiivka,s1__coh__baseline__mean__max_abs_delta,0.010335803,0.005181285
Avdiivka,s1__coh__baseline__median__mean,0.017722368,0.008900633
Avdiivka,s1__coh__baseline__median__p10,0.008417606,0.0042176405
Avdiivka,s1__coh__baseline__median__p50,0.017543316,0.008810367
Avdiivka,s1__coh__baseline__median__p90,0.018267035,0.0091755
Avdiivka,s1__coh__baseline__median__std,0.014519572,0.007286313
Avdiivka,s1__coh__baseline__median__min,0.0059849024,0.0029969297
Avdiivka,s1__coh__baseline__median__max,0.01992631,0.010013029
Avdiivka,s1__coh__baseline__median__max_abs_delta,0.011782408,0.0059085726
Avdiivka,s1__coh__baseline__min__mean,0.013743401,0.00689541
Avdiivka,s1__coh__baseline__min__p10,0.010115504,0.0050706053
Avdiivka,s1__coh__baseline__min__p50,0.011690736,0.00586251
Avdiivka,s1__coh__baseline__min__p90,0.023595333,0.011867764
Avdiivka,s1__coh__baseline__min__std,0.03012073,0.015174904
Avdiivka,s1__coh__baseline__min__min,0.0028221607,0.0014120422
Avdiivka,s1__coh__baseline__min__max,0.018612504,0.009349814
Avdiivka,s1__coh__baseline__min__max_abs_delta,0.018180966,0.009131992
Avdiivka,s1__coh__baseline__std__mean,0.0006387234,0.00031936198
Avdiivka,s1__coh__baseline__std__p10,0.0015227795,0.00076172693
Avdiivka,s1__coh__baseline__std__p50,0.0003632307,0.00018159064
Avdiivka,s1__coh__baseline__std__p90,0.0066133738,0.0033121966
Avdiivka,s1__coh__baseline__std__std,0.007858634,0.0039370237
Avdiivka,s1__coh__baseline__std__min,0.0042072535,0.0021058703
Avdiivka,s1__coh__baseline__std__max,0.00668633,0.003348767
Avdiivka,s1__coh__baseline__std__max_abs_delta,0.0060361624,0.003022672
Borodyanka,s1__vh__baseline__kurtosis__mean,0.01734376,0.008709662
Borodyanka,s1__vh__baseline__kurtosis__p10,0.01809144,0.009086788
Borodyanka,s1__vh__baseline__kurtosis__p50,0.006607771,0.0033092962
Borodyanka,s1__vh__baseline__kurtosis__p90,0.02070558,0.010406701
Borodyanka,s1__vh__baseline__kurtosis__std,0.0007996559,0.00039992132
Borodyanka,s1__vh__baseline__kurtosis__min,0.018883586,0.009486565
Borodyanka,s1__vh__baseline__kurtosis__max,0.017048597,0.008560839
Borodyanka,s1__vh__baseline__kurtosis__max_abs_delta,0.00040769577,0.00020386839
Borodyanka,s1__vh__baseline__max__mean,0.016720057,0.00839518
Borodyanka,s1__vh__baseline__max__p10,0.009814501,0.0049193255
Borodyanka,s1__vh__baseline__max__p50,0.024137497,0.01214217
Borodyanka,s1__vh__baseline__max__p90,0.016452074,0.008260084
Borodyanka,s1__vh__baseline__max__std,0.012727261,0.006384046
Borodyanka,s1__vh__baseline__max__min,0.0058825016,0.002945528
Borodyanka,s1__vh__baseline__max__max,0.010226965,0.005126645
Borodyanka,s1__vh__baseline__max__max_abs_delta,0.009288073,0.0046548117
Borodyanka,s1__vh__baseline__mean__mean,0.019878983,0.009989171
Borodyanka,s1__vh__baseline__mean__p10,0.008844137,0.0044318535
Borodyanka,s1__vh__baseline__mean__p50,0.025190711,0.012675355
Borodyanka,s1__vh__baseline__mean__p90,0.027964234,0.014080755
Borodyanka,s1__vh__baseline__mean__std,0.013816953,0.0069324356
Borodyanka,s1__vh__baseline__mean__min,0.0052747726,0.0026409032
Borodyanka,s1__vh__baseline__mean__max,0.031513095,0.015882056
Borodyanka,s1__vh__baseline__mean__max_abs_delta,0.009619713,0.0048214095
Borodyanka,s1__vh__baseline__median__mean,0.015367389,0.0077133607
Borodyanka,s1__vh__baseline__median__p10,0.0066217184,0.0033164234
Borodyanka,s1__vh__baseline__median__p50,0.015783787,0.007923236
Borodyanka,s1__vh__baseline__median__p90,0.022719622,0.011424777
Borodyanka,s1__vh__baseline__median__std,0.011329532,0.0056808926
Borodyanka,s1__vh__baseline__median__min,0.0033208132,0.0016618534
Borodyanka,s1__vh__baseline__median__max,0.030551314,0.015393484
Borodyanka,s1__vh__baseline__median__max_abs_delta,0.0100415945,0.005033404
Borodyanka,s1__vh__baseline__min__mean,0.038929462,0.019656679
Borodyanka,s1__vh__baseline__min__p10,0.028634787,0.014420913
Borodyanka,s1__vh__baseline__min__p50,0.041235447,0.020833263
Borodyanka,s1__vh__baseline__min__p90,0.046197057,0.023369446
Borodyanka,s1__vh__baseline__min__std,0.0056289434,0.0028185141
Borodyanka,s1__vh__baseline__min__min,0.017311811,0.008693486
Borodyanka,s1__vh__baseline__min__max,0.04477513,0.022641959
Borodyanka,s1__vh__baseline__min__max_abs_delta,0.006007552,0.0030083156
Borodyanka,s1__vh__baseline__skewness__mean,0.010411978,0.005219614
Borodyanka,s1__vh__baseline__skewness__p10,0.018472552,0.009279187
Borodyanka,s1__vh__baseline__skewness__p50,0.009567976,0.004795503
Borodyanka,s1__vh__baseline__skewness__p90,0.0024020672,0.0012017547
Borodyanka,s1__vh__baseline__skewness__std,0.003045559,0.0015240057
Borodyanka,s1__vh__baseline__skewness__min,0.0059041977,0.002956369
Borodyanka,s1__vh__baseline__skewness__max,0.0045206547,0.0022628785
Borodyanka,s1__vh__baseline__skewness__max_abs_delta,0.0015457869,0.00077320455
Borodyanka,s1__vh__baseline__std__mean,0.051671386,0.026175305
Borodyanka,s1__vh__baseline__std__p10,0.036892056,0.018618226
Borodyanka,s1__vh__baseline__std__p50,0.045884132,0.023209348
Borodyanka,s1__vh__baseline__std__p90,0.034840226,0.017573617
Borodyanka,s1__vh__baseline__std__std,0.0013314486,0.00066596054
Borodyanka,s1__vh__baseline__std__min,0.038261533,0.019316137
Borodyanka,s1__vh__baseline__std__max,0.01700461,0.008538648
Borodyanka,s1__vh__baseline__std__max_abs_delta,0.00032424927,0.0001620916
Borodyanka,s1__vv__baseline__kurtosis__mean,0.019018292,0.009554649
Borodyanka,s1__vv__baseline__kurtosis__p10,0.004909396,0.002457756
Borodyanka,s1__vv__baseline__kurtosis__p50,0.013773203,0.006910379
Borodyanka,s1__vv__baseline__kurtosis__p90,0.023533225,0.011836357
Borodyanka,s1__vv__baseline__kurtosis__std,0.013308525,0.006676519
Borodyanka,s1__vv__baseline__kurtosis__min,0.0039486885,0.001976338
Borodyanka,s1__vv__baseline__kurtosis__max,0.0275383,0.013864836
Borodyanka,s1__vv__baseline__kurtosis__max_abs_delta,0.015782118,0.007922427
Borodyanka,s1__vv__baseline__max__mean,0.10773921,0.05537483
Borodyanka,s1__vv__baseline__max__p10,0.09610939,0.04924767
Borodyanka,s1__vv__baseline__max__p50,0.10170627,0.05219173
Borodyanka,s1__vv__baseline__max__p90,0.10634565,0.054638647
Borodyanka,s1__vv__baseline__max__std,0.038657427,0.019517876
Borodyanka,s1__vv__baseline__max__min,0.10188186,0.05228418
Borodyanka,s1__vv__baseline__max__max,0.10517669,0.054021522
Borodyanka,s1__vv__baseline__max__max_abs_delta,0.044112325,0.022302965
Borodyanka,s1__vv__baseline__mean__mean,0.09980714,0.051191814
Borodyanka,s1__vv__baseline__mean__p10,0.09677911,0.049599577
Borodyanka,s1__vv__baseline__mean__p50,0.08987796,0.045980096
Borodyanka,s1__vv__baseline__mean__p90,0.10049534,0.051554095
Borodyanka,s1__vv__baseline__mean__std,0.045962334,0.023249317
Borodyanka,s1__vv__baseline__mean__min,0.093800545,0.04803575
Borodyanka,s1__vv__baseline__mean__max,0.09851694,0.05051309
Borodyanka,s1__vv__baseline__mean__max_abs_delta,0.05109179,0.025877858
Borodyanka,s1__vv__baseline__median__mean,0.088368535,0.045190133
Borodyanka,s1__vv__baseline__median__p10,0.08684552,0.044393696
Borodyanka,s1__vv__baseline__median__p50,0.07398212,0.03769257
Borodyanka,s1__vv__baseline__median__p90,0.091581106,0.046872124
Borodyanka,s1__vv__baseline__median__std,0.049381375,0.02500059
Borodyanka,s1__vv__baseline__median__min,0.07704651,0.03928484
Borodyanka,s1__vv__baseline__median__max,0.09279978,0.04751089
Borodyanka,s1__vv__baseline__median__max_abs_delta,0.057431817,0.029136222
Borodyanka,s1__vv__baseline__min__mean,0.09878731,0.050655298
Borodyanka,s1__vv__baseline__min__p10,0.10036898,0.051487453
Borodyanka,s1__vv__baseline__min__p50,0.09286618,0.0475457
Borodyanka,s1__vv__baseline__min__p90,0.09321499,0.04772862
Borodyanka,s1__vv__baseline__min__std,0.026320696,0.013247784
Borodyanka,s1__vv__baseline__min__min,0.095406294,0.04887846
Borodyanka,s1__vv__baseline__min__max,0.08798635,0.04499028
Borodyanka,s1__vv__baseline__min__max_abs_delta,0.026704907,0.013442419
Borodyanka,s1__vv__baseline__skewness__mean,0.0086711645,0.0043450035
Borodyanka,s1__vv__baseline__skewness__p10,0.0059250593,0.0029668214
Borodyanka,s1__vv__baseline__skewness__p50,0.0035914183,0.0017973324
Borodyanka,s1__vv__baseline__skewness__p90,0.017048001,0.008560568
Borodyanka,s1__vv__baseline__skewness__std,0.008119583,0.0040680743
Borodyanka,s1__vv__baseline__skewness__min,0.003967881,0.00198597
Borodyanka,s1__vv__baseline__skewness__max,0.008888483,0.0044541187
Borodyanka,s1__vv__baseline__skewness__max_abs_delta,0.005477309,0.0027424376
Borodyanka,s1__vv__baseline__std__mean,0.022513151,0.011320481
Borodyanka,s1__vv__baseline__std__p10,0.010700583,0.005364681
Borodyanka,s1__vv__baseline__std__p50,0.033577442,0.016931357
Borodyanka,s1__vv__baseline__std__p90,0.028800488,0.014504885
Borodyanka,s1__vv__baseline__std__std,0.017295003,0.008685183
Borodyanka,s1__vv__baseline__std__min,0.0041941404,0.002099257
Borodyanka,s1__vv__baseline__std__max,0.014755487,0.007405124
Borodyanka,s1__vv__baseline__std__max_abs_delta,0.014969945,0.007513073
Borodyanka,s1__coh__baseline__count__mean,0.1239084,0.06395646
Borodyanka,s1__coh__baseline__count__p10,0.15768719,0.082125485
Borodyanka,s1__coh__baseline__count__std,0.09771991,0.050093982
Borodyanka,s1__coh__baseline__count__min,0.09465563,0.048484467
Borodyanka,s1__coh__baseline__count__max_abs_delta,0.09465563,0.048484508
Borodyanka,s1__coh__baseline__max__mean,0.036821723,0.018582478
Borodyanka,s1__coh__baseline__max__p10,0.026382327,0.013279
Borodyanka,s1__coh__baseline__max__p50,0.03984046,0.020121317
Borodyanka,s1__coh__baseline__max__p90,0.041826963,0.021135295
Borodyanka,s1__coh__baseline__max__std,0.0014269352,0.0007137162
Borodyanka,s1__coh__baseline__max__min,0.01903069,0.009560863
Borodyanka,s1__coh__baseline__max__max,0.031978965,0.0161187
Borodyanka,s1__coh__baseline__max__max_abs_delta,0.00012254715,6.1259176e-05
Borodyanka,s1__coh__baseline__mean__mean,0.039551497,0.019973917
Borodyanka,s1__coh__baseline__mean__p10,0.03164947,0.015951324
Borodyanka,s1__coh__baseline__mean__p50,0.046435,0.023491329
Borodyanka,s1__coh__baseline__mean__p90,0.026664615,0.0134219825
Borodyanka,s1__coh__baseline__mean__std,0.00036227703,0.00018106357
Borodyanka,s1__coh__baseline__mean__min,0.036395192,0.018365234
Borodyanka,s1__coh__baseline__mean__max,0.017678857,0.008878741
Borodyanka,s1__coh__baseline__mean__max_abs_delta,0.002545476,0.0012735454
Borodyanka,s1__coh__baseline__median__mean,0.038876057,0.019629443
Borodyanka,s1__coh__baseline__median__p10,0.03439641,0.017347842
Borodyanka,s1__coh__baseline__median__p50,0.043788552,0.022137444
Borodyanka,s1__coh__baseline__median__p90,0.027256966,0.013722165
Borodyanka,s1__coh__baseline__median__std,0.0007112026,0.00035574407
Borodyanka,s1__coh__baseline__median__min,0.04111743,0.020773038
Borodyanka,s1__coh__baseline__median__max,0.016593218,0.008331189
Borodyanka,s1__coh__baseline__median__max_abs_delta,0.0062206984,0.0031152712
Borodyanka,s1__coh__baseline__min__mean,0.040188193,0.020298684
Borodyanka,s1__coh__baseline__min__p10,0.019849181,0.009974174
Borodyanka,s1__coh__baseline__min__p50,0.057506084,0.02917453
Borodyanka,s1__coh__baseline__min__p90,0.027220607,0.013703713
Borodyanka,s1__coh__baseline__min__std,0.0065375566,0.0032740505
Borodyanka,s1__coh__baseline__min__min,0.026862144,0.013522025
Borodyanka,s1__coh__baseline__min__max,0.021538734,0.010827777
Borodyanka,s1__coh__baseline__min__max_abs_delta,0.005405307,0.002706327
Borodyanka,s1__coh__baseline__std__mean,0.0158844,0.007973933
Borodyanka,s1__coh__baseline__std__p10,0.014739275,0.0073969415
Borodyanka,s1__coh__baseline__std__p50,0.020562291,0.010334331
Borodyanka,s1__coh__baseline__std__p90,0.009282827,0.0046522124
Borodyanka,s1__coh__baseline__std__std,0.017516017,0.008796645
Borodyanka,s1__coh__baseline__std__min,0.017562985,0.0088202385
Borodyanka,s1__coh__baseline__std__max,0.010128975,0.0050772727
Borodyanka,s1__coh__baseline__std__max_abs_delta,0.01661563,0.008342494
Bucha,s1__vh__baseline__kurtosis__mean,6.067753e-05,3.0291145e-05
Bucha,s1__vh__baseline__kurtosis__p10,0.00037562847,0.00018784411
Bucha,s1__vh__baseline__kurtosis__p50,0.0006611347,0.00033063302
Bucha,s1__vh__baseline__kurtosis__p90,0.0014266968,0.00071353157
Bucha,s1__vh__baseline__kurtosis__std,0.0001975298,9.8801975e-05
Bucha,s1__vh__baseline__kurtosis__min,0.0019845963,0.0009928492
Bucha,s1__vh__baseline__kurtosis__max,0.00421679,0.0021105902
Bucha,s1__vh__baseline__kurtosis__max_abs_delta,0.0015131235,0.0007569489
Bucha,s1__vh__baseline__max__mean,0.031121016,0.015682837
Bucha,s1__vh__baseline__max__p10,0.041781545,0.021112032
Bucha,s1__vh__baseline__max__p50,0.035751343,0.018037409
Bucha,s1__vh__baseline__max__p90,0.016068935,0.008066959
Bucha,s1__vh__baseline__max__std,0.0025907755,0.0012962634
Bucha,s1__vh__baseline__max__min,0.043810487,0.022148684
Bucha,s1__vh__baseline__max__max,0.011129022,0.005580105
Bucha,s1__vh__baseline__max__max_abs_delta,0.0029162169,0.0014592507
Bucha,s1__vh__baseline__mean__mean,0.023322344,0.011729733
Bucha,s1__vh__baseline__mean__p10,0.032780766,0.01652616
Bucha,s1__vh__baseline__mean__p50,0.027439237,0.013814598
Bucha,s1__vh__baseline__mean__p90,0.010833263,0.0054313303
Bucha,s1__vh__baseline__mean__std,0.0013611317,0.0006808342
Bucha,s1__vh__baseline__mean__min,0.03360796,0.016946815
Bucha,s1__vh__baseline__mean__max,0.0062577724,0.0031337438
Bucha,s1__vh__baseline__mean__max_abs_delta,0.0026733875,0.0013376267
Bucha,s1__vh__baseline__median__mean,0.021899223,0.011009932
Bucha,s1__vh__baseline__median__p10,0.031282306,0.015764778
Bucha,s1__vh__baseline__median__p50,0.025285602,0.012723357
Bucha,s1__vh__baseline__median__p90,0.010207534,0.005116777
Bucha,s1__vh__baseline__median__std,0.0020333529,0.0010172734
Bucha,s1__vh__baseline__median__min,0.031557918,0.015904723
Bucha,s1__vh__baseline__median__max,0.0058506727,0.0029296149
Bucha,s1__vh__baseline__median__max_abs_delta,0.0041265488,0.0020654434
Bucha,s1__vh__baseline__min__mean,0.016154885,0.008110248
Bucha,s1__vh__baseline__min__p10,0.020878792,0.010494254
Bucha,s1__vh__baseline__min__p50,0.018001199,0.009041349
Bucha,s1__vh__baseline__min__p90,0.008422852,0.004220286
Bucha,s1__vh__baseline__min__std,9.393692e-05,4.6946425e-05
Bucha,s1__vh__baseline__min__min,0.018137336,0.009110019
Bucha,s1__vh__baseline__min__max,0.0049040318,0.0024550236
Bucha,s1__vh__baseline__min__max_abs_delta,0.00031983852,0.00015988259
Bucha,s1__vh__baseline__skewness__mean,0.014229417,0.007140121
Bucha,s1__vh__baseline__skewness__p10,0.008120418,0.00406853
Bucha,s1__vh__baseline__skewness__p50,0.014635801,0.0073447647
Bucha,s1__vh__baseline__skewness__p90,0.014412999,0.0072325612
Bucha,s1__vh__baseline__skewness__std,0.0019803047,0.0009906741
Bucha,s1__vh__baseline__skewness__min,0.007228732,0.003620894
Bucha,s1__vh__baseline__skewness__max,0.012832403,0.006436895
Bucha,s1__vh__baseline__skewness__max_abs_delta,0.0014442205,0.000722352
Bucha,s1__vh__baseline__std__mean,0.001633048,0.0008168687
Bucha,s1__vh__baseline__std__p10,0.0020270348,0.0010140594
Bucha,s1__vh__baseline__std__p50,0.0019870996,0.0009940343
Bucha,s1__vh__baseline__std__p90,0.0012444258,0.0006223873
Bucha,s1__vh__baseline__std__std,8.893013e-05,4.4474677e-05
Bucha,s1__vh__baseline__std__min,0.0013571978,0.00067879114
Bucha,s1__vh__baseline__std__max,0.00050747395,0.00025368776
Bucha,s1__vh__baseline__std__max_abs_delta,2.0980835e-05,1.0549456e-05
Bucha,s1__vv__baseline__kurtosis__mean,0.004003644,0.0020038416
Bucha,s1__vv__baseline__kurtosis__p10,0.0015851259,0.0007928751
Bucha,s1__vv__baseline__kurtosis__p50,0.0023521185,0.0011767405
Bucha,s1__vv__baseline__kurtosis__p90,0.0035270452,0.0017650886
Bucha,s1__vv__baseline__kurtosis__std,0.0036053658,0.0018043674
Bucha,s1__vv__baseline__kurtosis__min,0.00029408932,0.00014709169
Bucha,s1__vv__baseline__kurtosis__max,0.0027093887,0.0013555582
Bucha,s1__vv__baseline__kurtosis__max_abs_delta,0.007643342,0.003828946
Bucha,s1__vv__baseline__max__mean,0.025160074,0.012659789
Bucha,s1__vv__baseline__max__p10,0.026786923,0.013483938
Bucha,s1__vv__baseline__max__p50,0.027650476,0.013921788
Bucha,s1__vv__baseline__max__p90,0.018597126,0.009342043
Bucha,s1__vv__baseline__max__std,0.0011882782,0.0005943843
Bucha,s1__vv__baseline__max__min,0.030130625,0.015179945
Bucha,s1__vv__baseline__max__max,0.015765786,0.0079141315
Bucha,s1__vv__baseline__max__max_abs_delta,0.0010305643,0.0005153839
Bucha,s1__vv__baseline__mean__mean,0.01975727,0.009927811
Bucha,s1__vv__baseline__mean__p10,0.02281773,0.011474437
Bucha,s1__vv__baseline__mean__p50,0.020975351,0.0105430065
Bucha,s1__vv__baseline__mean__p90,0.014204502,0.007127571
Bucha,s1__vv__baseline__mean__std,0.0014983416,0.0007495038
Bucha,s1__vv__baseline__mean__min,0.026687503,0.013433538
Bucha,s1__vv__baseline__mean__max,0.011543274,0.005788355
Bucha,s1__vv__baseline__mean__max_abs_delta,0.0012731552,0.0006367881
Bucha,s1__vv__baseline__median__mean,0.016918063,0.008495071
Bucha,s1__vv__baseline__median__p10,0.020354748,0.0102295205
Bucha,s1__vv__baseline__median__p50,0.017639995,0.008859163
Bucha,s1__vv__baseline__median__p90,0.011585474,0.005809536
Bucha,s1__vv__baseline__median__std,0.0029821396,0.0014922112
Bucha,s1__vv__baseline__median__min,0.02385807,0.012000788
Bucha,s1__vv__baseline__median__max,0.008965969,0.004493027
Bucha,s1__vv__baseline__median__max_abs_delta,0.0023524761,0.0011768627
Bucha,s1__vv__baseline__min__mean,0.01875019,0.009419329
Bucha,s1__vv__baseline__min__p10,0.023557186,0.0118485885
Bucha,s1__vv__baseline__min__p50,0.01876092,0.009424737
Bucha,s1__vv__baseline__min__p90,0.013020277,0.0065314183
Bucha,s1__vv__baseline__min__std,0.0004080534,0.00020406701
Bucha,s1__vv__baseline__min__min,0.027036667,0.013610453
Bucha,s1__vv__baseline__min__max,0.011003375,0.0055168397
Bucha,s1__vv__baseline__min__max_abs_delta,0.00036549568,0.00018278854
Bucha,s1__vv__baseline__skewness__mean,0.0021715164,0.0010863853
Bucha,s1__vv__baseline__skewness__p10,0.004669547,0.0023375521
Bucha,s1__vv__baseline__skewness__p50,0.0011434555,0.0005718655
Bucha,s1__vv__baseline__skewness__p90,0.0038263798,0.0019150438
Bucha,s1__vv__baseline__skewness__std,0.0044517517,0.0022283653
Bucha,s1__vv__baseline__skewness__min,0.0060631037,0.003036127
Bucha,s1__vv__baseline__skewness__max,0.001819849,0.0009103929
Bucha,s1__vv__baseline__skewness__max_abs_delta,0.0048252344,0.0024154887
Bucha,s1__vv__baseline__std__mean,0.011547685,0.005790555
Bucha,s1__vv__baseline__std__p10,0.012551069,0.0062953117
Bucha,s1__vv__baseline__std__p50,0.011186719,0.0056090634
Bucha,s1__vv__baseline__std__p90,0.0076646805,0.0038397037
Bucha,s1__vv__baseline__std__std,0.0024949312,0.0012481796
Bucha,s1__vv__baseline__std__min,0.013861418,0.006954871
Bucha,s1__vv__baseline__std__max,0.005301237,0.00265412
Bucha,s1__vv__baseline__std__max_abs_delta,0.0017915964,0.00089615915
Bucha,s1__coh__baseline__count__mean,0.034843087,0.017575147
Bucha,s1__coh__baseline__count__p10,0.018230915,0.0091571715
Bucha,s1__coh__baseline__count__std,0.018814802,0.00945189
Bucha,s1__coh__baseline__count__min,0.024653792,0.012403509
Bucha,s1__coh__baseline__count__max_abs_delta,0.024653673,0.012403502
Bucha,s1__coh__baseline__max__mean,0.007732749,0.0038738851
Bucha,s1__coh__baseline__max__p10,0.0047906637,0.002398202
Bucha,s1__coh__baseline__max__p50,0.00878036,0.0043998533
Bucha,s1__coh__baseline__max__p90,0.0074635744,0.0037388145
Bucha,s1__coh__baseline__max__std,0.00040268898,0.00020140783
Bucha,s1__coh__baseline__max__min,0.0034888983,0.0017460199
Bucha,s1__coh__baseline__max__max,0.008128047,0.004072332
Bucha,s1__coh__baseline__max__max_abs_delta,0.00038325787,0.0001916427
Bucha,s1__coh__baseline__mean__mean,0.007343769,0.0036786178
Bucha,s1__coh__baseline__mean__p10,0.0042598248,0.002132149
Bucha,s1__coh__baseline__mean__p50,0.008987904,0.00450411
Bucha,s1__coh__baseline__mean__p90,0.008586645,0.0043026106
Bucha,s1__coh__baseline__mean__std,0.002936244,0.0014692763
Bucha,s1__coh__baseline__mean__min,0.0014451742,0.00072277145
Bucha,s1__coh__baseline__mean__max,0.009194732,0.0046080323
Bucha,s1__coh__baseline__mean__max_abs_delta,0.0040898323,0.0020469208
Bucha,s1__coh__baseline__median__mean,0.0069892406,0.0035007512
Bucha,s1__coh__baseline__median__p10,0.003478527,0.0017407676
Bucha,s1__coh__baseline__median__p50,0.009556651,0.0047896956
Bucha,s1__coh__baseline__median__p90,0.008650899,0.0043348484
Bucha,s1__coh__baseline__median__std,0.0023554564,0.0011784083
Bucha,s1__coh__baseline__median__min,0.0016562939,0.0008285017
Bucha,s1__coh__baseline__median__max,0.012080669,0.0060586235
Bucha,s1__coh__baseline__median__max_abs_delta,0.0029941797,0.0014981371
Bucha,s1__coh__baseline__min__mean,0.009526253,0.0047744955
Bucha,s1__coh__baseline__min__p10,0.0071202517,0.0035663955
Bucha,s1__coh__baseline__min__p50,0.010639191,0.005333853
Bucha,s1__coh__baseline__min__p90,0.008703947,0.004361385
Bucha,s1__coh__baseline__min__std,0.003292799,0.0016476841
Bucha,s1__coh__baseline__min__min,0.007076025,0.0035442605
Bucha,s1__coh__baseline__min__max,0.00683105,0.0034213888
Bucha,s1__coh__baseline__min__max_abs_delta,0.0024584532,0.0012299251
Bucha,s1__coh__baseline__std__mean,0.012849569,0.0064455867
Bucha,s1__coh__baseline__std__p10,0.007887125,0.0039513344
Bucha,s1__coh__baseline__std__p50,0.009896636,0.004960568
Bucha,s1__coh__baseline__std__p90,0.012315273,0.006176688
Bucha,s1__coh__baseline__std__std,0.0002632141,0.00013155007
Bucha,s1__coh__baseline__std__min,0.00688982,0.0034508281
Bucha,s1__coh__baseline__std__max,0.011048555,0.0055395896
Bucha,s1__coh__baseline__std__max_abs_delta,0.00043737888,0.00021875084
Chernihiv,s1__vh__baseline__count__mean,7.1525574e-07,3.61787e-07
Chernihiv,s1__vh__baseline__count__p10,2.7418137e-06,1.3920813e-06
Chernihiv,s1__vh__baseline__count__p50,5.00679e-06,2.450062e-06
Chernihiv,s1__vh__baseline__count__p90,2.503395e-06,1.2269768e-06
Chernihiv,s1__vh__baseline__count__std,0.15620637,0.08132207
Chernihiv,s1__vh__baseline__count__min,2.7418137e-06,1.3920813e-06
Chernihiv,s1__vh__baseline__count__max,1.04904175e-05,5.2286987e-06
Chernihiv,s1__vh__baseline__count__max_abs_delta,0.13217056,0.06837017
Chernihiv,s1__vh__baseline__kurtosis__mean,8.356571e-05,4.1787836e-05
Chernihiv,s1__vh__baseline__kurtosis__p10,0.00018441677,9.225114e-05
Chernihiv,s1__vh__baseline__kurtosis__p50,3.85046e-05,1.9306923e-05
Chernihiv,s1__vh__baseline__kurtosis__p90,0.0008187294,0.000409443
Chernihiv,s1__vh__baseline__kurtosis__std,0.00047647953,0.00023823389
Chernihiv,s1__vh__baseline__kurtosis__min,0.00053298473,0.00026652802
Chernihiv,s1__vh__baseline__kurtosis__max,0.0010213852,0.0005108103
Chernihiv,s1__vh__baseline__kurtosis__max_abs_delta,0.0006418228,0.00032100207
Chernihiv,s1__vh__baseline__max__mean,0.011407614,0.005720077
Chernihiv,s1__vh__baseline__max__p10,0.01363647,0.0068416283
Chernihiv,s1__vh__baseline__max__p50,0.011625648,0.005829813
Chernihiv,s1__vh__baseline__max__p90,0.008424878,0.004221405
Chernihiv,s1__vh__baseline__max__std,0.0012655258,0.00063303416
Chernihiv,s1__vh__baseline__max__min,0.014260054,0.007155648
Chernihiv,s1__vh__baseline__max__max,0.007423401,0.0037186153
Chernihiv,s1__vh__baseline__max__max_abs_delta,0.0011150837,0.0005576801
Chernihiv,s1__vh__baseline__mean__mean,0.007848501,0.0039319806
Chernihiv,s1__vh__baseline__mean__p10,0.009632826,0.004828018
Chernihiv,s1__vh__baseline__mean__p50,0.0076720715,0.0038434854
Chernihiv,s1__vh__baseline__mean__p90,0.005744815,0.0028764969
Chernihiv,s1__vh__baseline__mean__std,0.0016676188,0.00083415606
Chernihiv,s1__vh__baseline__mean__min,0.010094643,0.00506016
Chernihiv,s1__vh__baseline__mean__max,0.0048336983,0.0024197518
Chernihiv,s1__vh__baseline__mean__max_abs_delta,0.0017259121,0.000863356
Chernihiv,s1__vh__baseline__median__mean,0.0047483444,0.0023770416
Chernihiv,s1__vh__baseline__median__p10,0.008862257,0.004441001
Chernihiv,s1__vh__baseline__median__p50,0.005043149,0.0025247547
Chernihiv,s1__vh__baseline__median__p90,0.0019513369,0.0009760521
Chernihiv,s1__vh__baseline__median__std,0.0017311573,0.0008659868
Chernihiv,s1__vh__baseline__median__min,0.010078788,0.005052061
Chernihiv,s1__vh__baseline__median__max,0.0013411045,0.00067078805
Chernihiv,s1__vh__baseline__median__max_abs_delta,0.002764225,0.0013831011
Chernihiv,s1__vh__baseline__min__mean,0.005141735,0.002574119
Chernihiv,s1__vh__baseline__min__p10,0.0045895576,0.0022974056
Chernihiv,s1__vh__baseline__min__p50,0.0066040754,0.003307434
Chernihiv,s1__vh__baseline__min__p90,0.004466176,0.0022355393
Chernihiv,s1__vh__baseline__min__std,0.0012800694,0.0006402626
Chernihiv,s1__vh__baseline__min__min,0.0039304495,0.0019671938
Chernihiv,s1__vh__baseline__min__max,0.004126072,0.0020651636
Chernihiv,s1__vh__baseline__min__max_abs_delta,0.0007379055,0.0003690678
Chernihiv,s1__vh__baseline__skewness__mean,0.00258255,0.0012920809
Chernihiv,s1__vh__baseline__skewness__p10,0.004605055,0.0023051056
Chernihiv,s1__vh__baseline__skewness__p50,0.003266573,0.0016346066
Chernihiv,s1__vh__baseline__skewness__p90,0.0002478361,0.00012392516
Chernihiv,s1__vh__baseline__skewness__std,0.0016682148,0.000834421
Chernihiv,s1__vh__baseline__skewness__min,0.0027468204,0.0013743866
Chernihiv,s1__vh__baseline__skewness__max,0.00013673306,6.844643e-05
Chernihiv,s1__vh__baseline__skewness__max_abs_delta,0.0015180111,0.000759295
Chernihiv,s1__vh__baseline__std__mean,0.0016255379,0.00081306306
Chernihiv,s1__vh__baseline__std__p10,0.0021811724,0.0010912113
Chernihiv,s1__vh__baseline__std__p50,0.0012124777,0.00060647866
Chernihiv,s1__vh__baseline__std__p90,0.0013629198,0.0006817348
Chernihiv,s1__vh__baseline__std__std,0.000228405,0.0001141596
Chernihiv,s1__vh__baseline__std__min,0.0027592182,0.001380583
Chernihiv,s1__vh__baseline__std__max,0.0012352467,0.00061785575
Chernihiv,s1__vh__baseline__std__max_abs_delta,0.00055873394,0.00027933007
Chernihiv,s1__vv__baseline__count__mean,7.1525574e-07,3.61787e-07
Chernihiv,s1__vv__baseline__count__p10,2.7418137e-06,1.3920813e-06
Chernihiv,s1__vv__baseline__count__p50,5.00679e-06,2.450062e-06
Chernihiv,s1__vv__baseline__count__p90,2.503395e-06,1.2269768e-06
Chernihiv,s1__vv__baseline__count__std,0.15620637,0.08132207
Chernihiv,s1__vv__baseline__count__min,2.7418137e-06,1.3920813e-06
Chernihiv,s1__vv__baseline__count__max,1.04904175e-05,5.2286987e-06
Chernihiv,s1__vv__baseline__count__max_abs_delta,0.13217056,0.06837017
Chernihiv,s1__vv__baseline__kurtosis__mean,3.4809113e-05,1.7438406e-05
Chernihiv,s1__vv__baseline__kurtosis__p10,0.0002721548,0.00013606936
Chernihiv,s1__vv__baseline__kurtosis__p50,9.381771e-05,4.6910485e-05
Chernihiv,s1__vv__baseline__kurtosis__p90,5.877018e-05,2.9351222e-05
Chernihiv,s1__vv__baseline__kurtosis__std,0.00070130825,0.00035075063
Chernihiv,s1__vv__baseline__kurtosis__min,0.0037766695,0.0018900353
Chernihiv,s1__vv__baseline__kurtosis__max,0.00010716915,5.362576e-05
Chernihiv,s1__vv__baseline__kurtosis__max_abs_delta,0.0015692711,0.0007849593
Chernihiv,s1__vv__baseline__max__mean,0.008085489,0.0040509095
Chernihiv,s1__vv__baseline__max__p10,0.009370685,0.00469629
Chernihiv,s1__vv__baseline__max__p50,0.007883787,0.0039496557
Chernihiv,s1__vv__baseline__max__p90,0.0048218966,0.0024138936
Chernihiv,s1__vv__baseline__max__std,0.0011088848,0.0005545045
Chernihiv,s1__vv__baseline__max__min,0.0067560673,0.00338378
Chernihiv,s1__vv__baseline__max__max,0.003967762,0.0019858878
Chernihiv,s1__vv__baseline__max__max_abs_delta,0.00086033344,0.0004302367
Chernihiv,s1__vv__baseline__mean__mean,0.0063351393,0.0031726302
Chernihiv,s1__vv__baseline__mean__p10,0.010236621,0.005131485
Chernihiv,s1__vv__baseline__mean__p50,0.005114794,0.002560628
Chernihiv,s1__vv__baseline__mean__p90,0.003199935,0.001601252
Chernihiv,s1__vv__baseline__mean__std,0.0022944212,0.0011478101
Chernihiv,s1__vv__baseline__mean__min,0.011566162,0.0057998616
Chernihiv,s1__vv__baseline__mean__max,0.0034672022,0.0017351445
Chernihiv,s1__vv__baseline__mean__max_abs_delta,0.0014853477,0.00074304454
Chernihiv,s1__vv__baseline__median__mean,0.008829594,0.0044245897
Chernihiv,s1__vv__baseline__median__p10,0.011751652,0.0058931285
Chernihiv,s1__vv__baseline__median__p50,0.0074595213,0.00373669
Chernihiv,s1__vv__baseline__median__p90,0.005995512,0.0030022743
Chernihiv,s1__vv__baseline__median__std,0.00048828125,0.00024408293
Chernihiv,s1__vv__baseline__median__min,0.013034105,0.0065383157
Chernihiv,s1__vv__baseline__median__max,0.0057257414,0.002866977
Chernihiv,s1__vv__baseline__median__max_abs_delta,0.0005441904,0.00027211066
Chernihiv,s1__vv__baseline__min__mean,0.002311349,0.0011563527
Chernihiv,s1__vv__baseline__min__p10,0.004425645,0.0022153158
Chernihiv,s1__vv__baseline__min__p50,0.0022814274,0.001141346
Chernihiv,s1__vv__baseline__min__p90,0.002460599,0.0012310657
Chernihiv,s1__vv__baseline__min__std,0.0071514845,0.0035821316
Chernihiv,s1__vv__baseline__min__min,0.005730152,0.0028691632
Chernihiv,s1__vv__baseline__min__max,0.0022197962,0.0011105184
Chernihiv,s1__vv__baseline__min__max_abs_delta,0.0049040318,0.0024549796
Chernihiv,s1__vv__baseline__skewness__mean,0.000983715,0.0004918976
Chernihiv,s1__vv__baseline__skewness__p10,0.00030100346,0.00015054022
Chernihiv,s1__vv__baseline__skewness__p50,0.0008317232,0.0004159509
Chernihiv,s1__vv__baseline__skewness__p90,0.00044596195,0.00022301992
Chernihiv,s1__vv__baseline__skewness__std,0.0024305582,0.0012159618
Chernihiv,s1__vv__baseline__skewness__min,8.606911e-05,4.307384e-05
Chernihiv,s1__vv__baseline__skewness__max,0.0010107756,0.0005054578
Chernihiv,s1__vv__baseline__skewness__max_abs_delta,0.0018190145,0.00090996147
Chernihiv,s1__vv__baseline__std__mean,0.0002257824,0.00011283225
Chernihiv,s1__vv__baseline__std__p10,0.00018513203,9.256063e-05
Chernihiv,s1__vv__baseline__std__p50,0.00038182735,0.00019096007
Chernihiv,s1__vv__baseline__std__p90,0.0003966093,0.00019837168
Chernihiv,s1__vv__baseline__std__std,0.0013016462,0.0006509877
Chernihiv,s1__vv__baseline__std__min,0.002280593,0.0011409081
Chernihiv,s1__vv__baseline__std__max,0.00027143955,0.00013573741
Chernihiv,s1__vv__baseline__std__max_abs_delta,0.0007570982,0.0003786714
Chornobaivka,s1__vh__baseline__kurtosis__mean,0.045645,0.02308694
Chornobaivka,s1__vh__baseline__kurtosis__p10,0.06907594,0.035148453
Chornobaivka,s1__vh__baseline__kurtosis__p50,0.047349095,0.023959264
Chornobaivka,s1__vh__baseline__kurtosis__p90,0.011530638,0.0057819793
Chornobaivka,s1__vh__baseline__kurtosis__std,0.0001270771,6.358827e-05
Chornobaivka,s1__vh__baseline__kurtosis__min,0.034635782,0.017469648
Chornobaivka,s1__vh__baseline__kurtosis__max,0.01332438,0.006684541
Chornobaivka,s1__vh__baseline__kurtosis__max_abs_delta,9.9778175e-05,4.988906e-05
Chornobaivka,s1__vh__baseline__max__mean,0.083129525,0.042453256
Chornobaivka,s1__vh__baseline__max__p10,0.06312287,0.03207025
Chornobaivka,s1__vh__baseline__max__p50,0.077878594,0.039717652
Chornobaivka,s1__vh__baseline__max__p90,0.11559737,0.059536234
Chornobaivka,s1__vh__baseline__max__std,0.22536111,0.11955018
Chornobaivka,s1__vh__baseline__max__min,0.071437955,0.036372483
Chornobaivka,s1__vh__baseline__max__max,0.12737727,0.06580718
Chornobaivka,s1__vh__baseline__max__max_abs_delta,0.22483873,0.11925596
Chornobaivka,s1__vh__baseline__mean__mean,0.042360067,0.021407511
Chornobaivka,s1__vh__baseline__mean__p10,0.05611348,0.028457943
Chornobaivka,s1__vh__baseline__mean__p50,0.04163158,0.021035504
Chornobaivka,s1__vh__baseline__mean__p90,0.03471744,0.017511105
Chornobaivka,s1__vh__baseline__mean__std,0.077682614,0.039615765
Chornobaivka,s1__vh__baseline__mean__min,0.06356168,0.03229675
Chornobaivka,s1__vh__baseline__mean__max,0.036459923,0.018398132
Chornobaivka,s1__vh__baseline__mean__max_abs_delta,0.10905969,0.056072943
Chornobaivka,s1__vh__baseline__median__mean,0.047983527,0.024284335
Chornobaivka,s1__vh__baseline__median__p10,0.076404214,0.038950928
Chornobaivka,s1__vh__baseline__median__p50,0.04838288,0.024488801
Chornobaivka,s1__vh__baseline__median__p90,0.035843253,0.018084072
Chornobaivka,s1__vh__baseline__median__std,0.037605524,0.018981792
Chornobaivka,s1__vh__baseline__median__min,0.091177225,0.04666046
Chornobaivka,s1__vh__baseline__median__max,0.034000278,0.017146308
Chornobaivka,s1__vh__baseline__median__max_abs_delta,0.048790693,0.024697829
Chornobaivka,s1__vh__baseline__min__mean,0.020697474,0.010402734
Chornobaivka,s1__vh__baseline__min__p10,0.022382021,0.011254166
Chornobaivka,s1__vh__baseline__min__p50,0.023396492,0.011767159
Chornobaivka,s1__vh__baseline__min__p90,0.015272737,0.0076656183
Chornobaivka,s1__vh__baseline__min__std,0.03528166,0.017798329
Chornobaivka,s1__vh__baseline__min__min,0.023269653,0.011703033
Chornobaivka,s1__vh__baseline__min__max,0.014554501,0.0073038265
Chornobaivka,s1__vh__baseline__min__max_abs_delta,0.005781889,0.002895109
Chornobaivka,s1__vh__baseline__skewness__mean,0.027050376,0.013617404
Chornobaivka,s1__vh__baseline__skewness__p10,0.036345005,0.01833969
Chornobaivka,s1__vh__baseline__skewness__p50,0.031523943,0.015887532
Chornobaivka,s1__vh__baseline__skewness__p90,0.002227664,0.001114432
Chornobaivka,s1__vh__baseline__skewness__std,0.010501742,0.005264691
Chornobaivka,s1__vh__baseline__skewness__min,0.03279543,0.016533682
Chornobaivka,s1__vh__baseline__skewness__max,0.001601696,0.00080119417
Chornobaivka,s1__vh__baseline__skewness__max_abs_delta,0.009112358,0.004566578
Chornobaivka,s1__vh__baseline__std__mean,0.052644968,0.026675114
Chornobaivka,s1__vh__baseline__std__p10,0.021178126,0.010645502
Chornobaivka,s1__vh__baseline__std__p50,0.044388413,0.0224442
Chornobaivka,s1__vh__baseline__std__p90,0.14901972,0.07743183
Chornobaivka,s1__vh__baseline__std__std,0.25371742,0.13565789
Chornobaivka,s1__vh__baseline__std__min,0.024788737,0.012471795
Chornobaivka,s1__vh__baseline__std__max,0.16941822,0.08851326
Chornobaivka,s1__vh__baseline__std__max_abs_delta,0.25127172,0.13425834
Chornobaivka,s1__vv__baseline__kurtosis__mean,0.035018086,0.017664142
Chornobaivka,s1__vv__baseline__kurtosis__p10,0.016384006,0.0082257185
Chornobaivka,s1__vv__baseline__kurtosis__p50,0.025003076,0.012580271
Chornobaivka,s1__vv__baseline__kurtosis__p90,0.11206603,0.057664093
Chornobaivka,s1__vv__baseline__kurtosis__std,0.010669351,0.005348908
Chornobaivka,s1__vv__baseline__kurtosis__min,0.016843915,0.008457633
Chornobaivka,s1__vv__baseline__kurtosis__max,0.12655616,0.06536877
Chornobaivka,s1__vv__baseline__kurtosis__max_abs_delta,0.008120298,0.0040684184
Chornobaivka,s1__vv__baseline__max__mean,0.1282866,0.0662929
Chornobaivka,s1__vv__baseline__max__p10,0.07691944,0.039218843
Chornobaivka,s1__vv__baseline__max__p50,0.11184144,0.057545125
Chornobaivka,s1__vv__baseline__max__p90,0.2026254,0.106820166
Chornobaivka,s1__vv__baseline__max__std,0.40613437,0.22698492
Chornobaivka,s1__vv__baseline__max__min,0.072208285,0.036771994
Chornobaivka,s1__vv__baseline__max__max,0.22788942,0.12097585
Chornobaivka,s1__vv__baseline__max__max_abs_delta,0.37307525,0.20645556
Chornobaivka,s1__vv__baseline__mean__mean,0.09363842,0.047950737
Chornobaivka,s1__vv__baseline__mean__p10,0.07889891,0.040248662
Chornobaivka,s1__vv__baseline__mean__p50,0.08218241,0.041959316
Chornobaivka,s1__vv__baseline__mean__p90,0.08344424,0.042617425
Chornobaivka,s1__vv__baseline__mean__std,0.0069800615,0.0034961097
Chornobaivka,s1__vv__baseline__mean__min,0.085369825,0.04362263
Chornobaivka,s1__vv__baseline__mean__max,0.08923817,0.045645177
Chornobaivka,s1__vv__baseline__mean__max_abs_delta,0.01010561,0.0050655827
Chornobaivka,s1__vv__baseline__median__mean,0.08618653,0.044049393
Chornobaivka,s1__vv__baseline__median__p10,0.096116304,0.04925128
Chornobaivka,s1__vv__baseline__median__p50,0.08805752,0.045027494
Chornobaivka,s1__vv__baseline__median__p90,0.065245986,0.03316694
Chornobaivka,s1__vv__baseline__median__std,0.05152452,0.026099868
Chornobaivka,s1__vv__baseline__median__min,0.10021269,0.051405296
Chornobaivka,s1__vv__baseline__median__max,0.060000658,0.030459603
Chornobaivka,s1__vv__baseline__median__max_abs_delta,0.05923307,0.030063977
Chornobaivka,s1__vv__baseline__min__mean,0.018908143,0.009499052
Chornobaivka,s1__vv__baseline__min__p10,0.043762803,0.022124408
Chornobaivka,s1__vv__baseline__min__p50,0.021867871,0.010994202
Chornobaivka,s1__vv__baseline__min__p90,0.0052963495,0.0026517347
Chornobaivka,s1__vv__baseline__min__std,0.087889194,0.044939402
Chornobaivka,s1__vv__baseline__min__min,0.04167247,0.021056436
Chornobaivka,s1__vv__baseline__min__max,0.0018222332,0.00091153197
Chornobaivka,s1__vv__baseline__min__max_abs_delta,0.09768629,0.05007624
Chornobaivka,s1__vv__baseline__skewness__mean,0.03410077,0.017197467
Chornobaivka,s1__vv__baseline__skewness__p10,0.13390613,0.06929977
Chornobaivka,s1__vv__baseline__skewness__p50,0.024116874,0.012131779
Chornobaivka,s1__vv__baseline__skewness__p90,0.0017257929,0.00086321635
Chornobaivka,s1__vv__baseline__skewness__std,0.18562376,0.09740542
Chornobaivka,s1__vv__baseline__skewness__min,0.196257,0.10328319
Chornobaivka,s1__vv__baseline__skewness__max,0.0006901026,0.00034512527
Chornobaivka,s1__vv__baseline__skewness__max_abs_delta,0.13784039,0.07141021
Chornobaivka,s1__vv__baseline__std__mean,0.37434328,0.20723528
Chornobaivka,s1__vv__baseline__std__p10,0.4654404,0.26490372
Chornobaivka,s1__vv__baseline__std__p50,0.38169956,0.21177073
Chornobaivka,s1__vv__baseline__std__p90,0.33500206,0.18332328
Chornobaivka,s1__vv__baseline__std__std,0.3360765,0.18396881
Chornobaivka,s1__vv__baseline__std__min,0.49110973,0.2817727
Chornobaivka,s1__vv__baseline__std__max,0.3496151,0.1921386
Chornobaivka,s1__vv__baseline__std__max_abs_delta,0.3175987,0.17292511
Dmytrivka,s1__vh__baseline__kurtosis__mean,0.019649863,0.009873571
Dmytrivka,s1__vh__baseline__kurtosis__p10,0.025340796,0.012751352
Dmytrivka,s1__vh__baseline__kurtosis__p50,0.014815688,0.0074354
Dmytrivka,s1__vh__baseline__kurtosis__p90,0.027486324,0.01383851
Dmytrivka,s1__vh__baseline__kurtosis__std,0.02932477,0.014771028
Dmytrivka,s1__vh__baseline__kurtosis__min,0.01979661,0.009947542
Dmytrivka,s1__vh__baseline__kurtosis__max,0.026455164,0.013315881
Dmytrivka,s1__vh__baseline__kurtosis__max_abs_delta,0.019175291,0.009633884
Dmytrivka,s1__vh__baseline__max__mean,0.0027303696,0.0013661577
Dmytrivka,s1__vh__baseline__max__p10,0.0040928125,0.0020485108
Dmytrivka,s1__vh__baseline__max__p50,0.0031203032,0.0015613626
Dmytrivka,s1__vh__baseline__max__p90,0.00088214874,0.0004411671
Dmytrivka,s1__vh__baseline__max__std,0.0219903,0.011056027
Dmytrivka,s1__vh__baseline__max__min,0.00430882,0.00215675
Dmytrivka,s1__vh__baseline__max__max,0.00082063675,0.00041044957
Dmytrivka,s1__vh__baseline__max__max_abs_delta,0.02445805,0.012304452
Dmytrivka,s1__vh__baseline__mean__mean,0.0040647984,0.00203441
Dmytrivka,s1__vh__baseline__mean__p10,0.0044287443,0.0022168243
Dmytrivka,s1__vh__baseline__mean__p50,0.0040795803,0.0020418214
Dmytrivka,s1__vh__baseline__mean__p90,0.0034681559,0.0017355839
Dmytrivka,s1__vh__baseline__mean__std,0.02226603,0.011195496
Dmytrivka,s1__vh__baseline__mean__min,0.0043901205,0.0021974796
Dmytrivka,s1__vh__baseline__mean__max,0.0036821365,0.0018427791
Dmytrivka,s1__vh__baseline__mean__max_abs_delta,0.024921536,0.012539068
Dmytrivka,s1__vh__baseline__median__mean,0.003919363,0.0019616433
Dmytrivka,s1__vh__baseline__median__p10,0.0047525167,0.0023791045
Dmytrivka,s1__vh__baseline__median__p50,0.0035481453,0.0017756458
Dmytrivka,s1__vh__baseline__median__p90,0.0037554502,0.0018795027
Dmytrivka,s1__vh__baseline__median__std,0.029048324,0.014630652
Dmytrivka,s1__vh__baseline__median__min,0.004365921,0.0021853605
Dmytrivka,s1__vh__baseline__median__max,0.0040664673,0.0020352423
Dmytrivka,s1__vh__baseline__median__max_abs_delta,0.032610178,0.016439449
Dmytrivka,s1__vh__baseline__min__mean,0.0044891834,0.0022471447
Dmytrivka,s1__vh__baseline__min__p10,0.0043708086,0.0021877787
Dmytrivka,s1__vh__baseline__min__p50,0.0040477514,0.0020259402
Dmytrivka,s1__vh__baseline__min__p90,0.004948497,0.0024773076
Dmytrivka,s1__vh__baseline__min__std,0.016239405,0.008152907
Dmytrivka,s1__vh__baseline__min__min,0.0038506985,0.0019271872
Dmytrivka,s1__vh__baseline__min__max,0.0047101974,0.0023579395
Dmytrivka,s1__vh__baseline__min__max_abs_delta,0.019818306,0.009958545
Dmytrivka,s1__vh__baseline__skewness__mean,0.022019029,0.011070592
Dmytrivka,s1__vh__baseline__skewness__p10,0.028234482,0.014217841
Dmytrivka,s1__vh__baseline__skewness__p50,0.01954472,0.009820426
Dmytrivka,s1__vh__baseline__skewness__p90,0.018408895,0.009247066
Dmytrivka,s1__vh__baseline__skewness__std,0.019809961,0.009954386
Dmytrivka,s1__vh__baseline__skewness__min,0.026474476,0.013325608
Dmytrivka,s1__vh__baseline__skewness__max,0.016458154,0.008263147
Dmytrivka,s1__vh__baseline__skewness__max_abs_delta,0.03027463,0.015253083
Dmytrivka,s1__vh__baseline__std__mean,0.039578915,0.019987952
Dmytrivka,s1__vh__baseline__std__p10,0.040214777,0.020312283
Dmytrivka,s1__vh__baseline__std__p50,0.035479903,0.017899178
Dmytrivka,s1__vh__baseline__std__p90,0.037162423,0.018756006
Dmytrivka,s1__vh__baseline__std__std,0.018680215,0.009384095
Dmytrivka,s1__vh__baseline__std__min,0.033320904,0.016800864
Dmytrivka,s1__vh__baseline__std__max,0.03278148,0.016526554
Dmytrivka,s1__vh__baseline__std__max_abs_delta,0.014091253,0.007070581
Dmytrivka,s1__vv__baseline__kurtosis__mean,0.0044270754,0.002215953
Dmytrivka,s1__vv__baseline__kurtosis__p10,0.011750698,0.005892633
Dmytrivka,s1__vv__baseline__kurtosis__p50,0.00370574,0.0018546431
Dmytrivka,s1__vv__baseline__kurtosis__p90,0.008762956,0.004391135
Dmytrivka,s1__vv__baseline__kurtosis__std,0.018199444,0.009141392
Dmytrivka,s1__vv__baseline__kurtosis__min,0.0040659904,0.0020350823
Dmytrivka,s1__vv__baseline__kurtosis__max,0.010874271,0.0054520234
Dmytrivka,s1__vv__baseline__kurtosis__max_abs_delta,0.022869945,0.011500907
Dmytrivka,s1__vv__baseline__max__mean,0.0039639473,0.001983914
Dmytrivka,s1__vv__baseline__max__p10,0.0038843155,0.0019439983
Dmytrivka,s1__vv__baseline__max__p50,0.0044145584,0.0022097481
Dmytrivka,s1__vv__baseline__max__p90,0.0014762878,0.0007384497
Dmytrivka,s1__vv__baseline__max__std,0.012650371,0.0063453554
Dmytrivka,s1__vv__baseline__max__min,0.0067162514,0.00336382
Dmytrivka,s1__vv__baseline__max__max,0.001627326,0.0008139304
Dmytrivka,s1__vv__baseline__max__max_abs_delta,0.019100308,0.009596014
Dmytrivka,s1__vv__baseline__mean__mean,0.0022673607,0.0011342958
Dmytrivka,s1__vv__baseline__mean__p10,0.0020540953,0.0010275638
Dmytrivka,s1__vv__baseline__mean__p50,0.002623558,0.001312664
Dmytrivka,s1__vv__baseline__mean__p90,0.00038325787,0.00019157626
Dmytrivka,s1__vv__baseline__mean__std,0.013939261,0.0069939997
Dmytrivka,s1__vv__baseline__mean__min,0.0046908855,0.0023481408
Dmytrivka,s1__vv__baseline__mean__max,0.0005044937,0.00025227322
Dmytrivka,s1__vv__baseline__mean__max_abs_delta,0.017245173,0.008660032
Dmytrivka,s1__vv__baseline__median__mean,0.0017317533,0.000866191
Dmytrivka,s1__vv__baseline__median__p10,0.0017046928,0.0008526215
Dmytrivka,s1__vv__baseline__median__p50,0.0019618273,0.0009813278
Dmytrivka,s1__vv__baseline__median__p90,0.00056159496,0.0002808217
Dmytrivka,s1__vv__baseline__median__std,0.019808888,0.009953846
Dmytrivka,s1__vv__baseline__median__min,0.0041331053,0.0020687017
Dmytrivka,s1__vv__baseline__median__max,0.0007405281,0.00037037564
Dmytrivka,s1__vv__baseline__median__max_abs_delta,0.023065925,0.011600004
Dmytrivka,s1__vv__baseline__min__mean,0.0013973713,0.00069886877
Dmytrivka,s1__vv__baseline__min__p10,0.0018744469,0.00093768246
Dmytrivka,s1__vv__baseline__min__p50,0.0014263391,0.00071347196
Dmytrivka,s1__vv__baseline__min__p90,6.580353e-05,3.2869684e-05
Dmytrivka,s1__vv__baseline__min__std,0.015988946,0.008026648
Dmytrivka,s1__vv__baseline__min__min,0.0039139986,0.0019589416
Dmytrivka,s1__vv__baseline__min__max,6.175041e-05,3.091197e-05
Dmytrivka,s1__vv__baseline__min__max_abs_delta,0.019090176,0.009590973
Dmytrivka,s1__vv__baseline__skewness__mean,0.006426692,0.0032185728
Dmytrivka,s1__vv__baseline__skewness__p10,0.022851825,0.0114916675
Dmytrivka,s1__vv__baseline__skewness__p50,0.0071492195,0.003581074
Dmytrivka,s1__vv__baseline__skewness__p90,0.009983301,0.005004161
Dmytrivka,s1__vv__baseline__skewness__std,0.028161287,0.014180781
Dmytrivka,s1__vv__baseline__skewness__min,0.023553729,0.01184674
Dmytrivka,s1__vv__baseline__skewness__max,0.0016546249,0.00082766026
Dmytrivka,s1__vv__baseline__skewness__max_abs_delta,0.024029374,0.012087483
Dmytrivka,s1__vv__baseline__std__mean,0.008460283,0.0042391694
Dmytrivka,s1__vv__baseline__std__p10,0.003299594,0.001651158
Dmytrivka,s1__vv__baseline__std__p50,0.008149505,0.0040830974
Dmytrivka,s1__vv__baseline__std__p90,0.02378869,0.011965666
Dmytrivka,s1__vv__baseline__std__std,0.041908026,0.021176644
Dmytrivka,s1__vv__baseline__std__min,0.0027656555,0.0013837677
Dmytrivka,s1__vv__baseline__std__max,0.021095514,0.010603705
Dmytrivka,s1__vv__baseline__std__max_abs_delta,0.03446877,0.017384622
Dmytrivka,s1__coh__baseline__count__mean,0.0020461082,0.0010236072
Dmytrivka,s1__coh__baseline__count__p10,0.004440427,0.0022226966
Dmytrivka,s1__coh__baseline__count__std,0.0027436018,0.0013727847
Dmytrivka,s1__coh__baseline__count__min,0.007475972,0.0037449363
Dmytrivka,s1__coh__baseline__count__max_abs_delta,0.007475972,0.0037449363
Dmytrivka,s1__coh__baseline__max__mean,0.0062742233,0.0031419897
Dmytrivka,s1__coh__baseline__max__p10,0.00831151,0.004164466
Dmytrivka,s1__coh__baseline__max__p50,0.0044463873,0.0022256945
Dmytrivka,s1__coh__baseline__max__p90,0.0035532713,0.0017783241
Dmytrivka,s1__coh__baseline__max__std,0.005467415,0.0027374018
Dmytrivka,s1__coh__baseline__max__min,0.008236885,0.004126919
Dmytrivka,s1__coh__baseline__max__max,0.005797863,0.0029031318
Dmytrivka,s1__coh__baseline__max__max_abs_delta,0.00507915,0.002542809
Dmytrivka,s1__coh__baseline__mean__mean,0.007872105,0.0039438275
Dmytrivka,s1__coh__baseline__mean__p10,0.0089895725,0.004504863
Dmytrivka,s1__coh__baseline__mean__p50,0.008630395,0.004324514
Dmytrivka,s1__coh__baseline__mean__p90,0.0030697584,0.0015360785
Dmytrivka,s1__coh__baseline__mean__std,0.002653122,0.0013274555
Dmytrivka,s1__coh__baseline__mean__min,0.009923458,0.004974107
Dmytrivka,s1__coh__baseline__mean__max,0.003030777,0.0015165792
Dmytrivka,s1__coh__baseline__mean__max_abs_delta,0.0022073984,0.0011043126
Dmytrivka,s1__coh__baseline__median__mean,0.0075314045,0.00377273
Dmytrivka,s1__coh__baseline__median__p10,0.009753346,0.0048886365
Dmytrivka,s1__coh__baseline__median__p50,0.007755995,0.0038855395
Dmytrivka,s1__coh__baseline__median__p90,0.003017664,0.0015099687
Dmytrivka,s1__coh__baseline__median__std,0.0042021275,0.002103326
Dmytrivka,s1__coh__baseline__median__min,0.010556102,0.0052920454
Dmytrivka,s1__coh__baseline__median__max,0.0021874905,0.0010943256
Dmytrivka,s1__coh__baseline__median__max_abs_delta,0.004194975,0.0020996984
Dmytrivka,s1__coh__baseline__min__mean,0.008109212,0.0040629124
Dmytrivka,s1__coh__baseline__min__p10,0.0085811615,0.0042997636
Dmytrivka,s1__coh__baseline__min__p50,0.009889126,0.0049568824
Dmytrivka,s1__coh__baseline__min__p90,0.0037781,0.0018908575
Dmytrivka,s1__coh__baseline__min__std,0.0005413294,0.00027063995
Dmytrivka,s1__coh__baseline__min__min,0.0074476004,0.003730747
Dmytrivka,s1__coh__baseline__min__max,0.0029473305,0.0014747521
Dmytrivka,s1__coh__baseline__min__max_abs_delta,0.0003851652,0.00019262626
Dmytrivka,s1__coh__baseline__std__mean,0.005359173,0.0026831715
Dmytrivka,s1__coh__baseline__std__p10,0.0039138794,0.0019589127
Dmytrivka,s1__coh__baseline__std__p50,0.007583618,0.0037989775
Dmytrivka,s1__coh__baseline__std__p90,0.006231785,0.0031207472
Dmytrivka,s1__coh__baseline__std__std,0.004630208,0.0023177564
Dmytrivka,s1__coh__baseline__std__min,0.0033379793,0.0016704578
Dmytrivka,s1__coh__baseline__std__max,0.0062686205,0.0031392449
Dmytrivka,s1__coh__baseline__std__max_abs_delta,0.0036702156,0.0018368366
Hostomel,s1__vh__baseline__kurtosis__mean,0.0013625622,0.00068148505
Hostomel,s1__vh__baseline__kurtosis__p10,0.0006842613,0.00034224225
Hostomel,s1__vh__baseline__kurtosis__p50,0.0015425682,0.0007716456
Hostomel,s1__vh__baseline__kurtosis__p90,0.000797987,0.0003991139
Hostomel,s1__vh__baseline__kurtosis__std,0.00059604645,0.00029798353
Hostomel,s1__vh__baseline__kurtosis__min,0.0011488199,0.00057455787
Hostomel,s1__vh__baseline__kurtosis__max,0.0013495684,0.00067496777
Hostomel,s1__vh__baseline__kurtosis__max_abs_delta,0.0008684397,0.0004343482
Hostomel,s1__vh__baseline__max__mean,0.0040495396,0.0020268906
Hostomel,s1__vh__baseline__max__p10,0.0073925257,0.0037031765
Hostomel,s1__vh__baseline__max__p50,0.004078746,0.0020414519
Hostomel,s1__vh__baseline__max__p90,0.001660347,0.0008304724
Hostomel,s1__vh__baseline__max__std,0.0016007423,0.0008006868
Hostomel,s1__vh__baseline__max__min,0.008387327,0.004202427
Hostomel,s1__vh__baseline__max__max,0.0012164116,0.0006083486
Hostomel,s1__vh__baseline__max__max_abs_delta,0.00093364716,0.0004670031
Hostomel,s1__vh__baseline__mean__mean,0.0033037663,0.0016531993
Hostomel,s1__vh__baseline__mean__p10,0.006688595,0.0033499864
Hostomel,s1__vh__baseline__mean__p50,0.0032601357,0.0016314228
Hostomel,s1__vh__baseline__mean__p90,0.0012270212,0.0006136576
Hostomel,s1__vh__baseline__mean__std,0.000531435,0.00026577243
Hostomel,s1__vh__baseline__mean__min,0.006906271,0.0034590801
Hostomel,s1__vh__baseline__mean__max,0.00096154213,0.00048096565
Hostomel,s1__vh__baseline__mean__max_abs_delta,0.0001705885,8.534004e-05
Hostomel,s1__vh__baseline__median__mean,0.0030298233,0.0015161254
Hostomel,s1__vh__baseline__median__p10,0.005662799,0.0028354712
Hostomel,s1__vh__baseline__median__p50,0.0027230978,0.0013624887
Hostomel,s1__vh__baseline__median__p90,0.0011503696,0.0005753674
Hostomel,s1__vh__baseline__median__std,0.00048673153,0.00024336661
Hostomel,s1__vh__baseline__median__min,0.0069470406,0.0034795445
Hostomel,s1__vh__baseline__median__max,0.0009126663,0.0004564599
Hostomel,s1__vh__baseline__median__max_abs_delta,0.0001232624,6.157446e-05
Hostomel,s1__vh__baseline__min__mean,0.0030548573,0.0015285894
Hostomel,s1__vh__baseline__min__p10,0.005099535,0.002553101
Hostomel,s1__vh__baseline__min__p50,0.002845049,0.0014235338
Hostomel,s1__vh__baseline__min__p90,0.0013241768,0.0006622316
Hostomel,s1__vh__baseline__min__std,0.000672698,0.0003364317
Hostomel,s1__vh__baseline__min__min,0.0055812597,0.0027945722
Hostomel,s1__vh__baseline__min__max,0.0012934208,0.0006470054
Hostomel,s1__vh__baseline__min__max_abs_delta,0.00044596195,0.00022298779
Hostomel,s1__vh__baseline__skewness__mean,0.00021731853,0.0001086448
Hostomel,s1__vh__baseline__skewness__p10,0.00082838535,0.0004142854
Hostomel,s1__vh__baseline__skewness__p50,0.00038683414,0.00019342665
Hostomel,s1__vh__baseline__skewness__p90,2.7060509e-05,1.355407e-05
Hostomel,s1__vh__baseline__skewness__std,0.0005823374,0.00029117294
Hostomel,s1__vh__baseline__skewness__min,0.0008981228,0.00044923692
Hostomel,s1__vh__baseline__skewness__max,0.00029277802,0.00014635568
Hostomel,s1__vh__baseline__skewness__max_abs_delta,0.00015997887,7.997269e-05
Hostomel,s1__vh__baseline__std__mean,0.0071229935,0.0035677757
Hostomel,s1__vh__baseline__std__p10,0.0044543743,0.002229671
Hostomel,s1__vh__baseline__std__p50,0.00720191,0.003607477
Hostomel,s1__vh__baseline__std__p90,0.008182764,0.004099806
Hostomel,s1__vh__baseline__std__std,0.0029228926,0.001462487
Hostomel,s1__vh__baseline__std__min,0.0032674074,0.0016350198
Hostomel,s1__vh__baseline__std__max,0.007484317,0.0037492323
Hostomel,s1__vh__baseline__std__max_abs_delta,0.0027080774,0.0013549672
Hostomel,s1__vv__baseline__kurtosis__mean,0.0006952286,0.0003476538
Hostomel,s1__vv__baseline__kurtosis__p10,0.00056672096,0.00028336744
Hostomel,s1__vv__baseline__kurtosis__p50,0.0003875494,0.00019376348
Hostomel,s1__vv__baseline__kurtosis__p90,0.00088214874,0.0004411924
Hostomel,s1__vv__baseline__kurtosis__std,0.00052821636,0.00026409942
Hostomel,s1__vv__baseline__kurtosis__min,0.00030326843,0.00015161933
Hostomel,s1__vv__baseline__kurtosis__max,0.00052690506,0.00026344918
Hostomel,s1__vv__baseline__kurtosis__max_abs_delta,0.0018254519,0.00091311015
Hostomel,s1__vv__baseline__max__mean,0.014060855,0.007055292
Hostomel,s1__vv__baseline__max__p10,0.019175291,0.009633887
Hostomel,s1__vv__baseline__max__p50,0.013253927,0.0066489754
Hostomel,s1__vv__baseline__max__p90,0.008271933,0.0041445876
Hostomel,s1__vv__baseline__max__std,0.0026026964,0.0013022397
Hostomel,s1__vv__baseline__max__min,0.020673871,0.010390773
Hostomel,s1__vv__baseline__max__max,0.006507039,0.0032587824
Hostomel,s1__vv__baseline__max__max_abs_delta,0.002459526,0.0012305522
Hostomel,s1__vv__baseline__mean__mean,0.012520671,0.0062799877
Hostomel,s1__vv__baseline__mean__p10,0.017641783,0.008860027
Hostomel,s1__vv__baseline__mean__p50,0.012733221,0.0063869786
Hostomel,s1__vv__baseline__mean__p90,0.006527424,0.0032690922
Hostomel,s1__vv__baseline__mean__std,0.0050162077,0.002511285
Hostomel,s1__vv__baseline__mean__min,0.019441009,0.009768052
Hostomel,s1__vv__baseline__mean__max,0.0051475763,0.0025770932
Hostomel,s1__vv__baseline__mean__max_abs_delta,0.0050246716,0.0025154552
Hostomel,s1__vv__baseline__median__mean,0.012053132,0.0060448823
Hostomel,s1__vv__baseline__median__p10,0.017629862,0.008854003
Hostomel,s1__vv__baseline__median__p50,0.0120328665,0.0060345726
Hostomel,s1__vv__baseline__median__p90,0.0062978268,0.0031538864
Hostomel,s1__vv__baseline__median__std,0.004496932,0.0022510374
Hostomel,s1__vv__baseline__median__min,0.01886642,0.009477973
Hostomel,s1__vv__baseline__median__max,0.0049768686,0.0024915452
Hostomel,s1__vv__baseline__median__max_abs_delta,0.0045268536,0.0022659826
Hostomel,s1__vv__baseline__min__mean,0.009762764,0.004893328
Hostomel,s1__vv__baseline__min__p10,0.014260888,0.00715599
Hostomel,s1__vv__baseline__min__p50,0.010151863,0.0050888862
Hostomel,s1__vv__baseline__min__p90,0.003986001,0.0019949363
Hostomel,s1__vv__baseline__min__std,0.0064071417,0.0032087164
Hostomel,s1__vv__baseline__min__min,0.014832616,0.007443963
Hostomel,s1__vv__baseline__min__max,0.0031176805,0.0015600701
Hostomel,s1__vv__baseline__min__max_abs_delta,0.006881118,0.003446466
Hostomel,s1__vv__baseline__skewness__mean,0.0003131628,0.00015665611
Hostomel,s1__vv__baseline__skewness__p10,0.00031483173,0.00015747815
Hostomel,s1__vv__baseline__skewness__p50,0.00033581257,0.00016792666
Hostomel,s1__vv__baseline__skewness__p90,0.0007715225,0.0003858272
Hostomel,s1__vv__baseline__skewness__std,0.001757741,0.0008792513
Hostomel,s1__vv__baseline__skewness__min,0.00061130524,0.00030566577
Hostomel,s1__vv__baseline__skewness__max,0.0006053448,0.000302714
Hostomel,s1__vv__baseline__skewness__max_abs_delta,0.0011464357,0.0005734778
Hostomel,s1__vv__baseline__std__mean,0.0019882917,0.0009947
Hostomel,s1__vv__baseline__std__p10,0.0010998249,0.0005500748
Hostomel,s1__vv__baseline__std__p50,0.0021258593,0.0010634217
Hostomel,s1__vv__baseline__std__p90,0.0020924807,0.0010468531
Hostomel,s1__vv__baseline__std__std,0.0024261475,0.0012137957
Hostomel,s1__vv__baseline__std__min,0.0005414486,0.00027071463
Hostomel,s1__vv__baseline__std__max,0.0026783943,0.0013401349
Hostomel,s1__vv__baseline__std__max_abs_delta,0.0024775267,0.0012394581
Hostomel,s1__coh__baseline__count__mean,0.0033279657,0.001665344
Hostomel,s1__coh__baseline__count__p10,0.020952225,0.010531326
Hostomel,s1__coh__baseline__count__p50,0.0015798807,0.0007902477
Hostomel,s1__coh__baseline__count__p90,0.0036885738,0.0018460384
Hostomel,s1__coh__baseline__count__std,0.12715721,0.06568971
Hostomel,s1__coh__baseline__count__min,0.02826786,0.0142347915
Hostomel,s1__coh__baseline__count__max,0.0011895895,0.0005949779
Hostomel,s1__coh__baseline__count__max_abs_delta,0.124305844,0.06416843
Hostomel,s1__coh__baseline__max__mean,0.03129673,0.015772082
Hostomel,s1__coh__baseline__max__p10,0.019916415,0.010008134
Hostomel,s1__coh__baseline__max__p50,0.03565216,0.017986918
Hostomel,s1__coh__baseline__max__p90,0.030982733,0.015612587
Hostomel,s1__coh__baseline__max__std,0.018601537,0.00934422
Hostomel,s1__coh__baseline__max__min,0.014894247,0.007474967
Hostomel,s1__coh__baseline__max__max,0.048686624,0.024644598
Hostomel,s1__coh__baseline__max__max_abs_delta,0.02171743,0.0109180845
Hostomel,s1__coh__baseline__mean__mean,0.032440662,0.016353399
Hostomel,s1__coh__baseline__mean__p10,0.025974631,0.013072385
Hostomel,s1__coh__baseline__mean__p50,0.0302943,0.015263038
Hostomel,s1__coh__baseline__mean__p90,0.03377676,0.017032607
Hostomel,s1__coh__baseline__mean__std,0.023855448,0.011999409
Hostomel,s1__coh__baseline__mean__min,0.023933768,0.012039088
Hostomel,s1__coh__baseline__mean__max,0.03621459,0.01827326
Hostomel,s1__coh__baseline__mean__max_abs_delta,0.026608586,0.013393542
Hostomel,s1__coh__baseline__median__mean,0.03225541,0.016259229
Hostomel,s1__coh__baseline__median__p10,0.02479148,0.012473218
Hostomel,s1__coh__baseline__median__p50,0.029155374,0.01468496
Hostomel,s1__coh__baseline__median__p90,0.037490964,0.01892337
Hostomel,s1__coh__baseline__median__std,0.029685974,0.014954185
Hostomel,s1__coh__baseline__median__min,0.028276563,0.014239206
Hostomel,s1__coh__baseline__median__max,0.03879881,0.019590095
Hostomel,s1__coh__baseline__median__max_abs_delta,0.036478758,0.018407827
Hostomel,s1__coh__baseline__min__mean,0.029742837,0.014983153
Hostomel,s1__coh__baseline__min__p10,0.030588984,0.015412653
Hostomel,s1__coh__baseline__min__p50,0.022142053,0.011132765
Hostomel,s1__coh__baseline__min__p90,0.03024292,0.015236873
Hostomel,s1__coh__baseline__min__std,0.028486371,0.014345625
Hostomel,s1__coh__baseline__min__min,0.03369665,0.01699187
Hostomel,s1__coh__baseline__min__max,0.030129313,0.015179219
Hostomel,s1__coh__baseline__min__max_abs_delta,0.031002283,0.015622578
Hostomel,s1__coh__baseline__std__mean,0.016690612,0.0083803125
Hostomel,s1__coh__baseline__std__p10,0.023522615,0.011830977
Hostomel,s1__coh__baseline__std__p50,0.012088895,0.0060627377
Hostomel,s1__coh__baseline__std__p90,0.020665646,0.010386626
Hostomel,s1__coh__baseline__std__std,0.041386962,0.020910569
Hostomel,s1__coh__baseline__std__min,0.02104783,0.010579739
Hostomel,s1__coh__baseline__std__max,0.024375796,0.012262795
Hostomel,s1__coh__baseline__std__max_abs_delta,0.02991283,0.015069418
Irpin,s1__vh__baseline__kurtosis__mean,0.0021920204,0.0010966385
Irpin,s1__vh__baseline__kurtosis__p10,0.0024632215,0.001232389
Irpin,s1__vh__baseline__kurtosis__p50,0.0021979809,0.0010995829
Irpin,s1__vh__baseline__kurtosis__p90,0.0006891489,0.00034461403
Irpin,s1__vh__baseline__kurtosis__std,0.0004580021,0.00022900834
Irpin,s1__vh__baseline__kurtosis__min,0.003798604,0.001901182
Irpin,s1__vh__baseline__kurtosis__max,0.00037622452,0.00018807572
Irpin,s1__vh__baseline__kurtosis__max_abs_delta,0.0012357235,0.00061801425
Irpin,s1__vh__baseline__max__mean,0.008197069,0.004106861
Irpin,s1__vh__baseline__max__p10,0.012060761,0.006048634
Irpin,s1__vh__baseline__max__p50,0.0067265034,0.003368927
Irpin,s1__vh__baseline__max__p90,0.0052257776,0.0026162267
Irpin,s1__vh__baseline__max__std,0.0020780563,0.0010395086
Irpin,s1__vh__baseline__max__min,0.011288881,0.005660484
Irpin,s1__vh__baseline__max__max,0.003514886,0.001758976
Irpin,s1__vh__baseline__max__max_abs_delta,0.0020519495,0.0010264678
Irpin,s1__vh__baseline__mean__mean,0.0077135563,0.0038642506
Irpin,s1__vh__baseline__mean__p10,0.011144519,0.005587866
Irpin,s1__vh__baseline__mean__p50,0.00655365,0.0032822113
Irpin,s1__vh__baseline__mean__p90,0.0053548813,0.0026809964
Irpin,s1__vh__baseline__mean__std,0.00014972687,7.48802e-05
Irpin,s1__vh__baseline__mean__min,0.011728048,0.0058813016
Irpin,s1__vh__baseline__mean__max,0.0042259693,0.0021152033
Irpin,s1__vh__baseline__mean__max_abs_delta,0.00032496452,0.00016244497
Irpin,s1__vh__baseline__median__mean,0.0077861547,0.0039006674
Irpin,s1__vh__baseline__median__p10,0.010697484,0.0053630294
Irpin,s1__vh__baseline__median__p50,0.006408334,0.0032092454
Irpin,s1__vh__baseline__median__p90,0.0061481,0.0030788817
Irpin,s1__vh__baseline__median__std,0.00020253658,0.00010125777
Irpin,s1__vh__baseline__median__min,0.010267377,0.005146954
Irpin,s1__vh__baseline__median__max,0.004555106,0.0022802434
Irpin,s1__vh__baseline__median__max_abs_delta,2.4318695e-05,1.2136613e-05
Irpin,s1__vh__baseline__min__mean,0.0066457987,0.00332838
Irpin,s1__vh__baseline__min__p10,0.009455919,0.004739172
Irpin,s1__vh__baseline__min__p50,0.0056636333,0.0028358728
Irpin,s1__vh__baseline__min__p90,0.0038266182,0.0019151818
Irpin,s1__vh__baseline__min__std,0.0015467405,0.00077365607
Irpin,s1__vh__baseline__min__min,0.009877324,0.0049508936
Irpin,s1__vh__baseline__min__max,0.0031778812,0.0015901825
Irpin,s1__vh__baseline__min__max_abs_delta,0.0011863708,0.000593403
Irpin,s1__vh__baseline__skewness__mean,0.00043308735,0.0002165862
Irpin,s1__vh__baseline__skewness__p10,0.0010291338,0.00051468774
Irpin,s1__vh__baseline__skewness__p50,0.0010836124,0.0005418673
Irpin,s1__vh__baseline__skewness__p90,0.00021481514,0.000107408974
Irpin,s1__vh__baseline__skewness__std,0.0020557642,0.0010284603
Irpin,s1__vh__baseline__skewness__min,0.0014050007,0.00070269464
Irpin,s1__vh__baseline__skewness__max,0.00016331673,8.1627055e-05
Irpin,s1__vh__baseline__skewness__max_abs_delta,0.00048673153,0.00024338358
Irpin,s1__vh__baseline__std__mean,0.003047347,0.0015249348
Irpin,s1__vh__baseline__std__p10,0.0020073652,0.0010042642
Irpin,s1__vh__baseline__std__p50,0.0043239594,0.0021643278
Irpin,s1__vh__baseline__std__p90,0.0036699772,0.0018366582
Irpin,s1__vh__baseline__std__std,0.0026608706,0.0013312656
Irpin,s1__vh__baseline__std__min,0.0013767481,0.0006886679
Irpin,s1__vh__baseline__std__max,0.0023504496,0.0011759208
Irpin,s1__vh__baseline__std__max_abs_delta,0.0016806126,0.0008406322
Irpin,s1__vv__baseline__kurtosis__mean,0.0027563572,0.0013791395
Irpin,s1__vv__baseline__kurtosis__p10,0.0034079552,0.0017053729
Irpin,s1__vv__baseline__kurtosis__p50,0.0027028322,0.0013523248
Irpin,s1__vv__baseline__kurtosis__p90,0.0025315285,0.0012665443
Irpin,s1__vv__baseline__kurtosis__std,0.0029636621,0.0014828494
Irpin,s1__vv__baseline__kurtosis__min,0.0032544136,0.0016284714
Irpin,s1__vv__baseline__kurtosis__max,0.0016769171,0.00083877146
Irpin,s1__vv__baseline__kurtosis__max_abs_delta,0.0019648075,0.0009828665
Irpin,s1__vv__baseline__max__mean,0.0005161762,0.00025804364
Irpin,s1__vv__baseline__max__p10,0.0017133951,0.00085701793
Irpin,s1__vv__baseline__max__p50,0.0005978346,0.0002988866
Irpin,s1__vv__baseline__max__p90,4.7922134e-05,2.3946373e-05
Irpin,s1__vv__baseline__max__std,0.0017516613,0.00087618723
Irpin,s1__vv__baseline__max__min,0.001920104,0.0009604397
Irpin,s1__vv__baseline__max__max,1.5497208e-06,7.4412543e-07
Irpin,s1__vv__baseline__max__max_abs_delta,0.0015091896,0.0007548934
Irpin,s1__vv__baseline__mean__mean,0.0005944967,0.00029721082
Irpin,s1__vv__baseline__mean__p10,0.0013372898,0.00066879083
Irpin,s1__vv__baseline__mean__p50,0.00069212914,0.00034621463
Irpin,s1__vv__baseline__mean__p90,8.535385e-05,4.2680433e-05
Irpin,s1__vv__baseline__mean__std,0.002661109,0.0013314981
Irpin,s1__vv__baseline__mean__min,0.0015985966,0.0007995801
Irpin,s1__vv__baseline__mean__max,1.4662743e-05,7.28971e-06
Irpin,s1__vv__baseline__mean__max_abs_delta,0.0023794174,0.0011903737
Irpin,s1__vv__baseline__median__mean,0.00075542927,0.00037782727
Irpin,s1__vv__baseline__median__p10,0.0012630224,0.0006317806
Irpin,s1__vv__baseline__median__p50,0.0011307001,0.0005654789
Irpin,s1__vv__baseline__median__p90,0.00016796589,8.39771e-05
Irpin,s1__vv__baseline__median__std,0.003034234,0.0015183587
Irpin,s1__vv__baseline__median__min,0.0011645555,0.00058243657
Irpin,s1__vv__baseline__median__max,5.4121017e-05,2.708843e-05
Irpin,s1__vv__baseline__median__max_abs_delta,0.0025417805,0.001271596
Irpin,s1__vv__baseline__min__mean,0.00012755394,6.370123e-05
Irpin,s1__vv__baseline__min__p10,0.0004962683,0.0002481531
Irpin,s1__vv__baseline__min__p50,0.00015318394,7.666104e-05
Irpin,s1__vv__baseline__min__p90,2.0861626e-05,1.0389527e-05
Irpin,s1__vv__baseline__min__std,0.005512595,0.0027600967
Irpin,s1__vv__baseline__min__min,0.0006247759,0.00031238416
Irpin,s1__vv__baseline__min__max,5.018711e-05,2.5047435e-05
Irpin,s1__vv__baseline__min__max_abs_delta,0.005266428,0.0026366785
Irpin,s1__vv__baseline__skewness__mean,0.002858758,0.001430314
Irpin,s1__vv__baseline__skewness__p10,0.003700614,0.0018520649
Irpin,s1__vv__baseline__skewness__p50,0.0023378134,0.0011695577
Irpin,s1__vv__baseline__skewness__p90,0.002005577,0.0010033523
Irpin,s1__vv__baseline__skewness__std,0.0008544922,0.00042736446
Irpin,s1__vv__baseline__skewness__min,0.0037909746,0.0018973454
Irpin,s1__vv__baseline__skewness__max,0.0013488531,0.0006746305
Irpin,s1__vv__baseline__skewness__max_abs_delta,0.0007737875,0.00038702256
Irpin,s1__vv__baseline__std__mean,0.007515073,0.0037645986
Irpin,s1__vv__baseline__std__p10,0.0029342175,0.0014681495
Irpin,s1__vv__baseline__std__p50,0.0055377483,0.0027726714
Irpin,s1__vv__baseline__std__p90,0.01135397,0.005693127
Irpin,s1__vv__baseline__std__std,0.007768631,0.003891843
Irpin,s1__vv__baseline__std__min,0.00172472,0.000862676
Irpin,s1__vv__baseline__std__max,0.007147193,0.0035799658
Irpin,s1__vv__baseline__std__max_abs_delta,0.003846407,0.0019250633
Irpin,s1__coh__baseline__count__mean,0.043018103,0.021743676
Irpin,s1__coh__baseline__count__p10,0.04189229,0.02116863
Irpin,s1__coh__baseline__count__p50,0.046743512,0.023649227
Irpin,s1__coh__baseline__count__p90,0.102335334,0.052523177
Irpin,s1__coh__baseline__count__std,0.0014996529,0.0007500541
Irpin,s1__coh__baseline__count__min,0.013361216,0.0067029754
Irpin,s1__coh__baseline__count__max,0.06115234,0.031053359
Irpin,s1__coh__baseline__count__max_abs_delta,0.00024342537,0.00012167625
Irpin,s1__coh__baseline__max__mean,0.0035487413,0.0017759185
Irpin,s1__coh__baseline__max__p10,0.005445957,0.0027267053
Irpin,s1__coh__baseline__max__p50,0.0036232471,0.0018132132
Irpin,s1__coh__baseline__max__p90,0.0019395351,0.00097025186
Irpin,s1__coh__baseline__max__std,0.0045547485,0.0022799766
Irpin,s1__coh__baseline__max__min,0.002709508,0.0013556497
Irpin,s1__coh__baseline__max__max,0.0017569065,0.00087885535
Irpin,s1__coh__baseline__max__max_abs_delta,0.0026210546,0.0013114419
Irpin,s1__coh__baseline__mean__mean,0.0027641058,0.0013830279
Irpin,s1__coh__baseline__mean__p10,0.0043483973,0.0021766033
Irpin,s1__coh__baseline__mean__p50,0.0021653175,0.001083262
Irpin,s1__coh__baseline__mean__p90,0.0015522242,0.00077644276
Irpin,s1__coh__baseline__mean__std,0.001691103,0.00084588886
Irpin,s1__coh__baseline__mean__min,0.0015442371,0.0007724548
Irpin,s1__coh__baseline__mean__max,0.0004774332,0.00023875308
Irpin,s1__coh__baseline__mean__max_abs_delta,0.001090765,0.0005455093
Irpin,s1__coh__baseline__median__mean,0.00096452236,0.00048236217
Irpin,s1__coh__baseline__median__p10,0.00066781044,0.00033403063
Irpin,s1__coh__baseline__median__p50,0.00026762486,0.00013375061
Irpin,s1__coh__baseline__median__p90,0.0014343262,0.00071742706
Irpin,s1__coh__baseline__median__std,0.002667904,0.0013348715
Irpin,s1__coh__baseline__median__min,0.00029706955,0.00014851258
Irpin,s1__coh__baseline__median__max,0.0001707077,8.5413834e-05
Irpin,s1__coh__baseline__median__max_abs_delta,0.0013827085,0.0006916014
Irpin,s1__coh__baseline__min__mean,0.0062862635,0.003148064
Irpin,s1__coh__baseline__min__p10,0.0075306892,0.0037723882
Irpin,s1__coh__baseline__min__p50,0.006411314,0.0032108102
Irpin,s1__coh__baseline__min__p90,0.0019162893,0.0009586162
Irpin,s1__coh__baseline__min__std,6.687641e-05,3.3402812e-05
Irpin,s1__coh__baseline__min__min,0.0112531185,0.0056424392
Irpin,s1__coh__baseline__min__max,0.0021545887,0.001077815
Irpin,s1__coh__baseline__min__max_abs_delta,2.670288e-05,1.3293745e-05
Irpin,s1__coh__baseline__std__mean,0.0071647167,0.00358881
Irpin,s1__coh__baseline__std__p10,0.002281785,0.0011416017
Irpin,s1__coh__baseline__std__p50,0.007953882,0.0039848685
Irpin,s1__coh__baseline__std__p90,0.0062408447,0.0031253388
Irpin,s1__coh__baseline__std__std,0.00086236,0.0004312936
Irpin,s1__coh__baseline__std__min,0.0021930933,0.0010971832
Irpin,s1__coh__baseline__std__max,0.007956386,0.003986082
Irpin,s1__coh__baseline__std__max_abs_delta,0.00091934204,0.00045972702
Kharkiv,s1__vh__baseline__kurtosis__mean,0.003515482,0.0017592562
Kharkiv,s1__vh__baseline__kurtosis__p10,0.0012769699,0.00063875853
Kharkiv,s1__vh__baseline__kurtosis__p50,0.0023943186,0.0011978638
Kharkiv,s1__vh__baseline__kurtosis__p90,0.006513953,0.0032622674
Kharkiv,s1__vh__baseline__kurtosis__std,0.006249547,0.0031297053
Kharkiv,s1__vh__baseline__kurtosis__min,0.0015757084,0.0007882531
Kharkiv,s1__vh__baseline__kurtosis__max,0.0044817924,0.0022433393
Kharkiv,s1__vh__baseline__kurtosis__max_abs_delta,0.0021095276,0.0010553321
Kharkiv,s1__vh__baseline__max__mean,0.022754788,0.011442571
Kharkiv,s1__vh__baseline__max__p10,0.027242303,0.013714737
Kharkiv,s1__vh__baseline__max__p50,0.02408266,0.012114473
Kharkiv,s1__vh__baseline__max__p90,0.018297434,0.009190854
Kharkiv,s1__vh__baseline__max__std,0.019930959,0.01001554
Kharkiv,s1__vh__baseline__max__min,0.02716291,0.0136745395
Kharkiv,s1__vh__baseline__max__max,0.015200019,0.0076289703
Kharkiv,s1__vh__baseline__max__max_abs_delta,0.018432379,0.009258912
Kharkiv,s1__vh__baseline__mean__mean,0.02465427,0.012403708
Kharkiv,s1__vh__baseline__mean__p10,0.026295543,0.013234892
Kharkiv,s1__vh__baseline__mean__p50,0.026944637,0.013563992
Kharkiv,s1__vh__baseline__mean__p90,0.019059062,0.0095752
Kharkiv,s1__vh__baseline__mean__std,0.01596725,0.008015757
Kharkiv,s1__vh__baseline__mean__min,0.026181102,0.013177013
Kharkiv,s1__vh__baseline__mean__max,0.015374422,0.007716923
Kharkiv,s1__vh__baseline__mean__max_abs_delta,0.015283704,0.00767119
Kharkiv,s1__vh__baseline__median__mean,0.022506833,0.011317149
Kharkiv,s1__vh__baseline__median__p10,0.02437079,0.012260279
Kharkiv,s1__vh__baseline__median__p50,0.024307966,0.012228359
Kharkiv,s1__vh__baseline__median__p90,0.015850186,0.007956652
Kharkiv,s1__vh__baseline__median__std,0.014318466,0.007184987
Kharkiv,s1__vh__baseline__median__min,0.02208066,0.011101727
Kharkiv,s1__vh__baseline__median__max,0.013776064,0.00691183
Kharkiv,s1__vh__baseline__median__max_abs_delta,0.0146176815,0.0073357173
Kharkiv,s1__vh__baseline__min__mean,0.026558042,0.013367967
Kharkiv,s1__vh__baseline__min__p10,0.02484107,0.01249831
Kharkiv,s1__vh__baseline__min__p50,0.026751041,0.013465846
Kharkiv,s1__vh__baseline__min__p90,0.022685766,0.011407778
Kharkiv,s1__vh__baseline__min__std,0.01390028,0.0069744117
Kharkiv,s1__vh__baseline__min__min,0.027167559,0.0136768725
Kharkiv,s1__vh__baseline__min__max,0.018982053,0.009536429
Kharkiv,s1__vh__baseline__min__max_abs_delta,0.013418078,0.0067316503
Kharkiv,s1__vh__baseline__skewness__mean,0.0021660328,0.0010835722
Kharkiv,s1__vh__baseline__skewness__p10,0.0020486116,0.0010247647
Kharkiv,s1__vh__baseline__skewness__p50,0.0003604889,0.00018022508
Kharkiv,s1__vh__baseline__skewness__p90,0.008004904,0.0040104734
Kharkiv,s1__vh__baseline__skewness__std,0.0072370768,0.0036250483
Kharkiv,s1__vh__baseline__skewness__min,0.0007997751,0.00039997546
Kharkiv,s1__vh__baseline__skewness__max,0.0076345205,0.003824502
Kharkiv,s1__vh__baseline__skewness__max_abs_delta,0.005438328,0.002722917
Kharkiv,s1__vh__baseline__std__mean,0.0025179386,0.0012597588
Kharkiv,s1__vh__baseline__std__p10,0.0013072491,0.0006538814
Kharkiv,s1__vh__baseline__std__p50,0.0015444756,0.0007725768
Kharkiv,s1__vh__baseline__std__p90,0.0052359104,0.002621377
Kharkiv,s1__vh__baseline__std__std,0.006161928,0.0030857755
Kharkiv,s1__vh__baseline__std__min,0.00033175945,0.00016583753
Kharkiv,s1__vh__baseline__std__max,0.0074607134,0.003737309
Kharkiv,s1__vh__baseline__std__max_abs_delta,0.0071644783,0.0035886012
Kharkiv,s1__vv__baseline__kurtosis__mean,0.00093507767,0.00046757972
Kharkiv,s1__vv__baseline__kurtosis__p10,0.0024057627,0.001203607
Kharkiv,s1__vv__baseline__kurtosis__p50,0.00027143955,0.00013580052
Kharkiv,s1__vv__baseline__kurtosis__p90,0.0011222363,0.00056126073
Kharkiv,s1__vv__baseline__kurtosis__std,0.00282228,0.0014121288
Kharkiv,s1__vv__baseline__kurtosis__min,0.0054217577,0.002714601
Kharkiv,s1__vv__baseline__kurtosis__max,0.0001231432,6.154356e-05
Kharkiv,s1__vv__baseline__kurtosis__max_abs_delta,0.001975298,0.0009881571
Kharkiv,s1__vv__baseline__max__mean,0.007897496,0.0039565326
Kharkiv,s1__vv__baseline__max__p10,0.011418939,0.005725729
Kharkiv,s1__vv__baseline__max__p50,0.007193327,0.0036031785
Kharkiv,s1__vv__baseline__max__p90,0.0054272413,0.0027173294
Kharkiv,s1__vv__baseline__max__std,0.001249671,0.00062505656
Kharkiv,s1__vv__baseline__max__min,0.013114929,0.006579037
Kharkiv,s1__vv__baseline__max__max,0.0049649477,0.002485488
Kharkiv,s1__vv__baseline__max__max_abs_delta,0.0007132292,0.00035666832
Kharkiv,s1__vv__baseline__mean__mean,0.010466218,0.0052468195
Kharkiv,s1__vv__baseline__mean__p10,0.0153849125,0.0077221603
Kharkiv,s1__vv__baseline__mean__p50,0.010302782,0.005164691
Kharkiv,s1__vv__baseline__mean__p90,0.007756591,0.0038857518
Kharkiv,s1__vv__baseline__mean__std,0.0027827024,0.0013923626
Kharkiv,s1__vv__baseline__mean__min,0.016388535,0.008228017
Kharkiv,s1__vv__baseline__mean__max,0.006611228,0.0033110417
Kharkiv,s1__vv__baseline__mean__max_abs_delta,0.0036473274,0.0018252751
Kharkiv,s1__vv__baseline__median__mean,0.009888053,0.0049562845
Kharkiv,s1__vv__baseline__median__p10,0.015502691,0.007781584
Kharkiv,s1__vv__baseline__median__p50,0.0093563795,0.0046892273
Kharkiv,s1__vv__baseline__median__p90,0.006513953,0.0032622642
Kharkiv,s1__vv__baseline__median__std,0.0007814169,0.000390833
Kharkiv,s1__vv__baseline__median__min,0.016691446,0.008380786
Kharkiv,s1__vv__baseline__median__max,0.0053128004,0.0026599988
Kharkiv,s1__vv__baseline__median__max_abs_delta,0.0012601614,0.0006303259
Kharkiv,s1__vv__baseline__min__mean,0.013274193,0.0066592004
Kharkiv,s1__vv__baseline__min__p10,0.018364072,0.009224424
Kharkiv,s1__vv__baseline__min__p50,0.012727141,0.0063839667
Kharkiv,s1__vv__baseline__min__p90,0.010807633,0.0054184855
Kharkiv,s1__vv__baseline__min__std,0.009906888,0.0049656807
Kharkiv,s1__vv__baseline__min__min,0.015503049,0.007781786
Kharkiv,s1__vv__baseline__min__max,0.009371877,0.0046969736
Kharkiv,s1__vv__baseline__min__max_abs_delta,0.012381911,0.0062102424
Kharkiv,s1__vv__baseline__skewness__mean,0.003731966,0.0018677827
Kharkiv,s1__vv__baseline__skewness__p10,0.0067750216,0.003393306
Kharkiv,s1__vv__baseline__skewness__p50,0.002504468,0.0012529602
Kharkiv,s1__vv__baseline__skewness__p90,0.002177596,0.0010894065
Kharkiv,s1__vv__baseline__skewness__std,0.0024454594,0.0012234392
Kharkiv,s1__vv__baseline__skewness__min,0.006137848,0.0030736697
Kharkiv,s1__vv__baseline__skewness__max,0.003033042,0.0015176466
Kharkiv,s1__vv__baseline__skewness__max_abs_delta,0.0029933453,0.0014977941
Kharkiv,s1__vv__baseline__std__mean,0.0012803078,0.00064041355
Kharkiv,s1__vv__baseline__std__p10,0.0017943382,0.0008975774
Kharkiv,s1__vv__baseline__std__p50,5.7578087e-05,2.885263e-05
Kharkiv,s1__vv__baseline__std__p90,0.0009870529,0.000493607
Kharkiv,s1__vv__baseline__std__std,0.0121952295,0.00611631
Kharkiv,s1__vv__baseline__std__min,0.002190113,0.0010956423
Kharkiv,s1__vv__baseline__std__max,0.0016000271,0.00080033985
Kharkiv,s1__vv__baseline__std__max_abs_delta,0.0126616955,0.0063510463
Kherson,s1__vh__baseline__kurtosis__mean,0.03779304,0.019077327
Kherson,s1__vh__baseline__kurtosis__p10,0.070070624,0.035663765
Kherson,s1__vh__baseline__kurtosis__p50,0.02393961,0.012042064
Kherson,s1__vh__baseline__kurtosis__p90,0.025028944,0.012593491
Kherson,s1__vh__baseline__kurtosis__std,0.021064758,0.010588231
Kherson,s1__vh__baseline__kurtosis__min,0.05983925,0.03037633
Kherson,s1__vh__baseline__kurtosis__max,0.029911041,0.015068496
Kherson,s1__vh__baseline__kurtosis__max_abs_delta,0.028803349,0.014506383
Kherson,s1__vh__baseline__max__mean,0.07889974,0.04024919
Kherson,s1__vh__baseline__max__p10,0.061484337,0.031224605
Kherson,s1__vh__baseline__max__p50,0.07083082,0.036057793
Kherson,s1__vh__baseline__max__p90,0.11437392,0.05888728
Kherson,s1__vh__baseline__max__std,0.23303688,0.123884805
Kherson,s1__vh__baseline__max__min,0.07258582,0.036967866
Kherson,s1__vh__baseline__max__max,0.12759244,0.06592215
Kherson,s1__vh__baseline__max__max_abs_delta,0.23543656,0.12524395
Kherson,s1__vh__baseline__mean__mean,0.040020347,0.020213056
Kherson,s1__vh__baseline__mean__p10,0.05015552,0.025397582
Kherson,s1__vh__baseline__mean__p50,0.037587643,0.018972637
Kherson,s1__vh__baseline__mean__p90,0.03767705,0.019018168
Kherson,s1__vh__baseline__mean__std,0.07369864,0.037545413
Kherson,s1__vh__baseline__mean__min,0.055211067,0.027993696
Kherson,s1__vh__baseline__mean__max,0.04809904,0.02434344
Kherson,s1__vh__baseline__mean__max_abs_delta,0.09009445,0.046093382
Kherson,s1__vh__baseline__median__mean,0.04804015,0.024313316
Kherson,s1__vh__baseline__median__p10,0.049765825,0.02519765
Kherson,s1__vh__baseline__median__p50,0.048633337,0.02461722
Kherson,s1__vh__baseline__median__p90,0.04717934,0.023872372
Kherson,s1__vh__baseline__median__std,0.00026857853,0.00013429382
Kherson,s1__vh__baseline__median__min,0.054145932,0.027446114
Kherson,s1__vh__baseline__median__max,0.057779074,0.029314999
Kherson,s1__vh__baseline__median__max_abs_delta,0.0012699366,0.000635209
Kherson,s1__vh__baseline__min__mean,0.02515018,0.012654786
Kherson,s1__vh__baseline__min__p10,0.02840674,0.014305237
Kherson,s1__vh__baseline__min__p50,0.029584765,0.014902896
Kherson,s1__vh__baseline__min__p90,0.019827008,0.009963034
Kherson,s1__vh__baseline__min__std,0.05728531,0.029060809
Kherson,s1__vh__baseline__min__min,0.030374527,0.015303751
Kherson,s1__vh__baseline__min__max,0.01825881,0.009171334
Kherson,s1__vh__baseline__min__max_abs_delta,0.02987516,0.015050335
Kherson,s1__vh__baseline__skewness__mean,0.041249752,0.020840596
Kherson,s1__vh__baseline__skewness__p10,0.04924655,0.024931528
Kherson,s1__vh__baseline__skewness__p50,0.062751174,0.031878386
Kherson,s1__vh__baseline__skewness__p90,0.025614023,0.012889737
Kherson,s1__vh__baseline__skewness__std,0.020454884,0.010280067
Kherson,s1__vh__baseline__skewness__min,0.06935632,0.035293665
Kherson,s1__vh__baseline__skewness__max,0.01505053,0.007553818
Kherson,s1__vh__baseline__skewness__max_abs_delta,0.027305007,0.013746557
Kherson,s1__vh__baseline__std__mean,0.044253707,0.022375302
Kherson,s1__vh__baseline__std__p10,0.00607872,0.0030440616
Kherson,s1__vh__baseline__std__p50,0.038131475,0.019249842
Kherson,s1__vh__baseline__std__p90,0.1479013,0.07682773
Kherson,s1__vh__baseline__std__std,0.26785815,0.14378835
Kherson,s1__vh__baseline__std__min,0.006534934,0.0032727616
Kherson,s1__vh__baseline__std__max,0.16036594,0.083580524
Kherson,s1__vh__baseline__std__max_abs_delta,0.26825643,0.14401844
Kherson,s1__vv__baseline__kurtosis__mean,0.047872663,0.024227496
Kherson,s1__vv__baseline__kurtosis__p10,0.025212884,0.012686545
Kherson,s1__vv__baseline__kurtosis__p50,0.019420028,0.009757407
Kherson,s1__vv__baseline__kurtosis__p90,0.15583265,0.08111931
Kherson,s1__vv__baseline__kurtosis__std,0.14362407,0.07452103
Kherson,s1__vv__baseline__kurtosis__min,0.025705576,0.012936096
Kherson,s1__vv__baseline__kurtosis__max,0.14585948,0.07572589
Kherson,s1__vv__baseline__kurtosis__max_abs_delta,0.11442435,0.05891402
Kherson,s1__vv__baseline__max__mean,0.11885655,0.061267354
Kherson,s1__vv__baseline__max__p10,0.06888008,0.035047114
Kherson,s1__vv__baseline__max__p50,0.10285568,0.052797362
Kherson,s1__vv__baseline__max__p90,0.194201,0.10214408
Kherson,s1__vv__baseline__max__std,0.42286253,0.23753566
Kherson,s1__vv__baseline__max__min,0.06385863,0.032450177
Kherson,s1__vv__baseline__max__max,0.2229569,0.11819638
Kherson,s1__vv__baseline__max__max_abs_delta,0.38937116,0.21652246
Kherson,s1__vv__baseline__mean__mean,0.095476985,0.04891554
Kherson,s1__vv__baseline__mean__p10,0.07859123,0.040088616
Kherson,s1__vv__baseline__mean__p50,0.081389904,0.041546132
Kherson,s1__vv__baseline__mean__p90,0.09001863,0.046053752
Kherson,s1__vv__baseline__mean__std,0.023169518,0.011652404
Kherson,s1__vv__baseline__mean__min,0.08889139,0.045463663
Kherson,s1__vv__baseline__mean__max,0.09167206,0.046919644
Kherson,s1__vv__baseline__mean__max_abs_delta,0.021633983,0.010875905
Kherson,s1__vv__baseline__median__mean,0.09442377,0.048362784
Kherson,s1__vv__baseline__median__p10,0.056768417,0.02879484
Kherson,s1__vv__baseline__median__p50,0.089710355,0.045892254
Kherson,s1__vv__baseline__median__p90,0.080762506,0.041219212
Kherson,s1__vv__baseline__median__std,0.32344055,0.17640343
Kherson,s1__vv__baseline__median__min,0.045043945,0.022779439
Kherson,s1__vv__baseline__median__max,0.08167577,0.041695204
Kherson,s1__vv__baseline__median__max_abs_delta,0.274323,0.14752778
Kherson,s1__vv__baseline__min__mean,0.022141576,0.011132582
Kherson,s1__vv__baseline__min__p10,0.048732877,0.024668232
Kherson,s1__vv__baseline__min__p50,0.026076078,0.013123736
Kherson,s1__vv__baseline__min__p90,0.0069048405,0.0034583597
Kherson,s1__vv__baseline__min__std,0.07345641,0.037419748
Kherson,s1__vv__baseline__min__min,0.043076873,0.021773783
Kherson,s1__vv__baseline__min__max,0.0043251514,0.002164981
Kherson,s1__vv__baseline__min__max_abs_delta,0.08728492,0.04462352
Kherson,s1__vv__baseline__skewness__mean,0.022874236,0.011503013
Kherson,s1__vv__baseline__skewness__p10,0.08924353,0.045647904
Kherson,s1__vv__baseline__skewness__p50,0.019417763,0.009756279
Kherson,s1__vv__baseline__skewness__p90,0.011142731,0.0055869035
Kherson,s1__vv__baseline__skewness__std,0.24469721,0.1305058
Kherson,s1__vv__baseline__skewness__min,0.11996043,0.061854392
Kherson,s1__vv__baseline__skewness__max,0.0049551725,0.0024806233
Kherson,s1__vv__baseline__skewness__max_abs_delta,0.1848762,0.0969935
Kherson,s1__vv__baseline__std__mean,0.37503302,0.20765969
Kherson,s1__vv__baseline__std__p10,0.46323764,0.26346925
Kherson,s1__vv__baseline__std__p50,0.36697125,0.20271079
Kherson,s1__vv__baseline__std__p90,0.35157228,0.19332524
Kherson,s1__vv__baseline__std__std,0.3816917,0.21176589
Kherson,s1__vv__baseline__std__min,0.50537956,0.29127482
Kherson,s1__vv__baseline__std__max,0.35675597,0.19647488
Kherson,s1__vv__baseline__std__max_abs_delta,0.33999014,0.18632367
Kramatorsk,s1__vh__baseline__kurtosis__mean,0.00490582,0.0024558944
Kramatorsk,s1__vh__baseline__kurtosis__p10,0.00660789,0.0033094417
Kramatorsk,s1__vh__baseline__kurtosis__p50,0.0018619299,0.0009313636
Kramatorsk,s1__vh__baseline__kurtosis__p90,0.026715279,0.013447682
Kramatorsk,s1__vh__baseline__kurtosis__std,0.012375593,0.0062069707
Kramatorsk,s1__vh__baseline__kurtosis__min,0.013631344,0.0068390504
Kramatorsk,s1__vh__baseline__kurtosis__max,0.0077394247,0.0038771974
Kramatorsk,s1__vh__baseline__kurtosis__max_abs_delta,0.012508512,0.006273874
Kramatorsk,s1__vh__baseline__max__mean,0.23051333,0.122457676
Kramatorsk,s1__vh__baseline__max__p10,0.26790535,0.1438157
Kramatorsk,s1__vh__baseline__max__p50,0.21347523,0.112874836
Kramatorsk,s1__vh__baseline__max__p90,0.16811502,0.08780164
Kramatorsk,s1__vh__baseline__max__std,0.04446721,0.02248444
Kramatorsk,s1__vh__baseline__max__min,0.24388945,0.1300457
Kramatorsk,s1__vh__baseline__max__max,0.121546865,0.06269857
Kramatorsk,s1__vh__baseline__max__max_abs_delta,0.038577557,0.01947718
Kramatorsk,s1__vh__baseline__mean__mean,0.25533354,0.13658375
Kramatorsk,s1__vh__baseline__mean__p10,0.27884293,0.15015033
Kramatorsk,s1__vh__baseline__mean__p50,0.262246,0.14055365
Kramatorsk,s1__vh__baseline__mean__p90,0.18776608,0.09858681
Kramatorsk,s1__vh__baseline__mean__std,0.03873062,0.019555263
Kramatorsk,s1__vh__baseline__mean__min,0.2572813,0.13770081
Kramatorsk,s1__vh__baseline__mean__max,0.13847303,0.07175012
Kramatorsk,s1__vh__baseline__mean__max_abs_delta,0.0446105,0.022557748
Kramatorsk,s1__vh__baseline__median__mean,0.24268174,0.12935826
Kramatorsk,s1__vh__baseline__median__p10,0.2880808,0.15553209
Kramatorsk,s1__vh__baseline__median__p50,0.24762237,0.13217367
Kramatorsk,s1__vh__baseline__median__p90,0.16364837,0.08536636
Kramatorsk,s1__vh__baseline__median__std,0.047056794,0.023809662
Kramatorsk,s1__vh__baseline__median__min,0.26002228,0.13927488
Kramatorsk,s1__vh__baseline__median__max,0.116826534,0.06018883
Kramatorsk,s1__vh__baseline__median__max_abs_delta,0.0368855,0.01861502
Kramatorsk,s1__vh__baseline__min__mean,0.26180172,0.14029804
Kramatorsk,s1__vh__baseline__min__p10,0.23734927,0.12632838
Kramatorsk,s1__vh__baseline__min__p50,0.279451,0.15050377
Kramatorsk,s1__vh__baseline__min__p90,0.21697617,0.11483646
Kramatorsk,s1__vh__baseline__min__std,0.051684856,0.026182128
Kramatorsk,s1__vh__baseline__min__min,0.23816514,0.12679136
Kramatorsk,s1__vh__baseline__min__max,0.16795337,0.08771354
Kramatorsk,s1__vh__baseline__min__max_abs_delta,0.071437955,0.03637255
Kramatorsk,s1__vh__baseline__skewness__mean,0.007122159,0.0035673906
Kramatorsk,s1__vh__baseline__skewness__p10,0.008312106,0.0041646776
Kramatorsk,s1__vh__baseline__skewness__p50,0.012027144,0.0060317637
Kramatorsk,s1__vh__baseline__skewness__p90,0.037032604,0.018689964
Kramatorsk,s1__vh__baseline__skewness__std,0.009901881,0.004963264
Kramatorsk,s1__vh__baseline__skewness__min,0.046916008,0.023737473
Kramatorsk,s1__vh__baseline__skewness__max,0.04494071,0.022726614
Kramatorsk,s1__vh__baseline__skewness__max_abs_delta,0.015341878,0.007700532
Kramatorsk,s1__vh__baseline__std__mean,0.09095168,0.046542384
Kramatorsk,s1__vh__baseline__std__p10,0.041430354,0.02093271
Kramatorsk,s1__vh__baseline__std__p50,0.100602984,0.051610637
Kramatorsk,s1__vh__baseline__std__p90,0.075672746,0.038570784
Kramatorsk,s1__vh__baseline__std__std,0.0037240982,0.0018638531
Kramatorsk,s1__vh__baseline__std__min,0.06183052,0.03140319
Kramatorsk,s1__vh__baseline__std__max,0.07288158,0.037121326
Kramatorsk,s1__vh__baseline__std__max_abs_delta,0.0023248196,0.0011630164
Kramatorsk,s1__vv__baseline__kurtosis__mean,0.06418836,0.032620512
Kramatorsk,s1__vv__baseline__kurtosis__p10,0.021457076,0.010786447
Kramatorsk,s1__vv__baseline__kurtosis__p50,0.057268858,0.029052386
Kramatorsk,s1__vv__baseline__kurtosis__p90,0.046344995,0.023445185
Kramatorsk,s1__vv__baseline__kurtosis__std,0.024138927,0.012142822
Kramatorsk,s1__vv__baseline__kurtosis__min,0.047279835,0.02392385
Kramatorsk,s1__vv__baseline__kurtosis__max,0.006935358,0.0034737373
Kramatorsk,s1__vv__baseline__kurtosis__max_abs_delta,0.038035274,0.019200819
Kramatorsk,s1__vv__baseline__max__mean,0.018840551,0.009464941
Kramatorsk,s1__vv__baseline__max__p10,0.022660732,0.011395122
Kramatorsk,s1__vv__baseline__max__p50,0.013684034,0.0068655144
Kramatorsk,s1__vv__baseline__max__p90,0.018396497,0.009240861
Kramatorsk,s1__vv__baseline__max__std,0.023107767,0.011621186
Kramatorsk,s1__vv__baseline__max__min,0.02108717,0.010599573
Kramatorsk,s1__vv__baseline__max__max,0.018817425,0.009453233
Kramatorsk,s1__vv__baseline__max__max_abs_delta,0.013899207,0.0069737835
Kramatorsk,s1__vv__baseline__mean__mean,0.029627323,0.014924451
Kramatorsk,s1__vv__baseline__mean__p10,0.04817927,0.024384517
Kramatorsk,s1__vv__baseline__mean__p50,0.032646656,0.016458012
Kramatorsk,s1__vv__baseline__mean__p90,0.019107342,0.009599547
Kramatorsk,s1__vv__baseline__mean__std,0.003182292,0.001592376
Kramatorsk,s1__vv__baseline__mean__min,0.051430106,0.026051471
Kramatorsk,s1__vv__baseline__mean__max,0.017086506,0.008579874
Kramatorsk,s1__vv__baseline__mean__max_abs_delta,0.0045861006,0.0022956557
Kramatorsk,s1__vv__baseline__median__mean,0.02806592,0.0141323
Kramatorsk,s1__vv__baseline__median__p10,0.05055797,0.025603995
Kramatorsk,s1__vv__baseline__median__p50,0.03386712,0.017078528
Kramatorsk,s1__vv__baseline__median__p90,0.014585733,0.0073196115
Kramatorsk,s1__vv__baseline__median__std,0.006859064,0.00343539
Kramatorsk,s1__vv__baseline__median__min,0.051079392,0.025871493
Kramatorsk,s1__vv__baseline__median__max,0.012605071,0.0063224076
Kramatorsk,s1__vv__baseline__median__max_abs_delta,0.0038000345,0.0019018406
Kramatorsk,s1__vv__baseline__min__mean,0.042114973,0.021282323
Kramatorsk,s1__vv__baseline__min__p10,0.056885242,0.028854946
Kramatorsk,s1__vv__baseline__min__p50,0.042811513,0.021638189
Kramatorsk,s1__vv__baseline__min__p90,0.028937459,0.014574414
Kramatorsk,s1__vv__baseline__min__std,0.006066203,0.003037636
Kramatorsk,s1__vv__baseline__min__min,0.069289565,0.03525908
Kramatorsk,s1__vv__baseline__min__max,0.02597773,0.013073905
Kramatorsk,s1__vv__baseline__min__max_abs_delta,0.005520463,0.0027640162
Kramatorsk,s1__vv__baseline__skewness__mean,0.018674135,0.009380918
Kramatorsk,s1__vv__baseline__skewness__p10,0.030444026,0.015339147
Kramatorsk,s1__vv__baseline__skewness__p50,0.045197368,0.022857906
Kramatorsk,s1__vv__baseline__skewness__p90,0.010597467,0.005312855
Kramatorsk,s1__vv__baseline__skewness__std,0.00631845,0.0031641934
Kramatorsk,s1__vv__baseline__skewness__min,0.010586143,0.005307051
Kramatorsk,s1__vv__baseline__skewness__max,0.010322928,0.0051748804
Kramatorsk,s1__vv__baseline__skewness__max_abs_delta,0.0016505718,0.00082565146
Kramatorsk,s1__vv__baseline__std__mean,0.02515316,0.012656324
Kramatorsk,s1__vv__baseline__std__p10,0.016063929,0.008064417
Kramatorsk,s1__vv__baseline__std__p50,0.032517552,0.01639244
Kramatorsk,s1__vv__baseline__std__p90,0.0472883,0.023928188
Kramatorsk,s1__vv__baseline__std__std,0.11115658,0.057182487
Kramatorsk,s1__vv__baseline__std__min,0.02292633,0.011529368
Kramatorsk,s1__vv__baseline__std__max,0.063749194,0.032393605
Kramatorsk,s1__vv__baseline__std__max_abs_delta,0.10098529,0.05181197
Lysychansk,s1__vh__baseline__kurtosis__mean,0.017777562,0.008928515
Lysychansk,s1__vh__baseline__kurtosis__p10,0.026675582,0.0134275565
Lysychansk,s1__vh__baseline__kurtosis__p50,0.014104605,0.007077256
Lysychansk,s1__vh__baseline__kurtosis__p90,0.008428097,0.00422294
Lysychansk,s1__vh__baseline__kurtosis__std,0.0010803938,0.00054036675
Lysychansk,s1__vh__baseline__kurtosis__min,0.027765274,0.013979949
Lysychansk,s1__vh__baseline__kurtosis__max,0.0072512627,0.003632248
Lysychansk,s1__vh__baseline__kurtosis__max_abs_delta,0.0010985136,0.000549367
Lysychansk,s1__vh__baseline__max__mean,0.025779963,0.0129737165
Lysychansk,s1__vh__baseline__max__p10,0.02600503,0.013087756
Lysychansk,s1__vh__baseline__max__p50,0.026962996,0.013573144
Lysychansk,s1__vh__baseline__max__p90,0.02208972,0.0111063095
Lysychansk,s1__vh__baseline__max__std,0.012642503,0.006341383
Lysychansk,s1__vh__baseline__max__min,0.022206664,0.011165405
Lysychansk,s1__vh__baseline__max__max,0.021970868,0.011046266
Lysychansk,s1__vh__baseline__max__max_abs_delta,0.01417172,0.0071110614
Lysychansk,s1__vh__baseline__mean__mean,0.008180618,0.0040986426
Lysychansk,s1__vh__baseline__mean__p10,0.0072977543,0.0036554812
Lysychansk,s1__vh__baseline__mean__p50,0.008088231,0.004052301
Lysychansk,s1__vh__baseline__mean__p90,0.0092151165,0.0046181874
Lysychansk,s1__vh__baseline__mean__std,0.0154207945,0.007740235
Lysychansk,s1__vh__baseline__mean__min,0.0069895983,0.003500833
Lysychansk,s1__vh__baseline__mean__max,0.009273291,0.0046474105
Lysychansk,s1__vh__baseline__mean__max_abs_delta,0.017409444,0.008742804
Lysychansk,s1__vh__baseline__median__mean,0.008787394,0.0044034254
Lysychansk,s1__vh__baseline__median__p10,0.007981062,0.0039985487
Lysychansk,s1__vh__baseline__median__p50,0.008947015,0.0044834535
Lysychansk,s1__vh__baseline__median__p90,0.009876132,0.0049503846
Lysychansk,s1__vh__baseline__median__std,0.017910242,0.008995485
Lysychansk,s1__vh__baseline__median__min,0.006960988,0.0034865604
Lysychansk,s1__vh__baseline__median__max,0.009856582,0.0049404567
Lysychansk,s1__vh__baseline__median__max_abs_delta,0.019235253,0.009664128
Lysychansk,s1__vh__baseline__min__mean,0.0031766891,0.0015896643
Lysychansk,s1__vh__baseline__min__p10,0.0030118227,0.0015070448
Lysychansk,s1__vh__baseline__min__p50,0.0040119886,0.0020080365
Lysychansk,s1__vh__baseline__min__p90,0.0041074753,0.0020558222
Lysychansk,s1__vh__baseline__min__std,0.011468053,0.005750535
Lysychansk,s1__vh__baseline__min__min,0.0031120777,0.0015572055
Lysychansk,s1__vh__baseline__min__max,0.0033456087,0.0016741782
Lysychansk,s1__vh__baseline__min__max_abs_delta,0.012001753,0.006018866
Lysychansk,s1__vh__baseline__skewness__mean,0.01007545,0.005050417
Lysychansk,s1__vh__baseline__skewness__p10,0.010299206,0.0051628244
Lysychansk,s1__vh__baseline__skewness__p50,0.009498119,0.004760397
Lysychansk,s1__vh__baseline__skewness__p90,0.00683558,0.003423639
Lysychansk,s1__vh__baseline__skewness__std,0.004240155,0.0021223596
Lysychansk,s1__vh__baseline__skewness__min,0.009599209,0.00481117
Lysychansk,s1__vh__baseline__skewness__max,0.005981326,0.0029950796
Lysychansk,s1__vh__baseline__skewness__max_abs_delta,0.0035505295,0.0017769119
Lysychansk,s1__vh__baseline__std__mean,0.029527783,0.014873977
Lysychansk,s1__vh__baseline__std__p10,0.024626017,0.0123894345
Lysychansk,s1__vh__baseline__std__p50,0.029148698,0.014681646
Lysychansk,s1__vh__baseline__std__p90,0.027810335,0.014002774
Lysychansk,s1__vh__baseline__std__std,0.01637876,0.008223088
Lysychansk,s1__vh__baseline__std__min,0.02010107,0.010101328
Lysychansk,s1__vh__baseline__std__max,0.029040933,0.014626889
Lysychansk,s1__vh__baseline__std__max_abs_delta,0.017212749,0.008643576
Lysychansk,s1__vv__baseline__kurtosis__mean,0.0012611151,0.00063078175
Lysychansk,s1__vv__baseline__kurtosis__p10,0.002704382,0.001353109
Lysychansk,s1__vv__baseline__kurtosis__p50,0.0012294054,0.00061487977
Lysychansk,s1__vv__baseline__kurtosis__p90,0.00037646294,0.00018821072
Lysychansk,s1__vv__baseline__kurtosis__std,0.00055611134,0.0002779951
Lysychansk,s1__vv__baseline__kurtosis__min,0.0018613338,0.00093115424
Lysychansk,s1__vv__baseline__kurtosis__max,0.00053727627,0.00026864398
Lysychansk,s1__vv__baseline__kurtosis__max_abs_delta,0.00035727024,0.00017865981
Lysychansk,s1__vv__baseline__max__mean,0.0062075853,0.0031085485
Lysychansk,s1__vv__baseline__max__p10,0.007037401,0.003524906
Lysychansk,s1__vv__baseline__max__p50,0.0071924925,0.0036027627
Lysychansk,s1__vv__baseline__max__p90,0.0044765472,0.0022407135
Lysychansk,s1__vv__baseline__max__std,0.0010117292,0.00050595787
Lysychansk,s1__vv__baseline__max__min,0.0070188046,0.0035155325
Lysychansk,s1__vv__baseline__max__max,0.004003525,0.0020037477
Lysychansk,s1__vv__baseline__max__max_abs_delta,0.0015095472,0.0007551318
Lysychansk,s1__vv__baseline__mean__mean,0.0045279264,0.0022665155
Lysychansk,s1__vv__baseline__mean__p10,0.0057617426,0.0028850646
Lysychansk,s1__vv__baseline__mean__p50,0.0050594807,0.0025328856
Lysychansk,s1__vv__baseline__mean__p90,0.0030088425,0.0015055063
Lysychansk,s1__vv__baseline__mean__std,0.00088238716,0.00044131983
Lysychansk,s1__vv__baseline__mean__min,0.006539345,0.003275029
Lysychansk,s1__vv__baseline__mean__max,0.0023726225,0.001186966
Lysychansk,s1__vv__baseline__mean__max_abs_delta,0.0012191534,0.0006097186
Lysychansk,s1__vv__baseline__median__mean,0.0039407015,0.0019723126
Lysychansk,s1__vv__baseline__median__p10,0.0049369335,0.0024714884
Lysychansk,s1__vv__baseline__median__p50,0.0046516657,0.002328529
Lysychansk,s1__vv__baseline__median__p90,0.002431631,0.0012165349
Lysychansk,s1__vv__baseline__median__std,0.00085902214,0.00042968104
Lysychansk,s1__vv__baseline__median__min,0.005416274,0.0027117557
Lysychansk,s1__vv__baseline__median__max,0.0021375418,0.001069336
Lysychansk,s1__vv__baseline__median__max_abs_delta,0.0010412931,0.0005207411
Lysychansk,s1__vv__baseline__min__mean,0.004309416,0.0021569775
Lysychansk,s1__vv__baseline__min__p10,0.0057407618,0.0028745364
Lysychansk,s1__vv__baseline__min__p50,0.004496217,0.0022506516
Lysychansk,s1__vv__baseline__min__p90,0.0034341812,0.0017186238
Lysychansk,s1__vv__baseline__min__std,0.007729888,0.0038724658
Lysychansk,s1__vv__baseline__min__min,0.0066797733,0.0033454604
Lysychansk,s1__vv__baseline__min__max,0.0031460524,0.0015742016
Lysychansk,s1__vv__baseline__min__max_abs_delta,0.0075318813,0.0037730946
Lysychansk,s1__vv__baseline__skewness__mean,0.0011839867,0.00059224915
Lysychansk,s1__vv__baseline__skewness__p10,0.00046670437,0.00023335918
Lysychansk,s1__vv__baseline__skewness__p50,0.0008369684,0.00041856046
Lysychansk,s1__vv__baseline__skewness__p90,0.0021082163,0.0010546884
Lysychansk,s1__vv__baseline__skewness__std,0.00016832352,8.411754e-05
Lysychansk,s1__vv__baseline__skewness__min,0.00039291382,0.00019646146
Lysychansk,s1__vv__baseline__skewness__max,0.0026444197,0.001323051
Lysychansk,s1__vv__baseline__skewness__max_abs_delta,9.393692e-05,4.6992493e-05
Lysychansk,s1__vv__baseline__std__mean,0.005043745,0.0025250402
Lysychansk,s1__vv__baseline__std__p10,0.0029428005,0.0014724603
Lysychansk,s1__vv__baseline__std__p50,0.005845785,0.0029271592
Lysychansk,s1__vv__baseline__std__p90,0.0044727325,0.002238901
Lysychansk,s1__vv__baseline__std__std,0.003213644,0.001608087
Lysychansk,s1__vv__baseline__std__min,0.0030859709,0.0015441019
Lysychansk,s1__vv__baseline__std__max,0.0045366287,0.0022709449
Lysychansk,s1__vv__baseline__std__max_abs_delta,0.0034073591,0.0017051023
Lysychansk,s1__coh__baseline__count__mean,0.01434958,0.0072006593
Lysychansk,s1__coh__baseline__count__p10,0.016886473,0.00847904
Lysychansk,s1__coh__baseline__count__p50,0.012785435,0.0064131897
Lysychansk,s1__coh__baseline__count__p90,0.0148614645,0.007458417
Lysychansk,s1__coh__baseline__count__std,0.03565681,0.017989198
Lysychansk,s1__coh__baseline__count__min,0.017082214,0.008577759
Lysychansk,s1__coh__baseline__count__max,0.015314579,0.00768672
Lysychansk,s1__coh__baseline__count__max_abs_delta,0.04099512,0.020710558
Lysychansk,s1__coh__baseline__max__mean,0.001860261,0.0009305332
Lysychansk,s1__coh__baseline__max__p10,0.0037198067,0.0018617029
Lysychansk,s1__coh__baseline__max__p50,0.0028203726,0.0014111358
Lysychansk,s1__coh__baseline__max__p90,0.005133748,0.0025701022
Lysychansk,s1__coh__baseline__max__std,0.008572936,0.004295755
Lysychansk,s1__coh__baseline__max__min,0.004184723,0.0020945363
Lysychansk,s1__coh__baseline__max__max,0.0011931658,0.00059676415
Lysychansk,s1__coh__baseline__max__max_abs_delta,0.014380693,0.0072163558
Lysychansk,s1__coh__baseline__mean__mean,0.0022946596,0.0011479866
Lysychansk,s1__coh__baseline__mean__p10,0.003662467,0.001832906
Lysychansk,s1__coh__baseline__mean__p50,0.0021884441,0.0010948378
Lysychansk,s1__coh__baseline__mean__p90,0.007488489,0.0037512924
Lysychansk,s1__coh__baseline__mean__std,0.0082217455,0.0041193855
Lysychansk,s1__coh__baseline__mean__min,0.0035198927,0.0017614255
Lysychansk,s1__coh__baseline__mean__max,0.0040795803,0.002041839
Lysychansk,s1__coh__baseline__mean__max_abs_delta,0.009231091,0.0046262722
Lysychansk,s1__coh__baseline__median__mean,0.0041595697,0.0020820112
Lysychansk,s1__coh__baseline__median__p10,0.0034229755,0.001712907
Lysychansk,s1__coh__baseline__median__p50,0.0032564402,0.0016295954
Lysychansk,s1__coh__baseline__median__p90,0.010229349,0.005127816
Lysychansk,s1__coh__baseline__median__std,0.006396532,0.0032033967
Lysychansk,s1__coh__baseline__median__min,0.0041031837,0.0020536918
Lysychansk,s1__coh__baseline__median__max,0.0059076548,0.0029581343
Lysychansk,s1__coh__baseline__median__max_abs_delta,0.0065438747,0.0032772957
Lysychansk,s1__coh__baseline__min__mean,0.0027079582,0.001354911
Lysychansk,s1__coh__baseline__min__p10,0.004306793,0.0021556558
Lysychansk,s1__coh__baseline__min__p50,0.0016345978,0.0008176147
Lysychansk,s1__coh__baseline__min__p90,0.0060675144,0.0030383577
Lysychansk,s1__coh__baseline__min__std,0.007901192,0.00395838
Lysychansk,s1__coh__baseline__min__min,0.0062941313,0.003152036
Lysychansk,s1__coh__baseline__min__max,0.0056837797,0.0028459379
Lysychansk,s1__coh__baseline__min__max_abs_delta,0.0072669983,0.0036402105
Lysychansk,s1__coh__baseline__std__mean,0.0027774572,0.0013897102
Lysychansk,s1__coh__baseline__std__p10,0.006315708,0.0031628506
Lysychansk,s1__coh__baseline__std__p50,0.0024650097,0.0012333405
Lysychansk,s1__coh__baseline__std__p90,0.0037258863,0.0018646896
Lysychansk,s1__coh__baseline__std__std,0.002633214,0.0013174769
Lysychansk,s1__coh__baseline__std__min,0.00696826,0.0034902869
Lysychansk,s1__coh__baseline__std__max,0.0023937225,0.001197628
Lysychansk,s1__coh__baseline__std__max_abs_delta,0.002456665,0.0012290628
Makariv,s1__vh__baseline__kurtosis__mean,0.022345781,0.011235783
Makariv,s1__vh__baseline__kurtosis__p10,0.0077250004,0.0038700204
Makariv,s1__vh__baseline__kurtosis__p50,0.01211071,0.0060737715
Makariv,s1__vh__baseline__kurtosis__p90,0.0034360886,0.001719614
Makariv,s1__vh__baseline__kurtosis__std,0.013643146,0.0068449588
Makariv,s1__vh__baseline__kurtosis__min,0.0036796331,0.0018415186
Makariv,s1__vh__baseline__kurtosis__max,0.008894563,0.004457173
Makariv,s1__vh__baseline__kurtosis__max_abs_delta,0.0103366375,0.0051817205
Makariv,s1__vh__baseline__max__mean,0.008931518,0.0044757603
Makariv,s1__vh__baseline__max__p10,0.010205865,0.0051159644
Makariv,s1__vh__baseline__max__p50,0.014175177,0.007112784
Makariv,s1__vh__baseline__max__p90,0.0048764944,0.0024411848
Makariv,s1__vh__baseline__max__std,0.023800492,0.011971569
Makariv,s1__vh__baseline__max__min,0.013679385,0.0068631484
Makariv,s1__vh__baseline__max__max,0.0028988123,0.0014504903
Makariv,s1__vh__baseline__max__max_abs_delta,0.024648309,0.012400757
Makariv,s1__vh__baseline__mean__mean,0.014587283,0.0073203524
Makariv,s1__vh__baseline__mean__p10,0.010110855,0.0050682025
Makariv,s1__vh__baseline__mean__p50,0.017360568,0.008718212
Makariv,s1__vh__baseline__mean__p90,0.013048053,0.006545438
Makariv,s1__vh__baseline__mean__std,0.016532898,0.008300819
Makariv,s1__vh__baseline__mean__min,0.007371187,0.0036923944
Makariv,s1__vh__baseline__mean__max,0.0068713427,0.0034415775
Makariv,s1__vh__baseline__mean__max_abs_delta,0.019262671,0.009677965
Makariv,s1__vh__baseline__median__mean,0.018000484,0.009041052
Makariv,s1__vh__baseline__median__p10,0.012851477,0.006446505
Makariv,s1__vh__baseline__median__p50,0.02155745,0.010837181
Makariv,s1__vh__baseline__median__p90,0.014131069,0.0070905704
Makariv,s1__vh__baseline__median__std,0.004139662,0.0020720488
Makariv,s1__vh__baseline__median__min,0.007143736,0.003578243
Makariv,s1__vh__baseline__median__max,0.010197401,0.005111746
Makariv,s1__vh__baseline__median__max_abs_delta,0.0028716326,0.0014367951
Makariv,s1__vh__baseline__min__mean,0.022145748,0.011134661
Makariv,s1__vh__baseline__min__p10,0.012992978,0.006517727
Makariv,s1__vh__baseline__min__p50,0.03429556,0.01729645
Makariv,s1__vh__baseline__min__p90,0.01342237,0.006733788
Makariv,s1__vh__baseline__min__std,0.019317389,0.00970571
Makariv,s1__vh__baseline__min__min,0.0059900284,0.0029994526
Makariv,s1__vh__baseline__min__max,0.0075473785,0.0037809168
Makariv,s1__vh__baseline__min__max_abs_delta,0.026275992,0.013225029
Makariv,s1__vh__baseline__skewness__mean,0.0035728216,0.0017880249
Makariv,s1__vh__baseline__skewness__p10,0.0068645477,0.0034381968
Makariv,s1__vh__baseline__skewness__p50,0.0039857626,0.0019947758
Makariv,s1__vh__baseline__skewness__p90,0.0014151335,0.00070783205
Makariv,s1__vh__baseline__skewness__std,0.024052382,0.012099007
Makariv,s1__vh__baseline__skewness__min,0.007364273,0.0036888856
Makariv,s1__vh__baseline__skewness__max,0.0020947456,0.0010478795
Makariv,s1__vh__baseline__skewness__max_abs_delta,0.03286183,0.016567364
Makariv,s1__vh__baseline__std__mean,0.025071025,0.012614801
Makariv,s1__vh__baseline__std__p10,0.0036247969,0.0018139917
Makariv,s1__vh__baseline__std__p50,0.01650858,0.0082885185
Makariv,s1__vh__baseline__std__p90,0.03801012,0.019187996
Makariv,s1__vh__baseline__std__std,0.007686615,0.0038507164
Makariv,s1__vh__baseline__std__min,0.006568551,0.0032896847
Makariv,s1__vh__baseline__std__max,0.024619818,0.012386244
Makariv,s1__vh__baseline__std__max_abs_delta,0.0062463284,0.003128014
Makariv,s1__vv__baseline__kurtosis__mean,0.0065083504,0.0032595075
Makariv,s1__vv__baseline__kurtosis__p10,0.010083437,0.005054485
Makariv,s1__vv__baseline__kurtosis__p50,0.004168749,0.0020865353
Makariv,s1__vv__baseline__kurtosis__p90,0.007014513,0.0035133774
Makariv,s1__vv__baseline__kurtosis__std,0.0030161142,0.0015091662
Makariv,s1__vv__baseline__kurtosis__min,0.0095232725,0.004773096
Makariv,s1__vv__baseline__kurtosis__max,0.0059348345,0.0029718466
Makariv,s1__vv__baseline__kurtosis__max_abs_delta,0.0034142733,0.0017085366
Makariv,s1__vv__baseline__max__mean,0.02989459,0.015060156
Makariv,s1__vv__baseline__max__p10,0.018257499,0.009170636
Makariv,s1__vv__baseline__max__p50,0.032729745,0.016500248
Makariv,s1__vv__baseline__max__p90,0.03599751,0.018162686
Makariv,s1__vv__baseline__max__std,0.014521956,0.0072875153
Makariv,s1__vv__baseline__max__min,0.008300185,0.00415867
Makariv,s1__vv__baseline__max__max,0.034878254,0.017592985
Makariv,s1__vv__baseline__max__max_abs_delta,0.010603666,0.0053160167
Makariv,s1__vv__baseline__mean__mean,0.024754524,0.012454483
Makariv,s1__vv__baseline__mean__p10,0.009867191,0.0049457457
Makariv,s1__vv__baseline__mean__p50,0.026634812,0.013406894
Makariv,s1__vv__baseline__mean__p90,0.03745091,0.018903006
Makariv,s1__vv__baseline__mean__std,0.030177355,0.015203698
Makariv,s1__vv__baseline__mean__min,0.004686475,0.0023459226
Makariv,s1__vv__baseline__mean__max,0.040129304,0.02026875
Makariv,s1__vv__baseline__mean__max_abs_delta,0.026516557,0.013346976
Makariv,s1__vv__baseline__median__mean,0.017088413,0.008580977
Makariv,s1__vv__baseline__median__p10,0.0056711435,0.0028395755
Makariv,s1__vv__baseline__median__p50,0.024086237,0.012116251
Makariv,s1__vv__baseline__median__p90,0.023901582,0.012022775
Makariv,s1__vv__baseline__median__std,0.03297782,0.016626343
Makariv,s1__vv__baseline__median__min,0.002845049,0.0014235522
Makariv,s1__vv__baseline__median__max,0.026209235,0.013191235
Makariv,s1__vv__baseline__median__max_abs_delta,0.030174494,0.015202206
Makariv,s1__vv__baseline__min__mean,0.01752472,0.008800996
Makariv,s1__vv__baseline__min__p10,0.0065522194,0.003281422
Makariv,s1__vv__baseline__min__p50,0.017224431,0.008649586
Makariv,s1__vv__baseline__min__p90,0.03635192,0.018343238
Makariv,s1__vv__baseline__min__std,0.035678387,0.018000165
Makariv,s1__vv__baseline__min__min,0.0026381016,0.0013199045
Makariv,s1__vv__baseline__min__max,0.03459215,0.01744736
Makariv,s1__vv__baseline__min__max_abs_delta,0.03135395,0.015801083
Makariv,s1__vv__baseline__skewness__mean,0.006252408,0.0031310753
Makariv,s1__vv__baseline__skewness__p10,0.012960196,0.0065012085
Makariv,s1__vv__baseline__skewness__p50,0.0043696165,0.0021872497
Makariv,s1__vv__baseline__skewness__p90,0.0038870573,0.0019453601
Makariv,s1__vv__baseline__skewness__std,0.007205963,0.0036094915
Makariv,s1__vv__baseline__skewness__min,0.013162851,0.006603218
Makariv,s1__vv__baseline__skewness__max,0.009217262,0.004619338
Makariv,s1__vv__baseline__skewness__max_abs_delta,0.003670454,0.0018369736
Makariv,s1__vv__baseline__std__mean,0.0030825138,0.0015424066
Makariv,s1__vv__baseline__std__p10,0.0023796558,0.001190546
Makariv,s1__vv__baseline__std__p50,0.0018812418,0.0009410557
Makariv,s1__vv__baseline__std__p90,0.010154963,0.005090391
Makariv,s1__vv__baseline__std__std,0.019572616,0.009834506
Makariv,s1__vv__baseline__std__min,0.005260706,0.002633852
Makariv,s1__vv__baseline__std__max,0.008324504,0.0041709514
Makariv,s1__vv__baseline__std__max_abs_delta,0.017113447,0.008593632
Mariupol,s1__vh__baseline__kurtosis__mean,0.0007674694,0.00038379908
Mariupol,s1__vh__baseline__kurtosis__p10,0.00086319447,0.0004317562
Mariupol,s1__vh__baseline__kurtosis__p50,0.000859499,0.00042984152
Mariupol,s1__vh__baseline__kurtosis__p90,0.0001912117,9.55954e-05
Mariupol,s1__vh__baseline__kurtosis__std,8.1419945e-05,4.065741e-05
Mariupol,s1__vh__baseline__kurtosis__min,0.0004118681,0.00020586456
Mariupol,s1__vh__baseline__kurtosis__max,0.000114917755,5.7464888e-05
Mariupol,s1__vh__baseline__kurtosis__max_abs_delta,8.8095665e-05,4.4068936e-05
Mariupol,s1__vh__baseline__max__mean,0.037816882,0.01908951
Mariupol,s1__vh__baseline__max__p10,0.02735877,0.013773867
Mariupol,s1__vh__baseline__max__p50,0.040065408,0.020236045
Mariupol,s1__vh__baseline__max__p90,0.04153657,0.020987041
Mariupol,s1__vh__baseline__max__std,0.029428601,0.014823576
Mariupol,s1__vh__baseline__max__min,0.022334337,0.011229927
Mariupol,s1__vh__baseline__max__max,0.040953636,0.02068934
Mariupol,s1__vh__baseline__max__max_abs_delta,0.02978766,0.015005747
Mariupol,s1__vh__baseline__mean__mean,0.03776908,0.019065151
Mariupol,s1__vh__baseline__mean__p10,0.02639091,0.013283338
Mariupol,s1__vh__baseline__mean__p50,0.03935814,0.019875292
Mariupol,s1__vh__baseline__mean__p90,0.043460608,0.021969782
Mariupol,s1__vh__baseline__mean__std,0.034751773,0.017528664
Mariupol,s1__vh__baseline__mean__min,0.021042585,0.010576986
Mariupol,s1__vh__baseline__mean__max,0.04388678,0.022187669
Mariupol,s1__vh__baseline__mean__max_abs_delta,0.03523898,0.01777654
Mariupol,s1__vh__baseline__median__mean,0.03591168,0.018118996
Mariupol,s1__vh__baseline__median__p10,0.025283813,0.012722444
Mariupol,s1__vh__baseline__median__p50,0.037775636,0.019068487
Mariupol,s1__vh__baseline__median__p90,0.040939927,0.020682346
Mariupol,s1__vh__baseline__median__std,0.03148544,0.015867949
Mariupol,s1__vh__baseline__median__min,0.020356178,0.010230167
Mariupol,s1__vh__baseline__median__max,0.04060197,0.020509865
Mariupol,s1__vh__baseline__median__max_abs_delta,0.03106904,0.015656408
Mariupol,s1__vh__baseline__min__mean,0.03615737,0.018244078
Mariupol,s1__vh__baseline__min__p10,0.025628686,0.012897218
Mariupol,s1__vh__baseline__min__p50,0.03671503,0.018528083
Mariupol,s1__vh__baseline__min__p90,0.042539477,0.021499226
Mariupol,s1__vh__baseline__min__std,0.019717097,0.0099075325
Mariupol,s1__vh__baseline__min__min,0.02269435,0.011412053
Mariupol,s1__vh__baseline__min__max,0.044193745,0.022344712
Mariupol,s1__vh__baseline__min__max_abs_delta,0.019477606,0.009786523
Mariupol,s1__vh__baseline__skewness__mean,0.0024420023,0.0012217113
Mariupol,s1__vh__baseline__skewness__p10,0.0016670227,0.0008338823
Mariupol,s1__vh__baseline__skewness__p50,0.0027827024,0.0013923445
Mariupol,s1__vh__baseline__skewness__p90,0.0012956858,0.0006480734
Mariupol,s1__vh__baseline__skewness__std,0.00019276142,9.636844e-05
Mariupol,s1__vh__baseline__skewness__min,0.0013120174,0.00065618876
Mariupol,s1__vh__baseline__skewness__max,0.0010553598,0.0005278207
Mariupol,s1__vh__baseline__skewness__max_abs_delta,0.00018668175,9.327401e-05
Mariupol,s1__vh__baseline__std__mean,0.0029976368,0.0014999374
Mariupol,s1__vh__baseline__std__p10,0.0031790733,0.0015908079
Mariupol,s1__vh__baseline__std__p50,0.0026459694,0.0013238089
Mariupol,s1__vh__baseline__std__p90,0.0021927357,0.0010969425
Mariupol,s1__vh__baseline__std__std,0.00063955784,0.00031978812
Mariupol,s1__vh__baseline__std__min,0.0028772354,0.0014397566
Mariupol,s1__vh__baseline__std__max,0.0023422241,0.0011717259
Mariupol,s1__vh__baseline__std__max_abs_delta,0.0005578995,0.0002789457
Mariupol,s1__vv__baseline__kurtosis__mean,7.545948e-05,3.7672227e-05
Mariupol,s1__vv__baseline__kurtosis__p10,0.00021910667,0.000109594184
Mariupol,s1__vv__baseline__kurtosis__p50,9.4652176e-05,4.7326736e-05
Mariupol,s1__vv__baseline__kurtosis__p90,6.1035156e-05,3.0517567e-05
Mariupol,s1__vv__baseline__kurtosis__std,0.00035750866,0.00017878575
Mariupol,s1__vv__baseline__kurtosis__min,0.00015449524,7.7203906e-05
Mariupol,s1__vv__baseline__kurtosis__max,0.00016057491,8.027651e-05
Mariupol,s1__vv__baseline__kurtosis__max_abs_delta,2.9802322e-05,1.4957345e-05
Mariupol,s1__vv__baseline__max__mean,0.0027823448,0.0013920937
Mariupol,s1__vv__baseline__max__p10,0.00111866,0.0005594542
Mariupol,s1__vv__baseline__max__p50,0.0027632713,0.0013826226
Mariupol,s1__vv__baseline__max__p90,0.0034850836,0.0017440065
Mariupol,s1__vv__baseline__max__std,0.002010703,0.0010059292
Mariupol,s1__vv__baseline__max__min,0.0007432699,0.0003717591
Mariupol,s1__vv__baseline__max__max,0.0033102036,0.0016565425
Mariupol,s1__vv__baseline__max__max_abs_delta,0.0021597147,0.0010803841
Mariupol,s1__vv__baseline__mean__mean,0.0034059286,0.0017044351
Mariupol,s1__vv__baseline__mean__p10,0.0015422106,0.0007713903
Mariupol,s1__vv__baseline__mean__p50,0.0034235716,0.0017131988
Mariupol,s1__vv__baseline__mean__p90,0.004083872,0.002044016
Mariupol,s1__vv__baseline__mean__std,0.0041570663,0.0020807409
Mariupol,s1__vv__baseline__mean__min,0.0009994507,0.0004998656
Mariupol,s1__vv__baseline__mean__max,0.004064679,0.0020343994
Mariupol,s1__vv__baseline__mean__max_abs_delta,0.0046083927,0.0023067675
Mariupol,s1__vv__baseline__median__mean,0.0029754639,0.0014888619
Mariupol,s1__vv__baseline__median__p10,0.0012850761,0.0006427091
Mariupol,s1__vv__baseline__median__p50,0.0030870438,0.0015446894
Mariupol,s1__vv__baseline__median__p90,0.003734231,0.0018688217
Mariupol,s1__vv__baseline__median__std,0.0037169456,0.0018602004
Mariupol,s1__vv__baseline__median__min,0.00076663494,0.00038338825
Mariupol,s1__vv__baseline__median__max,0.0036344528,0.0018187943
Mariupol,s1__vv__baseline__median__max_abs_delta,0.0041879416,0.0020961547
Mariupol,s1__vv__baseline__min__mean,0.004794359,0.0024000665
Mariupol,s1__vv__baseline__min__p10,0.0033125877,0.0016576444
Mariupol,s1__vv__baseline__min__p50,0.004716754,0.0023611803
Mariupol,s1__vv__baseline__min__p90,0.005070448,0.002538443
Mariupol,s1__vv__baseline__min__std,0.0044864416,0.0022457114
Mariupol,s1__vv__baseline__min__min,0.0027588606,0.0013803833
Mariupol,s1__vv__baseline__min__max,0.0050489902,0.0025276146
Mariupol,s1__vv__baseline__min__max_abs_delta,0.004740596,0.0023731696
Mariupol,s1__vv__baseline__skewness__mean,0.00018513203,9.25388e-05
Mariupol,s1__vv__baseline__skewness__p10,0.0006188154,0.00030939386
Mariupol,s1__vv__baseline__skewness__p50,5.030632e-05,2.5119964e-05
Mariupol,s1__vv__baseline__skewness__p90,8.440018e-05,4.221151e-05
Mariupol,s1__vv__baseline__skewness__std,0.00037801266,0.00018895131
Mariupol,s1__vv__baseline__skewness__min,0.0007984638,0.00039926652
Mariupol,s1__vv__baseline__skewness__max,6.663799e-05,3.327052e-05
Mariupol,s1__vv__baseline__skewness__max_abs_delta,0.00032758713,0.00016378582
Mariupol,s1__vv__baseline__std__mean,0.0020020008,0.0010015649
Mariupol,s1__vv__baseline__std__p10,0.001627922,0.00081434124
Mariupol,s1__vv__baseline__std__p50,0.0021088123,0.0010549899
Mariupol,s1__vv__baseline__std__p90,0.0018255711,0.00091323664
Mariupol,s1__vv__baseline__std__std,0.00066947937,0.00033485686
Mariupol,s1__vv__baseline__std__min,0.0014122725,0.0007063953
Mariupol,s1__vv__baseline__std__max,0.0019100904,0.00095550023
Mariupol,s1__vv__baseline__std__max_abs_delta,0.0007456541,0.00037288986
Mariupol,s1__coh__baseline__count__mean,0.364568,0.20124014
Mariupol,s1__coh__baseline__count__p10,0.045152307,0.02283485
Mariupol,s1__coh__baseline__count__p50,0.50849795,0.2933634
Mariupol,s1__coh__baseline__count__std,0.030246854,0.015239006
Mariupol,s1__coh__baseline__count__min,0.032946944,0.016610637
Mariupol,s1__coh__baseline__count__max_abs_delta,0.015470862,0.007765502
Mariupol,s1__coh__baseline__max__mean,0.0025603771,0.0012810886
Mariupol,s1__coh__baseline__max__p10,0.00025582314,0.00012798769
Mariupol,s1__coh__baseline__max__p50,0.0019794703,0.000990318
Mariupol,s1__coh__baseline__max__p90,0.00052702427,0.0002635932
Mariupol,s1__coh__baseline__max__std,0.00023543835,0.00011771924
Mariupol,s1__coh__baseline__max__min,0.001111865,0.0005561095
Mariupol,s1__coh__baseline__max__max,0.003939867,0.001971831
Mariupol,s1__coh__baseline__max__max_abs_delta,0.00024807453,0.00012407158
Mariupol,s1__coh__baseline__mean__mean,0.0017433167,0.0008720055
Mariupol,s1__coh__baseline__mean__p10,0.0005208254,0.00026047006
Mariupol,s1__coh__baseline__mean__p50,0.001285553,0.0006430193
Mariupol,s1__coh__baseline__mean__p90,0.0026724339,0.0013371228
Mariupol,s1__coh__baseline__mean__std,0.0016031265,0.00080188084
Mariupol,s1__coh__baseline__mean__min,0.00075268745,0.00037640255
Mariupol,s1__coh__baseline__mean__max,0.002883792,0.0014429243
Mariupol,s1__coh__baseline__mean__max_abs_delta,0.0016043186,0.00080248533
Mariupol,s1__coh__baseline__median__mean,0.0015929937,0.000796825
Mariupol,s1__coh__baseline__median__p10,0.0004544258,0.00022720483
Mariupol,s1__coh__baseline__median__p50,0.0012443066,0.0006223359
Mariupol,s1__coh__baseline__median__p90,0.002073884,0.0010374759
Mariupol,s1__coh__baseline__median__std,0.0011026859,0.0005514168
Mariupol,s1__coh__baseline__median__min,0.0008944273,0.00044735172
Mariupol,s1__coh__baseline__median__max,0.002283454,0.0011424284
Mariupol,s1__coh__baseline__median__max_abs_delta,0.00087988377,0.00044008935
Mariupol,s1__coh__baseline__min__mean,0.0032200813,0.0016113676
Mariupol,s1__coh__baseline__min__p10,0.0019836426,0.0009923772
Mariupol,s1__coh__baseline__min__p50,0.0026632547,0.0013324753
Mariupol,s1__coh__baseline__min__p90,0.003944516,0.0019742632
Mariupol,s1__coh__baseline__min__std,0.0027650595,0.0013835104
Mariupol,s1__coh__baseline__min__min,0.0014052391,0.00070286606
Mariupol,s1__coh__baseline__min__max,0.0035545826,0.0017788612
Mariupol,s1__coh__baseline__min__max_abs_delta,0.0019471645,0.00097402243
Mariupol,s1__coh__baseline__std__mean,0.0030150414,0.001508598
Mariupol,s1__coh__baseline__std__p10,0.002525568,0.0012635614
Mariupol,s1__coh__baseline__std__p50,0.0027552843,0.0013785618
Mariupol,s1__coh__baseline__std__p90,0.0015136003,0.00075705873
Mariupol,s1__coh__baseline__std__std,0.00010955334,5.4765263e-05
Mariupol,s1__coh__baseline__std__min,0.0026324987,0.0013171283
Mariupol,s1__coh__baseline__std__max,0.0010519028,0.00052608934
Mariupol,s1__coh__baseline__std__max_abs_delta,0.00014686584,7.3415016e-05
Moschun,s1__vh__baseline__kurtosis__mean,0.008942008,0.0044810344
Moschun,s1__vh__baseline__kurtosis__p10,0.0074789524,0.0037464534
Moschun,s1__vh__baseline__kurtosis__p50,0.0073227882,0.003668071
Moschun,s1__vh__baseline__kurtosis__p90,0.0047016144,0.002353618
Moschun,s1__vh__baseline__kurtosis__std,0.010086894,0.005056228
Moschun,s1__vh__baseline__kurtosis__min,0.0118095875,0.005922298
Moschun,s1__vh__baseline__kurtosis__max,0.005025387,0.0025158022
Moschun,s1__vh__baseline__kurtosis__max_abs_delta,0.004555702,0.0022804835
Moschun,s1__vh__baseline__max__mean,0.0028135777,0.0014077867
Moschun,s1__vh__baseline__max__p10,0.0072752237,0.003644187
Moschun,s1__vh__baseline__max__p50,0.002058506,0.0010298077
Moschun,s1__vh__baseline__max__p90,0.0021983385,0.0010998034
Moschun,s1__vh__baseline__max__std,0.013459325,0.0067523615
Moschun,s1__vh__baseline__max__min,0.009868264,0.0049463776
Moschun,s1__vh__baseline__max__max,0.0021628141,0.0010820347
Moschun,s1__vh__baseline__max__max_abs_delta,0.012974024,0.006508121
Moschun,s1__vh__baseline__mean__mean,0.005821228,0.0029148166
Moschun,s1__vh__baseline__mean__p10,0.012459755,0.006249401
Moschun,s1__vh__baseline__mean__p50,0.005709052,0.0028585957
Moschun,s1__vh__baseline__mean__p90,0.004110813,0.002057504
Moschun,s1__vh__baseline__mean__std,0.017322421,0.008698935
Moschun,s1__vh__baseline__mean__min,0.017675877,0.0088771405
Moschun,s1__vh__baseline__mean__max,0.004188776,0.0020965463
Moschun,s1__vh__baseline__mean__max_abs_delta,0.015591264,0.007826108
Moschun,s1__vh__baseline__median__mean,0.0050258636,0.0025161633
Moschun,s1__vh__baseline__median__p10,0.013541341,0.0067937146
Moschun,s1__vh__baseline__median__p50,0.005042076,0.0025241806
Moschun,s1__vh__baseline__median__p90,0.0037132502,0.0018583061
Moschun,s1__vh__baseline__median__std,0.014503717,0.007278228
Moschun,s1__vh__baseline__median__min,0.020916939,0.010513506
Moschun,s1__vh__baseline__median__max,0.0034611225,0.0017320798
Moschun,s1__vh__baseline__median__max_abs_delta,0.018324852,0.009204664
Moschun,s1__vh__baseline__min__mean,0.00899303,0.0045066606
Moschun,s1__vh__baseline__min__p10,0.014007926,0.0070286114
Moschun,s1__vh__baseline__min__p50,0.010735512,0.0053821937
Moschun,s1__vh__baseline__min__p90,0.005089879,0.0025482331
Moschun,s1__vh__baseline__min__std,0.01990354,0.01000164
Moschun,s1__vh__baseline__min__min,0.014779568,0.007417149
Moschun,s1__vh__baseline__min__max,0.0039145947,0.0019592028
Moschun,s1__vh__baseline__min__max_abs_delta,0.014747262,0.00740099
Moschun,s1__vh__baseline__skewness__mean,0.0028203726,0.0014111096
Moschun,s1__vh__baseline__skewness__p10,0.0004234314,0.00021171132
Moschun,s1__vh__baseline__skewness__p50,0.0023691654,0.0011852641
Moschun,s1__vh__baseline__skewness__p90,0.007729888,0.003872403
Moschun,s1__vh__baseline__skewness__std,0.0017373562,0.000869054
Moschun,s1__vh__baseline__skewness__min,9.2983246e-05,4.6458386e-05
Moschun,s1__vh__baseline__skewness__max,0.0074141026,0.0037139733
Moschun,s1__vh__baseline__skewness__max_abs_delta,0.0051261187,0.0025663534
Moschun,s1__vh__baseline__std__mean,0.0072538853,0.003633608
Moschun,s1__vh__baseline__std__p10,0.008562565,0.004290535
Moschun,s1__vh__baseline__std__p50,0.005974889,0.0029919348
Moschun,s1__vh__baseline__std__p90,0.0057657957,0.002887059
Moschun,s1__vh__baseline__std__std,0.004403472,0.002204174
Moschun,s1__vh__baseline__std__min,0.008128643,0.0040725213
Moschun,s1__vh__baseline__std__max,0.0063183308,0.00316415
Moschun,s1__vh__baseline__std__max_abs_delta,0.009397507,0.0047097555
Moschun,s1__vv__baseline__kurtosis__mean,0.0013785362,0.0006895113
Moschun,s1__vv__baseline__kurtosis__p10,0.0018649101,0.0009329644
Moschun,s1__vv__baseline__kurtosis__p50,0.0020343065,0.00101776
Moschun,s1__vv__baseline__kurtosis__p90,0.009460807,0.0047415537
Moschun,s1__vv__baseline__kurtosis__std,0.019760728,0.009929543
Moschun,s1__vv__baseline__kurtosis__min,0.0049717426,0.002488901
Moschun,s1__vv__baseline__kurtosis__max,0.021898866,0.011009841
Moschun,s1__vv__baseline__kurtosis__max_abs_delta,0.02055955,0.010332905
Moschun,s1__vv__baseline__max__mean,0.059090137,0.029990235
Moschun,s1__vv__baseline__max__p10,0.07077229,0.03602738
Moschun,s1__vv__baseline__max__p50,0.04590404,0.023219455
Moschun,s1__vv__baseline__max__p90,0.059051394,0.029970335
Moschun,s1__vv__baseline__max__std,0.03597951,0.018153515
Moschun,s1__vv__baseline__max__min,0.066952944,0.034049585
Moschun,s1__vv__baseline__max__max,0.060182452,0.030553242
Moschun,s1__vv__baseline__max__max_abs_delta,0.028865337,0.014537763
Moschun,s1__vv__baseline__mean__mean,0.09415424,0.048221316
Moschun,s1__vv__baseline__mean__p10,0.10321379,0.052986193
Moschun,s1__vv__baseline__mean__p50,0.07958794,0.040607404
Moschun,s1__vv__baseline__mean__p90,0.099377275,0.050965518
Moschun,s1__vv__baseline__mean__std,0.060654283,0.030796489
Moschun,s1__vv__baseline__mean__min,0.099084616,0.050811574
Moschun,s1__vv__baseline__mean__max,0.104928255,0.053890422
Moschun,s1__vv__baseline__mean__max_abs_delta,0.057898402,0.029376496
Moschun,s1__vv__baseline__median__mean,0.0942806,0.048287638
Moschun,s1__vv__baseline__median__p10,0.10180867,0.052245684
Moschun,s1__vv__baseline__median__p50,0.08330023,0.042542376
Moschun,s1__vv__baseline__median__p90,0.09377754,0.04802364
Moschun,s1__vv__baseline__median__std,0.047745824,0.024162535
Moschun,s1__vv__baseline__median__min,0.100038886,0.051313832
Moschun,s1__vv__baseline__median__max,0.102488995,0.052604176
Moschun,s1__vv__baseline__median__max_abs_delta,0.048796535,0.024700865
Moschun,s1__vv__baseline__min__mean,0.10262823,0.052677535
Moschun,s1__vv__baseline__min__p10,0.10258126,0.05265276
Moschun,s1__vv__baseline__min__p50,0.08800721,0.04500117
Moschun,s1__vv__baseline__min__p90,0.10693812,0.05495162
Moschun,s1__vv__baseline__min__std,0.056587815,0.028701963
Moschun,s1__vv__baseline__min__min,0.103695035,0.05323989
Moschun,s1__vv__baseline__min__max,0.11055517,0.056864217
Moschun,s1__vv__baseline__min__max_abs_delta,0.04953146,0.025077604
Moschun,s1__vv__baseline__skewness__mean,0.0013741255,0.00068734714
Moschun,s1__vv__baseline__skewness__p10,0.0024126768,0.0012071258
Moschun,s1__vv__baseline__skewness__p50,0.0034456253,0.0017243779
Moschun,s1__vv__baseline__skewness__p90,0.00013291836,6.642984e-05
Moschun,s1__vv__baseline__skewness__std,0.0027092695,0.0013554888
Moschun,s1__vv__baseline__skewness__min,0.00069880486,0.00034948438
Moschun,s1__vv__baseline__skewness__max,0.00010871887,5.4381355e-05
Moschun,s1__vv__baseline__skewness__max_abs_delta,0.00088071823,0.0004405328
Moschun,s1__vv__baseline__std__mean,0.015583754,0.007822429
Moschun,s1__vv__baseline__std__p10,0.021658301,0.0108882785
Moschun,s1__vv__baseline__std__p50,0.014283299,0.0071672956
Moschun,s1__vv__baseline__std__p90,0.015560508,0.0078107137
Moschun,s1__vv__baseline__std__std,0.004184723,0.0020945582
Moschun,s1__vv__baseline__std__min,0.025661945,0.012914019
Moschun,s1__vv__baseline__std__max,0.015439272,0.007749593
Moschun,s1__vv__baseline__std__max_abs_delta,0.003753543,0.001878504
Moschun,s1__coh__baseline__count__mean,0.5205653,0.3014871
Moschun,s1__coh__baseline__count__p10,0.86962986,0.5706021
Moschun,s1__coh__baseline__count__std,0.32773888,0.17897044
Moschun,s1__coh__baseline__count__min,0.2816627,0.1517901
Moschun,s1__coh__baseline__count__max_abs_delta,0.28166294,0.15179014
Moschun,s1__coh__baseline__max__mean,0.012781024,0.0064109894
Moschun,s1__coh__baseline__max__p10,0.021445513,0.010780659
Moschun,s1__coh__baseline__max__p50,0.005278468,0.0026426462
Moschun,s1__coh__baseline__max__p90,0.004155278,0.0020798119
Moschun,s1__coh__baseline__max__std,0.014983416,0.0075199455
Moschun,s1__coh__baseline__max__min,0.020362735,0.010233511
Moschun,s1__coh__baseline__max__max,0.005993843,0.0030014291
Moschun,s1__coh__baseline__max__max_abs_delta,0.010454178,0.0052407943
Moschun,s1__coh__baseline__mean__mean,0.01533401,0.007696637
Moschun,s1__coh__baseline__mean__p10,0.020386338,0.010245462
Moschun,s1__coh__baseline__mean__p50,0.012043357,0.006039837
Moschun,s1__coh__baseline__mean__p90,0.010031581,0.0050284048
Moschun,s1__coh__baseline__mean__std,0.002632141,0.0013169101
Moschun,s1__coh__baseline__mean__min,0.018216252,0.009149853
Moschun,s1__coh__baseline__mean__max,0.010433197,0.0052302787
Moschun,s1__coh__baseline__mean__max_abs_delta,4.518032e-05,2.2617263e-05
Moschun,s1__coh__baseline__median__mean,0.013378382,0.0067116944
Moschun,s1__coh__baseline__median__p10,0.017944336,0.009012598
Moschun,s1__coh__baseline__median__p50,0.011158109,0.0055946796
Moschun,s1__coh__baseline__median__p90,0.0073053837,0.0036593406
Moschun,s1__coh__baseline__median__std,0.002213955,0.0011076444
Moschun,s1__coh__baseline__median__min,0.019485474,0.009790429
Moschun,s1__coh__baseline__median__max,0.011120915,0.005575972
Moschun,s1__coh__baseline__median__max_abs_delta,0.0012139082,0.0006070825
Moschun,s1__coh__baseline__min__mean,0.02063477,0.010371012
Moschun,s1__coh__baseline__min__p10,0.014110565,0.00708027
Moschun,s1__coh__baseline__min__p50,0.020938873,0.010524606
Moschun,s1__coh__baseline__min__p90,0.021165013,0.010638843
Moschun,s1__coh__baseline__min__std,0.008871198,0.0044454765
Moschun,s1__coh__baseline__min__min,0.008373618,0.0041955877
Moschun,s1__coh__baseline__min__max,0.016851664,0.008461525
Moschun,s1__coh__baseline__min__max_abs_delta,0.010211945,0.0051189703
Moschun,s1__coh__baseline__std__mean,0.018070936,0.009076594
Moschun,s1__coh__baseline__std__p10,0.03475058,0.017527934
Moschun,s1__coh__baseline__std__p50,0.012289286,0.0061635086
Moschun,s1__coh__baseline__std__p90,0.004552126,0.0022786683
Moschun,s1__coh__baseline__std__std,0.016664505,0.008367103
Moschun,s1__coh__baseline__std__min,0.025648475,0.0129071865
Moschun,s1__coh__baseline__std__max,0.0002374649,0.00011874806
Moschun,s1__coh__baseline__std__max_abs_delta,0.015558362,0.0078095836
Okhtyrka,s1__vh__baseline__kurtosis__mean,0.04369068,0.022087513
Okhtyrka,s1__vh__baseline__kurtosis__p10,0.04230237,0.02137804
Okhtyrka,s1__vh__baseline__kurtosis__p50,0.055051565,0.027911758
Okhtyrka,s1__vh__baseline__kurtosis__p90,0.012190223,0.006113796
Okhtyrka,s1__vh__baseline__kurtosis__std,0.0065534115,0.003282095
Okhtyrka,s1__vh__baseline__kurtosis__min,0.03642416,0.018379956
Okhtyrka,s1__vh__baseline__kurtosis__max,0.0069488287,0.003480449
Okhtyrka,s1__vh__baseline__kurtosis__max_abs_delta,0.006381035,0.0031956523
Okhtyrka,s1__vh__baseline__max__mean,0.011684179,0.005859255
Okhtyrka,s1__vh__baseline__max__p10,0.022380948,0.011253585
Okhtyrka,s1__vh__baseline__max__p50,0.012085795,0.0060612587
Okhtyrka,s1__vh__baseline__max__p90,0.0011153221,0.0005578411
Okhtyrka,s1__vh__baseline__max__std,0.030346274,0.015289446
Okhtyrka,s1__vh__baseline__max__min,0.027812958,0.014004069
Okhtyrka,s1__vh__baseline__max__max,0.0020999908,0.0010505241
Okhtyrka,s1__vh__baseline__max__max_abs_delta,0.026477933,0.0133274
Okhtyrka,s1__vh__baseline__mean__mean,0.02153027,0.010823527
Okhtyrka,s1__vh__baseline__mean__p10,0.029550433,0.014885511
Okhtyrka,s1__vh__baseline__mean__p50,0.02638352,0.01327947
Okhtyrka,s1__vh__baseline__mean__p90,0.009359121,0.004690568
Okhtyrka,s1__vh__baseline__mean__std,0.012327671,0.006182891
Okhtyrka,s1__vh__baseline__mean__min,0.026006818,0.0130886575
Okhtyrka,s1__vh__baseline__mean__max,0.010212421,0.0051193214
Okhtyrka,s1__vh__baseline__mean__max_abs_delta,0.010476589,0.0052520763
Okhtyrka,s1__vh__baseline__median__mean,0.0153365135,0.007697855
Okhtyrka,s1__vh__baseline__median__p10,0.022747993,0.0114391465
Okhtyrka,s1__vh__baseline__median__p50,0.014027357,0.007038417
Okhtyrka,s1__vh__baseline__median__p90,0.0047552586,0.0023804773
Okhtyrka,s1__vh__baseline__median__std,0.011095405,0.005563192
Okhtyrka,s1__vh__baseline__median__min,0.023314118,0.011725488
Okhtyrka,s1__vh__baseline__median__max,0.0071023703,0.0035574734
Okhtyrka,s1__vh__baseline__median__max_abs_delta,0.009320855,0.004671305
Okhtyrka,s1__vh__baseline__min__mean,0.03686607,0.018605059
Okhtyrka,s1__vh__baseline__min__p10,0.033571362,0.016928146
Okhtyrka,s1__vh__baseline__min__p50,0.033155322,0.016716631
Okhtyrka,s1__vh__baseline__min__p90,0.03182876,0.016042367
Okhtyrka,s1__vh__baseline__min__std,0.011590719,0.0058122105
Okhtyrka,s1__vh__baseline__min__min,0.024706364,0.012430046
Okhtyrka,s1__vh__baseline__min__max,0.02641058,0.013293267
Okhtyrka,s1__vh__baseline__min__max_abs_delta,0.008682609,0.004350774
Okhtyrka,s1__vh__baseline__skewness__mean,0.013741374,0.006894317
Okhtyrka,s1__vh__baseline__skewness__p10,0.006532192,0.0032714114
Okhtyrka,s1__vh__baseline__skewness__p50,0.021129131,0.01062073
Okhtyrka,s1__vh__baseline__skewness__p90,0.010974884,0.0055025094
Okhtyrka,s1__vh__baseline__skewness__std,0.0018690825,0.00093497214
Okhtyrka,s1__vh__baseline__skewness__min,0.0036911964,0.001847386
Okhtyrka,s1__vh__baseline__skewness__max,0.008145094,0.004080792
Okhtyrka,s1__vh__baseline__skewness__max_abs_delta,0.0009498596,0.00047499393
Okhtyrka,s1__vh__baseline__std__mean,0.021756887,0.010938079
Okhtyrka,s1__vh__baseline__std__p10,0.014211655,0.0071311556
Okhtyrka,s1__vh__baseline__std__p50,0.017154336,0.0086141545
Okhtyrka,s1__vh__baseline__std__p90,0.025967121,0.013068581
Okhtyrka,s1__vh__baseline__std__std,0.024193764,0.012170587
Okhtyrka,s1__vh__baseline__std__min,0.015646458,0.007853945
Okhtyrka,s1__vh__baseline__std__max,0.01929903,0.009696354
Okhtyrka,s1__vh__baseline__std__max_abs_delta,0.0230366,0.011585134
Okhtyrka,s1__vv__baseline__kurtosis__mean,0.0052062273,0.0026065647
Okhtyrka,s1__vv__baseline__kurtosis__p10,0.013189554,0.006616667
Okhtyrka,s1__vv__baseline__kurtosis__p50,0.0023738146,0.0011876025
Okhtyrka,s1__vv__baseline__kurtosis__p90,0.007039666,0.003526002
Okhtyrka,s1__vv__baseline__kurtosis__std,0.04017341,0.020291185
Okhtyrka,s1__vv__baseline__kurtosis__min,0.01242137,0.00623006
Okhtyrka,s1__vv__baseline__kurtosis__max,0.01386559,0.006956917
Okhtyrka,s1__vv__baseline__kurtosis__max_abs_delta,0.04995644,0.025295453
Okhtyrka,s1__vv__baseline__max__mean,0.05071509,0.025684644
Okhtyrka,s1__vv__baseline__max__p10,0.028832197,0.014520951
Okhtyrka,s1__vv__baseline__max__p50,0.042569995,0.021514801
Okhtyrka,s1__vv__baseline__max__p90,0.06434584,0.03270191
Okhtyrka,s1__vv__baseline__max__std,0.015279889,0.00766932
Okhtyrka,s1__vv__baseline__max__min,0.026702404,0.013441227
Okhtyrka,s1__vv__baseline__max__max,0.06413317,0.03259205
Okhtyrka,s1__vv__baseline__max__max_abs_delta,0.021980047,0.011050806
Okhtyrka,s1__vv__baseline__mean__mean,0.06350911,0.03226974
Okhtyrka,s1__vv__baseline__mean__p10,0.038448334,0.019411396
Okhtyrka,s1__vv__baseline__mean__p50,0.04701507,0.023788292
Okhtyrka,s1__vv__baseline__mean__p90,0.09079862,0.046462167
Okhtyrka,s1__vv__baseline__mean__std,0.0508101,0.025733318
Okhtyrka,s1__vv__baseline__mean__min,0.03731394,0.01883319
Okhtyrka,s1__vv__baseline__mean__max,0.087966084,0.044979632
Okhtyrka,s1__vv__baseline__mean__max_abs_delta,0.057448745,0.029145073
Okhtyrka,s1__vv__baseline__median__mean,0.06142664,0.031194866
Okhtyrka,s1__vv__baseline__median__p10,0.044339538,0.022419278
Okhtyrka,s1__vv__baseline__median__p50,0.047047377,0.023804745
Okhtyrka,s1__vv__baseline__median__p90,0.08492589,0.043390825
Okhtyrka,s1__vv__baseline__median__std,0.07422602,0.03781919
Okhtyrka,s1__vv__baseline__median__min,0.043499112,0.02198962
Okhtyrka,s1__vv__baseline__median__max,0.08013141,0.040890373
Okhtyrka,s1__vv__baseline__median__max_abs_delta,0.06293213,0.031971782
Okhtyrka,s1__vv__baseline__min__mean,0.07506311,0.03825406
Okhtyrka,s1__vv__baseline__min__p10,0.04597366,0.023255123
Okhtyrka,s1__vv__baseline__min__p50,0.05609572,0.028448667
Okhtyrka,s1__vv__baseline__min__p90,0.11255312,0.057922147
Okhtyrka,s1__vv__baseline__min__std,0.05865419,0.029765682
Okhtyrka,s1__vv__baseline__min__min,0.040420294,0.02041723
Okhtyrka,s1__vv__baseline__min__max,0.12038422,0.06207977
Okhtyrka,s1__vv__baseline__min__max_abs_delta,0.07216573,0.03674991
Okhtyrka,s1__vv__baseline__skewness__mean,0.011080503,0.0055556754
Okhtyrka,s1__vv__baseline__skewness__p10,0.020861864,0.010485688
Okhtyrka,s1__vv__baseline__skewness__p50,0.01650095,0.008284698
Okhtyrka,s1__vv__baseline__skewness__p90,0.005598426,0.0028031087
Okhtyrka,s1__vv__baseline__skewness__std,0.009714246,0.004868999
Okhtyrka,s1__vv__baseline__skewness__min,0.038580775,0.019478818
Okhtyrka,s1__vv__baseline__skewness__max,0.004578948,0.0022920365
Okhtyrka,s1__vv__baseline__skewness__max_abs_delta,0.012130618,0.006083827
Okhtyrka,s1__vv__baseline__std__mean,0.008747101,0.004383096
Okhtyrka,s1__vv__baseline__std__p10,0.015941381,0.008002651
Okhtyrka,s1__vv__baseline__std__p50,0.0034720898,0.0017375387
Okhtyrka,s1__vv__baseline__std__p90,0.0021585226,0.0010798721
Okhtyrka,s1__vv__baseline__std__std,0.05542767,0.02810515
Okhtyrka,s1__vv__baseline__std__min,0.02295661,0.011544636
Okhtyrka,s1__vv__baseline__std__max,0.002139926,0.0010705251
Okhtyrka,s1__vv__baseline__std__max_abs_delta,0.058796167,0.029838791
Okhtyrka,s1__coh__baseline__count__mean,0.018659115,0.009373346
Okhtyrka,s1__coh__baseline__count__p10,0.04525137,0.022885576
Okhtyrka,s1__coh__baseline__count__std,0.0021853447,0.0010932827
Okhtyrka,s1__coh__baseline__count__min,0.0004287958,0.0002144632
Okhtyrka,s1__coh__baseline__count__max_abs_delta,0.0004287958,0.00021445926
Okhtyrka,s1__coh__baseline__max__mean,0.023187995,0.01166169
Okhtyrka,s1__coh__baseline__max__p10,0.006983876,0.0034980928
Okhtyrka,s1__coh__baseline__max__p50,0.012011528,0.006023934
Okhtyrka,s1__coh__baseline__max__p90,0.050372362,0.025508793
Okhtyrka,s1__coh__baseline__max__std,0.020338416,0.010221312
Okhtyrka,s1__coh__baseline__max__min,0.016205668,0.008135794
Okhtyrka,s1__coh__baseline__max__max,0.059972882,0.030445216
Okhtyrka,s1__coh__baseline__max__max_abs_delta,0.019592524,0.009844585
Okhtyrka,s1__coh__baseline__mean__mean,0.018973947,0.009532233
Okhtyrka,s1__coh__baseline__mean__p10,0.0033187866,0.0016607869
Okhtyrka,s1__coh__baseline__mean__p50,0.020424604,0.010264775
Okhtyrka,s1__coh__baseline__mean__p90,0.037500143,0.018927997
Okhtyrka,s1__coh__baseline__mean__std,0.07962811,0.040628277
Okhtyrka,s1__coh__baseline__mean__min,0.026881933,0.0135321375
Okhtyrka,s1__coh__baseline__mean__max,0.036508918,0.018423136
Okhtyrka,s1__coh__baseline__mean__max_abs_delta,0.041927695,0.02118668
Okhtyrka,s1__coh__baseline__median__mean,0.020315886,0.010209938
Okhtyrka,s1__coh__baseline__median__p10,0.003955364,0.001979623
Okhtyrka,s1__coh__baseline__median__p50,0.028448582,0.01432646
Okhtyrka,s1__coh__baseline__median__p90,0.038783073,0.01958197
Okhtyrka,s1__coh__baseline__median__std,0.08745837,0.044714175
Okhtyrka,s1__coh__baseline__median__min,0.029684305,0.014953372
Okhtyrka,s1__coh__baseline__median__max,0.03540206,0.017859528
Okhtyrka,s1__coh__baseline__median__max_abs_delta,0.07285905,0.037109666
Okhtyrka,s1__coh__baseline__min__mean,0.0099874735,0.0050062933
Okhtyrka,s1__coh__baseline__min__p10,0.0010107756,0.0005055329
Okhtyrka,s1__coh__baseline__min__p50,0.011661053,0.0058476124
Okhtyrka,s1__coh__baseline__min__p90,0.028424382,0.014314117
Okhtyrka,s1__coh__baseline__min__std,0.06808245,0.03463406
Okhtyrka,s1__coh__baseline__min__min,0.005438447,0.002722958
Okhtyrka,s1__coh__baseline__min__max,0.024094462,0.012120324
Okhtyrka,s1__coh__baseline__min__max_abs_delta,0.03140378,0.015826495
Okhtyrka,s1__coh__baseline__std__mean,0.002114892,0.001057989
Okhtyrka,s1__coh__baseline__std__p10,0.0015068054,0.0007537173
Okhtyrka,s1__coh__baseline__std__p50,0.005682707,0.002845388
Okhtyrka,s1__coh__baseline__std__p90,0.0033099651,0.0016563634
Okhtyrka,s1__coh__baseline__std__std,0.0065484047,0.0032795914
Okhtyrka,s1__coh__baseline__std__min,0.0011587143,0.0005796021
Okhtyrka,s1__coh__baseline__std__max,0.008056283,0.0040362845
Okhtyrka,s1__coh__baseline__std__max_abs_delta,0.007139683,0.0035763215
Rubizhne,s1__vh__baseline__kurtosis__mean,0.00067031384,0.00033528655
Rubizhne,s1__vh__baseline__kurtosis__p10,0.0007919073,0.0003960895
Rubizhne,s1__vh__baseline__kurtosis__p50,0.00035715103,0.00017855148
Rubizhne,s1__vh__baseline__kurtosis__p90,0.0007324219,0.00036623495
Rubizhne,s1__vh__baseline__kurtosis__std,0.0010558367,0.00052801066
Rubizhne,s1__vh__baseline__kurtosis__min,8.714199e-05,4.3586777e-05
Rubizhne,s1__vh__baseline__kurtosis__max,0.00096940994,0.0004848513
Rubizhne,s1__vh__baseline__kurtosis__max_abs_delta,0.0011576414,0.0005790625
Rubizhne,s1__vh__baseline__max__mean,0.01777494,0.008927157
Rubizhne,s1__vh__baseline__max__p10,0.012604594,0.006322251
Rubizhne,s1__vh__baseline__max__p50,0.016935706,0.00850395
Rubizhne,s1__vh__baseline__max__p90,0.021416306,0.010765964
Rubizhne,s1__vh__baseline__max__std,0.019552588,0.009824351
Rubizhne,s1__vh__baseline__max__min,0.010793924,0.0054115956
Rubizhne,s1__vh__baseline__max__max,0.02253306,0.011330518
Rubizhne,s1__vh__baseline__max__max_abs_delta,0.018075466,0.009078881
Rubizhne,s1__vh__baseline__mean__mean,0.017105341,0.008589415
Rubizhne,s1__vh__baseline__mean__p10,0.011983633,0.0060098367
Rubizhne,s1__vh__baseline__mean__p50,0.01749289,0.008784929
Rubizhne,s1__vh__baseline__mean__p90,0.020509124,0.010307543
Rubizhne,s1__vh__baseline__mean__std,0.016960263,0.0085163005
Rubizhne,s1__vh__baseline__mean__min,0.011229157,0.0056304825
Rubizhne,s1__vh__baseline__mean__max,0.02171743,0.010918128
Rubizhne,s1__vh__baseline__mean__max_abs_delta,0.016444921,0.00825644
Rubizhne,s1__vh__baseline__median__mean,0.015690446,0.007876081
Rubizhne,s1__vh__baseline__median__p10,0.011129022,0.005580122
Rubizhne,s1__vh__baseline__median__p50,0.016909838,0.0084908735
Rubizhne,s1__vh__baseline__median__p90,0.019669533,0.009883516
Rubizhne,s1__vh__baseline__median__std,0.015856028,0.00795964
Rubizhne,s1__vh__baseline__median__min,0.00898695,0.004503588
Rubizhne,s1__vh__baseline__median__max,0.02058649,0.010346607
Rubizhne,s1__vh__baseline__median__max_abs_delta,0.014712691,0.007383593
Rubizhne,s1__vh__baseline__min__mean,0.0170995,0.008586512
Rubizhne,s1__vh__baseline__min__p10,0.01051712,0.0052724397
Rubizhne,s1__vh__baseline__min__p50,0.016804338,0.008437657
Rubizhne,s1__vh__baseline__min__p90,0.020608187,0.0103575345
Rubizhne,s1__vh__baseline__min__std,0.002459526,0.0012305323
Rubizhne,s1__vh__baseline__min__min,0.009811044,0.0049176156
Rubizhne,s1__vh__baseline__min__max,0.020928979,0.010519579
Rubizhne,s1__vh__baseline__min__max_abs_delta,0.001760602,0.00088075304
Rubizhne,s1__vh__baseline__skewness__mean,0.005816698,0.00291256
Rubizhne,s1__vh__baseline__skewness__p10,0.00507164,0.0025390522
Rubizhne,s1__vh__baseline__skewness__p50,0.004770994,0.0023883572
Rubizhne,s1__vh__baseline__skewness__p90,0.0024545193,0.0012280319
Rubizhne,s1__vh__baseline__skewness__std,0.0018640757,0.0009324981
Rubizhne,s1__vh__baseline__skewness__min,0.00513196,0.0025692296
Rubizhne,s1__vh__baseline__skewness__max,0.0017665625,0.000883664
Rubizhne,s1__vh__baseline__skewness__max_abs_delta,0.0040433407,0.002023762
Rubizhne,s1__vh__baseline__std__mean,0.002752304,0.0013771486
Rubizhne,s1__vh__baseline__std__p10,0.0005813837,0.0002906623
Rubizhne,s1__vh__baseline__std__p50,0.0025951862,0.0012984973
Rubizhne,s1__vh__baseline__std__p90,0.004567027,0.0022860977
Rubizhne,s1__vh__baseline__std__std,0.007415533,0.0037145584
Rubizhne,s1__vh__baseline__std__min,0.0012896061,0.000644992
Rubizhne,s1__vh__baseline__std__max,0.005785942,0.0028972363
Rubizhne,s1__vh__baseline__std__max_abs_delta,0.008748293,0.004383728
Rubizhne,s1__vv__baseline__kurtosis__mean,0.0005649328,0.00028242343
Rubizhne,s1__vv__baseline__kurtosis__p10,0.0006504059,0.00032521947
Rubizhne,s1__vv__baseline__kurtosis__p50,0.0001757145,8.7903245e-05
Rubizhne,s1__vv__baseline__kurtosis__p90,0.0008198023,0.00040999884
Rubizhne,s1__vv__baseline__kurtosis__std,9.6678734e-05,4.834259e-05
Rubizhne,s1__vv__baseline__kurtosis__min,0.00041365623,0.00020677003
Rubizhne,s1__vv__baseline__kurtosis__max,0.0011582375,0.00057930517
Rubizhne,s1__vv__baseline__kurtosis__max_abs_delta,0.00035500526,0.00017756768
Rubizhne,s1__vv__baseline__max__mean,0.0017197132,0.0008601706
Rubizhne,s1__vv__baseline__max__p10,0.0014449358,0.0007226734
Rubizhne,s1__vv__baseline__max__p50,0.0012828112,0.00064159546
Rubizhne,s1__vv__baseline__max__p90,0.0020498037,0.0010254364
Rubizhne,s1__vv__baseline__max__std,0.0011914968,0.0005959142
Rubizhne,s1__vv__baseline__max__min,0.0017940998,0.00089743314
Rubizhne,s1__vv__baseline__max__max,0.0021826029,0.0010918645
Rubizhne,s1__vv__baseline__max__max_abs_delta,0.00069379807,0.00034698582
Rubizhne,s1__vv__baseline__mean__mean,0.0025047064,0.0012531643
Rubizhne,s1__vv__baseline__mean__p10,0.0028077364,0.0014048736
Rubizhne,s1__vv__baseline__mean__p50,0.0020217896,0.001011425
Rubizhne,s1__vv__baseline__mean__p90,0.0023807287,0.0011911241
Rubizhne,s1__vv__baseline__mean__std,0.00029313564,0.00014663489
Rubizhne,s1__vv__baseline__mean__min,0.0033421516,0.0016724459
Rubizhne,s1__vv__baseline__mean__max,0.0022917986,0.001146483
Rubizhne,s1__vv__baseline__mean__max_abs_delta,0.00010454655,5.2309708e-05
Rubizhne,s1__vv__baseline__median__mean,0.0029697418,0.0014858902
Rubizhne,s1__vv__baseline__median__p10,0.0029785633,0.0014903988
Rubizhne,s1__vv__baseline__median__p50,0.0023994446,0.001200448
Rubizhne,s1__vv__baseline__median__p90,0.002954483,0.0014783521
Rubizhne,s1__vv__baseline__median__std,0.0003736019,0.00018680772
Rubizhne,s1__vv__baseline__median__min,0.003991008,0.0019974473
Rubizhne,s1__vv__baseline__median__max,0.00302732,0.0015148269
Rubizhne,s1__vv__baseline__median__max_abs_delta,0.00016582012,8.289976e-05
Rubizhne,s1__vv__baseline__min__mean,0.0019363165,0.0009686507
Rubizhne,s1__vv__baseline__min__p10,0.0026746988,0.0013381838
Rubizhne,s1__vv__baseline__min__p50,0.0018404722,0.00092071586
Rubizhne,s1__vv__baseline__min__p90,0.0013408661,0.0006706735
Rubizhne,s1__vv__baseline__min__std,0.00018668175,9.32625e-05
Rubizhne,s1__vv__baseline__min__min,0.003166318,0.0015844866
Rubizhne,s1__vv__baseline__min__max,0.0012464523,0.0006234759
Rubizhne,s1__vv__baseline__min__max_abs_delta,0.00031280518,0.00015633878
Rubizhne,s1__vv__baseline__skewness__mean,0.0062276125,0.0031187087
Rubizhne,s1__vv__baseline__skewness__p10,0.00765419,0.003834418
Rubizhne,s1__vv__baseline__skewness__p50,0.003951311,0.001977614
Rubizhne,s1__vv__baseline__skewness__p90,0.004779339,0.0023925218
Rubizhne,s1__vv__baseline__skewness__std,0.0010846853,0.000542492
Rubizhne,s1__vv__baseline__skewness__min,0.008595347,0.004306956
Rubizhne,s1__vv__baseline__skewness__max,0.0038273335,0.0019155131
Rubizhne,s1__vv__baseline__skewness__max_abs_delta,0.0013129711,0.00065669126
Rubizhne,s1__vv__baseline__std__mean,0.0010362864,0.0005183141
Rubizhne,s1__vv__baseline__std__p10,0.0013991594,0.0006998096
Rubizhne,s1__vv__baseline__std__p50,0.0019317865,0.00096636836
Rubizhne,s1__vv__baseline__std__p90,0.0006314516,0.00031578803
Rubizhne,s1__vv__baseline__std__std,0.00052440166,0.0002622651
Rubizhne,s1__vv__baseline__std__min,0.00037670135,0.00018842905
Rubizhne,s1__vv__baseline__std__max,0.0003130436,0.00015652966
Rubizhne,s1__vv__baseline__std__max_abs_delta,0.00013005733,6.500118e-05
Sievierodonetsk,s1__vh__baseline__kurtosis__mean,0.00070655346,0.00035336733
Sievierodonetsk,s1__vh__baseline__kurtosis__p10,0.0005354881,0.0002677783
Sievierodonetsk,s1__vh__baseline__kurtosis__p50,0.0010117292,0.0005059454
Sievierodonetsk,s1__vh__baseline__kurtosis__p90,0.0006260872,0.00031308673
Sievierodonetsk,s1__vh__baseline__kurtosis__std,7.069111e-05,3.53957e-05
Sievierodonetsk,s1__vh__baseline__kurtosis__min,0.0010834932,0.0005418404
Sievierodonetsk,s1__vh__baseline__kurtosis__max,0.00040757656,0.00020376872
Sievierodonetsk,s1__vh__baseline__kurtosis__max_abs_delta,0.00020980835,0.00010496648
Sievierodonetsk,s1__vh__baseline__max__mean,0.007467985,0.003741011
Sievierodonetsk,s1__vh__baseline__max__p10,0.014748573,0.007401556
Sievierodonetsk,s1__vh__baseline__max__p50,0.009277463,0.0046495055
Sievierodonetsk,s1__vh__baseline__max__p90,0.0072356462,0.003624362
Sievierodonetsk,s1__vh__baseline__max__std,0.03781998,0.01909103
Sievierodonetsk,s1__vh__baseline__max__min,0.021258235,0.010686047
Sievierodonetsk,s1__vh__baseline__max__max,0.006471157,0.0032408386
Sievierodonetsk,s1__vh__baseline__max__max_abs_delta,0.03784454,0.0191036
Sievierodonetsk,s1__vh__baseline__mean__mean,0.0063966513,0.0032034435
Sievierodonetsk,s1__vh__baseline__mean__p10,0.012455702,0.0062472695
Sievierodonetsk,s1__vh__baseline__mean__p50,0.0067284107,0.0033699013
Sievierodonetsk,s1__vh__baseline__mean__p90,0.0063295364,0.003169709
Sievierodonetsk,s1__vh__baseline__mean__std,0.033516526,0.016900223
Sievierodonetsk,s1__vh__baseline__mean__min,0.016552806,0.008310923
Sievierodonetsk,s1__vh__baseline__mean__max,0.005981326,0.002995091
Sievierodonetsk,s1__vh__baseline__mean__max_abs_delta,0.033000946,0.016638195
Sievierodonetsk,s1__vh__baseline__median__mean,0.0067765713,0.003394018
Sievierodonetsk,s1__vh__baseline__median__p10,0.01193881,0.005987333
Sievierodonetsk,s1__vh__baseline__median__p50,0.0069206953,0.0034663577
Sievierodonetsk,s1__vh__baseline__median__p90,0.0064133406,0.0032118259
Sievierodonetsk,s1__vh__baseline__median__std,0.030426979,0.015330422
Sievierodonetsk,s1__vh__baseline__median__min,0.015767574,0.007915065
Sievierodonetsk,s1__vh__baseline__median__max,0.0060727596,0.0030410225
Sievierodonetsk,s1__vh__baseline__median__max_abs_delta,0.030338764,0.015285628
Sievierodonetsk,s1__vh__baseline__min__mean,0.0045832396,0.002294182
Sievierodonetsk,s1__vh__baseline__min__p10,0.006750822,0.0033811904
Sievierodonetsk,s1__vh__baseline__min__p50,0.0047256947,0.0023656478
Sievierodonetsk,s1__vh__baseline__min__p90,0.0044544935,0.0022297632
Sievierodonetsk,s1__vh__baseline__min__std,0.018512487,0.0092993295
Sievierodonetsk,s1__vh__baseline__min__min,0.007086754,0.0035497155
Sievierodonetsk,s1__vh__baseline__min__max,0.004589319,0.002297251
Sievierodonetsk,s1__vh__baseline__min__max_abs_delta,0.01785314,0.008966619
Sievierodonetsk,s1__vh__baseline__skewness__mean,0.0020452738,0.0010231513
Sievierodonetsk,s1__vh__baseline__skewness__p10,0.0018213987,0.0009111611
Sievierodonetsk,s1__vh__baseline__skewness__p50,0.0017676353,0.0008842611
Sievierodonetsk,s1__vh__baseline__skewness__p90,0.0019654036,0.000983114
Sievierodonetsk,s1__vh__baseline__skewness__std,0.0013202429,0.0006603986
Sievierodonetsk,s1__vh__baseline__skewness__min,0.0018308163,0.0009158515
Sievierodonetsk,s1__vh__baseline__skewness__max,0.000931859,0.00046609843
Sievierodonetsk,s1__vh__baseline__skewness__max_abs_delta,0.0011097193,0.00055492
Sievierodonetsk,s1__vh__baseline__std__mean,0.0015677214,0.0007841883
Sievierodonetsk,s1__vh__baseline__std__p10,0.002474904,0.0012381892
Sievierodonetsk,s1__vh__baseline__std__p50,0.0018184185,0.00090957567
Sievierodonetsk,s1__vh__baseline__std__p90,0.0003170967,0.00015853888
Sievierodonetsk,s1__vh__baseline__std__std,0.005798459,0.0029034307
Sievierodonetsk,s1__vh__baseline__std__min,0.002149582,0.0010753468
Sievierodonetsk,s1__vh__baseline__std__max,0.00060236454,0.00030118332
Sievierodonetsk,s1__vh__baseline__std__max_abs_delta,0.006286502,0.003148244
Sievierodonetsk,s1__vv__baseline__kurtosis__mean,0.0018029213,0.00090182154
Sievierodonetsk,s1__vv__baseline__kurtosis__p10,0.0022354126,0.0011183093
Sievierodonetsk,s1__vv__baseline__kurtosis__p50,0.001335144,0.0006678732
Sievierodonetsk,s1__vv__baseline__kurtosis__p90,0.0007544756,0.00037736277
Sievierodonetsk,s1__vv__baseline__kurtosis__std,0.0022215843,0.0011114026
Sievierodonetsk,s1__vv__baseline__kurtosis__min,0.0038621426,0.0019329429
Sievierodonetsk,s1__vv__baseline__kurtosis__max,0.00096678734,0.00048356428
Sievierodonetsk,s1__vv__baseline__kurtosis__max_abs_delta,0.002325058,0.0011631823
Sievierodonetsk,s1__vv__baseline__max__mean,0.005977154,0.0029930656
Sievierodonetsk,s1__vv__baseline__max__p10,0.01206243,0.006049468
Sievierodonetsk,s1__vv__baseline__max__p50,0.0047115088,0.0023585316
Sievierodonetsk,s1__vv__baseline__max__p90,0.0032491684,0.0016258808
Sievierodonetsk,s1__vv__baseline__max__std,0.00810957,0.0040630302
Sievierodonetsk,s1__vv__baseline__max__min,0.016630173,0.0083499085
Sievierodonetsk,s1__vv__baseline__max__max,0.0035642385,0.0017837044
Sievierodonetsk,s1__vv__baseline__max__max_abs_delta,0.008349776,0.004183646
Sievierodonetsk,s1__vv__baseline__mean__mean,0.009925365,0.004975103
Sievierodonetsk,s1__vv__baseline__mean__p10,0.0164572,0.00826262
Sievierodonetsk,s1__vv__baseline__mean__p50,0.0077557564,0.003885351
Sievierodonetsk,s1__vv__baseline__mean__p90,0.0066856146,0.0033484604
Sievierodonetsk,s1__vv__baseline__mean__std,0.0060145855,0.0030118935
Sievierodonetsk,s1__vv__baseline__mean__min,0.020259142,0.010181278
Sievierodonetsk,s1__vv__baseline__mean__max,0.0073509216,0.003682232
Sievierodonetsk,s1__vv__baseline__mean__max_abs_delta,0.0068876743,0.0034498707
Sievierodonetsk,s1__vv__baseline__median__mean,0.011510372,0.005771772
Sievierodonetsk,s1__vv__baseline__median__p10,0.01785171,0.008965871
Sievierodonetsk,s1__vv__baseline__median__p50,0.009229422,0.004625441
Sievierodonetsk,s1__vv__baseline__median__p90,0.008336425,0.004176909
Sievierodonetsk,s1__vv__baseline__median__std,0.0054324865,0.0027199811
Sievierodonetsk,s1__vv__baseline__median__min,0.020522714,0.01031428
Sievierodonetsk,s1__vv__baseline__median__max,0.008985043,0.0045026015
Sievierodonetsk,s1__vv__baseline__median__max_abs_delta,0.0051625967,0.002584685
Sievierodonetsk,s1__vv__baseline__min__mean,0.010054946,0.005040179
Sievierodonetsk,s1__vv__baseline__min__p10,0.015573978,0.007817415
Sievierodonetsk,s1__vv__baseline__min__p50,0.008119106,0.0040677655
Sievierodonetsk,s1__vv__baseline__min__p90,0.006671071,0.0033411244
Sievierodonetsk,s1__vv__baseline__min__std,0.0028508902,0.0014264456
Sievierodonetsk,s1__vv__baseline__min__min,0.016364694,0.008215977
Sievierodonetsk,s1__vv__baseline__min__max,0.006964922,0.0034885749
Sievierodonetsk,s1__vv__baseline__min__max_abs_delta,0.0032998323,0.0016513818
Sievierodonetsk,s1__vv__baseline__skewness__mean,0.006020546,0.0030148237
Sievierodonetsk,s1__vv__baseline__skewness__p10,0.00831151,0.004164479
Sievierodonetsk,s1__vv__baseline__skewness__p50,0.005487323,0.0027473825
Sievierodonetsk,s1__vv__baseline__skewness__p90,0.0035506487,0.001776979
Sievierodonetsk,s1__vv__baseline__skewness__std,0.0010921955,0.00054618047
Sievierodonetsk,s1__vv__baseline__skewness__min,0.008589387,0.004304012
Sievierodonetsk,s1__vv__baseline__skewness__max,0.0027058125,0.001353729
Sievierodonetsk,s1__vv__baseline__skewness__max_abs_delta,0.0012087822,0.0006045405
Sievierodonetsk,s1__vv__baseline__std__mean,0.00444901,0.0022270042
Sievierodonetsk,s1__vv__baseline__std__p10,0.002414465,0.0012080149
Sievierodonetsk,s1__vv__baseline__std__p50,0.0052058697,0.0026062676
Sievierodonetsk,s1__vv__baseline__std__p90,0.0051903725,0.002598586
Sievierodonetsk,s1__vv__baseline__std__std,0.008164167,0.0040904167
Sievierodonetsk,s1__vv__baseline__std__min,0.0024873018,0.0012444381
Sievierodonetsk,s1__vv__baseline__std__max,0.005218029,0.0026123498
Sievierodonetsk,s1__vv__baseline__std__max_abs_delta,0.0070250034,0.003518621
Sievierodonetsk,s1__coh__baseline__count__mean,0.059007883,0.029947927
Sievierodonetsk,s1__coh__baseline__count__p10,0.057822704,0.029337524
Sievierodonetsk,s1__coh__baseline__count__std,0.0072972775,0.0036552912
Sievierodonetsk,s1__coh__baseline__count__min,0.0036760569,0.0018397012
Sievierodonetsk,s1__coh__baseline__count__max_abs_delta,0.0036760569,0.0018397028
Sievierodonetsk,s1__coh__baseline__max__mean,0.0002566576,0.00012835096
Sievierodonetsk,s1__coh__baseline__max__p10,0.0013803244,0.0006904395
Sievierodonetsk,s1__coh__baseline__max__p50,0.0005033016,0.0002516364
Sievierodonetsk,s1__coh__baseline__max__p90,0.00087201595,0.0004361552
Sievierodonetsk,s1__coh__baseline__max__std,0.0056910515,0.002849528
Sievierodonetsk,s1__coh__baseline__max__min,0.0022366047,0.0011189721
Sievierodonetsk,s1__coh__baseline__max__max,0.0013533831,0.00067698164
Sievierodonetsk,s1__coh__baseline__max__max_abs_delta,0.006634712,0.0033229087
Sievierodonetsk,s1__coh__baseline__mean__mean,4.8995018e-05,2.4536299e-05
Sievierodonetsk,s1__coh__baseline__mean__p10,0.0003875494,0.00019378305
Sievierodonetsk,s1__coh__baseline__mean__p50,8.4638596e-05,4.236361e-05
Sievierodonetsk,s1__coh__baseline__mean__p90,0.0007703304,0.00038527758
Sievierodonetsk,s1__coh__baseline__mean__std,0.0017716885,0.000886238
Sievierodonetsk,s1__coh__baseline__mean__min,0.0012807846,0.00064055785
Sievierodonetsk,s1__coh__baseline__mean__max,0.00053834915,0.00026925656
Sievierodonetsk,s1__coh__baseline__mean__max_abs_delta,0.0024627447,0.0012320969
Sievierodonetsk,s1__coh__baseline__median__mean,5.2809715e-05,2.6377471e-05
Sievierodonetsk,s1__coh__baseline__median__p10,0.00031137466,0.00015569858
Sievierodonetsk,s1__coh__baseline__median__p50,0.00024533272,0.0001227138
Sievierodonetsk,s1__coh__baseline__median__p90,0.0011479855,0.0005742004
Sievierodonetsk,s1__coh__baseline__median__std,0.0015645027,0.00078259356
Sievierodonetsk,s1__coh__baseline__median__min,0.0010777712,0.0005389735
Sievierodonetsk,s1__coh__baseline__median__max,0.00062954426,0.00031482693
Sievierodonetsk,s1__coh__baseline__median__max_abs_delta,0.0023225546,0.0011620069
Sievierodonetsk,s1__coh__baseline__min__mean,0.00011467934,5.7365454e-05
Sievierodonetsk,s1__coh__baseline__min__p10,3.20673e-05,1.6035216e-05
Sievierodonetsk,s1__coh__baseline__min__p50,0.00018942356,9.470902e-05
Sievierodonetsk,s1__coh__baseline__min__p90,0.00042700768,0.00021358408
Sievierodonetsk,s1__coh__baseline__min__std,0.0017865896,0.000893765
Sievierodonetsk,s1__coh__baseline__min__min,0.00060772896,0.00030389032
Sievierodonetsk,s1__coh__baseline__min__max,0.00033462048,0.00016729857
Sievierodonetsk,s1__coh__baseline__min__max_abs_delta,0.00093889236,0.00046956688
Sievierodonetsk,s1__coh__baseline__std__mean,0.00045990944,0.00023000922
Sievierodonetsk,s1__coh__baseline__std__p10,0.00051283836,0.00025646147
Sievierodonetsk,s1__coh__baseline__std__p50,0.0010117292,0.00050597364
Sievierodonetsk,s1__coh__baseline__std__p90,0.0003912449,0.000195632
Sievierodonetsk,s1__coh__baseline__std__std,0.00068867207,0.0003444508
Sievierodonetsk,s1__coh__baseline__std__min,0.00073993206,0.00037008367
Sievierodonetsk,s1__coh__baseline__std__max,7.498264e-05,3.755094e-05
Sievierodonetsk,s1__coh__baseline__std__max_abs_delta,0.00016188622,8.0941856e-05
Trostianets,s1__vh__baseline__kurtosis__mean,0.5588906,0.3277339
Trostianets,s1__vh__baseline__kurtosis__p10,0.5523002,0.32317117
Trostianets,s1__vh__baseline__kurtosis__p50,0.76969707,0.48588675
Trostianets,s1__vh__baseline__kurtosis__p90,0.4801396,0.2745287
Trostianets,s1__vh__baseline__kurtosis__std,0.85752773,0.55995256
Trostianets,s1__vh__baseline__kurtosis__min,1.0527039,0.7472907
Trostianets,s1__vh__baseline__kurtosis__max,0.54486024,0.31804523
Trostianets,s1__vh__baseline__kurtosis__max_abs_delta,0.9224856,0.6184902
Trostianets,s1__vh__baseline__max__mean,0.4330443,0.24401248
Trostianets,s1__vh__baseline__max__p10,0.49656558,0.28539506
Trostianets,s1__vh__baseline__max__p50,0.46519423,0.26474333
Trostianets,s1__vh__baseline__max__p90,0.19346678,0.10173747
Trostianets,s1__vh__baseline__max__std,0.16692495,0.08715234
Trostianets,s1__vh__baseline__max__min,0.8190874,0.5268597
Trostianets,s1__vh__baseline__max__max,0.32590747,0.177876
Trostianets,s1__vh__baseline__max__max_abs_delta,0.1826638,0.09577535
Trostianets,s1__vh__baseline__mean__mean,0.44954753,0.2546003
Trostianets,s1__vh__baseline__mean__p10,0.46778846,0.2664349
Trostianets,s1__vh__baseline__mean__p50,0.45319486,0.25695556
Trostianets,s1__vh__baseline__mean__p90,0.18544054,0.09730452
Trostianets,s1__vh__baseline__mean__std,0.25433373,0.13601084
Trostianets,s1__vh__baseline__mean__min,0.67078686,0.40856004
Trostianets,s1__vh__baseline__mean__max,0.36982214,0.20445803
Trostianets,s1__vh__baseline__mean__max_abs_delta,0.29251885,0.1581279
Trostianets,s1__vh__baseline__median__mean,0.3609861,0.19905242
Trostianets,s1__vh__baseline__median__p10,0.34000766,0.18633413
Trostianets,s1__vh__baseline__median__p50,0.36100936,0.19906652
Trostianets,s1__vh__baseline__median__p90,0.14520752,0.075374454
Trostianets,s1__vh__baseline__median__std,0.15235221,0.07923379
Trostianets,s1__vh__baseline__median__min,0.5921978,0.35111743
Trostianets,s1__vh__baseline__median__max,0.2611966,0.13995007
Trostianets,s1__vh__baseline__median__max_abs_delta,0.14899433,0.07741816
Trostianets,s1__vh__baseline__min__mean,0.69941926,0.4303363
Trostianets,s1__vh__baseline__min__p10,0.5894047,0.3491354
Trostianets,s1__vh__baseline__min__p50,0.6762881,0.41270733
Trostianets,s1__vh__baseline__min__p90,0.4011451,0.22385946
Trostianets,s1__vh__baseline__min__std,0.55916464,0.32792413
Trostianets,s1__vh__baseline__min__min,0.704427,0.43419418
Trostianets,s1__vh__baseline__min__max,0.6821331,0.4171327
Trostianets,s1__vh__baseline__min__max_abs_delta,0.48424935,0.27723634
Trostianets,s1__vh__baseline__skewness__mean,0.11567557,0.059577756
Trostianets,s1__vh__baseline__skewness__p10,0.4471408,0.2530493
Trostianets,s1__vh__baseline__skewness__p50,0.122998476,0.06347165
Trostianets,s1__vh__baseline__skewness__p90,0.04625058,0.023396917
Trostianets,s1__vh__baseline__skewness__std,0.20554829,0.10844762
Trostianets,s1__vh__baseline__skewness__min,0.60184634,0.35799468
Trostianets,s1__vh__baseline__skewness__max,0.061890483,0.031434197
Trostianets,s1__vh__baseline__skewness__max_abs_delta,0.21285284,0.11252659
Trostianets,s1__vh__baseline__std__mean,0.38320577,0.21270192
Trostianets,s1__vh__baseline__std__p10,0.4638089,0.26384112
Trostianets,s1__vh__baseline__std__p50,0.19711256,0.103757694
Trostianets,s1__vh__baseline__std__p90,0.28025794,0.15097283
Trostianets,s1__vh__baseline__std__std,0.39735162,0.22148971
Trostianets,s1__vh__baseline__std__min,0.9836297,0.67690945
Trostianets,s1__vh__baseline__std__max,0.51035094,0.2946065
Trostianets,s1__vh__baseline__std__max_abs_delta,0.4595201,0.26105323
Trostianets,s1__vv__baseline__kurtosis__mean,0.105685234,0.054289963
Trostianets,s1__vv__baseline__kurtosis__p10,0.34811902,0.19123256
Trostianets,s1__vv__baseline__kurtosis__p50,0.09805262,0.05026897
Trostianets,s1__vv__baseline__kurtosis__p90,0.06464183,0.032854736
Trostianets,s1__vv__baseline__kurtosis__std,0.23478234,0.12487313
Trostianets,s1__vv__baseline__kurtosis__min,0.52871585,0.3070115
Trostianets,s1__vv__baseline__kurtosis__max,0.07058787,0.035931803
Trostianets,s1__vv__baseline__kurtosis__max_abs_delta,0.17519367,0.091673344
Trostianets,s1__vv__baseline__max__mean,1.4735098,1.3346698
Trostianets,s1__vv__baseline__max__p10,1.3211437,1.0804931
Trostianets,s1__vv__baseline__max__p50,1.2967844,1.0452389
Trostianets,s1__vv__baseline__max__p90,1.5889765,1.582252
Trostianets,s1__vv__baseline__max__std,1.0817444,0.77842665
Trostianets,s1__vv__baseline__max__min,1.102128,0.80087495
Trostianets,s1__vv__baseline__max__max,1.5209115,1.4290171
Trostianets,s1__vv__baseline__max__max_abs_delta,0.9953815,0.6885392
Trostianets,s1__vv__baseline__mean__mean,1.4654287,1.3194374
Trostianets,s1__vv__baseline__mean__p10,1.1268542,0.8287999
Trostianets,s1__vv__baseline__mean__p50,1.2115015,0.9307719
Trostianets,s1__vv__baseline__mean__p90,1.0328043,0.7265015
Trostianets,s1__vv__baseline__mean__std,0.5956994,0.35360786
Trostianets,s1__vv__baseline__mean__min,0.970099,0.6636845
Trostianets,s1__vv__baseline__mean__max,1.196146,0.9114847
Trostianets,s1__vv__baseline__mean__max_abs_delta,0.5510185,0.32228625
Trostianets,s1__vv__baseline__median__mean,1.3333138,1.098583
Trostianets,s1__vv__baseline__median__p10,1.6008725,1.6116215
Trostianets,s1__vv__baseline__median__p50,0.997851,0.69100046
Trostianets,s1__vv__baseline__median__p90,1.0274427,0.7209733
Trostianets,s1__vv__baseline__median__std,0.69795537,0.4292114
Trostianets,s1__vv__baseline__median__min,1.3544124,1.1307416
Trostianets,s1__vv__baseline__median__max,1.0305986,0.7242238
Trostianets,s1__vv__baseline__median__max_abs_delta,0.6236068,0.3736807
Trostianets,s1__vv__baseline__min__mean,1.3021724,1.0529304
Trostianets,s1__vv__baseline__min__p10,0.96181357,0.65567183
Trostianets,s1__vv__baseline__min__p50,1.1978452,0.91360074
Trostianets,s1__vv__baseline__min__p90,1.0377586,0.7316372
Trostianets,s1__vv__baseline__min__std,0.5875993,0.34785628
Trostianets,s1__vv__baseline__min__min,0.94800603,0.6424598
Trostianets,s1__vv__baseline__min__max,1.1865306,0.89959407
Trostianets,s1__vv__baseline__min__max_abs_delta,0.55979025,0.3283583
Trostianets,s1__vv__baseline__skewness__mean,0.59504664,0.3531431
Trostianets,s1__vv__baseline__skewness__p10,0.86933553,0.57034177
Trostianets,s1__vv__baseline__skewness__p50,0.59442174,0.35269836
Trostianets,s1__vv__baseline__skewness__p90,0.62462723,0.37442243
Trostianets,s1__vv__baseline__skewness__std,0.92457974,0.6204357
Trostianets,s1__vv__baseline__skewness__min,1.0116997,0.7049159
Trostianets,s1__vv__baseline__skewness__max,0.49475574,0.28419194
Trostianets,s1__vv__baseline__skewness__max_abs_delta,0.8086585,0.5180672
Trostianets,s1__vv__baseline__std__mean,1.1663206,0.87505347
Trostianets,s1__vv__baseline__std__p10,0.7627139,0.48022687
Trostianets,s1__vv__baseline__std__p50,1.231251,0.95613784
Trostianets,s1__vv__baseline__std__p90,1.4429884,1.2783163
Trostianets,s1__vv__baseline__std__std,1.0308595,0.7244928
Trostianets,s1__vv__baseline__std__min,1.0856285,0.7826656
Trostianets,s1__vv__baseline__std__max,0.9086962,0.60577404
Trostianets,s1__vv__baseline__std__max_abs_delta,0.89271307,0.5912343
Volnovakha,s1__vh__baseline__kurtosis__mean,0.0007908344,0.0003954844
Volnovakha,s1__vh__baseline__kurtosis__p10,0.00058186054,0.00029096322
Volnovakha,s1__vh__baseline__kurtosis__p50,0.001352191,0.0006762916
Volnovakha,s1__vh__baseline__kurtosis__p90,0.00075507164,0.0003775916
Volnovakha,s1__vh__baseline__kurtosis__std,0.00020623207,0.00010315056
Volnovakha,s1__vh__baseline__kurtosis__min,0.0032675266,0.0016350596
Volnovakha,s1__vh__baseline__kurtosis__max,0.00030839443,0.00015419134
Volnovakha,s1__vh__baseline__kurtosis__max_abs_delta,0.0026671886,0.0013345457
Volnovakha,s1__vh__baseline__max__mean,0.0005791187,0.00028961443
Volnovakha,s1__vh__baseline__max__p10,0.0019440651,0.0009725126
Volnovakha,s1__vh__baseline__max__p50,0.00011098385,5.5427907e-05
Volnovakha,s1__vh__baseline__max__p90,0.00017392635,8.699838e-05
Volnovakha,s1__vh__baseline__max__std,0.0011335611,0.00056696165
Volnovakha,s1__vh__baseline__max__min,0.0014338493,0.0007171436
Volnovakha,s1__vh__baseline__max__max,0.00043225288,0.0002161956
Volnovakha,s1__vh__baseline__max__max_abs_delta,0.00015676022,7.844024e-05
Volnovakha,s1__vh__baseline__mean__mean,0.001173377,0.000586946
Volnovakha,s1__vh__baseline__mean__p10,0.0014002323,0.0007003485
Volnovakha,s1__vh__baseline__mean__p50,0.0005657673,0.00028288524
Volnovakha,s1__vh__baseline__mean__p90,0.0012390614,0.000619734
Volnovakha,s1__vh__baseline__mean__std,0.0059349537,0.002971976
Volnovakha,s1__vh__baseline__mean__min,0.0014806986,0.0007406386
Volnovakha,s1__vh__baseline__mean__max,0.0021533966,0.0010773003
Volnovakha,s1__vh__baseline__mean__max_abs_delta,0.0037407875,0.0018721935
Volnovakha,s1__vh__baseline__median__mean,0.0017933846,0.000897106
Volnovakha,s1__vh__baseline__median__p10,0.002251029,0.0011261158
Volnovakha,s1__vh__baseline__median__p50,0.0009009838,0.0004505644
Volnovakha,s1__vh__baseline__median__p90,0.0016589165,0.00082977046
Volnovakha,s1__vh__baseline__median__std,0.004875779,0.0024408752
Volnovakha,s1__vh__baseline__median__min,0.0014033318,0.00070187775
Volnovakha,s1__vh__baseline__median__max,0.002549529,0.0012755196
Volnovakha,s1__vh__baseline__median__max_abs_delta,0.0027970076,0.001399426
Volnovakha,s1__vh__baseline__min__mean,0.0021694899,0.0010852572
Volnovakha,s1__vh__baseline__min__p10,0.0015023947,0.00075152377
Volnovakha,s1__vh__baseline__min__p50,0.0025730133,0.0012873629
Volnovakha,s1__vh__baseline__min__p90,0.0029274225,0.0014647987
Volnovakha,s1__vh__baseline__min__std,0.0074266195,0.003720202
Volnovakha,s1__vh__baseline__min__min,0.0014095306,0.0007049561
Volnovakha,s1__vh__baseline__min__max,0.0030089617,0.0015055634
Volnovakha,s1__vh__baseline__min__max_abs_delta,0.005723357,0.002865822
Volnovakha,s1__vh__baseline__skewness__mean,0.004299164,0.0021519207
Volnovakha,s1__vh__baseline__skewness__p10,0.00015628338,7.807206e-05
Volnovakha,s1__vh__baseline__skewness__p50,0.0039418936,0.0019729044
Volnovakha,s1__vh__baseline__skewness__p90,0.010085225,0.0050554145
Volnovakha,s1__vh__baseline__skewness__std,0.0045329332,0.0022690524
Volnovakha,s1__vh__baseline__skewness__min,0.00034940243,0.00017469206
Volnovakha,s1__vh__baseline__skewness__max,0.011164069,0.0055976864
Volnovakha,s1__vh__baseline__skewness__max_abs_delta,0.0029283762,0.001465284
Volnovakha,s1__vh__baseline__std__mean,0.017649412,0.008863873
Volnovakha,s1__vh__baseline__std__p10,0.008223414,0.004120269
Volnovakha,s1__vh__baseline__std__p50,0.018870234,0.009479949
Volnovakha,s1__vh__baseline__std__p90,0.020499468,0.010302581
Volnovakha,s1__vh__baseline__std__std,0.014609575,0.0073315846
Volnovakha,s1__vh__baseline__std__min,0.005034089,0.0025201594
Volnovakha,s1__vh__baseline__std__max,0.020094752,0.010098163
Volnovakha,s1__vh__baseline__std__max_abs_delta,0.014402151,0.0072271572
Volnovakha,s1__vv__baseline__kurtosis__mean,0.0018110275,0.0009060074
Volnovakha,s1__vv__baseline__kurtosis__p10,0.0015814304,0.0007909946
Volnovakha,s1__vv__baseline__kurtosis__p50,0.0038872957,0.0019455544
Volnovakha,s1__vv__baseline__kurtosis__p90,0.0029531717,0.0014776107
Volnovakha,s1__vv__baseline__kurtosis__std,0.0046846867,0.0023450628
Volnovakha,s1__vv__baseline__kurtosis__min,0.0021305084,0.0010658072
Volnovakha,s1__vv__baseline__kurtosis__max,0.0012695789,0.00063498376
Volnovakha,s1__vv__baseline__kurtosis__max_abs_delta,0.002245307,0.0011233115
Volnovakha,s1__vv__baseline__max__mean,0.015023708,0.0075402446
Volnovakha,s1__vv__baseline__max__p10,0.01070714,0.005367879
Volnovakha,s1__vv__baseline__max__p50,0.01654303,0.008305878
Volnovakha,s1__vv__baseline__max__p90,0.021910548,0.01101578
Volnovakha,s1__vv__baseline__max__std,0.02257514,0.011351816
Volnovakha,s1__vv__baseline__max__min,0.014795065,0.0074250046
Volnovakha,s1__vv__baseline__max__max,0.017088413,0.008581024
Volnovakha,s1__vv__baseline__max__max_abs_delta,0.011760712,0.005897705
Volnovakha,s1__vv__baseline__mean__mean,0.018930316,0.009510174
Volnovakha,s1__vv__baseline__mean__p10,0.012047887,0.0060422383
Volnovakha,s1__vv__baseline__mean__p50,0.021806836,0.010963306
Volnovakha,s1__vv__baseline__mean__p90,0.029644012,0.014932924
Volnovakha,s1__vv__baseline__mean__std,0.030914307,0.0155778015
Volnovakha,s1__vv__baseline__mean__min,0.012159705,0.0060983635
Volnovakha,s1__vv__baseline__mean__max,0.0268991,0.013540797
Volnovakha,s1__vv__baseline__mean__max_abs_delta,0.020209908,0.010156365
Volnovakha,s1__vv__baseline__median__mean,0.023692846,0.011917196
Volnovakha,s1__vv__baseline__median__p10,0.016132236,0.008098759
Volnovakha,s1__vv__baseline__median__p50,0.026957989,0.013570618
Volnovakha,s1__vv__baseline__median__p90,0.032565117,0.01641658
Volnovakha,s1__vv__baseline__median__std,0.028668284,0.014437861
Volnovakha,s1__vv__baseline__median__min,0.015515089,0.007787859
Volnovakha,s1__vv__baseline__median__max,0.028233886,0.014217491
Volnovakha,s1__vv__baseline__median__max_abs_delta,0.019476771,0.009786086
Volnovakha,s1__vv__baseline__min__mean,0.010452509,0.0052399803
Volnovakha,s1__vv__baseline__min__p10,0.00742507,0.0037194325
Volnovakha,s1__vv__baseline__min__p50,0.011939645,0.005987724
Volnovakha,s1__vv__baseline__min__p90,0.016754031,0.0084122205
Volnovakha,s1__vv__baseline__min__std,0.024626255,0.012389621
Volnovakha,s1__vv__baseline__min__min,0.006672144,0.003341648
Volnovakha,s1__vv__baseline__min__max,0.016676188,0.008373044
Volnovakha,s1__vv__baseline__min__max_abs_delta,0.014976859,0.0075165695
Volnovakha,s1__vv__baseline__skewness__mean,0.0068479776,0.0034299018
Volnovakha,s1__vv__baseline__skewness__p10,0.0033990145,0.0017009636
Volnovakha,s1__vv__baseline__skewness__p50,0.005407691,0.0027074919
Volnovakha,s1__vv__baseline__skewness__p90,0.00810647,0.0040614805
Volnovakha,s1__vv__baseline__skewness__std,0.00033807755,0.00016901529
Volnovakha,s1__vv__baseline__skewness__min,0.009084582,0.0045526265
Volnovakha,s1__vv__baseline__skewness__max,0.0075457096,0.0037800716
Volnovakha,s1__vv__baseline__skewness__max_abs_delta,0.0001963377,9.8133576e-05
Volnovakha,s1__vv__baseline__std__mean,0.0030708313,0.0015366595
Volnovakha,s1__vv__baseline__std__p10,0.0021172762,0.0010591528
Volnovakha,s1__vv__baseline__std__p50,0.0042272806,0.0021159186
Volnovakha,s1__vv__baseline__std__p90,0.001726985,0.0008638555
Volnovakha,s1__vv__baseline__std__std,0.0008187294,0.00040945457
Volnovakha,s1__vv__baseline__std__min,0.00025629997,0.00012812323
Volnovakha,s1__vv__baseline__std__max,0.0012434721,0.00062192004
Volnovakha,s1__vv__baseline__std__max_abs_delta,1.013279e-05,5.0449653e-06
Volnovakha,s1__coh__baseline__count__mean,0.0259521,0.013060993
Volnovakha,s1__coh__baseline__count__p10,0.047187448,0.023876496
Volnovakha,s1__coh__baseline__count__std,0.016643763,0.008356634
Volnovakha,s1__coh__baseline__count__min,0.01098907,0.0055097076
Volnovakha,s1__coh__baseline__count__max_abs_delta,0.01098907,0.005509701
Volnovakha,s1__coh__baseline__max__mean,0.004369855,0.0021872611
Volnovakha,s1__coh__baseline__max__p10,0.003160119,0.0015813336
Volnovakha,s1__coh__baseline__max__p50,0.002797246,0.0013996268
Volnovakha,s1__coh__baseline__max__p90,0.0027178526,0.0013598255
Volnovakha,s1__coh__baseline__max__std,0.00031888485,0.00015939103
Volnovakha,s1__coh__baseline__max__min,0.003391385,0.0016970932
Volnovakha,s1__coh__baseline__max__max,0.003810525,0.0019071043
Volnovakha,s1__coh__baseline__max__max_abs_delta,0.0024905205,0.0012459881
Volnovakha,s1__coh__baseline__mean__mean,0.0029623508,0.0014823052
Volnovakha,s1__coh__baseline__mean__p10,0.003405571,0.0017042289
Volnovakha,s1__coh__baseline__mean__p50,0.0032675266,0.0016350829
Volnovakha,s1__coh__baseline__mean__p90,0.001258254,0.0006292947
Volnovakha,s1__coh__baseline__mean__std,1.5974045e-05,8.008889e-06
Volnovakha,s1__coh__baseline__mean__min,0.00060486794,0.00030242535
Volnovakha,s1__coh__baseline__mean__max,0.00033128262,0.00016563473
Volnovakha,s1__coh__baseline__mean__max_abs_delta,0.00037300587,0.00018656188
Volnovakha,s1__coh__baseline__median__mean,0.004113555,0.0020588422
Volnovakha,s1__coh__baseline__median__p10,0.0029865503,0.001494366
Volnovakha,s1__coh__baseline__median__p50,0.0068796873,0.0034458134
Volnovakha,s1__coh__baseline__median__p90,0.0020086765,0.0010048377
Volnovakha,s1__coh__baseline__median__std,0.0026699305,0.0013358985
Volnovakha,s1__coh__baseline__median__min,0.00025367737,0.00012678308
Volnovakha,s1__coh__baseline__median__max,0.0013285875,0.000664466
Volnovakha,s1__coh__baseline__median__max_abs_delta,0.001106739,0.00055353
Volnovakha,s1__coh__baseline__min__mean,0.0018693209,0.0009351126
Volnovakha,s1__coh__baseline__min__p10,0.004563689,0.0022844982
Volnovakha,s1__coh__baseline__min__p50,0.0009146929,0.00045750127
Volnovakha,s1__coh__baseline__min__p90,0.0011504889,0.0005754181
Volnovakha,s1__coh__baseline__min__std,0.0005720854,0.0002860849
Volnovakha,s1__coh__baseline__min__min,0.003718853,0.00186122
Volnovakha,s1__coh__baseline__min__max,0.0018253326,0.00091305684
Volnovakha,s1__coh__baseline__min__max_abs_delta,0.0023821592,0.001191783
Volnovakha,s1__coh__baseline__std__mean,0.0074020624,0.003707938
Volnovakha,s1__coh__baseline__std__p10,0.0020054579,0.0010032376
Volnovakha,s1__coh__baseline__std__p50,0.009567022,0.0047950023
Volnovakha,s1__coh__baseline__std__p90,0.0060790777,0.0030441266
Volnovakha,s1__coh__baseline__std__std,0.0005156994,0.0002579205
Volnovakha,s1__coh__baseline__std__min,0.00047528744,0.00023759337
Volnovakha,s1__coh__baseline__std__max,0.009029388,0.0045248764
Volnovakha,s1__coh__baseline__std__max_abs_delta,0.0009019375,0.0004510217
