city,feature,auc_best,mann_whitney_p,direction
Avdiivka,s1__vh__baseline__count__mean,0.5,1.0,higher=damaged
Avdiivka,s1__vh__baseline__count__p10,0.5,1.0,higher=damaged
Avdiivka,s1__vh__baseline__count__p50,0.5,1.0,higher=damaged
Avdiivka,s1__vh__baseline__count__p90,0.5,1.0,higher=damaged
Avdiivka,s1__vh__baseline__count__std,0.5,1.0,higher=damaged
Avdiivka,s1__vh__baseline__count__min,0.5,1.0,higher=damaged
Avdiivka,s1__vh__baseline__count__max,0.5,1.0,higher=damaged
Avdiivka,s1__vh__baseline__count__max_abs_delta,0.5,1.0,higher=damaged
Avdiivka,s1__vh__baseline__kurtosis__mean,0.5195820913142284,0.5302812961448791,higher=damaged
Avdiivka,s1__vh__baseline__kurtosis__p10,0.5134974274218143,0.6653610865412873,higher=damaged
Avdiivka,s1__vh__baseline__kurtosis__p50,0.5298428907318321,0.338818382236473,higher=damaged
Avdiivka,s1__vh__baseline__kurtosis__p90,0.512228354435361,0.6951755146634899,higher=damaged
Avdiivka,s1__vh__baseline__kurtosis__std,0.5228187193184389,0.464576506708574,higher=damaged
Avdiivka,s1__vh__baseline__kurtosis__min,0.51900166258399,0.5425441721614401,higher=damaged
Avdiivka,s1__vh__baseline__kurtosis__max,0.5143729894047163,0.6450921333615329,higher=damaged
Avdiivka,s1__vh__baseline__kurtosis__max_abs_delta,0.5197985223661816,0.5257449595216077,higher=damaged
Avdiivka,s1__vh__baseline__max__mean,0.5294592175033694,0.3450657738663323,lower=damaged
Avdiivka,s1__vh__baseline__max__p10,0.5659770386329428,0.034443688268104886,lower=damaged
Avdiivka,s1__vh__baseline__max__p50,0.5231433658963688,0.4582455523720601,lower=damaged
Avdiivka,s1__vh__baseline__max__p90,0.5053665063109327,0.8635365680473891,higher=damaged
Avdiivka,s1__vh__baseline__max__std,0.6243445582347096,6.722474704045629e-05,higher=damaged
Avdiivka,s1__vh__baseline__max__min,0.5770838867081821,0.013477872182973808,lower=damaged
Avdiivka,s1__vh__baseline__max__max,0.5106444726460664,0.7330527936445521,higher=damaged
Avdiivka,s1__vh__baseline__max__max_abs_delta,0.6245216381863079,6.563540675312222e-05,higher=damaged
Avdiivka,s1__vh__baseline__mean__mean,0.554889866107881,0.07850581868792557,lower=damaged
Avdiivka,s1__vh__baseline__mean__p10,0.5993959606095486,0.0014418767705721926,lower=damaged
Avdiivka,s1__vh__baseline__mean__p50,0.5513187537506516,0.09998120864498508,lower=damaged
Avdiivka,s1__vh__baseline__mean__p90,0.5079538411592834,0.7988659373976046,lower=damaged
Avdiivka,s1__vh__baseline__mean__std,0.6505622288463241,1.3905914364090641e-06,higher=damaged
Avdiivka,s1__vh__baseline__mean__min,0.611004535214316,0.00037331223601320105,lower=damaged
Avdiivka,s1__vh__baseline__mean__max,0.5001082155259766,0.997357941925413,higher=damaged
Avdiivka,s1__vh__baseline__mean__max_abs_delta,0.6468041987624079,2.5277450068429235e-06,higher=damaged
Avdiivka,s1__vh__baseline__median__mean,0.5622288463241154,0.04607728558044539,lower=damaged
Avdiivka,s1__vh__baseline__median__p10,0.6049051146592687,0.0007717336028902545,lower=damaged
Avdiivka,s1__vh__baseline__median__p50,0.555165323810367,0.0770186956099055,lower=damaged
Avdiivka,s1__vh__baseline__median__p90,0.5114560890908912,0.7135555605120523,lower=damaged
Avdiivka,s1__vh__baseline__median__std,0.6654861336560124,1.12822961115325e-07,higher=damaged
Avdiivka,s1__vh__baseline__median__min,0.6177680055878563,0.00015995706593593457,lower=damaged
Avdiivka,s1__vh__baseline__median__max,0.5010575608220444,0.9730812298000906,lower=damaged
Avdiivka,s1__vh__baseline__median__max_abs_delta,0.658796446595638,3.574803154942358e-07,higher=damaged
Avdiivka,s1__vh__baseline__min__mean,0.556542612322797,0.06992386039038792,lower=damaged
Avdiivka,s1__vh__baseline__min__p10,0.589587698846029,0.004082507242989837,lower=damaged
Avdiivka,s1__vh__baseline__min__p50,0.5559818591427363,0.07274490950536873,lower=damaged
Avdiivka,s1__vh__baseline__min__p90,0.511190469163494,0.7199166278533257,lower=damaged
Avdiivka,s1__vh__baseline__min__std,0.6673946620232368,8.05295099400854e-08,higher=damaged
Avdiivka,s1__vh__baseline__min__min,0.5977137010693662,0.0017349754340695777,lower=damaged
Avdiivka,s1__vh__baseline__min__max,0.5017757184035259,0.9547318045066545,higher=damaged
Avdiivka,s1__vh__baseline__min__max_abs_delta,0.6608918926895493,2.502930710933978e-07,higher=damaged
Avdiivka,s1__vh__baseline__skewness__mean,0.5285541421952011,0.36009205297738744,higher=damaged
Avdiivka,s1__vh__baseline__skewness__p10,0.5137286151364008,0.6599845938528066,higher=damaged
Avdiivka,s1__vh__baseline__skewness__p50,0.5319383368257435,0.3059886394115616,higher=damaged
Avdiivka,s1__vh__baseline__skewness__p90,0.5426172416846207,0.17193760408459535,higher=damaged
Avdiivka,s1__vh__baseline__skewness__std,0.5357160424598373,0.2523021530696635,higher=damaged
Avdiivka,s1__vh__baseline__skewness__min,0.5092327519208256,0.7673732138828598,higher=damaged
Avdiivka,s1__vh__baseline__skewness__max,0.5282196578421825,0.36574759358202613,higher=damaged
Avdiivka,s1__vh__baseline__skewness__max_abs_delta,0.5166012454623262,0.5947114184384159,higher=damaged
Avdiivka,s1__vh__baseline__std__mean,0.5366998199687159,0.23947020263606678,higher=damaged
Avdiivka,s1__vh__baseline__std__p10,0.523408985823766,0.4531018850474494,higher=damaged
Avdiivka,s1__vh__baseline__std__p50,0.5267636671290421,0.39100663128047963,higher=damaged
Avdiivka,s1__vh__baseline__std__p90,0.5444077167507796,0.1546200301155151,higher=damaged
Avdiivka,s1__vh__baseline__std__std,0.54298615825045,0.16825566183759677,higher=damaged
Avdiivka,s1__vh__baseline__std__min,0.5156273057285364,0.616511917159273,higher=damaged
Avdiivka,s1__vh__baseline__std__max,0.5484510423122706,0.12041933117737723,higher=damaged
Avdiivka,s1__vh__baseline__std__max_abs_delta,0.5395724502946414,0.20465560525779436,higher=damaged
Avdiivka,s1__vv__baseline__count__mean,0.5,1.0,higher=damaged
Avdiivka,s1__vv__baseline__count__p10,0.5,1.0,higher=damaged
Avdiivka,s1__vv__baseline__count__p50,0.5,1.0,higher=damaged
Avdiivka,s1__vv__baseline__count__p90,0.5,1.0,higher=damaged
Avdiivka,s1__vv__baseline__count__std,0.5,1.0,higher=damaged
Avdiivka,s1__vv__baseline__count__min,0.5,1.0,higher=damaged
Avdiivka,s1__vv__baseline__count__max,0.5,1.0,higher=damaged
Avdiivka,s1__vv__baseline__count__max_abs_delta,0.5,1.0,higher=damaged
Avdiivka,s1__vv__baseline__kurtosis__mean,0.5142795305413728,0.6472435449623002,lower=damaged
Avdiivka,s1__vv__baseline__kurtosis__p10,0.5354455036448957,0.2559134300147251,lower=damaged
Avdiivka,s1__vv__baseline__kurtosis__p50,0.5255191885803107,0.41341451542705,lower=damaged
Avdiivka,s1__vv__baseline__kurtosis__p90,0.5121644088972838,0.6966908335042965,higher=damaged
Avdiivka,s1__vv__baseline__kurtosis__std,0.5379000285295478,0.2244474934147339,higher=damaged
Avdiivka,s1__vv__baseline__kurtosis__min,0.5225481805034973,0.4698891595949126,lower=damaged
Avdiivka,s1__vv__baseline__kurtosis__max,0.5339452429438558,0.27659070858069,higher=damaged
Avdiivka,s1__vv__baseline__kurtosis__max_abs_delta,0.5466753239087447,0.1346295879581913,higher=damaged
Avdiivka,s1__vv__baseline__max__mean,0.5951165284459268,0.002296424135520786,lower=damaged
Avdiivka,s1__vv__baseline__max__p10,0.6355104329604817,1.4001366452980198e-05,lower=damaged
Avdiivka,s1__vv__baseline__max__p50,0.5979596454465859,0.0016889533241767423,lower=damaged
Avdiivka,s1__vv__baseline__max__p90,0.5557162392153391,0.07411333780712208,lower=damaged
Avdiivka,s1__vv__baseline__max__std,0.5960806304046277,0.0020710058912405418,higher=damaged
Avdiivka,s1__vv__baseline__max__min,0.6527314582534014,9.786350725216806e-07,lower=damaged
Avdiivka,s1__vv__baseline__max__max,0.5405463900284312,0.19373122229106976,lower=damaged
Avdiivka,s1__vv__baseline__max__max_abs_delta,0.6012749756515066,0.0011688723622696512,higher=damaged
Avdiivka,s1__vv__baseline__mean__mean,0.6302078721876261,2.9948459088221464e-05,lower=damaged
Avdiivka,s1__vv__baseline__mean__p10,0.6732383004259757,2.803822746782943e-08,lower=damaged
Avdiivka,s1__vv__baseline__mean__p50,0.6300996566616494,3.0408008331054722e-05,lower=damaged
Avdiivka,s1__vv__baseline__mean__p90,0.5788054973487196,0.011534482424076037,lower=damaged
Avdiivka,s1__vv__baseline__mean__std,0.6192387529636297,0.00013225253076748679,higher=damaged
Avdiivka,s1__vv__baseline__mean__min,0.6792491810052239,9.140451735050421e-09,lower=damaged
Avdiivka,s1__vv__baseline__mean__max,0.5610630699760941,0.05031053319586335,lower=damaged
Avdiivka,s1__vv__baseline__mean__max_abs_delta,0.6173597379216715,0.0001685661097584957,higher=damaged
Avdiivka,s1__vv__baseline__median__mean,0.6352251374829069,1.4596292861153272e-05,lower=damaged
Avdiivka,s1__vv__baseline__median__p10,0.6698737813456108,5.168611733338603e-08,lower=damaged
Avdiivka,s1__vv__baseline__median__p50,0.6343544943875493,1.6564484732722524e-05,lower=damaged
Avdiivka,s1__vv__baseline__median__p90,0.59107812177198,0.0035060098397058787,lower=damaged
Avdiivka,s1__vv__baseline__median__std,0.6009700046237543,0.0012096595409374893,higher=damaged
Avdiivka,s1__vv__baseline__median__min,0.6775620025774971,1.2565681147231728e-08,lower=damaged
Avdiivka,s1__vv__baseline__median__max,0.5717567314976044,0.02144163068091004,lower=damaged
Avdiivka,s1__vv__baseline__median__max_abs_delta,0.6035475016970162,0.0009026982029685143,higher=damaged
Avdiivka,s1__vv__baseline__min__mean,0.6402128894529213,6.970599535624143e-06,lower=damaged
Avdiivka,s1__vv__baseline__min__p10,0.6734153803775738,2.7141527519993305e-08,lower=damaged
Avdiivka,s1__vv__baseline__min__p50,0.6421607689205009,5.188283050403372e-06,lower=damaged
Avdiivka,s1__vv__baseline__min__p90,0.5936211866324312,0.0026908123511478624,lower=damaged
Avdiivka,s1__vv__baseline__min__std,0.6122736082007693,0.00031950802956727905,higher=damaged
Avdiivka,s1__vv__baseline__min__min,0.6789245344272938,9.719846915259124e-09,lower=damaged
Avdiivka,s1__vv__baseline__min__max,0.5775265865871774,0.012952309150670662,lower=damaged
Avdiivka,s1__vv__baseline__min__max_abs_delta,0.6113586951175122,0.0003575017603898565,higher=damaged
Avdiivka,s1__vv__baseline__skewness__mean,0.5741227164064575,0.017503307009730906,higher=damaged
Avdiivka,s1__vv__baseline__skewness__p10,0.5703843618727189,0.024062960577034925,higher=damaged
Avdiivka,s1__vv__baseline__skewness__p50,0.5724699701915414,0.02018023278467311,higher=damaged
Avdiivka,s1__vv__baseline__skewness__p90,0.5652883943767278,0.03637028710152588,higher=damaged
Avdiivka,s1__vv__baseline__skewness__std,0.5210675953526351,0.49955073380441584,lower=damaged
Avdiivka,s1__vv__baseline__skewness__min,0.5509252427471003,0.10260990364959444,higher=damaged
Avdiivka,s1__vv__baseline__skewness__max,0.5414121142362444,0.18438561407313903,higher=damaged
Avdiivka,s1__vv__baseline__skewness__max_abs_delta,0.517988371749845,0.5642856981685076,lower=damaged
Avdiivka,s1__vv__baseline__std__mean,0.5764247557772335,0.014295282458079685,higher=damaged
Avdiivka,s1__vv__baseline__std__p10,0.5923963836338775,0.0030589396291203145,higher=damaged
Avdiivka,s1__vv__baseline__std__p50,0.5753327627423782,0.01574596514473085,higher=damaged
Avdiivka,s1__vv__baseline__std__p90,0.5607138289604423,0.051640503802980416,higher=damaged
Avdiivka,s1__vv__baseline__std__std,0.5146140148943916,0.6395577247134665,higher=damaged
Avdiivka,s1__vv__baseline__std__min,0.5792334405650819,0.011091787162242865,higher=damaged
Avdiivka,s1__vv__baseline__std__max,0.5624797095888794,0.045206620362315625,higher=damaged
Avdiivka,s1__vv__baseline__std__max_abs_delta,0.5242550344814018,0.43693747481519074,higher=damaged
Avdiivka,s1__coh__baseline__count__mean,0.5039351100355144,0.6629248347099643,higher=damaged
Avdiivka,s1__coh__baseline__count__p10,0.5039351100355144,0.6629248006724875,higher=damaged
Avdiivka,s1__coh__baseline__count__p50,0.5,1.0,higher=damaged
Avdiivka,s1__coh__baseline__count__p90,0.5,1.0,higher=damaged
Avdiivka,s1__coh__baseline__count__std,0.503954785585692,0.6613476481755378,lower=damaged
Avdiivka,s1__coh__baseline__count__min,0.5038957589351593,0.6660814785456158,higher=damaged
Avdiivka,s1__coh__baseline__count__max,0.5,1.0,higher=damaged
Avdiivka,s1__coh__baseline__count__max_abs_delta,0.5038957589351593,0.6660814785456158,lower=damaged
Avdiivka,s1__coh__baseline__max__mean,0.5307774793652668,0.3239063445285528,lower=damaged
Avdiivka,s1__coh__baseline__max__p10,0.5315890958100916,0.3113086380492053,lower=damaged
Avdiivka,s1__coh__baseline__max__p50,0.5281655500791941,0.36666771023696587,lower=damaged
Avdiivka,s1__coh__baseline__max__p90,0.5354504225324401,0.25584745005644494,lower=damaged
Avdiivka,s1__coh__baseline__max__std,0.5259176184714065,0.406159042571009,lower=damaged
Avdiivka,s1__coh__baseline__max__min,0.5349339393402788,0.26283983720615656,lower=damaged
Avdiivka,s1__coh__baseline__max__max,0.5408218477309171,0.19072062586588379,lower=damaged
Avdiivka,s1__coh__baseline__max__max_abs_delta,0.5098918828517742,0.7512876112909458,lower=damaged
Avdiivka,s1__coh__baseline__mean__mean,0.5319284990506548,0.30613768912763306,lower=damaged
Avdiivka,s1__coh__baseline__mean__p10,0.5107723637222206,0.7299686786103226,lower=damaged
Avdiivka,s1__coh__baseline__mean__p50,0.5366801444185383,0.23972222194076764,lower=damaged
Avdiivka,s1__coh__baseline__mean__p90,0.5401922301252349,0.1976531174015923,lower=damaged
Avdiivka,s1__coh__baseline__mean__std,0.5633995415596809,0.04213208778418937,lower=damaged
Avdiivka,s1__coh__baseline__mean__min,0.5059125028283603,0.8497974988506242,lower=damaged
Avdiivka,s1__coh__baseline__mean__max,0.5478263435941327,0.12527824778929203,lower=damaged
Avdiivka,s1__coh__baseline__mean__max_abs_delta,0.5687512912079805,0.02754039717563071,lower=damaged
Avdiivka,s1__coh__baseline__median__mean,0.5366407933181832,0.24022689502734318,lower=damaged
Avdiivka,s1__coh__baseline__median__p10,0.5028136036753927,0.9282580031932056,higher=damaged
Avdiivka,s1__coh__baseline__median__p50,0.541308817597812,0.18548288049688588,lower=damaged
Avdiivka,s1__coh__baseline__median__p90,0.5499906541136657,0.10907370694039716,lower=damaged
Avdiivka,s1__coh__baseline__median__std,0.570886088402247,0.023074072128001687,lower=damaged
Avdiivka,s1__coh__baseline__median__min,0.511490521303702,0.7127323964137431,lower=damaged
Avdiivka,s1__coh__baseline__median__max,0.5508809727592008,0.10290905981075063,lower=damaged
Avdiivka,s1__coh__baseline__median__max_abs_delta,0.5652933132642722,0.03635621186962346,lower=damaged
Avdiivka,s1__coh__baseline__min__mean,0.5131088353058072,0.6744369519163802,lower=damaged
Avdiivka,s1__coh__baseline__min__p10,0.521805428484294,0.4846462603992072,higher=damaged
Avdiivka,s1__coh__baseline__min__p50,0.5100542061407392,0.7473424502667882,lower=damaged
Avdiivka,s1__coh__baseline__min__p90,0.5319776879260987,0.30539299029332434,lower=damaged
Avdiivka,s1__coh__baseline__min__std,0.5578116853092505,0.06387007845336891,lower=damaged
Avdiivka,s1__coh__baseline__min__min,0.5098230184261527,0.7529632615134619,higher=damaged
Avdiivka,s1__coh__baseline__min__max,0.5370687365345453,0.23477887404007913,lower=damaged
Avdiivka,s1__coh__baseline__min__max_abs_delta,0.5570886088402247,0.06726393671199171,lower=damaged
Avdiivka,s1__coh__baseline__std__mean,0.5283475489183366,0.3635787177690706,lower=damaged
Avdiivka,s1__coh__baseline__std__p10,0.5229564481696819,0.4618847032367215,lower=damaged
Avdiivka,s1__coh__baseline__std__p50,0.5099066395144074,0.7509286918876336,lower=damaged
Avdiivka,s1__coh__baseline__std__p90,0.5547865694694488,0.07906945867391589,lower=damaged
Avdiivka,s1__coh__baseline__std__std,0.5517712914047359,0.09702485102494221,lower=damaged
Avdiivka,s1__coh__baseline__std__min,0.5001475666263318,0.9963514495672093,lower=damaged
Avdiivka,s1__coh__baseline__std__max,0.549631575322925,0.11164112258582735,lower=damaged
Avdiivka,s1__coh__baseline__std__max_abs_delta,0.5411710887465692,0.1869533801426161,lower=damaged
Borodyanka,s1__vh__baseline__count__mean,0.5,1.0,higher=damaged
Borodyanka,s1__vh__baseline__count__p10,0.5,1.0,higher=damaged
Borodyanka,s1__vh__baseline__count__p50,0.5,1.0,higher=damaged
Borodyanka,s1__vh__baseline__count__p90,0.5,1.0,higher=damaged
Borodyanka,s1__vh__baseline__count__std,0.5,1.0,higher=damaged
Borodyanka,s1__vh__baseline__count__min,0.5,1.0,higher=damaged
Borodyanka,s1__vh__baseline__count__max,0.5,1.0,higher=damaged
Borodyanka,s1__vh__baseline__count__max_abs_delta,0.5,1.0,higher=damaged
Borodyanka,s1__vh__baseline__kurtosis__mean,0.5171680289427845,0.6487845391123073,lower=damaged
Borodyanka,s1__vh__baseline__kurtosis__p10,0.5054267720755728,0.885766671831887,lower=damaged
Borodyanka,s1__vh__baseline__kurtosis__p50,0.5020266648800751,0.9574345493557093,lower=damaged
Borodyanka,s1__vh__baseline__kurtosis__p90,0.5288255393273482,0.444261992720705,lower=damaged
Borodyanka,s1__vh__baseline__kurtosis__std,0.5047400509178614,0.900185482378987,lower=damaged
Borodyanka,s1__vh__baseline__kurtosis__min,0.5283230604314619,0.4522477015076608,lower=damaged
Borodyanka,s1__vh__baseline__kurtosis__max,0.5281388181696369,0.4551961805793532,lower=damaged
Borodyanka,s1__vh__baseline__kurtosis__max_abs_delta,0.5054100227790432,0.8861179280061912,higher=damaged
Borodyanka,s1__vh__baseline__max__mean,0.5026296395551386,0.9446830322794827,lower=damaged
Borodyanka,s1__vh__baseline__max__p10,0.5116407610880345,0.7575687204847649,lower=damaged
Borodyanka,s1__vh__baseline__max__p50,0.5141699048639957,0.7070385545474217,lower=damaged
Borodyanka,s1__vh__baseline__max__p90,0.5249062039394345,0.5086518973689774,higher=damaged
Borodyanka,s1__vh__baseline__max__std,0.5659084818437625,0.08016117100176977,higher=damaged
Borodyanka,s1__vh__baseline__max__min,0.5151246147661799,0.68828122672416,lower=damaged
Borodyanka,s1__vh__baseline__max__max,0.5204843896556345,0.5867736927269567,higher=damaged
Borodyanka,s1__vh__baseline__max__max_abs_delta,0.5622236366072625,0.09855477448177595,higher=damaged
Borodyanka,s1__vh__baseline__mean__mean,0.5082574031890661,0.8267823560088444,higher=damaged
Borodyanka,s1__vh__baseline__mean__p10,0.5072189468042343,0.8483266007751311,lower=damaged
Borodyanka,s1__vh__baseline__mean__p50,0.5008877127160659,0.9815478578237714,higher=damaged
Borodyanka,s1__vh__baseline__mean__p90,0.5276865871633392,0.46247880607123215,higher=damaged
Borodyanka,s1__vh__baseline__mean__std,0.5598117379070079,0.11231959430549619,higher=damaged
Borodyanka,s1__vh__baseline__mean__min,0.5068672115771138,0.8556504608847,lower=damaged
Borodyanka,s1__vh__baseline__mean__max,0.5334148465764437,0.37514078636618564,higher=damaged
Borodyanka,s1__vh__baseline__mean__max_abs_delta,0.5504656304435214,0.1803534474117272,higher=damaged
Borodyanka,s1__vh__baseline__median__mean,0.508223904596007,0.8274753921518584,higher=damaged
Borodyanka,s1__vh__baseline__median__p10,0.5082574031890661,0.8267823560088444,lower=damaged
Borodyanka,s1__vh__baseline__median__p50,0.5063982312742865,0.8654348761326891,higher=damaged
Borodyanka,s1__vh__baseline__median__p90,0.5253416856492027,0.5012638365550406,higher=damaged
Borodyanka,s1__vh__baseline__median__std,0.5541839742730805,0.1503183330025865,higher=damaged
Borodyanka,s1__vh__baseline__median__min,0.5139186654160526,0.7120049590415608,lower=damaged
Borodyanka,s1__vh__baseline__median__max,0.5303329760150074,0.42079306789488236,higher=damaged
Borodyanka,s1__vh__baseline__median__max_abs_delta,0.556160391263567,0.1359899509329092,higher=damaged
Borodyanka,s1__vh__baseline__min__mean,0.5182567332172049,0.6281290683753395,higher=damaged
Borodyanka,s1__vh__baseline__min__p10,0.507151949618116,0.8497206334254518,higher=damaged
Borodyanka,s1__vh__baseline__min__p50,0.5193286881950959,0.6080719285010266,higher=damaged
Borodyanka,s1__vh__baseline__min__p90,0.5318069141096075,0.39856529482957725,higher=damaged
Borodyanka,s1__vh__baseline__min__std,0.5344198043682166,0.3609420904201407,higher=damaged
Borodyanka,s1__vh__baseline__min__min,0.5036345973469114,0.9234635588889574,higher=damaged
Borodyanka,s1__vh__baseline__min__max,0.5337833311000937,0.36989486507788083,higher=damaged
Borodyanka,s1__vh__baseline__min__max_abs_delta,0.5325438831569074,0.3877216995856122,higher=damaged
Borodyanka,s1__vh__baseline__skewness__mean,0.5256766715797936,0.4956197123390299,higher=damaged
Borodyanka,s1__vh__baseline__skewness__p10,0.5080731609272411,0.8305956870562307,higher=damaged
Borodyanka,s1__vh__baseline__skewness__p50,0.5230972799142435,0.5399408759444418,higher=damaged
Borodyanka,s1__vh__baseline__skewness__p90,0.5247889588637278,0.5106507006647822,higher=damaged
Borodyanka,s1__vh__baseline__skewness__std,0.5264471392201527,0.48276791614057313,higher=damaged
Borodyanka,s1__vh__baseline__skewness__min,0.5109205413372638,0.7721607302724649,higher=damaged
Borodyanka,s1__vh__baseline__skewness__max,0.5395953369958462,0.29325506612917396,higher=damaged
Borodyanka,s1__vh__baseline__skewness__max_abs_delta,0.5250401983116709,0.5063726133380206,higher=damaged
Borodyanka,s1__vh__baseline__std__mean,0.5440673991692349,0.24209643007161075,lower=damaged
Borodyanka,s1__vh__baseline__std__p10,0.5548539461342623,0.14533758686654727,lower=damaged
Borodyanka,s1__vh__baseline__std__p50,0.5323428915985529,0.3906610392697165,lower=damaged
Borodyanka,s1__vh__baseline__std__p90,0.5539159855286079,0.15234667733005466,lower=damaged
Borodyanka,s1__vh__baseline__std__std,0.5017921747286613,0.9623965990547323,higher=damaged
Borodyanka,s1__vh__baseline__std__min,0.5586057885568806,0.11974869409573051,lower=damaged
Borodyanka,s1__vh__baseline__std__max,0.5272343561570414,0.46982590336714636,lower=damaged
Borodyanka,s1__vh__baseline__std__max_abs_delta,0.5121432399839205,0.7474387815172385,higher=damaged
Borodyanka,s1__vv__baseline__count__mean,0.5,1.0,higher=damaged
Borodyanka,s1__vv__baseline__count__p10,0.5,1.0,higher=damaged
Borodyanka,s1__vv__baseline__count__p50,0.5,1.0,higher=damaged
Borodyanka,s1__vv__baseline__count__p90,0.5,1.0,higher=damaged
Borodyanka,s1__vv__baseline__count__std,0.5,1.0,higher=damaged
Borodyanka,s1__vv__baseline__count__min,0.5,1.0,higher=damaged
Borodyanka,s1__vv__baseline__count__max,0.5,1.0,higher=damaged
Borodyanka,s1__vv__baseline__count__max_abs_delta,0.5,1.0,higher=damaged
Borodyanka,s1__vv__baseline__kurtosis__mean,0.5700288087900308,0.06300350450883221,higher=damaged
Borodyanka,s1__vv__baseline__kurtosis__p10,0.5386406270936621,0.3050541033062283,higher=damaged
Borodyanka,s1__vv__baseline__kurtosis__p50,0.5612019295189603,0.10421167499274482,higher=damaged
Borodyanka,s1__vv__baseline__kurtosis__p90,0.5790231810263968,0.03590408402396776,higher=damaged
Borodyanka,s1__vv__baseline__kurtosis__std,0.5667459466702399,0.07639613063828445,higher=damaged
Borodyanka,s1__vv__baseline__kurtosis__min,0.5149068739112957,0.6925427976594491,higher=damaged
Borodyanka,s1__vv__baseline__kurtosis__max,0.5716534905533968,0.05713055666505588,higher=damaged
Borodyanka,s1__vv__baseline__kurtosis__max_abs_delta,0.568253383357899,0.06998302081023325,higher=damaged
Borodyanka,s1__vv__baseline__max__mean,0.6421847782393139,0.00015983768377761902,higher=damaged
Borodyanka,s1__vv__baseline__max__p10,0.6314149805708161,0.00048433487694087034,higher=damaged
Borodyanka,s1__vv__baseline__max__p50,0.637829961141632,0.000252586420315297,higher=damaged
Borodyanka,s1__vv__baseline__max__p90,0.6394881414980571,0.00021251419865120133,higher=damaged
Borodyanka,s1__vv__baseline__max__std,0.5963922015275359,0.010489967876106737,higher=damaged
Borodyanka,s1__vv__baseline__max__min,0.6334918933404796,0.00039346872075181485,higher=damaged
Borodyanka,s1__vv__baseline__max__max,0.6446804234222163,0.00012226606393526856,higher=damaged
Borodyanka,s1__vv__baseline__max__max_abs_delta,0.605788556880611,0.004973190907115087,higher=damaged
Borodyanka,s1__vv__baseline__mean__mean,0.6464725981508777,0.00010060513593471275,higher=damaged
Borodyanka,s1__vv__baseline__mean__p10,0.6345303497253116,0.000354262402070972,higher=damaged
Borodyanka,s1__vv__baseline__mean__p50,0.6370762427978025,0.00027305317648870683,higher=damaged
Borodyanka,s1__vv__baseline__mean__p90,0.6444459332708027,0.0001254059389815254,higher=damaged
Borodyanka,s1__vv__baseline__mean__std,0.5991055875653223,0.008505912066216141,higher=damaged
Borodyanka,s1__vv__baseline__mean__min,0.6374614766179821,0.00026240541473623126,higher=damaged
Borodyanka,s1__vv__baseline__mean__max,0.6503751842422618,6.530809416202965e-05,higher=damaged
Borodyanka,s1__vv__baseline__mean__max_abs_delta,0.5996918129438564,0.008124143614956251,higher=damaged
Borodyanka,s1__vv__baseline__median__mean,0.6409788288891867,0.00018166182501876886,higher=damaged
Borodyanka,s1__vv__baseline__median__p10,0.6254689803028273,0.0008641719606741713,higher=damaged
Borodyanka,s1__vv__baseline__median__p50,0.631967707356291,0.0004584089077019086,higher=damaged
Borodyanka,s1__vv__baseline__median__p90,0.6468745812675868,9.627110676156138e-05,higher=damaged
Borodyanka,s1__vv__baseline__median__std,0.6024889454642904,0.0065056399847174835,higher=damaged
Borodyanka,s1__vv__baseline__median__min,0.6273114029210773,0.0007240576268599904,higher=damaged
Borodyanka,s1__vv__baseline__median__max,0.6535910491759347,4.5393713513624964e-05,higher=damaged
Borodyanka,s1__vv__baseline__median__max_abs_delta,0.6068437625619724,0.004557014003310489,higher=damaged
Borodyanka,s1__vv__baseline__min__mean,0.6481810263968913,8.337179785515588e-05,higher=damaged
Borodyanka,s1__vv__baseline__min__p10,0.6485495109205415,8.0039998572587e-05,higher=damaged
Borodyanka,s1__vv__baseline__min__p50,0.646975077046764,9.521550628826518e-05,higher=damaged
Borodyanka,s1__vv__baseline__min__p90,0.6397393809460002,0.00020699084489168485,higher=damaged
Borodyanka,s1__vv__baseline__min__std,0.5472497655098486,0.20974373917107791,higher=damaged
Borodyanka,s1__vv__baseline__min__min,0.64749430523918,8.993343168365942e-05,higher=damaged
Borodyanka,s1__vv__baseline__min__max,0.6371097413908616,0.0002721108523601904,higher=damaged
Borodyanka,s1__vv__baseline__min__max_abs_delta,0.5501138952164009,0.1834104719673022,higher=damaged
Borodyanka,s1__vv__baseline__skewness__mean,0.5277870829425164,0.4608549210756344,higher=damaged
Borodyanka,s1__vv__baseline__skewness__p10,0.5045725579525661,0.903707450493663,higher=damaged
Borodyanka,s1__vv__baseline__skewness__p50,0.5254756800214391,0.49900209531193473,higher=damaged
Borodyanka,s1__vv__baseline__skewness__p90,0.5551721827683237,0.14301645184401254,higher=damaged
Borodyanka,s1__vv__baseline__skewness__std,0.5515040868283533,0.17154893498792023,higher=damaged
Borodyanka,s1__vv__baseline__skewness__min,0.5070012059493502,0.8528588954087399,lower=damaged
Borodyanka,s1__vv__baseline__skewness__max,0.5402150609674394,0.2857621519932132,higher=damaged
Borodyanka,s1__vv__baseline__skewness__max_abs_delta,0.5390928580999598,0.29942643984570816,higher=damaged
Borodyanka,s1__vv__baseline__std__mean,0.5086593863057751,0.8184765930743726,lower=damaged
Borodyanka,s1__vv__baseline__std__p10,0.5142704006431731,0.7050554646023557,higher=damaged
Borodyanka,s1__vv__baseline__std__p50,0.5099658314350797,0.7916278236171925,lower=damaged
Borodyanka,s1__vv__baseline__std__p90,0.5152921077314753,0.6850097839692597,lower=damaged
Borodyanka,s1__vv__baseline__std__std,0.5195799276430391,0.6034126502739877,lower=damaged
Borodyanka,s1__vv__baseline__std__min,0.5073529411764706,0.8455399203558599,higher=damaged
Borodyanka,s1__vv__baseline__std__max,0.5120427442047434,0.7494612784243624,lower=damaged
Borodyanka,s1__vv__baseline__std__max_abs_delta,0.5005862253785341,0.9879345223202116,lower=damaged
Borodyanka,s1__coh__baseline__count__mean,0.5501808924025191,0.0011211091612740789,lower=damaged
Borodyanka,s1__coh__baseline__count__p10,0.5502478895886374,0.0011041499659014981,lower=damaged
Borodyanka,s1__coh__baseline__count__p50,0.5,1.0,higher=damaged
Borodyanka,s1__coh__baseline__count__p90,0.5,1.0,higher=damaged
Borodyanka,s1__coh__baseline__count__std,0.5494439233552191,0.00132736427791169,higher=damaged
Borodyanka,s1__coh__baseline__count__min,0.5502478895886374,0.00110242857770486,lower=damaged
Borodyanka,s1__coh__baseline__count__max,0.5,1.0,higher=damaged
Borodyanka,s1__coh__baseline__count__max_abs_delta,0.5502478895886372,0.00110242857770486,higher=damaged
Borodyanka,s1__coh__baseline__max__mean,0.6034604046630041,0.0060153930812033,higher=damaged
Borodyanka,s1__coh__baseline__max__p10,0.5802793782661129,0.033058641848068046,higher=damaged
Borodyanka,s1__coh__baseline__max__p50,0.6075974809058019,0.004279336193870296,higher=damaged
Borodyanka,s1__coh__baseline__max__p90,0.6157711376122202,0.002113141126830798,higher=damaged
Borodyanka,s1__coh__baseline__max__std,0.5092288623877798,0.806745096990829,higher=damaged
Borodyanka,s1__coh__baseline__max__min,0.5597949886104784,0.11242013788307885,higher=damaged
Borodyanka,s1__coh__baseline__max__max,0.5975981508776631,0.009562252255130592,higher=damaged
Borodyanka,s1__coh__baseline__max__max_abs_delta,0.511724507570682,0.7558774453500264,higher=damaged
Borodyanka,s1__coh__baseline__mean__mean,0.6021539595336997,0.006682846352897336,higher=damaged
Borodyanka,s1__coh__baseline__mean__p10,0.5906974407074903,0.0160392349717718,higher=damaged
Borodyanka,s1__coh__baseline__mean__p50,0.6065757738174997,0.0046596095686877335,higher=damaged
Borodyanka,s1__coh__baseline__mean__p90,0.5839809727991424,0.025769635599950266,higher=damaged
Borodyanka,s1__coh__baseline__mean__std,0.5157275894412435,0.6765317012754688,higher=damaged
Borodyanka,s1__coh__baseline__mean__min,0.6018357228996383,0.006855187708215103,higher=damaged
Borodyanka,s1__coh__baseline__mean__max,0.5705647862789764,0.06101315732691775,higher=damaged
Borodyanka,s1__coh__baseline__mean__max_abs_delta,0.5007872169368888,0.9836766362169598,lower=damaged
Borodyanka,s1__coh__baseline__median__mean,0.6057383089910224,0.004993841318856988,higher=damaged
Borodyanka,s1__coh__baseline__median__p10,0.606307785073027,0.004764287221138847,higher=damaged
Borodyanka,s1__coh__baseline__median__p50,0.6093226584483452,0.0037006348326534336,higher=damaged
Borodyanka,s1__coh__baseline__median__p90,0.5893407476885971,0.01769235911382753,higher=damaged
Borodyanka,s1__coh__baseline__median__std,0.5000167492965295,1.0,higher=damaged
Borodyanka,s1__coh__baseline__median__min,0.6143306981106793,0.002400560660569508,higher=damaged
Borodyanka,s1__coh__baseline__median__max,0.5717372370360445,0.056840605917407076,higher=damaged
Borodyanka,s1__coh__baseline__median__max_abs_delta,0.52323127428648,0.5375905958665668,lower=damaged
Borodyanka,s1__coh__baseline__min__mean,0.5869790968779312,0.02092800325865489,higher=damaged
Borodyanka,s1__coh__baseline__min__p10,0.5558924025190942,0.13786849708473678,higher=damaged
Borodyanka,s1__coh__baseline__min__p50,0.6073462414578588,0.004370145488862693,higher=damaged
Borodyanka,s1__coh__baseline__min__p90,0.5702800482379742,0.06206395819030546,higher=damaged
Borodyanka,s1__coh__baseline__min__std,0.5479867345571485,0.20271992185914034,higher=damaged
Borodyanka,s1__coh__baseline__min__min,0.5588737773013532,0.11806529796358409,higher=damaged
Borodyanka,s1__coh__baseline__min__max,0.5703637947206218,0.06175331017916998,higher=damaged
Borodyanka,s1__coh__baseline__min__max_abs_delta,0.545206351333244,0.23013637433515377,higher=damaged
Borodyanka,s1__coh__baseline__std__mean,0.5237002545893072,0.5294051593132338,lower=damaged
Borodyanka,s1__coh__baseline__std__p10,0.5402820581535575,0.2849600185258939,lower=damaged
Borodyanka,s1__coh__baseline__std__p50,0.5357932466836393,0.34209031428063064,lower=damaged
Borodyanka,s1__coh__baseline__std__p90,0.5100160793246684,0.7905998411846795,higher=damaged
Borodyanka,s1__coh__baseline__std__std,0.5846676939568538,0.024582463191797473,higher=damaged
Borodyanka,s1__coh__baseline__std__min,0.5566963687525124,0.132291934092191,lower=damaged
Borodyanka,s1__coh__baseline__std__max,0.5166488007503686,0.6587327160464937,higher=damaged
Borodyanka,s1__coh__baseline__std__max_abs_delta,0.5796596542945196,0.03443732178600651,higher=damaged
Bucha,s1__vh__baseline__count__mean,0.5,1.0,higher=damaged
Bucha,s1__vh__baseline__count__p10,0.5,1.0,higher=damaged
Bucha,s1__vh__baseline__count__p50,0.5,1.0,higher=damaged
Bucha,s1__vh__baseline__count__p90,0.5,1.0,higher=damaged
Bucha,s1__vh__baseline__count__std,0.5,1.0,higher=damaged
Bucha,s1__vh__baseline__count__min,0.5,1.0,higher=damaged
Bucha,s1__vh__baseline__count__max,0.5,1.0,higher=damaged
Bucha,s1__vh__baseline__count__max_abs_delta,0.5,1.0,higher=damaged
Bucha,s1__vh__baseline__kurtosis__mean,0.506646956375179,0.763229449818642,higher=damaged
Bucha,s1__vh__baseline__kurtosis__p10,0.5051265484985533,0.8162902632900119,higher=damaged
Bucha,s1__vh__baseline__kurtosis__p50,0.512100058990421,0.5833865721849394,lower=damaged
Bucha,s1__vh__baseline__kurtosis__p90,0.5248567375488076,0.25985446852563254,higher=damaged
Bucha,s1__vh__baseline__kurtosis__std,0.5131113233517797,0.552319683947198,higher=damaged
Bucha,s1__vh__baseline__kurtosis__min,0.514963552346976,0.4976108635152423,higher=damaged
Bucha,s1__vh__baseline__kurtosis__max,0.5178340683727072,0.4188713039040094,higher=damaged
Bucha,s1__vh__baseline__kurtosis__max_abs_delta,0.5047157223517516,0.8307847021230137,higher=damaged
Bucha,s1__vh__baseline__max__mean,0.5107517065086098,0.6260310708218275,lower=damaged
Bucha,s1__vh__baseline__max__p10,0.5229676395404366,0.29783012488631544,lower=damaged
Bucha,s1__vh__baseline__max__p50,0.5082446136127419,0.708651139416228,lower=damaged
Bucha,s1__vh__baseline__max__p90,0.5020049720497767,0.9276431341156746,higher=damaged
Bucha,s1__vh__baseline__max__std,0.5318969633978482,0.1482093886467405,higher=damaged
Bucha,s1__vh__baseline__max__min,0.5270162083204584,0.22071499696503816,lower=damaged
Bucha,s1__vh__baseline__max__max,0.500001755667294,1.0,lower=damaged
Bucha,s1__vh__baseline__max__max_abs_delta,0.533417371274474,0.12982079378195327,higher=damaged
Bucha,s1__vh__baseline__mean__mean,0.5225497907244585,0.3067071694450042,lower=damaged
Bucha,s1__vh__baseline__mean__p10,0.5277781679260654,0.20796874894359652,lower=damaged
Bucha,s1__vh__baseline__mean__p50,0.5201761285429366,0.3604268275762613,lower=damaged
Bucha,s1__vh__baseline__mean__p90,0.5158923003455154,0.4713058264412858,lower=damaged
Bucha,s1__vh__baseline__mean__std,0.5194247029410939,0.378594911713128,higher=damaged
Bucha,s1__vh__baseline__mean__min,0.5308611196943734,0.1618345675083147,lower=damaged
Bucha,s1__vh__baseline__mean__max,0.5148582123093345,0.5006430088084544,lower=damaged
Bucha,s1__vh__baseline__mean__max_abs_delta,0.5210715188628894,0.33950577391160397,higher=damaged
Bucha,s1__vh__baseline__median__mean,0.5254361077558358,0.24891064048306066,lower=damaged
Bucha,s1__vh__baseline__median__p10,0.5302396134722885,0.17045175993055262,lower=damaged
Bucha,s1__vh__baseline__median__p50,0.5222478159498862,0.3132305279082629,lower=damaged
Bucha,s1__vh__baseline__median__p90,0.5215859293800388,0.32784602698590337,lower=damaged
Bucha,s1__vh__baseline__median__std,0.5088485631618865,0.6883857255909627,higher=damaged
Bucha,s1__vh__baseline__median__min,0.5311156914520071,0.15840142984207795,lower=damaged
Bucha,s1__vh__baseline__median__max,0.5204359673024523,0.3542738840126951,lower=damaged
Bucha,s1__vh__baseline__median__max_abs_delta,0.5097931121660721,0.6571399272546364,higher=damaged
Bucha,s1__vh__baseline__min__mean,0.5191367735048737,0.38570335738423867,lower=damaged
Bucha,s1__vh__baseline__min__p10,0.5214086069833422,0.33183556950609694,lower=damaged
Bucha,s1__vh__baseline__min__p50,0.5145211241888817,0.5104113315112988,lower=damaged
Bucha,s1__vh__baseline__min__p90,0.5136151998651648,0.5371492094638555,lower=damaged
Bucha,s1__vh__baseline__min__std,0.5042873395320093,0.8459600435152819,higher=damaged
Bucha,s1__vh__baseline__min__min,0.5206624483833816,0.3489653226426235,lower=damaged
Bucha,s1__vh__baseline__min__max,0.517974521756229,0.41521654265661023,lower=damaged
Bucha,s1__vh__baseline__min__max_abs_delta,0.5012359897749936,0.9553810388294613,higher=damaged
Bucha,s1__vh__baseline__skewness__mean,0.5739732857664541,0.0007985279487615118,higher=damaged
Bucha,s1__vh__baseline__skewness__p10,0.5518150088485632,0.018833139104487938,higher=damaged
Bucha,s1__vh__baseline__skewness__p50,0.568931009298014,0.0017797060247958464,higher=damaged
Bucha,s1__vh__baseline__skewness__p90,0.5741225174864463,0.0007792284024402513,higher=damaged
Bucha,s1__vh__baseline__skewness__std,0.5285190595241439,0.19609515945905143,higher=damaged
Bucha,s1__vh__baseline__skewness__min,0.5413266524340571,0.06101931874465753,higher=damaged
Bucha,s1__vh__baseline__skewness__max,0.569628009213742,0.0015977184824453126,higher=damaged
Bucha,s1__vh__baseline__skewness__max_abs_delta,0.526566757493188,0.22849126162498068,higher=damaged
Bucha,s1__vh__baseline__std__mean,0.5267177448804742,0.2258574567687982,higher=damaged
Bucha,s1__vh__baseline__std__p10,0.5303203741678137,0.16931295719285555,higher=damaged
Bucha,s1__vh__baseline__std__p50,0.5309453917244866,0.16069191785352754,higher=damaged
Bucha,s1__vh__baseline__std__p90,0.518244894519509,0.40823441706220753,higher=damaged
Bucha,s1__vh__baseline__std__std,0.512651338520745,0.566349839955262,lower=damaged
Bucha,s1__vh__baseline__std__min,0.5265193544762493,0.22932262993675967,higher=damaged
Bucha,s1__vh__baseline__std__max,0.5141647237281946,0.5208466432248122,higher=damaged
Bucha,s1__vh__baseline__std__max_abs_delta,0.5046735863366949,0.8322746610881528,lower=damaged
Bucha,s1__vv__baseline__count__mean,0.5,1.0,higher=damaged
Bucha,s1__vv__baseline__count__p10,0.5,1.0,higher=damaged
Bucha,s1__vv__baseline__count__p50,0.5,1.0,higher=damaged
Bucha,s1__vv__baseline__count__p90,0.5,1.0,higher=damaged
Bucha,s1__vv__baseline__count__std,0.5,1.0,higher=damaged
Bucha,s1__vv__baseline__count__min,0.5,1.0,higher=damaged
Bucha,s1__vv__baseline__count__max,0.5,1.0,higher=damaged
Bucha,s1__vv__baseline__count__max_abs_delta,0.5,1.0,higher=damaged
Bucha,s1__vv__baseline__kurtosis__mean,0.5219598865136661,0.3195349327837328,lower=damaged
Bucha,s1__vv__baseline__kurtosis__p10,0.526219135368971,0.23463810059092438,lower=damaged
Bucha,s1__vv__baseline__kurtosis__p50,0.5209907581673643,0.3413601735931183,lower=damaged
Bucha,s1__vv__baseline__kurtosis__p90,0.51636106351302,0.458325996624277,lower=damaged
Bucha,s1__vv__baseline__kurtosis__std,0.5157553582965814,0.4751356107823257,lower=damaged
Bucha,s1__vv__baseline__kurtosis__min,0.5130551419983708,0.5540240935806432,lower=damaged
Bucha,s1__vv__baseline__kurtosis__max,0.5190700581477008,0.38736197598934685,lower=damaged
Bucha,s1__vv__baseline__kurtosis__max_abs_delta,0.5203148262591646,0.35713419227338006,lower=damaged
Bucha,s1__vv__baseline__max__mean,0.5537409758701088,0.014845510819780538,higher=damaged
Bucha,s1__vv__baseline__max__p10,0.5531879406724908,0.01590642112219302,higher=damaged
Bucha,s1__vv__baseline__max__p50,0.5554773308238996,0.01190867011519315,higher=damaged
Bucha,s1__vv__baseline__max__p90,0.5500628528891262,0.023244738387474016,higher=damaged
Bucha,s1__vv__baseline__max__std,0.5184836652714965,0.40212691524957844,higher=damaged
Bucha,s1__vv__baseline__max__min,0.5555422905137786,0.011809574551554087,higher=damaged
Bucha,s1__vv__baseline__max__max,0.5456701733194753,0.03842823670339428,higher=damaged
Bucha,s1__vv__baseline__max__max_abs_delta,0.5123528750807607,0.5755439140375764,higher=damaged
Bucha,s1__vv__baseline__mean__mean,0.5434141408466531,0.04906962953261294,higher=damaged
Bucha,s1__vv__baseline__mean__p10,0.5385772774516138,0.08033948221715644,higher=damaged
Bucha,s1__vv__baseline__mean__p50,0.5453857552178432,0.03965121308694658,higher=damaged
Bucha,s1__vv__baseline__mean__p90,0.5410123879884267,0.06301168315491754,higher=damaged
Bucha,s1__vv__baseline__mean__std,0.5157167336161128,0.47621888390742684,higher=damaged
Bucha,s1__vv__baseline__mean__min,0.537267549650271,0.09115301750830733,higher=damaged
Bucha,s1__vv__baseline__mean__max,0.5383876653838591,0.08183721294963621,higher=damaged
Bucha,s1__vv__baseline__mean__max_abs_delta,0.5142419730891317,0.5185755184569365,higher=damaged
Bucha,s1__vv__baseline__median__mean,0.5414232141352285,0.06041773472980927,higher=damaged
Bucha,s1__vv__baseline__median__p10,0.5367232927891232,0.09597777479841839,higher=damaged
Bucha,s1__vv__baseline__median__p50,0.5411493300373607,0.0621369902074432,higher=damaged
Bucha,s1__vv__baseline__median__p90,0.5413424534397033,0.06092054411576903,higher=damaged
Bucha,s1__vv__baseline__median__std,0.5211944155734712,0.33669627625369014,higher=damaged
Bucha,s1__vv__baseline__median__min,0.5345251973370039,0.11757603069058807,higher=damaged
Bucha,s1__vv__baseline__median__max,0.5385035394252646,0.08091926054231134,higher=damaged
Bucha,s1__vv__baseline__median__max_abs_delta,0.5174407988988454,0.4292048224886216,higher=damaged
Bucha,s1__vv__baseline__min__mean,0.5357840107868199,0.10478315579091488,higher=damaged
Bucha,s1__vv__baseline__min__p10,0.5308435630214332,0.1620733933641385,higher=damaged
Bucha,s1__vv__baseline__min__p50,0.5380154639175257,0.08484307674698005,higher=damaged
Bucha,s1__vv__baseline__min__p90,0.5337017893761061,0.12658646763255604,higher=damaged
Bucha,s1__vv__baseline__min__std,0.506710160397764,0.7610457162636186,higher=damaged
Bucha,s1__vv__baseline__min__min,0.5268792662715245,0.22306395891338393,higher=damaged
Bucha,s1__vv__baseline__min__max,0.5317635326835024,0.14991364219680572,higher=damaged
Bucha,s1__vv__baseline__min__max_abs_delta,0.5060746088373269,0.7830882172526571,higher=damaged
Bucha,s1__vv__baseline__skewness__mean,0.5213032669457007,0.3342203874191181,higher=damaged
Bucha,s1__vv__baseline__skewness__p10,0.540406682771988,0.06700343501946388,higher=damaged
Bucha,s1__vv__baseline__skewness__p50,0.5158501643304587,0.47248240624885973,higher=damaged
Bucha,s1__vv__baseline__skewness__p90,0.5010639343801792,0.9615958410377995,higher=damaged
Bucha,s1__vv__baseline__skewness__std,0.5444675412230681,0.04382724403618994,lower=damaged
Bucha,s1__vv__baseline__skewness__min,0.5452154554903228,0.040399173855766204,higher=damaged
Bucha,s1__vv__baseline__skewness__max,0.5023192364954072,0.9163306634997233,lower=damaged
Bucha,s1__vv__baseline__skewness__max_abs_delta,0.5421009017107222,0.05633257141543206,lower=damaged
Bucha,s1__vv__baseline__std__mean,0.5300148880586534,0.17365077984730148,higher=damaged
Bucha,s1__vv__baseline__std__p10,0.5182694738616254,0.40760315929962154,higher=damaged
Bucha,s1__vv__baseline__std__p50,0.5264772184611928,0.2300634600538487,higher=damaged
Bucha,s1__vv__baseline__std__p90,0.5364862777044299,0.0981417881939304,higher=damaged
Bucha,s1__vv__baseline__std__std,0.5335788926655243,0.12797623777489225,higher=damaged
Bucha,s1__vv__baseline__std__min,0.5142823534368943,0.5173903591609392,higher=damaged
Bucha,s1__vv__baseline__std__max,0.5342653585774881,0.12036335941316847,higher=damaged
Bucha,s1__vv__baseline__std__max_abs_delta,0.5305661675889772,0.16588217438883546,higher=damaged
Bucha,s1__coh__baseline__count__mean,0.5039397174077924,0.7306962490267936,higher=damaged
Bucha,s1__coh__baseline__count__p10,0.5039590297480266,0.7294271428798107,higher=damaged
Bucha,s1__coh__baseline__count__p50,0.500340599455041,0.7176105167932582,higher=damaged
Bucha,s1__coh__baseline__count__p90,0.5,1.0,higher=damaged
Bucha,s1__coh__baseline__count__std,0.504201311834602,0.7136216661387333,lower=damaged
Bucha,s1__coh__baseline__count__min,0.5043698558948285,0.70246667072863,higher=damaged
Bucha,s1__coh__baseline__count__max,0.5,1.0,higher=damaged
Bucha,s1__coh__baseline__count__max_abs_delta,0.5043698558948284,0.70246667072863,lower=damaged
Bucha,s1__coh__baseline__max__mean,0.5355136380235399,0.1074332982090302,higher=damaged
Bucha,s1__coh__baseline__max__p10,0.5316283463018624,0.15165554548511492,higher=damaged
Bucha,s1__coh__baseline__max__p50,0.5376695974606028,0.08771570657638293,higher=damaged
Bucha,s1__coh__baseline__max__p90,0.5337737717351612,0.12577793365687287,higher=damaged
Bucha,s1__coh__baseline__max__std,0.5129498019607293,0.557226821805626,lower=damaged
Bucha,s1__coh__baseline__max__min,0.5271671957077446,0.21814573886473032,higher=damaged
Bucha,s1__coh__baseline__max__max,0.5373254866709739,0.09065109592098973,higher=damaged
Bucha,s1__coh__baseline__max__max_abs_delta,0.5100915756060563,0.6473868550299002,lower=damaged
Bucha,s1__coh__baseline__mean__mean,0.5436845136099329,0.04767625240248757,higher=damaged
Bucha,s1__coh__baseline__mean__p10,0.5317108626646816,0.15059048909883083,higher=damaged
Bucha,s1__coh__baseline__mean__p50,0.5516780667996293,0.019149413179606035,higher=damaged
Bucha,s1__coh__baseline__mean__p90,0.5467955560549453,0.03389877158444536,higher=damaged
Bucha,s1__coh__baseline__mean__std,0.5318478047136155,0.14883554620190403,higher=damaged
Bucha,s1__coh__baseline__mean__min,0.5168561616899352,0.4448373677729497,higher=damaged
Bucha,s1__coh__baseline__mean__max,0.5446501306216467,0.04296844692719263,higher=damaged
Bucha,s1__coh__baseline__mean__max_abs_delta,0.5351344138880305,0.11123950386433257,higher=damaged
Bucha,s1__coh__baseline__median__mean,0.5423537178010618,0.05486867744481356,higher=damaged
Bucha,s1__coh__baseline__median__p10,0.5276622938846597,0.2098719321397584,higher=damaged
Bucha,s1__coh__baseline__median__p50,0.5522346133318351,0.017892315723951446,higher=damaged
Bucha,s1__coh__baseline__median__p90,0.5449380600578668,0.04164312198313692,higher=damaged
Bucha,s1__coh__baseline__median__std,0.5280696086968735,0.20323735292957323,higher=damaged
Bucha,s1__coh__baseline__median__min,0.5200549874996488,0.3633181996160433,higher=damaged
Bucha,s1__coh__baseline__median__max,0.5446887553021151,0.04278861242894579,higher=damaged
Bucha,s1__coh__baseline__median__max_abs_delta,0.5305872355965056,0.16559055733951122,higher=damaged
Bucha,s1__coh__baseline__min__mean,0.5476804123711341,0.030665507573126746,higher=damaged
Bucha,s1__coh__baseline__min__p10,0.5321848928340683,0.1445822300673003,higher=damaged
Bucha,s1__coh__baseline__min__p50,0.5519519508974972,0.01852144291726131,higher=damaged
Bucha,s1__coh__baseline__min__p90,0.5512128149667126,0.020258873658801194,higher=damaged
Bucha,s1__coh__baseline__min__std,0.5338001067445715,0.12548314240282263,higher=damaged
Bucha,s1__coh__baseline__min__min,0.5239139442119161,0.2783665128090048,higher=damaged
Bucha,s1__coh__baseline__min__max,0.5477049917132504,0.030579607054475707,higher=damaged
Bucha,s1__coh__baseline__min__max_abs_delta,0.5296040619118514,0.17961460600133716,higher=damaged
Bucha,s1__coh__baseline__std__mean,0.5457632236860586,0.03803515789393274,lower=damaged
Bucha,s1__coh__baseline__std__p10,0.541172153712183,0.06199218846386178,lower=damaged
Bucha,s1__coh__baseline__std__p50,0.540480420798337,0.06650662086128646,lower=damaged
Bucha,s1__coh__baseline__std__p90,0.5410615466726594,0.0626965272240816,lower=damaged
Bucha,s1__coh__baseline__std__std,0.506783898424113,0.7585004318902838,lower=damaged
Bucha,s1__coh__baseline__std__min,0.547259052220568,0.03217054107464307,lower=damaged
Bucha,s1__coh__baseline__std__max,0.5492271552571701,0.02564776686351653,lower=damaged
Bucha,s1__coh__baseline__std__max_abs_delta,0.5105761397792072,0.631681220638872,lower=damaged
Chernihiv,s1__vh__baseline__count__mean,0.5004408668787081,0.9649899183443094,lower=damaged
Chernihiv,s1__vh__baseline__count__p10,0.5002335341347162,0.9814677441818566,lower=damaged
Chernihiv,s1__vh__baseline__count__p50,0.5005798481686368,0.9537984880579543,higher=damaged
Chernihiv,s1__vh__baseline__count__p90,0.5001207542355117,0.9903809883326314,lower=damaged
Chernihiv,s1__vh__baseline__count__std,0.5002352429210677,0.8832987489148623,lower=damaged
Chernihiv,s1__vh__baseline__count__min,0.5002335341347162,0.9814677441818566,lower=damaged
Chernihiv,s1__vh__baseline__count__max,0.5001207542355117,0.9903809883326314,lower=damaged
Chernihiv,s1__vh__baseline__count__max_abs_delta,0.5002369517074193,0.8824550951031401,lower=damaged
Chernihiv,s1__vh__baseline__kurtosis__mean,0.5043004456514805,0.7920771284717326,higher=damaged
Chernihiv,s1__vh__baseline__kurtosis__p10,0.50402988781248,0.8048742936702256,higher=damaged
Chernihiv,s1__vh__baseline__kurtosis__p50,0.5065765490717873,0.6868332115082079,lower=damaged
Chernihiv,s1__vh__baseline__kurtosis__p90,0.5165701012512873,0.30967507168605035,higher=damaged
Chernihiv,s1__vh__baseline__kurtosis__std,0.5115468389730877,0.47900997030141645,higher=damaged
Chernihiv,s1__vh__baseline__kurtosis__min,0.5140991961869003,0.3873954003037545,higher=damaged
Chernihiv,s1__vh__baseline__kurtosis__max,0.5174649357040655,0.2843064718671857,higher=damaged
Chernihiv,s1__vh__baseline__kurtosis__max_abs_delta,0.508035852616038,0.6222676564623504,higher=damaged
Chernihiv,s1__vh__baseline__max__mean,0.567322764679614,3.769580105389223e-05,lower=damaged
Chernihiv,s1__vh__baseline__max__p10,0.5689506684772208,2.4341513584043172e-05,lower=damaged
Chernihiv,s1__vh__baseline__max__p50,0.5677664795355746,3.349104218974781e-05,lower=damaged
Chernihiv,s1__vh__baseline__max__p90,0.557310985445697,0.0004509968019925879,lower=damaged
Chernihiv,s1__vh__baseline__max__std,0.5120697275966717,0.46001601941115966,higher=damaged
Chernihiv,s1__vh__baseline__max__min,0.5699730923109172,1.840518900843966e-05,lower=damaged
Chernihiv,s1__vh__baseline__max__max,0.5528504834726184,0.001215413637161006,lower=damaged
Chernihiv,s1__vh__baseline__max__max_abs_delta,0.5109430677955289,0.5029525605657402,higher=damaged
Chernihiv,s1__vh__baseline__mean__mean,0.5602318709160006,0.0002268297037594249,lower=damaged
Chernihiv,s1__vh__baseline__mean__p10,0.5618854065088812,0.0001516718548454706,lower=damaged
Chernihiv,s1__vh__baseline__mean__p50,0.5588807905073501,0.0003128908871682847,lower=damaged
Chernihiv,s1__vh__baseline__mean__p90,0.5543097870168692,0.0008855496891644153,lower=damaged
Chernihiv,s1__vh__baseline__mean__std,0.520425692855906,0.2111769402407676,higher=damaged
Chernihiv,s1__vh__baseline__mean__min,0.5634079351481404,0.00010380625504593376,lower=damaged
Chernihiv,s1__vh__baseline__mean__max,0.5490581169630082,0.0026725680302977,lower=damaged
Chernihiv,s1__vh__baseline__mean__max_abs_delta,0.5212066082185789,0.19423926865059982,higher=damaged
Chernihiv,s1__vh__baseline__median__mean,0.5437939158092356,0.007343872572715316,lower=damaged
Chernihiv,s1__vh__baseline__median__p10,0.5478927246712295,0.003370623901463827,lower=damaged
Chernihiv,s1__vh__baseline__median__p50,0.5439961221941728,0.00707670104602322,lower=damaged
Chernihiv,s1__vh__baseline__median__p90,0.5374833678128446,0.02176000885341113,lower=damaged
Chernihiv,s1__vh__baseline__median__std,0.52228826997913,0.17245603982017144,higher=damaged
Chernihiv,s1__vh__baseline__median__min,0.5474353395244562,0.0036872617628329026,lower=damaged
Chernihiv,s1__vh__baseline__median__max,0.5325751638156516,0.04614412034149965,lower=damaged
Chernihiv,s1__vh__baseline__median__max_abs_delta,0.5215221640981709,0.18768554350717348,higher=damaged
Chernihiv,s1__vh__baseline__min__mean,0.5504046406080546,0.00203200458435167,lower=damaged
Chernihiv,s1__vh__baseline__min__p10,0.5445218587950094,0.006422432482217343,lower=damaged
Chernihiv,s1__vh__baseline__min__p50,0.5556910559843977,0.0006517154492147079,lower=damaged
Chernihiv,s1__vh__baseline__min__p90,0.5507931047053142,0.001875347815096314,lower=damaged
Chernihiv,s1__vh__baseline__min__std,0.5081463541334402,0.6180267489105515,higher=damaged
Chernihiv,s1__vh__baseline__min__min,0.5418783663091126,0.010360075696270349,lower=damaged
Chernihiv,s1__vh__baseline__min__max,0.5490900143082378,0.002655470370386849,lower=damaged
Chernihiv,s1__vh__baseline__min__max_abs_delta,0.5080808506566297,0.6208549192022214,higher=damaged
Chernihiv,s1__vh__baseline__skewness__mean,0.5157960210340208,0.33285542506757093,lower=damaged
Chernihiv,s1__vh__baseline__skewness__p10,0.5224272512690586,0.16912674580259912,lower=damaged
Chernihiv,s1__vh__baseline__skewness__p50,0.5256779325052174,0.11543823470386254,lower=damaged
Chernihiv,s1__vh__baseline__skewness__p90,0.5071244998951945,0.6622713537775244,lower=damaged
Chernihiv,s1__vh__baseline__skewness__std,0.5181518678174013,0.2657742769789875,higher=damaged
Chernihiv,s1__vh__baseline__skewness__min,0.5120207423879264,0.4611674678973847,lower=damaged
Chernihiv,s1__vh__baseline__skewness__max,0.5040566587986548,0.8036173138749977,higher=damaged
Chernihiv,s1__vh__baseline__skewness__max_abs_delta,0.5234513838891066,0.15050293304265708,higher=damaged
Chernihiv,s1__vh__baseline__std__mean,0.5164795355746534,0.3130852342103787,lower=damaged
Chernihiv,s1__vh__baseline__std__p10,0.5132749915699873,0.4164466259839259,lower=damaged
Chernihiv,s1__vh__baseline__std__p50,0.5161992946129941,0.3213857087464369,lower=damaged
Chernihiv,s1__vh__baseline__std__p90,0.5185648245190336,0.25578016701370554,lower=damaged
Chernihiv,s1__vh__baseline__std__std,0.5125288215297967,0.4431266015014068,lower=damaged
Chernihiv,s1__vh__baseline__std__min,0.5138576877158767,0.3962867889272519,lower=damaged
Chernihiv,s1__vh__baseline__std__max,0.5212533150455221,0.19325876420562782,lower=damaged
Chernihiv,s1__vh__baseline__std__max_abs_delta,0.5148015073774003,0.3649104741686626,lower=damaged
Chernihiv,s1__vv__baseline__count__mean,0.5004408668787081,0.9649899183443094,lower=damaged
Chernihiv,s1__vv__baseline__count__p10,0.5002335341347162,0.9814677441818566,lower=damaged
Chernihiv,s1__vv__baseline__count__p50,0.5005798481686368,0.9537984880579543,higher=damaged
Chernihiv,s1__vv__baseline__count__p90,0.5001207542355117,0.9903809883326314,lower=damaged
Chernihiv,s1__vv__baseline__count__std,0.5002352429210677,0.8832987489148623,lower=damaged
Chernihiv,s1__vv__baseline__count__min,0.5002335341347162,0.9814677441818566,lower=damaged
Chernihiv,s1__vv__baseline__count__max,0.5001207542355117,0.9903809883326314,lower=damaged
Chernihiv,s1__vv__baseline__count__max_abs_delta,0.5002369517074193,0.8824550951031401,lower=damaged
Chernihiv,s1__vv__baseline__kurtosis__mean,0.5046752394579274,0.7744247754204617,lower=damaged
Chernihiv,s1__vv__baseline__kurtosis__p10,0.5087637956018117,0.591069258941638,lower=damaged
Chernihiv,s1__vv__baseline__kurtosis__p50,0.5017087863515817,0.9165929409348305,lower=damaged
Chernihiv,s1__vv__baseline__kurtosis__p90,0.501852894000565,0.9095795220400444,lower=damaged
Chernihiv,s1__vv__baseline__kurtosis__std,0.5154770475817255,0.3426944400146138,higher=damaged
Chernihiv,s1__vv__baseline__kurtosis__min,0.5093231383342295,0.5676318501209203,lower=damaged
Chernihiv,s1__vv__baseline__kurtosis__max,0.5051930017224566,0.7502311188590282,higher=damaged
Chernihiv,s1__vv__baseline__kurtosis__max_abs_delta,0.5161110073181623,0.3232885250718206,higher=damaged
Chernihiv,s1__vv__baseline__max__mean,0.5090064432637365,0.5814282076691056,lower=damaged
Chernihiv,s1__vv__baseline__max__p10,0.5215460871070932,0.18719542726547023,lower=damaged
Chernihiv,s1__vv__baseline__max__p50,0.506853942056194,0.6748265320081029,lower=damaged
Chernihiv,s1__vv__baseline__max__p90,0.5020066847722073,0.9022611196706481,lower=damaged
Chernihiv,s1__vv__baseline__max__std,0.5197638229423934,0.22634837020971166,higher=damaged
Chernihiv,s1__vv__baseline__max__min,0.5256534399008448,0.11633248116756024,lower=damaged
Chernihiv,s1__vv__baseline__max__max,0.500744461253839,0.9636786797202954,lower=damaged
Chernihiv,s1__vv__baseline__max__max_abs_delta,0.5216531710517922,0.18501316067177453,higher=damaged
Chernihiv,s1__vv__baseline__mean__mean,0.5256671101916575,0.11613803623468612,lower=damaged
Chernihiv,s1__vv__baseline__mean__p10,0.5318033619801872,0.05155556382888337,lower=damaged
Chernihiv,s1__vv__baseline__mean__p50,0.5239919299716569,0.1419291099572417,lower=damaged
Chernihiv,s1__vv__baseline__mean__p90,0.5185283704102,0.25671484851809867,lower=damaged
Chernihiv,s1__vv__baseline__mean__std,0.5157037465710355,0.3364118839971548,higher=damaged
Chernihiv,s1__vv__baseline__mean__min,0.5335719558540741,0.03987013892399574,lower=damaged
Chernihiv,s1__vv__baseline__mean__max,0.5184856507514103,0.25781318884560944,lower=damaged
Chernihiv,s1__vv__baseline__mean__max_abs_delta,0.5125140120480829,0.4436658296067133,higher=damaged
Chernihiv,s1__vv__baseline__median__mean,0.5219009450727715,0.1800360247226992,lower=damaged
Chernihiv,s1__vv__baseline__median__p10,0.5276105698688562,0.09099694637239837,lower=damaged
Chernihiv,s1__vv__baseline__median__p50,0.5233648053806265,0.15264379349238255,lower=damaged
Chernihiv,s1__vv__baseline__median__p90,0.5136771259580595,0.4024698767282425,lower=damaged
Chernihiv,s1__vv__baseline__median__std,0.5189777812206658,0.2453569556868327,higher=damaged
Chernihiv,s1__vv__baseline__median__min,0.5313943924467086,0.05463206099193373,lower=damaged
Chernihiv,s1__vv__baseline__median__max,0.5116043681135909,0.4774975166713261,lower=damaged
Chernihiv,s1__vv__baseline__median__max_abs_delta,0.5202479790753415,0.21517635702409577,higher=damaged
Chernihiv,s1__vv__baseline__min__mean,0.5307046123561202,0.06016729235039345,lower=damaged
Chernihiv,s1__vv__baseline__min__p10,0.5319383561019622,0.05057244367627266,lower=damaged
Chernihiv,s1__vv__baseline__min__p50,0.5290613294813492,0.07524448490602215,lower=damaged
Chernihiv,s1__vv__baseline__min__p90,0.5292105634893873,0.07375880499190363,lower=damaged
Chernihiv,s1__vv__baseline__min__std,0.5080472445250486,0.6223080758724341,higher=damaged
Chernihiv,s1__vv__baseline__min__min,0.5326657294922854,0.045541676402965976,lower=damaged
Chernihiv,s1__vv__baseline__min__max,0.5282650350415121,0.08358997925469101,lower=damaged
Chernihiv,s1__vv__baseline__min__max_abs_delta,0.5065583220173704,0.6880987081473633,higher=damaged
Chernihiv,s1__vv__baseline__skewness__mean,0.5084379870041102,0.6049632933211823,higher=damaged
Chernihiv,s1__vv__baseline__skewness__p10,0.5056503868692299,0.729042733374276,higher=damaged
Chernihiv,s1__vv__baseline__skewness__p50,0.5148920730540341,0.36126374718163157,higher=damaged
Chernihiv,s1__vv__baseline__skewness__p90,0.5018192878689839,0.9112131410671405,higher=damaged
Chernihiv,s1__vv__baseline__skewness__std,0.5043015848423815,0.7920164763591522,higher=damaged
Chernihiv,s1__vv__baseline__skewness__min,0.5012844377409388,0.9372627769568684,higher=damaged
Chernihiv,s1__vv__baseline__skewness__max,0.5086470285344538,0.5960480687261557,lower=damaged
Chernihiv,s1__vv__baseline__skewness__max_abs_delta,0.5029846801607626,0.854833897186343,higher=damaged
Chernihiv,s1__vv__baseline__std__mean,0.5140530589554075,0.3896615845764465,higher=damaged
Chernihiv,s1__vv__baseline__std__p10,0.5124872410619082,0.44464153775467585,higher=damaged
Chernihiv,s1__vv__baseline__std__p50,0.5134287823416297,0.41106790791527026,higher=damaged
Chernihiv,s1__vv__baseline__std__p90,0.5159868355099474,0.32777345836714955,higher=damaged
Chernihiv,s1__vv__baseline__std__std,0.5140598941008139,0.3894310250893085,higher=damaged
Chernihiv,s1__vv__baseline__std__min,0.5109652820180994,0.5020859909845616,higher=damaged
Chernihiv,s1__vv__baseline__std__max,0.5140359710918917,0.3902383388094943,higher=damaged
Chernihiv,s1__vv__baseline__std__max_abs_delta,0.5094723723422676,0.5620347471354221,higher=damaged
Chernihiv,s1__coh__baseline__count__mean,0.5,1.0,higher=damaged
Chernihiv,s1__coh__baseline__count__p10,0.5,1.0,higher=damaged
Chernihiv,s1__coh__baseline__count__p50,0.5,1.0,higher=damaged
Chernihiv,s1__coh__baseline__count__p90,0.5,1.0,higher=damaged
Chernihiv,s1__coh__baseline__count__std,0.5,1.0,higher=damaged
Chernihiv,s1__coh__baseline__count__min,0.5,1.0,higher=damaged
Chernihiv,s1__coh__baseline__count__max,0.5,1.0,higher=damaged
Chernihiv,s1__coh__baseline__count__max_abs_delta,0.5,1.0,higher=damaged
Chernihiv,s1__coh__baseline__max__mean,0.5,1.0,higher=damaged
Chernihiv,s1__coh__baseline__max__p10,0.5,1.0,higher=damaged
Chernihiv,s1__coh__baseline__max__p50,0.5,1.0,higher=damaged
Chernihiv,s1__coh__baseline__max__p90,0.5,1.0,higher=damaged
Chernihiv,s1__coh__baseline__max__std,0.5,1.0,higher=damaged
Chernihiv,s1__coh__baseline__max__min,0.5,1.0,higher=damaged
Chernihiv,s1__coh__baseline__max__max,0.5,1.0,higher=damaged
Chernihiv,s1__coh__baseline__max__max_abs_delta,0.5,1.0,higher=damaged
Chernihiv,s1__coh__baseline__mean__mean,0.5,1.0,higher=damaged
Chernihiv,s1__coh__baseline__mean__p10,0.5,1.0,higher=damaged
Chernihiv,s1__coh__baseline__mean__p50,0.5,1.0,higher=damaged
Chernihiv,s1__coh__baseline__mean__p90,0.5,1.0,higher=damaged
Chernihiv,s1__coh__baseline__mean__std,0.5,1.0,higher=damaged
Chernihiv,s1__coh__baseline__mean__min,0.5,1.0,higher=damaged
Chernihiv,s1__coh__baseline__mean__max,0.5,1.0,higher=damaged
Chernihiv,s1__coh__baseline__mean__max_abs_delta,0.5,1.0,higher=damaged
Chernihiv,s1__coh__baseline__median__mean,0.5,1.0,higher=damaged
Chernihiv,s1__coh__baseline__median__p10,0.5,1.0,higher=damaged
Chernihiv,s1__coh__baseline__median__p50,0.5,1.0,higher=damaged
Chernihiv,s1__coh__baseline__median__p90,0.5,1.0,higher=damaged
Chernihiv,s1__coh__baseline__median__std,0.5,1.0,higher=damaged
Chernihiv,s1__coh__baseline__median__min,0.5,1.0,higher=damaged
Chernihiv,s1__coh__baseline__median__max,0.5,1.0,higher=damaged
Chernihiv,s1__coh__baseline__median__max_abs_delta,0.5,1.0,higher=damaged
Chernihiv,s1__coh__baseline__min__mean,0.5,1.0,higher=damaged
Chernihiv,s1__coh__baseline__min__p10,0.5,1.0,higher=damaged
Chernihiv,s1__coh__baseline__min__p50,0.5,1.0,higher=damaged
Chernihiv,s1__coh__baseline__min__p90,0.5,1.0,higher=damaged
Chernihiv,s1__coh__baseline__min__std,0.5,1.0,higher=damaged
Chernihiv,s1__coh__baseline__min__min,0.5,1.0,higher=damaged
Chernihiv,s1__coh__baseline__min__max,0.5,1.0,higher=damaged
Chernihiv,s1__coh__baseline__min__max_abs_delta,0.5,1.0,higher=damaged
Chernihiv,s1__coh__baseline__std__mean,0.5,1.0,higher=damaged
Chernihiv,s1__coh__baseline__std__p10,0.5,1.0,higher=damaged
Chernihiv,s1__coh__baseline__std__p50,0.5,1.0,higher=damaged
Chernihiv,s1__coh__baseline__std__p90,0.5,1.0,higher=damaged
Chernihiv,s1__coh__baseline__std__std,0.5,1.0,higher=damaged
Chernihiv,s1__coh__baseline__std__min,0.5,1.0,higher=damaged
Chernihiv,s1__coh__baseline__std__max,0.5,1.0,higher=damaged
Chernihiv,s1__coh__baseline__std__max_abs_delta,0.5,1.0,higher=damaged
Chornobaivka,s1__vh__baseline__count__mean,0.5,1.0,higher=damaged
Chornobaivka,s1__vh__baseline__count__p10,0.5,1.0,higher=damaged
Chornobaivka,s1__vh__baseline__count__p50,0.5,1.0,higher=damaged
Chornobaivka,s1__vh__baseline__count__p90,0.5,1.0,higher=damaged
Chornobaivka,s1__vh__baseline__count__std,0.5,1.0,higher=damaged
Chornobaivka,s1__vh__baseline__count__min,0.5,1.0,higher=damaged
Chornobaivka,s1__vh__baseline__count__max,0.5,1.0,higher=damaged
Chornobaivka,s1__vh__baseline__count__max_abs_delta,0.5,1.0,higher=damaged
Chornobaivka,s1__vh__baseline__kurtosis__mean,0.5068574836016696,0.937977290066721,lower=damaged
Chornobaivka,s1__vh__baseline__kurtosis__p10,0.509242695289207,0.9154968183320342,higher=damaged
Chornobaivka,s1__vh__baseline__kurtosis__p50,0.5229576624925463,0.7880786371106213,lower=damaged
Chornobaivka,s1__vh__baseline__kurtosis__p90,0.5217650566487776,0.7989866919646529,lower=damaged
Chornobaivka,s1__vh__baseline__kurtosis__std,0.5050685748360166,0.9548711398199338,lower=damaged
Chornobaivka,s1__vh__baseline__kurtosis__min,0.5277280858676208,0.7448804216025156,higher=damaged
Chornobaivka,s1__vh__baseline__kurtosis__max,0.5390578413834228,0.6456590857239264,higher=damaged
Chornobaivka,s1__vh__baseline__kurtosis__max_abs_delta,0.5032796660703638,0.9717852895954254,lower=damaged
Chornobaivka,s1__vh__baseline__max__mean,0.6350626118067979,0.10988929303964562,higher=damaged
Chornobaivka,s1__vh__baseline__max__p10,0.5974955277280859,0.2488947254700571,higher=damaged
Chornobaivka,s1__vh__baseline__max__p50,0.6267143709004175,0.1337032790410643,higher=damaged
Chornobaivka,s1__vh__baseline__max__p90,0.641025641025641,0.09503229710767155,higher=damaged
Chornobaivka,s1__vh__baseline__max__std,0.546809779367919,0.5811123931023168,higher=damaged
Chornobaivka,s1__vh__baseline__max__min,0.6058437686344663,0.21054359180417526,higher=damaged
Chornobaivka,s1__vh__baseline__max__max,0.6326774001192605,0.11632312424389527,higher=damaged
Chornobaivka,s1__vh__baseline__max__max_abs_delta,0.530113297555158,0.7235692055927823,higher=damaged
Chornobaivka,s1__vh__baseline__mean__mean,0.6010733452593918,0.2318990484150214,higher=damaged
Chornobaivka,s1__vh__baseline__mean__p10,0.6106141920095408,0.19064855302217965,higher=damaged
Chornobaivka,s1__vh__baseline__mean__p50,0.6064400715563506,0.2079776175334831,higher=damaged
Chornobaivka,s1__vh__baseline__mean__p90,0.5963029218843172,0.25474885176443096,higher=damaged
Chornobaivka,s1__vh__baseline__mean__std,0.5163983303518187,0.8485302550454528,lower=damaged
Chornobaivka,s1__vh__baseline__mean__min,0.6141920095408467,0.17666146217819534,higher=damaged
Chornobaivka,s1__vh__baseline__mean__max,0.5936195587358378,0.2682683069213817,higher=damaged
Chornobaivka,s1__vh__baseline__mean__max_abs_delta,0.5181872391174717,0.8319388285109259,lower=damaged
Chornobaivka,s1__vh__baseline__median__mean,0.6100178890876566,0.1930568950995455,higher=damaged
Chornobaivka,s1__vh__baseline__median__p10,0.6183661299940371,0.16132683021167804,higher=damaged
Chornobaivka,s1__vh__baseline__median__p50,0.6135957066189625,0.17893797425102764,higher=damaged
Chornobaivka,s1__vh__baseline__median__p90,0.5968992248062015,0.2518099247830775,higher=damaged
Chornobaivka,s1__vh__baseline__median__std,0.5062611806797853,0.9436058496314735,lower=damaged
Chornobaivka,s1__vh__baseline__median__min,0.6124031007751939,0.18355633114654135,higher=damaged
Chornobaivka,s1__vh__baseline__median__max,0.5918306499701849,0.2775508129911709,higher=damaged
Chornobaivka,s1__vh__baseline__median__max_abs_delta,0.5080500894454383,0.9267297424109253,lower=damaged
Chornobaivka,s1__vh__baseline__min__mean,0.5802027429934407,0.3431822006323224,higher=damaged
Chornobaivka,s1__vh__baseline__min__p10,0.5831842576028622,0.3254767050139118,higher=damaged
Chornobaivka,s1__vh__baseline__min__p50,0.5784138342277878,0.35409538794084083,higher=damaged
Chornobaivka,s1__vh__baseline__min__p90,0.5629099582587955,0.4576302438694888,higher=damaged
Chornobaivka,s1__vh__baseline__min__std,0.5098389982110912,0.909886536186272,higher=damaged
Chornobaivka,s1__vh__baseline__min__min,0.5918306499701849,0.2775508129911709,higher=damaged
Chornobaivka,s1__vh__baseline__min__max,0.5605247465712582,0.4749432624371499,higher=damaged
Chornobaivka,s1__vh__baseline__min__max_abs_delta,0.5289206917113893,0.7341992204595741,lower=damaged
Chornobaivka,s1__vh__baseline__skewness__mean,0.5748360166964818,0.37657114323531626,higher=damaged
Chornobaivka,s1__vh__baseline__skewness__p10,0.5575432319618366,0.497080867204588,higher=damaged
Chornobaivka,s1__vh__baseline__skewness__p50,0.5968992248062015,0.2518099247830775,higher=damaged
Chornobaivka,s1__vh__baseline__skewness__p90,0.5205724508050089,0.8099341169877428,higher=damaged
Chornobaivka,s1__vh__baseline__skewness__std,0.5587358378056052,0.4881604168208543,lower=damaged
Chornobaivka,s1__vh__baseline__skewness__min,0.5286225402504473,0.736864264826167,higher=damaged
Chornobaivka,s1__vh__baseline__skewness__max,0.5134168157423972,0.8763287903700803,higher=damaged
Chornobaivka,s1__vh__baseline__skewness__max_abs_delta,0.5271317829457365,0.7502396239381948,lower=damaged
Chornobaivka,s1__vh__baseline__std__mean,0.6177698270721527,0.16345378493422924,higher=damaged
Chornobaivka,s1__vh__baseline__std__p10,0.6225402504472273,0.14701948080579538,higher=damaged
Chornobaivka,s1__vh__baseline__std__p50,0.6073345259391771,0.2041708214730783,higher=damaged
Chornobaivka,s1__vh__baseline__std__p90,0.6043530113297555,0.21705807447942838,higher=damaged
Chornobaivka,s1__vh__baseline__std__std,0.5551580202742994,0.5151791255702749,higher=damaged
Chornobaivka,s1__vh__baseline__std__min,0.6040548598688134,0.21837876821711222,higher=damaged
Chornobaivka,s1__vh__baseline__std__max,0.6135957066189623,0.17893706350274718,higher=damaged
Chornobaivka,s1__vh__baseline__std__max_abs_delta,0.5742397137745975,0.38040090246036085,higher=damaged
Chornobaivka,s1__vv__baseline__count__mean,0.5,1.0,higher=damaged
Chornobaivka,s1__vv__baseline__count__p10,0.5,1.0,higher=damaged
Chornobaivka,s1__vv__baseline__count__p50,0.5,1.0,higher=damaged
Chornobaivka,s1__vv__baseline__count__p90,0.5,1.0,higher=damaged
Chornobaivka,s1__vv__baseline__count__std,0.5,1.0,higher=damaged
Chornobaivka,s1__vv__baseline__count__min,0.5,1.0,higher=damaged
Chornobaivka,s1__vv__baseline__count__max,0.5,1.0,higher=damaged
Chornobaivka,s1__vv__baseline__count__max_abs_delta,0.5,1.0,higher=damaged
Chornobaivka,s1__vv__baseline__kurtosis__mean,0.627906976744186,0.1300753828335913,higher=damaged
Chornobaivka,s1__vv__baseline__kurtosis__p10,0.5885509838998211,0.29513170459703764,higher=damaged
Chornobaivka,s1__vv__baseline__kurtosis__p50,0.6141920095408467,0.17666146217819534,higher=damaged
Chornobaivka,s1__vv__baseline__kurtosis__p90,0.6732259988073942,0.04022629943834308,higher=damaged
Chornobaivka,s1__vv__baseline__kurtosis__std,0.5474060822898033,0.5762747146443206,higher=damaged
Chornobaivka,s1__vv__baseline__kurtosis__min,0.582587954680978,0.32896942142005126,higher=damaged
Chornobaivka,s1__vv__baseline__kurtosis__max,0.6741204531902206,0.03920462551903884,higher=damaged
Chornobaivka,s1__vv__baseline__kurtosis__max_abs_delta,0.5265354800238522,0.7556109075290904,higher=damaged
Chornobaivka,s1__vv__baseline__max__mean,0.6714370900417412,0.0423366193517852,higher=damaged
Chornobaivka,s1__vv__baseline__max__p10,0.601669648181276,0.22914852109760564,higher=damaged
Chornobaivka,s1__vv__baseline__max__p50,0.6589147286821706,0.05988422091172588,higher=damaged
Chornobaivka,s1__vv__baseline__max__p90,0.6982707215265356,0.018848216025523463,higher=damaged
Chornobaivka,s1__vv__baseline__max__std,0.7006559332140727,0.017462851534504064,higher=damaged
Chornobaivka,s1__vv__baseline__max__min,0.616577221228384,0.16777100640194254,higher=damaged
Chornobaivka,s1__vv__baseline__max__max,0.7134764460345856,0.011441888042616468,higher=damaged
Chornobaivka,s1__vv__baseline__max__max_abs_delta,0.7006559332140728,0.017462851534504064,higher=damaged
Chornobaivka,s1__vv__baseline__mean__mean,0.6630888491353608,0.0534630145734545,higher=damaged
Chornobaivka,s1__vv__baseline__mean__p10,0.6565295169946332,0.06383225664730591,higher=damaged
Chornobaivka,s1__vv__baseline__mean__p50,0.655933214072749,0.06485216779969677,higher=damaged
Chornobaivka,s1__vv__baseline__mean__p90,0.6505664877757902,0.07464962679372099,higher=damaged
Chornobaivka,s1__vv__baseline__mean__std,0.520572450805009,0.8099341169877428,higher=damaged
Chornobaivka,s1__vv__baseline__mean__min,0.6571258199165176,0.06282562953625177,higher=damaged
Chornobaivka,s1__vv__baseline__mean__max,0.6562313655336911,0.06434026454670065,higher=damaged
Chornobaivka,s1__vv__baseline__mean__max_abs_delta,0.5038759689922481,0.9661454528042517,higher=damaged
Chornobaivka,s1__vv__baseline__median__mean,0.655933214072749,0.06485216779969677,higher=damaged
Chornobaivka,s1__vv__baseline__median__p10,0.6547406082289803,0.06693233688770485,higher=damaged
Chornobaivka,s1__vv__baseline__median__p50,0.6541443053070961,0.06799284282326588,higher=damaged
Chornobaivka,s1__vv__baseline__median__p90,0.6457960644007156,0.08434376066411452,higher=damaged
Chornobaivka,s1__vv__baseline__median__std,0.5098389982110911,0.909886536186272,lower=damaged
Chornobaivka,s1__vv__baseline__median__min,0.6481812760882528,0.07937642444838945,higher=damaged
Chornobaivka,s1__vv__baseline__median__max,0.6401311866428145,0.09715198258318576,higher=damaged
Chornobaivka,s1__vv__baseline__median__max_abs_delta,0.5056648777579009,0.9492372263870469,lower=damaged
Chornobaivka,s1__vv__baseline__min__mean,0.592128801431127,0.275989226475841,higher=damaged
Chornobaivka,s1__vv__baseline__min__p10,0.6308884913536077,0.12133990786739637,higher=damaged
Chornobaivka,s1__vv__baseline__min__p50,0.6004770423375074,0.23467293453785443,higher=damaged
Chornobaivka,s1__vv__baseline__min__p90,0.5533691115086464,0.5289740074754312,higher=damaged
Chornobaivka,s1__vv__baseline__min__std,0.6505664877757901,0.07464962679372099,lower=damaged
Chornobaivka,s1__vv__baseline__min__min,0.6332737030411449,0.11468756390134192,higher=damaged
Chornobaivka,s1__vv__baseline__min__max,0.5372689326177699,0.6609666677217916,higher=damaged
Chornobaivka,s1__vv__baseline__min__max_abs_delta,0.6577221228384018,0.061832163159325854,lower=damaged
Chornobaivka,s1__vv__baseline__skewness__mean,0.5915324985092427,0.2791194171817162,lower=damaged
Chornobaivka,s1__vv__baseline__skewness__p10,0.6732259988073941,0.04022629943834308,lower=damaged
Chornobaivka,s1__vv__baseline__skewness__p50,0.5927251043530113,0.2728830644316904,lower=damaged
Chornobaivka,s1__vv__baseline__skewness__p90,0.5181872391174717,0.8319388285109259,higher=damaged
Chornobaivka,s1__vv__baseline__skewness__std,0.7340488968395945,0.005555054489599698,higher=damaged
Chornobaivka,s1__vv__baseline__skewness__min,0.6896243291592128,0.02470700231501235,lower=damaged
Chornobaivka,s1__vv__baseline__skewness__max,0.5026833631484795,0.9774265376276668,higher=damaged
Chornobaivka,s1__vv__baseline__skewness__max_abs_delta,0.6911150864639237,0.023596685299152362,higher=damaged
Chornobaivka,s1__vv__baseline__std__mean,0.6368515205724509,0.10525107535949642,higher=damaged
Chornobaivka,s1__vv__baseline__std__p10,0.5378652355396542,0.6558480769419636,higher=damaged
Chornobaivka,s1__vv__baseline__std__p50,0.5641025641025641,0.4491083704481751,higher=damaged
Chornobaivka,s1__vv__baseline__std__p90,0.6666666666666667,0.048426654328825584,higher=damaged
Chornobaivka,s1__vv__baseline__std__std,0.689922480620155,0.024481626004244212,higher=damaged
Chornobaivka,s1__vv__baseline__std__min,0.5456171735241504,0.5908443359373703,higher=damaged
Chornobaivka,s1__vv__baseline__std__max,0.7116875372689326,0.012152537426928232,higher=damaged
Chornobaivka,s1__vv__baseline__std__max_abs_delta,0.7024448419797258,0.016483227104885836,higher=damaged
Chornobaivka,s1__coh__baseline__count__mean,0.5,1.0,higher=damaged
Chornobaivka,s1__coh__baseline__count__p10,0.5,1.0,higher=damaged
Chornobaivka,s1__coh__baseline__count__p50,0.5,1.0,higher=damaged
Chornobaivka,s1__coh__baseline__count__p90,0.5,1.0,higher=damaged
Chornobaivka,s1__coh__baseline__count__std,0.5,1.0,higher=damaged
Chornobaivka,s1__coh__baseline__count__min,0.5,1.0,higher=damaged
Chornobaivka,s1__coh__baseline__count__max,0.5,1.0,higher=damaged
Chornobaivka,s1__coh__baseline__count__max_abs_delta,0.5,1.0,higher=damaged
Chornobaivka,s1__coh__baseline__max__mean,0.5,1.0,higher=damaged
Chornobaivka,s1__coh__baseline__max__p10,0.5,1.0,higher=damaged
Chornobaivka,s1__coh__baseline__max__p50,0.5,1.0,higher=damaged
Chornobaivka,s1__coh__baseline__max__p90,0.5,1.0,higher=damaged
Chornobaivka,s1__coh__baseline__max__std,0.5,1.0,higher=damaged
Chornobaivka,s1__coh__baseline__max__min,0.5,1.0,higher=damaged
Chornobaivka,s1__coh__baseline__max__max,0.5,1.0,higher=damaged
Chornobaivka,s1__coh__baseline__max__max_abs_delta,0.5,1.0,higher=damaged
Chornobaivka,s1__coh__baseline__mean__mean,0.5,1.0,higher=damaged
Chornobaivka,s1__coh__baseline__mean__p10,0.5,1.0,higher=damaged
Chornobaivka,s1__coh__baseline__mean__p50,0.5,1.0,higher=damaged
Chornobaivka,s1__coh__baseline__mean__p90,0.5,1.0,higher=damaged
Chornobaivka,s1__coh__baseline__mean__std,0.5,1.0,higher=damaged
Chornobaivka,s1__coh__baseline__mean__min,0.5,1.0,higher=damaged
Chornobaivka,s1__coh__baseline__mean__max,0.5,1.0,higher=damaged
Chornobaivka,s1__coh__baseline__mean__max_abs_delta,0.5,1.0,higher=damaged
Chornobaivka,s1__coh__baseline__median__mean,0.5,1.0,higher=damaged
Chornobaivka,s1__coh__baseline__median__p10,0.5,1.0,higher=damaged
Chornobaivka,s1__coh__baseline__median__p50,0.5,1.0,higher=damaged
Chornobaivka,s1__coh__baseline__median__p90,0.5,1.0,higher=damaged
Chornobaivka,s1__coh__baseline__median__std,0.5,1.0,higher=damaged
Chornobaivka,s1__coh__baseline__median__min,0.5,1.0,higher=damaged
Chornobaivka,s1__coh__baseline__median__max,0.5,1.0,higher=damaged
Chornobaivka,s1__coh__baseline__median__max_abs_delta,0.5,1.0,higher=damaged
Chornobaivka,s1__coh__baseline__min__mean,0.5,1.0,higher=damaged
Chornobaivka,s1__coh__baseline__min__p10,0.5,1.0,higher=damaged
Chornobaivka,s1__coh__baseline__min__p50,0.5,1.0,higher=damaged
Chornobaivka,s1__coh__baseline__min__p90,0.5,1.0,higher=damaged
Chornobaivka,s1__coh__baseline__min__std,0.5,1.0,higher=damaged
Chornobaivka,s1__coh__baseline__min__min,0.5,1.0,higher=damaged
Chornobaivka,s1__coh__baseline__min__max,0.5,1.0,higher=damaged
Chornobaivka,s1__coh__baseline__min__max_abs_delta,0.5,1.0,higher=damaged
Chornobaivka,s1__coh__baseline__std__mean,0.5,1.0,higher=damaged
Chornobaivka,s1__coh__baseline__std__p10,0.5,1.0,higher=damaged
Chornobaivka,s1__coh__baseline__std__p50,0.5,1.0,higher=damaged
Chornobaivka,s1__coh__baseline__std__p90,0.5,1.0,higher=damaged
Chornobaivka,s1__coh__baseline__std__std,0.5,1.0,higher=damaged
Chornobaivka,s1__coh__baseline__std__min,0.5,1.0,higher=damaged
Chornobaivka,s1__coh__baseline__std__max,0.5,1.0,higher=damaged
Chornobaivka,s1__coh__baseline__std__max_abs_delta,0.5,1.0,higher=damaged
Dmytrivka,s1__vh__baseline__count__mean,0.5,1.0,higher=damaged
Dmytrivka,s1__vh__baseline__count__p10,0.5,1.0,higher=damaged
Dmytrivka,s1__vh__baseline__count__p50,0.5,1.0,higher=damaged
Dmytrivka,s1__vh__baseline__count__p90,0.5,1.0,higher=damaged
Dmytrivka,s1__vh__baseline__count__std,0.5,1.0,higher=damaged
Dmytrivka,s1__vh__baseline__count__min,0.5,1.0,higher=damaged
Dmytrivka,s1__vh__baseline__count__max,0.5,1.0,higher=damaged
Dmytrivka,s1__vh__baseline__count__max_abs_delta,0.5,1.0,higher=damaged
Dmytrivka,s1__vh__baseline__kurtosis__mean,0.5206258890469417,0.2012312053477895,lower=damaged
Dmytrivka,s1__vh__baseline__kurtosis__p10,0.5132025654463328,0.4132982810490069,lower=damaged
Dmytrivka,s1__vh__baseline__kurtosis__p50,0.5179391579945596,0.26632373416093413,lower=damaged
Dmytrivka,s1__vh__baseline__kurtosis__p90,0.5259005265653465,0.1085008389832662,lower=damaged
Dmytrivka,s1__vh__baseline__kurtosis__std,0.5174245713857902,0.2802837569825375,lower=damaged
Dmytrivka,s1__vh__baseline__kurtosis__min,0.5135205011105288,0.4021547163928946,lower=damaged
Dmytrivka,s1__vh__baseline__kurtosis__max,0.5211434703401463,0.19015402458410469,lower=damaged
Dmytrivka,s1__vh__baseline__kurtosis__max_abs_delta,0.5190152479349155,0.23869761167476977,lower=damaged
Dmytrivka,s1__vh__baseline__max__mean,0.5207237154051558,0.19910225014481708,lower=damaged
Dmytrivka,s1__vh__baseline__max__p10,0.5287938908437524,0.07438086014572509,lower=damaged
Dmytrivka,s1__vh__baseline__max__p50,0.5204531955778493,0.2050299065594826,lower=damaged
Dmytrivka,s1__vh__baseline__max__p90,0.5182166654188815,0.2589754731812015,lower=damaged
Dmytrivka,s1__vh__baseline__max__std,0.5142631828504405,0.3768113259451559,higher=damaged
Dmytrivka,s1__vh__baseline__max__min,0.5319038706296324,0.04805389715562693,lower=damaged
Dmytrivka,s1__vh__baseline__max__max,0.5149115320306457,0.3555062443768764,lower=damaged
Dmytrivka,s1__vh__baseline__max__max_abs_delta,0.5114182326370692,0.4792561102185492,higher=damaged
Dmytrivka,s1__vh__baseline__mean__mean,0.5541753387736768,0.0007880232617290852,lower=damaged
Dmytrivka,s1__vh__baseline__mean__p10,0.5548441516308552,0.0006774626984909869,lower=damaged
Dmytrivka,s1__vh__baseline__mean__p50,0.5503471338374386,0.0018101826661076521,lower=damaged
Dmytrivka,s1__vh__baseline__mean__p90,0.5504025354994884,0.001788329728649307,lower=damaged
Dmytrivka,s1__vh__baseline__mean__std,0.50967632452397,0.5487980214173043,lower=damaged
Dmytrivka,s1__vh__baseline__mean__min,0.5489431259514361,0.0024235358152631375,lower=damaged
Dmytrivka,s1__vh__baseline__mean__max,0.5484944224002396,0.0026564672616180706,lower=damaged
Dmytrivka,s1__vh__baseline__mean__max_abs_delta,0.5121120011978738,0.4529603250705594,lower=damaged
Dmytrivka,s1__vh__baseline__median__mean,0.5536033540465675,0.0008953519961356008,lower=damaged
Dmytrivka,s1__vh__baseline__median__p10,0.5550807317012303,0.0006420445099078116,lower=damaged
Dmytrivka,s1__vh__baseline__median__p50,0.5461770357615232,0.004218706923122384,lower=damaged
Dmytrivka,s1__vh__baseline__median__p90,0.552176386913229,0.0012239007598634703,lower=damaged
Dmytrivka,s1__vh__baseline__median__std,0.5065638491677273,0.6842299622054103,lower=damaged
Dmytrivka,s1__vh__baseline__median__min,0.5496229193182102,0.0021060715999643527,lower=damaged
Dmytrivka,s1__vh__baseline__median__max,0.5496962890868708,0.0020741924636305483,lower=damaged
Dmytrivka,s1__vh__baseline__median__max_abs_delta,0.5083456864066282,0.6050798727807969,lower=damaged
Dmytrivka,s1__vh__baseline__min__mean,0.5658740735195029,4.467784345007447e-05,lower=damaged
Dmytrivka,s1__vh__baseline__min__p10,0.563307129844526,8.746281331446704e-05,lower=damaged
Dmytrivka,s1__vh__baseline__min__p50,0.5619994509745202,0.00012215364159645604,lower=damaged
Dmytrivka,s1__vh__baseline__min__p90,0.5631284470065634,9.157251768376513e-05,lower=damaged
Dmytrivka,s1__vh__baseline__min__std,0.5122787052980959,0.4467653732577693,lower=damaged
Dmytrivka,s1__vh__baseline__min__min,0.5618137805395423,0.0001280088782181208,lower=damaged
Dmytrivka,s1__vh__baseline__min__max,0.5609363380000498,0.00015943893903449662,lower=damaged
Dmytrivka,s1__vh__baseline__min__max_abs_delta,0.5133058820593446,0.4096738833199256,lower=damaged
Dmytrivka,s1__vh__baseline__skewness__mean,0.5390372089541065,0.015567152353380492,higher=damaged
Dmytrivka,s1__vh__baseline__skewness__p10,0.5339841780839011,0.035213540476596784,higher=damaged
Dmytrivka,s1__vh__baseline__skewness__p50,0.5374909535574356,0.020174054366773504,higher=damaged
Dmytrivka,s1__vh__baseline__skewness__p90,0.5301195378203688,0.06198389445996843,higher=damaged
Dmytrivka,s1__vh__baseline__skewness__std,0.5152953507524145,0.3432592708374259,lower=damaged
Dmytrivka,s1__vh__baseline__skewness__min,0.5411409747697836,0.010794323344736746,higher=damaged
Dmytrivka,s1__vh__baseline__skewness__max,0.5203813231514063,0.20661926774337136,higher=damaged
Dmytrivka,s1__vh__baseline__skewness__max_abs_delta,0.5222375283871128,0.1682289575617254,lower=damaged
Dmytrivka,s1__vh__baseline__std__mean,0.57653964213521,2.1084083339739486e-06,higher=damaged
Dmytrivka,s1__vh__baseline__std__p10,0.5768460981757381,1.9172772907252875e-06,higher=damaged
Dmytrivka,s1__vh__baseline__std__p50,0.5720885428364653,7.934877659443465e-06,higher=damaged
Dmytrivka,s1__vh__baseline__std__p90,0.5660802076314542,4.225056826930444e-05,higher=damaged
Dmytrivka,s1__vh__baseline__std__std,0.5180255047291058,0.2640289853526412,higher=damaged
Dmytrivka,s1__vh__baseline__std__min,0.5727254123930023,6.592705867536502e-06,higher=damaged
Dmytrivka,s1__vh__baseline__std__max,0.568785905018592,2.023173976975131e-05,higher=damaged
Dmytrivka,s1__vh__baseline__std__max_abs_delta,0.5188415562376781,0.2430143406865647,higher=damaged
Dmytrivka,s1__vv__baseline__count__mean,0.5,1.0,higher=damaged
Dmytrivka,s1__vv__baseline__count__p10,0.5,1.0,higher=damaged
Dmytrivka,s1__vv__baseline__count__p50,0.5,1.0,higher=damaged
Dmytrivka,s1__vv__baseline__count__p90,0.5,1.0,higher=damaged
Dmytrivka,s1__vv__baseline__count__std,0.5,1.0,higher=damaged
Dmytrivka,s1__vv__baseline__count__min,0.5,1.0,higher=damaged
Dmytrivka,s1__vv__baseline__count__max,0.5,1.0,higher=damaged
Dmytrivka,s1__vv__baseline__count__max_abs_delta,0.5,1.0,higher=damaged
Dmytrivka,s1__vv__baseline__kurtosis__mean,0.5073734121933569,0.6477699933783863,lower=damaged
Dmytrivka,s1__vv__baseline__kurtosis__p10,0.5116677896733298,0.46968205274577557,lower=damaged
Dmytrivka,s1__vv__baseline__kurtosis__p50,0.5011314916024057,0.9441284599521206,higher=damaged
Dmytrivka,s1__vv__baseline__kurtosis__p90,0.5133772553717151,0.40714496909886855,lower=damaged
Dmytrivka,s1__vv__baseline__kurtosis__std,0.5264265927977839,0.10152768516990957,lower=damaged
Dmytrivka,s1__vv__baseline__kurtosis__min,0.5032492326121135,0.8404579996852563,higher=damaged
Dmytrivka,s1__vv__baseline__kurtosis__max,0.5181138479199421,0.26169532131904216,lower=damaged
Dmytrivka,s1__vv__baseline__kurtosis__max_abs_delta,0.5298784657233411,0.06411385175549425,lower=damaged
Dmytrivka,s1__vv__baseline__max__mean,0.5395542911332385,0.014247991968608724,higher=damaged
Dmytrivka,s1__vv__baseline__max__p10,0.5368056699358639,0.022564079032559414,higher=damaged
Dmytrivka,s1__vv__baseline__max__p50,0.5429817074692421,0.007736703185230301,higher=damaged
Dmytrivka,s1__vv__baseline__max__p90,0.5308916672905593,0.05558718433991448,higher=damaged
Dmytrivka,s1__vv__baseline__max__std,0.5025110428988545,0.8763753067986474,higher=damaged
Dmytrivka,s1__vv__baseline__max__min,0.5398857028773927,0.0134553013340455,higher=damaged
Dmytrivka,s1__vv__baseline__max__max,0.5312500311946295,0.052821623770115324,higher=damaged
Dmytrivka,s1__vv__baseline__max__max_abs_delta,0.5003658506151581,0.981938238294398,lower=damaged
Dmytrivka,s1__vv__baseline__mean__mean,0.5211908861770357,0.18916215537149395,higher=damaged
Dmytrivka,s1__vv__baseline__mean__p10,0.5196081954530709,0.22434853176477687,higher=damaged
Dmytrivka,s1__vv__baseline__mean__p50,0.5237927678370892,0.14040427108867487,higher=damaged
Dmytrivka,s1__vv__baseline__mean__p90,0.5149948840807567,0.35280139032289093,higher=damaged
Dmytrivka,s1__vv__baseline__mean__std,0.5061316163809239,0.7040088832095678,lower=damaged
Dmytrivka,s1__vv__baseline__mean__min,0.5227955379201916,0.1578014461524564,higher=damaged
Dmytrivka,s1__vv__baseline__mean__max,0.5151845474283148,0.34676317293028724,higher=damaged
Dmytrivka,s1__vv__baseline__mean__max_abs_delta,0.5106765491253026,0.5082653508374368,lower=damaged
Dmytrivka,s1__vv__baseline__median__mean,0.5185615532429937,0.2500882023857889,higher=damaged
Dmytrivka,s1__vv__baseline__median__p10,0.5161513313867885,0.3169081624794198,higher=damaged
Dmytrivka,s1__vv__baseline__median__p50,0.5176012577674628,0.27543550628434155,higher=damaged
Dmytrivka,s1__vv__baseline__median__p90,0.513572408974071,0.40033585548480755,higher=damaged
Dmytrivka,s1__vv__baseline__median__std,0.500128272316638,0.9936828447318012,lower=damaged
Dmytrivka,s1__vv__baseline__median__min,0.5220169199670585,0.17248988008167643,higher=damaged
Dmytrivka,s1__vv__baseline__median__max,0.5155014848643658,0.33679450904576724,higher=damaged
Dmytrivka,s1__vv__baseline__median__max_abs_delta,0.5013550947068952,0.9331061432041813,lower=damaged
Dmytrivka,s1__vv__baseline__min__mean,0.5074682438671358,0.6435517588103795,higher=damaged
Dmytrivka,s1__vv__baseline__min__p10,0.501091562476604,0.9460954504549108,higher=damaged
Dmytrivka,s1__vv__baseline__min__p50,0.507729779641137,0.6319780120310208,higher=damaged
Dmytrivka,s1__vv__baseline__min__p90,0.500408774425395,0.9798157314994257,higher=damaged
Dmytrivka,s1__vv__baseline__min__std,0.5091802051358838,0.5694781562324986,lower=damaged
Dmytrivka,s1__vv__baseline__min__min,0.507038506650695,0.6627545841149911,higher=damaged
Dmytrivka,s1__vv__baseline__min__max,0.5018137805395424,0.910538024310466,higher=damaged
Dmytrivka,s1__vv__baseline__min__max_abs_delta,0.5118265079483917,0.4636814653947968,lower=damaged
Dmytrivka,s1__vv__baseline__skewness__mean,0.5188320730703002,0.24325159435953947,higher=damaged
Dmytrivka,s1__vv__baseline__skewness__p10,0.5425135384692171,0.008427618695098935,higher=damaged
Dmytrivka,s1__vv__baseline__skewness__p50,0.5163484814454343,0.3110590874887953,higher=damaged
Dmytrivka,s1__vv__baseline__skewness__p90,0.50604177584787,0.7081330003906472,lower=damaged
Dmytrivka,s1__vv__baseline__skewness__std,0.5506026802425694,0.0017152478205149752,lower=damaged
Dmytrivka,s1__vv__baseline__skewness__min,0.5484140650345637,0.002700281651152444,higher=damaged
Dmytrivka,s1__vv__baseline__skewness__max,0.5019410546280352,0.9042879098965193,lower=damaged
Dmytrivka,s1__vv__baseline__skewness__max_abs_delta,0.5473474582615857,0.0033478279921412644,lower=damaged
Dmytrivka,s1__vv__baseline__std__mean,0.5567976841107035,0.00043246553957569894,higher=damaged
Dmytrivka,s1__vv__baseline__std__p10,0.5451054378478201,0.005189098710569876,higher=damaged
Dmytrivka,s1__vv__baseline__std__p50,0.5537311272491328,0.0008702806167543071,higher=damaged
Dmytrivka,s1__vv__baseline__std__p90,0.5638486686132116,7.60459062572569e-05,higher=damaged
Dmytrivka,s1__vv__baseline__std__std,0.5363240248558808,0.024399082006240202,higher=damaged
Dmytrivka,s1__vv__baseline__std__min,0.5406373686706096,0.01180023971626455,higher=damaged
Dmytrivka,s1__vv__baseline__std__max,0.5606084200544035,0.00017294874989378086,higher=damaged
Dmytrivka,s1__vv__baseline__std__max_abs_delta,0.5356911482119239,0.026996388849989984,higher=damaged
Dmytrivka,s1__coh__baseline__count__mean,0.5065992862668762,0.41754847164407616,lower=damaged
Dmytrivka,s1__coh__baseline__count__p10,0.5067340470664571,0.40810378705388206,lower=damaged
Dmytrivka,s1__coh__baseline__count__p50,0.5005405405405405,0.5324053074034278,higher=damaged
Dmytrivka,s1__coh__baseline__count__p90,0.5,1.0,higher=damaged
Dmytrivka,s1__coh__baseline__count__std,0.5064435626762497,0.4287052733941341,higher=damaged
Dmytrivka,s1__coh__baseline__count__min,0.5061979985525692,0.4462929861217444,lower=damaged
Dmytrivka,s1__coh__baseline__count__max,0.5,1.0,higher=damaged
Dmytrivka,s1__coh__baseline__count__max_abs_delta,0.5061979985525692,0.4462929861217444,higher=damaged
Dmytrivka,s1__coh__baseline__max__mean,0.5453290409523097,0.005015813667422789,higher=damaged
Dmytrivka,s1__coh__baseline__max__p10,0.5511946295325796,0.00152901457618852,higher=damaged
Dmytrivka,s1__coh__baseline__max__p50,0.5372154425894038,0.021236539327013065,higher=damaged
Dmytrivka,s1__coh__baseline__max__p90,0.5299393576401886,0.06383449655306878,higher=damaged
Dmytrivka,s1__coh__baseline__max__std,0.540716228694068,0.011719987531765891,lower=damaged
Dmytrivka,s1__coh__baseline__max__min,0.5523845174814704,0.0011837023256099101,higher=damaged
Dmytrivka,s1__coh__baseline__max__max,0.5309410795837388,0.055448569911172106,higher=damaged
Dmytrivka,s1__coh__baseline__max__max_abs_delta,0.5416340994734347,0.0099579838321775,lower=damaged
Dmytrivka,s1__coh__baseline__mean__mean,0.5411694242719174,0.010818119020204303,higher=damaged
Dmytrivka,s1__coh__baseline__mean__p10,0.5440762646302812,0.006362991812779166,higher=damaged
Dmytrivka,s1__coh__baseline__mean__p50,0.5445604052806269,0.005807888379806982,higher=damaged
Dmytrivka,s1__coh__baseline__mean__p90,0.5296079458960345,0.06682959233616717,higher=damaged
Dmytrivka,s1__coh__baseline__mean__std,0.5189997753986675,0.23954272643387453,lower=damaged
Dmytrivka,s1__coh__baseline__mean__min,0.5473359786379176,0.003386852078249374,higher=damaged
Dmytrivka,s1__coh__baseline__mean__max,0.5299144019365626,0.0640561001762689,higher=damaged
Dmytrivka,s1__coh__baseline__mean__max_abs_delta,0.5233700182176637,0.1479905282187856,lower=damaged
Dmytrivka,s1__coh__baseline__median__mean,0.5410616156322527,0.011026878575580792,higher=damaged
Dmytrivka,s1__coh__baseline__median__p10,0.5470454942477103,0.0035881039868026912,higher=damaged
Dmytrivka,s1__coh__baseline__median__p50,0.5409802600384318,0.011186776104489489,higher=damaged
Dmytrivka,s1__coh__baseline__median__p90,0.5290873699183948,0.07176711466661262,higher=damaged
Dmytrivka,s1__coh__baseline__median__std,0.5304868857777445,0.059129641673352606,lower=damaged
Dmytrivka,s1__coh__baseline__median__min,0.5481739911656809,0.0028625028935849515,higher=damaged
Dmytrivka,s1__coh__baseline__median__max,0.5264470564747573,0.10159980805473622,higher=damaged
Dmytrivka,s1__coh__baseline__median__max_abs_delta,0.5366085198772179,0.023440266805775056,lower=damaged
Dmytrivka,s1__coh__baseline__min__mean,0.5378982306406129,0.018975099231447273,higher=damaged
Dmytrivka,s1__coh__baseline__min__p10,0.5337540864964687,0.036664458779523484,higher=damaged
Dmytrivka,s1__coh__baseline__min__p50,0.5434858126824885,0.007104341299489078,higher=damaged
Dmytrivka,s1__coh__baseline__min__p90,0.5319697536872052,0.04781335006342769,higher=damaged
Dmytrivka,s1__coh__baseline__min__std,0.5119742457138579,0.45855861763430994,higher=damaged
Dmytrivka,s1__coh__baseline__min__min,0.5214479299243843,0.1842835132731857,higher=damaged
Dmytrivka,s1__coh__baseline__min__max,0.5289950338149784,0.07267335358497727,higher=damaged
Dmytrivka,s1__coh__baseline__min__max_abs_delta,0.511846971625365,0.46334888408223174,higher=damaged
Dmytrivka,s1__coh__baseline__std__mean,0.5216840108806868,0.17950025723226792,lower=damaged
Dmytrivka,s1__coh__baseline__std__p10,0.5278989793117217,0.08416290046139147,lower=damaged
Dmytrivka,s1__coh__baseline__std__p50,0.5295675176561604,0.06720275169153125,lower=damaged
Dmytrivka,s1__coh__baseline__std__p90,0.5009607945896035,0.9525967980861637,lower=damaged
Dmytrivka,s1__coh__baseline__std__std,0.532906091687255,0.041651383412494,higher=damaged
Dmytrivka,s1__coh__baseline__std__min,0.5255920740685283,0.11314367219083193,lower=damaged
Dmytrivka,s1__coh__baseline__std__max,0.5062773576901001,0.6975998618781968,higher=damaged
Dmytrivka,s1__coh__baseline__std__max_abs_delta,0.5258236629981783,0.10991924671718802,higher=damaged
Hostomel,s1__vh__baseline__count__mean,0.5,1.0,higher=damaged
Hostomel,s1__vh__baseline__count__p10,0.5,1.0,higher=damaged
Hostomel,s1__vh__baseline__count__p50,0.5,1.0,higher=damaged
Hostomel,s1__vh__baseline__count__p90,0.5,1.0,higher=damaged
Hostomel,s1__vh__baseline__count__std,0.5,1.0,higher=damaged
Hostomel,s1__vh__baseline__count__min,0.5,1.0,higher=damaged
Hostomel,s1__vh__baseline__count__max,0.5,1.0,higher=damaged
Hostomel,s1__vh__baseline__count__max_abs_delta,0.5,1.0,higher=damaged
Hostomel,s1__vh__baseline__kurtosis__mean,0.5103231991029618,0.4090624584122837,lower=damaged
Hostomel,s1__vh__baseline__kurtosis__p10,0.5051150873803094,0.682507130967271,higher=damaged
Hostomel,s1__vh__baseline__kurtosis__p50,0.5149095494701783,0.23313510364552903,lower=damaged
Hostomel,s1__vh__baseline__kurtosis__p90,0.5062280422922867,0.6184495354148899,lower=damaged
Hostomel,s1__vh__baseline__kurtosis__std,0.5121113105085804,0.33277350174339393,lower=damaged
Hostomel,s1__vh__baseline__kurtosis__min,0.5135565250110335,0.27831229183141437,higher=damaged
Hostomel,s1__vh__baseline__kurtosis__max,0.5109660265090176,0.38051244813181995,lower=damaged
Hostomel,s1__vh__baseline__kurtosis__max_abs_delta,0.516682434918418,0.18217043031094815,lower=damaged
Hostomel,s1__vh__baseline__max__mean,0.5037989806534398,0.7612853336159142,lower=damaged
Hostomel,s1__vh__baseline__max__p10,0.5134555748278633,0.2819070031780999,lower=damaged
Hostomel,s1__vh__baseline__max__p50,0.5011930476192861,0.9240026121231192,lower=damaged
Hostomel,s1__vh__baseline__max__p90,0.5034033143363443,0.785505656870767,higher=damaged
Hostomel,s1__vh__baseline__max__std,0.5178571279589459,0.1532792185542649,higher=damaged
Hostomel,s1__vh__baseline__max__min,0.5166423885647637,0.1832221020127749,lower=damaged
Hostomel,s1__vh__baseline__max__max,0.5000884356976534,0.9943704509784164,higher=damaged
Hostomel,s1__vh__baseline__max__max_abs_delta,0.5162759227138747,0.19305568242433147,higher=damaged
Hostomel,s1__vh__baseline__mean__mean,0.514447556379843,0.24793669090902204,lower=damaged
Hostomel,s1__vh__baseline__mean__p10,0.521622110926731,0.08378491789035909,lower=damaged
Hostomel,s1__vh__baseline__mean__p50,0.5108404645043305,0.3859907229007704,lower=damaged
Hostomel,s1__vh__baseline__mean__p90,0.50856720821017,0.4932710575289978,lower=damaged
Hostomel,s1__vh__baseline__mean__std,0.5088615071945777,0.4785410861712188,higher=damaged
Hostomel,s1__vh__baseline__mean__min,0.5232784030849041,0.06266073332216758,lower=damaged
Hostomel,s1__vh__baseline__mean__max,0.5103494795225474,0.40787082980978895,lower=damaged
Hostomel,s1__vh__baseline__mean__max_abs_delta,0.5068744154692391,0.5824974684812989,higher=damaged
Hostomel,s1__vh__baseline__median__mean,0.5170386806061349,0.17301129353063993,lower=damaged
Hostomel,s1__vh__baseline__median__p10,0.5228339302742926,0.06784332322671337,lower=damaged
Hostomel,s1__vh__baseline__median__p50,0.5141830835859174,0.2567000853433238,lower=damaged
Hostomel,s1__vh__baseline__median__p90,0.511084288397153,0.37539660533857844,lower=damaged
Hostomel,s1__vh__baseline__median__std,0.5068354119893778,0.5846390032067171,higher=damaged
Hostomel,s1__vh__baseline__median__min,0.5247738841041839,0.04757030523773814,lower=damaged
Hostomel,s1__vh__baseline__median__max,0.511908158693688,0.34094680098234775,lower=damaged
Hostomel,s1__vh__baseline__median__max_abs_delta,0.5068860956557215,0.5818568665228465,higher=damaged
Hostomel,s1__vh__baseline__min__mean,0.5202509404635866,0.10534389788177335,lower=damaged
Hostomel,s1__vh__baseline__min__p10,0.5276626445110215,0.026952476303323095,lower=damaged
Hostomel,s1__vh__baseline__min__p50,0.5183994223313485,0.14117973243181905,lower=damaged
Hostomel,s1__vh__baseline__min__p90,0.5119625967056869,0.3387441198854484,lower=damaged
Hostomel,s1__vh__baseline__min__std,0.5060732798213932,0.627199473078123,higher=damaged
Hostomel,s1__vh__baseline__min__min,0.5293725403821591,0.01882652212446913,lower=damaged
Hostomel,s1__vh__baseline__min__max,0.5113723301388023,0.3631151846245173,lower=damaged
Hostomel,s1__vh__baseline__min__max_abs_delta,0.5070562926587525,0.572559952061686,higher=damaged
Hostomel,s1__vh__baseline__skewness__mean,0.5080472313369392,0.5198788540730142,higher=damaged
Hostomel,s1__vh__baseline__skewness__p10,0.5135164786573793,0.27973454386387553,higher=damaged
Hostomel,s1__vh__baseline__skewness__p50,0.5105484598422674,0.39891585123942075,higher=damaged
Hostomel,s1__vh__baseline__skewness__p90,0.5027481810195301,0.8260585644837407,higher=damaged
Hostomel,s1__vh__baseline__skewness__std,0.5091359915769169,0.4650223476274328,lower=damaged
Hostomel,s1__vh__baseline__skewness__min,0.5151135355841052,0.226803164425867,higher=damaged
Hostomel,s1__vh__baseline__skewness__max,0.5102739754599281,0.4112999512978307,higher=damaged
Hostomel,s1__vh__baseline__skewness__max_abs_delta,0.5044866516325981,0.7197541374815511,lower=damaged
Hostomel,s1__vh__baseline__std__mean,0.5507145354080681,4.998464536861158e-05,higher=damaged
Hostomel,s1__vh__baseline__std__p10,0.540740699025789,0.0011217015651683176,higher=damaged
Hostomel,s1__vh__baseline__std__p50,0.552482415062101,2.7038000607826416e-05,higher=damaged
Hostomel,s1__vh__baseline__std__p90,0.5552670966643891,9.880429093431389e-06,higher=damaged
Hostomel,s1__vh__baseline__std__std,0.5380165041034998,0.002364064452800843,higher=damaged
Hostomel,s1__vh__baseline__std__min,0.5332927029703549,0.007757422940537485,higher=damaged
Hostomel,s1__vh__baseline__std__max,0.5518727510426652,3.349196582530486e-05,higher=damaged
Hostomel,s1__vh__baseline__std__max_abs_delta,0.5363310114791204,0.00366751971137916,higher=damaged
Hostomel,s1__vv__baseline__count__mean,0.5,1.0,higher=damaged
Hostomel,s1__vv__baseline__count__p10,0.5,1.0,higher=damaged
Hostomel,s1__vv__baseline__count__p50,0.5,1.0,higher=damaged
Hostomel,s1__vv__baseline__count__p90,0.5,1.0,higher=damaged
Hostomel,s1__vv__baseline__count__std,0.5,1.0,higher=damaged
Hostomel,s1__vv__baseline__count__min,0.5,1.0,higher=damaged
Hostomel,s1__vv__baseline__count__max,0.5,1.0,higher=damaged
Hostomel,s1__vv__baseline__count__max_abs_delta,0.5,1.0,higher=damaged
Hostomel,s1__vv__baseline__kurtosis__mean,0.5145316120075654,0.2451958426045724,lower=damaged
Hostomel,s1__vv__baseline__kurtosis__p10,0.5164824117249049,0.1874682142436751,lower=damaged
Hostomel,s1__vv__baseline__kurtosis__p50,0.5092915883468448,0.45745430966984246,lower=damaged
Hostomel,s1__vv__baseline__kurtosis__p90,0.5161549493538771,0.1963854698201688,lower=damaged
Hostomel,s1__vv__baseline__kurtosis__std,0.5074878338343299,0.5493087135306856,lower=damaged
Hostomel,s1__vv__baseline__kurtosis__min,0.5125272085772615,0.31643899366581363,lower=damaged
Hostomel,s1__vv__baseline__kurtosis__max,0.5131981935757306,0.2912140141944013,lower=damaged
Hostomel,s1__vv__baseline__kurtosis__max_abs_delta,0.5098372199153853,0.4314691205226575,lower=damaged
Hostomel,s1__vv__baseline__max__mean,0.5263688552833238,0.03496710112172805,higher=damaged
Hostomel,s1__vv__baseline__max__p10,0.5272244289431683,0.029468582761604384,higher=damaged
Hostomel,s1__vv__baseline__max__p50,0.5277154139249516,0.026662378694715202,higher=damaged
Hostomel,s1__vv__baseline__max__p90,0.5232706858188353,0.0627478416388763,higher=damaged
Hostomel,s1__vv__baseline__max__std,0.5082854237112792,0.5075991012350709,higher=damaged
Hostomel,s1__vv__baseline__max__min,0.5249985191192138,0.04559197507180482,higher=damaged
Hostomel,s1__vv__baseline__max__max,0.5229532350362212,0.0664187533182246,higher=damaged
Hostomel,s1__vv__baseline__max__max_abs_delta,0.5075387260754323,0.5465976685489599,higher=damaged
Hostomel,s1__vv__baseline__mean__mean,0.5245319373841889,0.04978132800044493,higher=damaged
Hostomel,s1__vv__baseline__mean__p10,0.5262887625760151,0.03552402388192816,higher=damaged
Hostomel,s1__vv__baseline__mean__p50,0.5266971519533861,0.0327615371957874,higher=damaged
Hostomel,s1__vv__baseline__mean__p90,0.5210664677697768,0.09204656076337764,higher=damaged
Hostomel,s1__vv__baseline__mean__std,0.5047634303372821,0.7032612764509065,higher=damaged
Hostomel,s1__vv__baseline__mean__min,0.5254940927456865,0.04147167495412883,higher=damaged
Hostomel,s1__vv__baseline__mean__max,0.5200039879493847,0.10965817011388773,higher=damaged
Hostomel,s1__vv__baseline__mean__max_abs_delta,0.5054073006171309,0.6654412381596928,higher=damaged
Hostomel,s1__vv__baseline__median__mean,0.5252934438278974,0.043100274808601305,higher=damaged
Hostomel,s1__vv__baseline__median__p10,0.526645008263732,0.033103682511867856,higher=damaged
Hostomel,s1__vv__baseline__median__p50,0.5271174300919982,0.030112776148076944,higher=damaged
Hostomel,s1__vv__baseline__median__p90,0.5219833624086547,0.0787432702029274,higher=damaged
Hostomel,s1__vv__baseline__median__std,0.5040838937737098,0.7439868827042158,higher=damaged
Hostomel,s1__vv__baseline__median__min,0.5262979398653942,0.03545982785192661,higher=damaged
Hostomel,s1__vv__baseline__median__max,0.5203164329377922,0.1042226303579431,higher=damaged
Hostomel,s1__vv__baseline__median__max_abs_delta,0.503612306244478,0.7726848990401491,higher=damaged
Hostomel,s1__vv__baseline__min__mean,0.5209838721653648,0.09332870781940085,higher=damaged
Hostomel,s1__vv__baseline__min__p10,0.5237739767113768,0.05727281594883458,higher=damaged
Hostomel,s1__vv__baseline__min__p50,0.5218753206836914,0.08022455083357116,higher=damaged
Hostomel,s1__vv__baseline__min__p90,0.5181457954248709,0.14674392050372084,higher=damaged
Hostomel,s1__vv__baseline__min__std,0.5006044496504705,0.9614595888337293,lower=damaged
Hostomel,s1__vv__baseline__min__min,0.5247081830552198,0.048162388333389705,higher=damaged
Hostomel,s1__vv__baseline__min__max,0.5177616007194994,0.15548996053719907,higher=damaged
Hostomel,s1__vv__baseline__min__max_abs_delta,0.5016039398937604,0.8979489679313324,lower=damaged
Hostomel,s1__vv__baseline__skewness__mean,0.5088489927090607,0.4791625182603958,lower=damaged
Hostomel,s1__vv__baseline__skewness__p10,0.5061179148197372,0.6246704469892643,higher=damaged
Hostomel,s1__vv__baseline__skewness__p50,0.5102162002517915,0.4139354150261282,lower=damaged
Hostomel,s1__vv__baseline__skewness__p90,0.5143351345849487,0.2516358999135625,lower=damaged
Hostomel,s1__vv__baseline__skewness__std,0.5226537216828478,0.07004268746423066,lower=damaged
Hostomel,s1__vv__baseline__skewness__min,0.508511727324378,0.49607488651130194,higher=damaged
Hostomel,s1__vv__baseline__skewness__max,0.50890489074437,0.476390197099019,lower=damaged
Hostomel,s1__vv__baseline__skewness__max_abs_delta,0.5178752739629454,0.1528619880517844,lower=damaged
Hostomel,s1__vv__baseline__std__mean,0.5268371056164176,0.03185815477472606,higher=damaged
Hostomel,s1__vv__baseline__std__p10,0.5188810214489938,0.1310622620327352,higher=damaged
Hostomel,s1__vv__baseline__std__p50,0.5276860048839866,0.026823719071396405,higher=damaged
Hostomel,s1__vv__baseline__std__p90,0.5296374303256018,0.017781740290508292,higher=damaged
Hostomel,s1__vv__baseline__std__std,0.5236102455258629,0.05900861734110854,higher=damaged
Hostomel,s1__vv__baseline__std__min,0.5113191435753551,0.3653638021823672,higher=damaged
Hostomel,s1__vv__baseline__std__max,0.5321641049514814,0.010105631244346207,higher=damaged
Hostomel,s1__vv__baseline__std__max_abs_delta,0.5283232007715597,0.02351077466233252,higher=damaged
Hostomel,s1__coh__baseline__count__mean,0.5136097115744808,0.0027830118025562673,higher=damaged
Hostomel,s1__coh__baseline__count__p10,0.5136508008019282,0.002294820968476207,higher=damaged
Hostomel,s1__coh__baseline__count__p50,0.5027634069769091,0.2581853100285393,higher=damaged
Hostomel,s1__coh__baseline__count__p90,0.5019092933403747,0.3705216833277012,higher=damaged
Hostomel,s1__coh__baseline__count__std,0.5130411367824925,0.001800570323585365,lower=damaged
Hostomel,s1__coh__baseline__count__min,0.5135903141219293,0.0028202723543138916,higher=damaged
Hostomel,s1__coh__baseline__count__max,0.5017424335334817,0.44299684799460126,higher=damaged
Hostomel,s1__coh__baseline__count__max_abs_delta,0.5130509397961474,0.001784137726047815,lower=damaged
Hostomel,s1__coh__baseline__max__mean,0.5036517268738565,0.7456631501138122,higher=damaged
Hostomel,s1__coh__baseline__max__p10,0.5033759910429656,0.7640896354680516,lower=damaged
Hostomel,s1__coh__baseline__max__p50,0.5041028740767439,0.7155306998966835,higher=damaged
Hostomel,s1__coh__baseline__max__p90,0.5001030359307564,0.9927061713592534,higher=damaged
Hostomel,s1__coh__baseline__max__std,0.5075312173841222,0.5033942013453505,higher=damaged
Hostomel,s1__coh__baseline__max__min,0.5003737659674408,0.9735286757085091,higher=damaged
Hostomel,s1__coh__baseline__max__max,0.5098952036982807,0.3794180920837512,lower=damaged
Hostomel,s1__coh__baseline__max__max_abs_delta,0.5064428742936615,0.5670135259941101,higher=damaged
Hostomel,s1__coh__baseline__mean__mean,0.5015618077925199,0.8896743239355828,higher=damaged
Hostomel,s1__coh__baseline__mean__p10,0.5011440325510113,0.9190038879407967,lower=damaged
Hostomel,s1__coh__baseline__mean__p50,0.5023560604733313,0.834237854766698,higher=damaged
Hostomel,s1__coh__baseline__mean__p90,0.5066243343336578,0.5559284588163013,lower=damaged
Hostomel,s1__coh__baseline__mean__std,0.506354021446491,0.5723727809379842,lower=damaged
Hostomel,s1__coh__baseline__mean__min,0.501086465917633,0.9231299361119334,lower=damaged
Hostomel,s1__coh__baseline__mean__max,0.5127318204154642,0.2580783824284386,lower=damaged
Hostomel,s1__coh__baseline__mean__max_abs_delta,0.5032896410928984,0.7700736276937767,lower=damaged
Hostomel,s1__coh__baseline__median__mean,0.5033626422584141,0.7651813055924559,lower=damaged
Hostomel,s1__coh__baseline__median__p10,0.5032168485021412,0.7749036976089675,lower=damaged
Hostomel,s1__coh__baseline__median__p50,0.5008405562772242,0.9404949453638591,lower=damaged
Hostomel,s1__coh__baseline__median__p90,0.505170151116584,0.6457892499501567,lower=damaged
Hostomel,s1__coh__baseline__median__std,0.5038227581759219,0.734121573562273,lower=damaged
Hostomel,s1__coh__baseline__median__min,0.5026472308363596,0.8141046761872792,lower=damaged
Hostomel,s1__coh__baseline__median__max,0.5122612757600256,0.27608935485035613,lower=damaged
Hostomel,s1__coh__baseline__median__max_abs_delta,0.5018112632038252,0.8721571254576798,lower=damaged
Hostomel,s1__coh__baseline__min__mean,0.500967369730463,0.931535903249272,lower=damaged
Hostomel,s1__coh__baseline__min__p10,0.5010001159675659,0.929166118642621,higher=damaged
Hostomel,s1__coh__baseline__min__p50,0.5022765934902984,0.8397521787039761,higher=damaged
Hostomel,s1__coh__baseline__min__p90,0.5054308695648546,0.6292390883369889,lower=damaged
Hostomel,s1__coh__baseline__min__std,0.5032337430575893,0.7738735605649669,lower=damaged
Hostomel,s1__coh__baseline__min__min,0.5066666750096571,0.553730126424117,higher=damaged
Hostomel,s1__coh__baseline__min__max,0.5083129555794166,0.460260216120732,lower=damaged
Hostomel,s1__coh__baseline__min__max_abs_delta,0.5097458641711113,0.38652385380529686,lower=damaged
Hostomel,s1__coh__baseline__std__mean,0.5104245664356493,0.3544500901456509,higher=damaged
Hostomel,s1__coh__baseline__std__p10,0.5173776145888866,0.12237264841693239,higher=damaged
Hostomel,s1__coh__baseline__std__p50,0.5112609512177011,0.3171712192082661,higher=damaged
Hostomel,s1__coh__baseline__std__p90,0.510847764620882,0.33485924947232404,higher=damaged
Hostomel,s1__coh__baseline__std__std,0.5199843819220747,0.07578735729350153,higher=damaged
Hostomel,s1__coh__baseline__std__min,0.5094181932253249,0.40281951993977716,higher=damaged
Hostomel,s1__coh__baseline__std__max,0.5151815309554143,0.17748103463388387,higher=damaged
Hostomel,s1__coh__baseline__std__max_abs_delta,0.5050383318691385,0.6544011813882913,higher=damaged
Irpin,s1__vh__baseline__count__mean,0.5,1.0,higher=damaged
Irpin,s1__vh__baseline__count__p10,0.5,1.0,higher=damaged
Irpin,s1__vh__baseline__count__p50,0.5,1.0,higher=damaged
Irpin,s1__vh__baseline__count__p90,0.5,1.0,higher=damaged
Irpin,s1__vh__baseline__count__std,0.5,1.0,higher=damaged
Irpin,s1__vh__baseline__count__min,0.5,1.0,higher=damaged
Irpin,s1__vh__baseline__count__max,0.5,1.0,higher=damaged
Irpin,s1__vh__baseline__count__max_abs_delta,0.5,1.0,higher=damaged
Irpin,s1__vh__baseline__kurtosis__mean,0.5246020366360391,0.15880461103411114,lower=damaged
Irpin,s1__vh__baseline__kurtosis__p10,0.5265685768553445,0.12807380676920707,lower=damaged
Irpin,s1__vh__baseline__kurtosis__p50,0.52499906893598,0.15218837291359721,lower=damaged
Irpin,s1__vh__baseline__kurtosis__p90,0.5087732832509563,0.6153348188047533,lower=damaged
Irpin,s1__vh__baseline__kurtosis__std,0.5098639582457689,0.5721117937898365,higher=damaged
Irpin,s1__vh__baseline__kurtosis__min,0.536888756470895,0.034613169124345734,lower=damaged
Irpin,s1__vh__baseline__kurtosis__max,0.5051893518198312,0.7663179058514737,lower=damaged
Irpin,s1__vh__baseline__kurtosis__max_abs_delta,0.5099470889618369,0.5688773883660949,higher=damaged
Irpin,s1__vh__baseline__max__mean,0.5227904520714844,0.1917769497668721,lower=damaged
Irpin,s1__vh__baseline__max__p10,0.5231668679538405,0.18454157317219844,lower=damaged
Irpin,s1__vh__baseline__max__p50,0.5170870199034886,0.32774676469020914,lower=damaged
Irpin,s1__vh__baseline__max__p90,0.5274490973999373,0.11590981321419129,lower=damaged
Irpin,s1__vh__baseline__max__std,0.5015395808615801,0.9297613166778261,higher=damaged
Irpin,s1__vh__baseline__max__min,0.5304531089557718,0.08111764064118869,lower=damaged
Irpin,s1__vh__baseline__max__max,0.5254280234308911,0.14527826963482474,lower=damaged
Irpin,s1__vh__baseline__max__max_abs_delta,0.5041498853461164,0.8121473876463172,higher=damaged
Irpin,s1__vh__baseline__mean__mean,0.5255530520278574,0.14331008945441742,lower=damaged
Irpin,s1__vh__baseline__mean__p10,0.5271192347185792,0.12035578036540395,lower=damaged
Irpin,s1__vh__baseline__mean__p50,0.524105912522545,0.16737533069241717,lower=damaged
Irpin,s1__vh__baseline__mean__p90,0.5279432263762456,0.10949255658944851,lower=damaged
Irpin,s1__vh__baseline__mean__std,0.5031037684151162,0.8589289078627691,lower=damaged
Irpin,s1__vh__baseline__mean__min,0.5325639640981714,0.06216148709677449,lower=damaged
Irpin,s1__vh__baseline__mean__max,0.5287160095128141,0.10002319903010584,lower=damaged
Irpin,s1__vh__baseline__mean__max_abs_delta,0.5000472182467266,0.9978724850460202,lower=damaged
Irpin,s1__vh__baseline__median__mean,0.5243406736647211,0.1632774006412543,lower=damaged
Irpin,s1__vh__baseline__median__p10,0.5256242119208117,0.1421990671361075,lower=damaged
Irpin,s1__vh__baseline__median__p50,0.5217263789058135,0.21335493273202477,lower=damaged
Irpin,s1__vh__baseline__median__p90,0.5272216517607751,0.11896131212579422,lower=damaged
Irpin,s1__vh__baseline__median__std,0.5062773666317295,0.7192111016199969,lower=damaged
Irpin,s1__vh__baseline__median__min,0.527099283346723,0.12062891103432803,lower=damaged
Irpin,s1__vh__baseline__median__max,0.5267002559095963,0.12619405925768754,lower=damaged
Irpin,s1__vh__baseline__median__max_abs_delta,0.5015129790324383,0.9309724081035066,lower=damaged
Irpin,s1__vh__baseline__min__mean,0.530381284017089,0.08183728416528684,lower=damaged
Irpin,s1__vh__baseline__min__p10,0.5372931042738499,0.03267818312319293,lower=damaged
Irpin,s1__vh__baseline__min__p50,0.528549748080678,0.10200333063709147,lower=damaged
Irpin,s1__vh__baseline__min__p90,0.5267933623115926,0.1248779686042151,lower=damaged
Irpin,s1__vh__baseline__min__std,0.5162251206392952,0.3527361607026994,higher=damaged
Irpin,s1__vh__baseline__min__min,0.5347646004139245,0.04646012268378872,lower=damaged
Irpin,s1__vh__baseline__min__max,0.5250961656123475,0.15060271880362305,lower=damaged
Irpin,s1__vh__baseline__min__max_abs_delta,0.5169998989130492,0.33021920755554557,higher=damaged
Irpin,s1__vh__baseline__skewness__mean,0.5099923120713781,0.5671215494862887,lower=damaged
Irpin,s1__vh__baseline__skewness__p10,0.5011744707566093,0.9463965524955488,lower=damaged
Irpin,s1__vh__baseline__skewness__p50,0.5171615050250855,0.32564247073509944,lower=damaged
Irpin,s1__vh__baseline__skewness__p90,0.5092268444378235,0.5971857573953947,lower=damaged
Irpin,s1__vh__baseline__skewness__std,0.5062002213272185,0.7225186821413825,higher=damaged
Irpin,s1__vh__baseline__skewness__min,0.5005300414456498,0.9758107931889252,higher=damaged
Irpin,s1__vh__baseline__skewness__max,0.5014624355570689,0.9332739187135478,higher=damaged
Irpin,s1__vh__baseline__skewness__max_abs_delta,0.5075748708481195,0.6644111349649853,higher=damaged
Irpin,s1__vh__baseline__std__mean,0.5332063982719452,0.05717912035063915,higher=damaged
Irpin,s1__vh__baseline__std__p10,0.5267421537904946,0.12560048988656725,higher=damaged
Irpin,s1__vh__baseline__std__p50,0.538301313598323,0.02825247081149098,higher=damaged
Irpin,s1__vh__baseline__std__p90,0.534058986895939,0.051084034976303865,higher=damaged
Irpin,s1__vh__baseline__std__std,0.5286920678665865,0.1003064390153917,higher=damaged
Irpin,s1__vh__baseline__std__min,0.5215847241656336,0.21635470198357565,higher=damaged
Irpin,s1__vh__baseline__std__max,0.5276060481918736,0.11384021639354672,higher=damaged
Irpin,s1__vh__baseline__std__max_abs_delta,0.5267813914884787,0.12504658016698528,higher=damaged
Irpin,s1__vv__baseline__count__mean,0.5,1.0,higher=damaged
Irpin,s1__vv__baseline__count__p10,0.5,1.0,higher=damaged
Irpin,s1__vv__baseline__count__p50,0.5,1.0,higher=damaged
Irpin,s1__vv__baseline__count__p90,0.5,1.0,higher=damaged
Irpin,s1__vv__baseline__count__std,0.5,1.0,higher=damaged
Irpin,s1__vv__baseline__count__min,0.5,1.0,higher=damaged
Irpin,s1__vv__baseline__count__max,0.5,1.0,higher=damaged
Irpin,s1__vv__baseline__count__max_abs_delta,0.5,1.0,higher=damaged
Irpin,s1__vv__baseline__kurtosis__mean,0.5011405534244535,0.9479432019126068,lower=damaged
Irpin,s1__vv__baseline__kurtosis__p10,0.5153346244087744,0.3797864715592416,lower=damaged
Irpin,s1__vv__baseline__kurtosis__p50,0.510456513989902,0.5492501334683453,higher=damaged
Irpin,s1__vv__baseline__kurtosis__p90,0.5004635368727953,0.9788488753968848,higher=damaged
Irpin,s1__vv__baseline__kurtosis__std,0.504287549811925,0.8060369904510672,lower=damaged
Irpin,s1__vv__baseline__kurtosis__min,0.5168934915964822,0.33325531026366007,lower=damaged
Irpin,s1__vv__baseline__kurtosis__max,0.5060013726543837,0.7310680606899268,lower=damaged
Irpin,s1__vv__baseline__kurtosis__max_abs_delta,0.5042782391717254,0.8064498849673323,lower=damaged
Irpin,s1__vv__baseline__max__mean,0.5083030959208755,0.6344007713314295,higher=damaged
Irpin,s1__vv__baseline__max__p10,0.5121357544544762,0.48701347600237277,higher=damaged
Irpin,s1__vv__baseline__max__p50,0.5090878498805578,0.6027216785579481,higher=damaged
Irpin,s1__vv__baseline__max__p90,0.502304383449406,0.8950229927175455,higher=damaged
Irpin,s1__vv__baseline__max__std,0.5321117330027614,0.06587997330597348,lower=damaged
Irpin,s1__vv__baseline__max__min,0.5108109833632161,0.5357930023422269,higher=damaged
Irpin,s1__vv__baseline__max__max,0.5007435211245125,0.966061140028545,lower=damaged
Irpin,s1__vv__baseline__max__max_abs_delta,0.5295220449358098,0.0908542256317861,lower=damaged
Irpin,s1__vv__baseline__mean__mean,0.5070022664758429,0.6883952844049974,higher=damaged
Irpin,s1__vv__baseline__mean__p10,0.5088604042413957,0.611829923098995,higher=damaged
Irpin,s1__vv__baseline__mean__p50,0.5098360263251701,0.5732005098278754,higher=damaged
Irpin,s1__vv__baseline__mean__p90,0.5014338385907415,0.9345763392393324,higher=damaged
Irpin,s1__vv__baseline__mean__std,0.52114778912198,0.22579848390160429,lower=damaged
Irpin,s1__vv__baseline__mean__min,0.5097608761578446,0.5761345457170834,higher=damaged
Irpin,s1__vv__baseline__mean__max,0.5013128002681464,0.9400908031517501,lower=damaged
Irpin,s1__vv__baseline__mean__max_abs_delta,0.5205878206185457,0.2383267590613497,lower=damaged
Irpin,s1__vv__baseline__median__mean,0.5082286107992786,0.637443944919962,higher=damaged
Irpin,s1__vv__baseline__median__p10,0.5099497491447512,0.5687740311017979,higher=damaged
Irpin,s1__vv__baseline__median__p50,0.5110311134993643,0.5275203534081077,higher=damaged
Irpin,s1__vv__baseline__median__p90,0.5021999712700246,0.8997551891037361,higher=damaged
Irpin,s1__vv__baseline__median__std,0.5150865623520273,0.38754315815222085,lower=damaged
Irpin,s1__vv__baseline__median__min,0.5106766441260501,0.5408734801007881,higher=damaged
Irpin,s1__vv__baseline__median__max,0.5006869922375863,0.9686423900045922,higher=damaged
Irpin,s1__vv__baseline__median__max_abs_delta,0.5122361763594865,0.4834161989860085,lower=damaged
Irpin,s1__vv__baseline__min__mean,0.5018521523539958,0.9155439229648953,higher=damaged
Irpin,s1__vv__baseline__min__p10,0.5040148810632219,0.818150842935353,higher=damaged
Irpin,s1__vv__baseline__min__p50,0.504112642785318,0.8138024265002745,higher=damaged
Irpin,s1__vv__baseline__min__p90,0.5031223896955155,0.8580913158316278,lower=damaged
Irpin,s1__vv__baseline__min__std,0.5128081156860346,0.4632060573378969,lower=damaged
Irpin,s1__vv__baseline__min__min,0.5046945577977942,0.7880419462761459,higher=damaged
Irpin,s1__vv__baseline__min__max,0.5046287182706682,0.7909455227019749,lower=damaged
Irpin,s1__vv__baseline__min__max_abs_delta,0.5102204227562687,0.5583046966482723,lower=damaged
Irpin,s1__vv__baseline__skewness__mean,0.5239768936512075,0.16966010813697874,lower=damaged
Irpin,s1__vv__baseline__skewness__p10,0.5291855317971663,0.09459647960699478,lower=damaged
Irpin,s1__vv__baseline__skewness__p50,0.5201828077698623,0.2476888141537379,lower=damaged
Irpin,s1__vv__baseline__skewness__p90,0.5189830652755684,0.2769205452677048,lower=damaged
Irpin,s1__vv__baseline__skewness__std,0.523189479508611,0.1841134627660399,higher=damaged
Irpin,s1__vv__baseline__skewness__min,0.5227000058524024,0.19354615715728452,lower=damaged
Irpin,s1__vv__baseline__skewness__max,0.5109340168229968,0.5311612679148433,lower=damaged
Irpin,s1__vv__baseline__skewness__max_abs_delta,0.5189338518916561,0.2781678538287864,higher=damaged
Irpin,s1__vv__baseline__std__mean,0.5219298828987481,0.20909811503725695,higher=damaged
Irpin,s1__vv__baseline__std__p10,0.5194173401363078,0.2660791373984648,higher=damaged
Irpin,s1__vv__baseline__std__p50,0.5187921971514762,0.28177939411297115,higher=damaged
Irpin,s1__vv__baseline__std__p90,0.5240427331783333,0.16849125876360194,higher=damaged
Irpin,s1__vv__baseline__std__std,0.5229567135036205,0.1885557927595527,higher=damaged
Irpin,s1__vv__baseline__std__min,0.5245621338923264,0.15948140917675413,higher=damaged
Irpin,s1__vv__baseline__std__max,0.5276386354325724,0.11341418263194167,higher=damaged
Irpin,s1__vv__baseline__std__max_abs_delta,0.5229061700282511,0.1895307734744417,higher=damaged
Irpin,s1__coh__baseline__count__mean,0.5026482120910635,0.7424783480105136,lower=damaged
Irpin,s1__coh__baseline__count__p10,0.5039650026335811,0.6180699957215738,lower=damaged
Irpin,s1__coh__baseline__count__p50,0.5044345249179334,0.31168188117574913,lower=damaged
Irpin,s1__coh__baseline__count__p90,0.5068892087019904,0.07888830146633828,lower=damaged
Irpin,s1__coh__baseline__count__std,0.5047723681480337,0.5270137515548785,lower=damaged
Irpin,s1__coh__baseline__count__min,0.5028171337061136,0.7266393115911567,lower=damaged
Irpin,s1__coh__baseline__count__max,0.5056495634639838,0.1743242687403801,lower=damaged
Irpin,s1__coh__baseline__count__max_abs_delta,0.5045495778289715,0.5463276123235372,lower=damaged
Irpin,s1__coh__baseline__max__mean,0.5128380427438191,0.44962179222950294,higher=damaged
Irpin,s1__coh__baseline__max__p10,0.5205512431034758,0.2258516888042711,higher=damaged
Irpin,s1__coh__baseline__max__p50,0.5060299696207111,0.7225218524035645,higher=damaged
Irpin,s1__coh__baseline__max__p90,0.5100242342663481,0.5547064699233111,lower=damaged
Irpin,s1__coh__baseline__max__std,0.5208438632240353,0.21954293789977875,lower=damaged
Irpin,s1__coh__baseline__max__min,0.5176809057390785,0.2977540904269157,higher=damaged
Irpin,s1__coh__baseline__max__max,0.5013713242922583,0.9356616621643282,lower=damaged
Irpin,s1__coh__baseline__max__max_abs_delta,0.5126677910373117,0.4555814288805924,lower=damaged
Irpin,s1__coh__baseline__mean__mean,0.5009190931968482,0.9568634655769213,higher=damaged
Irpin,s1__coh__baseline__mean__p10,0.5192943066765271,0.2555221414388953,higher=damaged
Irpin,s1__coh__baseline__mean__p50,0.5055458163303308,0.7439881049345721,lower=damaged
Irpin,s1__coh__baseline__mean__p90,0.5035160967668137,0.8358723234543154,lower=damaged
Irpin,s1__coh__baseline__mean__std,0.5175146443069425,0.30224050733024,lower=damaged
Irpin,s1__coh__baseline__mean__min,0.5076234191863033,0.653478410017361,higher=damaged
Irpin,s1__coh__baseline__mean__max,0.5071166543411525,0.6751505530271689,lower=damaged
Irpin,s1__coh__baseline__mean__max_abs_delta,0.5189531382177839,0.2642623225526357,lower=damaged
Irpin,s1__coh__baseline__median__mean,0.5015335954500232,0.9280642800998699,lower=damaged
Irpin,s1__coh__baseline__median__p10,0.5104305772064887,0.53877301045074,higher=damaged
Irpin,s1__coh__baseline__median__p50,0.5069856403326293,0.6807984769517681,lower=damaged
Irpin,s1__coh__baseline__median__p90,0.5082804843661051,0.6255800473820513,lower=damaged
Irpin,s1__coh__baseline__median__std,0.5195097814925754,0.2504892476134485,lower=damaged
Irpin,s1__coh__baseline__median__min,0.5095733332623951,0.5729082135656114,higher=damaged
Irpin,s1__coh__baseline__median__max,0.5094596104428141,0.5774754976487204,lower=damaged
Irpin,s1__coh__baseline__median__max_abs_delta,0.5179748559510952,0.28971417530689636,lower=damaged
Irpin,s1__coh__baseline__min__mean,0.5054786467117478,0.7469824712851612,lower=damaged
Irpin,s1__coh__baseline__min__p10,0.5091157818011567,0.591140372076159,higher=damaged
Irpin,s1__coh__baseline__min__p50,0.5051394733901904,0.7621600709009667,lower=damaged
Irpin,s1__coh__baseline__min__p90,0.513249706049788,0.4349141612350519,lower=damaged
Irpin,s1__coh__baseline__min__std,0.5094822219975845,0.5765029339965522,lower=damaged
Irpin,s1__coh__baseline__min__min,0.5030445793452758,0.8577268235418523,higher=damaged
Irpin,s1__coh__baseline__min__max,0.5139160818697894,0.41248075631993364,lower=damaged
Irpin,s1__coh__baseline__min__max_abs_delta,0.5127702080795076,0.4519457616257977,lower=damaged
Irpin,s1__coh__baseline__std__mean,0.5359510419936475,0.0342373790645735,higher=damaged
Irpin,s1__coh__baseline__std__p10,0.5210892650978681,0.2139336171896481,higher=damaged
Irpin,s1__coh__baseline__std__p50,0.53553871364195,0.036350839635065316,higher=damaged
Irpin,s1__coh__baseline__std__p90,0.541935123459089,0.013460873676887933,higher=damaged
Irpin,s1__coh__baseline__std__std,0.521935868310305,0.19633370750104673,higher=damaged
Irpin,s1__coh__baseline__std__min,0.5304830360135563,0.07261680941388371,higher=damaged
Irpin,s1__coh__baseline__std__max,0.5345078927627064,0.042126139527874765,higher=damaged
Irpin,s1__coh__baseline__std__max_abs_delta,0.5202692637145729,0.2325177631994666,higher=damaged
Kharkiv,s1__vh__baseline__count__mean,0.5,1.0,higher=damaged
Kharkiv,s1__vh__baseline__count__p10,0.5,1.0,higher=damaged
Kharkiv,s1__vh__baseline__count__p50,0.5,1.0,higher=damaged
Kharkiv,s1__vh__baseline__count__p90,0.5,1.0,higher=damaged
Kharkiv,s1__vh__baseline__count__std,0.5,1.0,higher=damaged
Kharkiv,s1__vh__baseline__count__min,0.5,1.0,higher=damaged
Kharkiv,s1__vh__baseline__count__max,0.5,1.0,higher=damaged
Kharkiv,s1__vh__baseline__count__max_abs_delta,0.5,1.0,higher=damaged
Kharkiv,s1__vh__baseline__kurtosis__mean,0.5363446462939492,0.05832230542548804,higher=damaged
Kharkiv,s1__vh__baseline__kurtosis__p10,0.5204830305590762,0.28598241297976223,higher=damaged
Kharkiv,s1__vh__baseline__kurtosis__p50,0.5330023940290101,0.08558577514482062,higher=damaged
Kharkiv,s1__vh__baseline__kurtosis__p90,0.5477667464676336,0.012835994062462773,higher=damaged
Kharkiv,s1__vh__baseline__kurtosis__std,0.5228371590855748,0.23419895034713734,higher=damaged
Kharkiv,s1__vh__baseline__kurtosis__min,0.5244578228418533,0.202649812541411,higher=damaged
Kharkiv,s1__vh__baseline__kurtosis__max,0.5398910951509177,0.03770794979438775,higher=damaged
Kharkiv,s1__vh__baseline__kurtosis__max_abs_delta,0.5220555790264282,0.2505986558537122,higher=damaged
Kharkiv,s1__vh__baseline__max__mean,0.5139581279631977,0.4671830853084894,higher=damaged
Kharkiv,s1__vh__baseline__max__p10,0.5050579730554382,0.7922210123640039,lower=damaged
Kharkiv,s1__vh__baseline__max__p50,0.5160752006759611,0.4023923644239584,higher=damaged
Kharkiv,s1__vh__baseline__max__p90,0.531596488757452,0.0997805996044059,higher=damaged
Kharkiv,s1__vh__baseline__max__std,0.5876777918603013,4.938037314065297e-06,higher=damaged
Kharkiv,s1__vh__baseline__max__min,0.5116908416654931,0.5425519084993462,lower=damaged
Kharkiv,s1__vh__baseline__max__max,0.5366427263765667,0.05628846234767501,higher=damaged
Kharkiv,s1__vh__baseline__max__max_abs_delta,0.5883208937708304,4.2065981447718195e-06,higher=damaged
Kharkiv,s1__vh__baseline__mean__mean,0.509228747124818,0.6307305569891537,higher=damaged
Kharkiv,s1__vh__baseline__mean__p10,0.5080000469417453,0.6769042568094905,lower=damaged
Kharkiv,s1__vh__baseline__mean__p50,0.5114385297845374,0.5512990307152807,higher=damaged
Kharkiv,s1__vh__baseline__mean__p90,0.5257733652537201,0.17941127840034277,higher=damaged
Kharkiv,s1__vh__baseline__mean__std,0.5872623574144488,5.473696301603195e-06,higher=damaged
Kharkiv,s1__vh__baseline__mean__min,0.5176242782706661,0.3585908710889819,lower=damaged
Kharkiv,s1__vh__baseline__mean__max,0.527652208609116,0.14974128574159043,higher=damaged
Kharkiv,s1__vh__baseline__mean__max_abs_delta,0.5848166924846265,9.945369512387343e-06,higher=damaged
Kharkiv,s1__vh__baseline__median__mean,0.5090785335398771,0.6363033247999519,higher=damaged
Kharkiv,s1__vh__baseline__median__p10,0.5060108904849083,0.7542285107012039,lower=damaged
Kharkiv,s1__vh__baseline__median__p50,0.5086091160869362,0.6538501541911879,higher=damaged
Kharkiv,s1__vh__baseline__median__p90,0.5286954888982772,0.13496814256264827,higher=damaged
Kharkiv,s1__vh__baseline__median__std,0.5874947190536545,5.167594052630593e-06,higher=damaged
Kharkiv,s1__vh__baseline__median__min,0.5156867577336526,0.41385940975269453,lower=damaged
Kharkiv,s1__vh__baseline__median__max,0.5303595737689527,0.11376771525938172,higher=damaged
Kharkiv,s1__vh__baseline__median__max_abs_delta,0.5881096559170069,4.434572308552852e-06,higher=damaged
Kharkiv,s1__vh__baseline__min__mean,0.508832089377083,0.6454907741049676,higher=damaged
Kharkiv,s1__vh__baseline__min__p10,0.5074167957564663,0.6992689385241676,lower=damaged
Kharkiv,s1__vh__baseline__min__p50,0.5137281134112566,0.47455487380892714,higher=damaged
Kharkiv,s1__vh__baseline__min__p90,0.5239661080598976,0.21187614574370484,higher=damaged
Kharkiv,s1__vh__baseline__min__std,0.5757804065155142,7.893069891020417e-05,higher=damaged
Kharkiv,s1__vh__baseline__min__min,0.5177416326339013,0.3553994249675909,lower=damaged
Kharkiv,s1__vh__baseline__min__max,0.5248157536497207,0.1961202539179958,higher=damaged
Kharkiv,s1__vh__baseline__min__max_abs_delta,0.5726869455006337,0.0001528001612932528,higher=damaged
Kharkiv,s1__vh__baseline__skewness__mean,0.5236938459371919,0.2171134993538132,higher=damaged
Kharkiv,s1__vh__baseline__skewness__p10,0.50311810543116,0.8710124100837089,lower=damaged
Kharkiv,s1__vh__baseline__skewness__p50,0.5152678026569028,0.42644143147607694,higher=damaged
Kharkiv,s1__vh__baseline__skewness__p90,0.5393946861944326,0.04015455336516203,higher=damaged
Kharkiv,s1__vh__baseline__skewness__std,0.5417945829225931,0.029467506217434047,higher=damaged
Kharkiv,s1__vh__baseline__skewness__min,0.5015631601182933,0.9351479241043986,higher=damaged
Kharkiv,s1__vh__baseline__skewness__max,0.5382094071257569,0.04654580223422112,higher=damaged
Kharkiv,s1__vh__baseline__skewness__max_abs_delta,0.5279362061681453,0.1456027237343824,higher=damaged
Kharkiv,s1__vh__baseline__std__mean,0.514066093977374,0.4637448783919652,higher=damaged
Kharkiv,s1__vh__baseline__std__p10,0.5142315636295357,0.458502910221936,higher=damaged
Kharkiv,s1__vh__baseline__std__p50,0.5137105102567714,0.47512166233353637,higher=damaged
Kharkiv,s1__vh__baseline__std__p90,0.5118786086466696,0.5360876269278061,higher=damaged
Kharkiv,s1__vh__baseline__std__std,0.5109256912171994,0.5692889528524537,higher=damaged
Kharkiv,s1__vh__baseline__std__min,0.5139980284466976,0.4659107966601901,higher=damaged
Kharkiv,s1__vh__baseline__std__max,0.5102591184340234,0.5930822929738456,higher=damaged
Kharkiv,s1__vh__baseline__std__max_abs_delta,0.5093507956625827,0.6262180770221106,higher=damaged
Kharkiv,s1__vv__baseline__count__mean,0.5,1.0,higher=damaged
Kharkiv,s1__vv__baseline__count__p10,0.5,1.0,higher=damaged
Kharkiv,s1__vv__baseline__count__p50,0.5,1.0,higher=damaged
Kharkiv,s1__vv__baseline__count__p90,0.5,1.0,higher=damaged
Kharkiv,s1__vv__baseline__count__std,0.5,1.0,higher=damaged
Kharkiv,s1__vv__baseline__count__min,0.5,1.0,higher=damaged
Kharkiv,s1__vv__baseline__count__max,0.5,1.0,higher=damaged
Kharkiv,s1__vv__baseline__count__max_abs_delta,0.5,1.0,higher=damaged
Kharkiv,s1__vv__baseline__kurtosis__mean,0.5071586161573487,0.7092541552100445,lower=damaged
Kharkiv,s1__vv__baseline__kurtosis__p10,0.5194831713843121,0.31015818326297406,lower=damaged
Kharkiv,s1__vv__baseline__kurtosis__p50,0.5074872083744073,0.6965546132210576,lower=damaged
Kharkiv,s1__vv__baseline__kurtosis__p90,0.5038339670468948,0.8417429351775924,lower=damaged
Kharkiv,s1__vv__baseline__kurtosis__std,0.5217880110782518,0.25639296030957204,higher=damaged
Kharkiv,s1__vv__baseline__kurtosis__min,0.5219570013613106,0.2527226681892777,lower=damaged
Kharkiv,s1__vv__baseline__kurtosis__max,0.5026322583673661,0.8909809545930425,higher=damaged
Kharkiv,s1__vv__baseline__kurtosis__max_abs_delta,0.5193845937191944,0.31261273603536777,higher=damaged
Kharkiv,s1__vv__baseline__max__mean,0.5446087405529738,0.020137551446348288,lower=damaged
Kharkiv,s1__vv__baseline__max__p10,0.5568276768530254,0.0030733440653586113,lower=damaged
Kharkiv,s1__vv__baseline__max__p50,0.5402654555696381,0.03594782276064917,lower=damaged
Kharkiv,s1__vv__baseline__max__p90,0.5361451438764493,0.05971735376336505,lower=damaged
Kharkiv,s1__vv__baseline__max__std,0.5077852884570249,0.6851073178962437,higher=damaged
Kharkiv,s1__vv__baseline__max__min,0.5633913063887716,0.0009591964421724309,lower=damaged
Kharkiv,s1__vv__baseline__max__max,0.5382305309111393,0.04642481432187108,lower=damaged
Kharkiv,s1__vv__baseline__max__max_abs_delta,0.505273905083791,0.7835649279004739,higher=damaged
Kharkiv,s1__vv__baseline__mean__mean,0.5509059756841759,0.00800588220879964,lower=damaged
Kharkiv,s1__vv__baseline__mean__p10,0.5646904191897855,0.0007519413480620243,lower=damaged
Kharkiv,s1__vv__baseline__mean__p50,0.5473407501290898,0.01365948355149075,lower=damaged
Kharkiv,s1__vv__baseline__mean__p90,0.5418626484532696,0.029204067330742954,lower=damaged
Kharkiv,s1__vv__baseline__mean__std,0.514145894944374,0.46121267953988276,higher=damaged
Kharkiv,s1__vv__baseline__mean__min,0.5711554710604141,0.00020998270621635931,lower=damaged
Kharkiv,s1__vv__baseline__mean__max,0.540754823264329,0.03375300285001373,lower=damaged
Kharkiv,s1__vv__baseline__mean__max_abs_delta,0.5122963901797869,0.5218450906689828,higher=damaged
Kharkiv,s1__vv__baseline__median__mean,0.5529174294700276,0.0058404716872188026,lower=damaged
Kharkiv,s1__vv__baseline__median__p10,0.5641177298971976,0.0008375686695142438,lower=damaged
Kharkiv,s1__vv__baseline__median__p50,0.5494014927475004,0.010069092495474052,lower=damaged
Kharkiv,s1__vv__baseline__median__p90,0.5436699056470919,0.022913868965585844,lower=damaged
Kharkiv,s1__vv__baseline__median__std,0.5119865746608459,0.5323883027315136,higher=damaged
Kharkiv,s1__vv__baseline__median__min,0.5724780547340751,0.00015962811683816125,lower=damaged
Kharkiv,s1__vv__baseline__median__max,0.5426653522977984,0.026247054099884835,lower=damaged
Kharkiv,s1__vv__baseline__median__max_abs_delta,0.5109726329624936,0.5676306876728664,higher=damaged
Kharkiv,s1__vv__baseline__min__mean,0.5483828568746186,0.011722722525886433,lower=damaged
Kharkiv,s1__vv__baseline__min__p10,0.5641564568370652,0.0008315045996002886,lower=damaged
Kharkiv,s1__vv__baseline__min__p50,0.545595690747782,0.017539965394816562,lower=damaged
Kharkiv,s1__vv__baseline__min__p90,0.5344493733277003,0.07272771538544891,lower=damaged
Kharkiv,s1__vv__baseline__min__std,0.5391282917898887,0.04152213811474594,higher=damaged
Kharkiv,s1__vv__baseline__min__min,0.5671349105759752,0.000470085327105222,lower=damaged
Kharkiv,s1__vv__baseline__min__max,0.5311106416936582,0.10510160230244628,lower=damaged
Kharkiv,s1__vv__baseline__min__max_abs_delta,0.5346359667652443,0.0711911863754541,higher=damaged
Kharkiv,s1__vv__baseline__skewness__mean,0.5334811998310097,0.08114167946431909,higher=damaged
Kharkiv,s1__vv__baseline__skewness__p10,0.547997934563207,0.012407735433946403,higher=damaged
Kharkiv,s1__vv__baseline__skewness__p50,0.5271722292634841,0.15693895119927542,higher=damaged
Kharkiv,s1__vv__baseline__skewness__p90,0.5210345960662818,0.2732058407848037,higher=damaged
Kharkiv,s1__vv__baseline__skewness__std,0.5278693141811013,0.14656953710917647,lower=damaged
Kharkiv,s1__vv__baseline__skewness__min,0.5434175937661362,0.023714472366356494,higher=damaged
Kharkiv,s1__vv__baseline__skewness__max,0.5260010327183965,0.1755992433337782,higher=damaged
Kharkiv,s1__vv__baseline__skewness__max_abs_delta,0.5188259869501948,0.326762914422143,lower=damaged
Kharkiv,s1__vv__baseline__std__mean,0.5123175139651692,0.5211301654336962,lower=damaged
Kharkiv,s1__vv__baseline__std__p10,0.5174247758531662,0.3640575418535248,lower=damaged
Kharkiv,s1__vv__baseline__std__p50,0.5037905459324978,0.8435125043519305,lower=damaged
Kharkiv,s1__vv__baseline__std__p90,0.5119173355865371,0.5347592063615882,lower=damaged
Kharkiv,s1__vv__baseline__std__std,0.5151668779045204,0.42950540614888644,lower=damaged
Kharkiv,s1__vv__baseline__std__min,0.5203116931887528,0.29003220232993987,lower=damaged
Kharkiv,s1__vv__baseline__std__max,0.5131354738769187,0.49383949999336263,lower=damaged
Kharkiv,s1__vv__baseline__std__max_abs_delta,0.5147526170023001,0.4422151979755793,lower=damaged
Kharkiv,s1__coh__baseline__count__mean,0.5,1.0,higher=damaged
Kharkiv,s1__coh__baseline__count__p10,0.5,1.0,higher=damaged
Kharkiv,s1__coh__baseline__count__p50,0.5,1.0,higher=damaged
Kharkiv,s1__coh__baseline__count__p90,0.5,1.0,higher=damaged
Kharkiv,s1__coh__baseline__count__std,0.5,1.0,higher=damaged
Kharkiv,s1__coh__baseline__count__min,0.5,1.0,higher=damaged
Kharkiv,s1__coh__baseline__count__max,0.5,1.0,higher=damaged
Kharkiv,s1__coh__baseline__count__max_abs_delta,0.5,1.0,higher=damaged
Kharkiv,s1__coh__baseline__max__mean,0.5,1.0,higher=damaged
Kharkiv,s1__coh__baseline__max__p10,0.5,1.0,higher=damaged
Kharkiv,s1__coh__baseline__max__p50,0.5,1.0,higher=damaged
Kharkiv,s1__coh__baseline__max__p90,0.5,1.0,higher=damaged
Kharkiv,s1__coh__baseline__max__std,0.5,1.0,higher=damaged
Kharkiv,s1__coh__baseline__max__min,0.5,1.0,higher=damaged
Kharkiv,s1__coh__baseline__max__max,0.5,1.0,higher=damaged
Kharkiv,s1__coh__baseline__max__max_abs_delta,0.5,1.0,higher=damaged
Kharkiv,s1__coh__baseline__mean__mean,0.5,1.0,higher=damaged
Kharkiv,s1__coh__baseline__mean__p10,0.5,1.0,higher=damaged
Kharkiv,s1__coh__baseline__mean__p50,0.5,1.0,higher=damaged
Kharkiv,s1__coh__baseline__mean__p90,0.5,1.0,higher=damaged
Kharkiv,s1__coh__baseline__mean__std,0.5,1.0,higher=damaged
Kharkiv,s1__coh__baseline__mean__min,0.5,1.0,higher=damaged
Kharkiv,s1__coh__baseline__mean__max,0.5,1.0,higher=damaged
Kharkiv,s1__coh__baseline__mean__max_abs_delta,0.5,1.0,higher=damaged
Kharkiv,s1__coh__baseline__median__mean,0.5,1.0,higher=damaged
Kharkiv,s1__coh__baseline__median__p10,0.5,1.0,higher=damaged
Kharkiv,s1__coh__baseline__median__p50,0.5,1.0,higher=damaged
Kharkiv,s1__coh__baseline__median__p90,0.5,1.0,higher=damaged
Kharkiv,s1__coh__baseline__median__std,0.5,1.0,higher=damaged
Kharkiv,s1__coh__baseline__median__min,0.5,1.0,higher=damaged
Kharkiv,s1__coh__baseline__median__max,0.5,1.0,higher=damaged
Kharkiv,s1__coh__baseline__median__max_abs_delta,0.5,1.0,higher=damaged
Kharkiv,s1__coh__baseline__min__mean,0.5,1.0,higher=damaged
Kharkiv,s1__coh__baseline__min__p10,0.5,1.0,higher=damaged
Kharkiv,s1__coh__baseline__min__p50,0.5,1.0,higher=damaged
Kharkiv,s1__coh__baseline__min__p90,0.5,1.0,higher=damaged
Kharkiv,s1__coh__baseline__min__std,0.5,1.0,higher=damaged
Kharkiv,s1__coh__baseline__min__min,0.5,1.0,higher=damaged
Kharkiv,s1__coh__baseline__min__max,0.5,1.0,higher=damaged
Kharkiv,s1__coh__baseline__min__max_abs_delta,0.5,1.0,higher=damaged
Kharkiv,s1__coh__baseline__std__mean,0.5,1.0,higher=damaged
Kharkiv,s1__coh__baseline__std__p10,0.5,1.0,higher=damaged
Kharkiv,s1__coh__baseline__std__p50,0.5,1.0,higher=damaged
Kharkiv,s1__coh__baseline__std__p90,0.5,1.0,higher=damaged
Kharkiv,s1__coh__baseline__std__std,0.5,1.0,higher=damaged
Kharkiv,s1__coh__baseline__std__min,0.5,1.0,higher=damaged
Kharkiv,s1__coh__baseline__std__max,0.5,1.0,higher=damaged
Kharkiv,s1__coh__baseline__std__max_abs_delta,0.5,1.0,higher=damaged
Kherson,s1__vh__baseline__count__mean,0.5,1.0,higher=damaged
Kherson,s1__vh__baseline__count__p10,0.5,1.0,higher=damaged
Kherson,s1__vh__baseline__count__p50,0.5,1.0,higher=damaged
Kherson,s1__vh__baseline__count__p90,0.5,1.0,higher=damaged
Kherson,s1__vh__baseline__count__std,0.5,1.0,higher=damaged
Kherson,s1__vh__baseline__count__min,0.5,1.0,higher=damaged
Kherson,s1__vh__baseline__count__max,0.5,1.0,higher=damaged
Kherson,s1__vh__baseline__count__max_abs_delta,0.5,1.0,higher=damaged
Kherson,s1__vh__baseline__kurtosis__mean,0.5271317829457365,0.7502396239381948,higher=damaged
Kherson,s1__vh__baseline__kurtosis__p10,0.5426356589147288,0.6154961685638392,lower=damaged
Kherson,s1__vh__baseline__kurtosis__p50,0.531902206320811,0.7077242441100173,higher=damaged
Kherson,s1__vh__baseline__kurtosis__p90,0.56768038163387,0.42409012180096906,higher=damaged
Kherson,s1__vh__baseline__kurtosis__std,0.582587954680978,0.32896942142005126,higher=damaged
Kherson,s1__vh__baseline__kurtosis__min,0.5301132975551579,0.7235692055927823,lower=damaged
Kherson,s1__vh__baseline__kurtosis__max,0.5879546809779369,0.29840657837189655,higher=damaged
Kherson,s1__vh__baseline__kurtosis__max_abs_delta,0.5927251043530113,0.2728830644316904,higher=damaged
Kherson,s1__vh__baseline__max__mean,0.6320810971973763,0.11797695483005739,higher=damaged
Kherson,s1__vh__baseline__max__p10,0.6004770423375074,0.23467293453785443,higher=damaged
Kherson,s1__vh__baseline__max__p50,0.6219439475253429,0.14900183692862778,higher=damaged
Kherson,s1__vh__baseline__max__p90,0.637447823494335,0.10373999713411783,higher=damaged
Kherson,s1__vh__baseline__max__std,0.528324388789505,0.7395335409088368,higher=damaged
Kherson,s1__vh__baseline__max__min,0.6141920095408467,0.17666146217819534,higher=damaged
Kherson,s1__vh__baseline__max__max,0.629695885509839,0.12477738002178525,higher=damaged
Kherson,s1__vh__baseline__max__max_abs_delta,0.5110316040548598,0.8986797184191186,higher=damaged
Kherson,s1__vh__baseline__mean__mean,0.5927251043530113,0.2728830644316904,higher=damaged
Kherson,s1__vh__baseline__mean__p10,0.6147883124627311,0.17440660419504606,higher=damaged
Kherson,s1__vh__baseline__mean__p50,0.6040548598688134,0.21837876821711222,higher=damaged
Kherson,s1__vh__baseline__mean__p90,0.5968992248062015,0.2518099247830775,higher=damaged
Kherson,s1__vh__baseline__mean__std,0.5128205128205128,0.8819079974209928,lower=damaged
Kherson,s1__vh__baseline__mean__min,0.616577221228384,0.16777100640194254,higher=damaged
Kherson,s1__vh__baseline__mean__max,0.5915324985092427,0.2791194171817162,higher=damaged
Kherson,s1__vh__baseline__mean__max_abs_delta,0.5253428741800834,0.7663887482003308,lower=damaged
Kherson,s1__vh__baseline__median__mean,0.5951103160405486,0.2606980661931617,higher=damaged
Kherson,s1__vh__baseline__median__p10,0.6022659511031604,0.2264212923536132,higher=damaged
Kherson,s1__vh__baseline__median__p50,0.5885509838998211,0.29513170459703764,higher=damaged
Kherson,s1__vh__baseline__median__p90,0.5968992248062015,0.2518099247830775,higher=damaged
Kherson,s1__vh__baseline__median__std,0.5092426952892068,0.9154968183320342,higher=damaged
Kherson,s1__vh__baseline__median__min,0.5960047704233751,0.25622672898976917,higher=damaged
Kherson,s1__vh__baseline__median__max,0.5998807394156231,0.23747023786203836,higher=damaged
Kherson,s1__vh__baseline__median__max_abs_delta,0.5098389982110912,0.909886536186272,higher=damaged
Kherson,s1__vh__baseline__min__mean,0.5897435897435898,0.2886544306534007,higher=damaged
Kherson,s1__vh__baseline__min__p10,0.5998807394156231,0.23747023786203836,higher=damaged
Kherson,s1__vh__baseline__min__p50,0.5891472868217054,0.29188099430094727,higher=damaged
Kherson,s1__vh__baseline__min__p90,0.5748360166964818,0.37657114323531626,higher=damaged
Kherson,s1__vh__baseline__min__std,0.5116279069767442,0.8930837354546428,higher=damaged
Kherson,s1__vh__baseline__min__min,0.6138938580799046,0.17779655121012206,higher=damaged
Kherson,s1__vh__baseline__min__max,0.5742397137745975,0.38040090246036085,higher=damaged
Kherson,s1__vh__baseline__min__max_abs_delta,0.5211687537268932,0.8044556112242605,lower=damaged
Kherson,s1__vh__baseline__skewness__mean,0.5986881335718545,0.24313532037196373,higher=damaged
Kherson,s1__vh__baseline__skewness__p10,0.5414430530709601,0.6254819117660746,higher=damaged
Kherson,s1__vh__baseline__skewness__p50,0.6416219439475254,0.09363964555529307,higher=damaged
Kherson,s1__vh__baseline__skewness__p90,0.5891472868217055,0.29188099430094727,higher=damaged
Kherson,s1__vh__baseline__skewness__std,0.5134168157423972,0.8763287903700803,higher=damaged
Kherson,s1__vh__baseline__skewness__min,0.5307096004770423,0.7182736965690676,higher=damaged
Kherson,s1__vh__baseline__skewness__max,0.5629099582587955,0.4576302438694888,higher=damaged
Kherson,s1__vh__baseline__skewness__max_abs_delta,0.5050685748360166,0.9548711398199338,lower=damaged
Kherson,s1__vh__baseline__std__mean,0.5873583780560524,0.301705630153683,higher=damaged
Kherson,s1__vh__baseline__std__p10,0.5802027429934407,0.3431822006323224,higher=damaged
Kherson,s1__vh__baseline__std__p50,0.5846750149075731,0.3168503311095333,higher=damaged
Kherson,s1__vh__baseline__std__p90,0.5828861061419202,0.32721953059383724,higher=damaged
Kherson,s1__vh__baseline__std__std,0.5611210494931426,0.4705815976793851,higher=damaged
Kherson,s1__vh__baseline__std__min,0.5629099582587955,0.4576302438694888,higher=damaged
Kherson,s1__vh__baseline__std__max,0.5852713178294574,0.31344236122270885,higher=damaged
Kherson,s1__vh__baseline__std__max_abs_delta,0.5819916517590936,0.3324863399288638,higher=damaged
Kherson,s1__vv__baseline__count__mean,0.5,1.0,higher=damaged
Kherson,s1__vv__baseline__count__p10,0.5,1.0,higher=damaged
Kherson,s1__vv__baseline__count__p50,0.5,1.0,higher=damaged
Kherson,s1__vv__baseline__count__p90,0.5,1.0,higher=damaged
Kherson,s1__vv__baseline__count__std,0.5,1.0,higher=damaged
Kherson,s1__vv__baseline__count__min,0.5,1.0,higher=damaged
Kherson,s1__vv__baseline__count__max,0.5,1.0,higher=damaged
Kherson,s1__vv__baseline__count__max_abs_delta,0.5,1.0,higher=damaged
Kherson,s1__vv__baseline__kurtosis__mean,0.6028622540250448,0.22371730013950009,higher=damaged
Kherson,s1__vv__baseline__kurtosis__p10,0.5652951699463328,0.44067726456610257,higher=damaged
Kherson,s1__vv__baseline__kurtosis__p50,0.5605247465712582,0.4749432624371499,higher=damaged
Kherson,s1__vv__baseline__kurtosis__p90,0.7143709004174121,0.011100676909766502,higher=damaged
Kherson,s1__vv__baseline__kurtosis__std,0.6893261776982708,0.024934781502209614,higher=damaged
Kherson,s1__vv__baseline__kurtosis__min,0.5611210494931425,0.4705815976793851,higher=damaged
Kherson,s1__vv__baseline__kurtosis__max,0.7122838401908169,0.011911335153775076,higher=damaged
Kherson,s1__vv__baseline__kurtosis__max_abs_delta,0.6726296958855098,0.040919603336442775,higher=damaged
Kherson,s1__vv__baseline__max__mean,0.6636851520572451,0.052594447359599866,higher=damaged
Kherson,s1__vv__baseline__max__p10,0.5945140131186644,0.2637084372839603,higher=damaged
Kherson,s1__vv__baseline__max__p50,0.654144305307096,0.06799284282326588,higher=damaged
Kherson,s1__vv__baseline__max__p90,0.6929039952295766,0.02232134654517786,higher=damaged
Kherson,s1__vv__baseline__max__std,0.7054263565891473,0.014957532269966526,higher=damaged
Kherson,s1__vv__baseline__max__min,0.607036374478235,0.20543439685365672,higher=damaged
Kherson,s1__vv__baseline__max__max,0.7098986285032798,0.012902028345302522,higher=damaged
Kherson,s1__vv__baseline__max__max_abs_delta,0.7042337507453788,0.01555220679053586,higher=damaged
Kherson,s1__vv__baseline__mean__mean,0.6636851520572451,0.052594447359599866,higher=damaged
Kherson,s1__vv__baseline__mean__p10,0.6553369111508647,0.06588548658968295,higher=damaged
Kherson,s1__vv__baseline__mean__p50,0.6565295169946334,0.06383225664730591,higher=damaged
Kherson,s1__vv__baseline__mean__p90,0.6577221228384019,0.061832163159325854,higher=damaged
Kherson,s1__vv__baseline__mean__std,0.5581395348837209,0.49260981750867106,higher=damaged
Kherson,s1__vv__baseline__mean__min,0.6636851520572451,0.052594447359599866,higher=damaged
Kherson,s1__vv__baseline__mean__max,0.6574239713774598,0.062326984661517135,higher=damaged
Kherson,s1__vv__baseline__mean__max_abs_delta,0.5354800238521169,0.6764170330375663,higher=damaged
Kherson,s1__vv__baseline__median__mean,0.6607036374478235,0.057057948588448364,higher=damaged
Kherson,s1__vv__baseline__median__p10,0.616577221228384,0.16777100640194254,higher=damaged
Kherson,s1__vv__baseline__median__p50,0.654144305307096,0.06799284282326588,higher=damaged
Kherson,s1__vv__baseline__median__p90,0.669051878354204,0.04529542373113022,higher=damaged
Kherson,s1__vv__baseline__median__std,0.5336911150864639,0.6920048444721754,higher=damaged
Kherson,s1__vv__baseline__median__min,0.6135957066189623,0.17893797425102764,higher=damaged
Kherson,s1__vv__baseline__median__max,0.6621943947525343,0.05478804882273907,higher=damaged
Kherson,s1__vv__baseline__median__max_abs_delta,0.5390578413834228,0.6456594315672357,higher=damaged
Kherson,s1__vv__baseline__min__mean,0.5885509838998212,0.29513170459703764,higher=damaged
Kherson,s1__vv__baseline__min__p10,0.6290995825879547,0.12652435740628112,higher=damaged
Kherson,s1__vv__baseline__min__p50,0.5992844364937389,0.240291014923097,higher=damaged
Kherson,s1__vv__baseline__min__p90,0.5575432319618366,0.497080867204588,higher=damaged
Kherson,s1__vv__baseline__min__std,0.6386404293381037,0.10076959069453835,lower=damaged
Kherson,s1__vv__baseline__min__min,0.6290995825879547,0.12652435740628112,higher=damaged
Kherson,s1__vv__baseline__min__max,0.546809779367919,0.5811123931023168,higher=damaged
Kherson,s1__vv__baseline__min__max_abs_delta,0.6392367322599881,0.09931001424763115,lower=damaged
Kherson,s1__vv__baseline__skewness__mean,0.5784138342277877,0.35409538794084083,lower=damaged
Kherson,s1__vv__baseline__skewness__p10,0.6648777579010137,0.05089267645920645,lower=damaged
Kherson,s1__vv__baseline__skewness__p50,0.5718545020870602,0.3959578393667528,lower=damaged
Kherson,s1__vv__baseline__skewness__p90,0.5420393559928445,0.6204802957988351,higher=damaged
Kherson,s1__vv__baseline__skewness__std,0.7584973166368516,0.002191456958845685,higher=damaged
Kherson,s1__vv__baseline__skewness__min,0.6610017889087656,0.056597348043321324,lower=damaged
Kherson,s1__vv__baseline__skewness__max,0.5259391771019678,0.7609937874342949,higher=damaged
Kherson,s1__vv__baseline__skewness__max_abs_delta,0.7394156231365534,0.0045594508041112095,higher=damaged
Kherson,s1__vv__baseline__std__mean,0.5992844364937389,0.240291014923097,higher=damaged
Kherson,s1__vv__baseline__std__p10,0.5044722719141324,0.9605073090363506,lower=damaged
Kherson,s1__vv__baseline__std__p50,0.5354800238521169,0.6764170330375663,higher=damaged
Kherson,s1__vv__baseline__std__p90,0.6434108527131783,0.08955969860007656,higher=damaged
Kherson,s1__vv__baseline__std__std,0.7125819916517591,0.011792554081393236,higher=damaged
Kherson,s1__vv__baseline__std__min,0.5181872391174717,0.8319388285109259,higher=damaged
Kherson,s1__vv__baseline__std__max,0.6896243291592129,0.02470715306722182,higher=damaged
Kherson,s1__vv__baseline__std__max_abs_delta,0.7107930828861062,0.012522411006788546,higher=damaged
Kherson,s1__coh__baseline__count__mean,0.5,1.0,higher=damaged
Kherson,s1__coh__baseline__count__p10,0.5,1.0,higher=damaged
Kherson,s1__coh__baseline__count__p50,0.5,1.0,higher=damaged
Kherson,s1__coh__baseline__count__p90,0.5,1.0,higher=damaged
Kherson,s1__coh__baseline__count__std,0.5,1.0,higher=damaged
Kherson,s1__coh__baseline__count__min,0.5,1.0,higher=damaged
Kherson,s1__coh__baseline__count__max,0.5,1.0,higher=damaged
Kherson,s1__coh__baseline__count__max_abs_delta,0.5,1.0,higher=damaged
Kherson,s1__coh__baseline__max__mean,0.5,1.0,higher=damaged
Kherson,s1__coh__baseline__max__p10,0.5,1.0,higher=damaged
Kherson,s1__coh__baseline__max__p50,0.5,1.0,higher=damaged
Kherson,s1__coh__baseline__max__p90,0.5,1.0,higher=damaged
Kherson,s1__coh__baseline__max__std,0.5,1.0,higher=damaged
Kherson,s1__coh__baseline__max__min,0.5,1.0,higher=damaged
Kherson,s1__coh__baseline__max__max,0.5,1.0,higher=damaged
Kherson,s1__coh__baseline__max__max_abs_delta,0.5,1.0,higher=damaged
Kherson,s1__coh__baseline__mean__mean,0.5,1.0,higher=damaged
Kherson,s1__coh__baseline__mean__p10,0.5,1.0,higher=damaged
Kherson,s1__coh__baseline__mean__p50,0.5,1.0,higher=damaged
Kherson,s1__coh__baseline__mean__p90,0.5,1.0,higher=damaged
Kherson,s1__coh__baseline__mean__std,0.5,1.0,higher=damaged
Kherson,s1__coh__baseline__mean__min,0.5,1.0,higher=damaged
Kherson,s1__coh__baseline__mean__max,0.5,1.0,higher=damaged
Kherson,s1__coh__baseline__mean__max_abs_delta,0.5,1.0,higher=damaged
Kherson,s1__coh__baseline__median__mean,0.5,1.0,higher=damaged
Kherson,s1__coh__baseline__median__p10,0.5,1.0,higher=damaged
Kherson,s1__coh__baseline__median__p50,0.5,1.0,higher=damaged
Kherson,s1__coh__baseline__median__p90,0.5,1.0,higher=damaged
Kherson,s1__coh__baseline__median__std,0.5,1.0,higher=damaged
Kherson,s1__coh__baseline__median__min,0.5,1.0,higher=damaged
Kherson,s1__coh__baseline__median__max,0.5,1.0,higher=damaged
Kherson,s1__coh__baseline__median__max_abs_delta,0.5,1.0,higher=damaged
Kherson,s1__coh__baseline__min__mean,0.5,1.0,higher=damaged
Kherson,s1__coh__baseline__min__p10,0.5,1.0,higher=damaged
Kherson,s1__coh__baseline__min__p50,0.5,1.0,higher=damaged
Kherson,s1__coh__baseline__min__p90,0.5,1.0,higher=damaged
Kherson,s1__coh__baseline__min__std,0.5,1.0,higher=damaged
Kherson,s1__coh__baseline__min__min,0.5,1.0,higher=damaged
Kherson,s1__coh__baseline__min__max,0.5,1.0,higher=damaged
Kherson,s1__coh__baseline__min__max_abs_delta,0.5,1.0,higher=damaged
Kherson,s1__coh__baseline__std__mean,0.5,1.0,higher=damaged
Kherson,s1__coh__baseline__std__p10,0.5,1.0,higher=damaged
Kherson,s1__coh__baseline__std__p50,0.5,1.0,higher=damaged
Kherson,s1__coh__baseline__std__p90,0.5,1.0,higher=damaged
Kherson,s1__coh__baseline__std__std,0.5,1.0,higher=damaged
Kherson,s1__coh__baseline__std__min,0.5,1.0,higher=damaged
Kherson,s1__coh__baseline__std__max,0.5,1.0,higher=damaged
Kherson,s1__coh__baseline__std__max_abs_delta,0.5,1.0,higher=damaged
Kramatorsk,s1__vh__baseline__count__mean,0.5,1.0,higher=damaged
Kramatorsk,s1__vh__baseline__count__p10,0.5,1.0,higher=damaged
Kramatorsk,s1__vh__baseline__count__p50,0.5,1.0,higher=damaged
Kramatorsk,s1__vh__baseline__count__p90,0.5,1.0,higher=damaged
Kramatorsk,s1__vh__baseline__count__std,0.5,1.0,higher=damaged
Kramatorsk,s1__vh__baseline__count__min,0.5,1.0,higher=damaged
Kramatorsk,s1__vh__baseline__count__max,0.5,1.0,higher=damaged
Kramatorsk,s1__vh__baseline__count__max_abs_delta,0.5,1.0,higher=damaged
Kramatorsk,s1__vh__baseline__kurtosis__mean,0.5052903225806451,0.9340688539931907,higher=damaged
Kramatorsk,s1__vh__baseline__kurtosis__p10,0.5532903225806451,0.3941671536024244,higher=damaged
Kramatorsk,s1__vh__baseline__kurtosis__p50,0.5148387096774194,0.8136103925566313,lower=damaged
Kramatorsk,s1__vh__baseline__kurtosis__p90,0.5259354838709678,0.6791426907846485,lower=damaged
Kramatorsk,s1__vh__baseline__kurtosis__std,0.552258064516129,0.4034141619147332,lower=damaged
Kramatorsk,s1__vh__baseline__kurtosis__min,0.5847741935483871,0.17487109012761837,higher=damaged
Kramatorsk,s1__vh__baseline__kurtosis__max,0.5018064516129033,0.978550518253615,higher=damaged
Kramatorsk,s1__vh__baseline__kurtosis__max_abs_delta,0.5421935483870968,0.5001700200022305,lower=damaged
Kramatorsk,s1__vh__baseline__max__mean,0.6492903225806451,0.01681168959147953,higher=damaged
Kramatorsk,s1__vh__baseline__max__p10,0.6141935483870968,0.06751067009652151,higher=damaged
Kramatorsk,s1__vh__baseline__max__p50,0.655225806451613,0.012921117862499503,higher=damaged
Kramatorsk,s1__vh__baseline__max__p90,0.6580645161290323,0.011359663599783841,higher=damaged
Kramatorsk,s1__vh__baseline__max__std,0.615483870967742,0.06446636189103241,higher=damaged
Kramatorsk,s1__vh__baseline__max__min,0.5971612903225807,0.11988388292822948,higher=damaged
Kramatorsk,s1__vh__baseline__max__max,0.6578064516129032,0.011494347058610709,higher=damaged
Kramatorsk,s1__vh__baseline__max__max_abs_delta,0.5966451612903226,0.12186601949248371,higher=damaged
Kramatorsk,s1__vh__baseline__mean__mean,0.6129032258064516,0.07067228764523355,higher=damaged
Kramatorsk,s1__vh__baseline__mean__p10,0.590967741935484,0.14539561251699917,higher=damaged
Kramatorsk,s1__vh__baseline__mean__p50,0.6123870967741936,0.0719704788357675,higher=damaged
Kramatorsk,s1__vh__baseline__mean__p90,0.6358709677419355,0.0295768700929874,higher=damaged
Kramatorsk,s1__vh__baseline__mean__std,0.632258064516129,0.034191803108269435,higher=damaged
Kramatorsk,s1__vh__baseline__mean__min,0.5726451612903226,0.24510975324037776,higher=damaged
Kramatorsk,s1__vh__baseline__mean__max,0.6418064516129032,0.023156256709513275,higher=damaged
Kramatorsk,s1__vh__baseline__mean__max_abs_delta,0.647225806451613,0.018388064382989417,higher=damaged
Kramatorsk,s1__vh__baseline__median__mean,0.6098064516129031,0.07875746809934792,higher=damaged
Kramatorsk,s1__vh__baseline__median__p10,0.5989677419354839,0.11314468885580371,higher=damaged
Kramatorsk,s1__vh__baseline__median__p50,0.6108387096774193,0.07598266272985787,higher=damaged
Kramatorsk,s1__vh__baseline__median__p90,0.6356129032258064,0.02988775240097295,higher=damaged
Kramatorsk,s1__vh__baseline__median__std,0.6376774193548387,0.027477581064376727,higher=damaged
Kramatorsk,s1__vh__baseline__median__min,0.567741935483871,0.2784893136080244,higher=damaged
Kramatorsk,s1__vh__baseline__median__max,0.6369032258064515,0.02836099617651219,higher=damaged
Kramatorsk,s1__vh__baseline__median__max_abs_delta,0.6374193548387097,0.027769378237516122,higher=damaged
Kramatorsk,s1__vh__baseline__min__mean,0.592516129032258,0.13865796514849232,higher=damaged
Kramatorsk,s1__vh__baseline__min__p10,0.5876129032258065,0.16085050260732758,higher=damaged
Kramatorsk,s1__vh__baseline__min__p50,0.5816774193548386,0.19118513891788436,higher=damaged
Kramatorsk,s1__vh__baseline__min__p90,0.6154838709677419,0.06446636189103241,higher=damaged
Kramatorsk,s1__vh__baseline__min__std,0.6294193548387097,0.03823721403300753,higher=damaged
Kramatorsk,s1__vh__baseline__min__min,0.5775483870967741,0.21464274309823006,higher=damaged
Kramatorsk,s1__vh__baseline__min__max,0.6178064516129032,0.059272347125458244,higher=damaged
Kramatorsk,s1__vh__baseline__min__max_abs_delta,0.6477419354838709,0.01798229890972297,higher=damaged
Kramatorsk,s1__vh__baseline__skewness__mean,0.512258064516129,0.845856704020062,lower=damaged
Kramatorsk,s1__vh__baseline__skewness__p10,0.5023225806451613,0.9719530768170583,higher=damaged
Kramatorsk,s1__vh__baseline__skewness__p50,0.503741935483871,0.9538213847709291,higher=damaged
Kramatorsk,s1__vh__baseline__skewness__p90,0.5261935483870968,0.6761155642673566,lower=damaged
Kramatorsk,s1__vh__baseline__skewness__std,0.5158709677419355,0.800796585704116,lower=damaged
Kramatorsk,s1__vh__baseline__skewness__min,0.5095483870967742,0.879994407159626,higher=damaged
Kramatorsk,s1__vh__baseline__skewness__max,0.5538064516129032,0.38959214964250377,lower=damaged
Kramatorsk,s1__vh__baseline__skewness__max_abs_delta,0.5496774193548387,0.4270930290323218,lower=damaged
Kramatorsk,s1__vh__baseline__std__mean,0.5558709677419355,0.3716173599149172,lower=damaged
Kramatorsk,s1__vh__baseline__std__p10,0.5331612903225806,0.5964928987993061,lower=damaged
Kramatorsk,s1__vh__baseline__std__p50,0.5801290322580646,0.19975033517098606,lower=damaged
Kramatorsk,s1__vh__baseline__std__p90,0.5478709677419354,0.4441396099239773,lower=damaged
Kramatorsk,s1__vh__baseline__std__std,0.5251612903225806,0.6882549993897714,lower=damaged
Kramatorsk,s1__vh__baseline__std__min,0.536,0.5653249302197675,lower=damaged
Kramatorsk,s1__vh__baseline__std__max,0.5352258064516129,0.5737472924333199,lower=damaged
Kramatorsk,s1__vh__baseline__std__max_abs_delta,0.5060645161290322,0.9242070769339186,lower=damaged
Kramatorsk,s1__vv__baseline__count__mean,0.5,1.0,higher=damaged
Kramatorsk,s1__vv__baseline__count__p10,0.5,1.0,higher=damaged
Kramatorsk,s1__vv__baseline__count__p50,0.5,1.0,higher=damaged
Kramatorsk,s1__vv__baseline__count__p90,0.5,1.0,higher=damaged
Kramatorsk,s1__vv__baseline__count__std,0.5,1.0,higher=damaged
Kramatorsk,s1__vv__baseline__count__min,0.5,1.0,higher=damaged
Kramatorsk,s1__vv__baseline__count__max,0.5,1.0,higher=damaged
Kramatorsk,s1__vv__baseline__count__max_abs_delta,0.5,1.0,higher=damaged
Kramatorsk,s1__vv__baseline__kurtosis__mean,0.5029677419354839,0.963709044567538,higher=damaged
Kramatorsk,s1__vv__baseline__kurtosis__p10,0.5334193548387096,0.5936273449442282,lower=damaged
Kramatorsk,s1__vv__baseline__kurtosis__p50,0.5113548387096774,0.8572070732560836,higher=damaged
Kramatorsk,s1__vv__baseline__kurtosis__p90,0.5009032258064516,0.990099305662702,higher=damaged
Kramatorsk,s1__vv__baseline__kurtosis__std,0.5943225806451613,0.1311042919662746,higher=damaged
Kramatorsk,s1__vv__baseline__kurtosis__min,0.5465806451612903,0.45654990079160274,lower=damaged
Kramatorsk,s1__vv__baseline__kurtosis__max,0.5456774193548388,0.465351597738622,higher=damaged
Kramatorsk,s1__vv__baseline__kurtosis__max_abs_delta,0.6036129032258064,0.0971824116874184,higher=damaged
Kramatorsk,s1__vv__baseline__max__mean,0.5703225806451613,0.2605540579615385,lower=damaged
Kramatorsk,s1__vv__baseline__max__p10,0.5870967741935483,0.1633344614792307,lower=damaged
Kramatorsk,s1__vv__baseline__max__p50,0.5563870967741935,0.36720532435223263,lower=damaged
Kramatorsk,s1__vv__baseline__max__p90,0.5731612903225807,0.24176675364162525,lower=damaged
Kramatorsk,s1__vv__baseline__max__std,0.5349677419354839,0.5765679011678547,lower=damaged
Kramatorsk,s1__vv__baseline__max__min,0.5801290322580646,0.19975033517098606,lower=damaged
Kramatorsk,s1__vv__baseline__max__max,0.5754838709677419,0.22712066159814936,lower=damaged
Kramatorsk,s1__vv__baseline__max__max_abs_delta,0.543741935483871,0.484526873038439,lower=damaged
Kramatorsk,s1__vv__baseline__mean__mean,0.5852903225806452,0.1722562401477482,lower=damaged
Kramatorsk,s1__vv__baseline__mean__p10,0.6030967741935485,0.09886180133884986,lower=damaged
Kramatorsk,s1__vv__baseline__mean__p50,0.5876129032258064,0.16085050260732758,lower=damaged
Kramatorsk,s1__vv__baseline__mean__p90,0.5718709677419355,0.2501848382798624,lower=damaged
Kramatorsk,s1__vv__baseline__mean__std,0.5380645161290323,0.5431603257982771,higher=damaged
Kramatorsk,s1__vv__baseline__mean__min,0.6028387096774194,0.09971014099588868,lower=damaged
Kramatorsk,s1__vv__baseline__mean__max,0.5592258064516129,0.3435265692417214,lower=damaged
Kramatorsk,s1__vv__baseline__mean__max_abs_delta,0.5421935483870968,0.5001700200022305,higher=damaged
Kramatorsk,s1__vv__baseline__median__mean,0.5770322580645161,0.21771488479570444,lower=damaged
Kramatorsk,s1__vv__baseline__median__p10,0.5952258064516129,0.12744890655103017,lower=damaged
Kramatorsk,s1__vv__baseline__median__p50,0.5801290322580646,0.19975033517098606,lower=damaged
Kramatorsk,s1__vv__baseline__median__p90,0.5607741935483871,0.331031531614321,lower=damaged
Kramatorsk,s1__vv__baseline__median__std,0.5463225806451613,0.45905514393654556,higher=damaged
Kramatorsk,s1__vv__baseline__median__min,0.5923870967741935,0.13920988008794064,lower=damaged
Kramatorsk,s1__vv__baseline__median__max,0.5527741935483871,0.3987745205599822,lower=damaged
Kramatorsk,s1__vv__baseline__median__max_abs_delta,0.5476129032258065,0.4466061500221108,higher=damaged
Kramatorsk,s1__vv__baseline__min__mean,0.6072258064516128,0.08605627853675349,lower=damaged
Kramatorsk,s1__vv__baseline__min__p10,0.6067096774193548,0.08757967518068857,lower=damaged
Kramatorsk,s1__vv__baseline__min__p50,0.6015483870967742,0.10403928353038953,lower=damaged
Kramatorsk,s1__vv__baseline__min__p90,0.5966451612903225,0.12186601949248371,lower=damaged
Kramatorsk,s1__vv__baseline__min__std,0.5347096774193548,0.5793950323201434,higher=damaged
Kramatorsk,s1__vv__baseline__min__min,0.6131612903225806,0.07003043002496531,lower=damaged
Kramatorsk,s1__vv__baseline__min__max,0.5901935483870968,0.14885710490516418,lower=damaged
Kramatorsk,s1__vv__baseline__min__max_abs_delta,0.5499354838709678,0.42468931348023176,higher=damaged
Kramatorsk,s1__vv__baseline__skewness__mean,0.5458064516129032,0.46408866325901454,lower=damaged
Kramatorsk,s1__vv__baseline__skewness__p10,0.5189677419354839,0.7626884255711456,lower=damaged
Kramatorsk,s1__vv__baseline__skewness__p50,0.5638709677419356,0.3069351160359992,lower=damaged
Kramatorsk,s1__vv__baseline__skewness__p90,0.5599999999999999,0.33724185349983204,lower=damaged
Kramatorsk,s1__vv__baseline__skewness__std,0.5310967741935484,0.6196404795774229,lower=damaged
Kramatorsk,s1__vv__baseline__skewness__min,0.5246451612903226,0.6943552119761025,lower=damaged
Kramatorsk,s1__vv__baseline__skewness__max,0.5430967741935484,0.4910122155006038,lower=damaged
Kramatorsk,s1__vv__baseline__skewness__max_abs_delta,0.5065806451612902,0.9176389075708127,lower=damaged
Kramatorsk,s1__vv__baseline__std__mean,0.5976774193548388,0.11792708534009819,higher=damaged
Kramatorsk,s1__vv__baseline__std__p10,0.5920000000000001,0.14087659635017086,higher=damaged
Kramatorsk,s1__vv__baseline__std__p50,0.5876129032258064,0.16085050260732758,higher=damaged
Kramatorsk,s1__vv__baseline__std__p90,0.5974193548387097,0.1189023287219469,higher=damaged
Kramatorsk,s1__vv__baseline__std__std,0.5476129032258065,0.4466061500221108,higher=damaged
Kramatorsk,s1__vv__baseline__std__min,0.6123870967741936,0.0719704788357675,higher=damaged
Kramatorsk,s1__vv__baseline__std__max,0.5705806451612904,0.2588055128165746,higher=damaged
Kramatorsk,s1__vv__baseline__std__max_abs_delta,0.5370322580645162,0.5541884012544307,higher=damaged
Kramatorsk,s1__coh__baseline__count__mean,0.5,1.0,higher=damaged
Kramatorsk,s1__coh__baseline__count__p10,0.5,1.0,higher=damaged
Kramatorsk,s1__coh__baseline__count__p50,0.5,1.0,higher=damaged
Kramatorsk,s1__coh__baseline__count__p90,0.5,1.0,higher=damaged
Kramatorsk,s1__coh__baseline__count__std,0.5,1.0,higher=damaged
Kramatorsk,s1__coh__baseline__count__min,0.5,1.0,higher=damaged
Kramatorsk,s1__coh__baseline__count__max,0.5,1.0,higher=damaged
Kramatorsk,s1__coh__baseline__count__max_abs_delta,0.5,1.0,higher=damaged
Kramatorsk,s1__coh__baseline__max__mean,0.5,1.0,higher=damaged
Kramatorsk,s1__coh__baseline__max__p10,0.5,1.0,higher=damaged
Kramatorsk,s1__coh__baseline__max__p50,0.5,1.0,higher=damaged
Kramatorsk,s1__coh__baseline__max__p90,0.5,1.0,higher=damaged
Kramatorsk,s1__coh__baseline__max__std,0.5,1.0,higher=damaged
Kramatorsk,s1__coh__baseline__max__min,0.5,1.0,higher=damaged
Kramatorsk,s1__coh__baseline__max__max,0.5,1.0,higher=damaged
Kramatorsk,s1__coh__baseline__max__max_abs_delta,0.5,1.0,higher=damaged
Kramatorsk,s1__coh__baseline__mean__mean,0.5,1.0,higher=damaged
Kramatorsk,s1__coh__baseline__mean__p10,0.5,1.0,higher=damaged
Kramatorsk,s1__coh__baseline__mean__p50,0.5,1.0,higher=damaged
Kramatorsk,s1__coh__baseline__mean__p90,0.5,1.0,higher=damaged
Kramatorsk,s1__coh__baseline__mean__std,0.5,1.0,higher=damaged
Kramatorsk,s1__coh__baseline__mean__min,0.5,1.0,higher=damaged
Kramatorsk,s1__coh__baseline__mean__max,0.5,1.0,higher=damaged
Kramatorsk,s1__coh__baseline__mean__max_abs_delta,0.5,1.0,higher=damaged
Kramatorsk,s1__coh__baseline__median__mean,0.5,1.0,higher=damaged
Kramatorsk,s1__coh__baseline__median__p10,0.5,1.0,higher=damaged
Kramatorsk,s1__coh__baseline__median__p50,0.5,1.0,higher=damaged
Kramatorsk,s1__coh__baseline__median__p90,0.5,1.0,higher=damaged
Kramatorsk,s1__coh__baseline__median__std,0.5,1.0,higher=damaged
Kramatorsk,s1__coh__baseline__median__min,0.5,1.0,higher=damaged
Kramatorsk,s1__coh__baseline__median__max,0.5,1.0,higher=damaged
Kramatorsk,s1__coh__baseline__median__max_abs_delta,0.5,1.0,higher=damaged
Kramatorsk,s1__coh__baseline__min__mean,0.5,1.0,higher=damaged
Kramatorsk,s1__coh__baseline__min__p10,0.5,1.0,higher=damaged
Kramatorsk,s1__coh__baseline__min__p50,0.5,1.0,higher=damaged
Kramatorsk,s1__coh__baseline__min__p90,0.5,1.0,higher=damaged
Kramatorsk,s1__coh__baseline__min__std,0.5,1.0,higher=damaged
Kramatorsk,s1__coh__baseline__min__min,0.5,1.0,higher=damaged
Kramatorsk,s1__coh__baseline__min__max,0.5,1.0,higher=damaged
Kramatorsk,s1__coh__baseline__min__max_abs_delta,0.5,1.0,higher=damaged
Kramatorsk,s1__coh__baseline__std__mean,0.5,1.0,higher=damaged
Kramatorsk,s1__coh__baseline__std__p10,0.5,1.0,higher=damaged
Kramatorsk,s1__coh__baseline__std__p50,0.5,1.0,higher=damaged
Kramatorsk,s1__coh__baseline__std__p90,0.5,1.0,higher=damaged
Kramatorsk,s1__coh__baseline__std__std,0.5,1.0,higher=damaged
Kramatorsk,s1__coh__baseline__std__min,0.5,1.0,higher=damaged
Kramatorsk,s1__coh__baseline__std__max,0.5,1.0,higher=damaged
Kramatorsk,s1__coh__baseline__std__max_abs_delta,0.5,1.0,higher=damaged
Lysychansk,s1__vh__baseline__count__mean,0.5,1.0,higher=damaged
Lysychansk,s1__vh__baseline__count__p10,0.5,1.0,higher=damaged
Lysychansk,s1__vh__baseline__count__p50,0.5,1.0,higher=damaged
Lysychansk,s1__vh__baseline__count__p90,0.5,1.0,higher=damaged
Lysychansk,s1__vh__baseline__count__std,0.5,1.0,higher=damaged
Lysychansk,s1__vh__baseline__count__min,0.5,1.0,higher=damaged
Lysychansk,s1__vh__baseline__count__max,0.5,1.0,higher=damaged
Lysychansk,s1__vh__baseline__count__max_abs_delta,0.5,1.0,higher=damaged
Lysychansk,s1__vh__baseline__kurtosis__mean,0.543640124433272,2.8082652211505345e-06,higher=damaged
Lysychansk,s1__vh__baseline__kurtosis__p10,0.5483834726352087,2.0635186058336487e-07,higher=damaged
Lysychansk,s1__vh__baseline__kurtosis__p50,0.5387924714862217,3.12699418905442e-05,higher=damaged
Lysychansk,s1__vh__baseline__kurtosis__p90,0.5396775250413132,2.0532728424949156e-05,higher=damaged
Lysychansk,s1__vh__baseline__kurtosis__std,0.5083871478243469,0.3679724890691136,lower=damaged
Lysychansk,s1__vh__baseline__kurtosis__min,0.5459825016528542,7.982286191214624e-07,higher=damaged
Lysychansk,s1__vh__baseline__kurtosis__max,0.5435212366422897,2.9885464530978417e-06,higher=damaged
Lysychansk,s1__vh__baseline__kurtosis__max_abs_delta,0.5064188943958597,0.4908211086054389,lower=damaged
Lysychansk,s1__vh__baseline__max__mean,0.53641236145289,9.285874842717806e-05,higher=damaged
Lysychansk,s1__vh__baseline__max__p10,0.5233329387845587,0.012259908643283005,higher=damaged
Lysychansk,s1__vh__baseline__max__p50,0.5376754624885477,5.252130364899017e-05,higher=damaged
Lysychansk,s1__vh__baseline__max__p90,0.5462104026163161,7.039775221845045e-07,higher=damaged
Lysychansk,s1__vh__baseline__max__std,0.5640570425975348,6.158282430946478e-12,higher=damaged
Lysychansk,s1__vh__baseline__max__min,0.5170329975745059,0.06749978086152829,higher=damaged
Lysychansk,s1__vh__baseline__max__max,0.5494628142139575,1.0999865027472825e-07,higher=damaged
Lysychansk,s1__vh__baseline__max__max_abs_delta,0.5662212843151168,1.175227755038914e-12,higher=damaged
Lysychansk,s1__vh__baseline__mean__mean,0.5176807333114043,0.05771448493493059,higher=damaged
Lysychansk,s1__vh__baseline__mean__p10,0.5030445214504834,0.7438230069505067,higher=damaged
Lysychansk,s1__vh__baseline__mean__p50,0.5179079149317964,0.054574783792055555,higher=damaged
Lysychansk,s1__vh__baseline__mean__p90,0.5299646279394157,0.0012979815008024175,higher=damaged
Lysychansk,s1__vh__baseline__mean__std,0.5639118006922696,6.869268794268774e-12,higher=damaged
Lysychansk,s1__vh__baseline__mean__min,0.502358987505011,0.8001066933579292,lower=damaged
Lysychansk,s1__vh__baseline__mean__max,0.5330143155810363,0.00039443100691353956,higher=damaged
Lysychansk,s1__vh__baseline__mean__max_abs_delta,0.5644552970788786,4.5584527629316895e-12,higher=damaged
Lysychansk,s1__vh__baseline__median__mean,0.5120097595236117,0.19735206029804875,higher=damaged
Lysychansk,s1__vh__baseline__median__p10,0.5020620950016774,0.8248274808263365,lower=damaged
Lysychansk,s1__vh__baseline__median__p50,0.5099151632941465,0.28719445732522253,higher=damaged
Lysychansk,s1__vh__baseline__median__p90,0.5270297082148325,0.003715129679161092,higher=damaged
Lysychansk,s1__vh__baseline__median__std,0.5552477711808932,3.0230217575252453e-09,higher=damaged
Lysychansk,s1__vh__baseline__median__min,0.5059931086933918,0.5200299917948219,lower=damaged
Lysychansk,s1__vh__baseline__median__max,0.5306790010025026,0.0009908669208959476,higher=damaged
Lysychansk,s1__vh__baseline__median__max_abs_delta,0.5563496085792778,1.4609586880997575e-09,higher=damaged
Lysychansk,s1__vh__baseline__min__mean,0.5013252261189545,0.8868872322973411,lower=damaged
Lysychansk,s1__vh__baseline__min__p10,0.5100802198312421,0.2792464354019474,lower=damaged
Lysychansk,s1__vh__baseline__min__p50,0.5032116706219637,0.7302921969365529,lower=damaged
Lysychansk,s1__vh__baseline__min__p90,0.508212543642871,0.3780280435679002,higher=damaged
Lysychansk,s1__vh__baseline__min__std,0.5420773843116508,6.283425540915904e-06,higher=damaged
Lysychansk,s1__vh__baseline__min__min,0.5148476333286031,0.1109914632195587,lower=damaged
Lysychansk,s1__vh__baseline__min__max,0.511872691971412,0.20251480674128686,higher=damaged
Lysychansk,s1__vh__baseline__min__max_abs_delta,0.5436255413874035,2.82980400316405e-06,higher=damaged
Lysychansk,s1__vh__baseline__skewness__mean,0.5065844086967268,0.47970948361683585,higher=damaged
Lysychansk,s1__vh__baseline__skewness__p10,0.5019388911522764,0.8351388101896958,lower=damaged
Lysychansk,s1__vh__baseline__skewness__p50,0.5083294041942932,0.37127939126845055,higher=damaged
Lysychansk,s1__vh__baseline__skewness__p90,0.5159911272302087,0.08607123775327648,higher=damaged
Lysychansk,s1__vh__baseline__skewness__std,0.5087357022390534,0.34840278437345806,higher=damaged
Lysychansk,s1__vh__baseline__skewness__min,0.5094005714199767,0.31294606008676207,lower=damaged
Lysychansk,s1__vh__baseline__skewness__max,0.5197984139139261,0.03357207621234153,higher=damaged
Lysychansk,s1__vh__baseline__skewness__max_abs_delta,0.5106511166493262,0.2529164049847371,higher=damaged
Lysychansk,s1__vh__baseline__std__mean,0.5411539439945643,9.985004757376759e-06,higher=damaged
Lysychansk,s1__vh__baseline__std__p10,0.5292036937612683,0.00172002823839349,higher=damaged
Lysychansk,s1__vh__baseline__std__p50,0.5386831313396195,3.29181425178719e-05,higher=damaged
Lysychansk,s1__vh__baseline__std__p90,0.5454839969055169,1.0486086889621741e-06,higher=damaged
Lysychansk,s1__vh__baseline__std__std,0.5467127656583003,5.325809401468149e-07,higher=damaged
Lysychansk,s1__vh__baseline__std__min,0.5259332985868832,0.005374291409754641,higher=damaged
Lysychansk,s1__vh__baseline__std__max,0.5502465711858633,6.909468650180203e-08,higher=damaged
Lysychansk,s1__vh__baseline__std__max_abs_delta,0.5491603631505395,1.313769236962735e-07,higher=damaged
Lysychansk,s1__vv__baseline__count__mean,0.5,1.0,higher=damaged
Lysychansk,s1__vv__baseline__count__p10,0.5,1.0,higher=damaged
Lysychansk,s1__vv__baseline__count__p50,0.5,1.0,higher=damaged
Lysychansk,s1__vv__baseline__count__p90,0.5,1.0,higher=damaged
Lysychansk,s1__vv__baseline__count__std,0.5,1.0,higher=damaged
Lysychansk,s1__vv__baseline__count__min,0.5,1.0,higher=damaged
Lysychansk,s1__vv__baseline__count__max,0.5,1.0,higher=damaged
Lysychansk,s1__vv__baseline__count__max_abs_delta,0.5,1.0,higher=damaged
Lysychansk,s1__vv__baseline__kurtosis__mean,0.5091227088105793,0.32746460278827105,higher=damaged
Lysychansk,s1__vv__baseline__kurtosis__p10,0.508360401341117,0.36950193873975834,higher=damaged
Lysychansk,s1__vv__baseline__kurtosis__p50,0.5089275052593788,0.3379214885811861,higher=damaged
Lysychansk,s1__vv__baseline__kurtosis__p90,0.5093332801455427,0.3164225801574513,higher=damaged
Lysychansk,s1__vv__baseline__kurtosis__std,0.5000830514271439,0.9928926959166083,higher=damaged
Lysychansk,s1__vv__baseline__kurtosis__min,0.5056058405425677,0.5473542565847176,higher=damaged
Lysychansk,s1__vv__baseline__kurtosis__max,0.5130785071407878,0.16036267880997512,higher=damaged
Lysychansk,s1__vv__baseline__kurtosis__max_abs_delta,0.5010201592625556,0.912807602341514,higher=damaged
Lysychansk,s1__vv__baseline__max__mean,0.5177141500667355,0.057243448380962264,lower=damaged
Lysychansk,s1__vv__baseline__max__p10,0.5201962106314981,0.030168264426628743,lower=damaged
Lysychansk,s1__vv__baseline__max__p50,0.5169777389477842,0.06839428260788241,lower=damaged
Lysychansk,s1__vv__baseline__max__p90,0.5164348311145959,0.07771111312132835,lower=damaged
Lysychansk,s1__vv__baseline__max__std,0.5010493253542928,0.9103250113362557,higher=damaged
Lysychansk,s1__vv__baseline__max__min,0.5225451927283571,0.015519816167125307,lower=damaged
Lysychansk,s1__vv__baseline__max__max,0.5159395961084848,0.08708758559527541,lower=damaged
Lysychansk,s1__vv__baseline__max__max_abs_delta,0.5033905254670334,0.715906305046933,higher=damaged
Lysychansk,s1__vv__baseline__mean__mean,0.5278625766999548,0.002782573049999439,lower=damaged
Lysychansk,s1__vv__baseline__mean__p10,0.5328035480615994,0.0004296662633886356,lower=damaged
Lysychansk,s1__vv__baseline__mean__p50,0.5259354566160924,0.005370454813480213,lower=damaged
Lysychansk,s1__vv__baseline__mean__p90,0.5223478965427718,0.01644717949919055,lower=damaged
Lysychansk,s1__vv__baseline__mean__std,0.5154682302133244,0.09684043253694068,higher=damaged
Lysychansk,s1__vv__baseline__mean__min,0.536234749109486,0.00010046476788104337,lower=damaged
Lysychansk,s1__vv__baseline__mean__max,0.521061907318531,0.02377171457287966,lower=damaged
Lysychansk,s1__vv__baseline__mean__max_abs_delta,0.5168364861268149,0.07072517942503029,higher=damaged
Lysychansk,s1__vv__baseline__median__mean,0.5281277527133947,0.0025339825887761144,lower=damaged
Lysychansk,s1__vv__baseline__median__p10,0.532841411664998,0.0004231272757184031,lower=damaged
Lysychansk,s1__vv__baseline__median__p50,0.5267475295470165,0.004090471862162561,lower=damaged
Lysychansk,s1__vv__baseline__median__p90,0.5224339561318437,0.01603684480174855,lower=damaged
Lysychansk,s1__vv__baseline__median__std,0.5123368644358748,0.18542196690239632,higher=damaged
Lysychansk,s1__vv__baseline__median__min,0.5360073713046203,0.00011106202876381657,lower=damaged
Lysychansk,s1__vv__baseline__median__max,0.5222406490305544,0.016971426685897576,lower=damaged
Lysychansk,s1__vv__baseline__median__max_abs_delta,0.5120678955226126,0.19519166391672138,higher=damaged
Lysychansk,s1__vv__baseline__min__mean,0.5381726593393945,4.176652945356507e-05,lower=damaged
Lysychansk,s1__vv__baseline__min__p10,0.5446116953412072,1.679017433518003e-06,lower=damaged
Lysychansk,s1__vv__baseline__min__p50,0.5368239564784364,7.727017216935852e-05,lower=damaged
Lysychansk,s1__vv__baseline__min__p90,0.5305688761180063,0.001033348071129024,lower=damaged
Lysychansk,s1__vv__baseline__min__std,0.5188343634108109,0.04320816953889752,higher=damaged
Lysychansk,s1__vv__baseline__min__min,0.5492530276168883,1.2443277147009887e-07,lower=damaged
Lysychansk,s1__vv__baseline__min__max,0.5298395276401036,0.0013600526169095057,lower=damaged
Lysychansk,s1__vv__baseline__min__max_abs_delta,0.5183890246558107,0.048394364778752814,higher=damaged
Lysychansk,s1__vv__baseline__skewness__mean,0.5003464617803217,0.970339468515065,higher=damaged
Lysychansk,s1__vv__baseline__skewness__p10,0.5015856937050288,0.8648505668120583,lower=damaged
Lysychansk,s1__vv__baseline__skewness__p50,0.5013537382624464,0.8844703990227091,lower=damaged
Lysychansk,s1__vv__baseline__skewness__p90,0.5015318083696221,0.8694014643005427,higher=damaged
Lysychansk,s1__vv__baseline__skewness__std,0.5061901432996789,0.5064029402914512,lower=damaged
Lysychansk,s1__vv__baseline__skewness__min,0.5040710240110178,0.6621253373809113,lower=damaged
Lysychansk,s1__vv__baseline__skewness__max,0.5016308161339496,0.8610431809300436,higher=damaged
Lysychansk,s1__vv__baseline__skewness__max_abs_delta,0.5042079607735684,0.6514997900277142,lower=damaged
Lysychansk,s1__vv__baseline__std__mean,0.5094922549639577,0.30824997720559266,higher=damaged
Lysychansk,s1__vv__baseline__std__p10,0.5138495775167362,0.13711512839905762,higher=damaged
Lysychansk,s1__vv__baseline__std__p50,0.5086449996174403,0.35343051886312815,higher=damaged
Lysychansk,s1__vv__baseline__std__p90,0.5085981769230818,0.3560438079239472,higher=damaged
Lysychansk,s1__vv__baseline__std__std,0.5099436754376385,0.2858107025942025,higher=damaged
Lysychansk,s1__vv__baseline__std__min,0.5071329404848242,0.4438846787608437,higher=damaged
Lysychansk,s1__vv__baseline__std__max,0.5108021132991494,0.24625143060845034,higher=damaged
Lysychansk,s1__vv__baseline__std__max_abs_delta,0.5124924387234147,0.17993874410083988,higher=damaged
Lysychansk,s1__coh__baseline__count__mean,0.5414879153634022,1.0618698649259463e-08,higher=damaged
Lysychansk,s1__coh__baseline__count__p10,0.5416290373947226,9.159385724721446e-09,higher=damaged
Lysychansk,s1__coh__baseline__count__p50,0.5412795020576482,1.1368003348083894e-08,higher=damaged
Lysychansk,s1__coh__baseline__count__p90,0.5414577029544728,9.458906367619982e-09,higher=damaged
Lysychansk,s1__coh__baseline__count__std,0.5031502648817368,0.16930449220609034,lower=damaged
Lysychansk,s1__coh__baseline__count__min,0.5415095610503193,1.0432494941465308e-08,higher=damaged
Lysychansk,s1__coh__baseline__count__max,0.5414349455555388,9.946387545536952e-09,higher=damaged
Lysychansk,s1__coh__baseline__count__max_abs_delta,0.5031425482924431,0.17033344536709172,lower=damaged
Lysychansk,s1__coh__baseline__max__mean,0.5170923760751727,0.020017999847941243,higher=damaged
Lysychansk,s1__coh__baseline__max__p10,0.5213954209235973,0.003553589171186984,higher=damaged
Lysychansk,s1__coh__baseline__max__p50,0.5136858942709557,0.06254129160217317,higher=damaged
Lysychansk,s1__coh__baseline__max__p90,0.5047893207635762,0.5140975047245013,higher=damaged
Lysychansk,s1__coh__baseline__max__std,0.518775442673916,0.010604898813756593,lower=damaged
Lysychansk,s1__coh__baseline__max__min,0.5215460252044732,0.0033669348553149966,higher=damaged
Lysychansk,s1__coh__baseline__max__max,0.5056810445907689,0.43946490116714965,higher=damaged
Lysychansk,s1__coh__baseline__max__max_abs_delta,0.5113643126055718,0.12192340375929954,lower=damaged
Lysychansk,s1__coh__baseline__mean__mean,0.506898892407857,0.34781896994493,higher=damaged
Lysychansk,s1__coh__baseline__mean__p10,0.5080949637483791,0.2701055053509823,higher=damaged
Lysychansk,s1__coh__baseline__mean__p50,0.5085172181303229,0.24643240626797003,higher=damaged
Lysychansk,s1__coh__baseline__mean__p90,0.5012828502726637,0.8612666767250556,higher=damaged
Lysychansk,s1__coh__baseline__mean__std,0.5031847933490847,0.6646784987254295,lower=damaged
Lysychansk,s1__coh__baseline__mean__min,0.5106632800866874,0.14675046152239918,higher=damaged
Lysychansk,s1__coh__baseline__mean__max,0.5016778350127815,0.8193977918930055,lower=damaged
Lysychansk,s1__coh__baseline__mean__max_abs_delta,0.500563637992562,0.9388574109949815,lower=damaged
Lysychansk,s1__coh__baseline__median__mean,0.5081412632841411,0.2679065382315875,higher=damaged
Lysychansk,s1__coh__baseline__median__p10,0.5120511544475347,0.10063214152214087,higher=damaged
Lysychansk,s1__coh__baseline__median__p50,0.5045474907024907,0.536023592181881,higher=damaged
Lysychansk,s1__coh__baseline__median__p90,0.5030150283846236,0.6812575949463546,higher=damaged
Lysychansk,s1__coh__baseline__median__std,0.5028218520729832,0.700930888298317,lower=damaged
Lysychansk,s1__coh__baseline__median__min,0.509546336483838,0.19390751853734078,higher=damaged
Lysychansk,s1__coh__baseline__median__max,0.5005177962205715,0.9438311205450801,lower=damaged
Lysychansk,s1__coh__baseline__median__max_abs_delta,0.507256994466944,0.3232913088701729,lower=damaged
Lysychansk,s1__coh__baseline__min__mean,0.5049876632663537,0.4973037587603558,lower=damaged
Lysychansk,s1__coh__baseline__min__p10,0.5145788605998144,0.04701531259888666,lower=damaged
Lysychansk,s1__coh__baseline__min__p50,0.5067601899850442,0.357597408844189,lower=damaged
Lysychansk,s1__coh__baseline__min__p90,0.5027161086417299,0.7113646893458263,lower=damaged
Lysychansk,s1__coh__baseline__min__std,0.5010291183535154,0.8886117649857643,lower=damaged
Lysychansk,s1__coh__baseline__min__min,0.5128869003049361,0.07948066327177611,lower=damaged
Lysychansk,s1__coh__baseline__min__max,0.504902126835878,0.5047095648409969,lower=damaged
Lysychansk,s1__coh__baseline__min__max_abs_delta,0.503536682899842,0.6302624673258981,lower=damaged
Lysychansk,s1__coh__baseline__std__mean,0.5214967175067831,0.0034404029979028484,higher=damaged
Lysychansk,s1__coh__baseline__std__p10,0.5177094416393697,0.015836530395945136,higher=damaged
Lysychansk,s1__coh__baseline__std__p50,0.5156755318070618,0.03290842099207838,higher=damaged
Lysychansk,s1__coh__baseline__std__p90,0.5278259555982221,0.00015010331419702485,higher=damaged
Lysychansk,s1__coh__baseline__std__std,0.5059515175849952,0.41792137128212314,higher=damaged
Lysychansk,s1__coh__baseline__std__min,0.5161780910335194,0.027694305897025876,higher=damaged
Lysychansk,s1__coh__baseline__std__max,0.5221371290233349,0.0025908282642314218,higher=damaged
Lysychansk,s1__coh__baseline__std__max_abs_delta,0.5000213187127944,0.9976919468387412,lower=damaged
Makariv,s1__vh__baseline__count__mean,0.5,1.0,higher=damaged
Makariv,s1__vh__baseline__count__p10,0.5,1.0,higher=damaged
Makariv,s1__vh__baseline__count__p50,0.5,1.0,higher=damaged
Makariv,s1__vh__baseline__count__p90,0.5,1.0,higher=damaged
Makariv,s1__vh__baseline__count__std,0.5,1.0,higher=damaged
Makariv,s1__vh__baseline__count__min,0.5,1.0,higher=damaged
Makariv,s1__vh__baseline__count__max,0.5,1.0,higher=damaged
Makariv,s1__vh__baseline__count__max_abs_delta,0.5,1.0,higher=damaged
Makariv,s1__vh__baseline__kurtosis__mean,0.5170923878510612,0.668070692876777,lower=damaged
Makariv,s1__vh__baseline__kurtosis__p10,0.5313254543143983,0.4316882814280316,lower=damaged
Makariv,s1__vh__baseline__kurtosis__p50,0.5026475198034481,0.9474026392208467,lower=damaged
Makariv,s1__vh__baseline__kurtosis__p90,0.5076460371923581,0.848116318783069,lower=damaged
Makariv,s1__vh__baseline__kurtosis__std,0.5120938704621512,0.7617040736023618,lower=damaged
Makariv,s1__vh__baseline__kurtosis__min,0.530880670987419,0.43826045684954806,lower=damaged
Makariv,s1__vh__baseline__kurtosis__max,0.5403905621214047,0.31058034858016437,lower=damaged
Makariv,s1__vh__baseline__kurtosis__max_abs_delta,0.5288261956199433,0.46935487665216846,lower=damaged
Makariv,s1__vh__baseline__max__mean,0.5411106875079426,0.3020285875668275,lower=damaged
Makariv,s1__vh__baseline__max__p10,0.5671622823738721,0.09170698503564807,lower=damaged
Makariv,s1__vh__baseline__max__p50,0.5377642224763841,0.3431111760669242,lower=damaged
Makariv,s1__vh__baseline__max__p90,0.5044054729529377,0.9123099234050848,lower=damaged
Makariv,s1__vh__baseline__max__std,0.5784724869742026,0.04877506386057303,higher=damaged
Makariv,s1__vh__baseline__max__min,0.5791078917270301,0.046976352799856985,lower=damaged
Makariv,s1__vh__baseline__max__max,0.5030711229719999,0.9389345987704336,higher=damaged
Makariv,s1__vh__baseline__max__max_abs_delta,0.5747024187740924,0.06067509117521089,higher=damaged
Makariv,s1__vh__baseline__mean__mean,0.5422544160630322,0.28877112694535667,lower=damaged
Makariv,s1__vh__baseline__mean__p10,0.5582666158342865,0.14346235205920616,lower=damaged
Makariv,s1__vh__baseline__mean__p50,0.5410683271910874,0.3025272455869896,lower=damaged
Makariv,s1__vh__baseline__mean__p90,0.5238064980726056,0.5502112504374639,lower=damaged
Makariv,s1__vh__baseline__mean__std,0.5121785910958614,0.7600829784358891,higher=damaged
Makariv,s1__vh__baseline__mean__min,0.5488626254924387,0.2198949099648173,lower=damaged
Makariv,s1__vh__baseline__mean__max,0.5168170457915024,0.673111517885775,lower=damaged
Makariv,s1__vh__baseline__mean__max_abs_delta,0.5106536196890752,0.78941729611015,higher=damaged
Makariv,s1__vh__baseline__median__mean,0.5456008810945905,0.2522595583706494,lower=damaged
Makariv,s1__vh__baseline__median__p10,0.5586902190028382,0.1405735737795282,lower=damaged
Makariv,s1__vh__baseline__median__p50,0.5411106875079426,0.302028571436633,lower=damaged
Makariv,s1__vh__baseline__median__p90,0.5270258821535985,0.49757602750437435,lower=damaged
Makariv,s1__vh__baseline__median__std,0.50806964036091,0.8397896635817301,lower=damaged
Makariv,s1__vh__baseline__median__min,0.5462362858474181,0.24570747288863504,lower=damaged
Makariv,s1__vh__baseline__median__max,0.5259880543906469,0.5142461244774692,lower=damaged
Makariv,s1__vh__baseline__median__max_abs_delta,0.5074765959249375,0.8514517940499082,lower=damaged
Makariv,s1__vh__baseline__min__mean,0.5359427288516119,0.36690639449868634,lower=damaged
Makariv,s1__vh__baseline__min__p10,0.5363663320201635,0.3612827640945795,lower=damaged
Makariv,s1__vh__baseline__min__p50,0.5340365145931292,0.3928818686722789,lower=damaged
Makariv,s1__vh__baseline__min__p90,0.5231922734782056,0.560556317189044,lower=damaged
Makariv,s1__vh__baseline__min__std,0.5143389672554751,0.7191189813595136,higher=damaged
Makariv,s1__vh__baseline__min__min,0.5301393654424535,0.4493413211530438,lower=damaged
Makariv,s1__vh__baseline__min__max,0.5259880543906469,0.5142460823679313,lower=damaged
Makariv,s1__vh__baseline__min__max_abs_delta,0.5039606896259584,0.9211753922259037,higher=damaged
Makariv,s1__vh__baseline__skewness__mean,0.5446265938069216,0.26254077576728085,higher=damaged
Makariv,s1__vh__baseline__skewness__p10,0.5605964332613207,0.12812460547576934,higher=damaged
Makariv,s1__vh__baseline__skewness__p50,0.5381031050112255,0.338795423987853,higher=damaged
Makariv,s1__vh__baseline__skewness__p90,0.5249290464692676,0.5315511356173759,higher=damaged
Makariv,s1__vh__baseline__skewness__std,0.5368746558224256,0.35460627804147016,lower=damaged
Makariv,s1__vh__baseline__skewness__min,0.5520396492565764,0.19134566578738343,higher=damaged
Makariv,s1__vh__baseline__skewness__max,0.5150802728004406,0.7052397494603317,higher=damaged
Makariv,s1__vh__baseline__skewness__max_abs_delta,0.532257381285212,0.41810445786023265,lower=damaged
Makariv,s1__vh__baseline__std__mean,0.5289956368873638,0.4667451379567017,higher=damaged
Makariv,s1__vh__baseline__std__p10,0.5273435845300123,0.49253108177652605,higher=damaged
Makariv,s1__vh__baseline__std__p50,0.5251408480535434,0.5280666466344404,higher=damaged
Makariv,s1__vh__baseline__std__p90,0.5243360020332952,0.5413692775332726,higher=damaged
Makariv,s1__vh__baseline__std__std,0.5114584657093235,0.7738951805751582,higher=damaged
Makariv,s1__vh__baseline__std__min,0.5314948955818188,0.42919947127856706,higher=damaged
Makariv,s1__vh__baseline__std__max,0.5277671876985639,0.4858472816776196,higher=damaged
Makariv,s1__vh__baseline__std__max_abs_delta,0.5124751133138475,0.7544174425249387,higher=damaged
Makariv,s1__vv__baseline__count__mean,0.5,1.0,higher=damaged
Makariv,s1__vv__baseline__count__p10,0.5,1.0,higher=damaged
Makariv,s1__vv__baseline__count__p50,0.5,1.0,higher=damaged
Makariv,s1__vv__baseline__count__p90,0.5,1.0,higher=damaged
Makariv,s1__vv__baseline__count__std,0.5,1.0,higher=damaged
Makariv,s1__vv__baseline__count__min,0.5,1.0,higher=damaged
Makariv,s1__vv__baseline__count__max,0.5,1.0,higher=damaged
Makariv,s1__vv__baseline__count__max_abs_delta,0.5,1.0,higher=damaged
Makariv,s1__vv__baseline__kurtosis__mean,0.5358156479010463,0.36860405305602817,lower=damaged
Makariv,s1__vv__baseline__kurtosis__p10,0.5643876816198585,0.10592826913774984,lower=damaged
Makariv,s1__vv__baseline__kurtosis__p50,0.5098487736688271,0.8050234556587745,lower=damaged
Makariv,s1__vv__baseline__kurtosis__p90,0.5363663320201635,0.361282748073673,lower=damaged
Makariv,s1__vv__baseline__kurtosis__std,0.5007836658618207,0.984719657677392,lower=damaged
Makariv,s1__vv__baseline__kurtosis__min,0.5696403609098997,0.08034174851249397,lower=damaged
Makariv,s1__vv__baseline__kurtosis__max,0.538738509764053,0.3307976524774332,lower=damaged
Makariv,s1__vv__baseline__kurtosis__max_abs_delta,0.5015885118820689,0.9685965972426493,lower=damaged
Makariv,s1__vv__baseline__max__mean,0.5185326386241369,0.6419502024890394,higher=damaged
Makariv,s1__vv__baseline__max__p10,0.5076460371923581,0.8481163237889902,higher=damaged
Makariv,s1__vv__baseline__max__p50,0.5230651925276402,0.5627084030235239,higher=damaged
Makariv,s1__vv__baseline__max__p90,0.5473800144025076,0.23421661598810317,higher=damaged
Makariv,s1__vv__baseline__max__std,0.5534375397127971,0.17968653913651034,higher=damaged
Makariv,s1__vv__baseline__max__min,0.5198458084466473,0.6185134086815647,higher=damaged
Makariv,s1__vv__baseline__max__max,0.5387173296056255,0.3310623217757247,higher=damaged
Makariv,s1__vv__baseline__max__max_abs_delta,0.5223874274579574,0.5742529490875732,higher=damaged
Makariv,s1__vv__baseline__mean__mean,0.5054433007158894,0.8916681509617594,higher=damaged
Makariv,s1__vv__baseline__mean__p10,0.5011225483966619,0.977929858742293,higher=damaged
Makariv,s1__vv__baseline__mean__p50,0.5064599483204135,0.8715184376522513,higher=damaged
Makariv,s1__vv__baseline__mean__p90,0.5243571821917228,0.541017037350304,higher=damaged
Makariv,s1__vv__baseline__mean__std,0.5328927860380396,0.40898885173913635,higher=damaged
Makariv,s1__vv__baseline__mean__min,0.5107383403227856,0.7877793143404086,higher=damaged
Makariv,s1__vv__baseline__mean__max,0.52736476468844,0.4921956701992468,higher=damaged
Makariv,s1__vv__baseline__mean__max_abs_delta,0.5176854322870336,0.6572641545298767,higher=damaged
Makariv,s1__vv__baseline__median__mean,0.5065023086372686,0.8706806020087053,higher=damaged
Makariv,s1__vv__baseline__median__p10,0.5027746007540137,0.9448615672605778,higher=damaged
Makariv,s1__vv__baseline__median__p50,0.5060787054687169,0.879065544623428,higher=damaged
Makariv,s1__vv__baseline__median__p90,0.5225992290422332,0.5706331882434432,higher=damaged
Makariv,s1__vv__baseline__median__std,0.5445418731732113,0.26344827778755253,higher=damaged
Makariv,s1__vv__baseline__median__min,0.5026898801203032,0.9465555509397255,higher=damaged
Makariv,s1__vv__baseline__median__max,0.5314313551065362,0.4301317483775984,higher=damaged
Makariv,s1__vv__baseline__median__max_abs_delta,0.5440759096878045,0.26847821480982914,higher=damaged
Makariv,s1__vv__baseline__min__mean,0.5003177023764138,0.9940573363099272,higher=damaged
Makariv,s1__vv__baseline__min__p10,0.5031558436057102,0.9372418219684073,lower=damaged
Makariv,s1__vv__baseline__min__p50,0.5040877705765239,0.9186413585984342,higher=damaged
Makariv,s1__vv__baseline__min__p90,0.5082390816283305,0.8364639115493266,higher=damaged
Makariv,s1__vv__baseline__min__std,0.5231499131613505,0.5612732926580167,higher=damaged
Makariv,s1__vv__baseline__min__min,0.5022239166348964,0.9558765946997628,higher=damaged
Makariv,s1__vv__baseline__min__max,0.5183208370398611,0.6457645909213855,higher=damaged
Makariv,s1__vv__baseline__min__max_abs_delta,0.5226415893590884,0.5699106349502316,higher=damaged
Makariv,s1__vv__baseline__skewness__mean,0.5283178718176811,0.47723241304524155,higher=damaged
Makariv,s1__vv__baseline__skewness__p10,0.5449442961833354,0.25915681856027617,higher=damaged
Makariv,s1__vv__baseline__skewness__p50,0.5289532765705087,0.4673967796651505,higher=damaged
Makariv,s1__vv__baseline__skewness__p90,0.5266234591434743,0.5040055865069253,higher=damaged
Makariv,s1__vv__baseline__skewness__std,0.5319184987503707,0.4230146938514371,lower=damaged
Makariv,s1__vv__baseline__skewness__min,0.5468928707586732,0.23906337917741627,higher=damaged
Makariv,s1__vv__baseline__skewness__max,0.538124285169653,0.3385266588230774,higher=damaged
Makariv,s1__vv__baseline__skewness__max_abs_delta,0.5099970347778201,0.8021425925368305,lower=damaged
Makariv,s1__vv__baseline__std__mean,0.5256491718558055,0.5197517896369013,higher=damaged
Makariv,s1__vv__baseline__std__p10,0.5272165035794467,0.4945457889931959,higher=damaged
Makariv,s1__vv__baseline__std__p50,0.5187020798915576,0.6389053099374804,higher=damaged
Makariv,s1__vv__baseline__std__p90,0.5249290464692676,0.5315511903967496,higher=damaged
Makariv,s1__vv__baseline__std__std,0.5025204388528826,0.9499442513274021,higher=damaged
Makariv,s1__vv__baseline__std__min,0.5220061846062608,0.58079548431743,higher=damaged
Makariv,s1__vv__baseline__std__max,0.525776252806371,0.5176835852352042,higher=damaged
Makariv,s1__vv__baseline__std__max_abs_delta,0.5102723768373787,0.796799588619193,higher=damaged
Makariv,s1__coh__baseline__count__mean,0.5,1.0,higher=damaged
Makariv,s1__coh__baseline__count__p10,0.5,1.0,higher=damaged
Makariv,s1__coh__baseline__count__p50,0.5,1.0,higher=damaged
Makariv,s1__coh__baseline__count__p90,0.5,1.0,higher=damaged
Makariv,s1__coh__baseline__count__std,0.5,1.0,higher=damaged
Makariv,s1__coh__baseline__count__min,0.5,1.0,higher=damaged
Makariv,s1__coh__baseline__count__max,0.5,1.0,higher=damaged
Makariv,s1__coh__baseline__count__max_abs_delta,0.5,1.0,higher=damaged
Makariv,s1__coh__baseline__max__mean,0.5,1.0,higher=damaged
Makariv,s1__coh__baseline__max__p10,0.5,1.0,higher=damaged
Makariv,s1__coh__baseline__max__p50,0.5,1.0,higher=damaged
Makariv,s1__coh__baseline__max__p90,0.5,1.0,higher=damaged
Makariv,s1__coh__baseline__max__std,0.5,1.0,higher=damaged
Makariv,s1__coh__baseline__max__min,0.5,1.0,higher=damaged
Makariv,s1__coh__baseline__max__max,0.5,1.0,higher=damaged
Makariv,s1__coh__baseline__max__max_abs_delta,0.5,1.0,higher=damaged
Makariv,s1__coh__baseline__mean__mean,0.5,1.0,higher=damaged
Makariv,s1__coh__baseline__mean__p10,0.5,1.0,higher=damaged
Makariv,s1__coh__baseline__mean__p50,0.5,1.0,higher=damaged
Makariv,s1__coh__baseline__mean__p90,0.5,1.0,higher=damaged
Makariv,s1__coh__baseline__mean__std,0.5,1.0,higher=damaged
Makariv,s1__coh__baseline__mean__min,0.5,1.0,higher=damaged
Makariv,s1__coh__baseline__mean__max,0.5,1.0,higher=damaged
Makariv,s1__coh__baseline__mean__max_abs_delta,0.5,1.0,higher=damaged
Makariv,s1__coh__baseline__median__mean,0.5,1.0,higher=damaged
Makariv,s1__coh__baseline__median__p10,0.5,1.0,higher=damaged
Makariv,s1__coh__baseline__median__p50,0.5,1.0,higher=damaged
Makariv,s1__coh__baseline__median__p90,0.5,1.0,higher=damaged
Makariv,s1__coh__baseline__median__std,0.5,1.0,higher=damaged
Makariv,s1__coh__baseline__median__min,0.5,1.0,higher=damaged
Makariv,s1__coh__baseline__median__max,0.5,1.0,higher=damaged
Makariv,s1__coh__baseline__median__max_abs_delta,0.5,1.0,higher=damaged
Makariv,s1__coh__baseline__min__mean,0.5,1.0,higher=damaged
Makariv,s1__coh__baseline__min__p10,0.5,1.0,higher=damaged
Makariv,s1__coh__baseline__min__p50,0.5,1.0,higher=damaged
Makariv,s1__coh__baseline__min__p90,0.5,1.0,higher=damaged
Makariv,s1__coh__baseline__min__std,0.5,1.0,higher=damaged
Makariv,s1__coh__baseline__min__min,0.5,1.0,higher=damaged
Makariv,s1__coh__baseline__min__max,0.5,1.0,higher=damaged
Makariv,s1__coh__baseline__min__max_abs_delta,0.5,1.0,higher=damaged
Makariv,s1__coh__baseline__std__mean,0.5,1.0,higher=damaged
Makariv,s1__coh__baseline__std__p10,0.5,1.0,higher=damaged
Makariv,s1__coh__baseline__std__p50,0.5,1.0,higher=damaged
Makariv,s1__coh__baseline__std__p90,0.5,1.0,higher=damaged
Makariv,s1__coh__baseline__std__std,0.5,1.0,higher=damaged
Makariv,s1__coh__baseline__std__min,0.5,1.0,higher=damaged
Makariv,s1__coh__baseline__std__max,0.5,1.0,higher=damaged
Makariv,s1__coh__baseline__std__max_abs_delta,0.5,1.0,higher=damaged
Mariupol,s1__vh__baseline__count__mean,0.5,1.0,higher=damaged
Mariupol,s1__vh__baseline__count__p10,0.5,1.0,higher=damaged
Mariupol,s1__vh__baseline__count__p50,0.5,1.0,higher=damaged
Mariupol,s1__vh__baseline__count__p90,0.5,1.0,higher=damaged
Mariupol,s1__vh__baseline__count__std,0.5,1.0,higher=damaged
Mariupol,s1__vh__baseline__count__min,0.5,1.0,higher=damaged
Mariupol,s1__vh__baseline__count__max,0.5,1.0,higher=damaged
Mariupol,s1__vh__baseline__count__max_abs_delta,0.5,1.0,higher=damaged
Mariupol,s1__vh__baseline__kurtosis__mean,0.5106311071998386,0.05025569542105556,higher=damaged
Mariupol,s1__vh__baseline__kurtosis__p10,0.5115489825135494,0.03343558565066631,higher=damaged
Mariupol,s1__vh__baseline__kurtosis__p50,0.5120044820396116,0.02705686470940131,higher=damaged
Mariupol,s1__vh__baseline__kurtosis__p90,0.5048690346748828,0.36989999248705663,higher=damaged
Mariupol,s1__vh__baseline__kurtosis__std,0.5038186407362817,0.48191596555692573,lower=damaged
Mariupol,s1__vh__baseline__kurtosis__min,0.5055147461468841,0.3098330640231719,higher=damaged
Mariupol,s1__vh__baseline__kurtosis__max,0.5048237248829486,0.3743704526342827,higher=damaged
Mariupol,s1__vh__baseline__kurtosis__max_abs_delta,0.5011762553409542,0.8285098864732688,higher=damaged
Mariupol,s1__vh__baseline__max__mean,0.6004344811647069,2.239724238289209e-76,higher=damaged
Mariupol,s1__vh__baseline__max__p10,0.582949477829681,1.1112135134530909e-52,higher=damaged
Mariupol,s1__vh__baseline__max__p50,0.602554255033799,1.4873971601482573e-79,higher=damaged
Mariupol,s1__vh__baseline__max__p90,0.6065982243693333,8.453268534680046e-86,higher=damaged
Mariupol,s1__vh__baseline__max__std,0.5757607413933612,3.067782424299455e-44,higher=damaged
Mariupol,s1__vh__baseline__max__min,0.5761418224023878,1.1438624454355568e-44,higher=damaged
Mariupol,s1__vh__baseline__max__max,0.6064772052945369,1.310419584998838e-85,higher=damaged
Mariupol,s1__vh__baseline__max__max_abs_delta,0.5764656246999947,4.9277562222665966e-45,higher=damaged
Mariupol,s1__vh__baseline__mean__mean,0.6042177940314487,4.2892795962718556e-82,higher=damaged
Mariupol,s1__vh__baseline__mean__p10,0.5861065267628796,1.2568802724222588e-56,higher=damaged
Mariupol,s1__vh__baseline__mean__p50,0.6056192371608383,2.8905865471286566e-84,higher=damaged
Mariupol,s1__vh__baseline__mean__p90,0.6129652592802777,4.0459233316378e-96,higher=damaged
Mariupol,s1__vh__baseline__mean__std,0.5792893822510531,2.7426112574156905e-48,higher=damaged
Mariupol,s1__vh__baseline__mean__min,0.5788896907456502,8.052394789849757e-48,higher=damaged
Mariupol,s1__vh__baseline__mean__max,0.6139070489644898,1.0713879005513081e-97,higher=damaged
Mariupol,s1__vh__baseline__mean__max_abs_delta,0.5815081930617692,6.293413732911132e-51,higher=damaged
Mariupol,s1__vh__baseline__median__mean,0.6016668261479555,3.2419678536542534e-78,higher=damaged
Mariupol,s1__vh__baseline__median__p10,0.5833899653580357,3.191078861628259e-53,higher=damaged
Mariupol,s1__vh__baseline__median__p50,0.6032404339701779,1.3478200122047884e-80,higher=damaged
Mariupol,s1__vh__baseline__median__p90,0.6107120358703354,2.1244761894492015e-92,higher=damaged
Mariupol,s1__vh__baseline__median__std,0.5763933105223982,5.949207207322044e-45,higher=damaged
Mariupol,s1__vh__baseline__median__min,0.576613014511775,3.3548111144494613e-45,higher=damaged
Mariupol,s1__vh__baseline__median__max,0.6110670668781291,5.572131090035893e-93,higher=damaged
Mariupol,s1__vh__baseline__median__max_abs_delta,0.5762585702157209,8.44671696218383e-45,higher=damaged
Mariupol,s1__vh__baseline__min__mean,0.6047168119229338,7.286395337844323e-83,higher=damaged
Mariupol,s1__vh__baseline__min__p10,0.5902862690177525,4.460695121509988e-62,higher=damaged
Mariupol,s1__vh__baseline__min__p50,0.6044853189390049,1.66000284957902e-82,higher=damaged
Mariupol,s1__vh__baseline__min__p90,0.6119724022062614,1.8009021754628447e-94,higher=damaged
Mariupol,s1__vh__baseline__min__std,0.5507267606139752,9.485515073919863e-21,higher=damaged
Mariupol,s1__vh__baseline__min__min,0.5860334146573172,1.5571924833702178e-56,higher=damaged
Mariupol,s1__vh__baseline__min__max,0.6138210370234821,1.4945780033821232e-97,higher=damaged
Mariupol,s1__vh__baseline__min__max_abs_delta,0.5510117929998375,5.769349659531435e-21,higher=damaged
Mariupol,s1__vh__baseline__skewness__mean,0.5187883951985138,0.0005401853425549172,higher=damaged
Mariupol,s1__vh__baseline__skewness__p10,0.5185739559691458,0.0006250504218749463,higher=damaged
Mariupol,s1__vh__baseline__skewness__p50,0.5210764536401349,0.00010387615493588435,higher=damaged
Mariupol,s1__vh__baseline__skewness__p90,0.5126748666959636,0.019587773070153313,higher=damaged
Mariupol,s1__vh__baseline__skewness__std,0.5043228451595436,0.4259875081739296,lower=damaged
Mariupol,s1__vh__baseline__skewness__min,0.5177963986350488,0.0010480016875909902,higher=damaged
Mariupol,s1__vh__baseline__skewness__max,0.5124009583646819,0.02238858239784748,higher=damaged
Mariupol,s1__vh__baseline__skewness__max_abs_delta,0.5045378006952425,0.4033450951059304,lower=damaged
Mariupol,s1__vh__baseline__std__mean,0.533889150657937,4.3508708886971814e-10,lower=damaged
Mariupol,s1__vh__baseline__std__p10,0.5341686914219177,3.126561470437635e-10,lower=damaged
Mariupol,s1__vh__baseline__std__p50,0.5313791352538594,7.52997590943446e-09,lower=damaged
Mariupol,s1__vh__baseline__std__p90,0.530531180333848,1.8821371947011753e-08,lower=damaged
Mariupol,s1__vh__baseline__std__std,0.514617539670788,0.007104479680579695,lower=damaged
Mariupol,s1__vh__baseline__std__min,0.5315714593620606,6.097061186929914e-09,lower=damaged
Mariupol,s1__vh__baseline__std__max,0.5305956169284892,1.757032612730021e-08,lower=damaged
Mariupol,s1__vh__baseline__std__max_abs_delta,0.5151364588244762,0.005312155405813526,lower=damaged
Mariupol,s1__vv__baseline__count__mean,0.5,1.0,higher=damaged
Mariupol,s1__vv__baseline__count__p10,0.5,1.0,higher=damaged
Mariupol,s1__vv__baseline__count__p50,0.5,1.0,higher=damaged
Mariupol,s1__vv__baseline__count__p90,0.5,1.0,higher=damaged
Mariupol,s1__vv__baseline__count__std,0.5,1.0,higher=damaged
Mariupol,s1__vv__baseline__count__min,0.5,1.0,higher=damaged
Mariupol,s1__vv__baseline__count__max,0.5,1.0,higher=damaged
Mariupol,s1__vv__baseline__count__max_abs_delta,0.5,1.0,higher=damaged
Mariupol,s1__vv__baseline__kurtosis__mean,0.504575099916227,0.39949088040283887,lower=damaged
Mariupol,s1__vv__baseline__kurtosis__p10,0.5032653324518368,0.5476207068826539,lower=damaged
Mariupol,s1__vv__baseline__kurtosis__p50,0.5041809860837608,0.44132812632716545,lower=damaged
Mariupol,s1__vv__baseline__kurtosis__p90,0.5015135207172765,0.7804577611386884,lower=damaged
Mariupol,s1__vv__baseline__kurtosis__std,0.5029134462189667,0.5915941866050773,higher=damaged
Mariupol,s1__vv__baseline__kurtosis__min,0.5015530337972247,0.7748787991593534,lower=damaged
Mariupol,s1__vv__baseline__kurtosis__max,0.5000504024498329,0.9925953585655399,lower=damaged
Mariupol,s1__vv__baseline__kurtosis__max_abs_delta,0.5021274402358212,0.6952211204582139,higher=damaged
Mariupol,s1__vv__baseline__max__mean,0.531768610152172,4.9045109499348334e-09,higher=damaged
Mariupol,s1__vv__baseline__max__p10,0.5249194702934861,4.452260705877829e-06,higher=damaged
Mariupol,s1__vv__baseline__max__p50,0.5334745488515282,7.068879455162941e-10,higher=damaged
Mariupol,s1__vv__baseline__max__p90,0.5331056245097436,1.0834864991812137e-09,higher=damaged
Mariupol,s1__vv__baseline__max__std,0.530116203031926,2.921463947475412e-08,higher=damaged
Mariupol,s1__vv__baseline__max__min,0.5201259102167698,0.00021030376645983254,higher=damaged
Mariupol,s1__vv__baseline__max__max,0.5322606579081921,2.832996670559338e-09,higher=damaged
Mariupol,s1__vv__baseline__max__max_abs_delta,0.5310328110482796,1.097826369392611e-08,higher=damaged
Mariupol,s1__vv__baseline__mean__mean,0.5356980377105137,4.8978644557593023e-11,higher=damaged
Mariupol,s1__vv__baseline__mean__p10,0.5276292336649752,3.6168991875554876e-07,higher=damaged
Mariupol,s1__vv__baseline__mean__p50,0.537791120106871,3.4157553620084315e-12,higher=damaged
Mariupol,s1__vv__baseline__mean__p90,0.5378346541179404,3.2267133348742125e-12,higher=damaged
Mariupol,s1__vv__baseline__mean__std,0.5361308745177855,2.857812197591544e-11,higher=damaged
Mariupol,s1__vv__baseline__mean__min,0.522638499329678,3.0591889388718914e-05,higher=damaged
Mariupol,s1__vv__baseline__mean__max,0.5374585562472879,5.26589016608625e-12,higher=damaged
Mariupol,s1__vv__baseline__mean__max_abs_delta,0.5366204111475605,1.542241335012382e-11,higher=damaged
Mariupol,s1__vv__baseline__median__mean,0.5340932402922206,3.419106074052138e-10,higher=damaged
Mariupol,s1__vv__baseline__median__p10,0.5258590382959112,1.915918492412784e-06,higher=damaged
Mariupol,s1__vv__baseline__median__p50,0.5368021822672745,1.2240626209800598e-11,higher=damaged
Mariupol,s1__vv__baseline__median__p90,0.5365340550023324,1.720517063682186e-11,higher=damaged
Mariupol,s1__vv__baseline__median__std,0.5345528546232823,1.9770193893678237e-10,higher=damaged
Mariupol,s1__vv__baseline__median__min,0.5206310612016383,0.00014508597192627515,higher=damaged
Mariupol,s1__vv__baseline__median__max,0.5359877403218222,3.417473133003869e-11,higher=damaged
Mariupol,s1__vv__baseline__median__max_abs_delta,0.5352842573005403,8.149888563251005e-11,higher=damaged
Mariupol,s1__vv__baseline__min__mean,0.5410087489828765,4.2860005456098006e-14,higher=damaged
Mariupol,s1__vv__baseline__min__p10,0.53427600491048,2.752174475275464e-10,higher=damaged
Mariupol,s1__vv__baseline__min__p50,0.542659755817771,3.964359043415289e-15,higher=damaged
Mariupol,s1__vv__baseline__min__p90,0.5427169015411963,3.644850559965121e-15,higher=damaged
Mariupol,s1__vv__baseline__min__std,0.5278562363483912,2.8990728089157255e-07,higher=damaged
Mariupol,s1__vv__baseline__min__min,0.5304766943703084,1.9946347792489286e-08,higher=damaged
Mariupol,s1__vv__baseline__min__max,0.5427841074152479,3.30142489699797e-15,higher=damaged
Mariupol,s1__vv__baseline__min__max_abs_delta,0.5277945299190444,3.0792764411282003e-07,higher=damaged
Mariupol,s1__vv__baseline__skewness__mean,0.5057040662909792,0.2935173219623368,higher=damaged
Mariupol,s1__vv__baseline__skewness__p10,0.5084005543315098,0.12186049954310045,higher=damaged
Mariupol,s1__vv__baseline__skewness__p50,0.504370673900546,0.4208862979142738,higher=damaged
Mariupol,s1__vv__baseline__skewness__p90,0.5025402271472492,0.6399299561686287,higher=damaged
Mariupol,s1__vv__baseline__skewness__std,0.509799063902202,0.07114428663729706,lower=damaged
Mariupol,s1__vv__baseline__skewness__min,0.5069197799521193,0.2025507961110391,higher=damaged
Mariupol,s1__vv__baseline__skewness__max,0.5014184030100721,0.7939336185966701,higher=damaged
Mariupol,s1__vv__baseline__skewness__max_abs_delta,0.5091724948785541,0.09118706643842649,lower=damaged
Mariupol,s1__vv__baseline__std__mean,0.5311490425552821,9.67769499847726e-09,lower=damaged
Mariupol,s1__vv__baseline__std__p10,0.5266239226564355,9.440573482868758e-07,lower=damaged
Mariupol,s1__vv__baseline__std__p50,0.5313653592622164,7.644334150625822e-09,lower=damaged
Mariupol,s1__vv__baseline__std__p90,0.5306712010461806,1.62055868417718e-08,lower=damaged
Mariupol,s1__vv__baseline__std__std,0.5178521675415921,0.0010105137551671205,lower=damaged
Mariupol,s1__vv__baseline__std__min,0.5248801684297641,4.609203865514649e-06,lower=damaged
Mariupol,s1__vv__baseline__std__max,0.5311358923894944,9.816965504297162e-09,lower=damaged
Mariupol,s1__vv__baseline__std__max_abs_delta,0.5181030924183325,0.0008567057596863138,lower=damaged
Mariupol,s1__coh__baseline__count__mean,0.5031150325498285,0.14434055031036652,higher=damaged
Mariupol,s1__coh__baseline__count__p10,0.5008797234049983,0.6692398773974843,higher=damaged
Mariupol,s1__coh__baseline__count__p50,0.5028729865774123,0.00012967942550904123,higher=damaged
Mariupol,s1__coh__baseline__count__p90,0.5001554082055533,0.31033792350617895,higher=damaged
Mariupol,s1__coh__baseline__count__std,0.5018281781345708,0.38285165318492,lower=damaged
Mariupol,s1__coh__baseline__count__min,0.5030332996931074,0.1551324267059209,higher=damaged
Mariupol,s1__coh__baseline__count__max,0.5017871943638624,0.0005703440607183326,higher=damaged
Mariupol,s1__coh__baseline__count__max_abs_delta,0.5017510998576495,0.4031743702613496,lower=damaged
Mariupol,s1__coh__baseline__max__mean,0.5122721790492779,0.023821587109579767,higher=damaged
Mariupol,s1__coh__baseline__max__p10,0.5068888954461531,0.2045727565510731,higher=damaged
Mariupol,s1__coh__baseline__max__p50,0.5114564698064683,0.034877586582606854,higher=damaged
Mariupol,s1__coh__baseline__max__p90,0.5135938684962142,0.012300896159848494,higher=damaged
Mariupol,s1__coh__baseline__max__std,0.505881417515589,0.2787652713450772,higher=damaged
Mariupol,s1__coh__baseline__max__min,0.5062390926376219,0.2505703233877953,higher=damaged
Mariupol,s1__coh__baseline__max__max,0.516329423715771,0.0026370028917897417,higher=damaged
Mariupol,s1__coh__baseline__max__max_abs_delta,0.5071443106234064,0.18828595596512465,higher=damaged
Mariupol,s1__coh__baseline__mean__mean,0.5206513692506474,0.0001429121316052013,higher=damaged
Mariupol,s1__coh__baseline__mean__p10,0.5098034681516597,0.07101722864286406,higher=damaged
Mariupol,s1__coh__baseline__mean__p50,0.5173775881497621,0.001373386602587774,higher=damaged
Mariupol,s1__coh__baseline__mean__p90,0.5242305846602824,8.111898826910318e-06,higher=damaged
Mariupol,s1__coh__baseline__mean__std,0.522876563485089,2.521614918641805e-05,higher=damaged
Mariupol,s1__coh__baseline__mean__min,0.5091326063030928,0.09260311580112149,higher=damaged
Mariupol,s1__coh__baseline__mean__max,0.5286449490283616,1.326553306477042e-07,higher=damaged
Mariupol,s1__coh__baseline__mean__max_abs_delta,0.5245278988785577,6.273383210138389e-06,higher=damaged
Mariupol,s1__coh__baseline__median__mean,0.5193906352420312,0.0003557548643231299,higher=damaged
Mariupol,s1__coh__baseline__median__p10,0.5095246940243519,0.0794254848194619,higher=damaged
Mariupol,s1__coh__baseline__median__p50,0.5167177095449582,0.002079297085654989,higher=damaged
Mariupol,s1__coh__baseline__median__p90,0.5223771857437371,3.774044025403755e-05,higher=damaged
Mariupol,s1__coh__baseline__median__std,0.5187654430352654,0.0005487262309595106,higher=damaged
Mariupol,s1__coh__baseline__median__min,0.5100114691975398,0.06523107481174759,higher=damaged
Mariupol,s1__coh__baseline__median__max,0.5260281207964059,1.6411361673864514e-06,higher=damaged
Mariupol,s1__coh__baseline__median__max_abs_delta,0.5189500773082679,0.00048343626067319837,higher=damaged
Mariupol,s1__coh__baseline__min__mean,0.5277347870183191,3.2640179036090686e-07,higher=damaged
Mariupol,s1__coh__baseline__min__p10,0.5162405095073586,0.0027825871577429103,higher=damaged
Mariupol,s1__coh__baseline__min__p50,0.5232920883846346,1.791745567165708e-05,higher=damaged
Mariupol,s1__coh__baseline__min__p90,0.5286458955899679,1.3252773046090129e-07,higher=damaged
Mariupol,s1__coh__baseline__min__std,0.5238306975842997,1.1410057163086836e-05,higher=damaged
Mariupol,s1__coh__baseline__min__min,0.5183505674300448,0.0007265306206386893,higher=damaged
Mariupol,s1__coh__baseline__min__max,0.5302136675860883,2.6361724163530652e-08,higher=damaged
Mariupol,s1__coh__baseline__min__max_abs_delta,0.5233852034491014,1.658388665111271e-05,higher=damaged
Mariupol,s1__coh__baseline__std__mean,0.5262640023841463,1.3203002921867569e-06,lower=damaged
Mariupol,s1__coh__baseline__std__p10,0.5263327493543668,1.2387564698118123e-06,lower=damaged
Mariupol,s1__coh__baseline__std__p50,0.52366096578948,1.3167157592826612e-05,lower=damaged
Mariupol,s1__coh__baseline__std__p90,0.5201106713571897,0.00021264358050702224,lower=damaged
Mariupol,s1__coh__baseline__std__std,0.5046316041681503,0.39369450572345177,higher=damaged
Mariupol,s1__coh__baseline__std__min,0.5276818577965949,3.4365958849867395e-07,lower=damaged
Mariupol,s1__coh__baseline__std__max,0.5170696583604139,0.0016695215233596152,lower=damaged
Mariupol,s1__coh__baseline__std__max_abs_delta,0.5051366691019636,0.34417547082128763,higher=damaged
Moschun,s1__vh__baseline__count__mean,0.5,1.0,higher=damaged
Moschun,s1__vh__baseline__count__p10,0.5,1.0,higher=damaged
Moschun,s1__vh__baseline__count__p50,0.5,1.0,higher=damaged
Moschun,s1__vh__baseline__count__p90,0.5,1.0,higher=damaged
Moschun,s1__vh__baseline__count__std,0.5,1.0,higher=damaged
Moschun,s1__vh__baseline__count__min,0.5,1.0,higher=damaged
Moschun,s1__vh__baseline__count__max,0.5,1.0,higher=damaged
Moschun,s1__vh__baseline__count__max_abs_delta,0.5,1.0,higher=damaged
Moschun,s1__vh__baseline__kurtosis__mean,0.5559326581259642,0.08828540910275132,higher=damaged
Moschun,s1__vh__baseline__kurtosis__p10,0.550922261721108,0.12070870394535925,higher=damaged
Moschun,s1__vh__baseline__kurtosis__p50,0.5450197867060165,0.17009149497551446,higher=damaged
Moschun,s1__vh__baseline__kurtosis__p90,0.5424575759608291,0.19572801270578277,higher=damaged
Moschun,s1__vh__baseline__kurtosis__std,0.5189080421222081,0.5645642864520091,lower=damaged
Moschun,s1__vh__baseline__kurtosis__min,0.5597893889596888,0.06844591314233453,higher=damaged
Moschun,s1__vh__baseline__kurtosis__max,0.5509960426587968,0.12017122655901406,higher=damaged
Moschun,s1__vh__baseline__kurtosis__max_abs_delta,0.5131330069085787,0.6891095992527767,lower=damaged
Moschun,s1__vh__baseline__max__mean,0.5327922731236165,0.31767883280334486,lower=damaged
Moschun,s1__vh__baseline__max__p10,0.548373465691864,0.14044840028873862,lower=damaged
Moschun,s1__vh__baseline__max__p50,0.5301160372929102,0.35879008221762065,lower=damaged
Moschun,s1__vh__baseline__max__p90,0.5157824133073983,0.630649774838024,lower=damaged
Moschun,s1__vh__baseline__max__std,0.5887987121872695,0.006805708501744167,higher=damaged
Moschun,s1__vh__baseline__max__min,0.5507143336239855,0.12223295758064652,lower=damaged
Moschun,s1__vh__baseline__max__max,0.5104299416459857,0.7507278469470763,lower=damaged
Moschun,s1__vh__baseline__max__max_abs_delta,0.5839224629418472,0.01054014068907683,higher=damaged
Moschun,s1__vh__baseline__mean__mean,0.5529277617546449,0.1067599205736772,lower=damaged
Moschun,s1__vh__baseline__mean__p10,0.5649003957341203,0.04794770923314231,lower=damaged
Moschun,s1__vh__baseline__mean__p50,0.5519551948487491,0.11335594995025745,lower=damaged
Moschun,s1__vh__baseline__mean__p90,0.5339526460527199,0.3008532433163439,lower=damaged
Moschun,s1__vh__baseline__mean__std,0.5854047890535918,0.009247542070327594,higher=damaged
Moschun,s1__vh__baseline__mean__min,0.5755650949091153,0.021286109742433532,lower=damaged
Moschun,s1__vh__baseline__mean__max,0.5330941042323428,0.31324368059967433,lower=damaged
Moschun,s1__vh__baseline__mean__max_abs_delta,0.5738547186263332,0.024401925499796032,higher=damaged
Moschun,s1__vh__baseline__median__mean,0.5544704540881347,0.09692505813826763,lower=damaged
Moschun,s1__vh__baseline__median__p10,0.5623381849889328,0.05746717927846588,lower=damaged
Moschun,s1__vh__baseline__median__p50,0.5527667851633242,0.10783010534089696,lower=damaged
Moschun,s1__vh__baseline__median__p90,0.5414581796230464,0.2064601092710039,lower=damaged
Moschun,s1__vh__baseline__median__std,0.5657656449124691,0.04504838928099188,higher=damaged
Moschun,s1__vh__baseline__median__min,0.5761754644845395,0.02026128188334273,lower=damaged
Moschun,s1__vh__baseline__median__max,0.5389362130256892,0.23542678859213406,lower=damaged
Moschun,s1__vh__baseline__median__max_abs_delta,0.5627473338252063,0.05584923070714511,higher=damaged
Moschun,s1__vh__baseline__min__mean,0.5572607150043598,0.08098680012511691,lower=damaged
Moschun,s1__vh__baseline__min__p10,0.5624253806425649,0.057119158182406246,lower=damaged
Moschun,s1__vh__baseline__min__p50,0.56442417331813,0.049609297657837954,lower=damaged
Moschun,s1__vh__baseline__min__p90,0.5382520625125763,0.24375876213015057,lower=damaged
Moschun,s1__vh__baseline__min__std,0.5849218592796298,0.009652212637027221,higher=damaged
Moschun,s1__vh__baseline__min__min,0.568931517875109,0.03566797109555949,lower=damaged
Moschun,s1__vh__baseline__min__max,0.5323562948554564,0.32415655938577215,lower=damaged
Moschun,s1__vh__baseline__min__max_abs_delta,0.5772083976121806,0.018624892758245273,higher=damaged
Moschun,s1__vh__baseline__skewness__mean,0.516050707626266,0.6248492059758686,higher=damaged
Moschun,s1__vh__baseline__skewness__p10,0.5005835401435375,0.9859733325723101,higher=damaged
Moschun,s1__vh__baseline__skewness__p50,0.5183781608424441,0.5755301479498289,higher=damaged
Moschun,s1__vh__baseline__skewness__p90,0.5225970890066403,0.4911314453171185,higher=damaged
Moschun,s1__vh__baseline__skewness__std,0.5116640955127775,0.7223692503926482,higher=damaged
Moschun,s1__vh__baseline__skewness__min,0.5005365886377356,0.9871149290255158,higher=damaged
Moschun,s1__vh__baseline__skewness__max,0.5118653162519283,0.7177800539105261,higher=damaged
Moschun,s1__vh__baseline__skewness__max_abs_delta,0.5007042725870279,0.9830379249470843,higher=damaged
Moschun,s1__vh__baseline__std__mean,0.555100945737474,0.09312020077824547,higher=damaged
Moschun,s1__vh__baseline__std__p10,0.5551814340331344,0.09264312328672092,higher=damaged
Moschun,s1__vh__baseline__std__p50,0.5471527265410154,0.15074140293013608,higher=damaged
Moschun,s1__vh__baseline__std__p90,0.5518612918371453,0.11400950122490466,higher=damaged
Moschun,s1__vh__baseline__std__std,0.5181970621772084,0.5793009969773966,higher=damaged
Moschun,s1__vh__baseline__std__min,0.5458582064524784,0.1622740561184134,higher=damaged
Moschun,s1__vh__baseline__std__max,0.5561003420752565,0.08733548292548385,higher=damaged
Moschun,s1__vh__baseline__std__max_abs_delta,0.5307196995103629,0.3492364745604881,higher=damaged
Moschun,s1__vv__baseline__count__mean,0.5,1.0,higher=damaged
Moschun,s1__vv__baseline__count__p10,0.5,1.0,higher=damaged
Moschun,s1__vv__baseline__count__p50,0.5,1.0,higher=damaged
Moschun,s1__vv__baseline__count__p90,0.5,1.0,higher=damaged
Moschun,s1__vv__baseline__count__std,0.5,1.0,higher=damaged
Moschun,s1__vv__baseline__count__min,0.5,1.0,higher=damaged
Moschun,s1__vv__baseline__count__max,0.5,1.0,higher=damaged
Moschun,s1__vv__baseline__count__max_abs_delta,0.5,1.0,higher=damaged
Moschun,s1__vv__baseline__kurtosis__mean,0.5182775504728687,0.5776236606487701,higher=damaged
Moschun,s1__vv__baseline__kurtosis__p10,0.5088671272385807,0.7871232097446016,higher=damaged
Moschun,s1__vv__baseline__kurtosis__p50,0.5254544235025823,0.4379874281402504,higher=damaged
Moschun,s1__vv__baseline__kurtosis__p90,0.5198068280904152,0.5461969406491112,higher=damaged
Moschun,s1__vv__baseline__kurtosis__std,0.531772754711919,0.332961327062552,higher=damaged
Moschun,s1__vv__baseline__kurtosis__min,0.5074719967804682,0.820013617217783,higher=damaged
Moschun,s1__vv__baseline__kurtosis__max,0.5388691394459723,0.23623455875896515,higher=damaged
Moschun,s1__vv__baseline__kurtosis__max_abs_delta,0.5374203501240861,0.2541638378346772,higher=damaged
Moschun,s1__vv__baseline__max__mean,0.5611778120598296,0.06226916270669483,lower=damaged
Moschun,s1__vv__baseline__max__p10,0.5688376148635053,0.03592015167980221,lower=damaged
Moschun,s1__vv__baseline__max__p50,0.5514118988530416,0.11717809200961776,lower=damaged
Moschun,s1__vv__baseline__max__p90,0.5642564893688375,0.05020574238390163,lower=damaged
Moschun,s1__vv__baseline__max__std,0.5324166610772016,0.32325487748203363,lower=damaged
Moschun,s1__vv__baseline__max__min,0.5715205580521832,0.029287023715717397,lower=damaged
Moschun,s1__vv__baseline__max__max,0.5688711516533638,0.035829813912447175,lower=damaged
Moschun,s1__vv__baseline__max__max_abs_delta,0.537688644442954,0.25077419680266966,lower=damaged
Moschun,s1__vv__baseline__mean__mean,0.5851767388825542,0.009436710758132506,lower=damaged
Moschun,s1__vv__baseline__mean__p10,0.585049299081092,0.009543915442973956,lower=damaged
Moschun,s1__vv__baseline__mean__p50,0.5777181568180293,0.01786078041223993,lower=damaged
Moschun,s1__vv__baseline__mean__p90,0.5901871352874103,0.005986465892143698,lower=damaged
Moschun,s1__vv__baseline__mean__std,0.5546046012475686,0.09610527288275349,lower=damaged
Moschun,s1__vv__baseline__mean__min,0.5936615467167483,0.004311617734650727,lower=damaged
Moschun,s1__vv__baseline__mean__max,0.5975786437722181,0.0029413507251156434,lower=damaged
Moschun,s1__vv__baseline__mean__max_abs_delta,0.5637534375209605,0.05203134488184789,lower=damaged
Moschun,s1__vv__baseline__median__mean,0.5902072573613254,0.005975288918565019,lower=damaged
Moschun,s1__vv__baseline__median__p10,0.5955731437386813,0.0035834586983203996,lower=damaged
Moschun,s1__vv__baseline__median__p50,0.5859212556174123,0.008831578496895805,lower=damaged
Moschun,s1__vv__baseline__median__p90,0.591226775773023,0.005432409943799896,lower=damaged
Moschun,s1__vv__baseline__median__std,0.5424240391709705,0.196081495150081,lower=damaged
Moschun,s1__vv__baseline__median__min,0.6041518545844791,0.0015028173096082375,lower=damaged
Moschun,s1__vv__baseline__median__max,0.5955865584546247,0.0035787509920437296,lower=damaged
Moschun,s1__vv__baseline__median__max_abs_delta,0.5482057817425716,0.1418294028475327,lower=damaged
Moschun,s1__vv__baseline__min__mean,0.6012878127305654,0.0020229117088500577,lower=damaged
Moschun,s1__vv__baseline__min__p10,0.6078274867529679,0.0010156173603266742,lower=damaged
Moschun,s1__vv__baseline__min__p50,0.5936548393587766,0.00431439582314128,lower=damaged
Moschun,s1__vv__baseline__min__p90,0.5961231470923604,0.0033957362987383772,lower=damaged
Moschun,s1__vv__baseline__min__std,0.5272788248708834,0.40586054291449936,lower=damaged
Moschun,s1__vv__baseline__min__min,0.6168824200147562,0.0003678419998998687,lower=damaged
Moschun,s1__vv__baseline__min__max,0.6018780602320746,0.0019038245463257792,lower=damaged
Moschun,s1__vv__baseline__min__max_abs_delta,0.5285263934536186,0.3847248204224888,lower=damaged
Moschun,s1__vv__baseline__skewness__mean,0.5139580119390972,0.6706849301818603,higher=damaged
Moschun,s1__vv__baseline__skewness__p10,0.5035548997249983,0.9138831177238247,higher=damaged
Moschun,s1__vv__baseline__skewness__p50,0.5284861493057885,0.3853958290608305,higher=damaged
Moschun,s1__vv__baseline__skewness__p90,0.5015158629016031,0.9633133679490474,higher=damaged
Moschun,s1__vv__baseline__skewness__std,0.5004628077000469,0.9889089349863157,lower=damaged
Moschun,s1__vv__baseline__skewness__min,0.5233483130994702,0.47683234030258537,lower=damaged
Moschun,s1__vv__baseline__skewness__max,0.5042927091018847,0.8960688449015761,lower=damaged
Moschun,s1__vv__baseline__skewness__max_abs_delta,0.5035347776510832,0.9143696303543578,higher=damaged
Moschun,s1__vv__baseline__std__mean,0.5732510564088805,0.025592309662150772,higher=damaged
Moschun,s1__vv__baseline__std__p10,0.5702864041853913,0.03219456073749681,higher=damaged
Moschun,s1__vv__baseline__std__p50,0.5677174860822323,0.039047023088162915,higher=damaged
Moschun,s1__vv__baseline__std__p90,0.5722449527131264,0.02768797254490165,higher=damaged
Moschun,s1__vv__baseline__std__std,0.540371587631632,0.2186066050045783,higher=damaged
Moschun,s1__vv__baseline__std__min,0.5708431148970421,0.030853619281752193,higher=damaged
Moschun,s1__vv__baseline__std__max,0.5722717821450131,0.027630167329299727,higher=damaged
Moschun,s1__vv__baseline__std__max_abs_delta,0.5308203098799382,0.3476600419273923,higher=damaged
Moschun,s1__coh__baseline__count__mean,0.5272587027969683,0.06502528819665329,higher=damaged
Moschun,s1__coh__baseline__count__p10,0.5272587027969683,0.06502599772588849,higher=damaged
Moschun,s1__coh__baseline__count__p50,0.500570125427594,0.7583416036925394,higher=damaged
Moschun,s1__coh__baseline__count__p90,0.5,1.0,higher=damaged
Moschun,s1__coh__baseline__count__std,0.5269971158360722,0.06767587902261911,lower=damaged
Moschun,s1__coh__baseline__count__min,0.5271782145013079,0.06578193820561598,higher=damaged
Moschun,s1__coh__baseline__count__max,0.5,1.0,higher=damaged
Moschun,s1__coh__baseline__count__max_abs_delta,0.527178214501308,0.06578193820561598,lower=damaged
Moschun,s1__coh__baseline__max__mean,0.561982695016433,0.05890449014178849,lower=damaged
Moschun,s1__coh__baseline__max__p10,0.5751022872090684,0.022092999840388088,lower=damaged
Moschun,s1__coh__baseline__max__p50,0.5466161379032799,0.15544369187310386,lower=damaged
Moschun,s1__coh__baseline__max__p90,0.5402106110403112,0.22044868605656098,lower=damaged
Moschun,s1__coh__baseline__max__std,0.5648132000804884,0.048248438025102446,higher=damaged
Moschun,s1__coh__baseline__max__min,0.5779193775571803,0.01756676124591806,lower=damaged
Moschun,s1__coh__baseline__max__max,0.5468710175062044,0.15319608840999277,lower=damaged
Moschun,s1__coh__baseline__max__max_abs_delta,0.5497015225702596,0.12987377642181566,higher=damaged
Moschun,s1__coh__baseline__mean__mean,0.5612985445033202,0.06175454968732997,lower=damaged
Moschun,s1__coh__baseline__mean__p10,0.5779998658528406,0.01745040961070242,lower=damaged
Moschun,s1__coh__baseline__mean__p50,0.5555033872157757,0.09075482304759377,lower=damaged
Moschun,s1__coh__baseline__mean__p90,0.5488161513179959,0.13685222858005977,lower=damaged
Moschun,s1__coh__baseline__mean__std,0.5212287879804145,0.5177568351303599,higher=damaged
Moschun,s1__coh__baseline__mean__min,0.5765309544570394,0.019684438887837934,lower=damaged
Moschun,s1__coh__baseline__mean__max,0.5524112951908243,0.1102233956392477,lower=damaged
Moschun,s1__coh__baseline__mean__max_abs_delta,0.5002146354550943,0.9949436497938576,higher=damaged
Moschun,s1__coh__baseline__median__mean,0.5546180159635119,0.09602360024650462,lower=damaged
Moschun,s1__coh__baseline__median__p10,0.5700516466563821,0.0327747617768295,lower=damaged
Moschun,s1__coh__baseline__median__p50,0.5516131195921926,0.1157508139231184,lower=damaged
Moschun,s1__coh__baseline__median__p90,0.538567308337246,0.23989421036266045,lower=damaged
Moschun,s1__coh__baseline__median__std,0.5306861627205044,0.34976298786909155,higher=damaged
Moschun,s1__coh__baseline__median__min,0.578784626735529,0.0163504894241996,lower=damaged
Moschun,s1__coh__baseline__median__max,0.5468240660004025,0.15360812837823729,lower=damaged
Moschun,s1__coh__baseline__median__max_abs_delta,0.5130189818230599,0.6916709924537189,higher=damaged
Moschun,s1__coh__baseline__min__mean,0.5726339794754846,0.02686074174987346,lower=damaged
Moschun,s1__coh__baseline__min__p10,0.5538734992286538,0.10064105087926593,lower=damaged
Moschun,s1__coh__baseline__min__p50,0.5756657052786908,0.02111415362763826,lower=damaged
Moschun,s1__coh__baseline__min__p90,0.575591924341002,0.021240127697133408,lower=damaged
Moschun,s1__coh__baseline__min__std,0.5433764840029512,0.18622642890848784,lower=damaged
Moschun,s1__coh__baseline__min__min,0.5425514789724327,0.19474080184657683,lower=damaged
Moschun,s1__coh__baseline__min__max,0.5687638339258166,0.03611918564920117,lower=damaged
Moschun,s1__coh__baseline__min__max_abs_delta,0.5566972969347375,0.08402100259394747,lower=damaged
Moschun,s1__coh__baseline__std__mean,0.5739083774901067,0.024298474993422546,higher=damaged
Moschun,s1__coh__baseline__std__p10,0.5965591253605205,0.0032533457945969997,higher=damaged
Moschun,s1__coh__baseline__std__p50,0.5540277684620027,0.09967002482246803,higher=damaged
Moschun,s1__coh__baseline__std__p90,0.54111610436649,0.21022991822848713,higher=damaged
Moschun,s1__coh__baseline__std__std,0.56521564155879,0.046873732610154165,lower=damaged
Moschun,s1__coh__baseline__std__min,0.5815815950097256,0.012909960631952289,higher=damaged
Moschun,s1__coh__baseline__std__max,0.5019518411697632,0.9527259978059142,higher=damaged
Moschun,s1__coh__baseline__std__max_abs_delta,0.576034609967134,0.020493911727226154,lower=damaged
Mykolaiv,s1__vh__baseline__count__mean,0.5,1.0,higher=damaged
Mykolaiv,s1__vh__baseline__count__p10,0.5,1.0,higher=damaged
Mykolaiv,s1__vh__baseline__count__p50,0.5,1.0,higher=damaged
Mykolaiv,s1__vh__baseline__count__p90,0.5,1.0,higher=damaged
Mykolaiv,s1__vh__baseline__count__std,0.5,1.0,higher=damaged
Mykolaiv,s1__vh__baseline__count__min,0.5,1.0,higher=damaged
Mykolaiv,s1__vh__baseline__count__max,0.5,1.0,higher=damaged
Mykolaiv,s1__vh__baseline__count__max_abs_delta,0.5,1.0,higher=damaged
Mykolaiv,s1__vh__baseline__kurtosis__mean,0.5,1.0,higher=damaged
Mykolaiv,s1__vh__baseline__kurtosis__p10,0.5,1.0,higher=damaged
Mykolaiv,s1__vh__baseline__kurtosis__p50,0.5,1.0,higher=damaged
Mykolaiv,s1__vh__baseline__kurtosis__p90,0.5,1.0,higher=damaged
Mykolaiv,s1__vh__baseline__kurtosis__std,0.5,1.0,higher=damaged
Mykolaiv,s1__vh__baseline__kurtosis__min,0.5,1.0,higher=damaged
Mykolaiv,s1__vh__baseline__kurtosis__max,0.5,1.0,higher=damaged
Mykolaiv,s1__vh__baseline__kurtosis__max_abs_delta,0.5,1.0,higher=damaged
Mykolaiv,s1__vh__baseline__max__mean,0.5,1.0,higher=damaged
Mykolaiv,s1__vh__baseline__max__p10,0.5,1.0,higher=damaged
Mykolaiv,s1__vh__baseline__max__p50,0.5,1.0,higher=damaged
Mykolaiv,s1__vh__baseline__max__p90,0.5,1.0,higher=damaged
Mykolaiv,s1__vh__baseline__max__std,0.5,1.0,higher=damaged
Mykolaiv,s1__vh__baseline__max__min,0.5,1.0,higher=damaged
Mykolaiv,s1__vh__baseline__max__max,0.5,1.0,higher=damaged
Mykolaiv,s1__vh__baseline__max__max_abs_delta,0.5,1.0,higher=damaged
Mykolaiv,s1__vh__baseline__mean__mean,0.5,1.0,higher=damaged
Mykolaiv,s1__vh__baseline__mean__p10,0.5,1.0,higher=damaged
Mykolaiv,s1__vh__baseline__mean__p50,0.5,1.0,higher=damaged
Mykolaiv,s1__vh__baseline__mean__p90,0.5,1.0,higher=damaged
Mykolaiv,s1__vh__baseline__mean__std,0.5,1.0,higher=damaged
Mykolaiv,s1__vh__baseline__mean__min,0.5,1.0,higher=damaged
Mykolaiv,s1__vh__baseline__mean__max,0.5,1.0,higher=damaged
Mykolaiv,s1__vh__baseline__mean__max_abs_delta,0.5,1.0,higher=damaged
Mykolaiv,s1__vh__baseline__median__mean,0.5,1.0,higher=damaged
Mykolaiv,s1__vh__baseline__median__p10,0.5,1.0,higher=damaged
Mykolaiv,s1__vh__baseline__median__p50,0.5,1.0,higher=damaged
Mykolaiv,s1__vh__baseline__median__p90,0.5,1.0,higher=damaged
Mykolaiv,s1__vh__baseline__median__std,0.5,1.0,higher=damaged
Mykolaiv,s1__vh__baseline__median__min,0.5,1.0,higher=damaged
Mykolaiv,s1__vh__baseline__median__max,0.5,1.0,higher=damaged
Mykolaiv,s1__vh__baseline__median__max_abs_delta,0.5,1.0,higher=damaged
Mykolaiv,s1__vh__baseline__min__mean,0.5,1.0,higher=damaged
Mykolaiv,s1__vh__baseline__min__p10,0.5,1.0,higher=damaged
Mykolaiv,s1__vh__baseline__min__p50,0.5,1.0,higher=damaged
Mykolaiv,s1__vh__baseline__min__p90,0.5,1.0,higher=damaged
Mykolaiv,s1__vh__baseline__min__std,0.5,1.0,higher=damaged
Mykolaiv,s1__vh__baseline__min__min,0.5,1.0,higher=damaged
Mykolaiv,s1__vh__baseline__min__max,0.5,1.0,higher=damaged
Mykolaiv,s1__vh__baseline__min__max_abs_delta,0.5,1.0,higher=damaged
Mykolaiv,s1__vh__baseline__skewness__mean,0.5,1.0,higher=damaged
Mykolaiv,s1__vh__baseline__skewness__p10,0.5,1.0,higher=damaged
Mykolaiv,s1__vh__baseline__skewness__p50,0.5,1.0,higher=damaged
Mykolaiv,s1__vh__baseline__skewness__p90,0.5,1.0,higher=damaged
Mykolaiv,s1__vh__baseline__skewness__std,0.5,1.0,higher=damaged
Mykolaiv,s1__vh__baseline__skewness__min,0.5,1.0,higher=damaged
Mykolaiv,s1__vh__baseline__skewness__max,0.5,1.0,higher=damaged
Mykolaiv,s1__vh__baseline__skewness__max_abs_delta,0.5,1.0,higher=damaged
Mykolaiv,s1__vh__baseline__std__mean,0.5,1.0,higher=damaged
Mykolaiv,s1__vh__baseline__std__p10,0.5,1.0,higher=damaged
Mykolaiv,s1__vh__baseline__std__p50,0.5,1.0,higher=damaged
Mykolaiv,s1__vh__baseline__std__p90,0.5,1.0,higher=damaged
Mykolaiv,s1__vh__baseline__std__std,0.5,1.0,higher=damaged
Mykolaiv,s1__vh__baseline__std__min,0.5,1.0,higher=damaged
Mykolaiv,s1__vh__baseline__std__max,0.5,1.0,higher=damaged
Mykolaiv,s1__vh__baseline__std__max_abs_delta,0.5,1.0,higher=damaged
Mykolaiv,s1__vv__baseline__count__mean,0.5,1.0,higher=damaged
Mykolaiv,s1__vv__baseline__count__p10,0.5,1.0,higher=damaged
Mykolaiv,s1__vv__baseline__count__p50,0.5,1.0,higher=damaged
Mykolaiv,s1__vv__baseline__count__p90,0.5,1.0,higher=damaged
Mykolaiv,s1__vv__baseline__count__std,0.5,1.0,higher=damaged
Mykolaiv,s1__vv__baseline__count__min,0.5,1.0,higher=damaged
Mykolaiv,s1__vv__baseline__count__max,0.5,1.0,higher=damaged
Mykolaiv,s1__vv__baseline__count__max_abs_delta,0.5,1.0,higher=damaged
Mykolaiv,s1__vv__baseline__kurtosis__mean,0.5,1.0,higher=damaged
Mykolaiv,s1__vv__baseline__kurtosis__p10,0.5,1.0,higher=damaged
Mykolaiv,s1__vv__baseline__kurtosis__p50,0.5,1.0,higher=damaged
Mykolaiv,s1__vv__baseline__kurtosis__p90,0.5,1.0,higher=damaged
Mykolaiv,s1__vv__baseline__kurtosis__std,0.5,1.0,higher=damaged
Mykolaiv,s1__vv__baseline__kurtosis__min,0.5,1.0,higher=damaged
Mykolaiv,s1__vv__baseline__kurtosis__max,0.5,1.0,higher=damaged
Mykolaiv,s1__vv__baseline__kurtosis__max_abs_delta,0.5,1.0,higher=damaged
Mykolaiv,s1__vv__baseline__max__mean,0.5,1.0,higher=damaged
Mykolaiv,s1__vv__baseline__max__p10,0.5,1.0,higher=damaged
Mykolaiv,s1__vv__baseline__max__p50,0.5,1.0,higher=damaged
Mykolaiv,s1__vv__baseline__max__p90,0.5,1.0,higher=damaged
Mykolaiv,s1__vv__baseline__max__std,0.5,1.0,higher=damaged
Mykolaiv,s1__vv__baseline__max__min,0.5,1.0,higher=damaged
Mykolaiv,s1__vv__baseline__max__max,0.5,1.0,higher=damaged
Mykolaiv,s1__vv__baseline__max__max_abs_delta,0.5,1.0,higher=damaged
Mykolaiv,s1__vv__baseline__mean__mean,0.5,1.0,higher=damaged
Mykolaiv,s1__vv__baseline__mean__p10,0.5,1.0,higher=damaged
Mykolaiv,s1__vv__baseline__mean__p50,0.5,1.0,higher=damaged
Mykolaiv,s1__vv__baseline__mean__p90,0.5,1.0,higher=damaged
Mykolaiv,s1__vv__baseline__mean__std,0.5,1.0,higher=damaged
Mykolaiv,s1__vv__baseline__mean__min,0.5,1.0,higher=damaged
Mykolaiv,s1__vv__baseline__mean__max,0.5,1.0,higher=damaged
Mykolaiv,s1__vv__baseline__mean__max_abs_delta,0.5,1.0,higher=damaged
Mykolaiv,s1__vv__baseline__median__mean,0.5,1.0,higher=damaged
Mykolaiv,s1__vv__baseline__median__p10,0.5,1.0,higher=damaged
Mykolaiv,s1__vv__baseline__median__p50,0.5,1.0,higher=damaged
Mykolaiv,s1__vv__baseline__median__p90,0.5,1.0,higher=damaged
Mykolaiv,s1__vv__baseline__median__std,0.5,1.0,higher=damaged
Mykolaiv,s1__vv__baseline__median__min,0.5,1.0,higher=damaged
Mykolaiv,s1__vv__baseline__median__max,0.5,1.0,higher=damaged
Mykolaiv,s1__vv__baseline__median__max_abs_delta,0.5,1.0,higher=damaged
Mykolaiv,s1__vv__baseline__min__mean,0.5,1.0,higher=damaged
Mykolaiv,s1__vv__baseline__min__p10,0.5,1.0,higher=damaged
Mykolaiv,s1__vv__baseline__min__p50,0.5,1.0,higher=damaged
Mykolaiv,s1__vv__baseline__min__p90,0.5,1.0,higher=damaged
Mykolaiv,s1__vv__baseline__min__std,0.5,1.0,higher=damaged
Mykolaiv,s1__vv__baseline__min__min,0.5,1.0,higher=damaged
Mykolaiv,s1__vv__baseline__min__max,0.5,1.0,higher=damaged
Mykolaiv,s1__vv__baseline__min__max_abs_delta,0.5,1.0,higher=damaged
Mykolaiv,s1__vv__baseline__skewness__mean,0.5,1.0,higher=damaged
Mykolaiv,s1__vv__baseline__skewness__p10,0.5,1.0,higher=damaged
Mykolaiv,s1__vv__baseline__skewness__p50,0.5,1.0,higher=damaged
Mykolaiv,s1__vv__baseline__skewness__p90,0.5,1.0,higher=damaged
Mykolaiv,s1__vv__baseline__skewness__std,0.5,1.0,higher=damaged
Mykolaiv,s1__vv__baseline__skewness__min,0.5,1.0,higher=damaged
Mykolaiv,s1__vv__baseline__skewness__max,0.5,1.0,higher=damaged
Mykolaiv,s1__vv__baseline__skewness__max_abs_delta,0.5,1.0,higher=damaged
Mykolaiv,s1__vv__baseline__std__mean,0.5,1.0,higher=damaged
Mykolaiv,s1__vv__baseline__std__p10,0.5,1.0,higher=damaged
Mykolaiv,s1__vv__baseline__std__p50,0.5,1.0,higher=damaged
Mykolaiv,s1__vv__baseline__std__p90,0.5,1.0,higher=damaged
Mykolaiv,s1__vv__baseline__std__std,0.5,1.0,higher=damaged
Mykolaiv,s1__vv__baseline__std__min,0.5,1.0,higher=damaged
Mykolaiv,s1__vv__baseline__std__max,0.5,1.0,higher=damaged
Mykolaiv,s1__vv__baseline__std__max_abs_delta,0.5,1.0,higher=damaged
Mykolaiv,s1__coh__baseline__count__mean,0.5,1.0,higher=damaged
Mykolaiv,s1__coh__baseline__count__p10,0.5,1.0,higher=damaged
Mykolaiv,s1__coh__baseline__count__p50,0.5,1.0,higher=damaged
Mykolaiv,s1__coh__baseline__count__p90,0.5,1.0,higher=damaged
Mykolaiv,s1__coh__baseline__count__std,0.5,1.0,higher=damaged
Mykolaiv,s1__coh__baseline__count__min,0.5,1.0,higher=damaged
Mykolaiv,s1__coh__baseline__count__max,0.5,1.0,higher=damaged
Mykolaiv,s1__coh__baseline__count__max_abs_delta,0.5,1.0,higher=damaged
Mykolaiv,s1__coh__baseline__max__mean,0.5,1.0,higher=damaged
Mykolaiv,s1__coh__baseline__max__p10,0.5,1.0,higher=damaged
Mykolaiv,s1__coh__baseline__max__p50,0.5,1.0,higher=damaged
Mykolaiv,s1__coh__baseline__max__p90,0.5,1.0,higher=damaged
Mykolaiv,s1__coh__baseline__max__std,0.5,1.0,higher=damaged
Mykolaiv,s1__coh__baseline__max__min,0.5,1.0,higher=damaged
Mykolaiv,s1__coh__baseline__max__max,0.5,1.0,higher=damaged
Mykolaiv,s1__coh__baseline__max__max_abs_delta,0.5,1.0,higher=damaged
Mykolaiv,s1__coh__baseline__mean__mean,0.5,1.0,higher=damaged
Mykolaiv,s1__coh__baseline__mean__p10,0.5,1.0,higher=damaged
Mykolaiv,s1__coh__baseline__mean__p50,0.5,1.0,higher=damaged
Mykolaiv,s1__coh__baseline__mean__p90,0.5,1.0,higher=damaged
Mykolaiv,s1__coh__baseline__mean__std,0.5,1.0,higher=damaged
Mykolaiv,s1__coh__baseline__mean__min,0.5,1.0,higher=damaged
Mykolaiv,s1__coh__baseline__mean__max,0.5,1.0,higher=damaged
Mykolaiv,s1__coh__baseline__mean__max_abs_delta,0.5,1.0,higher=damaged
Mykolaiv,s1__coh__baseline__median__mean,0.5,1.0,higher=damaged
Mykolaiv,s1__coh__baseline__median__p10,0.5,1.0,higher=damaged
Mykolaiv,s1__coh__baseline__median__p50,0.5,1.0,higher=damaged
Mykolaiv,s1__coh__baseline__median__p90,0.5,1.0,higher=damaged
Mykolaiv,s1__coh__baseline__median__std,0.5,1.0,higher=damaged
Mykolaiv,s1__coh__baseline__median__min,0.5,1.0,higher=damaged
Mykolaiv,s1__coh__baseline__median__max,0.5,1.0,higher=damaged
Mykolaiv,s1__coh__baseline__median__max_abs_delta,0.5,1.0,higher=damaged
Mykolaiv,s1__coh__baseline__min__mean,0.5,1.0,higher=damaged
Mykolaiv,s1__coh__baseline__min__p10,0.5,1.0,higher=damaged
Mykolaiv,s1__coh__baseline__min__p50,0.5,1.0,higher=damaged
Mykolaiv,s1__coh__baseline__min__p90,0.5,1.0,higher=damaged
Mykolaiv,s1__coh__baseline__min__std,0.5,1.0,higher=damaged
Mykolaiv,s1__coh__baseline__min__min,0.5,1.0,higher=damaged
Mykolaiv,s1__coh__baseline__min__max,0.5,1.0,higher=damaged
Mykolaiv,s1__coh__baseline__min__max_abs_delta,0.5,1.0,higher=damaged
Mykolaiv,s1__coh__baseline__std__mean,0.5,1.0,higher=damaged
Mykolaiv,s1__coh__baseline__std__p10,0.5,1.0,higher=damaged
Mykolaiv,s1__coh__baseline__std__p50,0.5,1.0,higher=damaged
Mykolaiv,s1__coh__baseline__std__p90,0.5,1.0,higher=damaged
Mykolaiv,s1__coh__baseline__std__std,0.5,1.0,higher=damaged
Mykolaiv,s1__coh__baseline__std__min,0.5,1.0,higher=damaged
Mykolaiv,s1__coh__baseline__std__max,0.5,1.0,higher=damaged
Mykolaiv,s1__coh__baseline__std__max_abs_delta,0.5,1.0,higher=damaged
Okhtyrka,s1__vh__baseline__count__mean,0.5,1.0,higher=damaged
Okhtyrka,s1__vh__baseline__count__p10,0.5,1.0,higher=damaged
Okhtyrka,s1__vh__baseline__count__p50,0.5,1.0,higher=damaged
Okhtyrka,s1__vh__baseline__count__p90,0.5,1.0,higher=damaged
Okhtyrka,s1__vh__baseline__count__std,0.5,1.0,higher=damaged
Okhtyrka,s1__vh__baseline__count__min,0.5,1.0,higher=damaged
Okhtyrka,s1__vh__baseline__count__max,0.5,1.0,higher=damaged
Okhtyrka,s1__vh__baseline__count__max_abs_delta,0.5,1.0,higher=damaged
Okhtyrka,s1__vh__baseline__kurtosis__mean,0.6058612440191387,0.03731851600016846,lower=damaged
Okhtyrka,s1__vh__baseline__kurtosis__p10,0.6037081339712919,0.04136148321125172,lower=damaged
Okhtyrka,s1__vh__baseline__kurtosis__p50,0.6189593301435408,0.01928145730740428,lower=damaged
Okhtyrka,s1__vh__baseline__kurtosis__p90,0.5722488038277512,0.15539210358789293,lower=damaged
Okhtyrka,s1__vh__baseline__kurtosis__std,0.5406698564593302,0.4241510810711796,higher=damaged
Okhtyrka,s1__vh__baseline__kurtosis__min,0.6038277511961723,0.04112737488431766,lower=damaged
Okhtyrka,s1__vh__baseline__kurtosis__max,0.5456339712918661,0.369751748171378,lower=damaged
Okhtyrka,s1__vh__baseline__kurtosis__max_abs_delta,0.536244019138756,0.4763805225127631,higher=damaged
Okhtyrka,s1__vh__baseline__max__mean,0.5584928229665072,0.2501391489040117,lower=damaged
Okhtyrka,s1__vh__baseline__max__p10,0.6008971291866029,0.04719292780620253,lower=damaged
Okhtyrka,s1__vh__baseline__max__p50,0.5484449760765551,0.3409644024994266,lower=damaged
Okhtyrka,s1__vh__baseline__max__p90,0.507177033492823,0.8886022200184063,lower=damaged
Okhtyrka,s1__vh__baseline__max__std,0.6107655502392345,0.02934777477916511,higher=damaged
Okhtyrka,s1__vh__baseline__max__min,0.6111244019138756,0.02882678101819535,lower=damaged
Okhtyrka,s1__vh__baseline__max__max,0.5172248803827751,0.7354962289922574,lower=damaged
Okhtyrka,s1__vh__baseline__max__max_abs_delta,0.605622009569378,0.037750458703626144,higher=damaged
Okhtyrka,s1__vh__baseline__mean__mean,0.5608851674641149,0.23126959019718063,lower=damaged
Okhtyrka,s1__vh__baseline__mean__p10,0.5963516746411484,0.05807832993512548,lower=damaged
Okhtyrka,s1__vh__baseline__mean__p50,0.5667464114832536,0.18936864472928805,lower=damaged
Okhtyrka,s1__vh__baseline__mean__p90,0.5404904306220096,0.426200998488384,lower=damaged
Okhtyrka,s1__vh__baseline__mean__std,0.5582535885167464,0.25208361065737905,higher=damaged
Okhtyrka,s1__vh__baseline__mean__min,0.5997009569377991,0.049876344054904986,lower=damaged
Okhtyrka,s1__vh__baseline__mean__max,0.5455741626794258,0.37037996408576324,lower=damaged
Okhtyrka,s1__vh__baseline__mean__max_abs_delta,0.5553827751196172,0.2762407346511787,higher=damaged
Okhtyrka,s1__vh__baseline__median__mean,0.5382775119617225,0.4519566875468276,lower=damaged
Okhtyrka,s1__vh__baseline__median__p10,0.568122009569378,0.1804007032461431,lower=damaged
Okhtyrka,s1__vh__baseline__median__p50,0.5367224880382775,0.47056950328103586,lower=damaged
Okhtyrka,s1__vh__baseline__median__p90,0.5296052631578947,0.5609170609856475,lower=damaged
Okhtyrka,s1__vh__baseline__median__std,0.5425837320574162,0.40264483781603566,higher=damaged
Okhtyrka,s1__vh__baseline__median__min,0.5767344497607655,0.13129303976074122,lower=damaged
Okhtyrka,s1__vh__baseline__median__max,0.5473086124401914,0.35242424486355195,lower=damaged
Okhtyrka,s1__vh__baseline__median__max_abs_delta,0.5186602870813397,0.7143104171353207,higher=damaged
Okhtyrka,s1__vh__baseline__min__mean,0.5782296650717703,0.12393879107085072,lower=damaged
Okhtyrka,s1__vh__baseline__min__p10,0.6019736842105263,0.044882694975525175,lower=damaged
Okhtyrka,s1__vh__baseline__min__p50,0.5697966507177034,0.16991385597133157,lower=damaged
Okhtyrka,s1__vh__baseline__min__p90,0.5660287081339712,0.19417591007145263,lower=damaged
Okhtyrka,s1__vh__baseline__min__std,0.504066985645933,0.9371402766526876,lower=damaged
Okhtyrka,s1__vh__baseline__min__min,0.5930023923444976,0.06737122664450626,lower=damaged
Okhtyrka,s1__vh__baseline__min__max,0.5648325358851674,0.20238603079557382,lower=damaged
Okhtyrka,s1__vh__baseline__min__max_abs_delta,0.5144736842105263,0.776657660094366,lower=damaged
Okhtyrka,s1__vh__baseline__skewness__mean,0.5726076555023923,0.15334845805310263,lower=damaged
Okhtyrka,s1__vh__baseline__skewness__p10,0.5410287081339713,0.4200681843759403,lower=damaged
Okhtyrka,s1__vh__baseline__skewness__p50,0.5867224880382775,0.0880834539797061,lower=damaged
Okhtyrka,s1__vh__baseline__skewness__p90,0.5811602870813397,0.11046050085772385,lower=damaged
Okhtyrka,s1__vh__baseline__skewness__std,0.5143540669856459,0.7784625380178016,lower=damaged
Okhtyrka,s1__vh__baseline__skewness__min,0.5255382775119617,0.6160628085444999,lower=damaged
Okhtyrka,s1__vh__baseline__skewness__max,0.559688995215311,0.24057389022422027,lower=damaged
Okhtyrka,s1__vh__baseline__skewness__max_abs_delta,0.5011961722488038,0.9821571154135788,lower=damaged
Okhtyrka,s1__vh__baseline__std__mean,0.5974880382775118,0.055178185354256656,higher=damaged
Okhtyrka,s1__vh__baseline__std__p10,0.5753588516746412,0.1383536564044231,higher=damaged
Okhtyrka,s1__vh__baseline__std__p50,0.5866028708133971,0.08852289552231052,higher=damaged
Okhtyrka,s1__vh__baseline__std__p90,0.6022727272727272,0.04425818956653969,higher=damaged
Okhtyrka,s1__vh__baseline__std__std,0.5389952153110048,0.4435085565402438,higher=damaged
Okhtyrka,s1__vh__baseline__std__min,0.56877990430622,0.17622478813859455,higher=damaged
Okhtyrka,s1__vh__baseline__std__max,0.5868421052631579,0.08764566256826563,higher=damaged
Okhtyrka,s1__vh__baseline__std__max_abs_delta,0.5254784688995215,0.6168913392339884,higher=damaged
Okhtyrka,s1__vv__baseline__count__mean,0.5,1.0,higher=damaged
Okhtyrka,s1__vv__baseline__count__p10,0.5,1.0,higher=damaged
Okhtyrka,s1__vv__baseline__count__p50,0.5,1.0,higher=damaged
Okhtyrka,s1__vv__baseline__count__p90,0.5,1.0,higher=damaged
Okhtyrka,s1__vv__baseline__count__std,0.5,1.0,higher=damaged
Okhtyrka,s1__vv__baseline__count__min,0.5,1.0,higher=damaged
Okhtyrka,s1__vv__baseline__count__max,0.5,1.0,higher=damaged
Okhtyrka,s1__vv__baseline__count__max_abs_delta,0.5,1.0,higher=damaged
Okhtyrka,s1__vv__baseline__kurtosis__mean,0.5352870813397129,0.4881195991096482,higher=damaged
Okhtyrka,s1__vv__baseline__kurtosis__p10,0.5522727272727272,0.30414052429246696,higher=damaged
Okhtyrka,s1__vv__baseline__kurtosis__p50,0.5161483253588517,0.751520039678673,higher=damaged
Okhtyrka,s1__vv__baseline__kurtosis__p90,0.5435406698564592,0.39214132561288395,higher=damaged
Okhtyrka,s1__vv__baseline__kurtosis__std,0.5242822966507177,0.633562099709398,lower=damaged
Okhtyrka,s1__vv__baseline__kurtosis__min,0.5630382775119618,0.2151713759940852,higher=damaged
Okhtyrka,s1__vv__baseline__kurtosis__max,0.5540071770334928,0.28835804616694205,higher=damaged
Okhtyrka,s1__vv__baseline__kurtosis__max_abs_delta,0.5197368421052632,0.6985631651075613,lower=damaged
Okhtyrka,s1__vv__baseline__max__mean,0.552153110047847,0.3052497140846855,lower=damaged
Okhtyrka,s1__vv__baseline__max__p10,0.55311004784689,0.2964512145750082,lower=damaged
Okhtyrka,s1__vv__baseline__max__p50,0.5443181818181818,0.3837307198889053,lower=damaged
Okhtyrka,s1__vv__baseline__max__p90,0.5557416267942584,0.2731375188942672,lower=damaged
Okhtyrka,s1__vv__baseline__max__std,0.5013157894736842,0.9802792813271313,lower=damaged
Okhtyrka,s1__vv__baseline__max__min,0.5575358851674641,0.25798013119439256,lower=damaged
Okhtyrka,s1__vv__baseline__max__max,0.5523325358851675,0.303586765488738,lower=damaged
Okhtyrka,s1__vv__baseline__max__max_abs_delta,0.5016746411483253,0.9746464762960337,lower=damaged
Okhtyrka,s1__vv__baseline__mean__mean,0.5642344497607655,0.20658502216816244,lower=damaged
Okhtyrka,s1__vv__baseline__mean__p10,0.5723684210526316,0.1547086036710339,lower=damaged
Okhtyrka,s1__vv__baseline__mean__p50,0.5610047846889952,0.23035340003642857,lower=damaged
Okhtyrka,s1__vv__baseline__mean__p90,0.5677033492822967,0.18309600944971383,lower=damaged
Okhtyrka,s1__vv__baseline__mean__std,0.5198564593301436,0.6968213039228875,lower=damaged
Okhtyrka,s1__vv__baseline__mean__min,0.5672248803827751,0.18621284618696698,lower=damaged
Okhtyrka,s1__vv__baseline__mean__max,0.5691985645933014,0.17360526220990102,lower=damaged
Okhtyrka,s1__vv__baseline__mean__max_abs_delta,0.5260765550239235,0.6086288119831663,lower=damaged
Okhtyrka,s1__vv__baseline__median__mean,0.5746411483253588,0.14215196704828356,lower=damaged
Okhtyrka,s1__vv__baseline__median__p10,0.5858851674641148,0.09119717844941377,lower=damaged
Okhtyrka,s1__vv__baseline__median__p50,0.5698564593301436,0.16954803595381363,lower=damaged
Okhtyrka,s1__vv__baseline__median__p90,0.5772727272727273,0.12860745516034272,lower=damaged
Okhtyrka,s1__vv__baseline__median__std,0.5165071770334928,0.7461665247026852,lower=damaged
Okhtyrka,s1__vv__baseline__median__min,0.5868421052631578,0.08764571793455195,lower=damaged
Okhtyrka,s1__vv__baseline__median__max,0.5803229665071771,0.11418741364711531,lower=damaged
Okhtyrka,s1__vv__baseline__median__max_abs_delta,0.5133971291866029,0.792943830618165,lower=damaged
Okhtyrka,s1__vv__baseline__min__mean,0.5698564593301436,0.16954803595381363,lower=damaged
Okhtyrka,s1__vv__baseline__min__p10,0.5822966507177034,0.1055568119962552,lower=damaged
Okhtyrka,s1__vv__baseline__min__p50,0.566267942583732,0.1925636872091897,lower=damaged
Okhtyrka,s1__vv__baseline__min__p90,0.5724880382775119,0.15402731785254872,lower=damaged
Okhtyrka,s1__vv__baseline__min__std,0.5010765550239233,0.9840350483706468,lower=damaged
Okhtyrka,s1__vv__baseline__min__min,0.5787081339712918,0.12165456320275445,lower=damaged
Okhtyrka,s1__vv__baseline__min__max,0.5745215311004784,0.142792638014148,lower=damaged
Okhtyrka,s1__vv__baseline__min__max_abs_delta,0.5160287081339713,0.753307219911025,lower=damaged
Okhtyrka,s1__vv__baseline__skewness__mean,0.5489234449760766,0.33621139658293697,higher=damaged
Okhtyrka,s1__vv__baseline__skewness__p10,0.5430023923444977,0.3980287431913626,higher=damaged
Okhtyrka,s1__vv__baseline__skewness__p50,0.5509569377990431,0.31648890267210605,higher=damaged
Okhtyrka,s1__vv__baseline__skewness__p90,0.5313397129186602,0.5381485532811379,higher=damaged
Okhtyrka,s1__vv__baseline__skewness__std,0.5175837320574163,0.7301802780354836,lower=damaged
Okhtyrka,s1__vv__baseline__skewness__min,0.5372607655502393,0.4640789196703825,higher=damaged
Okhtyrka,s1__vv__baseline__skewness__max,0.5227272727272727,0.6555140725722319,higher=damaged
Okhtyrka,s1__vv__baseline__skewness__max_abs_delta,0.5392344497607655,0.44071268905418215,lower=damaged
Okhtyrka,s1__vv__baseline__std__mean,0.5220095693779904,0.6657486976220823,higher=damaged
Okhtyrka,s1__vv__baseline__std__p10,0.5324162679425838,0.5242533904919653,higher=damaged
Okhtyrka,s1__vv__baseline__std__p50,0.5159090909090909,0.755095722916289,higher=damaged
Okhtyrka,s1__vv__baseline__std__p90,0.5177631578947368,0.727526957502678,higher=damaged
Okhtyrka,s1__vv__baseline__std__std,0.5104066985645933,0.838638269332519,higher=damaged
Okhtyrka,s1__vv__baseline__std__min,0.534688995215311,0.4955349315747706,higher=damaged
Okhtyrka,s1__vv__baseline__std__max,0.5220693779904306,0.66489324122737,higher=damaged
Okhtyrka,s1__vv__baseline__std__max_abs_delta,0.5114832535885168,0.8221168473929925,higher=damaged
Okhtyrka,s1__coh__baseline__count__mean,0.5072368421052632,0.7425458577971324,lower=damaged
Okhtyrka,s1__coh__baseline__count__p10,0.5071172248803828,0.7466867224926883,lower=damaged
Okhtyrka,s1__coh__baseline__count__p50,0.5022727272727272,0.6857217572712224,higher=damaged
Okhtyrka,s1__coh__baseline__count__p90,0.5,1.0,higher=damaged
Okhtyrka,s1__coh__baseline__count__std,0.5071172248803828,0.7466957354547978,higher=damaged
Okhtyrka,s1__coh__baseline__count__min,0.5075358851674642,0.7321862020513854,lower=damaged
Okhtyrka,s1__coh__baseline__count__max,0.5,1.0,higher=damaged
Okhtyrka,s1__coh__baseline__count__max_abs_delta,0.5075358851674641,0.7321862020513854,higher=damaged
Okhtyrka,s1__coh__baseline__max__mean,0.5796650717703349,0.11718498379308671,lower=damaged
Okhtyrka,s1__coh__baseline__max__p10,0.5461722488038278,0.3641254941689567,lower=damaged
Okhtyrka,s1__coh__baseline__max__p50,0.5499999999999999,0.325673564968361,lower=damaged
Okhtyrka,s1__coh__baseline__max__p90,0.628767942583732,0.011306303913826542,lower=damaged
Okhtyrka,s1__coh__baseline__max__std,0.598086124401914,0.05370090785965846,lower=damaged
Okhtyrka,s1__coh__baseline__max__min,0.5551435406698565,0.27832262738070546,lower=damaged
Okhtyrka,s1__coh__baseline__max__max,0.6367822966507177,0.007127731698953916,lower=damaged
Okhtyrka,s1__coh__baseline__max__max_abs_delta,0.5971291866028707,0.05608070255712585,lower=damaged
Okhtyrka,s1__coh__baseline__mean__mean,0.5671052631578948,0.1869981278743198,lower=damaged
Okhtyrka,s1__coh__baseline__mean__p10,0.5217703349282297,0.669174204076596,lower=damaged
Okhtyrka,s1__coh__baseline__mean__p50,0.5605263157894738,0.23403360139824725,lower=damaged
Okhtyrka,s1__coh__baseline__mean__p90,0.5881578947368421,0.0829453686657886,lower=damaged
Okhtyrka,s1__coh__baseline__mean__std,0.6089712918660287,0.0320753209383122,lower=damaged
Okhtyrka,s1__coh__baseline__mean__min,0.5212918660287083,0.6760457961920812,lower=damaged
Okhtyrka,s1__coh__baseline__mean__max,0.6022129186602871,0.044382285166162945,lower=damaged
Okhtyrka,s1__coh__baseline__mean__max_abs_delta,0.6058612440191388,0.03731851600016846,lower=damaged
Okhtyrka,s1__coh__baseline__median__mean,0.5692583732057417,0.17323365710725513,lower=damaged
Okhtyrka,s1__coh__baseline__median__p10,0.5252392344497607,0.6202100866969673,lower=damaged
Okhtyrka,s1__coh__baseline__median__p50,0.5722488038277513,0.15539203140888283,lower=damaged
Okhtyrka,s1__coh__baseline__median__p90,0.5977272727272729,0.05458313210673986,lower=damaged
Okhtyrka,s1__coh__baseline__median__std,0.6173444976076554,0.020984539586679472,lower=damaged
Okhtyrka,s1__coh__baseline__median__min,0.5129186602870813,0.8002116204356584,lower=damaged
Okhtyrka,s1__coh__baseline__median__max,0.5971291866028708,0.05608057374916252,lower=damaged
Okhtyrka,s1__coh__baseline__median__max_abs_delta,0.5989234449760765,0.0516883197895466,lower=damaged
Okhtyrka,s1__coh__baseline__min__mean,0.5466507177033493,0.3591694948784272,lower=damaged
Okhtyrka,s1__coh__baseline__min__p10,0.5208133971291866,0.6829445873515235,lower=damaged
Okhtyrka,s1__coh__baseline__min__p50,0.5362440191387561,0.4763804454848325,lower=damaged
Okhtyrka,s1__coh__baseline__min__p90,0.5605263157894738,0.23403343798818255,lower=damaged
Okhtyrka,s1__coh__baseline__min__std,0.5744019138755981,0.14343566292401622,lower=damaged
Okhtyrka,s1__coh__baseline__min__min,0.5419856459330143,0.4092942053681109,lower=damaged
Okhtyrka,s1__coh__baseline__min__max,0.5782296650717703,0.1239385284058542,lower=damaged
Okhtyrka,s1__coh__baseline__min__max_abs_delta,0.5748803827751197,0.1408771122086008,lower=damaged
Okhtyrka,s1__coh__baseline__std__mean,0.5107655502392344,0.8331228503907369,lower=damaged
Okhtyrka,s1__coh__baseline__std__p10,0.520633971291866,0.6855383914341531,lower=damaged
Okhtyrka,s1__coh__baseline__std__p50,0.5082535885167464,0.8718881822416845,lower=damaged
Okhtyrka,s1__coh__baseline__std__p90,0.5092105263157894,0.8570788401994662,higher=damaged
Okhtyrka,s1__coh__baseline__std__std,0.5153110047846889,0.7640577658873755,higher=damaged
Okhtyrka,s1__coh__baseline__std__min,0.511901913875598,0.8157125822258897,lower=damaged
Okhtyrka,s1__coh__baseline__std__max,0.5066387559808613,0.8969783795259694,higher=damaged
Okhtyrka,s1__coh__baseline__std__max_abs_delta,0.5236842105263158,0.641968451372134,higher=damaged
Rubizhne,s1__vh__baseline__count__mean,0.5,1.0,higher=damaged
Rubizhne,s1__vh__baseline__count__p10,0.5,1.0,higher=damaged
Rubizhne,s1__vh__baseline__count__p50,0.5,1.0,higher=damaged
Rubizhne,s1__vh__baseline__count__p90,0.5,1.0,higher=damaged
Rubizhne,s1__vh__baseline__count__std,0.5,1.0,higher=damaged
Rubizhne,s1__vh__baseline__count__min,0.5,1.0,higher=damaged
Rubizhne,s1__vh__baseline__count__max,0.5,1.0,higher=damaged
Rubizhne,s1__vh__baseline__count__max_abs_delta,0.5,1.0,higher=damaged
Rubizhne,s1__vh__baseline__kurtosis__mean,0.5086868926229458,0.5374096041842424,lower=damaged
Rubizhne,s1__vh__baseline__kurtosis__p10,0.5068917949881921,0.6246388084936849,lower=damaged
Rubizhne,s1__vh__baseline__kurtosis__p50,0.5029361563831007,0.8348820959603311,lower=damaged
Rubizhne,s1__vh__baseline__kurtosis__p90,0.5145197108619942,0.3026096759117255,lower=damaged
Rubizhne,s1__vh__baseline__kurtosis__std,0.520988724074579,0.1361874268936624,lower=damaged
Rubizhne,s1__vh__baseline__kurtosis__min,0.5035718755189604,0.7998207899782871,lower=damaged
Rubizhne,s1__vh__baseline__kurtosis__max,0.5172153312996031,0.22161809572692803,lower=damaged
Rubizhne,s1__vh__baseline__kurtosis__max_abs_delta,0.5199007212271664,0.15768688974353406,lower=damaged
Rubizhne,s1__vh__baseline__max__mean,0.5272464653587793,0.05306065396415593,higher=damaged
Rubizhne,s1__vh__baseline__max__p10,0.5133948305946496,0.3416099836151367,higher=damaged
Rubizhne,s1__vh__baseline__max__p50,0.5280508689509731,0.046421772201534726,higher=damaged
Rubizhne,s1__vh__baseline__max__p90,0.5373104322176367,0.008074269587501964,higher=damaged
Rubizhne,s1__vh__baseline__max__std,0.55711527215298,5.0123205033720634e-05,higher=damaged
Rubizhne,s1__vh__baseline__max__min,0.5090777932742248,0.5192590037429138,higher=damaged
Rubizhne,s1__vh__baseline__max__max,0.5415565697242568,0.003173468969498605,higher=damaged
Rubizhne,s1__vh__baseline__max__max_abs_delta,0.5580793192856535,3.7316308553411635e-05,higher=damaged
Rubizhne,s1__vh__baseline__mean__mean,0.5305233215182839,0.03022897469487171,higher=damaged
Rubizhne,s1__vh__baseline__mean__p10,0.5208835639480633,0.13816108456286638,higher=damaged
Rubizhne,s1__vh__baseline__mean__p50,0.5320224481182285,0.022995339285747228,higher=damaged
Rubizhne,s1__vh__baseline__mean__p90,0.5368103268195914,0.008963535568667457,higher=damaged
Rubizhne,s1__vh__baseline__mean__std,0.5470327476247373,0.0008401613821126864,higher=damaged
Rubizhne,s1__vh__baseline__mean__min,0.5131997371472674,0.34868772140592086,higher=damaged
Rubizhne,s1__vh__baseline__mean__max,0.5380149098977568,0.006955553985125399,higher=damaged
Rubizhne,s1__vh__baseline__mean__max_abs_delta,0.5481293155503277,0.0006329969158340137,higher=damaged
Rubizhne,s1__vh__baseline__median__mean,0.5263771099237375,0.06110920327454327,higher=damaged
Rubizhne,s1__vh__baseline__median__p10,0.5170437918172098,0.22625671065534592,higher=damaged
Rubizhne,s1__vh__baseline__median__p50,0.5294626793372723,0.036458766175807365,higher=damaged
Rubizhne,s1__vh__baseline__median__p90,0.5321835191717379,0.022315888696163882,higher=damaged
Rubizhne,s1__vh__baseline__median__std,0.5457532201125166,0.001160686138012963,higher=damaged
Rubizhne,s1__vh__baseline__median__min,0.5091829534007405,0.5144307143544236,higher=damaged
Rubizhne,s1__vh__baseline__median__max,0.5359485847873744,0.010702665876038027,higher=damaged
Rubizhne,s1__vh__baseline__median__max_abs_delta,0.5498442345365842,0.00040191553736650907,higher=damaged
Rubizhne,s1__vh__baseline__min__mean,0.5417342950964451,0.0030462338393575147,higher=damaged
Rubizhne,s1__vh__baseline__min__p10,0.5371572124857903,0.008337938237551449,higher=damaged
Rubizhne,s1__vh__baseline__min__p50,0.5427299854346087,0.0024155407578525024,higher=damaged
Rubizhne,s1__vh__baseline__min__p90,0.5414045395866017,0.0032861332178062606,higher=damaged
Rubizhne,s1__vh__baseline__min__std,0.5220993292116274,0.11665010094370502,higher=damaged
Rubizhne,s1__vh__baseline__min__min,0.5348665299109184,0.013307355868529512,higher=damaged
Rubizhne,s1__vh__baseline__min__max,0.5405791991366401,0.003963853138822502,higher=damaged
Rubizhne,s1__vh__baseline__min__max_abs_delta,0.5215021529275675,0.12686239388105192,higher=damaged
Rubizhne,s1__vh__baseline__skewness__mean,0.5329798335234305,0.01920722398069131,higher=damaged
Rubizhne,s1__vh__baseline__skewness__p10,0.5356930599550714,0.011273073536240743,higher=damaged
Rubizhne,s1__vh__baseline__skewness__p50,0.5191938643586635,0.17297436338535277,higher=damaged
Rubizhne,s1__vh__baseline__skewness__p90,0.5249871880705591,0.07605936832254705,higher=damaged
Rubizhne,s1__vh__baseline__skewness__std,0.5033796370976376,0.8103841380842406,lower=damaged
Rubizhne,s1__vh__baseline__skewness__min,0.5341413532918688,0.01535271528225181,higher=damaged
Rubizhne,s1__vh__baseline__skewness__max,0.5252415233086707,0.07312012425960439,higher=damaged
Rubizhne,s1__vh__baseline__skewness__max_abs_delta,0.5056717471855391,0.6871941908859248,lower=damaged
Rubizhne,s1__vh__baseline__std__mean,0.531332483487243,0.026113076922567764,lower=damaged
Rubizhne,s1__vh__baseline__std__p10,0.5128504722926859,0.361589438122491,lower=damaged
Rubizhne,s1__vh__baseline__std__p50,0.5304438566263013,0.030661731388422316,lower=damaged
Rubizhne,s1__vh__baseline__std__p90,0.5407190954135433,0.0038407136770121806,lower=damaged
Rubizhne,s1__vh__baseline__std__std,0.5510473901017199,0.00028980744906751993,lower=damaged
Rubizhne,s1__vh__baseline__std__min,0.5146286776899223,0.29899563765979087,lower=damaged
Rubizhne,s1__vh__baseline__std__max,0.5460872581614489,0.00106757420095249,lower=damaged
Rubizhne,s1__vh__baseline__std__max_abs_delta,0.5532669349439487,0.0001556811652960405,lower=damaged
Rubizhne,s1__vv__baseline__count__mean,0.5,1.0,higher=damaged
Rubizhne,s1__vv__baseline__count__p10,0.5,1.0,higher=damaged
Rubizhne,s1__vv__baseline__count__p50,0.5,1.0,higher=damaged
Rubizhne,s1__vv__baseline__count__p90,0.5,1.0,higher=damaged
Rubizhne,s1__vv__baseline__count__std,0.5,1.0,higher=damaged
Rubizhne,s1__vv__baseline__count__min,0.5,1.0,higher=damaged
Rubizhne,s1__vv__baseline__count__max,0.5,1.0,higher=damaged
Rubizhne,s1__vv__baseline__count__max_abs_delta,0.5,1.0,higher=damaged
Rubizhne,s1__vv__baseline__kurtosis__mean,0.5154809029686085,0.27172625393414007,lower=damaged
Rubizhne,s1__vv__baseline__kurtosis__p10,0.5159098706340108,0.2586651705421683,lower=damaged
Rubizhne,s1__vv__baseline__kurtosis__p50,0.5056220221483405,0.6897935160451998,lower=damaged
Rubizhne,s1__vv__baseline__kurtosis__p90,0.5158494392490901,0.26047836570957295,lower=damaged
Rubizhne,s1__vv__baseline__kurtosis__std,0.507059527769173,0.6162336948599717,lower=damaged
Rubizhne,s1__vv__baseline__kurtosis__min,0.5112764012586858,0.4233720675904076,lower=damaged
Rubizhne,s1__vv__baseline__kurtosis__max,0.5169471967688718,0.2288990203665221,lower=damaged
Rubizhne,s1__vv__baseline__kurtosis__max_abs_delta,0.5109866161136719,0.43538463477609035,lower=damaged
Rubizhne,s1__vv__baseline__max__mean,0.5294243744043107,0.03670285402349919,lower=damaged
Rubizhne,s1__vv__baseline__max__p10,0.5224966536715396,0.11022114190601329,lower=damaged
Rubizhne,s1__vv__baseline__max__p50,0.5250457161047737,0.07537458708373303,lower=damaged
Rubizhne,s1__vv__baseline__max__p90,0.5327235949346127,0.020163466678852226,lower=damaged
Rubizhne,s1__vv__baseline__max__std,0.515960071508886,0.2571656021062809,lower=damaged
Rubizhne,s1__vv__baseline__max__min,0.5255634274968511,0.06953394504580887,lower=damaged
Rubizhne,s1__vv__baseline__max__max,0.5347213994195732,0.013696271357366712,lower=damaged
Rubizhne,s1__vv__baseline__max__max_abs_delta,0.5145906106757989,0.30025490284154965,lower=damaged
Rubizhne,s1__vv__baseline__mean__mean,0.5355650596200816,0.011568831190742578,lower=damaged
Rubizhne,s1__vv__baseline__mean__p10,0.5348677195051097,0.013304209456455095,lower=damaged
Rubizhne,s1__vv__baseline__mean__p50,0.5318818380848105,0.023603096097080053,lower=damaged
Rubizhne,s1__vv__baseline__mean__p90,0.5355479294637262,0.01160892946254115,lower=damaged
Rubizhne,s1__vv__baseline__mean__std,0.5058623201749941,0.6772666106446232,lower=damaged
Rubizhne,s1__vv__baseline__mean__min,0.5377917420274586,0.007293875422449043,lower=damaged
Rubizhne,s1__vv__baseline__mean__max,0.5359359750889459,0.010730200879286843,lower=damaged
Rubizhne,s1__vv__baseline__mean__max_abs_delta,0.5033967672539931,0.8094414164335989,lower=damaged
Rubizhne,s1__vv__baseline__median__mean,0.5382406948752758,0.0066276772923452324,lower=damaged
Rubizhne,s1__vv__baseline__median__p10,0.5373211385653589,0.008056127841387446,lower=damaged
Rubizhne,s1__vv__baseline__median__p50,0.5341213681094541,0.015412804592175339,lower=damaged
Rubizhne,s1__vv__baseline__median__p90,0.5381683675484414,0.006731163062610653,lower=damaged
Rubizhne,s1__vv__baseline__median__std,0.5121129238940463,0.389802178090607,lower=damaged
Rubizhne,s1__vv__baseline__median__min,0.5427706695559531,0.0023925158269098787,lower=damaged
Rubizhne,s1__vv__baseline__median__max,0.539696282327817,0.004827284333116828,lower=damaged
Rubizhne,s1__vv__baseline__median__max_abs_delta,0.508777539700327,0.533172387161075,lower=damaged
Rubizhne,s1__vv__baseline__min__mean,0.5324516537024692,0.021223497251797823,lower=damaged
Rubizhne,s1__vv__baseline__min__p10,0.5345006107376578,0.014307195040859009,lower=damaged
Rubizhne,s1__vv__baseline__min__p50,0.530514756440106,0.03027536481283639,lower=damaged
Rubizhne,s1__vv__baseline__min__p90,0.5301152907106493,0.032507997701604244,lower=damaged
Rubizhne,s1__vv__baseline__min__std,0.5085902975746077,0.541943397369768,higher=damaged
Rubizhne,s1__vv__baseline__min__min,0.5351137275838818,0.01266735998430721,lower=damaged
Rubizhne,s1__vv__baseline__min__max,0.5299580263585523,0.03342487433535534,lower=damaged
Rubizhne,s1__vv__baseline__min__max_abs_delta,0.5087232942052012,0.5357060133948541,higher=damaged
Rubizhne,s1__vv__baseline__skewness__mean,0.538801231658242,0.0058729464231016175,higher=damaged
Rubizhne,s1__vv__baseline__skewness__p10,0.5430335698722424,0.002248509278407399,higher=damaged
Rubizhne,s1__vv__baseline__skewness__p50,0.5310357986959193,0.02756220466649748,higher=damaged
Rubizhne,s1__vv__baseline__skewness__p90,0.53399122650492,0.015809176188014296,higher=damaged
Rubizhne,s1__vv__baseline__skewness__std,0.5147676222914724,0.29442931013896256,lower=damaged
Rubizhne,s1__vv__baseline__skewness__min,0.5475216708373839,0.0007410440539844192,higher=damaged
Rubizhne,s1__vv__baseline__skewness__max,0.5293658463700961,0.03707849060295807,higher=damaged
Rubizhne,s1__vv__baseline__skewness__max_abs_delta,0.5168272856743833,0.23220961243607352,lower=damaged
Rubizhne,s1__vv__baseline__std__mean,0.5057681043150388,0.6821677542317193,higher=damaged
Rubizhne,s1__vv__baseline__std__p10,0.5130481828472889,0.35424974526120867,higher=damaged
Rubizhne,s1__vv__baseline__std__p50,0.5092667008318118,0.5106023251536438,higher=damaged
Rubizhne,s1__vv__baseline__std__p90,0.5009645229703501,0.9454176410641927,lower=damaged
Rubizhne,s1__vv__baseline__std__std,0.5076719308588823,0.5859772956239941,lower=damaged
Rubizhne,s1__vv__baseline__std__min,0.5083830702664738,0.5517337654450154,higher=damaged
Rubizhne,s1__vv__baseline__std__max,0.5011805532755,0.9332154472970302,higher=damaged
Rubizhne,s1__vv__baseline__std__max_abs_delta,0.5059058593223977,0.6750062800563246,lower=damaged
Rubizhne,s1__coh__baseline__count__mean,0.5,1.0,higher=damaged
Rubizhne,s1__coh__baseline__count__p10,0.5,1.0,higher=damaged
Rubizhne,s1__coh__baseline__count__p50,0.5,1.0,higher=damaged
Rubizhne,s1__coh__baseline__count__p90,0.5,1.0,higher=damaged
Rubizhne,s1__coh__baseline__count__std,0.5,1.0,higher=damaged
Rubizhne,s1__coh__baseline__count__min,0.5,1.0,higher=damaged
Rubizhne,s1__coh__baseline__count__max,0.5,1.0,higher=damaged
Rubizhne,s1__coh__baseline__count__max_abs_delta,0.5,1.0,higher=damaged
Rubizhne,s1__coh__baseline__max__mean,0.5,1.0,higher=damaged
Rubizhne,s1__coh__baseline__max__p10,0.5,1.0,higher=damaged
Rubizhne,s1__coh__baseline__max__p50,0.5,1.0,higher=damaged
Rubizhne,s1__coh__baseline__max__p90,0.5,1.0,higher=damaged
Rubizhne,s1__coh__baseline__max__std,0.5,1.0,higher=damaged
Rubizhne,s1__coh__baseline__max__min,0.5,1.0,higher=damaged
Rubizhne,s1__coh__baseline__max__max,0.5,1.0,higher=damaged
Rubizhne,s1__coh__baseline__max__max_abs_delta,0.5,1.0,higher=damaged
Rubizhne,s1__coh__baseline__mean__mean,0.5,1.0,higher=damaged
Rubizhne,s1__coh__baseline__mean__p10,0.5,1.0,higher=damaged
Rubizhne,s1__coh__baseline__mean__p50,0.5,1.0,higher=damaged
Rubizhne,s1__coh__baseline__mean__p90,0.5,1.0,higher=damaged
Rubizhne,s1__coh__baseline__mean__std,0.5,1.0,higher=damaged
Rubizhne,s1__coh__baseline__mean__min,0.5,1.0,higher=damaged
Rubizhne,s1__coh__baseline__mean__max,0.5,1.0,higher=damaged
Rubizhne,s1__coh__baseline__mean__max_abs_delta,0.5,1.0,higher=damaged
Rubizhne,s1__coh__baseline__median__mean,0.5,1.0,higher=damaged
Rubizhne,s1__coh__baseline__median__p10,0.5,1.0,higher=damaged
Rubizhne,s1__coh__baseline__median__p50,0.5,1.0,higher=damaged
Rubizhne,s1__coh__baseline__median__p90,0.5,1.0,higher=damaged
Rubizhne,s1__coh__baseline__median__std,0.5,1.0,higher=damaged
Rubizhne,s1__coh__baseline__median__min,0.5,1.0,higher=damaged
Rubizhne,s1__coh__baseline__median__max,0.5,1.0,higher=damaged
Rubizhne,s1__coh__baseline__median__max_abs_delta,0.5,1.0,higher=damaged
Rubizhne,s1__coh__baseline__min__mean,0.5,1.0,higher=damaged
Rubizhne,s1__coh__baseline__min__p10,0.5,1.0,higher=damaged
Rubizhne,s1__coh__baseline__min__p50,0.5,1.0,higher=damaged
Rubizhne,s1__coh__baseline__min__p90,0.5,1.0,higher=damaged
Rubizhne,s1__coh__baseline__min__std,0.5,1.0,higher=damaged
Rubizhne,s1__coh__baseline__min__min,0.5,1.0,higher=damaged
Rubizhne,s1__coh__baseline__min__max,0.5,1.0,higher=damaged
Rubizhne,s1__coh__baseline__min__max_abs_delta,0.5,1.0,higher=damaged
Rubizhne,s1__coh__baseline__std__mean,0.5,1.0,higher=damaged
Rubizhne,s1__coh__baseline__std__p10,0.5,1.0,higher=damaged
Rubizhne,s1__coh__baseline__std__p50,0.5,1.0,higher=damaged
Rubizhne,s1__coh__baseline__std__p90,0.5,1.0,higher=damaged
Rubizhne,s1__coh__baseline__std__std,0.5,1.0,higher=damaged
Rubizhne,s1__coh__baseline__std__min,0.5,1.0,higher=damaged
Rubizhne,s1__coh__baseline__std__max,0.5,1.0,higher=damaged
Rubizhne,s1__coh__baseline__std__max_abs_delta,0.5,1.0,higher=damaged
Sievierodonetsk,s1__vh__baseline__count__mean,0.5,1.0,higher=damaged
Sievierodonetsk,s1__vh__baseline__count__p10,0.5,1.0,higher=damaged
Sievierodonetsk,s1__vh__baseline__count__p50,0.5,1.0,higher=damaged
Sievierodonetsk,s1__vh__baseline__count__p90,0.5,1.0,higher=damaged
Sievierodonetsk,s1__vh__baseline__count__std,0.5,1.0,higher=damaged
Sievierodonetsk,s1__vh__baseline__count__min,0.5,1.0,higher=damaged
Sievierodonetsk,s1__vh__baseline__count__max,0.5,1.0,higher=damaged
Sievierodonetsk,s1__vh__baseline__count__max_abs_delta,0.5,1.0,higher=damaged
Sievierodonetsk,s1__vh__baseline__kurtosis__mean,0.5118856319736601,0.35972042997084075,higher=damaged
Sievierodonetsk,s1__vh__baseline__kurtosis__p10,0.5124250045728919,0.33833392230458315,higher=damaged
Sievierodonetsk,s1__vh__baseline__kurtosis__p50,0.511109840863362,0.39193422597420235,higher=damaged
Sievierodonetsk,s1__vh__baseline__kurtosis__p90,0.5129755807572709,0.31736364985484444,higher=damaged
Sievierodonetsk,s1__vh__baseline__kurtosis__std,0.5068879184196086,0.5955778614605758,lower=damaged
Sievierodonetsk,s1__vh__baseline__kurtosis__min,0.5192699378086703,0.13756024985835075,higher=damaged
Sievierodonetsk,s1__vh__baseline__kurtosis__max,0.5060819462227913,0.6393115094898711,higher=damaged
Sievierodonetsk,s1__vh__baseline__kurtosis__max_abs_delta,0.5098628132430949,0.44724380471678005,lower=damaged
Sievierodonetsk,s1__vh__baseline__max__mean,0.5028061551124932,0.8288109951599145,lower=damaged
Sievierodonetsk,s1__vh__baseline__max__p10,0.5389441192610207,0.002690548874466235,lower=damaged
Sievierodonetsk,s1__vh__baseline__max__p50,0.5049972562648619,0.7001821237010526,higher=damaged
Sievierodonetsk,s1__vh__baseline__max__p90,0.5227345893543076,0.0797864318861123,higher=damaged
Sievierodonetsk,s1__vh__baseline__max__std,0.6141450978598867,1.4166888846278428e-18,higher=damaged
Sievierodonetsk,s1__vh__baseline__max__min,0.5522418602524236,5.67870932109201e-05,lower=damaged
Sievierodonetsk,s1__vh__baseline__max__max,0.5266809950612767,0.039778705856944395,higher=damaged
Sievierodonetsk,s1__vh__baseline__max__max_abs_delta,0.6129218492774832,3.2659393750474826e-18,higher=damaged
Sievierodonetsk,s1__vh__baseline__mean__mean,0.508044860069508,0.5353070188714517,lower=damaged
Sievierodonetsk,s1__vh__baseline__mean__p10,0.5434719681726724,0.0008082198419656353,lower=damaged
Sievierodonetsk,s1__vh__baseline__mean__p50,0.500706740442656,0.9565811691922486,lower=damaged
Sievierodonetsk,s1__vh__baseline__mean__p90,0.5175681360892629,0.17580150429011476,higher=damaged
Sievierodonetsk,s1__vh__baseline__mean__std,0.6066437259923175,2.0687933692900763e-16,higher=damaged
Sievierodonetsk,s1__vh__baseline__mean__min,0.5552492226083776,2.0669960401724583e-05,lower=damaged
Sievierodonetsk,s1__vh__baseline__mean__max,0.5191048564111945,0.14096236878855192,higher=damaged
Sievierodonetsk,s1__vh__baseline__mean__max_abs_delta,0.6060830894457655,2.962995582178226e-16,higher=damaged
Sievierodonetsk,s1__vh__baseline__median__mean,0.5110952076092921,0.39255820558924237,lower=damaged
Sievierodonetsk,s1__vh__baseline__median__p10,0.5422887323943663,0.0011189111689999308,lower=damaged
Sievierodonetsk,s1__vh__baseline__median__p50,0.5058343241265777,0.6530135309736588,lower=damaged
Sievierodonetsk,s1__vh__baseline__median__p90,0.5131946222791294,0.3092630015287531,higher=damaged
Sievierodonetsk,s1__vh__baseline__median__std,0.6029387689775014,2.147435735426962e-15,higher=damaged
Sievierodonetsk,s1__vh__baseline__median__min,0.553264358880556,4.0506212513390296e-05,lower=damaged
Sievierodonetsk,s1__vh__baseline__median__max,0.5154602615694166,0.2335116863622495,higher=damaged
Sievierodonetsk,s1__vh__baseline__median__max_abs_delta,0.6025441284068045,2.7422465571876724e-15,higher=damaged
Sievierodonetsk,s1__vh__baseline__min__mean,0.5070479696359979,0.5870581216753656,lower=damaged
Sievierodonetsk,s1__vh__baseline__min__p10,0.5341334369855496,0.008530197538598742,lower=damaged
Sievierodonetsk,s1__vh__baseline__min__p50,0.501118300713371,0.9313396591228624,lower=damaged
Sievierodonetsk,s1__vh__baseline__min__p90,0.5156687854399122,0.22726638317090864,higher=damaged
Sievierodonetsk,s1__vh__baseline__min__std,0.5814989939637827,3.3780105351793244e-10,higher=damaged
Sievierodonetsk,s1__vh__baseline__min__min,0.5407712182184014,0.0016788831811912126,lower=damaged
Sievierodonetsk,s1__vh__baseline__min__max,0.515040470093287,0.2464512547769303,higher=damaged
Sievierodonetsk,s1__vh__baseline__min__max_abs_delta,0.5798575544174135,7.561737001223082e-10,higher=damaged
Sievierodonetsk,s1__vh__baseline__skewness__mean,0.5050519023230291,0.6970648174736551,higher=damaged
Sievierodonetsk,s1__vh__baseline__skewness__p10,0.5045893543076643,0.7236076400167677,higher=damaged
Sievierodonetsk,s1__vh__baseline__skewness__p50,0.5080219956100238,0.5364677171689509,higher=damaged
Sievierodonetsk,s1__vh__baseline__skewness__p90,0.5000022864459485,0.999873474906929,higher=damaged
Sievierodonetsk,s1__vh__baseline__skewness__std,0.5165728461679167,0.20156761095069942,lower=damaged
Sievierodonetsk,s1__vh__baseline__skewness__min,0.5119453082129138,0.35731328895839687,higher=damaged
Sievierodonetsk,s1__vh__baseline__skewness__max,0.5005768703127857,0.9645565216913882,lower=damaged
Sievierodonetsk,s1__vh__baseline__skewness__max_abs_delta,0.5199092280958478,0.12497992536076663,lower=damaged
Sievierodonetsk,s1__vh__baseline__std__mean,0.516185064935065,0.21231852559819764,higher=damaged
Sievierodonetsk,s1__vh__baseline__std__p10,0.5192402140113408,0.13816810364077153,higher=damaged
Sievierodonetsk,s1__vh__baseline__std__p50,0.5180937900128041,0.16322607373530462,higher=damaged
Sievierodonetsk,s1__vh__baseline__std__p90,0.5126680537772087,0.3289693576135032,higher=damaged
Sievierodonetsk,s1__vh__baseline__std__std,0.5020255624657033,0.8759749160084627,higher=damaged
Sievierodonetsk,s1__vh__baseline__std__min,0.5172784433875983,0.18303376316894227,higher=damaged
Sievierodonetsk,s1__vh__baseline__std__max,0.5125411560270715,0.3338375072382832,higher=damaged
Sievierodonetsk,s1__vh__baseline__std__max_abs_delta,0.5041183464422901,0.7509816906224244,higher=damaged
Sievierodonetsk,s1__vv__baseline__count__mean,0.5,1.0,higher=damaged
Sievierodonetsk,s1__vv__baseline__count__p10,0.5,1.0,higher=damaged
Sievierodonetsk,s1__vv__baseline__count__p50,0.5,1.0,higher=damaged
Sievierodonetsk,s1__vv__baseline__count__p90,0.5,1.0,higher=damaged
Sievierodonetsk,s1__vv__baseline__count__std,0.5,1.0,higher=damaged
Sievierodonetsk,s1__vv__baseline__count__min,0.5,1.0,higher=damaged
Sievierodonetsk,s1__vv__baseline__count__max,0.5,1.0,higher=damaged
Sievierodonetsk,s1__vv__baseline__count__max_abs_delta,0.5,1.0,higher=damaged
Sievierodonetsk,s1__vv__baseline__kurtosis__mean,0.5019014084507042,0.8835217041083432,higher=damaged
Sievierodonetsk,s1__vv__baseline__kurtosis__p10,0.5115051673678435,0.3753055746689067,higher=damaged
Sievierodonetsk,s1__vv__baseline__kurtosis__p50,0.5002174410096946,0.9866451970774788,higher=damaged
Sievierodonetsk,s1__vv__baseline__kurtosis__p90,0.508819507956832,0.49674499990937904,lower=damaged
Sievierodonetsk,s1__vv__baseline__kurtosis__std,0.5273239436619719,0.0352403641405123,lower=damaged
Sievierodonetsk,s1__vv__baseline__kurtosis__min,0.5168897475763673,0.19308093914771396,higher=damaged
Sievierodonetsk,s1__vv__baseline__kurtosis__max,0.5038476312419974,0.7668607273546757,lower=damaged
Sievierodonetsk,s1__vv__baseline__kurtosis__max_abs_delta,0.5280848728736053,0.030447210176544774,lower=damaged
Sievierodonetsk,s1__vv__baseline__max__mean,0.5318627675141759,0.01407471985658952,lower=damaged
Sievierodonetsk,s1__vv__baseline__max__p10,0.560385952076093,3.2655615686268366e-06,lower=damaged
Sievierodonetsk,s1__vv__baseline__max__p50,0.527869946954454,0.031740693534381983,lower=damaged
Sievierodonetsk,s1__vv__baseline__max__p90,0.5125468721419426,0.33361722786459236,lower=damaged
Sievierodonetsk,s1__vv__baseline__max__std,0.5623840771904152,1.529476743424522e-06,higher=damaged
Sievierodonetsk,s1__vv__baseline__max__min,0.5728747484909457,1.9569538730743672e-08,lower=damaged
Sievierodonetsk,s1__vv__baseline__max__max,0.5108859978050119,0.4015448464929996,lower=damaged
Sievierodonetsk,s1__vv__baseline__max__max_abs_delta,0.5639265136272178,8.384134551880147e-07,higher=damaged
Sievierodonetsk,s1__vv__baseline__mean__mean,0.5392745107005671,0.002473986446997237,lower=damaged
Sievierodonetsk,s1__vv__baseline__mean__p10,0.5668764861898665,2.556231492970481e-07,lower=damaged
Sievierodonetsk,s1__vv__baseline__mean__p50,0.5347388878726906,0.007428758946444646,lower=damaged
Sievierodonetsk,s1__vv__baseline__mean__p90,0.520911834644229,0.10707867850572515,lower=damaged
Sievierodonetsk,s1__vv__baseline__mean__std,0.557942427291019,8.004313620078207e-06,higher=damaged
Sievierodonetsk,s1__vv__baseline__mean__min,0.5780265685019206,1.8238281113475928e-09,lower=damaged
Sievierodonetsk,s1__vv__baseline__mean__max,0.5180512621181635,0.1642175585009289,lower=damaged
Sievierodonetsk,s1__vv__baseline__mean__max_abs_delta,0.560075224071703,3.6668533734540636e-06,higher=damaged
Sievierodonetsk,s1__vv__baseline__median__mean,0.543440872507774,0.0008152398067760729,lower=damaged
Sievierodonetsk,s1__vv__baseline__median__p10,0.5700459575635632,6.747222979444922e-08,lower=damaged
Sievierodonetsk,s1__vv__baseline__median__p50,0.5392376989207975,0.002497300239557959,lower=damaged
Sievierodonetsk,s1__vv__baseline__median__p90,0.5229257362355954,0.0772857713989217,lower=damaged
Sievierodonetsk,s1__vv__baseline__median__std,0.5547450612767514,2.457398799154157e-05,higher=damaged
Sievierodonetsk,s1__vv__baseline__median__min,0.5789921346259373,1.1492070940977914e-09,lower=damaged
Sievierodonetsk,s1__vv__baseline__median__max,0.5229778672032194,0.07661496707886016,lower=damaged
Sievierodonetsk,s1__vv__baseline__median__max_abs_delta,0.5518110938357417,6.535732511672475e-05,higher=damaged
Sievierodonetsk,s1__vv__baseline__min__mean,0.5409362996158771,0.0016073823979460289,lower=damaged
Sievierodonetsk,s1__vv__baseline__min__p10,0.5609127492226084,2.6796159242024937e-06,lower=damaged
Sievierodonetsk,s1__vv__baseline__min__p50,0.5363085330162796,0.005142891885019137,lower=damaged
Sievierodonetsk,s1__vv__baseline__min__p90,0.5279764953356503,0.03109368289845606,lower=damaged
Sievierodonetsk,s1__vv__baseline__min__std,0.540005716114871,0.0020502686592894417,higher=damaged
Sievierodonetsk,s1__vv__baseline__min__min,0.5656788458020852,4.165327211919907e-07,lower=damaged
Sievierodonetsk,s1__vv__baseline__min__max,0.5272388878726907,0.035814153679369194,lower=damaged
Sievierodonetsk,s1__vv__baseline__min__max_abs_delta,0.5401495335650266,0.001975207486290905,higher=damaged
Sievierodonetsk,s1__vv__baseline__skewness__mean,0.5464159959758552,0.0003477819083601244,higher=damaged
Sievierodonetsk,s1__vv__baseline__skewness__p10,0.5475985458203768,0.0002444920901235983,higher=damaged
Sievierodonetsk,s1__vv__baseline__skewness__p50,0.5445328790927382,0.0005997689758404382,higher=damaged
Sievierodonetsk,s1__vv__baseline__skewness__p90,0.5366498993963783,0.00473913095588127,higher=damaged
Sievierodonetsk,s1__vv__baseline__skewness__std,0.5186411651728553,0.15086458091683425,lower=damaged
Sievierodonetsk,s1__vv__baseline__skewness__min,0.5463249954271081,0.0003572256728640345,higher=damaged
Sievierodonetsk,s1__vv__baseline__skewness__max,0.5306102524236327,0.0183326020395667,higher=damaged
Sievierodonetsk,s1__vv__baseline__skewness__max_abs_delta,0.5182254892994329,0.16018429199063866,lower=damaged
Sievierodonetsk,s1__vv__baseline__std__mean,0.5323934516188038,0.012551565667455118,higher=damaged
Sievierodonetsk,s1__vv__baseline__std__p10,0.5276705688677519,0.03298245456131022,higher=damaged
Sievierodonetsk,s1__vv__baseline__std__p50,0.5345331077373331,0.007787908895898319,higher=damaged
Sievierodonetsk,s1__vv__baseline__std__p90,0.5305558350100603,0.018540780693308553,higher=damaged
Sievierodonetsk,s1__vv__baseline__std__std,0.5159669379915859,0.21854496439050763,higher=damaged
Sievierodonetsk,s1__vv__baseline__std__min,0.5264859612218766,0.04124982538336676,higher=damaged
Sievierodonetsk,s1__vv__baseline__std__max,0.5275050301810865,0.03404483299235323,higher=damaged
Sievierodonetsk,s1__vv__baseline__std__max_abs_delta,0.5122738704957015,0.3442425034698229,higher=damaged
Sievierodonetsk,s1__coh__baseline__count__mean,0.5002752880921895,0.9560813384474638,lower=damaged
Sievierodonetsk,s1__coh__baseline__count__p10,0.5002812328516554,0.9551332006507646,lower=damaged
Sievierodonetsk,s1__coh__baseline__count__p50,0.5002597402597402,0.587279855081291,higher=damaged
Sievierodonetsk,s1__coh__baseline__count__p90,0.5,1.0,higher=damaged
Sievierodonetsk,s1__coh__baseline__count__std,0.5003002103530273,0.9521090339965549,higher=damaged
Sievierodonetsk,s1__coh__baseline__count__min,0.5003333638192793,0.9468137869620435,lower=damaged
Sievierodonetsk,s1__coh__baseline__count__max,0.5,1.0,higher=damaged
Sievierodonetsk,s1__coh__baseline__count__max_abs_delta,0.5003333638192793,0.9468137869620435,higher=damaged
Sievierodonetsk,s1__coh__baseline__max__mean,0.5072985641119444,0.5738332287492718,lower=damaged
Sievierodonetsk,s1__coh__baseline__max__p10,0.5101353576001463,0.43479043482079427,lower=damaged
Sievierodonetsk,s1__coh__baseline__max__p50,0.5104394549112858,0.421134555298178,lower=damaged
Sievierodonetsk,s1__coh__baseline__max__p90,0.502354124748491,0.8560591378845093,higher=damaged
Sievierodonetsk,s1__coh__baseline__max__std,0.5232478964697275,0.07321591547958399,higher=damaged
Sievierodonetsk,s1__coh__baseline__max__min,0.5161237881836473,0.21405457972487807,lower=damaged
Sievierodonetsk,s1__coh__baseline__max__max,0.5047039052496799,0.7170017441789156,higher=damaged
Sievierodonetsk,s1__coh__baseline__max__max_abs_delta,0.5259994055240534,0.04512196169084215,higher=damaged
Sievierodonetsk,s1__coh__baseline__mean__mean,0.5019322754710078,0.8816444158067501,higher=damaged
Sievierodonetsk,s1__coh__baseline__mean__p10,0.5094969818913481,0.4642742875594238,lower=damaged
Sievierodonetsk,s1__coh__baseline__mean__p50,0.508310773733309,0.521901710583341,higher=damaged
Sievierodonetsk,s1__coh__baseline__mean__p90,0.5075329248216572,0.5615942617782088,higher=damaged
Sievierodonetsk,s1__coh__baseline__mean__std,0.5222002469361624,0.08712731732751876,higher=damaged
Sievierodonetsk,s1__coh__baseline__mean__min,0.5204143040058533,0.11569017817383655,lower=damaged
Sievierodonetsk,s1__coh__baseline__mean__max,0.507366928845802,0.5702500004911542,higher=damaged
Sievierodonetsk,s1__coh__baseline__mean__max_abs_delta,0.5270925553319918,0.03681997207579875,higher=damaged
Sievierodonetsk,s1__coh__baseline__median__mean,0.5037307938540333,0.7737447348697297,higher=damaged
Sievierodonetsk,s1__coh__baseline__median__p10,0.5068824309493324,0.5958709630780709,lower=damaged
Sievierodonetsk,s1__coh__baseline__median__p50,0.5106100237790379,0.41358640999934704,higher=damaged
Sievierodonetsk,s1__coh__baseline__median__p90,0.5083690781049937,0.5189857016240103,higher=damaged
Sievierodonetsk,s1__coh__baseline__median__std,0.522034708249497,0.0895090399429393,higher=damaged
Sievierodonetsk,s1__coh__baseline__median__min,0.5200080025608194,0.12311884502249544,lower=damaged
Sievierodonetsk,s1__coh__baseline__median__max,0.5072633528443388,0.5756829188131134,higher=damaged
Sievierodonetsk,s1__coh__baseline__median__max_abs_delta,0.5258937717212364,0.04600194049548622,higher=damaged
Sievierodonetsk,s1__coh__baseline__min__mean,0.5040803914395463,0.7532018020124127,higher=damaged
Sievierodonetsk,s1__coh__baseline__min__p10,0.5052510517651363,0.6857478134398187,lower=damaged
Sievierodonetsk,s1__coh__baseline__min__p50,0.5083821108468995,0.5183350403881478,higher=damaged
Sievierodonetsk,s1__coh__baseline__min__p90,0.5060956648984818,0.6385559280155432,higher=damaged
Sievierodonetsk,s1__coh__baseline__min__std,0.5136210444485092,0.2938882133071258,higher=damaged
Sievierodonetsk,s1__coh__baseline__min__min,0.5113828425096031,0.38040374816962086,lower=damaged
Sievierodonetsk,s1__coh__baseline__min__max,0.508447960490214,0.515053946676487,higher=damaged
Sievierodonetsk,s1__coh__baseline__min__max_abs_delta,0.5173470367660509,0.1813017040853534,higher=damaged
Sievierodonetsk,s1__coh__baseline__std__mean,0.513135860618255,0.3114226099364348,lower=damaged
Sievierodonetsk,s1__coh__baseline__std__p10,0.5131306017925736,0.3116163641587161,lower=damaged
Sievierodonetsk,s1__coh__baseline__std__p50,0.5166563014450338,0.19930672140225725,lower=damaged
Sievierodonetsk,s1__coh__baseline__std__p90,0.507589400036583,0.558663953508258,lower=damaged
Sievierodonetsk,s1__coh__baseline__std__std,0.5067141485275288,0.604891189477808,higher=damaged
Sievierodonetsk,s1__coh__baseline__std__min,0.5166789372599232,0.19869669775621313,lower=damaged
Sievierodonetsk,s1__coh__baseline__std__max,0.5047441466983721,0.714686096016867,lower=damaged
Sievierodonetsk,s1__coh__baseline__std__max_abs_delta,0.5087872690689592,0.49831979124128445,higher=damaged
Trostianets,s1__vh__baseline__count__mean,0.503968253968254,0.7295616809724486,higher=damaged
Trostianets,s1__vh__baseline__count__p10,0.5,1.0,higher=damaged
Trostianets,s1__vh__baseline__count__p50,0.503968253968254,0.7295616809724486,higher=damaged
Trostianets,s1__vh__baseline__count__p90,0.5,1.0,higher=damaged
Trostianets,s1__vh__baseline__count__std,0.5,1.0,higher=damaged
Trostianets,s1__vh__baseline__count__min,0.503968253968254,0.7295616809724486,higher=damaged
Trostianets,s1__vh__baseline__count__max,0.503968253968254,0.7295616809724486,higher=damaged
Trostianets,s1__vh__baseline__count__max_abs_delta,0.5,1.0,higher=damaged
Trostianets,s1__vh__baseline__kurtosis__mean,0.5550887021475257,0.4178314331243519,lower=damaged
Trostianets,s1__vh__baseline__kurtosis__p10,0.5212418300653595,0.7553556633651095,lower=damaged
Trostianets,s1__vh__baseline__kurtosis__p50,0.5359477124183006,0.5978569029033836,lower=damaged
Trostianets,s1__vh__baseline__kurtosis__p90,0.5595238095238095,0.3792044213084189,lower=damaged
Trostianets,s1__vh__baseline__kurtosis__std,0.5504201680672269,0.45854978652490774,lower=damaged
Trostianets,s1__vh__baseline__kurtosis__min,0.5116713352007469,0.8658492860782228,lower=damaged
Trostianets,s1__vh__baseline__kurtosis__max,0.5574229691876751,0.39829770784987617,lower=damaged
Trostianets,s1__vh__baseline__kurtosis__max_abs_delta,0.5765639589169,0.2595862135148348,lower=damaged
Trostianets,s1__vh__baseline__max__mean,0.6930438842203548,0.004564949242923578,higher=damaged
Trostianets,s1__vh__baseline__max__p10,0.6995798319327731,0.0031105251889166534,higher=damaged
Trostianets,s1__vh__baseline__max__p50,0.6925770308123249,0.0046640753174837695,higher=damaged
Trostianets,s1__vh__baseline__max__p90,0.6351540616246498,0.04538480266507543,higher=damaged
Trostianets,s1__vh__baseline__max__std,0.5336134453781513,0.6220063988133201,higher=damaged
Trostianets,s1__vh__baseline__max__min,0.719187675070028,0.0012782792872157245,higher=damaged
Trostianets,s1__vh__baseline__max__max,0.6276844070961718,0.06082009597821858,higher=damaged
Trostianets,s1__vh__baseline__max__max_abs_delta,0.5191409897292251,0.7800478261505758,higher=damaged
Trostianets,s1__vh__baseline__mean__mean,0.6781045751633987,0.008884310272690325,higher=damaged
Trostianets,s1__vh__baseline__mean__p10,0.6991129785247432,0.0031810864835834876,higher=damaged
Trostianets,s1__vh__baseline__mean__p50,0.6855742296918768,0.006403860941761806,higher=damaged
Trostianets,s1__vh__baseline__mean__p90,0.6430905695611577,0.034109027075547624,higher=damaged
Trostianets,s1__vh__baseline__mean__std,0.5018674136321195,0.9807462847901145,higher=damaged
Trostianets,s1__vh__baseline__mean__min,0.7121848739495797,0.0018221055042017635,higher=damaged
Trostianets,s1__vh__baseline__mean__max,0.6295518207282913,0.057136394681757706,higher=damaged
Trostianets,s1__vh__baseline__mean__max_abs_delta,0.5280112044817926,0.6816108085347343,higher=damaged
Trostianets,s1__vh__baseline__median__mean,0.6720354808590103,0.01149766329999281,higher=damaged
Trostianets,s1__vh__baseline__median__p10,0.6986461251167133,0.0032531037266483025,higher=damaged
Trostianets,s1__vh__baseline__median__p50,0.6785714285714286,0.008707195037572193,higher=damaged
Trostianets,s1__vh__baseline__median__p90,0.6435574229691876,0.03352786762598907,higher=damaged
Trostianets,s1__vh__baseline__median__std,0.503734827264239,0.9587564180910451,higher=damaged
Trostianets,s1__vh__baseline__median__min,0.7126517273576096,0.0017801027280295672,higher=damaged
Trostianets,s1__vh__baseline__median__max,0.6234827264239029,0.06983337426880921,higher=damaged
Trostianets,s1__vh__baseline__median__max_abs_delta,0.511204481792717,0.87127605270572,higher=damaged
Trostianets,s1__vh__baseline__min__mean,0.6566293183940243,0.021415702555980173,higher=damaged
Trostianets,s1__vh__baseline__min__p10,0.6711017740429506,0.011269551543068256,higher=damaged
Trostianets,s1__vh__baseline__min__p50,0.6636321195144725,0.01623505340321603,higher=damaged
Trostianets,s1__vh__baseline__min__p90,0.6337535014005602,0.047670047532261825,higher=damaged
Trostianets,s1__vh__baseline__min__std,0.5532212885154062,0.4338571607891287,lower=damaged
Trostianets,s1__vh__baseline__min__min,0.6916433239962652,0.004868195400164071,higher=damaged
Trostianets,s1__vh__baseline__min__max,0.6449579831932772,0.033263387798603064,higher=damaged
Trostianets,s1__vh__baseline__min__max_abs_delta,0.5466853408029879,0.4926657358553772,lower=damaged
Trostianets,s1__vh__baseline__skewness__mean,0.5018674136321195,0.9807462847901145,lower=damaged
Trostianets,s1__vh__baseline__skewness__p10,0.5119047619047619,0.8625704852841825,higher=damaged
Trostianets,s1__vh__baseline__skewness__p50,0.5023342670401494,0.9752467923503113,lower=damaged
Trostianets,s1__vh__baseline__skewness__p90,0.5025676937441643,0.9723822786522681,lower=damaged
Trostianets,s1__vh__baseline__skewness__std,0.5177404295051353,0.795966240142784,lower=damaged
Trostianets,s1__vh__baseline__skewness__min,0.5289449112978525,0.6715246200081646,higher=damaged
Trostianets,s1__vh__baseline__skewness__max,0.5065359477124183,0.9258355813118685,higher=damaged
Trostianets,s1__vh__baseline__skewness__max_abs_delta,0.503734827264239,0.9587564180910451,lower=damaged
Trostianets,s1__vh__baseline__std__mean,0.5455182072829131,0.5053238869489358,higher=damaged
Trostianets,s1__vh__baseline__std__p10,0.5511204481792717,0.45041161560752707,higher=damaged
Trostianets,s1__vh__baseline__std__p50,0.542250233426704,0.5365326577749009,higher=damaged
Trostianets,s1__vh__baseline__std__p90,0.5151727357609711,0.8246472293522655,higher=damaged
Trostianets,s1__vh__baseline__std__std,0.5336134453781514,0.6220063988133201,lower=damaged
Trostianets,s1__vh__baseline__std__min,0.5371148459383753,0.5874574568227016,higher=damaged
Trostianets,s1__vh__baseline__std__max,0.5109710550887021,0.8744962924887315,lower=damaged
Trostianets,s1__vh__baseline__std__max_abs_delta,0.5336134453781514,0.6220063988133201,lower=damaged
Trostianets,s1__vv__baseline__count__mean,0.503968253968254,0.7295616809724486,higher=damaged
Trostianets,s1__vv__baseline__count__p10,0.5,1.0,higher=damaged
Trostianets,s1__vv__baseline__count__p50,0.503968253968254,0.7295616809724486,higher=damaged
Trostianets,s1__vv__baseline__count__p90,0.5,1.0,higher=damaged
Trostianets,s1__vv__baseline__count__std,0.5,1.0,higher=damaged
Trostianets,s1__vv__baseline__count__min,0.503968253968254,0.7295616809724486,higher=damaged
Trostianets,s1__vv__baseline__count__max,0.503968253968254,0.7295616809724486,higher=damaged
Trostianets,s1__vv__baseline__count__max_abs_delta,0.5,1.0,higher=damaged
Trostianets,s1__vv__baseline__kurtosis__mean,0.5648926237161531,0.33958326298139674,lower=damaged
Trostianets,s1__vv__baseline__kurtosis__p10,0.5641923436041083,0.3428218972097473,lower=damaged
Trostianets,s1__vv__baseline__kurtosis__p50,0.5499533146591971,0.46274049868502976,lower=damaged
Trostianets,s1__vv__baseline__kurtosis__p90,0.561391223155929,0.36437528206286995,lower=damaged
Trostianets,s1__vv__baseline__kurtosis__std,0.5368814192343604,0.5883178080807359,lower=damaged
Trostianets,s1__vv__baseline__kurtosis__min,0.5583566760037348,0.3906402273361558,lower=damaged
Trostianets,s1__vv__baseline__kurtosis__max,0.5639589169000934,0.346603125415874,lower=damaged
Trostianets,s1__vv__baseline__kurtosis__max_abs_delta,0.5476190476190476,0.48401125466131656,lower=damaged
Trostianets,s1__vv__baseline__max__mean,0.5833333333333333,0.22155839254536802,higher=damaged
Trostianets,s1__vv__baseline__max__p10,0.576797385620915,0.25614202950607223,higher=damaged
Trostianets,s1__vv__baseline__max__p50,0.5777310924369747,0.2542920949502395,higher=damaged
Trostianets,s1__vv__baseline__max__p90,0.5361811391223157,0.5939247883807535,higher=damaged
Trostianets,s1__vv__baseline__max__std,0.5396825396825398,0.5601311510372039,lower=damaged
Trostianets,s1__vv__baseline__max__min,0.5973389355742297,0.15317155648410752,higher=damaged
Trostianets,s1__vv__baseline__max__max,0.5123716153127917,0.8582894567445913,lower=damaged
Trostianets,s1__vv__baseline__max__max_abs_delta,0.5471521942110178,0.4883281571340893,lower=damaged
Trostianets,s1__vv__baseline__mean__mean,0.5856676003734826,0.20885082082221162,higher=damaged
Trostianets,s1__vv__baseline__mean__p10,0.5987394957983194,0.14401842658276673,higher=damaged
Trostianets,s1__vv__baseline__mean__p50,0.5875350140056022,0.1990715649497672,higher=damaged
Trostianets,s1__vv__baseline__mean__p90,0.5221755368814192,0.7448529321658307,higher=damaged
Trostianets,s1__vv__baseline__mean__std,0.5485527544351074,0.47543989878327564,lower=damaged
Trostianets,s1__vv__baseline__mean__min,0.6122782446311859,0.09931724443597507,higher=damaged
Trostianets,s1__vv__baseline__mean__max,0.5128384687208216,0.8529000737929748,higher=damaged
Trostianets,s1__vv__baseline__mean__max_abs_delta,0.5634920634920635,0.350147456677085,lower=damaged
Trostianets,s1__vv__baseline__median__mean,0.5711951447245565,0.29655817793697425,higher=damaged
Trostianets,s1__vv__baseline__median__p10,0.6225490196078431,0.06965937701410099,higher=damaged
Trostianets,s1__vv__baseline__median__p50,0.5758636788048552,0.2659161188522505,higher=damaged
Trostianets,s1__vv__baseline__median__p90,0.5142390289449112,0.8354448113818477,higher=damaged
Trostianets,s1__vv__baseline__median__std,0.5527544351073763,0.43791841426688105,lower=damaged
Trostianets,s1__vv__baseline__median__min,0.5926704014939309,0.17391144021821925,higher=damaged
Trostianets,s1__vv__baseline__median__max,0.5063025210084033,0.9288625517434053,higher=damaged
Trostianets,s1__vv__baseline__median__max_abs_delta,0.5485527544351074,0.47543989878327564,lower=damaged
Trostianets,s1__vv__baseline__min__mean,0.584267040149393,0.2164104314710752,higher=damaged
Trostianets,s1__vv__baseline__min__p10,0.5847338935574229,0.21010908115080018,higher=damaged
Trostianets,s1__vv__baseline__min__p50,0.5870681605975723,0.20148442009655554,higher=damaged
Trostianets,s1__vv__baseline__min__p90,0.522642390289449,0.7396191639295842,higher=damaged
Trostianets,s1__vv__baseline__min__std,0.5760971055088702,0.26251163408434297,lower=damaged
Trostianets,s1__vv__baseline__min__min,0.5856676003734826,0.20885082082221162,higher=damaged
Trostianets,s1__vv__baseline__min__max,0.5287114845938375,0.6752815047841423,higher=damaged
Trostianets,s1__vv__baseline__min__max_abs_delta,0.5714285714285714,0.2930188293636631,lower=damaged
Trostianets,s1__vv__baseline__skewness__mean,0.5121381886087768,0.8604288370166218,higher=damaged
Trostianets,s1__vv__baseline__skewness__p10,0.5002334267040149,1.0,lower=damaged
Trostianets,s1__vv__baseline__skewness__p50,0.5046685340802988,0.947772195996752,higher=damaged
Trostianets,s1__vv__baseline__skewness__p90,0.5123716153127917,0.8571312964465887,higher=damaged
Trostianets,s1__vv__baseline__skewness__std,0.5364145658263305,0.5930785684268208,lower=damaged
Trostianets,s1__vv__baseline__skewness__min,0.5317460317460317,0.6416246770141845,lower=damaged
Trostianets,s1__vv__baseline__skewness__max,0.5056022408963585,0.9367978917418205,higher=damaged
Trostianets,s1__vv__baseline__skewness__max_abs_delta,0.5065359477124183,0.9258355813118685,lower=damaged
Trostianets,s1__vv__baseline__std__mean,0.5497198879551821,0.46664852406592905,higher=damaged
Trostianets,s1__vv__baseline__std__p10,0.5525210084033614,0.43804347681609945,higher=damaged
Trostianets,s1__vv__baseline__std__p50,0.5217086834733893,0.7520785935093903,higher=damaged
Trostianets,s1__vv__baseline__std__p90,0.5529878618113913,0.43396457940417754,higher=damaged
Trostianets,s1__vv__baseline__std__std,0.5261437908496731,0.7019532485330504,higher=damaged
Trostianets,s1__vv__baseline__std__min,0.5557889822595705,0.4138033170374502,higher=damaged
Trostianets,s1__vv__baseline__std__max,0.5091036414565826,0.8961864107554326,higher=damaged
Trostianets,s1__vv__baseline__std__max_abs_delta,0.5200746965452847,0.769486101574747,higher=damaged
Trostianets,s1__coh__baseline__count__mean,0.5,1.0,higher=damaged
Trostianets,s1__coh__baseline__count__p10,0.5,1.0,higher=damaged
Trostianets,s1__coh__baseline__count__p50,0.5,1.0,higher=damaged
Trostianets,s1__coh__baseline__count__p90,0.5,1.0,higher=damaged
Trostianets,s1__coh__baseline__count__std,0.5,1.0,higher=damaged
Trostianets,s1__coh__baseline__count__min,0.5,1.0,higher=damaged
Trostianets,s1__coh__baseline__count__max,0.5,1.0,higher=damaged
Trostianets,s1__coh__baseline__count__max_abs_delta,0.5,1.0,higher=damaged
Trostianets,s1__coh__baseline__max__mean,0.5,1.0,higher=damaged
Trostianets,s1__coh__baseline__max__p10,0.5,1.0,higher=damaged
Trostianets,s1__coh__baseline__max__p50,0.5,1.0,higher=damaged
Trostianets,s1__coh__baseline__max__p90,0.5,1.0,higher=damaged
Trostianets,s1__coh__baseline__max__std,0.5,1.0,higher=damaged
Trostianets,s1__coh__baseline__max__min,0.5,1.0,higher=damaged
Trostianets,s1__coh__baseline__max__max,0.5,1.0,higher=damaged
Trostianets,s1__coh__baseline__max__max_abs_delta,0.5,1.0,higher=damaged
Trostianets,s1__coh__baseline__mean__mean,0.5,1.0,higher=damaged
Trostianets,s1__coh__baseline__mean__p10,0.5,1.0,higher=damaged
Trostianets,s1__coh__baseline__mean__p50,0.5,1.0,higher=damaged
Trostianets,s1__coh__baseline__mean__p90,0.5,1.0,higher=damaged
Trostianets,s1__coh__baseline__mean__std,0.5,1.0,higher=damaged
Trostianets,s1__coh__baseline__mean__min,0.5,1.0,higher=damaged
Trostianets,s1__coh__baseline__mean__max,0.5,1.0,higher=damaged
Trostianets,s1__coh__baseline__mean__max_abs_delta,0.5,1.0,higher=damaged
Trostianets,s1__coh__baseline__median__mean,0.5,1.0,higher=damaged
Trostianets,s1__coh__baseline__median__p10,0.5,1.0,higher=damaged
Trostianets,s1__coh__baseline__median__p50,0.5,1.0,higher=damaged
Trostianets,s1__coh__baseline__median__p90,0.5,1.0,higher=damaged
Trostianets,s1__coh__baseline__median__std,0.5,1.0,higher=damaged
Trostianets,s1__coh__baseline__median__min,0.5,1.0,higher=damaged
Trostianets,s1__coh__baseline__median__max,0.5,1.0,higher=damaged
Trostianets,s1__coh__baseline__median__max_abs_delta,0.5,1.0,higher=damaged
Trostianets,s1__coh__baseline__min__mean,0.5,1.0,higher=damaged
Trostianets,s1__coh__baseline__min__p10,0.5,1.0,higher=damaged
Trostianets,s1__coh__baseline__min__p50,0.5,1.0,higher=damaged
Trostianets,s1__coh__baseline__min__p90,0.5,1.0,higher=damaged
Trostianets,s1__coh__baseline__min__std,0.5,1.0,higher=damaged
Trostianets,s1__coh__baseline__min__min,0.5,1.0,higher=damaged
Trostianets,s1__coh__baseline__min__max,0.5,1.0,higher=damaged
Trostianets,s1__coh__baseline__min__max_abs_delta,0.5,1.0,higher=damaged
Trostianets,s1__coh__baseline__std__mean,0.5,1.0,higher=damaged
Trostianets,s1__coh__baseline__std__p10,0.5,1.0,higher=damaged
Trostianets,s1__coh__baseline__std__p50,0.5,1.0,higher=damaged
Trostianets,s1__coh__baseline__std__p90,0.5,1.0,higher=damaged
Trostianets,s1__coh__baseline__std__std,0.5,1.0,higher=damaged
Trostianets,s1__coh__baseline__std__min,0.5,1.0,higher=damaged
Trostianets,s1__coh__baseline__std__max,0.5,1.0,higher=damaged
Trostianets,s1__coh__baseline__std__max_abs_delta,0.5,1.0,higher=damaged
Volnovakha,s1__vh__baseline__count__mean,0.5,1.0,higher=damaged
Volnovakha,s1__vh__baseline__count__p10,0.5,1.0,higher=damaged
Volnovakha,s1__vh__baseline__count__p50,0.5,1.0,higher=damaged
Volnovakha,s1__vh__baseline__count__p90,0.5,1.0,higher=damaged
Volnovakha,s1__vh__baseline__count__std,0.5,1.0,higher=damaged
Volnovakha,s1__vh__baseline__count__min,0.5,1.0,higher=damaged
Volnovakha,s1__vh__baseline__count__max,0.5,1.0,higher=damaged
Volnovakha,s1__vh__baseline__count__max_abs_delta,0.5,1.0,higher=damaged
Volnovakha,s1__vh__baseline__kurtosis__mean,0.5133086831733475,0.562881439246663,lower=damaged
Volnovakha,s1__vh__baseline__kurtosis__p10,0.519177687142092,0.4044261561799609,lower=damaged
Volnovakha,s1__vh__baseline__kurtosis__p50,0.5137515620923111,0.5499582880939273,lower=damaged
Volnovakha,s1__vh__baseline__kurtosis__p90,0.5163933863414768,0.47604058503550895,lower=damaged
Volnovakha,s1__vh__baseline__kurtosis__std,0.5098034166906988,0.669988938502919,higher=damaged
Volnovakha,s1__vh__baseline__kurtosis__min,0.5447891347038547,0.05150000145594146,lower=damaged
Volnovakha,s1__vh__baseline__kurtosis__max,0.505256183139016,0.8192915014721278,lower=damaged
Volnovakha,s1__vh__baseline__kurtosis__max_abs_delta,0.5113140114530549,0.6228313358025728,higher=damaged
Volnovakha,s1__vh__baseline__max__mean,0.5069023881129925,0.7641536418768967,higher=damaged
Volnovakha,s1__vh__baseline__max__p10,0.5069573188316236,0.7623325698802953,higher=damaged
Volnovakha,s1__vh__baseline__max__p50,0.5070465812493992,0.7593761380044595,higher=damaged
Volnovakha,s1__vh__baseline__max__p90,0.504856218843983,0.8328354033424544,higher=damaged
Volnovakha,s1__vh__baseline__max__std,0.5003244345569151,0.9888050157723122,lower=damaged
Volnovakha,s1__vh__baseline__max__min,0.5099441766571912,0.6655355691527651,higher=damaged
Volnovakha,s1__vh__baseline__max__max,0.5074345294497316,0.7465683476728131,higher=damaged
Volnovakha,s1__vh__baseline__max__max_abs_delta,0.5010900314478364,0.9622595473028677,lower=damaged
Volnovakha,s1__vh__baseline__mean__mean,0.5204462434254796,0.37405827665941194,higher=damaged
Volnovakha,s1__vh__baseline__mean__p10,0.5122752990290995,0.5935927580085278,higher=damaged
Volnovakha,s1__vh__baseline__mean__p50,0.5196034002114832,0.39407437119593836,higher=damaged
Volnovakha,s1__vh__baseline__mean__p90,0.5247153902140924,0.28259263018429936,higher=damaged
Volnovakha,s1__vh__baseline__mean__std,0.5359401392493718,0.11815880522820162,higher=damaged
Volnovakha,s1__vh__baseline__mean__min,0.5111148875980169,0.6289651028907747,higher=damaged
Volnovakha,s1__vh__baseline__mean__max,0.52972953487414,0.19617678143345774,higher=damaged
Volnovakha,s1__vh__baseline__mean__max_abs_delta,0.5391158214202337,0.08901389667811822,higher=damaged
Volnovakha,s1__vh__baseline__median__mean,0.5248784657850287,0.2794286744991946,higher=damaged
Volnovakha,s1__vh__baseline__median__p10,0.5225816751122647,0.3262266386403935,higher=damaged
Volnovakha,s1__vh__baseline__median__p50,0.5219001908842472,0.3410397937063874,higher=damaged
Volnovakha,s1__vh__baseline__median__p90,0.5274825251651354,0.23215568131076647,higher=damaged
Volnovakha,s1__vh__baseline__median__std,0.5268628379955781,0.24285469325901288,higher=damaged
Volnovakha,s1__vh__baseline__median__min,0.5149136901083509,0.5167584607866027,higher=damaged
Volnovakha,s1__vh__baseline__median__max,0.5305225971243769,0.18450797347069425,higher=damaged
Volnovakha,s1__vh__baseline__median__max_abs_delta,0.5336519315013938,0.14345074960294088,higher=damaged
Volnovakha,s1__vh__baseline__min__mean,0.5251290871887833,0.2746132543781089,higher=damaged
Volnovakha,s1__vh__baseline__min__p10,0.51971669481866,0.3913467209889151,higher=damaged
Volnovakha,s1__vh__baseline__min__p50,0.5269503838283964,0.24132251487193979,higher=damaged
Volnovakha,s1__vh__baseline__min__p90,0.5300196377319106,0.19184716758002762,higher=damaged
Volnovakha,s1__vh__baseline__min__std,0.5314701520207639,0.17124939482322576,higher=damaged
Volnovakha,s1__vh__baseline__min__min,0.5225782419423501,0.32630018482865364,higher=damaged
Volnovakha,s1__vh__baseline__min__max,0.5299338084840495,0.19312071986304147,higher=damaged
Volnovakha,s1__vh__baseline__min__max_abs_delta,0.5337463436740411,0.14233099135559268,higher=damaged
Volnovakha,s1__vh__baseline__skewness__mean,0.5385562147241791,0.09368108285536006,lower=damaged
Volnovakha,s1__vh__baseline__skewness__p10,0.5084867960285091,0.7121884643504464,lower=damaged
Volnovakha,s1__vh__baseline__skewness__p50,0.5419687856191377,0.06805157893534801,lower=damaged
Volnovakha,s1__vh__baseline__skewness__p90,0.5509757068896853,0.02667284075535218,lower=damaged
Volnovakha,s1__vh__baseline__skewness__std,0.5477777091143795,0.03778048841743867,lower=damaged
Volnovakha,s1__vh__baseline__skewness__min,0.5144999931336602,0.5284569038938899,lower=damaged
Volnovakha,s1__vh__baseline__skewness__max,0.5371880965132726,0.1059197144198017,lower=damaged
Volnovakha,s1__vh__baseline__skewness__max_abs_delta,0.5346183688323103,0.13230350109860886,lower=damaged
Volnovakha,s1__vh__baseline__std__mean,0.5383948557382001,0.09506269677419217,lower=damaged
Volnovakha,s1__vh__baseline__std__p10,0.5242519122756423,0.2917171711137805,lower=damaged
Volnovakha,s1__vh__baseline__std__p50,0.5350595311663164,0.1274434945256394,lower=damaged
Volnovakha,s1__vh__baseline__std__p90,0.5435943915736278,0.05804683569715418,lower=damaged
Volnovakha,s1__vh__baseline__std__std,0.5503148216811546,0.028703258333689002,lower=damaged
Volnovakha,s1__vh__baseline__std__min,0.5198437221054945,0.388302070239239,lower=damaged
Volnovakha,s1__vh__baseline__std__max,0.54732624727063,0.039628581990800514,lower=damaged
Volnovakha,s1__vh__baseline__std__max_abs_delta,0.5518683310674412,0.024128152982281947,lower=damaged
Volnovakha,s1__vv__baseline__count__mean,0.5,1.0,higher=damaged
Volnovakha,s1__vv__baseline__count__p10,0.5,1.0,higher=damaged
Volnovakha,s1__vv__baseline__count__p50,0.5,1.0,higher=damaged
Volnovakha,s1__vv__baseline__count__p90,0.5,1.0,higher=damaged
Volnovakha,s1__vv__baseline__count__std,0.5,1.0,higher=damaged
Volnovakha,s1__vv__baseline__count__min,0.5,1.0,higher=damaged
Volnovakha,s1__vv__baseline__count__max,0.5,1.0,higher=damaged
Volnovakha,s1__vv__baseline__count__max_abs_delta,0.5,1.0,higher=damaged
Volnovakha,s1__vv__baseline__kurtosis__mean,0.5008205276095525,0.9716007718965972,higher=damaged
Volnovakha,s1__vv__baseline__kurtosis__p10,0.5178627830648594,0.43741111755334205,higher=damaged
Volnovakha,s1__vv__baseline__kurtosis__p50,0.503615127919911,0.875161545848479,lower=damaged
Volnovakha,s1__vv__baseline__kurtosis__p90,0.5207054477540203,0.36803130774135673,lower=damaged
Volnovakha,s1__vv__baseline__kurtosis__std,0.5332965984152487,0.14772575507614497,lower=damaged
Volnovakha,s1__vv__baseline__kurtosis__min,0.5278704733654678,0.2256303837764997,higher=damaged
Volnovakha,s1__vv__baseline__kurtosis__max,0.5055634518463588,0.8089228075126116,lower=damaged
Volnovakha,s1__vv__baseline__kurtosis__max_abs_delta,0.5209440530630742,0.3625370956048979,lower=damaged
Volnovakha,s1__vv__baseline__max__mean,0.5444612669770252,0.05323195645840044,lower=damaged
Volnovakha,s1__vv__baseline__max__p10,0.5484523270025681,0.035155759607225494,lower=damaged
Volnovakha,s1__vv__baseline__max__p50,0.5496333374531372,0.030934959417366133,lower=damaged
Volnovakha,s1__vv__baseline__max__p90,0.5358251280572378,0.11934039238757595,lower=damaged
Volnovakha,s1__vv__baseline__max__std,0.513504373858471,0.5571531728057593,higher=damaged
Volnovakha,s1__vv__baseline__max__min,0.5520794710171796,0.023557970375267738,lower=damaged
Volnovakha,s1__vv__baseline__max__max,0.5300797182054134,0.1909593184040752,lower=damaged
Volnovakha,s1__vv__baseline__max__max_abs_delta,0.5135112401982999,0.5569526960256085,higher=damaged
Volnovakha,s1__vv__baseline__mean__mean,0.548158790974883,0.03627804819918015,lower=damaged
Volnovakha,s1__vv__baseline__mean__p10,0.5544191763138742,0.01798195954543867,lower=damaged
Volnovakha,s1__vv__baseline__mean__p50,0.5509585410401132,0.02672396865143149,lower=damaged
Volnovakha,s1__vv__baseline__mean__p90,0.5388291517323776,0.09138078568559714,lower=damaged
Volnovakha,s1__vv__baseline__mean__std,0.5009149397821997,0.9683278592961164,lower=damaged
Volnovakha,s1__vv__baseline__mean__min,0.5517859349894945,0.024353883970213708,lower=damaged
Volnovakha,s1__vv__baseline__mean__max,0.5368344800120848,0.10928096639340122,lower=damaged
Volnovakha,s1__vv__baseline__mean__max_abs_delta,0.5054776225984976,0.8118158168124219,lower=damaged
Volnovakha,s1__vv__baseline__median__mean,0.5461297875554456,0.044901163170994275,lower=damaged
Volnovakha,s1__vv__baseline__median__p10,0.5543762616899436,0.018072785204618223,lower=damaged
Volnovakha,s1__vv__baseline__median__p50,0.5482823850918029,0.035801833988403524,lower=damaged
Volnovakha,s1__vv__baseline__median__p90,0.5362748733160303,0.11477196174313038,lower=damaged
Volnovakha,s1__vv__baseline__median__std,0.5058072069102845,0.800721084617141,higher=damaged
Volnovakha,s1__vv__baseline__median__min,0.5505723094247381,0.02789688106783307,lower=damaged
Volnovakha,s1__vv__baseline__median__max,0.5320074431123746,0.16405536115593622,lower=damaged
Volnovakha,s1__vv__baseline__median__max_abs_delta,0.5019431741715761,0.9327291384660326,higher=damaged
Volnovakha,s1__vv__baseline__min__mean,0.5472593004572983,0.03990908003949191,lower=damaged
Volnovakha,s1__vv__baseline__min__p10,0.5521189524711957,0.023452662269075726,lower=damaged
Volnovakha,s1__vv__baseline__min__p50,0.5448577981021436,0.05114334492151905,lower=damaged
Volnovakha,s1__vv__baseline__min__p90,0.5416460676471799,0.07019754474814885,lower=damaged
Volnovakha,s1__vv__baseline__min__std,0.5011964597151842,0.9585720113331783,higher=damaged
Volnovakha,s1__vv__baseline__min__min,0.5503817684944864,0.028491689070340425,lower=damaged
Volnovakha,s1__vv__baseline__min__max,0.5381648333539324,0.09706036668303801,lower=damaged
Volnovakha,s1__vv__baseline__min__max_abs_delta,0.5040133756299867,0.8615346847719977,lower=damaged
Volnovakha,s1__vv__baseline__skewness__mean,0.5452131311882887,0.049330459725461816,higher=damaged
Volnovakha,s1__vv__baseline__skewness__p10,0.5302977244949807,0.18776323703431363,higher=damaged
Volnovakha,s1__vv__baseline__skewness__p50,0.5404307254974663,0.0787828051987089,higher=damaged
Volnovakha,s1__vv__baseline__skewness__p90,0.546109188535959,0.04499687731610068,higher=damaged
Volnovakha,s1__vv__baseline__skewness__std,0.5046467954792019,0.8399471750523332,higher=damaged
Volnovakha,s1__vv__baseline__skewness__min,0.5515833779645423,0.024916597552068452,higher=damaged
Volnovakha,s1__vv__baseline__skewness__max,0.548266935827188,0.035861054780427205,higher=damaged
Volnovakha,s1__vv__baseline__skewness__max_abs_delta,0.5025010642826735,0.9134659162785015,lower=damaged
Volnovakha,s1__vv__baseline__std__mean,0.5253968744421099,0.26953098249498764,lower=damaged
Volnovakha,s1__vv__baseline__std__p10,0.5175469314327306,0.4455590635880802,lower=damaged
Volnovakha,s1__vv__baseline__std__p50,0.5335231876296023,0.14498855782162662,lower=damaged
Volnovakha,s1__vv__baseline__std__p90,0.522954174047982,0.3183092354062068,lower=damaged
Volnovakha,s1__vv__baseline__std__std,0.5009561378211731,0.9668998431659515,lower=damaged
Volnovakha,s1__vv__baseline__std__min,0.5109930100660542,0.6327320901202342,lower=damaged
Volnovakha,s1__vv__baseline__std__max,0.5138768727941883,0.5463284298237134,lower=damaged
Volnovakha,s1__vv__baseline__std__max_abs_delta,0.5007741798157075,0.9732076527277533,lower=damaged
Volnovakha,s1__coh__baseline__count__mean,0.5113363270574988,0.21080791476893723,lower=damaged
Volnovakha,s1__coh__baseline__count__p10,0.5113397602274132,0.21066980641259891,lower=damaged
Volnovakha,s1__coh__baseline__count__p50,0.5,1.0,higher=damaged
Volnovakha,s1__coh__baseline__count__p90,0.5,1.0,higher=damaged
Volnovakha,s1__coh__baseline__count__std,0.5111972836759637,0.2164879596074596,higher=damaged
Volnovakha,s1__coh__baseline__count__min,0.511022192010327,0.2236498401379613,lower=damaged
Volnovakha,s1__coh__baseline__count__max,0.5,1.0,higher=damaged
Volnovakha,s1__coh__baseline__count__max_abs_delta,0.511022192010327,0.2236498401379613,higher=damaged
Volnovakha,s1__coh__baseline__max__mean,0.5322529147612574,0.16084549375279955,higher=damaged
Volnovakha,s1__coh__baseline__max__p10,0.5244184210164929,0.28841657075372684,higher=damaged
Volnovakha,s1__coh__baseline__max__p50,0.5245660473228141,0.2855113957153189,higher=damaged
Volnovakha,s1__coh__baseline__max__p90,0.5283408176437469,0.21789620222760797,higher=damaged
Volnovakha,s1__coh__baseline__max__std,0.5066071355003502,0.7739640199710147,lower=damaged
Volnovakha,s1__coh__baseline__max__min,0.5257710899627845,0.2625375126465611,higher=damaged
Volnovakha,s1__coh__baseline__max__max,0.5291956769524437,0.20433064523568856,higher=damaged
Volnovakha,s1__coh__baseline__max__max_abs_delta,0.5013595352861204,0.952923500302577,lower=damaged
Volnovakha,s1__coh__baseline__mean__mean,0.5291802276878287,0.20457027263048944,higher=damaged
Volnovakha,s1__coh__baseline__mean__p10,0.5305689449182219,0.1838423026235485,higher=damaged
Volnovakha,s1__coh__baseline__mean__p50,0.5274207281066754,0.23320735154659922,higher=damaged
Volnovakha,s1__coh__baseline__mean__p90,0.5186094975212513,0.4184930695694421,higher=damaged
Volnovakha,s1__coh__baseline__mean__std,0.5010522665787775,0.9635682262030171,higher=damaged
Volnovakha,s1__coh__baseline__mean__min,0.5061041761078839,0.7907585035965883,higher=damaged
Volnovakha,s1__coh__baseline__mean__max,0.5085382935772258,0.710520169630524,higher=damaged
Volnovakha,s1__coh__baseline__mean__max_abs_delta,0.5053935099355937,0.8146534425957608,higher=damaged
Volnovakha,s1__coh__baseline__median__mean,0.531734506104176,0.16768088242908874,higher=damaged
Volnovakha,s1__coh__baseline__median__p10,0.529490929565086,0.19979119162052605,higher=damaged
Volnovakha,s1__coh__baseline__median__p50,0.5364791469259397,0.11274296155176211,higher=damaged
Volnovakha,s1__coh__baseline__median__p90,0.5217113665389528,0.3452192229721186,higher=damaged
Volnovakha,s1__coh__baseline__median__std,0.5004823603729796,0.9833272856717825,lower=damaged
Volnovakha,s1__coh__baseline__median__min,0.5063874126258257,0.781288348512761,higher=damaged
Volnovakha,s1__coh__baseline__median__max,0.5157033191886733,0.49480770911648175,higher=damaged
Volnovakha,s1__coh__baseline__median__max_abs_delta,0.5072508548593087,0.7526237438547301,higher=damaged
Volnovakha,s1__coh__baseline__min__mean,0.5141154781032422,0.5394498486199452,higher=damaged
Volnovakha,s1__coh__baseline__min__p10,0.530477965915489,0.18515073446846886,higher=damaged
Volnovakha,s1__coh__baseline__min__p50,0.5168911959790714,0.4627481213304938,higher=damaged
Volnovakha,s1__coh__baseline__min__p90,0.5021800628956729,0.9245442000101616,higher=damaged
Volnovakha,s1__coh__baseline__min__std,0.5137412625825677,0.5502571675732939,lower=damaged
Volnovakha,s1__coh__baseline__min__min,0.5221096142490285,0.33644244030579873,higher=damaged
Volnovakha,s1__coh__baseline__min__max,0.5006454359439158,0.9776717592384645,lower=damaged
Volnovakha,s1__coh__baseline__min__max_abs_delta,0.5073950479957154,0.747868681708233,lower=damaged
Volnovakha,s1__coh__baseline__std__mean,0.5385287493648636,0.09391510708944478,higher=damaged
Volnovakha,s1__coh__baseline__std__p10,0.5262242683914912,0.25423748607868146,higher=damaged
Volnovakha,s1__coh__baseline__std__p50,0.5552654526977849,0.016270783561292464,higher=damaged
Volnovakha,s1__coh__baseline__std__p90,0.5278172592317939,0.2265176415371487,higher=damaged
Volnovakha,s1__coh__baseline__std__std,0.5091682802565265,0.6902259801973454,higher=damaged
Volnovakha,s1__coh__baseline__std__min,0.5129482003323309,0.5735072611966662,higher=damaged
Volnovakha,s1__coh__baseline__std__max,0.5168637306197559,0.46347603311478125,higher=damaged
Volnovakha,s1__coh__baseline__std__max_abs_delta,0.5067856603359013,0.7680277342743536,higher=damaged
