city,feature,jm_distance,bhattacharyya
Avdiivka,s1__vh__baseline__kurtosis_mean,0.03465511423496492,0.01747943625532649
Avdiivka,s1__vh__baseline__kurtosis_std,0.35132841539315796,0.19317731715298717
Avdiivka,s1__vh__baseline__kurtosis_max,0.27634853356609423,0.14870219439825794
Avdiivka,s1__vh__baseline__max_mean,0.1525700812234847,0.07935174044243949
Avdiivka,s1__vh__baseline__max_std,0.4815546539759845,0.27546016778565874
Avdiivka,s1__vh__baseline__max_max,0.21940757629366847,0.11620104932208175
Avdiivka,s1__vh__baseline__mean_mean,0.1647603181364865,0.08597209076369226
Avdiivka,s1__vh__baseline__mean_std,0.5273014920955121,0.30605074298051527
Avdiivka,s1__vh__baseline__mean_max,0.2123629855843654,0.11225253649015571
Avdiivka,s1__vh__baseline__skewness_mean,0.002554357309176636,0.0012779949423504125
Avdiivka,s1__vh__baseline__skewness_std,0.28559799092987226,0.15408284350395246
Avdiivka,s1__vh__baseline__skewness_max,0.27972472027109463,0.15066285618662023
Avdiivka,s1__vh__baseline__std_mean,0.03755271661983839,0.018954872218200254
Avdiivka,s1__vh__baseline__std_std,0.3709533238195173,0.20515219807829205
Avdiivka,s1__vh__baseline__std_max,0.28315572460186744,0.15265929850720095
Avdiivka,s1__vv__baseline__kurtosis_mean,0.008946173486886089,0.004483120929654334
Avdiivka,s1__vv__baseline__kurtosis_std,0.3282037476435675,0.17924853196129983
Avdiivka,s1__vv__baseline__kurtosis_max,0.25507760530009205,0.13643709884584804
Avdiivka,s1__vv__baseline__max_mean,0.06920743267259866,0.035216605293192635
Avdiivka,s1__vv__baseline__max_std,0.44136110423071706,0.24933424286253464
Avdiivka,s1__vv__baseline__max_max,0.07950648983226527,0.040564991002793364
Avdiivka,s1__vv__baseline__mean_mean,0.088601181547316,0.04531184086825422
Avdiivka,s1__vv__baseline__mean_std,0.4714545825832763,0.26883060493544775
Avdiivka,s1__vv__baseline__mean_max,0.05604920681792103,0.028424786991192198
Avdiivka,s1__vv__baseline__skewness_mean,0.02476575408839543,0.01246018371507615
Avdiivka,s1__vv__baseline__skewness_std,0.2862657067867709,0.15447239386395287
Avdiivka,s1__vv__baseline__skewness_max,0.3338783296812542,0.18264860807814853
Avdiivka,s1__vv__baseline__std_mean,0.08266759853440675,0.04221233483224051
Avdiivka,s1__vv__baseline__std_std,0.29666564365943127,0.16055946442129038
Avdiivka,s1__vv__baseline__std_max,0.2993177325612293,0.16211767622312623
Avdiivka,s1__coh__baseline__max_mean,0.0017178186661646055,0.0008592784070527586
Avdiivka,s1__coh__baseline__max_std,0.15228341515834387,0.07919658228271005
Avdiivka,s1__coh__baseline__max_max,0.12342700507660909,0.06369994221736952
Avdiivka,s1__coh__baseline__mean_mean,0.009234002155279253,0.004627692347544113
Avdiivka,s1__coh__baseline__mean_std,0.13393959017955948,0.06931770469288066
Avdiivka,s1__coh__baseline__mean_max,0.11674926273118236,0.06014778134886379
Avdiivka,s1__coh__baseline__median_mean,0.011272771066859422,0.005652329894975322
Avdiivka,s1__coh__baseline__median_std,0.13261189168153176,0.06860645955447989
Avdiivka,s1__coh__baseline__median_max,0.10874342432144646,0.055905717550093284
Avdiivka,s1__coh__baseline__min_mean,0.018858087325531514,0.009473778521663607
Avdiivka,s1__coh__baseline__min_std,0.12334874839540078,0.06365824117523643
Avdiivka,s1__coh__baseline__min_max,0.12590745142888538,0.06502261238624016
Avdiivka,s1__coh__baseline__std_mean,0.02522272259213576,0.012691559498706784
Avdiivka,s1__coh__baseline__std_std,0.1201025704321308,0.0619299639469648
Avdiivka,s1__coh__baseline__std_max,0.21597262398729056,0.11427380122126166
Avdiivka,s1__coh__post_baseline__max_mean,0.0018588302021735892,0.0009298472751020132
Avdiivka,s1__coh__post_baseline__max_std,0.08926370818131346,0.04565851968599271
Avdiivka,s1__coh__post_baseline__max_max,0.0687730826713302,0.034991671159729336
Avdiivka,s1__coh__post_baseline__mean_mean,0.021165111648428603,0.010638949278878712
Avdiivka,s1__coh__post_baseline__mean_std,0.00554876040415575,0.0027782359279816507
Avdiivka,s1__coh__post_baseline__mean_max,0.0003395296578541096,0.00016977924060669427
Avdiivka,s1__coh__post_baseline__median_mean,0.01816407435530243,0.009123530296395635
Avdiivka,s1__coh__post_baseline__median_std,0.020972862157794037,0.010541801126915195
Avdiivka,s1__coh__post_baseline__median_max,0.0004680860184151925,0.00023407040154672286
Avdiivka,s1__coh__post_baseline__min_mean,0.18454999064415345,0.09681380453590115
Avdiivka,s1__coh__post_baseline__min_std,0.040186013103256535,0.020297616465768803
Avdiivka,s1__coh__post_baseline__min_max,0.015125095419684431,0.007591288769219444
Avdiivka,s1__coh__post_baseline__std_mean,0.23416339382228557,0.12452260464177389
Avdiivka,s1__coh__post_baseline__std_std,0.055397055358926695,0.028089365901975683
Avdiivka,s1__coh__post_baseline__std_max,0.31042835923111456,0.168672150753812
Avdiivka,s1__vh__blk01__kurtosis_mean,0.03654732703573549,0.01844268921951894
Avdiivka,s1__vh__blk01__kurtosis_std,0.15738870190361176,0.08196343128049789
Avdiivka,s1__vh__blk01__kurtosis_max,0.23084819119539612,0.12264695289436525
Avdiivka,s1__vh__blk01__skewness_mean,0.0132928784258457,0.006668625149657019
Avdiivka,s1__vh__blk01__skewness_std,0.2211549728293285,0.11718288799751891
Avdiivka,s1__vh__blk01__skewness_max,0.08952658004828029,0.045796105365507746
Avdiivka,s1__vh__blk01__std_mean,0.02419006902529941,0.012168774638691973
Avdiivka,s1__vh__blk01__std_std,0.41914780246909156,0.23518311340048165
Avdiivka,s1__vh__blk01__std_max,0.2774202505591332,0.14932415906658933
Avdiivka,s1__vh__blk_pre01__kurtosis_mean,0.03465511423496492,0.01747943625532649
Avdiivka,s1__vh__blk_pre01__kurtosis_std,0.35132841539315796,0.19317731715298717
Avdiivka,s1__vh__blk_pre01__kurtosis_max,0.27634853356609423,0.14870219439825794
Avdiivka,s1__vh__blk_pre01__max_mean,0.1525700812234847,0.07935174044243949
Avdiivka,s1__vh__blk_pre01__max_std,0.4815546539759845,0.27546016778565874
Avdiivka,s1__vh__blk_pre01__max_max,0.21940757629366847,0.11620104932208175
Avdiivka,s1__vh__blk_pre01__mean_mean,0.1647603181364865,0.08597209076369226
Avdiivka,s1__vh__blk_pre01__mean_std,0.5273014920955121,0.30605074298051527
Avdiivka,s1__vh__blk_pre01__mean_max,0.2123629855843654,0.11225253649015571
Avdiivka,s1__vh__blk_pre01__skewness_mean,0.002554357309176636,0.0012779949423504125
Avdiivka,s1__vh__blk_pre01__skewness_std,0.28559799092987226,0.15408284350395246
Avdiivka,s1__vh__blk_pre01__skewness_max,0.27972472027109463,0.15066285618662023
Avdiivka,s1__vh__blk_pre01__std_mean,0.03755271661983839,0.018954872218200254
Avdiivka,s1__vh__blk_pre01__std_std,0.3709533238195173,0.20515219807829205
Avdiivka,s1__vh__blk_pre01__std_max,0.28315572460186744,0.15265929850720095
Avdiivka,s1__vv__blk01__kurtosis_mean,0.02322083194489477,0.01167834313895946
Avdiivka,s1__vv__blk01__kurtosis_std,0.23241302002155462,0.12353185224471168
Avdiivka,s1__vv__blk01__kurtosis_max,0.26115848247863527,0.13992808360106312
Avdiivka,s1__vv__blk01__skewness_mean,0.00499635420517297,0.0025013027537095977
Avdiivka,s1__vv__blk01__skewness_std,0.3597038307885576,0.19827036404583995
Avdiivka,s1__vv__blk01__skewness_max,0.20382114125594408,0.10748562836444762
Avdiivka,s1__vv__blk01__std_mean,0.007369299392968376,0.0036914547394529826
Avdiivka,s1__vv__blk01__std_std,0.21002638677575924,0.11094630203144243
Avdiivka,s1__vv__blk01__std_max,0.11211601814447114,0.05769056501316787
Avdiivka,s1__vv__blk_pre01__kurtosis_mean,0.008946173486886089,0.004483120929654334
Avdiivka,s1__vv__blk_pre01__kurtosis_std,0.3282037476435675,0.17924853196129983
Avdiivka,s1__vv__blk_pre01__kurtosis_max,0.25507760530009205,0.13643709884584804
Avdiivka,s1__vv__blk_pre01__max_mean,0.06920743267259866,0.035216605293192635
Avdiivka,s1__vv__blk_pre01__max_std,0.44136110423071706,0.24933424286253464
Avdiivka,s1__vv__blk_pre01__max_max,0.07950648983226527,0.040564991002793364
Avdiivka,s1__vv__blk_pre01__mean_mean,0.088601181547316,0.04531184086825422
Avdiivka,s1__vv__blk_pre01__mean_std,0.4714545825832763,0.26883060493544775
Avdiivka,s1__vv__blk_pre01__mean_max,0.05604920681792103,0.028424786991192198
Avdiivka,s1__vv__blk_pre01__skewness_mean,0.02476575408839543,0.01246018371507615
Avdiivka,s1__vv__blk_pre01__skewness_std,0.2862657067867709,0.15447239386395287
Avdiivka,s1__vv__blk_pre01__skewness_max,0.3338783296812542,0.18264860807814853
Avdiivka,s1__vv__blk_pre01__std_mean,0.08266759853440675,0.04221233483224051
Avdiivka,s1__vv__blk_pre01__std_std,0.29666564365943127,0.16055946442129038
Avdiivka,s1__vv__blk_pre01__std_max,0.2993177325612293,0.16211767622312623
Avdiivka,s1__vh__baseline__median_mean,0.15103525724178501,0.07852129661246789
Avdiivka,s1__vh__baseline__median_std,0.5047486533217251,0.2908528629802861
Avdiivka,s1__vh__baseline__median_max,0.19273615045339199,0.10133316436465463
Avdiivka,s1__vh__baseline__min_mean,0.1707732664141084,0.08925385295906837
Avdiivka,s1__vh__baseline__min_std,0.5353129420850768,0.3115055732540436
Avdiivka,s1__vh__baseline__min_max,0.23195229814846785,0.12327123602321001
Avdiivka,s1__vv__baseline__median_mean,0.09522287325343615,0.04878217265941816
Avdiivka,s1__vv__baseline__median_std,0.45369269654220723,0.2572774768889036
Avdiivka,s1__vv__baseline__median_max,0.051445140423727276,0.026059180386101256
Avdiivka,s1__vv__baseline__min_mean,0.11179502957859455,0.057520553887526166
Avdiivka,s1__vv__baseline__min_std,0.5028723632758345,0.2895988170842345
Avdiivka,s1__vv__baseline__min_max,0.05982685956674194,0.030369963821033404
Avdiivka,s1__vh__blk01__max_mean,0.10928145216826435,0.05619023970207828
Avdiivka,s1__vh__blk01__max_std,0.4917691499369461,0.28220983909408937
Avdiivka,s1__vh__blk01__max_max,0.1686339260124503,0.08808500367280113
Avdiivka,s1__vh__blk01__mean_mean,0.14331405558237464,0.07435403235302086
Avdiivka,s1__vh__blk01__mean_std,0.5619045993171723,0.32982758084495534
Avdiivka,s1__vh__blk01__mean_max,0.20180771782060458,0.1063653079707041
Avdiivka,s1__vh__blk01__median_mean,0.15396170665626663,0.08010530073791922
Avdiivka,s1__vh__blk01__median_std,0.48318143963055116,0.2765320915856997
Avdiivka,s1__vh__blk01__median_max,0.17702763191890258,0.09267884236661103
Avdiivka,s1__vh__blk01__min_mean,0.13207834408691377,0.06832078172215886
Avdiivka,s1__vh__blk01__min_std,0.5187117025146932,0.30023500015047044
Avdiivka,s1__vh__blk01__min_max,0.1784912633125293,0.09348204668033279
Avdiivka,s1__vh__blk02__kurtosis_mean,0.025611462683828634,0.012888431502155774
Avdiivka,s1__vh__blk02__kurtosis_std,0.21254661831297494,0.11235526548910418
Avdiivka,s1__vh__blk02__kurtosis_max,0.2817087130576774,0.15181682134522784
Avdiivka,s1__vh__blk02__max_mean,0.09969713806661029,0.05113390607296931
Avdiivka,s1__vh__blk02__max_std,0.5112833956752656,0.29523277114786217
Avdiivka,s1__vh__blk02__max_max,0.18629703402106546,0.09777658760056543
Avdiivka,s1__vh__blk02__mean_mean,0.04630892250902319,0.02342673693502214
Avdiivka,s1__vh__blk02__mean_std,0.4807729649753696,0.2749455046358431
Avdiivka,s1__vh__blk02__mean_max,0.11066530318931211,0.056922425728733954
Avdiivka,s1__vh__blk02__median_mean,0.0482911526107237,0.024441859744490202
Avdiivka,s1__vh__blk02__median_std,0.46315373646274494,0.26341474472951404
Avdiivka,s1__vh__blk02__median_max,0.10194476833213839,0.05231738086522376
Avdiivka,s1__vh__blk02__min_mean,0.03896287617775296,0.01967370245799785
Avdiivka,s1__vh__blk02__min_std,0.4849958812071957,0.2777290229271901
Avdiivka,s1__vh__blk02__min_max,0.0972441501710466,0.0498438979917639
Avdiivka,s1__vh__blk02__skewness_mean,0.0012073601560418368,0.0006038623662053928
Avdiivka,s1__vh__blk02__skewness_std,0.24088451283498546,0.12833606194834174
Avdiivka,s1__vh__blk02__skewness_max,0.23871816650281263,0.1271053221151367
Avdiivka,s1__vh__blk02__std_mean,0.22853701941452087,0.12134143266886023
Avdiivka,s1__vh__blk02__std_std,0.4249363592865769,0.23885150229650842
Avdiivka,s1__vh__blk02__std_max,0.412414230931194,0.2309327024748047
Avdiivka,s1__vh__blk_pre01__median_mean,0.15103525724178501,0.07852129661246789
Avdiivka,s1__vh__blk_pre01__median_std,0.5047486533217251,0.2908528629802861
Avdiivka,s1__vh__blk_pre01__median_max,0.19273615045339199,0.10133316436465463
Avdiivka,s1__vh__blk_pre01__min_mean,0.1707732664141084,0.08925385295906837
Avdiivka,s1__vh__blk_pre01__min_std,0.5353129420850768,0.3115055732540436
Avdiivka,s1__vh__blk_pre01__min_max,0.23195229814846785,0.12327123602321001
Avdiivka,s1__vv__blk01__max_mean,0.042126854102377376,0.021288426141024372
Avdiivka,s1__vv__blk01__max_std,0.3670391325991993,0.20275233048348879
Avdiivka,s1__vv__blk01__max_max,0.04272911547871683,0.021596083471845776
Avdiivka,s1__vv__blk01__mean_mean,0.0748846955516762,0.03816131619932256
Avdiivka,s1__vv__blk01__mean_std,0.48729356629939,0.2792467938590161
Avdiivka,s1__vv__blk01__mean_max,0.06815409959991392,0.03467120964843041
Avdiivka,s1__vv__blk01__median_mean,0.10940398571884002,0.05625504972970527
Avdiivka,s1__vv__blk01__median_std,0.38429687803056023,0.2133769489906688
Avdiivka,s1__vv__blk01__median_max,0.04841424101736669,0.02450492872549037
Avdiivka,s1__vv__blk01__min_mean,0.1432412799569336,0.07431483660243006
Avdiivka,s1__vv__blk01__min_std,0.4598451340021261,0.26126420685417856
Avdiivka,s1__vv__blk01__min_max,0.06399293312111376,0.032519541464863556
Avdiivka,s1__vv__blk02__kurtosis_mean,0.00033411258045323855,0.0001670702456829048
Avdiivka,s1__vv__blk02__kurtosis_std,0.17067924705761928,0.08920245586398848
Avdiivka,s1__vv__blk02__kurtosis_max,0.2138904327099389,0.11310735212056594
Avdiivka,s1__vv__blk02__max_mean,0.07678603433214937,0.039149453545025206
Avdiivka,s1__vv__blk02__max_std,0.39956276630193344,0.2228703175846537
Avdiivka,s1__vv__blk02__max_max,0.04213862169112503,0.02129443655295339
Avdiivka,s1__vv__blk02__mean_mean,0.07655262807455476,0.03902809830348097
Avdiivka,s1__vv__blk02__mean_std,0.3625234984369585,0.19999084232614933
Avdiivka,s1__vv__blk02__mean_max,0.031124132369771296,0.015684426247190696
Avdiivka,s1__vv__blk02__median_mean,0.07933126957511494,0.04047375806531405
Avdiivka,s1__vv__blk02__median_std,0.3607492762213671,0.198907918868097
Avdiivka,s1__vv__blk02__median_max,0.0311400614689592,0.015692516733689512
Avdiivka,s1__vv__blk02__min_mean,0.06746142061701454,0.03431271582156533
Avdiivka,s1__vv__blk02__min_std,0.33643371567966707,0.18418351857722365
Avdiivka,s1__vv__blk02__min_max,0.023131121239959418,0.011632961909326242
Avdiivka,s1__vv__blk02__skewness_mean,0.0068159993727145984,0.0034138201451320103
Avdiivka,s1__vv__blk02__skewness_std,0.18609591998578434,0.0976657078757566
Avdiivka,s1__vv__blk02__skewness_max,0.2215571153627307,0.11740898301433242
Avdiivka,s1__vv__blk02__std_mean,0.05226220574722995,0.026478586938982557
Avdiivka,s1__vv__blk02__std_std,0.29330496520968175,0.15858840836732954
Avdiivka,s1__vv__blk02__std_max,0.33452192036925177,0.18303496342951564
Avdiivka,s1__vv__blk_pre01__median_mean,0.09522287325343615,0.04878217265941816
Avdiivka,s1__vv__blk_pre01__median_std,0.45369269654220723,0.2572774768889036
Avdiivka,s1__vv__blk_pre01__median_max,0.051445140423727276,0.026059180386101256
Avdiivka,s1__vv__blk_pre01__min_mean,0.11179502957859455,0.057520553887526166
Avdiivka,s1__vv__blk_pre01__min_std,0.5028723632758345,0.2895988170842345
Avdiivka,s1__vv__blk_pre01__min_max,0.05982685956674194,0.030369963821033404
Avdiivka,s1__vh__blk03__kurtosis_mean,0.005425700568411296,0.0027165367312332604
Avdiivka,s1__vh__blk03__kurtosis_std,0.13500522396264003,0.06988892852044323
Avdiivka,s1__vh__blk03__kurtosis_max,0.24383780536704647,0.13001632364839688
Avdiivka,s1__vh__blk03__max_mean,0.020050673315675116,0.010075928764671503
Avdiivka,s1__vh__blk03__max_std,0.4887366723317028,0.28020123868204305
Avdiivka,s1__vh__blk03__max_max,0.14418369727088765,0.07482252591694402
Avdiivka,s1__vh__blk03__mean_mean,0.03209744477315657,0.01617889777627936
Avdiivka,s1__vh__blk03__mean_std,0.4736276027354416,0.27025324256466293
Avdiivka,s1__vh__blk03__mean_max,0.0992819512201304,0.05091544537102429
Avdiivka,s1__vh__blk03__median_mean,0.03129800997747867,0.01577274328578962
Avdiivka,s1__vh__blk03__median_std,0.4639386054969936,0.2639255762536977
Avdiivka,s1__vh__blk03__median_max,0.09738229779753205,0.04991650459642819
Avdiivka,s1__vh__blk03__min_mean,0.04005468018238867,0.020230605758916505
Avdiivka,s1__vh__blk03__min_std,0.4189124742428205,0.23503426285474088
Avdiivka,s1__vh__blk03__min_max,0.059783876014169124,0.030347809573278636
Avdiivka,s1__vh__blk03__skewness_mean,0.0010611993436682177,0.0005307404896541345
Avdiivka,s1__vh__blk03__skewness_std,0.15774588968780434,0.08215729876043146
Avdiivka,s1__vh__blk03__skewness_max,0.184693886052391,0.09689306924188863
Avdiivka,s1__vh__blk03__std_mean,0.041444571376233696,0.020940005267229035
Avdiivka,s1__vh__blk03__std_std,0.175195661162439,0.09167441086892145
Avdiivka,s1__vh__blk03__std_max,0.17852938405939844,0.0935029750157311
Avdiivka,s1__vh__blk04__kurtosis_mean,0.005171053307895024,0.0025888749005524253
Avdiivka,s1__vh__blk04__kurtosis_std,0.1809285954488209,0.09482102695593986
Avdiivka,s1__vh__blk04__kurtosis_max,0.22232678566881559,0.11784185432487612
Avdiivka,s1__vh__blk04__max_mean,0.022713917459808552,0.011421941458290754
Avdiivka,s1__vh__blk04__max_std,0.4851960621598912,0.27786116394024774
Avdiivka,s1__vh__blk04__max_max,0.16127840522841086,0.0840766358645408
Avdiivka,s1__vh__blk04__mean_mean,0.011724508040905413,0.0058795044823175425
Avdiivka,s1__vh__blk04__mean_std,0.5101117323324287,0.2944460515568985
Avdiivka,s1__vh__blk04__mean_max,0.13482160920888564,0.06979048013979676
Avdiivka,s1__vh__blk04__median_mean,0.0075196725219848215,0.003766922212267738
Avdiivka,s1__vh__blk04__median_std,0.49221590962780715,0.2825060973706245
Avdiivka,s1__vh__blk04__median_max,0.12242933063943995,0.06316843647338449
Avdiivka,s1__vh__blk04__min_mean,0.011808689547682105,0.005921844333734487
Avdiivka,s1__vh__blk04__min_std,0.4984231473447305,0.2866313895089561
Avdiivka,s1__vh__blk04__min_max,0.12969405018300773,0.06704515354822584
Avdiivka,s1__vh__blk04__skewness_mean,0.010542904110736329,0.005285395180684578
Avdiivka,s1__vh__blk04__skewness_std,0.2213119189706283,0.11727112112796537
Avdiivka,s1__vh__blk04__skewness_max,0.18431230558316125,0.09668288961021013
Avdiivka,s1__vh__blk04__std_mean,0.002279625712648947,0.0011404629370253246
Avdiivka,s1__vh__blk04__std_std,0.2248105882826561,0.11924005249908882
Avdiivka,s1__vh__blk04__std_max,0.12562076379860754,0.06486964998059987
Avdiivka,s1__vh__blk05__kurtosis_mean,0.007478254308032284,0.0037461351646357753
Avdiivka,s1__vh__blk05__kurtosis_std,0.16593323950690309,0.08661140581071436
Avdiivka,s1__vh__blk05__kurtosis_max,0.25657614140825724,0.13729626596489886
Avdiivka,s1__vh__blk05__max_mean,0.028271379676477304,0.014236550318318608
Avdiivka,s1__vh__blk05__max_std,0.5370452305470856,0.3126889753000036
Avdiivka,s1__vh__blk05__max_max,0.17641161748941792,0.09234098185777709
Avdiivka,s1__vh__blk05__mean_mean,0.026463871208870726,0.013320257643928907
Avdiivka,s1__vh__blk05__mean_std,0.5164646055944699,0.29871916137958854
Avdiivka,s1__vh__blk05__mean_max,0.13745870766776336,0.07120533915440268
Avdiivka,s1__vh__blk05__median_mean,0.026280851645391623,0.013227525073694627
Avdiivka,s1__vh__blk05__median_std,0.5148443193681327,0.2976275783577984
Avdiivka,s1__vh__blk05__median_max,0.13626870314734885,0.07056662873674632
Avdiivka,s1__vh__blk05__min_mean,0.01868015309449156,0.009383968579281612
Avdiivka,s1__vh__blk05__min_std,0.4647717706014445,0.2644681269258353
Avdiivka,s1__vh__blk05__min_max,0.116160909420296,0.05983541645046353
Avdiivka,s1__vh__blk05__skewness_mean,0.006444792850574421,0.00322759952528873
Avdiivka,s1__vh__blk05__skewness_std,0.20473273480376153,0.10799327544361037
Avdiivka,s1__vh__blk05__skewness_max,0.25918130776629567,0.138791665211945
Avdiivka,s1__vh__blk05__std_mean,0.005861018536630125,0.002934811618040629
Avdiivka,s1__vh__blk05__std_std,0.3130386137579484,0.1702182662669323
Avdiivka,s1__vh__blk05__std_max,0.2202875002171678,0.11669534627715998
Avdiivka,s1__vh__blk06__kurtosis_mean,0.009565090122276798,0.004794018024361099
Avdiivka,s1__vh__blk06__kurtosis_std,0.15525626424952432,0.08080680932669086
Avdiivka,s1__vh__blk06__kurtosis_max,0.2119452536645252,0.1120188855215091
Avdiivka,s1__vh__blk06__max_mean,0.05260908282126042,0.02665669508412774
Avdiivka,s1__vh__blk06__max_std,0.5361806084465388,0.3120981390563202
Avdiivka,s1__vh__blk06__max_max,0.18779920882952372,0.09860516717410693
Avdiivka,s1__vh__blk06__mean_mean,0.05586100426588492,0.028327977214463382
Avdiivka,s1__vh__blk06__mean_std,0.5436159290657183,0.3171904805882561
Avdiivka,s1__vh__blk06__mean_max,0.19778007277819776,0.10412798263780851
Avdiivka,s1__vh__blk06__median_mean,0.05337006104069175,0.027047539538861
Avdiivka,s1__vh__blk06__median_std,0.5396208855726685,0.31445111113146823
Avdiivka,s1__vh__blk06__median_max,0.19901456025508346,0.10481319893799765
Avdiivka,s1__vh__blk06__min_mean,0.05166609539040756,0.026172581091272802
Avdiivka,s1__vh__blk06__min_std,0.4948783584037657,0.28427346064438247
Avdiivka,s1__vh__blk06__min_max,0.1974688085554246,0.10395528598647247
Avdiivka,s1__vh__blk06__skewness_mean,0.00663077774744103,0.0033208969530652954
Avdiivka,s1__vh__blk06__skewness_std,0.14986031826989543,0.07788604068207367
Avdiivka,s1__vh__blk06__skewness_max,0.21960687683795843,0.11631298493197123
Avdiivka,s1__vh__blk06__std_mean,0.0026942903996474143,0.0013480534156758285
Avdiivka,s1__vh__blk06__std_std,0.24283755125943296,0.12944691760929053
Avdiivka,s1__vh__blk06__std_max,0.15579655798200354,0.08109973503709339
Avdiivka,s1__vh__blk07__kurtosis_mean,0.06790991662636081,0.03454481885163484
Avdiivka,s1__vh__blk07__kurtosis_std,0.2121525895094052,0.11213484833929277
Avdiivka,s1__vh__blk07__kurtosis_max,0.30213502535703984,0.16377561606651908
Avdiivka,s1__vh__blk07__max_mean,0.051848319758157846,0.02626611377035764
Avdiivka,s1__vh__blk07__max_std,0.49238390550600797,0.28261752263299444
Avdiivka,s1__vh__blk07__max_max,0.1990742153511207,0.10484632307256186
Avdiivka,s1__vh__blk07__mean_mean,0.039930346555862695,0.020167170477461832
Avdiivka,s1__vh__blk07__mean_std,0.5525896657753551,0.3233711972815676
Avdiivka,s1__vh__blk07__mean_max,0.1794688706742844,0.09401889274528502
Avdiivka,s1__vh__blk07__median_mean,0.04036441316838357,0.02038864968964084
Avdiivka,s1__vh__blk07__median_std,0.5399000737302577,0.31464230453128317
Avdiivka,s1__vh__blk07__median_max,0.19161097343064015,0.10071077217291172
Avdiivka,s1__vh__blk07__min_mean,0.03592946895171223,0.0181280593334427
Avdiivka,s1__vh__blk07__min_std,0.4748215248606371,0.27103574447011264
Avdiivka,s1__vh__blk07__min_max,0.15191161914816487,0.0789953833477638
Avdiivka,s1__vh__blk07__skewness_mean,0.03420692016223237,0.01725141369361727
Avdiivka,s1__vh__blk07__skewness_std,0.2414224788706596,0.12864192493217777
Avdiivka,s1__vh__blk07__skewness_max,0.18148274939176123,0.09512570898558129
Avdiivka,s1__vh__blk07__std_mean,0.040307978903358244,0.02035985175761041
Avdiivka,s1__vh__blk07__std_std,0.35735703799555685,0.19684067369890287
Avdiivka,s1__vh__blk07__std_max,0.2939152271877645,0.15894604174480542
Avdiivka,s1__vh__blk08__kurtosis_mean,0.012443082328007948,0.0062409756012640665
Avdiivka,s1__vh__blk08__kurtosis_std,0.17212929601740412,0.089995440892445
Avdiivka,s1__vh__blk08__kurtosis_max,0.23652772179433268,0.125862429748156
Avdiivka,s1__vh__blk08__max_mean,0.11034273261803529,0.05675170794202432
Avdiivka,s1__vh__blk08__max_std,0.5160119776692842,0.298414107053046
Avdiivka,s1__vh__blk08__max_max,0.266468919925402,0.14298676548941114
Avdiivka,s1__vh__blk08__mean_mean,0.10703605877829703,0.05500335699717261
Avdiivka,s1__vh__blk08__mean_std,0.552641943242292,0.3234073158650822
Avdiivka,s1__vh__blk08__mean_max,0.2556051613859156,0.1367394824094899
Avdiivka,s1__vh__blk08__median_mean,0.09880853920247734,0.05066640629268358
Avdiivka,s1__vh__blk08__median_std,0.5220981757609235,0.3025237849769105
Avdiivka,s1__vh__blk08__median_max,0.2577246091937506,0.13795522575739946
Avdiivka,s1__vh__blk08__min_mean,0.06563419684333516,0.03336765810670365
Avdiivka,s1__vh__blk08__min_std,0.5139766861459645,0.297043545387425
Avdiivka,s1__vh__blk08__min_max,0.21637618204821507,0.11450003301394825
Avdiivka,s1__vh__blk08__skewness_mean,0.00828068986914876,0.0041489398949336575
Avdiivka,s1__vh__blk08__skewness_std,0.21141717418121497,0.11172359170070992
Avdiivka,s1__vh__blk08__skewness_max,0.1724132337732096,0.09015079094572315
Avdiivka,s1__vh__blk08__std_mean,0.002518299343773789,0.0012599430669070289
Avdiivka,s1__vh__blk08__std_std,0.3123222785711197,0.16979372593848097
Avdiivka,s1__vh__blk08__std_max,0.13509475764795975,0.06993693714528337
Avdiivka,s1__vh__blk09__kurtosis_mean,0.3004920760517529,0.16280842789942476
Avdiivka,s1__vh__blk09__kurtosis_std,1.5733457988886812e-05,7.866759937283593e-06
Avdiivka,s1__vh__blk09__mean_std,1.5733457988886812e-05,7.866759937283593e-06
Avdiivka,s1__vh__blk09__median_mean,0.3004920760517529,0.16280842789942476
Avdiivka,s1__vh__blk09__median_std,0.2953329567618852,0.1597773714528771
Avdiivka,s1__vh__blk09__min_mean,0.3004920760517529,0.16280842789942476
Avdiivka,s1__vh__blk09__skewness_std,1.5733457988886812e-05,7.866759937283593e-06
Avdiivka,s1__vh__blk09__std_mean,0.7834924944958832,0.497163127584873
Avdiivka,s1__vh__blk09__std_std,1.5733457988886812e-05,7.866759937283593e-06
Avdiivka,s1__vv__blk03__kurtosis_mean,0.03280448972419148,0.01653825093438322
Avdiivka,s1__vv__blk03__kurtosis_std,0.20122693777279999,0.10604238017060455
Avdiivka,s1__vv__blk03__kurtosis_max,0.33560044962387914,0.18368275257505284
Avdiivka,s1__vv__blk03__max_mean,0.043084044441472624,0.0217774386182553
Avdiivka,s1__vv__blk03__max_std,0.38016711195774056,0.21082419216601958
Avdiivka,s1__vv__blk03__max_max,0.07502702483382695,0.038235251793459005
Avdiivka,s1__vv__blk03__mean_mean,0.06260796513345213,0.031804423807062915
Avdiivka,s1__vv__blk03__mean_std,0.34295056950022174,0.1881086112389327
Avdiivka,s1__vv__blk03__mean_max,0.048303760594363476,0.024448319736911854
Avdiivka,s1__vv__blk03__median_mean,0.06292372536260937,0.031967419193594776
Avdiivka,s1__vv__blk03__median_std,0.34202599715687243,0.18755080379900732
Avdiivka,s1__vv__blk03__median_max,0.04963392853512283,0.02513009664681816
Avdiivka,s1__vv__blk03__min_mean,0.08333881738465188,0.042562475667055504
Avdiivka,s1__vv__blk03__min_std,0.31183802134825744,0.16950683007303313
Avdiivka,s1__vv__blk03__min_max,0.03502890419091287,0.017669644858821595
Avdiivka,s1__vv__blk03__skewness_mean,0.006713046486461094,0.0033621690043306772
Avdiivka,s1__vv__blk03__skewness_std,0.22566278296852316,0.1197202262187836
Avdiivka,s1__vv__blk03__skewness_max,0.24599677873820203,0.13124645008838046
Avdiivka,s1__vv__blk03__std_mean,0.0586637679554749,0.029770665179981472
Avdiivka,s1__vv__blk03__std_std,0.24728560297965307,0.1319815103012488
Avdiivka,s1__vv__blk03__std_max,0.30396516880482505,0.16485410613981466
Avdiivka,s1__vv__blk04__kurtosis_mean,0.03565782117487304,0.017989760332123683
Avdiivka,s1__vv__blk04__kurtosis_std,0.20348047001056613,0.1072959819151563
Avdiivka,s1__vv__blk04__kurtosis_max,0.26693264805575634,0.14325430621685004
Avdiivka,s1__vv__blk04__max_mean,0.018033269316206635,0.009057530522701356
Avdiivka,s1__vv__blk04__max_std,0.3715473694544704,0.20551692303176292
Avdiivka,s1__vv__blk04__max_max,0.06852594342544704,0.03486370927611984
Avdiivka,s1__vv__blk04__mean_mean,0.027385849390409556,0.013787537465038588
Avdiivka,s1__vv__blk04__mean_std,0.3592739202684079,0.19800830515687717
Avdiivka,s1__vv__blk04__mean_max,0.05324552731407928,0.026983567573348126
Avdiivka,s1__vv__blk04__median_mean,0.027900582438718402,0.014048511065445742
Avdiivka,s1__vv__blk04__median_std,0.34128318642752853,0.18710288098504663
Avdiivka,s1__vv__blk04__median_max,0.05074677029785457,0.025700840458967963
Avdiivka,s1__vv__blk04__min_mean,0.03608841403516139,0.01820898897049347
Avdiivka,s1__vv__blk04__min_std,0.3594199229330206,0.19809729573424625
Avdiivka,s1__vv__blk04__min_max,0.05298016436670938,0.0268472664286137
Avdiivka,s1__vv__blk04__skewness_mean,0.004415891801010652,0.0022103870069376023
Avdiivka,s1__vv__blk04__skewness_std,0.2609598255684664,0.13981384342386302
Avdiivka,s1__vv__blk04__skewness_max,0.21858826996656022,0.11574102383856477
Avdiivka,s1__vv__blk04__std_mean,0.036217206391736756,0.01827457062943889
Avdiivka,s1__vv__blk04__std_std,0.32286391847453033,0.17605955519976477
Avdiivka,s1__vv__blk04__std_max,0.2673659262982597,0.14350434405424395
Avdiivka,s1__vv__blk05__kurtosis_mean,0.015495335505427699,0.007777836858347313
Avdiivka,s1__vv__blk05__kurtosis_std,0.21532758189019563,0.11391230143628003
Avdiivka,s1__vv__blk05__kurtosis_max,0.3186024823832667,0.1735218772207474
Avdiivka,s1__vv__blk05__max_mean,0.03904817019646356,0.01971719774558406
Avdiivka,s1__vv__blk05__max_std,0.42353528823958064,0.23796236472095733
Avdiivka,s1__vv__blk05__max_max,0.1101374793216392,0.056643094515923795
Avdiivka,s1__vv__blk05__mean_mean,0.02743704672223446,0.013813491854653796
Avdiivka,s1__vv__blk05__mean_std,0.3951135454878447,0.22009417133274095
Avdiivka,s1__vv__blk05__mean_max,0.07736496602759857,0.03945052189163802
Avdiivka,s1__vv__blk05__median_mean,0.02857206326510031,0.01438905939821683
Avdiivka,s1__vv__blk05__median_std,0.39167559759872006,0.21795428736364444
Avdiivka,s1__vv__blk05__median_max,0.07598160330379766,0.038731266669730396
Avdiivka,s1__vv__blk05__min_mean,0.020961799338921505,0.010536211113650317
Avdiivka,s1__vv__blk05__min_std,0.37518375294205386,0.20775244990569808
Avdiivka,s1__vv__blk05__min_max,0.06792816435521365,0.03455426345009394
Avdiivka,s1__vv__blk05__skewness_mean,0.019311167318053712,0.009702501061125248
Avdiivka,s1__vv__blk05__skewness_std,0.24743276441448137,0.13206547584258843
Avdiivka,s1__vv__blk05__skewness_max,0.32941958883510214,0.17997606291759996
Avdiivka,s1__vv__blk05__std_mean,0.025526859025254423,0.012845581858142063
Avdiivka,s1__vv__blk05__std_std,0.30807180105155973,0.16727835588599865
Avdiivka,s1__vv__blk05__std_max,0.30965280978316545,0.168213234726332
Avdiivka,s1__vv__blk06__kurtosis_mean,7.022009842616583e-05,3.5110665585238584e-05
Avdiivka,s1__vv__blk06__kurtosis_std,0.13651633224054915,0.07069950494373503
Avdiivka,s1__vv__blk06__kurtosis_max,0.20430178531805643,0.10775325671316648
Avdiivka,s1__vv__blk06__max_mean,0.03827556715278768,0.019323281448681156
Avdiivka,s1__vv__blk06__max_std,0.41596506781789855,0.23317183426561222
Avdiivka,s1__vv__blk06__max_max,0.0953764919470379,0.04886282508136703
Avdiivka,s1__vv__blk06__mean_mean,0.03153180741995243,0.015891507490487518
Avdiivka,s1__vv__blk06__mean_std,0.3897123904739599,0.2167343780605338
Avdiivka,s1__vv__blk06__mean_max,0.08727888641774295,0.04462028557931313
Avdiivka,s1__vv__blk06__median_mean,0.029706207592933964,0.01496451572774218
Avdiivka,s1__vv__blk06__median_std,0.38397923887131347,0.2131803733104685
Avdiivka,s1__vv__blk06__median_max,0.08898324766878063,0.04551174907585843
Avdiivka,s1__vv__blk06__min_mean,0.02793395843371349,0.014065435302190753
Avdiivka,s1__vv__blk06__min_std,0.35928427364156557,0.1980146154154584
Avdiivka,s1__vv__blk06__min_max,0.07096086043977379,0.03612515676431641
Avdiivka,s1__vv__blk06__skewness_mean,0.005306476283513106,0.00265676421646661
Avdiivka,s1__vv__blk06__skewness_std,0.19497141388636208,0.10257075171843703
Avdiivka,s1__vv__blk06__skewness_max,0.14279563827839814,0.07407485485201244
Avdiivka,s1__vv__blk06__std_mean,0.015850068221635594,0.007956604099762463
Avdiivka,s1__vv__blk06__std_std,0.27382537892458836,0.14723942205704246
Avdiivka,s1__vv__blk06__std_max,0.2279199160078902,0.12099313527180709
Avdiivka,s1__vv__blk07__kurtosis_mean,0.0015776507060598632,0.000789136639459872
Avdiivka,s1__vv__blk07__kurtosis_std,0.22264292188645207,0.11801970722201843
Avdiivka,s1__vv__blk07__kurtosis_max,0.16607741776057505,0.08669002013604313
Avdiivka,s1__vv__blk07__max_mean,0.0157673166778034,0.007914898673713384
Avdiivka,s1__vv__blk07__max_std,0.2658440651294611,0.14262637840717984
Avdiivka,s1__vv__blk07__max_max,0.055468215620184225,0.028125960294417045
Avdiivka,s1__vv__blk07__mean_mean,0.03192199607795443,0.016089746576123873
Avdiivka,s1__vv__blk07__mean_std,0.36342229524589453,0.2005398844463318
Avdiivka,s1__vv__blk07__mean_max,0.08147861888455044,0.04159240521274669
Avdiivka,s1__vv__blk07__median_mean,0.028410826510043563,0.014307275956431309
Avdiivka,s1__vv__blk07__median_std,0.35146312275209546,0.19325902709675985
Avdiivka,s1__vv__blk07__median_max,0.0817025811038079,0.04170914891693787
Avdiivka,s1__vv__blk07__min_mean,0.05360173123352152,0.02716655752729651
Avdiivka,s1__vv__blk07__min_std,0.45612937698662837,0.2588545258533447
Avdiivka,s1__vv__blk07__min_max,0.12378174258941832,0.06388899483981154
Avdiivka,s1__vv__blk07__skewness_mean,0.0027204799086839593,0.0013611659204946906
Avdiivka,s1__vv__blk07__skewness_std,0.2944027551052124,0.15923184090090264
Avdiivka,s1__vv__blk07__skewness_max,0.14271870734052317,0.07403343273059688
Avdiivka,s1__vv__blk07__std_mean,0.01078552169501057,0.005407354271828733
Avdiivka,s1__vv__blk07__std_std,0.22069200041728942,0.11692265612375143
Avdiivka,s1__vv__blk07__std_max,0.15613449813041425,0.0812829963342644
Avdiivka,s1__vv__blk08__kurtosis_mean,0.00030393427241937054,0.0001519786843848983
Avdiivka,s1__vv__blk08__kurtosis_std,0.20659426531255343,0.10903072336701582
Avdiivka,s1__vv__blk08__kurtosis_max,0.1904123311585526,0.10004816850414704
Avdiivka,s1__vv__blk08__max_mean,0.027387182048376868,0.013788213044911662
Avdiivka,s1__vv__blk08__max_std,0.3558264322233855,0.19590931299230774
Avdiivka,s1__vv__blk08__max_max,0.08932457959680029,0.04569037776362276
Avdiivka,s1__vv__blk08__mean_mean,0.02512391625921384,0.012641526584975929
Avdiivka,s1__vv__blk08__mean_std,0.38474390115878876,0.21365366132315602
Avdiivka,s1__vv__blk08__mean_max,0.08212311003648076,0.04192839283053489
Avdiivka,s1__vv__blk08__median_mean,0.018667320365544526,0.009377491741425527
Avdiivka,s1__vv__blk08__median_std,0.3498387583022957,0.19227417518093037
Avdiivka,s1__vv__blk08__median_max,0.07948183772561723,0.040552154745707586
Avdiivka,s1__vv__blk08__min_mean,0.03821739426689552,0.019293627934453016
Avdiivka,s1__vv__blk08__min_std,0.44999768651824334,0.25489075706102865
Avdiivka,s1__vv__blk08__min_max,0.11289877796553927,0.058105273834532234
Avdiivka,s1__vv__blk08__skewness_mean,0.001287273440382375,0.0006438439432273528
Avdiivka,s1__vv__blk08__skewness_std,0.2357561049388086,0.12542497002638087
Avdiivka,s1__vv__blk08__skewness_max,0.14302086828640603,0.0741961358865559
Avdiivka,s1__vv__blk08__std_mean,0.009449631031303918,0.004736012740282916
Avdiivka,s1__vv__blk08__std_std,0.2398008302450505,0.12772021327902494
Avdiivka,s1__vv__blk08__std_max,0.1430421659801362,0.07420760495236231
Avdiivka,s1__vv__blk09__kurtosis_mean,1.5733457988886812e-05,7.866759937283593e-06
Avdiivka,s1__vv__blk09__kurtosis_std,1.5733457988886812e-05,7.866759937283593e-06
Avdiivka,s1__vv__blk09__max_mean,0.856261299398668,0.5588447222568175
Avdiivka,s1__vv__blk09__mean_mean,0.3004920760517529,0.16280842789942476
Avdiivka,s1__vv__blk09__mean_std,0.3004920760517529,0.16280842789942476
Avdiivka,s1__vv__blk09__median_mean,0.3004920760517529,0.16280842789942476
Avdiivka,s1__vv__blk09__median_std,0.856261299398668,0.5588447222568175
Avdiivka,s1__vv__blk09__min_std,1.5733457988886812e-05,7.866759937283593e-06
Avdiivka,s1__vv__blk09__skewness_std,1.5733457988886812e-05,7.866759937283593e-06
Avdiivka,s1__vv__blk09__std_std,1.5733457988886812e-05,7.866759937283593e-06
Avdiivka,s1__vh__blk10__kurtosis_mean,0.856261299398668,0.5588447222568175
Avdiivka,s1__vh__blk10__max_mean,0.3004920760517529,0.16280842789942476
Avdiivka,s1__vh__blk10__max_std,0.3004920760517529,0.16280842789942476
Avdiivka,s1__vh__blk10__mean_std,0.7834924944958832,0.497163127584873
Avdiivka,s1__vh__blk10__median_std,0.3004920760517529,0.16280842789942476
Avdiivka,s1__vh__blk10__min_std,1.5733457988886812e-05,7.866759937283593e-06
Avdiivka,s1__vh__blk10__skewness_mean,1.5733457988886812e-05,7.866759937283593e-06
Avdiivka,s1__vh__blk10__std_std,0.7834924944958832,0.497163127584873
Avdiivka,s1__vh__blk11__kurtosis_std,1.5733457988886812e-05,7.866759937283593e-06
Avdiivka,s1__vh__blk11__median_mean,0.7834924944958832,0.497163127584873
Avdiivka,s1__vh__blk11__skewness_std,1.5733457988886812e-05,7.866759937283593e-06
Avdiivka,s1__vh__blk12__kurtosis_std,1.5733457988886812e-05,7.866759937283593e-06
Avdiivka,s1__vh__blk12__max_mean,0.7834924944958832,0.497163127584873
Avdiivka,s1__vh__blk12__mean_std,1.5733457988886812e-05,7.866759937283593e-06
Avdiivka,s1__vh__blk12__skewness_std,1.5733457988886812e-05,7.866759937283593e-06
Avdiivka,s1__vh__blk13__kurtosis_std,1.5733457988886812e-05,7.866759937283593e-06
Avdiivka,s1__vh__blk13__max_mean,0.7834924944958832,0.497163127584873
Avdiivka,s1__vh__blk13__max_std,1.5733457988886812e-05,7.866759937283593e-06
Avdiivka,s1__vh__blk13__median_std,1.5733457988886812e-05,7.866759937283593e-06
Avdiivka,s1__vh__blk13__min_mean,1.5733457988886812e-05,7.866759937283593e-06
Avdiivka,s1__vh__blk13__skewness_mean,0.3004920760517529,0.16280842789942476
Avdiivka,s1__vh__blk13__skewness_std,1.5733457988886812e-05,7.866759937283593e-06
Avdiivka,s1__vh__blk13__std_std,0.7834924944958832,0.497163127584873
Avdiivka,s1__vh__blk14__kurtosis_std,1.5733457988886812e-05,7.866759937283593e-06
Avdiivka,s1__vh__blk14__max_mean,0.7834924944958832,0.497163127584873
Avdiivka,s1__vh__blk14__max_std,1.5733457988886812e-05,7.866759937283593e-06
Avdiivka,s1__vh__blk14__mean_mean,0.856261299398668,0.5588447222568175
Avdiivka,s1__vh__blk14__min_std,1.5733457988886812e-05,7.866759937283593e-06
Avdiivka,s1__vh__blk14__skewness_std,1.5733457988886812e-05,7.866759937283593e-06
Avdiivka,s1__vh__blk14__std_mean,0.7834924944958832,0.497163127584873
Avdiivka,s1__vh__blk14__std_std,0.856261299398668,0.5588447222568175
Avdiivka,s1__vh__blk15__max_std,1.5733457988886812e-05,7.866759937283593e-06
Avdiivka,s1__vh__blk15__mean_mean,1.5733457988886812e-05,7.866759937283593e-06
Avdiivka,s1__vh__blk15__median_std,1.5733457988886812e-05,7.866759937283593e-06
Avdiivka,s1__vh__blk15__skewness_std,0.2953329567618852,0.1597773714528771
Avdiivka,s1__vh__blk15__std_std,0.2953329567618852,0.1597773714528771
Avdiivka,s1__vh__blk16__kurtosis_std,1.5733457988886812e-05,7.866759937283593e-06
Avdiivka,s1__vh__blk16__max_mean,0.7834924944958832,0.497163127584873
Avdiivka,s1__vh__blk16__max_std,0.2953329567618852,0.1597773714528771
Avdiivka,s1__vh__blk16__mean_std,1.5733457988886812e-05,7.866759937283593e-06
Avdiivka,s1__vh__blk16__median_std,1.5733457988886812e-05,7.866759937283593e-06
Avdiivka,s1__vh__blk16__min_mean,1.5733457988886812e-05,7.866759937283593e-06
Avdiivka,s1__vh__blk16__min_std,0.11291147848264971,0.058112004029871316
Avdiivka,s1__vh__blk16__std_mean,0.2953329567618852,0.1597773714528771
Avdiivka,s1__vh__blk16__std_std,1.5733457988886812e-05,7.866759937283593e-06
Avdiivka,s1__vv__blk10__kurtosis_mean,1.5733457988886812e-05,7.866759937283593e-06
Avdiivka,s1__vv__blk10__mean_mean,0.11682312009205154,0.06018700013567484
Avdiivka,s1__vv__blk10__mean_std,0.3004920760517529,0.16280842789942476
Avdiivka,s1__vv__blk10__median_std,0.2953329567618852,0.1597773714528771
Avdiivka,s1__vv__blk10__min_mean,1.5733457988886812e-05,7.866759937283593e-06
Avdiivka,s1__vv__blk10__skewness_std,1.5733457988886812e-05,7.866759937283593e-06
Avdiivka,s1__vv__blk10__std_std,1.5733457988886812e-05,7.866759937283593e-06
Avdiivka,s1__vv__blk11__median_std,0.2953329567618852,0.1597773714528771
Avdiivka,s1__vv__blk11__min_mean,1.5733457988886812e-05,7.866759937283593e-06
Avdiivka,s1__vv__blk11__min_std,0.856261299398668,0.5588447222568175
Avdiivka,s1__vv__blk11__skewness_mean,1.5733457988886812e-05,7.866759937283593e-06
Avdiivka,s1__vv__blk11__std_std,1.5733457988886812e-05,7.866759937283593e-06
Avdiivka,s1__vv__blk12__max_mean,1.5733457988886812e-05,7.866759937283593e-06
Avdiivka,s1__vv__blk12__max_std,0.2953329567618852,0.1597773714528771
Avdiivka,s1__vv__blk12__mean_mean,0.7834924944958832,0.497163127584873
Avdiivka,s1__vv__blk12__mean_std,1.5733457988886812e-05,7.866759937283593e-06
Avdiivka,s1__vv__blk12__std_mean,0.856261299398668,0.5588447222568175
Avdiivka,s1__vv__blk12__std_std,1.5733457988886812e-05,7.866759937283593e-06
Avdiivka,s1__vv__blk13__mean_std,0.2953329567618852,0.1597773714528771
Avdiivka,s1__vv__blk13__median_mean,1.5733457988886812e-05,7.866759937283593e-06
Avdiivka,s1__vv__blk13__min_mean,1.5733457988886812e-05,7.866759937283593e-06
Avdiivka,s1__vv__blk13__min_std,1.5733457988886812e-05,7.866759937283593e-06
Avdiivka,s1__vv__blk13__std_std,1.5733457988886812e-05,7.866759937283593e-06
Avdiivka,s1__vv__blk14__kurtosis_mean,0.7834924944958832,0.497163127584873
Avdiivka,s1__vv__blk14__kurtosis_std,1.5733457988886812e-05,7.866759937283593e-06
Avdiivka,s1__vv__blk14__max_std,1.5733457988886812e-05,7.866759937283593e-06
Avdiivka,s1__vv__blk14__mean_std,1.5733457988886812e-05,7.866759937283593e-06
Avdiivka,s1__vv__blk14__min_std,0.2953329567618852,0.1597773714528771
Avdiivka,s1__vv__blk14__skewness_std,0.2953329567618852,0.1597773714528771
Avdiivka,s1__vv__blk14__std_std,0.2953329567618852,0.1597773714528771
Avdiivka,s1__vv__blk15__kurtosis_mean,1.5733457988886812e-05,7.866759937283593e-06
Avdiivka,s1__vv__blk15__kurtosis_std,1.5733457988886812e-05,7.866759937283593e-06
Avdiivka,s1__vv__blk15__max_mean,1.5733457988886812e-05,7.866759937283593e-06
Avdiivka,s1__vv__blk15__mean_std,1.5733457988886812e-05,7.866759937283593e-06
Avdiivka,s1__vv__blk15__skewness_mean,1.5733457988886812e-05,7.866759937283593e-06
Avdiivka,s1__vv__blk15__skewness_std,1.5733457988886812e-05,7.866759937283593e-06
Avdiivka,s1__vv__blk15__std_mean,0.3004920760517529,0.16280842789942476
Avdiivka,s1__vv__blk15__std_std,0.2953329567618852,0.1597773714528771
Avdiivka,s1__vv__blk16__kurtosis_std,0.2953329567618852,0.1597773714528771
Avdiivka,s1__vv__blk16__max_std,1.5733457988886812e-05,7.866759937283593e-06
Avdiivka,s1__vv__blk16__mean_mean,0.11291147848264971,0.058112004029871316
Avdiivka,s1__vv__blk16__min_mean,1.5733457988886812e-05,7.866759937283593e-06
Avdiivka,s1__vv__blk16__skewness_mean,0.7834924944958832,0.497163127584873
Avdiivka,s1__vv__blk16__std_mean,1.5733457988886812e-05,7.866759937283593e-06
Borodyanka,s1__vh__baseline__kurtosis_mean,0.0004802873634091043,0.00024017252081553694
Borodyanka,s1__vh__baseline__kurtosis_std,0.005341798447990431,0.0026744724392108532
Borodyanka,s1__vh__baseline__kurtosis_max,0.006404921390370744,0.003207599546683673
Borodyanka,s1__vh__baseline__max_mean,0.055488037782953414,0.028136154143630795
Borodyanka,s1__vh__baseline__max_std,0.007513562419614539,0.0037638556359419714
Borodyanka,s1__vh__baseline__max_max,0.019227699313699276,0.0096603610518929
Borodyanka,s1__vh__baseline__mean_mean,0.08032691336460385,0.0409922763947885
Borodyanka,s1__vh__baseline__mean_std,0.022866462411642585,0.011499093084351424
Borodyanka,s1__vh__baseline__mean_max,0.05807324052913576,0.02946652537169063
Borodyanka,s1__vh__baseline__skewness_mean,0.0066535490692902766,0.003332320552697829
Borodyanka,s1__vh__baseline__skewness_std,0.01551531183397925,0.00778790306249991
Borodyanka,s1__vh__baseline__skewness_max,0.023303547280807857,0.011720187502683693
Borodyanka,s1__vh__baseline__std_mean,0.00045415193116715713,0.0002271017512342142
Borodyanka,s1__vh__baseline__std_std,0.0590864699528213,0.029988426542552293
Borodyanka,s1__vh__baseline__std_max,0.023052792785878795,0.011593340211003677
Borodyanka,s1__vv__baseline__kurtosis_mean,0.010795085828448236,0.005412162278473634
Borodyanka,s1__vv__baseline__kurtosis_std,0.06137729144853776,0.03116940365995958
Borodyanka,s1__vv__baseline__kurtosis_max,0.04266293474930327,0.02156227128412776
Borodyanka,s1__vv__baseline__max_mean,0.006711295299705045,0.0033612904624912075
Borodyanka,s1__vv__baseline__max_std,0.04281125809449304,0.02163805228676653
Borodyanka,s1__vv__baseline__max_max,0.02293130491124984,0.011531889838689038
Borodyanka,s1__vv__baseline__mean_mean,0.004367445438984596,0.0021861105187778542
Borodyanka,s1__vv__baseline__mean_std,0.0525128804432935,0.02660729565386102
Borodyanka,s1__vv__baseline__mean_max,0.02190632999309594,0.011013592562124915
Borodyanka,s1__vv__baseline__skewness_mean,0.028937512428684586,0.014574449405699318
Borodyanka,s1__vv__baseline__skewness_std,0.03540689587482415,0.0178620283730461
Borodyanka,s1__vv__baseline__skewness_max,0.055434860265549,0.028108807029642767
Borodyanka,s1__vv__baseline__std_mean,0.02095404058954564,0.010532290656650452
Borodyanka,s1__vv__baseline__std_std,0.0003961943577015514,0.00019811680268852792
Borodyanka,s1__vv__baseline__std_max,0.008641652839060932,0.004330188166726515
Borodyanka,s1__coh__baseline__max_mean,0.005691893139354587,0.002850003975551343
Borodyanka,s1__coh__baseline__max_std,0.02933387629055395,0.014775561101756218
Borodyanka,s1__coh__baseline__max_max,0.020868445198077623,0.010489040756324317
Borodyanka,s1__coh__baseline__mean_mean,0.009846698712459467,0.0049355089677662065
Borodyanka,s1__coh__baseline__mean_std,0.049775755154272794,0.02520281723919584
Borodyanka,s1__coh__baseline__mean_max,0.022162401867505954,0.011143054808767015
Borodyanka,s1__coh__baseline__median_mean,0.011873076883354372,0.0059542297374650735
Borodyanka,s1__coh__baseline__median_std,0.04231832111171707,0.02138622429125346
Borodyanka,s1__coh__baseline__median_max,0.018308563108751175,0.009196439470621808
Borodyanka,s1__coh__baseline__min_mean,0.010020276986196563,0.0050227313157567245
Borodyanka,s1__coh__baseline__min_std,0.03830442352455887,0.019337991253750752
Borodyanka,s1__coh__baseline__min_max,0.024972775888240317,0.012564997941478914
Borodyanka,s1__coh__baseline__std_mean,0.008619326351893664,0.004318976542238477
Borodyanka,s1__coh__baseline__std_std,0.0031393028573223347,0.0015708846220897094
Borodyanka,s1__coh__baseline__std_max,0.0019961493602651537,0.0009985730883261493
Borodyanka,s1__coh__post_baseline__max_mean,0.013226114474289563,0.006635020382731937
Borodyanka,s1__coh__post_baseline__max_std,0.023917240478678936,0.012030699762463615
Borodyanka,s1__coh__post_baseline__max_max,0.004079337453465337,0.0020417516838337037
Borodyanka,s1__coh__post_baseline__mean_mean,0.016092916516023514,0.008079005715342568
Borodyanka,s1__coh__post_baseline__mean_std,0.005412429166706145,0.0027098830018851376
Borodyanka,s1__coh__post_baseline__mean_max,0.010152405787549945,0.00508913057927761
Borodyanka,s1__coh__post_baseline__median_mean,0.018055803936391834,0.009068900415013159
Borodyanka,s1__coh__post_baseline__median_std,0.009200875665069663,0.0046110524136518585
Borodyanka,s1__coh__post_baseline__median_max,0.011006471638848048,0.005518434408259204
Borodyanka,s1__coh__post_baseline__min_mean,0.017070038862017967,0.008571651294056992
Borodyanka,s1__coh__post_baseline__min_std,0.0007409711850441258,0.00037055423926483916
Borodyanka,s1__coh__post_baseline__min_max,0.004753855394050266,0.002379757074035824
Borodyanka,s1__coh__post_baseline__std_mean,0.0229696195061746,0.011551269522502435
Borodyanka,s1__coh__post_baseline__std_std,0.002908642236350234,0.0014553796695726928
Borodyanka,s1__coh__post_baseline__std_max,0.030890156977880334,0.015565596261833754
Borodyanka,s1__vh__blk01__kurtosis_mean,0.011435743084815764,0.005734281151817967
Borodyanka,s1__vh__blk01__kurtosis_std,0.04150497380432783,0.020970846038260976
Borodyanka,s1__vh__blk01__kurtosis_max,0.05501317056337651,0.02789197501034239
Borodyanka,s1__vh__blk01__skewness_mean,0.02644827031617547,0.013312352629774368
Borodyanka,s1__vh__blk01__skewness_std,0.02261107199091894,0.011369929361904311
Borodyanka,s1__vh__blk01__skewness_max,0.01757422775716244,0.008825948225662511
Borodyanka,s1__vh__blk01__std_mean,0.024901563655240322,0.01252894226167072
Borodyanka,s1__vh__blk01__std_std,0.06382523626545411,0.03243292525565629
Borodyanka,s1__vh__blk01__std_max,0.049341489461777854,0.024980167279419693
Borodyanka,s1__vh__blk_pre01__kurtosis_mean,0.0004802873634091043,0.00024017252081553694
Borodyanka,s1__vh__blk_pre01__kurtosis_std,0.005341798447990431,0.0026744724392108532
Borodyanka,s1__vh__blk_pre01__kurtosis_max,0.006404921390370744,0.003207599546683673
Borodyanka,s1__vh__blk_pre01__max_mean,0.055488037782953414,0.028136154143630795
Borodyanka,s1__vh__blk_pre01__max_std,0.007513562419614539,0.0037638556359419714
Borodyanka,s1__vh__blk_pre01__max_max,0.019227699313699276,0.0096603610518929
Borodyanka,s1__vh__blk_pre01__mean_mean,0.08032691336460385,0.0409922763947885
Borodyanka,s1__vh__blk_pre01__mean_std,0.022866462411642585,0.011499093084351424
Borodyanka,s1__vh__blk_pre01__mean_max,0.05807324052913576,0.02946652537169063
Borodyanka,s1__vh__blk_pre01__skewness_mean,0.0066535490692902766,0.003332320552697829
Borodyanka,s1__vh__blk_pre01__skewness_std,0.01551531183397925,0.00778790306249991
Borodyanka,s1__vh__blk_pre01__skewness_max,0.023303547280807857,0.011720187502683693
Borodyanka,s1__vh__blk_pre01__std_mean,0.00045415193116715713,0.0002271017512342142
Borodyanka,s1__vh__blk_pre01__std_std,0.0590864699528213,0.029988426542552293
Borodyanka,s1__vh__blk_pre01__std_max,0.023052792785878795,0.011593340211003677
Borodyanka,s1__vv__blk01__kurtosis_mean,0.006131905368231161,0.0030706623459098963
Borodyanka,s1__vv__blk01__kurtosis_std,0.018631887182315676,0.009359608391111881
Borodyanka,s1__vv__blk01__kurtosis_max,0.017985293429644278,0.009033324613907852
Borodyanka,s1__vv__blk01__skewness_mean,0.039437132711862555,0.01991557135716992
Borodyanka,s1__vv__blk01__skewness_std,0.0016219534949368786,0.000811305767007679
Borodyanka,s1__vv__blk01__skewness_max,0.04855801685122629,0.0245786027259966
Borodyanka,s1__vv__blk01__std_mean,0.047136467603273946,0.023850406991769713
Borodyanka,s1__vv__blk01__std_std,0.15058835024212747,0.07827961920897963
Borodyanka,s1__vv__blk01__std_max,0.10034464389021869,0.05147470236214996
Borodyanka,s1__vv__blk_pre01__kurtosis_mean,0.010795085828448236,0.005412162278473634
Borodyanka,s1__vv__blk_pre01__kurtosis_std,0.06137729144853776,0.03116940365995958
Borodyanka,s1__vv__blk_pre01__kurtosis_max,0.04266293474930327,0.02156227128412776
Borodyanka,s1__vv__blk_pre01__max_mean,0.006711295299705045,0.0033612904624912075
Borodyanka,s1__vv__blk_pre01__max_std,0.04281125809449304,0.02163805228676653
Borodyanka,s1__vv__blk_pre01__max_max,0.02293130491124984,0.011531889838689038
Borodyanka,s1__vv__blk_pre01__mean_mean,0.004367445438984596,0.0021861105187778542
Borodyanka,s1__vv__blk_pre01__mean_std,0.0525128804432935,0.02660729565386102
Borodyanka,s1__vv__blk_pre01__mean_max,0.02190632999309594,0.011013592562124915
Borodyanka,s1__vv__blk_pre01__skewness_mean,0.028937512428684586,0.014574449405699318
Borodyanka,s1__vv__blk_pre01__skewness_std,0.03540689587482415,0.0178620283730461
Borodyanka,s1__vv__blk_pre01__skewness_max,0.055434860265549,0.028108807029642767
Borodyanka,s1__vv__blk_pre01__std_mean,0.02095404058954564,0.010532290656650452
Borodyanka,s1__vv__blk_pre01__std_std,0.0003961943577015514,0.00019811680268852792
Borodyanka,s1__vv__blk_pre01__std_max,0.008641652839060932,0.004330188166726515
Borodyanka,s1__vh__baseline__median_mean,0.08695339258196522,0.04445012687638063
Borodyanka,s1__vh__baseline__median_std,0.023953347247652967,0.012048971820490348
Borodyanka,s1__vh__baseline__median_max,0.06761021671115874,0.03438971393395199
Borodyanka,s1__vh__baseline__min_mean,0.07579953668380845,0.038636642831145304
Borodyanka,s1__vh__baseline__min_std,0.01348139680569127,0.00676351952165893
Borodyanka,s1__vh__baseline__min_max,0.06370398107162667,0.03237030105489544
Borodyanka,s1__vv__baseline__median_mean,0.002319804946787629,0.0011605756808881081
Borodyanka,s1__vv__baseline__median_std,0.047058033981560055,0.023810244407249718
Borodyanka,s1__vv__baseline__median_max,0.01658981832572981,0.008329503358507457
Borodyanka,s1__vv__baseline__min_mean,0.003735375952082398,0.0018694342799350644
Borodyanka,s1__vv__baseline__min_std,0.038233643664653316,0.01930191094451089
Borodyanka,s1__vv__baseline__min_max,0.02136132727377915,0.010738111344010903
Borodyanka,s1__vh__blk01__max_mean,0.0377863672918779,0.019073940171998642
Borodyanka,s1__vh__blk01__max_std,0.0037741418641967783,0.0018888536936011334
Borodyanka,s1__vh__blk01__max_max,0.011437809749391015,0.0057353204270850205
Borodyanka,s1__vh__blk01__mean_mean,0.04341463809487123,0.021946388940418053
Borodyanka,s1__vh__blk01__mean_std,0.002542423715165665,0.0012720205327806122
Borodyanka,s1__vh__blk01__mean_max,0.014554178849812915,0.007303696600603633
Borodyanka,s1__vh__blk01__median_mean,0.03949908407099878,0.019947170618271774
Borodyanka,s1__vh__blk01__median_std,0.002023812769235356,0.0010124187075276775
Borodyanka,s1__vh__blk01__median_max,0.013954104522134303,0.007001505698513814
Borodyanka,s1__vh__blk01__min_mean,0.04800046994107965,0.02429293331757742
Borodyanka,s1__vh__blk01__min_std,0.000936308692793153,0.00046826396485621637
Borodyanka,s1__vh__blk01__min_max,0.012904504451972665,0.006473157980031525
Borodyanka,s1__vh__blk_pre01__median_mean,0.08695339258196522,0.04445012687638063
Borodyanka,s1__vh__blk_pre01__median_std,0.023953347247652967,0.012048971820490348
Borodyanka,s1__vh__blk_pre01__median_max,0.06761021671115874,0.03438971393395199
Borodyanka,s1__vh__blk_pre01__min_mean,0.07579953668380845,0.038636642831145304
Borodyanka,s1__vh__blk_pre01__min_std,0.01348139680569127,0.00676351952165893
Borodyanka,s1__vh__blk_pre01__min_max,0.06370398107162667,0.03237030105489544
Borodyanka,s1__vv__blk01__max_mean,0.018496102472174814,0.009291079955250454
Borodyanka,s1__vv__blk01__max_std,0.035311481253114785,0.017813462436121377
Borodyanka,s1__vv__blk01__max_max,0.024484818680205578,0.012317964921483762
Borodyanka,s1__vv__blk01__mean_mean,0.014097280617830332,0.0070735993279340825
Borodyanka,s1__vv__blk01__mean_std,0.03082368539854241,0.015531839659756672
Borodyanka,s1__vv__blk01__mean_max,0.017174078356055222,0.008624120229178642
Borodyanka,s1__vv__blk01__median_mean,0.014278737594365154,0.007164976043098016
Borodyanka,s1__vv__blk01__median_std,0.034293614011692286,0.017295515874084344
Borodyanka,s1__vv__blk01__median_max,0.017839152992034757,0.008959594055964281
Borodyanka,s1__vv__blk01__min_mean,0.008860302921857466,0.004439993660960165
Borodyanka,s1__vv__blk01__min_std,0.03142068018970212,0.01583505542587313
Borodyanka,s1__vv__blk01__min_max,0.01148861906805565,0.005760871535334878
Borodyanka,s1__vv__blk_pre01__median_mean,0.002319804946787629,0.0011605756808881081
Borodyanka,s1__vv__blk_pre01__median_std,0.047058033981560055,0.023810244407249718
Borodyanka,s1__vv__blk_pre01__median_max,0.01658981832572981,0.008329503358507457
Borodyanka,s1__vv__blk_pre01__min_mean,0.003735375952082398,0.0018694342799350644
Borodyanka,s1__vv__blk_pre01__min_std,0.038233643664653316,0.01930191094451089
Borodyanka,s1__vv__blk_pre01__min_max,0.02136132727377915,0.010738111344010903
Bucha,s1__vh__baseline__kurtosis_mean,0.0006220134905403629,0.0003110551178977453
Bucha,s1__vh__baseline__kurtosis_std,0.07474174546908974,0.038087063620728556
Bucha,s1__vh__baseline__kurtosis_max,0.06428776378094314,0.03267184106993222
Bucha,s1__vh__baseline__max_mean,0.02847894059120515,0.014341824359668985
Bucha,s1__vh__baseline__max_std,0.20725100318639988,0.10939698635919487
Bucha,s1__vh__baseline__max_max,0.08506599077851429,0.04346401845765419
Bucha,s1__vh__baseline__mean_mean,0.027423286211109454,0.013806515923616484
Bucha,s1__vh__baseline__mean_std,0.21490323142006895,0.11367455470816795
Bucha,s1__vh__baseline__mean_max,0.08278897883715253,0.042275643700811466
Bucha,s1__vh__baseline__skewness_mean,0.004437895566166805,0.0022214132956196743
Bucha,s1__vh__baseline__skewness_std,0.08842544025730414,0.04521990128471533
Bucha,s1__vh__baseline__skewness_max,0.09911236204351592,0.05082622560932269
Bucha,s1__vh__baseline__std_mean,0.013027169253506221,0.006534890588281282
Bucha,s1__vh__baseline__std_std,0.07330562813564434,0.03734140678676584
Bucha,s1__vh__baseline__std_max,0.01332971565566976,0.006687167173764837
Bucha,s1__vv__baseline__kurtosis_mean,0.0044472999223308385,0.0022261259418976187
Bucha,s1__vv__baseline__kurtosis_std,0.048692710911278025,0.0246476279442258
Bucha,s1__vv__baseline__kurtosis_max,0.06700385627052086,0.0340759753023844
Bucha,s1__vv__baseline__max_mean,0.12031547086616912,0.06204322145091319
Bucha,s1__vv__baseline__max_std,0.21802731067767334,0.11542617748605011
Bucha,s1__vv__baseline__max_max,0.18367657376043534,0.09633281808889642
Bucha,s1__vv__baseline__mean_mean,0.11951860658378877,0.06161937616816596
Bucha,s1__vv__baseline__mean_std,0.22912902791565792,0.12167568037930132
Bucha,s1__vv__baseline__mean_max,0.17965907858128172,0.0941233775525067
Bucha,s1__vv__baseline__skewness_mean,0.0020225477845328133,0.00101178557470552
Bucha,s1__vv__baseline__skewness_std,0.08747322437652105,0.04472189361339307
Bucha,s1__vv__baseline__skewness_max,0.046373202120578716,0.02345963910147577
Bucha,s1__vv__baseline__std_mean,0.012565721737342939,0.0063026811011399975
Bucha,s1__vv__baseline__std_std,0.11068507355278068,0.05693288997678014
Bucha,s1__vv__baseline__std_max,0.06563288692939473,0.033366980926878176
Bucha,s1__coh__baseline__max_mean,0.03453624809867861,0.017418957027117106
Bucha,s1__coh__baseline__max_std,0.0573081274920888,0.029072606112465454
Bucha,s1__coh__baseline__max_max,0.11873775115838558,0.06120422005393924
Bucha,s1__coh__baseline__mean_mean,0.03893786638612373,0.01966094918991974
Bucha,s1__coh__baseline__mean_std,0.10885638218391236,0.05596544568922239
Bucha,s1__coh__baseline__mean_max,0.1259473043568613,0.0650438777990675
Bucha,s1__coh__baseline__median_mean,0.034960931052650634,0.01763505302041948
Bucha,s1__coh__baseline__median_std,0.10951508976076907,0.056313818131746324
Bucha,s1__coh__baseline__median_max,0.12224713785936459,0.06307140473766847
Bucha,s1__coh__baseline__min_mean,0.040370267984493724,0.020391637400670255
Bucha,s1__coh__baseline__min_std,0.10962312613840108,0.05637096720718508
Bucha,s1__coh__baseline__min_max,0.13446236425508395,0.06959789246903499
Bucha,s1__coh__baseline__std_mean,0.016969308456030285,0.008520853812775212
Bucha,s1__coh__baseline__std_std,0.08043998734718993,0.041051180858098994
Bucha,s1__coh__baseline__std_max,0.04433501931830319,0.022416901387125723
Bucha,s1__coh__post_baseline__max_mean,0.004436298602354949,0.002220613038304035
Bucha,s1__coh__post_baseline__max_std,0.11291318284456198,0.058112907200370496
Bucha,s1__coh__post_baseline__max_max,0.05565082250393627,0.02821987259755845
Bucha,s1__coh__post_baseline__mean_mean,0.0019117699252093612,0.0009563421119802009
Bucha,s1__coh__post_baseline__mean_std,0.10009240219573301,0.05134192830475662
Bucha,s1__coh__post_baseline__mean_max,0.040275819236232024,0.02034344132020307
Bucha,s1__coh__post_baseline__median_mean,0.0014871304677470665,0.0007438418156149376
Bucha,s1__coh__post_baseline__median_std,0.1179616435521571,0.060791758920145926
Bucha,s1__coh__post_baseline__median_max,0.04905427538128704,0.02483293856851062
Bucha,s1__coh__post_baseline__min_mean,0.0007395619167487322,0.000369849344211932
Bucha,s1__coh__post_baseline__min_std,0.06695503999747565,0.03405072142031845
Bucha,s1__coh__post_baseline__min_max,0.04012479222744125,0.020266378848304845
Bucha,s1__coh__post_baseline__std_mean,0.004448526649646123,0.0022267406726898804
Bucha,s1__coh__post_baseline__std_std,0.06860319947882054,0.03490370857003457
Bucha,s1__coh__post_baseline__std_max,0.10644660507539361,0.05469201353544426
Bucha,s1__vh__blk01__kurtosis_std,0.29667305973678215,0.160563818289612
Bucha,s1__vh__blk01__skewness_std,0.7849969668846994,0.49840060737935554
Bucha,s1__vh__blk01__std_mean,0.013971237794567326,0.007010132561757677
Bucha,s1__vh__blk01__std_std,0.15200304226579364,0.07904485358953184
Bucha,s1__vh__blk01__std_max,0.11267522393529861,0.05798681660123916
Bucha,s1__vh__blk_pre01__kurtosis_mean,0.0006220134905403629,0.0003110551178977453
Bucha,s1__vh__blk_pre01__kurtosis_std,0.07474174546908974,0.038087063620728556
Bucha,s1__vh__blk_pre01__kurtosis_max,0.06428776378094314,0.03267184106993222
Bucha,s1__vh__blk_pre01__max_mean,0.02847894059120515,0.014341824359668985
Bucha,s1__vh__blk_pre01__max_std,0.20725100318639988,0.10939698635919487
Bucha,s1__vh__blk_pre01__max_max,0.08506599077851429,0.04346401845765419
Bucha,s1__vh__blk_pre01__mean_mean,0.027423286211109454,0.013806515923616484
Bucha,s1__vh__blk_pre01__mean_std,0.21490323142006895,0.11367455470816795
Bucha,s1__vh__blk_pre01__mean_max,0.08278897883715253,0.042275643700811466
Bucha,s1__vh__blk_pre01__skewness_mean,0.004437895566166805,0.0022214132956196743
Bucha,s1__vh__blk_pre01__skewness_std,0.08842544025730414,0.04521990128471533
Bucha,s1__vh__blk_pre01__skewness_max,0.09911236204351592,0.05082622560932269
Bucha,s1__vh__blk_pre01__std_mean,0.013027169253506221,0.006534890588281282
Bucha,s1__vh__blk_pre01__std_std,0.07330562813564434,0.03734140678676584
Bucha,s1__vh__blk_pre01__std_max,0.01332971565566976,0.006687167173764837
Bucha,s1__vv__blk01__skewness_mean,0.8578450028694649,0.560230354253404
Bucha,s1__vv__blk01__skewness_std,0.29667305973678215,0.160563818289612
Bucha,s1__vv__blk01__std_mean,0.04063139877296673,0.0205249014475797
Bucha,s1__vv__blk01__std_std,0.21742669918600277,0.11508918562284143
Bucha,s1__vv__blk01__std_max,0.1612019933332356,0.08403507965086003
Bucha,s1__vv__blk_pre01__kurtosis_mean,0.0044472999223308385,0.0022261259418976187
Bucha,s1__vv__blk_pre01__kurtosis_std,0.048692710911278025,0.0246476279442258
Bucha,s1__vv__blk_pre01__kurtosis_max,0.06700385627052086,0.0340759753023844
Bucha,s1__vv__blk_pre01__max_mean,0.12031547086616912,0.06204322145091319
Bucha,s1__vv__blk_pre01__max_std,0.21802731067767334,0.11542617748605011
Bucha,s1__vv__blk_pre01__max_max,0.18367657376043534,0.09633281808889642
Bucha,s1__vv__blk_pre01__mean_mean,0.11951860658378877,0.06161937616816596
Bucha,s1__vv__blk_pre01__mean_std,0.22912902791565792,0.12167568037930132
Bucha,s1__vv__blk_pre01__mean_max,0.17965907858128172,0.0941233775525067
Bucha,s1__vv__blk_pre01__skewness_mean,0.0020225477845328133,0.00101178557470552
Bucha,s1__vv__blk_pre01__skewness_std,0.08747322437652105,0.04472189361339307
Bucha,s1__vv__blk_pre01__skewness_max,0.046373202120578716,0.02345963910147577
Bucha,s1__vv__blk_pre01__std_mean,0.012565721737342939,0.0063026811011399975
Bucha,s1__vv__blk_pre01__std_std,0.11068507355278068,0.05693288997678014
Bucha,s1__vv__blk_pre01__std_max,0.06563288692939473,0.033366980926878176
Bucha,s1__vh__baseline__median_mean,0.0277209543392809,0.013957430505485932
Bucha,s1__vh__baseline__median_std,0.20678138472367724,0.10913506627724867
Bucha,s1__vh__baseline__median_max,0.07989736701493055,0.04076854126918193
Bucha,s1__vh__baseline__min_mean,0.023095634493170314,0.01161501108382485
Bucha,s1__vh__baseline__min_std,0.2047371517944725,0.10799573579936364
Bucha,s1__vh__baseline__min_max,0.0778174768427291,0.03968590929845041
Bucha,s1__vv__baseline__median_mean,0.11698887802565472,0.06027502438386821
Bucha,s1__vv__baseline__median_std,0.22354225699491348,0.11852583102020567
Bucha,s1__vv__baseline__median_max,0.17609938865505836,0.09216977978662722
Bucha,s1__vv__baseline__min_mean,0.11050485108859087,0.05683750414857909
Bucha,s1__vv__baseline__min_std,0.21939034257479073,0.11619137072564992
Bucha,s1__vv__baseline__min_max,0.16769160461187593,0.08757059038131959
Bucha,s1__vh__blk01__max_mean,0.022884126831218987,0.011508027482636277
Bucha,s1__vh__blk01__max_std,0.1894947480602387,0.09954122951774864
Bucha,s1__vh__blk01__max_max,0.0650880833501335,0.03308537622549751
Bucha,s1__vh__blk01__mean_mean,0.016290983540531156,0.008178847544633943
Bucha,s1__vh__blk01__mean_std,0.17734346202101103,0.09285210745257394
Bucha,s1__vh__blk01__mean_max,0.056125621628226874,0.02846409678880072
Bucha,s1__vh__blk01__median_mean,0.021400191355019915,0.010757753365296717
Bucha,s1__vh__blk01__median_std,0.18951927092698062,0.09955477437369169
Bucha,s1__vh__blk01__median_max,0.06363838071652306,0.0323364223280683
Bucha,s1__vh__blk01__min_mean,0.0066946876464344385,0.0033529587120296675
Bucha,s1__vh__blk01__min_std,0.15173245377245692,0.07889844172234525
Bucha,s1__vh__blk01__min_max,0.0421588697691313,0.021304778542909145
Bucha,s1__vh__blk_pre01__median_mean,0.0277209543392809,0.013957430505485932
Bucha,s1__vh__blk_pre01__median_std,0.20678138472367724,0.10913506627724867
Bucha,s1__vh__blk_pre01__median_max,0.07989736701493055,0.04076854126918193
Bucha,s1__vh__blk_pre01__min_mean,0.023095634493170314,0.01161501108382485
Bucha,s1__vh__blk_pre01__min_std,0.2047371517944725,0.10799573579936364
Bucha,s1__vh__blk_pre01__min_max,0.0778174768427291,0.03968590929845041
Bucha,s1__vv__blk01__max_mean,0.09178384817873275,0.04697832683228685
Bucha,s1__vv__blk01__max_std,0.20492839675754015,0.10810226902953188
Bucha,s1__vv__blk01__max_max,0.1559121037235658,0.08116239046802438
Bucha,s1__vv__blk01__mean_mean,0.08439093241048767,0.043111557534240175
Bucha,s1__vv__blk01__mean_std,0.19052289025623748,0.10010926666319267
Bucha,s1__vv__blk01__mean_max,0.13796539312415734,0.0714774160153561
Bucha,s1__vv__blk01__median_mean,0.08874172383029322,0.045385372068967034
Bucha,s1__vv__blk01__median_std,0.20333233711265408,0.1072135298245501
Bucha,s1__vv__blk01__median_max,0.1479960747712903,0.07687892488425681
Bucha,s1__vv__blk01__min_mean,0.06850581009683321,0.03485328551525545
Bucha,s1__vv__blk01__min_std,0.17545336746456175,0.09181564491550813
Bucha,s1__vv__blk01__min_max,0.1212349449401593,0.06253250516843353
Bucha,s1__vv__blk_pre01__median_mean,0.11698887802565472,0.06027502438386821
Bucha,s1__vv__blk_pre01__median_std,0.22354225699491348,0.11852583102020567
Bucha,s1__vv__blk_pre01__median_max,0.17609938865505836,0.09216977978662722
Bucha,s1__vv__blk_pre01__min_mean,0.11050485108859087,0.05683750414857909
Bucha,s1__vv__blk_pre01__min_std,0.21939034257479073,0.11619137072564992
Bucha,s1__vv__blk_pre01__min_max,0.16769160461187593,0.08757059038131959
Chernihiv,s1__vh__baseline__kurtosis_mean,0.017785357076502084,0.008932454388860306
Chernihiv,s1__vh__baseline__kurtosis_std,0.04865224327936457,0.024626889430859968
Chernihiv,s1__vh__baseline__kurtosis_max,0.03195312891354041,0.01610556560452119
Chernihiv,s1__vh__baseline__max_mean,0.026810159040110415,0.013495738705843249
Chernihiv,s1__vh__baseline__max_std,0.11087410909937323,0.05703295005758511
Chernihiv,s1__vh__baseline__max_max,0.013796914040853814,0.006922361373927329
Chernihiv,s1__vh__baseline__mean_mean,0.0399886226390207,0.02019690255835729
Chernihiv,s1__vh__baseline__mean_std,0.0256082264830233,0.012886792413348346
Chernihiv,s1__vh__baseline__mean_max,0.031390644144023705,0.015819797815352896
Chernihiv,s1__vh__baseline__skewness_mean,0.0009022816407355805,0.0004512426150046876
Chernihiv,s1__vh__baseline__skewness_std,0.03198441372380412,0.01612146210545496
Chernihiv,s1__vh__baseline__skewness_max,0.029601133239144817,0.014911187867438464
Chernihiv,s1__vh__baseline__std_mean,0.03300712469035427,0.0166412632695751
Chernihiv,s1__vh__baseline__std_std,0.07120490223680465,0.036251674277689695
Chernihiv,s1__vh__baseline__std_max,0.03899279167000724,0.019688957508538538
Chernihiv,s1__vv__baseline__kurtosis_mean,0.015963064682348982,0.008013555278992838
Chernihiv,s1__vv__baseline__kurtosis_std,0.040438666671137824,0.02042654189269976
Chernihiv,s1__vv__baseline__kurtosis_max,0.028014331106188006,0.014106191701135695
Chernihiv,s1__vv__baseline__max_mean,0.002023105658587765,0.0010120647941392056
Chernihiv,s1__vv__baseline__max_std,0.14566202088537894,0.07561943277333064
Chernihiv,s1__vv__baseline__max_max,0.026171289431316636,0.013172016075187932
Chernihiv,s1__vv__baseline__mean_mean,0.03486228632193078,0.017584854397712926
Chernihiv,s1__vv__baseline__mean_std,0.02821843770968968,0.014209700144570216
Chernihiv,s1__vv__baseline__mean_max,0.02865978270185998,0.014433555768962991
Chernihiv,s1__vv__baseline__skewness_mean,0.0023699161500430055,0.0011856606929446334
Chernihiv,s1__vv__baseline__skewness_std,0.04127533987800258,0.020853602715201796
Chernihiv,s1__vv__baseline__skewness_max,0.028920511934496185,0.01456582440218923
Chernihiv,s1__vv__baseline__std_mean,0.0353754569878435,0.017846025753794816
Chernihiv,s1__vv__baseline__std_std,0.04153327218926561,0.020985295188758475
Chernihiv,s1__vv__baseline__std_max,0.04088741917329708,0.020655574730823814
Chernihiv,s1__coh__baseline__max_std,1.1159643591440727e-06,5.579823352048517e-07
Chernihiv,s1__coh__baseline__mean_mean,0.2975742903892231,0.1610930585287762
Chernihiv,s1__coh__baseline__mean_std,0.29894738299307666,0.16189993463996571
Chernihiv,s1__coh__baseline__median_mean,0.5973495476227322,0.35478355347642593
Chernihiv,s1__coh__baseline__median_std,0.11552849180337432,0.05949976597459016
Chernihiv,s1__coh__baseline__min_mean,0.9607916224216198,0.6546879326531558
Chernihiv,s1__coh__baseline__min_std,1.1159643591440727e-06,5.579823352048517e-07
Chernihiv,s1__coh__baseline__std_mean,0.5973495476227322,0.35478355347642593
Chernihiv,s1__coh__post_baseline__mean_std,0.7860210106435022,0.49924379502751476
Chernihiv,s1__coh__post_baseline__median_std,1.1159643591440727e-06,5.579823352048517e-07
Chernihiv,s1__coh__post_baseline__std_std,0.9607916224216198,0.6546879326531558
Chernihiv,s1__vh__blk01__kurtosis_mean,0.00019409480473342455,9.705211177059337e-05
Chernihiv,s1__vh__blk01__kurtosis_std,0.023625256674474793,0.011882951783124228
Chernihiv,s1__vh__blk01__kurtosis_max,0.019623570413941804,0.009860237970694321
Chernihiv,s1__vh__blk01__skewness_mean,0.005657926681678971,0.0028329724204427835
Chernihiv,s1__vh__blk01__skewness_std,0.04008806134148801,0.020247637582729943
Chernihiv,s1__vh__blk01__skewness_max,0.043287908081066195,0.02188162002604616
Chernihiv,s1__vh__blk01__std_mean,0.05218770449571575,0.02644033752629029
Chernihiv,s1__vh__blk01__std_std,0.169969328334459,0.08881445337409773
Chernihiv,s1__vh__blk01__std_max,0.14895440508083713,0.07739651468462391
Chernihiv,s1__vh__blk_pre01__kurtosis_mean,0.017785357076502084,0.008932454388860306
Chernihiv,s1__vh__blk_pre01__kurtosis_std,0.04865224327936457,0.024626889430859968
Chernihiv,s1__vh__blk_pre01__kurtosis_max,0.03195312891354041,0.01610556560452119
Chernihiv,s1__vh__blk_pre01__max_mean,0.026810159040110415,0.013495738705843249
Chernihiv,s1__vh__blk_pre01__max_std,0.11087410909937323,0.05703295005758511
Chernihiv,s1__vh__blk_pre01__max_max,0.013796914040853814,0.006922361373927329
Chernihiv,s1__vh__blk_pre01__mean_mean,0.0399886226390207,0.02019690255835729
Chernihiv,s1__vh__blk_pre01__mean_std,0.0256082264830233,0.012886792413348346
Chernihiv,s1__vh__blk_pre01__mean_max,0.031390644144023705,0.015819797815352896
Chernihiv,s1__vh__blk_pre01__skewness_mean,0.0009022816407355805,0.0004512426150046876
Chernihiv,s1__vh__blk_pre01__skewness_std,0.03198441372380412,0.01612146210545496
Chernihiv,s1__vh__blk_pre01__skewness_max,0.029601133239144817,0.014911187867438464
Chernihiv,s1__vh__blk_pre01__std_mean,0.03300712469035427,0.0166412632695751
Chernihiv,s1__vh__blk_pre01__std_std,0.07120490223680465,0.036251674277689695
Chernihiv,s1__vh__blk_pre01__std_max,0.03899279167000724,0.019688957508538538
Chernihiv,s1__vv__blk01__kurtosis_mean,0.007306394069659383,0.0036598862554472113
Chernihiv,s1__vv__blk01__kurtosis_std,0.026651191762523396,0.013415178350654332
Chernihiv,s1__vv__blk01__kurtosis_max,0.03374132609336611,0.01701459378370691
Chernihiv,s1__vv__blk01__skewness_mean,0.004892513423062406,0.0024492536860575786
Chernihiv,s1__vv__blk01__skewness_std,0.042436348369998766,0.021446515408848288
Chernihiv,s1__vv__blk01__skewness_max,0.04412916765046915,0.022311647758953196
Chernihiv,s1__vv__blk01__std_mean,0.061086107243285115,0.03101921335320566
Chernihiv,s1__vv__blk01__std_std,0.2598239740237034,0.1391609080960824
Chernihiv,s1__vv__blk01__std_max,0.2210207786589078,0.11710745191011777
Chernihiv,s1__vv__blk_pre01__kurtosis_mean,0.015963064682348982,0.008013555278992838
Chernihiv,s1__vv__blk_pre01__kurtosis_std,0.040438666671137824,0.02042654189269976
Chernihiv,s1__vv__blk_pre01__kurtosis_max,0.028014331106188006,0.014106191701135695
Chernihiv,s1__vv__blk_pre01__max_mean,0.002023105658587765,0.0010120647941392056
Chernihiv,s1__vv__blk_pre01__max_std,0.14566202088537894,0.07561943277333064
Chernihiv,s1__vv__blk_pre01__max_max,0.026171289431316636,0.013172016075187932
Chernihiv,s1__vv__blk_pre01__mean_mean,0.03486228632193078,0.017584854397712926
Chernihiv,s1__vv__blk_pre01__mean_std,0.02821843770968968,0.014209700144570216
Chernihiv,s1__vv__blk_pre01__mean_max,0.02865978270185998,0.014433555768962991
Chernihiv,s1__vv__blk_pre01__skewness_mean,0.0023699161500430055,0.0011856606929446334
Chernihiv,s1__vv__blk_pre01__skewness_std,0.04127533987800258,0.020853602715201796
Chernihiv,s1__vv__blk_pre01__skewness_max,0.028920511934496185,0.01456582440218923
Chernihiv,s1__vv__blk_pre01__std_mean,0.0353754569878435,0.017846025753794816
Chernihiv,s1__vv__blk_pre01__std_std,0.04153327218926561,0.020985295188758475
Chernihiv,s1__vv__blk_pre01__std_max,0.04088741917329708,0.020655574730823814
Chernihiv,s1__vh__baseline__median_mean,0.04795214742076648,0.02426817822852273
Chernihiv,s1__vh__baseline__median_std,0.12727960608070177,0.06575505071941576
Chernihiv,s1__vh__baseline__median_max,0.023259696724709622,0.011698003990561734
Chernihiv,s1__vh__baseline__min_mean,0.2975742903892231,0.1610930585287762
Chernihiv,s1__vv__baseline__median_mean,0.016181777537355835,0.008123797637411345
Chernihiv,s1__vv__baseline__median_std,0.10656123164243869,0.05475255053269053
Chernihiv,s1__vv__baseline__median_max,0.013114995941053476,0.0065790928175569925
Chernihiv,s1__vv__baseline__min_std,0.5973495476227322,0.35478355347642593
Chernihiv,s1__vh__blk01__max_mean,0.04406203191969982,0.022277323110586684
Chernihiv,s1__vh__blk01__max_std,0.11555223830556316,0.05951236720082432
Chernihiv,s1__vh__blk01__max_max,0.04620375706658031,0.023372909278605414
Chernihiv,s1__vh__blk01__mean_mean,0.05125590039346317,0.025962066958368436
Chernihiv,s1__vh__blk01__mean_std,0.09534708414423254,0.04884738498223358
Chernihiv,s1__vh__blk01__mean_max,0.0390354332788716,0.019710702493618348
Chernihiv,s1__vh__blk01__median_mean,0.05379562395207316,0.02726617864787014
Chernihiv,s1__vh__blk01__median_std,0.10432316832351285,0.05357123868294207
Chernihiv,s1__vh__blk01__median_max,0.04127331678655066,0.020852569854152875
Chernihiv,s1__vh__blk01__min_mean,0.052069464995980974,0.02637963562428317
Chernihiv,s1__vh__blk01__min_std,0.08228474131678842,0.0420126725318897
Chernihiv,s1__vh__blk01__min_max,0.033546716610457716,0.016915624174348158
Chernihiv,s1__vh__blk_pre01__median_mean,0.04795214742076648,0.02426817822852273
Chernihiv,s1__vh__blk_pre01__median_std,0.12727960608070177,0.06575505071941576
Chernihiv,s1__vh__blk_pre01__median_max,0.023259696724709622,0.011698003990561734
Chernihiv,s1__vh__blk_pre01__min_mean,0.2975742903892231,0.1610930585287762
Chernihiv,s1__vv__blk01__max_mean,0.015287595186072256,0.007673161142246327
Chernihiv,s1__vv__blk01__max_std,0.15190912074895913,0.07899403146570946
Chernihiv,s1__vv__blk01__max_max,0.04048959307978928,0.02045253090848189
Chernihiv,s1__vv__blk01__mean_mean,0.023285455245658948,0.011711034882244996
Chernihiv,s1__vv__blk01__mean_std,0.10629306186019516,0.05461092947901327
Chernihiv,s1__vv__blk01__mean_max,0.01984151195621431,0.00997029459033035
Chernihiv,s1__vv__blk01__median_mean,0.02452741402139469,0.012339526790919715
Chernihiv,s1__vv__blk01__median_std,0.10846500830434058,0.05575851619752081
Chernihiv,s1__vv__blk01__median_max,0.019617131714193325,0.009856986725534296
Chernihiv,s1__vv__blk01__min_mean,0.030510434895950844,0.015372775391388021
Chernihiv,s1__vv__blk01__min_std,0.08704993765097879,0.04450059480793799
Chernihiv,s1__vv__blk01__min_max,0.015299348769119536,0.007679083218322196
Chernihiv,s1__vv__blk_pre01__median_mean,0.016181777537355835,0.008123797637411345
Chernihiv,s1__vv__blk_pre01__median_std,0.10656123164243869,0.05475255053269053
Chernihiv,s1__vv__blk_pre01__median_max,0.013114995941053476,0.0065790928175569925
Chernihiv,s1__vv__blk_pre01__min_std,0.5973495476227322,0.35478355347642593
Dmytrivka,s1__vh__baseline__kurtosis_mean,0.003866262466552195,0.0019350021429901713
Dmytrivka,s1__vh__baseline__kurtosis_std,0.08243975570647022,0.04209350864895393
Dmytrivka,s1__vh__baseline__kurtosis_max,0.08389603299786619,0.04285323995622444
Dmytrivka,s1__vh__baseline__max_mean,0.030654176603881256,0.015445762299352666
Dmytrivka,s1__vh__baseline__max_std,0.21439326204293652,0.11338891386475074
Dmytrivka,s1__vh__baseline__max_max,0.09526175688179395,0.04880258660953203
Dmytrivka,s1__vh__baseline__mean_mean,0.03035991774198754,0.015296353863024581
Dmytrivka,s1__vh__baseline__mean_std,0.215179970648393,0.11382959430407036
Dmytrivka,s1__vh__baseline__mean_max,0.09060159193643202,0.046358957714975634
Dmytrivka,s1__vh__baseline__skewness_mean,0.008564676430152574,0.004291533686840365
Dmytrivka,s1__vh__baseline__skewness_std,0.10322917190176994,0.052994304444037944
Dmytrivka,s1__vh__baseline__skewness_max,0.12150995646557439,0.06267889476333172
Dmytrivka,s1__vh__baseline__std_mean,0.006009647021986142,0.003009347057070225
Dmytrivka,s1__vh__baseline__std_std,0.0903390410253393,0.04622146264811578
Dmytrivka,s1__vh__baseline__std_max,0.02846771761077016,0.014336131826770111
Dmytrivka,s1__vv__baseline__kurtosis_mean,0.0038572079291467887,0.0019304661158195268
Dmytrivka,s1__vv__baseline__kurtosis_std,0.043111742850551416,0.02179159283117654
Dmytrivka,s1__vv__baseline__kurtosis_max,0.06199186655031186,0.03148647027371301
Dmytrivka,s1__vv__baseline__max_mean,0.11964583497163672,0.06168703580705176
Dmytrivka,s1__vv__baseline__max_std,0.21177199521977497,0.11192199248650969
Dmytrivka,s1__vv__baseline__max_max,0.1884874904232976,0.09898504358536103
Dmytrivka,s1__vv__baseline__mean_mean,0.12006126312935317,0.061907991019980395
Dmytrivka,s1__vv__baseline__mean_std,0.22276594995900112,0.11808892928900874
Dmytrivka,s1__vv__baseline__mean_max,0.18831636466928225,0.09889058237084294
Dmytrivka,s1__vv__baseline__skewness_mean,0.0011218617806587616,0.0005610882709171087
Dmytrivka,s1__vv__baseline__skewness_std,0.07072990504228316,0.036005438315779195
Dmytrivka,s1__vv__baseline__skewness_max,0.05233838692868753,0.0265177003512422
Dmytrivka,s1__vv__baseline__std_mean,0.019018548506803956,0.009554776091204913
Dmytrivka,s1__vv__baseline__std_std,0.09683195633097563,0.04962729153655504
Dmytrivka,s1__vv__baseline__std_max,0.06448731983406897,0.03277493818136999
Dmytrivka,s1__coh__baseline__max_mean,0.03821170315534839,0.01929072694874964
Dmytrivka,s1__coh__baseline__max_std,0.05660910801526353,0.028712850787256505
Dmytrivka,s1__coh__baseline__max_max,0.1315720268497278,0.06804975931229294
Dmytrivka,s1__coh__baseline__mean_mean,0.044439375374669465,0.0224702637174651
Dmytrivka,s1__coh__baseline__mean_std,0.10170881435975154,0.05219307504760128
Dmytrivka,s1__coh__baseline__mean_max,0.13580748035685497,0.07031918655951817
Dmytrivka,s1__coh__baseline__median_mean,0.04442811959064774,0.022464507950301846
Dmytrivka,s1__coh__baseline__median_std,0.09181589128715761,0.04699511915292315
Dmytrivka,s1__coh__baseline__median_max,0.1373533150339612,0.0711487553607941
Dmytrivka,s1__coh__baseline__min_mean,0.0406636173777255,0.020541344943526538
Dmytrivka,s1__coh__baseline__min_std,0.10780983887847162,0.05541220698849752
Dmytrivka,s1__coh__baseline__min_max,0.12988704102443904,0.06714834564852722
Dmytrivka,s1__coh__baseline__std_mean,0.01967754892871887,0.009887495036382418
Dmytrivka,s1__coh__baseline__std_std,0.06291903870216187,0.031964999745873746
Dmytrivka,s1__coh__baseline__std_max,0.04410925202142235,0.022301465323936155
Dmytrivka,s1__coh__post_baseline__max_mean,0.03259369760219322,0.016431103053994933
Dmytrivka,s1__coh__post_baseline__max_std,0.1283827524169303,0.06634428517088124
Dmytrivka,s1__coh__post_baseline__max_max,0.025908098297728444,0.013038684552178027
Dmytrivka,s1__coh__post_baseline__mean_mean,0.010503336986567025,0.00526550697560949
Dmytrivka,s1__coh__post_baseline__mean_std,0.1064704703835122,0.05470461706623268
Dmytrivka,s1__coh__post_baseline__mean_max,0.03445526996729753,0.017377757354430125
Dmytrivka,s1__coh__post_baseline__median_mean,0.013390697926979334,0.006717863363140963
Dmytrivka,s1__coh__post_baseline__median_std,0.09878871719844673,0.050655980251378956
Dmytrivka,s1__coh__post_baseline__median_max,0.029757985925233932,0.014990795571319732
Dmytrivka,s1__coh__post_baseline__min_mean,0.00021144053192601042,0.00010572585474420224
Dmytrivka,s1__coh__post_baseline__min_std,0.0764503595819035,0.03897493034294082
Dmytrivka,s1__coh__post_baseline__min_max,0.04452460082726106,0.02251384575152796
Dmytrivka,s1__coh__post_baseline__std_mean,0.0022970041760141946,0.0011491621219454262
Dmytrivka,s1__coh__post_baseline__std_std,0.0683745161995768,0.03478531252534229
Dmytrivka,s1__coh__post_baseline__std_max,0.07821407410203252,0.03989225712152277
Dmytrivka,s1__vh__blk01__skewness_std,0.2965076286583752,0.16046670067731397
Dmytrivka,s1__vh__blk01__std_mean,0.008554347550920882,0.00428634704968296
Dmytrivka,s1__vh__blk01__std_std,0.1358787328256006,0.07035740891569768
Dmytrivka,s1__vh__blk01__std_max,0.1028430398952973,0.05279075180447183
Dmytrivka,s1__vh__blk_pre01__kurtosis_mean,0.003866262466552195,0.0019350021429901713
Dmytrivka,s1__vh__blk_pre01__kurtosis_std,0.08243975570647022,0.04209350864895393
Dmytrivka,s1__vh__blk_pre01__kurtosis_max,0.08389603299786619,0.04285323995622444
Dmytrivka,s1__vh__blk_pre01__max_mean,0.030654176603881256,0.015445762299352666
Dmytrivka,s1__vh__blk_pre01__max_std,0.21439326204293652,0.11338891386475074
Dmytrivka,s1__vh__blk_pre01__max_max,0.09526175688179395,0.04880258660953203
Dmytrivka,s1__vh__blk_pre01__mean_mean,0.03035991774198754,0.015296353863024581
Dmytrivka,s1__vh__blk_pre01__mean_std,0.215179970648393,0.11382959430407036
Dmytrivka,s1__vh__blk_pre01__mean_max,0.09060159193643202,0.046358957714975634
Dmytrivka,s1__vh__blk_pre01__skewness_mean,0.008564676430152574,0.004291533686840365
Dmytrivka,s1__vh__blk_pre01__skewness_std,0.10322917190176994,0.052994304444037944
Dmytrivka,s1__vh__blk_pre01__skewness_max,0.12150995646557439,0.06267889476333172
Dmytrivka,s1__vh__blk_pre01__std_mean,0.006009647021986142,0.003009347057070225
Dmytrivka,s1__vh__blk_pre01__std_std,0.0903390410253393,0.04622146264811578
Dmytrivka,s1__vh__blk_pre01__std_max,0.02846771761077016,0.014336131826770111
Dmytrivka,s1__vv__blk01__std_mean,0.035285063342565426,0.017800016165790654
Dmytrivka,s1__vv__blk01__std_std,0.16534252351978274,0.0862893777954866
Dmytrivka,s1__vv__blk01__std_max,0.12405606531774604,0.06403521598632526
Dmytrivka,s1__vv__blk_pre01__kurtosis_mean,0.0038572079291467887,0.0019304661158195268
Dmytrivka,s1__vv__blk_pre01__kurtosis_std,0.043111742850551416,0.02179159283117654
Dmytrivka,s1__vv__blk_pre01__kurtosis_max,0.06199186655031186,0.03148647027371301
Dmytrivka,s1__vv__blk_pre01__max_mean,0.11964583497163672,0.06168703580705176
Dmytrivka,s1__vv__blk_pre01__max_std,0.21177199521977497,0.11192199248650969
Dmytrivka,s1__vv__blk_pre01__max_max,0.1884874904232976,0.09898504358536103
Dmytrivka,s1__vv__blk_pre01__mean_mean,0.12006126312935317,0.061907991019980395
Dmytrivka,s1__vv__blk_pre01__mean_std,0.22276594995900112,0.11808892928900874
Dmytrivka,s1__vv__blk_pre01__mean_max,0.18831636466928225,0.09889058237084294
Dmytrivka,s1__vv__blk_pre01__skewness_mean,0.0011218617806587616,0.0005610882709171087
Dmytrivka,s1__vv__blk_pre01__skewness_std,0.07072990504228316,0.036005438315779195
Dmytrivka,s1__vv__blk_pre01__skewness_max,0.05233838692868753,0.0265177003512422
Dmytrivka,s1__vv__blk_pre01__std_mean,0.019018548506803956,0.009554776091204913
Dmytrivka,s1__vv__blk_pre01__std_std,0.09683195633097563,0.04962729153655504
Dmytrivka,s1__vv__blk_pre01__std_max,0.06448731983406897,0.03277493818136999
Dmytrivka,s1__vh__baseline__median_mean,0.029912379066247663,0.015069161167802277
Dmytrivka,s1__vh__baseline__median_std,0.20931627538233633,0.11054966457874467
Dmytrivka,s1__vh__baseline__median_max,0.08722946920274377,0.04459444983342957
Dmytrivka,s1__vh__baseline__min_mean,0.02710673565620092,0.013646053135993156
Dmytrivka,s1__vh__baseline__min_std,0.20531099242153972,0.10831542846099648
Dmytrivka,s1__vh__baseline__min_max,0.08556435881151714,0.04372430570141152
Dmytrivka,s1__vv__baseline__median_mean,0.11744668822458726,0.06051818060081406
Dmytrivka,s1__vv__baseline__median_std,0.2122613982768169,0.1121957104005458
Dmytrivka,s1__vv__baseline__median_max,0.1823763800870235,0.09561723598911337
Dmytrivka,s1__vv__baseline__min_mean,0.1142984716893114,0.05884726533560452
Dmytrivka,s1__vv__baseline__min_std,0.21850772158292053,0.1156958088210047
Dmytrivka,s1__vv__baseline__min_max,0.1783098517748507,0.09338245753158778
Dmytrivka,s1__vh__blk01__max_mean,0.027842994249340558,0.01401931002818983
Dmytrivka,s1__vh__blk01__max_std,0.18752671612284488,0.09845481285173185
Dmytrivka,s1__vh__blk01__max_max,0.07648181589480929,0.038991283739523014
Dmytrivka,s1__vh__blk01__mean_mean,0.019887241755838447,0.009993388866849454
Dmytrivka,s1__vh__blk01__mean_std,0.1825862185150322,0.09573268923213146
Dmytrivka,s1__vh__blk01__mean_max,0.06694991654671822,0.03404807096775592
Dmytrivka,s1__vh__blk01__median_mean,0.02555734256086528,0.012861020797419275
Dmytrivka,s1__vh__blk01__median_std,0.18813836220631375,0.0987923346881484
Dmytrivka,s1__vh__blk01__median_max,0.07403616269792446,0.03772064342358846
Dmytrivka,s1__vh__blk01__min_mean,0.008501088599184747,0.004259603543271858
Dmytrivka,s1__vh__blk01__min_std,0.16792701609790606,0.08769907672702829
Dmytrivka,s1__vh__blk01__min_max,0.05268213929476939,0.026694210840855135
Dmytrivka,s1__vh__blk_pre01__median_mean,0.029912379066247663,0.015069161167802277
Dmytrivka,s1__vh__blk_pre01__median_std,0.20931627538233633,0.11054966457874467
Dmytrivka,s1__vh__blk_pre01__median_max,0.08722946920274377,0.04459444983342957
Dmytrivka,s1__vh__blk_pre01__min_mean,0.02710673565620092,0.013646053135993156
Dmytrivka,s1__vh__blk_pre01__min_std,0.20531099242153972,0.10831542846099648
Dmytrivka,s1__vh__blk_pre01__min_max,0.08556435881151714,0.04372430570141152
Dmytrivka,s1__vv__blk01__max_mean,0.09551476635504041,0.04893542705597046
Dmytrivka,s1__vv__blk01__max_std,0.20131959743915062,0.1060938942025598
Dmytrivka,s1__vv__blk01__max_max,0.16724114134230228,0.08732477591701775
Dmytrivka,s1__vv__blk01__mean_mean,0.08880458233840116,0.04541826115704943
Dmytrivka,s1__vv__blk01__mean_std,0.19843192419472389,0.10448974166641259
Dmytrivka,s1__vv__blk01__mean_max,0.15341810199668138,0.07981087313077669
Dmytrivka,s1__vv__blk01__median_mean,0.09264831812094898,0.047431454646905874
Dmytrivka,s1__vv__blk01__median_std,0.2068296217193515,0.1091619663127796
Dmytrivka,s1__vv__blk01__median_max,0.15964816105487034,0.08319041040065134
Dmytrivka,s1__vv__blk01__min_mean,0.07364806458628936,0.03751915520930611
Dmytrivka,s1__vv__blk01__min_std,0.1898037307643714,0.0997119051191898
Dmytrivka,s1__vv__blk01__min_max,0.13932934067618885,0.0722101882954756
Dmytrivka,s1__vv__blk_pre01__median_mean,0.11744668822458726,0.06051818060081406
Dmytrivka,s1__vv__blk_pre01__median_std,0.2122613982768169,0.1121957104005458
Dmytrivka,s1__vv__blk_pre01__median_max,0.1823763800870235,0.09561723598911337
Dmytrivka,s1__vv__blk_pre01__min_mean,0.1142984716893114,0.05884726533560452
Dmytrivka,s1__vv__blk_pre01__min_std,0.21850772158292053,0.1156958088210047
Dmytrivka,s1__vv__blk_pre01__min_max,0.1783098517748507,0.09338245753158778
Hostomel,s1__vh__baseline__kurtosis_mean,0.0003968866235632973,0.00019846300426086826
Hostomel,s1__vh__baseline__kurtosis_std,0.023120117150781105,0.011627395501422319
Hostomel,s1__vh__baseline__kurtosis_max,0.020073532359183854,0.01008747409826082
Hostomel,s1__vh__baseline__max_mean,0.0141543429506934,0.007102333440701915
Hostomel,s1__vh__baseline__max_std,0.1472906189619425,0.07649808255743965
Hostomel,s1__vh__baseline__max_max,0.0407498291012347,0.020585346382486998
Hostomel,s1__vh__baseline__mean_mean,0.011398802246159967,0.005715704686203006
Hostomel,s1__vh__baseline__mean_std,0.16154593763087255,0.08422214558606536
Hostomel,s1__vh__baseline__mean_max,0.03547975357907873,0.017899114452149936
Hostomel,s1__vh__baseline__skewness_mean,0.00021901154667047784,0.00010951176953021669
Hostomel,s1__vh__baseline__skewness_std,0.03377830777801005,0.017033402108836138
Hostomel,s1__vh__baseline__skewness_max,0.02547125178027998,0.012817419174740751
Hostomel,s1__vh__baseline__std_mean,0.014891395595822754,0.0074735553712833094
Hostomel,s1__vh__baseline__std_std,0.07298903554394331,0.03717710123416977
Hostomel,s1__vh__baseline__std_max,0.061625231433008354,0.03129730675315054
Hostomel,s1__vv__baseline__kurtosis_mean,0.0018427472354176633,0.0009217983432878284
Hostomel,s1__vv__baseline__kurtosis_std,0.03240317852662633,0.01633427005553563
Hostomel,s1__vv__baseline__kurtosis_max,0.027393309027905266,0.013791319072099422
Hostomel,s1__vv__baseline__max_mean,0.041503138756068036,0.02096990907014235
Hostomel,s1__vv__baseline__max_std,0.12276317493526911,0.06334625879700795
Hostomel,s1__vv__baseline__max_max,0.07023499613802131,0.03574894471346578
Hostomel,s1__vv__baseline__mean_mean,0.036031846375071286,0.01818018581772692
Hostomel,s1__vv__baseline__mean_std,0.10577198924541098,0.05433580721577422
Hostomel,s1__vv__baseline__mean_max,0.05703262688186528,0.028930802318941715
Hostomel,s1__vv__baseline__skewness_mean,0.00039502664513979546,0.00019753283089505563
Hostomel,s1__vv__baseline__skewness_std,0.03996992933680232,0.0201873652601086
Hostomel,s1__vv__baseline__skewness_max,0.021229776887599527,0.010671628253842371
Hostomel,s1__vv__baseline__std_mean,0.011967643027923858,0.0060017963151225776
Hostomel,s1__vv__baseline__std_std,0.10456699411719561,0.05369986898091086
Hostomel,s1__vv__baseline__std_max,0.07006035832073287,0.035658451873497185
Hostomel,s1__coh__baseline__max_mean,0.022491027950768627,0.011309222843950745
Hostomel,s1__coh__baseline__max_std,0.01293501869227831,0.006488514300182137
Hostomel,s1__coh__baseline__max_max,0.014247983610753856,0.007149488599797793
Hostomel,s1__coh__baseline__mean_mean,0.034175841926854966,0.017235604303487213
Hostomel,s1__coh__baseline__mean_std,0.00789915178319478,0.0039573960641605364
Hostomel,s1__coh__baseline__mean_max,0.005542917873557984,0.0027753065397247674
Hostomel,s1__coh__baseline__median_mean,0.03207905636251973,0.01616955365267096
Hostomel,s1__coh__baseline__median_std,0.009090948006019506,0.00455583608226341
Hostomel,s1__coh__baseline__median_max,0.0074447385204636785,0.0037293145172510164
Hostomel,s1__coh__baseline__min_mean,0.042723411766711905,0.02159316936131593
Hostomel,s1__coh__baseline__min_std,0.008406699524446504,0.0042122086702761526
Hostomel,s1__coh__baseline__min_max,0.003406009310919389,0.0017044564163591516
Hostomel,s1__coh__baseline__std_mean,0.03994742128285944,0.02017588180123473
Hostomel,s1__coh__baseline__std_std,0.014472837974708996,0.007262728870296775
Hostomel,s1__coh__baseline__std_max,0.014534376837544105,0.007293723065536668
Hostomel,s1__coh__post_baseline__max_mean,0.01421896323951688,0.0071348744088296535
Hostomel,s1__coh__post_baseline__max_std,0.015085164261902984,0.007571171251469226
Hostomel,s1__coh__post_baseline__max_max,0.004733042835894263,0.002369326055454838
Hostomel,s1__coh__post_baseline__mean_mean,0.03973149542679777,0.02006572457089954
Hostomel,s1__coh__post_baseline__mean_std,0.009899433569832361,0.004962007205882957
Hostomel,s1__coh__post_baseline__mean_max,0.013229102984937624,0.006636524586565811
Hostomel,s1__coh__post_baseline__median_mean,0.03238223761161496,0.0163236272229453
Hostomel,s1__coh__post_baseline__median_std,0.010756323936684353,0.00539267634525831
Hostomel,s1__coh__post_baseline__median_max,0.010652259990850288,0.005340364391114195
Hostomel,s1__coh__post_baseline__min_mean,0.056694635528935944,0.02875686117965294
Hostomel,s1__coh__post_baseline__min_std,0.014156911524036975,0.007103626882110981
Hostomel,s1__coh__post_baseline__min_max,0.020225464801097548,0.010164213448974129
Hostomel,s1__coh__post_baseline__std_mean,0.04236538371543053,0.02141026454760446
Hostomel,s1__coh__post_baseline__std_std,0.013031396649500149,0.006537018146557593
Hostomel,s1__coh__post_baseline__std_max,0.038909112617924624,0.01964628695310957
Hostomel,s1__vh__blk01__kurtosis_mean,4.971765756778268e-05,2.485913776970416e-05
Hostomel,s1__vh__blk01__kurtosis_std,0.031183279955335985,0.01571446799588082
Hostomel,s1__vh__blk01__kurtosis_max,0.018906331518169672,0.009498130527823966
Hostomel,s1__vh__blk01__skewness_mean,0.0021035713134718304,0.0010523391714229618
Hostomel,s1__vh__blk01__skewness_std,0.021730105710535907,0.010924508594075623
Hostomel,s1__vh__blk01__skewness_max,0.023938288312047584,0.01204135111062268
Hostomel,s1__vh__blk01__std_mean,0.05353577861659553,0.02713267366055367
Hostomel,s1__vh__blk01__std_std,0.1212380319145141,0.06253414825673913
Hostomel,s1__vh__blk01__std_max,0.1221010428357805,0.0629936046482636
Hostomel,s1__vh__blk_pre01__kurtosis_mean,0.0003968866235632973,0.00019846300426086826
Hostomel,s1__vh__blk_pre01__kurtosis_std,0.023120117150781105,0.011627395501422319
Hostomel,s1__vh__blk_pre01__kurtosis_max,0.020073532359183854,0.01008747409826082
Hostomel,s1__vh__blk_pre01__max_mean,0.0141543429506934,0.007102333440701915
Hostomel,s1__vh__blk_pre01__max_std,0.1472906189619425,0.07649808255743965
Hostomel,s1__vh__blk_pre01__max_max,0.0407498291012347,0.020585346382486998
Hostomel,s1__vh__blk_pre01__mean_mean,0.011398802246159967,0.005715704686203006
Hostomel,s1__vh__blk_pre01__mean_std,0.16154593763087255,0.08422214558606536
Hostomel,s1__vh__blk_pre01__mean_max,0.03547975357907873,0.017899114452149936
Hostomel,s1__vh__blk_pre01__skewness_mean,0.00021901154667047784,0.00010951176953021669
Hostomel,s1__vh__blk_pre01__skewness_std,0.03377830777801005,0.017033402108836138
Hostomel,s1__vh__blk_pre01__skewness_max,0.02547125178027998,0.012817419174740751
Hostomel,s1__vh__blk_pre01__std_mean,0.014891395595822754,0.0074735553712833094
Hostomel,s1__vh__blk_pre01__std_std,0.07298903554394331,0.03717710123416977
Hostomel,s1__vh__blk_pre01__std_max,0.061625231433008354,0.03129730675315054
Hostomel,s1__vv__blk01__kurtosis_mean,0.0023915900215636388,0.0011965105441133841
Hostomel,s1__vv__blk01__kurtosis_std,0.024809381485835225,0.01248227116082634
Hostomel,s1__vv__blk01__kurtosis_max,0.019106761217253077,0.009599306884003756
Hostomel,s1__vv__blk01__skewness_mean,0.008367114582575885,0.0041923328510158255
Hostomel,s1__vv__blk01__skewness_std,0.027139910481558838,0.013662868594225584
Hostomel,s1__vv__blk01__skewness_max,0.03173311237896792,0.015993777496007226
Hostomel,s1__vv__blk01__std_mean,0.15601432380797675,0.0812178232474571
Hostomel,s1__vv__blk01__std_std,0.2075000055659244,0.10953589017342513
Hostomel,s1__vv__blk01__std_max,0.23078725862801108,0.12261251180355787
Hostomel,s1__vv__blk_pre01__kurtosis_mean,0.0018427472354176633,0.0009217983432878284
Hostomel,s1__vv__blk_pre01__kurtosis_std,0.03240317852662633,0.01633427005553563
Hostomel,s1__vv__blk_pre01__kurtosis_max,0.027393309027905266,0.013791319072099422
Hostomel,s1__vv__blk_pre01__max_mean,0.041503138756068036,0.02096990907014235
Hostomel,s1__vv__blk_pre01__max_std,0.12276317493526911,0.06334625879700795
Hostomel,s1__vv__blk_pre01__max_max,0.07023499613802131,0.03574894471346578
Hostomel,s1__vv__blk_pre01__mean_mean,0.036031846375071286,0.01818018581772692
Hostomel,s1__vv__blk_pre01__mean_std,0.10577198924541098,0.05433580721577422
Hostomel,s1__vv__blk_pre01__mean_max,0.05703262688186528,0.028930802318941715
Hostomel,s1__vv__blk_pre01__skewness_mean,0.00039502664513979546,0.00019753283089505563
Hostomel,s1__vv__blk_pre01__skewness_std,0.03996992933680232,0.0201873652601086
Hostomel,s1__vv__blk_pre01__skewness_max,0.021229776887599527,0.010671628253842371
Hostomel,s1__vv__blk_pre01__std_mean,0.011967643027923858,0.0060017963151225776
Hostomel,s1__vv__blk_pre01__std_std,0.10456699411719561,0.05369986898091086
Hostomel,s1__vv__blk_pre01__std_max,0.07006035832073287,0.035658451873497185
Hostomel,s1__vh__baseline__median_mean,0.010190612136128152,0.005108331404248869
Hostomel,s1__vh__baseline__median_std,0.1606166550142134,0.08371680370522157
Hostomel,s1__vh__baseline__median_max,0.034358044582343705,0.017328293722833368
Hostomel,s1__vh__baseline__min_mean,0.013756782230331055,0.006902156287461408
Hostomel,s1__vh__baseline__min_std,0.15351319724930468,0.07986237244495131
Hostomel,s1__vh__baseline__min_max,0.032129982757840736,0.01619543226046804
Hostomel,s1__vv__baseline__median_mean,0.03598454230201553,0.018156100140321475
Hostomel,s1__vv__baseline__median_std,0.10475791881975982,0.05380060285988525
Hostomel,s1__vv__baseline__median_max,0.05752220922250961,0.029182810684822025
Hostomel,s1__vv__baseline__min_mean,0.026826459236110267,0.013503999575116107
Hostomel,s1__vv__baseline__min_std,0.09087398779397615,0.046501628457925534
Hostomel,s1__vv__baseline__min_max,0.04371660286481771,0.022100733381359726
Hostomel,s1__vh__blk01__max_mean,0.009330388810523393,0.004676110388033877
Hostomel,s1__vh__blk01__max_std,0.13629724370331986,0.07058194251859445
Hostomel,s1__vh__blk01__max_max,0.041200670904483205,0.02081548222188318
Hostomel,s1__vh__blk01__mean_mean,0.0020699674428648063,0.00103551968692649
Hostomel,s1__vh__blk01__mean_std,0.11635545102229283,0.059938690476727174
Hostomel,s1__vh__blk01__mean_max,0.01563144207710332,0.007846423867355352
Hostomel,s1__vh__blk01__median_mean,0.0019941942340009344,0.0009975945490170528
Hostomel,s1__vh__blk01__median_std,0.1131932260669457,0.05826131796826228
Hostomel,s1__vh__blk01__median_max,0.015980820909092364,0.008022504863490439
Hostomel,s1__vh__blk01__min_mean,0.004353622488113773,0.002179183941554707
Hostomel,s1__vh__blk01__min_std,0.11284062099414105,0.05807445615787958
Hostomel,s1__vh__blk01__min_max,0.006345493582923689,0.003177790623924246
Hostomel,s1__vh__blk_pre01__median_mean,0.010190612136128152,0.005108331404248869
Hostomel,s1__vh__blk_pre01__median_std,0.1606166550142134,0.08371680370522157
Hostomel,s1__vh__blk_pre01__median_max,0.034358044582343705,0.017328293722833368
Hostomel,s1__vh__blk_pre01__min_mean,0.013756782230331055,0.006902156287461408
Hostomel,s1__vh__blk_pre01__min_std,0.15351319724930468,0.07986237244495131
Hostomel,s1__vh__blk_pre01__min_max,0.032129982757840736,0.01619543226046804
Hostomel,s1__vv__blk01__max_mean,0.04087042800880103,0.020646901880176177
Hostomel,s1__vv__blk01__max_std,0.10358999710468009,0.0531845538521601
Hostomel,s1__vv__blk01__max_max,0.06976712574389632,0.03550652468568883
Hostomel,s1__vv__blk01__mean_mean,0.017268773336756027,0.008671878956226288
Hostomel,s1__vv__blk01__mean_std,0.06561834228449248,0.03335946188350579
Hostomel,s1__vv__blk01__mean_max,0.03262480693132774,0.016446915535156165
Hostomel,s1__vv__blk01__median_mean,0.014854903504802452,0.007455172621076129
Hostomel,s1__vv__blk01__median_std,0.0643011978608683,0.032678781216453505
Hostomel,s1__vv__blk01__median_max,0.030845092668066787,0.015542710898521684
Hostomel,s1__vv__blk01__min_mean,0.008820632522101635,0.004420070395589375
Hostomel,s1__vv__blk01__min_std,0.05899521011211473,0.0299414086337752
Hostomel,s1__vv__blk01__min_max,0.021564780971822683,0.010840941720085897
Hostomel,s1__vv__blk_pre01__median_mean,0.03598454230201553,0.018156100140321475
Hostomel,s1__vv__blk_pre01__median_std,0.10475791881975982,0.05380060285988525
Hostomel,s1__vv__blk_pre01__median_max,0.05752220922250961,0.029182810684822025
Hostomel,s1__vv__blk_pre01__min_mean,0.026826459236110267,0.013503999575116107
Hostomel,s1__vv__blk_pre01__min_std,0.09087398779397615,0.046501628457925534
Hostomel,s1__vv__blk_pre01__min_max,0.04371660286481771,0.022100733381359726
Irpin,s1__vh__baseline__kurtosis_mean,0.0008215280872152508,0.00041084843026686837
Irpin,s1__vh__baseline__kurtosis_std,0.05059051117681723,0.025620680089937543
Irpin,s1__vh__baseline__kurtosis_max,0.048474845626275354,0.02453598324085466
Irpin,s1__vh__baseline__max_mean,0.021345514622741035,0.010730119693958073
Irpin,s1__vh__baseline__max_std,0.15640016452541539,0.081427087937117
Irpin,s1__vh__baseline__max_max,0.07427135353449787,0.03784276679551228
Irpin,s1__vh__baseline__mean_mean,0.020460493966799387,0.010282935613233004
Irpin,s1__vh__baseline__mean_std,0.1687620312094369,0.08815495674200687
Irpin,s1__vh__baseline__mean_max,0.07827744175684792,0.03992523098125674
Irpin,s1__vh__baseline__skewness_mean,0.002466488970279457,0.0012340055569091306
Irpin,s1__vh__baseline__skewness_std,0.06558652775371043,0.03334301514506961
Irpin,s1__vh__baseline__skewness_max,0.03836044149079787,0.019366547553080475
Irpin,s1__vh__baseline__std_mean,0.0019171244684377253,0.0009590219487974991
Irpin,s1__vh__baseline__std_std,0.07195603776334636,0.03664118264158728
Irpin,s1__vh__baseline__std_max,0.0387036613518319,0.019541528674825885
Irpin,s1__vv__baseline__kurtosis_mean,0.002497698846939622,0.001249629885765292
Irpin,s1__vv__baseline__kurtosis_std,0.034772480101828096,0.017539155733705215
Irpin,s1__vv__baseline__kurtosis_max,0.02051643897947253,0.010311197642389833
Irpin,s1__vv__baseline__max_mean,0.013739274511046506,0.006893341837162708
Irpin,s1__vv__baseline__max_std,0.1612090208819954,0.08403890147477075
Irpin,s1__vv__baseline__max_max,0.049800546096295584,0.025215529161765206
Irpin,s1__vv__baseline__mean_mean,0.016818078673159986,0.008444594772877644
Irpin,s1__vv__baseline__mean_std,0.15756822137893356,0.082060862692683
Irpin,s1__vv__baseline__mean_max,0.052419197192700384,0.02655919212782327
Irpin,s1__vv__baseline__skewness_mean,0.007115386387717804,0.0035640368345771977
Irpin,s1__vv__baseline__skewness_std,0.07916206022822636,0.040385662762337904
Irpin,s1__vv__baseline__skewness_max,0.034343955009989324,0.01732112582441771
Irpin,s1__vv__baseline__std_mean,0.0030347900760807622,0.0015185474478125872
Irpin,s1__vv__baseline__std_std,0.12525358641833417,0.06467377637392645
Irpin,s1__vv__baseline__std_max,0.06168873237894146,0.03133006718066318
Irpin,s1__coh__baseline__max_mean,0.007871469080988014,0.003943499925372875
Irpin,s1__coh__baseline__max_std,0.028752859688002452,0.014480771963668317
Irpin,s1__coh__baseline__max_max,0.02309160278373512,0.01161297168050603
Irpin,s1__coh__baseline__mean_mean,0.012329222045353472,0.0061836906901074455
Irpin,s1__coh__baseline__mean_std,0.04970149679629676,0.025164741133616348
Irpin,s1__coh__baseline__mean_max,0.0178707248427743,0.008975522179167823
Irpin,s1__coh__baseline__median_mean,0.0097041513580296,0.004863885214204004
Irpin,s1__coh__baseline__median_std,0.053897263449663724,0.027318404484461774
Irpin,s1__coh__baseline__median_max,0.01778093186098051,0.008930221931039543
Irpin,s1__coh__baseline__min_mean,0.015854235648360415,0.00795870446074556
Irpin,s1__coh__baseline__min_std,0.04175048029172701,0.021096208560551288
Irpin,s1__coh__baseline__min_max,0.017173038711821187,0.008623595904803988
Irpin,s1__coh__baseline__std_mean,0.007508308430735466,0.003761218738720033
Irpin,s1__coh__baseline__std_std,0.04052772783894554,0.02047199246893272
Irpin,s1__coh__baseline__std_max,0.044221200710043984,0.02235870363985189
Irpin,s1__coh__post_baseline__max_mean,0.07728523059666514,0.03940905079796802
Irpin,s1__coh__post_baseline__max_std,0.052527710379044024,0.02661491059111339
Irpin,s1__coh__post_baseline__max_max,0.13062609149362236,0.067543614039617
Irpin,s1__coh__post_baseline__mean_mean,0.01877824568856923,0.00943347851707879
Irpin,s1__coh__post_baseline__mean_std,0.03517366817264089,0.017743319893964868
Irpin,s1__coh__post_baseline__mean_max,0.028447327810632972,0.014325789772073301
Irpin,s1__coh__post_baseline__median_mean,0.017252703382760526,0.008663774030729238
Irpin,s1__coh__post_baseline__median_std,0.042315255528941,0.02138465836743198
Irpin,s1__coh__post_baseline__median_max,0.027772086803767415,0.013983356414616142
Irpin,s1__coh__post_baseline__min_mean,0.011312746879220237,0.005672431301324803
Irpin,s1__coh__post_baseline__min_std,0.03217016024920105,0.016215849209331782
Irpin,s1__coh__post_baseline__min_max,0.01266768130800977,0.006353984526486985
Irpin,s1__coh__post_baseline__std_mean,0.015391718300345136,0.007725625088860858
Irpin,s1__coh__post_baseline__std_std,0.04999024579141009,0.025312805838549342
Irpin,s1__coh__post_baseline__std_max,0.0558953548683665,0.028345646170246642
Irpin,s1__vh__blk01__kurtosis_mean,0.00019198561065802977,9.599741293323757e-05
Irpin,s1__vh__blk01__kurtosis_std,0.034486750010878975,0.017393773421220362
Irpin,s1__vh__blk01__kurtosis_max,0.027235623103274875,0.013711384423620647
Irpin,s1__vh__blk01__skewness_mean,0.0005218612683239865,0.0002609646824828665
Irpin,s1__vh__blk01__skewness_std,0.043696695203110814,0.022090557166377794
Irpin,s1__vh__blk01__skewness_max,0.03340679936045987,0.016844474621132793
Irpin,s1__vh__blk01__std_mean,0.015551610220412737,0.007806194318976937
Irpin,s1__vh__blk01__std_std,0.15176206604460063,0.07891446348793069
Irpin,s1__vh__blk01__std_max,0.12055263220924939,0.06216940023362035
Irpin,s1__vh__blk_pre01__kurtosis_mean,0.0008215280872152508,0.00041084843026686837
Irpin,s1__vh__blk_pre01__kurtosis_std,0.05059051117681723,0.025620680089937543
Irpin,s1__vh__blk_pre01__kurtosis_max,0.048474845626275354,0.02453598324085466
Irpin,s1__vh__blk_pre01__max_mean,0.021345514622741035,0.010730119693958073
Irpin,s1__vh__blk_pre01__max_std,0.15640016452541539,0.081427087937117
Irpin,s1__vh__blk_pre01__max_max,0.07427135353449787,0.03784276679551228
Irpin,s1__vh__blk_pre01__mean_mean,0.020460493966799387,0.010282935613233004
Irpin,s1__vh__blk_pre01__mean_std,0.1687620312094369,0.08815495674200687
Irpin,s1__vh__blk_pre01__mean_max,0.07827744175684792,0.03992523098125674
Irpin,s1__vh__blk_pre01__skewness_mean,0.002466488970279457,0.0012340055569091306
Irpin,s1__vh__blk_pre01__skewness_std,0.06558652775371043,0.03334301514506961
Irpin,s1__vh__blk_pre01__skewness_max,0.03836044149079787,0.019366547553080475
Irpin,s1__vh__blk_pre01__std_mean,0.0019171244684377253,0.0009590219487974991
Irpin,s1__vh__blk_pre01__std_std,0.07195603776334636,0.03664118264158728
Irpin,s1__vh__blk_pre01__std_max,0.0387036613518319,0.019541528674825885
Irpin,s1__vv__blk01__kurtosis_mean,0.017143351747180402,0.008608623976851904
Irpin,s1__vv__blk01__kurtosis_std,0.052374596471095325,0.02653629181433821
Irpin,s1__vv__blk01__kurtosis_max,0.03356220204611948,0.01692349901010713
Irpin,s1__vv__blk01__skewness_mean,0.004785659983823631,0.0023956973846324236
Irpin,s1__vv__blk01__skewness_std,0.03975795395506676,0.02007922206206944
Irpin,s1__vv__blk01__skewness_max,0.034969491613568326,0.01763940946284339
Irpin,s1__vv__blk01__std_mean,0.07239327594599376,0.03686798647839563
Irpin,s1__vv__blk01__std_std,0.2142545047178157,0.11331120810170714
Irpin,s1__vv__blk01__std_max,0.1980894173919865,0.10429964379919246
Irpin,s1__vv__blk_pre01__kurtosis_mean,0.002497698846939622,0.001249629885765292
Irpin,s1__vv__blk_pre01__kurtosis_std,0.034772480101828096,0.017539155733705215
Irpin,s1__vv__blk_pre01__kurtosis_max,0.02051643897947253,0.010311197642389833
Irpin,s1__vv__blk_pre01__max_mean,0.013739274511046506,0.006893341837162708
Irpin,s1__vv__blk_pre01__max_std,0.1612090208819954,0.08403890147477075
Irpin,s1__vv__blk_pre01__max_max,0.049800546096295584,0.025215529161765206
Irpin,s1__vv__blk_pre01__mean_mean,0.016818078673159986,0.008444594772877644
Irpin,s1__vv__blk_pre01__mean_std,0.15756822137893356,0.082060862692683
Irpin,s1__vv__blk_pre01__mean_max,0.052419197192700384,0.02655919212782327
Irpin,s1__vv__blk_pre01__skewness_mean,0.007115386387717804,0.0035640368345771977
Irpin,s1__vv__blk_pre01__skewness_std,0.07916206022822636,0.040385662762337904
Irpin,s1__vv__blk_pre01__skewness_max,0.034343955009989324,0.01732112582441771
Irpin,s1__vv__blk_pre01__std_mean,0.0030347900760807622,0.0015185474478125872
Irpin,s1__vv__blk_pre01__std_std,0.12525358641833417,0.06467377637392645
Irpin,s1__vv__blk_pre01__std_max,0.06168873237894146,0.03133006718066318
Irpin,s1__vh__baseline__median_mean,0.01958073960060691,0.009838610592415335
Irpin,s1__vh__baseline__median_std,0.16833970954702027,0.08792436247790354
Irpin,s1__vh__baseline__median_max,0.08099244727433086,0.04133902778096589
Irpin,s1__vh__baseline__min_mean,0.01893730277428296,0.009513764063331083
Irpin,s1__vh__baseline__min_std,0.1543165688555086,0.08029754827271092
Irpin,s1__vh__baseline__min_max,0.07105449016338361,0.0361736949168167
Irpin,s1__vv__baseline__median_mean,0.017453692635465146,0.008765148240535507
Irpin,s1__vv__baseline__median_std,0.15812084189693598,0.08236084851453013
Irpin,s1__vv__baseline__median_max,0.05501143799533725,0.027891084224224184
Irpin,s1__vv__baseline__min_mean,0.01416708167277636,0.0071087482206703065
Irpin,s1__vv__baseline__min_std,0.1395937816299586,0.07235231970684206
Irpin,s1__vv__baseline__min_max,0.04792891564759638,0.02425627706795576
Irpin,s1__vh__blk01__max_mean,0.018919771298109733,0.009504914571275377
Irpin,s1__vh__blk01__max_std,0.14124330253733675,0.07323935856632027
Irpin,s1__vh__blk01__max_max,0.07142293494073049,0.03636472155182081
Irpin,s1__vh__blk01__mean_mean,0.013229449806317017,0.006636699151942277
Irpin,s1__vh__blk01__mean_std,0.14245418241391472,0.07389101698999574
Irpin,s1__vh__blk01__mean_max,0.05705442994789478,0.02894202391157573
Irpin,s1__vh__blk01__median_mean,0.014899463089630638,0.007477619385807868
Irpin,s1__vh__blk01__median_std,0.14043434537633792,0.07280423912418366
Irpin,s1__vh__blk01__median_max,0.057322382134108896,0.029079943711659298
Irpin,s1__vh__blk01__min_mean,0.005614343362817076,0.002811119177095804
Irpin,s1__vh__blk01__min_std,0.14912282584018577,0.07748750564795333
Irpin,s1__vh__blk01__min_max,0.04735446016736988,0.023962040359041807
Irpin,s1__vh__blk_pre01__median_mean,0.01958073960060691,0.009838610592415335
Irpin,s1__vh__blk_pre01__median_std,0.16833970954702027,0.08792436247790354
Irpin,s1__vh__blk_pre01__median_max,0.08099244727433086,0.04133902778096589
Irpin,s1__vh__blk_pre01__min_mean,0.01893730277428296,0.009513764063331083
Irpin,s1__vh__blk_pre01__min_std,0.1543165688555086,0.08029754827271092
Irpin,s1__vh__blk_pre01__min_max,0.07105449016338361,0.0361736949168167
Irpin,s1__vv__blk01__max_mean,0.02182988401738739,0.010974947021860927
Irpin,s1__vv__blk01__max_std,0.1326266828132856,0.06861438034516436
Irpin,s1__vv__blk01__max_max,0.05597088646359505,0.02838449853486487
Irpin,s1__vv__blk01__mean_mean,0.011053755731085468,0.005542207564688098
Irpin,s1__vv__blk01__mean_std,0.10082053183773709,0.05172524652741196
Irpin,s1__vv__blk01__mean_max,0.03288186677116456,0.016577585392179114
Irpin,s1__vv__blk01__median_mean,0.01035344431400409,0.005190167806147414
Irpin,s1__vv__blk01__median_std,0.10323073318775311,0.05299512757280114
Irpin,s1__vv__blk01__median_max,0.033363117248671026,0.016822262794789294
Irpin,s1__vv__blk01__min_mean,0.00460319048275748,0.002304247982846106
Irpin,s1__vv__blk01__min_std,0.09361711112407711,0.04793950941893744
Irpin,s1__vv__blk01__min_max,0.02392903610998398,0.012036668979316342
Irpin,s1__vv__blk_pre01__median_mean,0.017453692635465146,0.008765148240535507
Irpin,s1__vv__blk_pre01__median_std,0.15812084189693598,0.08236084851453013
Irpin,s1__vv__blk_pre01__median_max,0.05501143799533725,0.027891084224224184
Irpin,s1__vv__blk_pre01__min_mean,0.01416708167277636,0.0071087482206703065
Irpin,s1__vv__blk_pre01__min_std,0.1395937816299586,0.07235231970684206
Irpin,s1__vv__blk_pre01__min_max,0.04792891564759638,0.02425627706795576
Kharkiv,s1__vh__baseline__kurtosis_mean,0.01111955267538356,0.0055752894203874425
Kharkiv,s1__vh__baseline__kurtosis_std,0.12483973824692862,0.06445305185520296
Kharkiv,s1__vh__baseline__kurtosis_max,0.13125518434834027,0.06788019664015954
Kharkiv,s1__vh__baseline__max_mean,0.0807494455397697,0.04121240693989696
Kharkiv,s1__vh__baseline__max_std,0.2245039138401972,0.11906731152081582
Kharkiv,s1__vh__baseline__max_max,0.12827385780173417,0.06628610476695451
Kharkiv,s1__vh__baseline__mean_mean,0.08778999084168171,0.044887534536525435
Kharkiv,s1__vh__baseline__mean_std,0.24085753441905045,0.1283207257130242
Kharkiv,s1__vh__baseline__mean_max,0.1358112426097846,0.07032120472914728
Kharkiv,s1__vh__baseline__skewness_mean,0.0008301838018009988,0.00041517807539132615
Kharkiv,s1__vh__baseline__skewness_std,0.16805052579400703,0.08776649427021198
Kharkiv,s1__vh__baseline__skewness_max,0.1461847758565611,0.07590138173605734
Kharkiv,s1__vh__baseline__std_mean,0.030551435380002268,0.01539359343051559
Kharkiv,s1__vh__baseline__std_std,0.22028421935094866,0.1166935027978365
Kharkiv,s1__vh__baseline__std_max,0.20001918939977137,0.1053711764923035
Kharkiv,s1__vv__baseline__kurtosis_mean,0.002451183957531855,0.0012263436308236762
Kharkiv,s1__vv__baseline__kurtosis_std,0.1553411317387272,0.08085281541403165
Kharkiv,s1__vv__baseline__kurtosis_max,0.11858830468066239,0.06112478373815973
Kharkiv,s1__vv__baseline__max_mean,0.0458419198337614,0.023187729410092558
Kharkiv,s1__vv__baseline__max_std,0.1798614934849918,0.0942345798861145
Kharkiv,s1__vv__baseline__max_max,0.07268274900810057,0.037018170017435376
Kharkiv,s1__vv__baseline__mean_mean,0.04896832067327517,0.024788881569134405
Kharkiv,s1__vv__baseline__mean_std,0.21265529487383117,0.1124160669991479
Kharkiv,s1__vv__baseline__mean_max,0.08048120814862747,0.04107265517708961
Kharkiv,s1__vv__baseline__skewness_mean,0.018536928593903212,0.009311683771557748
Kharkiv,s1__vv__baseline__skewness_std,0.19643558670086025,0.10338224411732236
Kharkiv,s1__vv__baseline__skewness_max,0.22404849076942557,0.11881083972387356
Kharkiv,s1__vv__baseline__std_mean,0.005003016095729507,0.0025046420466946677
Kharkiv,s1__vv__baseline__std_std,0.16547395983334168,0.08636102115320843
Kharkiv,s1__vv__baseline__std_max,0.10486519421410079,0.053857206937827196
Kharkiv,s1__coh__baseline__max_mean,0.2991769710891088,0.16203491199967965
Kharkiv,s1__coh__baseline__max_std,0.4618423386892543,0.2625618041251798
Kharkiv,s1__coh__baseline__mean_std,0.5969932598079282,0.35452957532281354
Kharkiv,s1__coh__baseline__median_std,0.796938974558191,0.5082780171384585
Kharkiv,s1__coh__baseline__min_std,0.03607887339166749,0.018204131002147014
Kharkiv,s1__coh__baseline__std_std,0.114254146182446,0.05882375950223261
Kharkiv,s1__coh__post_baseline__max_mean,2.209877650871661e-06,1.1049394358750585e-06
Kharkiv,s1__coh__post_baseline__mean_std,0.5969932598079282,0.35452957532281354
Kharkiv,s1__coh__post_baseline__median_mean,0.7856606637122154,0.49894700779815826
Kharkiv,s1__coh__post_baseline__median_std,2.209877650871661e-06,1.1049394358750585e-06
Kharkiv,s1__coh__post_baseline__min_mean,2.209877650871661e-06,1.1049394358750585e-06
Kharkiv,s1__coh__post_baseline__std_std,0.11571983948590048,0.059601310305185964
Kharkiv,s1__vh__blk01__kurtosis_mean,0.01136703117516169,0.005699728221319029
Kharkiv,s1__vh__blk01__kurtosis_std,0.1307621342246914,0.06761639117687683
Kharkiv,s1__vh__blk01__kurtosis_max,0.15715306212968483,0.0818355558527161
Kharkiv,s1__vh__blk01__skewness_mean,0.011369236354632717,0.005700837114075152
Kharkiv,s1__vh__blk01__skewness_std,0.12662400737705837,0.06540503371895003
Kharkiv,s1__vh__blk01__skewness_max,0.06625685491805422,0.03368960254437553
Kharkiv,s1__vh__blk01__std_mean,0.0876934273565535,0.044837037443319946
Kharkiv,s1__vh__blk01__std_std,0.2738698781775897,0.14726520150371233
Kharkiv,s1__vh__blk01__std_max,0.2607541166706566,0.1396955616640344
Kharkiv,s1__vh__blk_pre01__kurtosis_mean,0.01111955267538356,0.0055752894203874425
Kharkiv,s1__vh__blk_pre01__kurtosis_std,0.12483973824692862,0.06445305185520296
Kharkiv,s1__vh__blk_pre01__kurtosis_max,0.13125518434834027,0.06788019664015954
Kharkiv,s1__vh__blk_pre01__max_mean,0.0807494455397697,0.04121240693989696
Kharkiv,s1__vh__blk_pre01__max_std,0.2245039138401972,0.11906731152081582
Kharkiv,s1__vh__blk_pre01__max_max,0.12827385780173417,0.06628610476695451
Kharkiv,s1__vh__blk_pre01__mean_mean,0.08778999084168171,0.044887534536525435
Kharkiv,s1__vh__blk_pre01__mean_std,0.24085753441905045,0.1283207257130242
Kharkiv,s1__vh__blk_pre01__mean_max,0.1358112426097846,0.07032120472914728
Kharkiv,s1__vh__blk_pre01__skewness_mean,0.0008301838018009988,0.00041517807539132615
Kharkiv,s1__vh__blk_pre01__skewness_std,0.16805052579400703,0.08776649427021198
Kharkiv,s1__vh__blk_pre01__skewness_max,0.1461847758565611,0.07590138173605734
Kharkiv,s1__vh__blk_pre01__std_mean,0.030551435380002268,0.01539359343051559
Kharkiv,s1__vh__blk_pre01__std_std,0.22028421935094866,0.1166935027978365
Kharkiv,s1__vh__blk_pre01__std_max,0.20001918939977137,0.1053711764923035
Kharkiv,s1__vv__blk01__kurtosis_mean,0.016680114014078207,0.008375029868667618
Kharkiv,s1__vv__blk01__kurtosis_std,0.10551631989515586,0.05420084347532386
Kharkiv,s1__vv__blk01__kurtosis_max,0.09666614890307379,0.04954017353026441
Kharkiv,s1__vv__blk01__skewness_mean,0.007426182568895046,0.0037200019197409684
Kharkiv,s1__vv__blk01__skewness_std,0.12830617583023174,0.06630337134606594
Kharkiv,s1__vv__blk01__skewness_max,0.08322424684792629,0.04250270135033688
Kharkiv,s1__vv__blk01__std_mean,0.09521146091150334,0.0487761812457328
Kharkiv,s1__vv__blk01__std_std,0.3697430687583829,0.2044095516344308
Kharkiv,s1__vv__blk01__std_max,0.2659391707342549,0.14268122250216314
Kharkiv,s1__vv__blk_pre01__kurtosis_mean,0.002451183957531855,0.0012263436308236762
Kharkiv,s1__vv__blk_pre01__kurtosis_std,0.1553411317387272,0.08085281541403165
Kharkiv,s1__vv__blk_pre01__kurtosis_max,0.11858830468066239,0.06112478373815973
Kharkiv,s1__vv__blk_pre01__max_mean,0.0458419198337614,0.023187729410092558
Kharkiv,s1__vv__blk_pre01__max_std,0.1798614934849918,0.0942345798861145
Kharkiv,s1__vv__blk_pre01__max_max,0.07268274900810057,0.037018170017435376
Kharkiv,s1__vv__blk_pre01__mean_mean,0.04896832067327517,0.024788881569134405
Kharkiv,s1__vv__blk_pre01__mean_std,0.21265529487383117,0.1124160669991479
Kharkiv,s1__vv__blk_pre01__mean_max,0.08048120814862747,0.04107265517708961
Kharkiv,s1__vv__blk_pre01__skewness_mean,0.018536928593903212,0.009311683771557748
Kharkiv,s1__vv__blk_pre01__skewness_std,0.19643558670086025,0.10338224411732236
Kharkiv,s1__vv__blk_pre01__skewness_max,0.22404849076942557,0.11881083972387356
Kharkiv,s1__vv__blk_pre01__std_mean,0.005003016095729507,0.0025046420466946677
Kharkiv,s1__vv__blk_pre01__std_std,0.16547395983334168,0.08636102115320843
Kharkiv,s1__vv__blk_pre01__std_max,0.10486519421410079,0.053857206937827196
Kharkiv,s1__vh__baseline__median_mean,0.08350253546299147,0.04264789768764453
Kharkiv,s1__vh__baseline__median_std,0.23366175514254595,0.12423856508865541
Kharkiv,s1__vh__baseline__median_max,0.13516111794928243,0.06997252151735625
Kharkiv,s1__vh__baseline__min_mean,0.08763413522309671,0.04480603236540449
Kharkiv,s1__vh__baseline__min_std,0.25758461840371805,0.13787487958079378
Kharkiv,s1__vh__baseline__min_max,0.13682440983359134,0.07086484208481586
Kharkiv,s1__vv__baseline__median_mean,0.048295413795939934,0.0244440430567571
Kharkiv,s1__vv__baseline__median_std,0.197392911747015,0.10391318118907916
Kharkiv,s1__vv__baseline__median_max,0.07352417956373292,0.03745484658693858
Kharkiv,s1__vv__baseline__min_mean,0.05645467973267615,0.028633390629314272
Kharkiv,s1__vv__baseline__min_std,0.26715861614416325,0.14338470093059016
Kharkiv,s1__vv__baseline__min_max,0.09653002539468791,0.0494686576262797
Kharkiv,s1__vh__blk01__max_mean,0.07644620980792816,0.03897277299310597
Kharkiv,s1__vh__blk01__max_std,0.2277523905550065,0.12089860368923439
Kharkiv,s1__vh__blk01__max_max,0.1568853547467497,0.08169029802657304
Kharkiv,s1__vh__blk01__mean_mean,0.040955943660316185,0.020690552652010495
Kharkiv,s1__vh__blk01__mean_std,0.20841597176572257,0.11004702005427983
Kharkiv,s1__vh__blk01__mean_max,0.11033900976497124,0.0567497378231773
Kharkiv,s1__vh__blk01__median_mean,0.04205844935526315,0.021253488457593287
Kharkiv,s1__vh__blk01__median_std,0.20545258176552106,0.10839432509931005
Kharkiv,s1__vh__blk01__median_max,0.10767590234881919,0.05534142563028334
Kharkiv,s1__vh__blk01__min_mean,0.04870196273461613,0.024652369301634214
Kharkiv,s1__vh__blk01__min_std,0.18962506510165555,0.09961321038137771
Kharkiv,s1__vh__blk01__min_max,0.09019282201164658,0.04614489753039727
Kharkiv,s1__vh__blk02__kurtosis_mean,0.007084118794383754,0.0035483473421526286
Kharkiv,s1__vh__blk02__kurtosis_std,0.09789764246539923,0.05018740214627545
Kharkiv,s1__vh__blk02__kurtosis_max,0.137686096655816,0.07132743194802264
Kharkiv,s1__vh__blk02__max_mean,0.033947416655021545,0.017119412832028294
Kharkiv,s1__vh__blk02__max_std,0.20591632947000305,0.1086527789194954
Kharkiv,s1__vh__blk02__max_max,0.12287725864239074,0.0634070327879582
Kharkiv,s1__vh__blk02__mean_mean,0.04208051444364491,0.02126475805484309
Kharkiv,s1__vh__blk02__mean_std,0.22309411067218554,0.11827359321317328
Kharkiv,s1__vh__blk02__mean_max,0.12625984387262257,0.0652106637068521
Kharkiv,s1__vh__blk02__median_mean,0.042617931295811706,0.02153927936468041
Kharkiv,s1__vh__blk02__median_std,0.224665408487301,0.11915827313620947
Kharkiv,s1__vh__blk02__median_max,0.12816521104739897,0.06622806016377386
Kharkiv,s1__vh__blk02__min_mean,0.04303080381647395,0.021750232595115798
Kharkiv,s1__vh__blk02__min_std,0.22679276096048917,0.12035727420742671
Kharkiv,s1__vh__blk02__min_max,0.12458226026796448,0.06431575142883314
Kharkiv,s1__vh__blk02__skewness_mean,0.0030915149473971226,0.0015469533893382537
Kharkiv,s1__vh__blk02__skewness_std,0.11365867653911588,0.05850803527832632
Kharkiv,s1__vh__blk02__skewness_max,0.10836332716909403,0.05570476175850103
Kharkiv,s1__vh__blk02__std_mean,0.030686805643613813,0.015462330902822126
Kharkiv,s1__vh__blk02__std_std,0.20522825713643056,0.10826932945567175
Kharkiv,s1__vh__blk02__std_max,0.19489954391638853,0.1025309359837954
Kharkiv,s1__vh__blk_pre01__median_mean,0.08350253546299147,0.04264789768764453
Kharkiv,s1__vh__blk_pre01__median_std,0.23366175514254595,0.12423856508865541
Kharkiv,s1__vh__blk_pre01__median_max,0.13516111794928243,0.06997252151735625
Kharkiv,s1__vh__blk_pre01__min_mean,0.08763413522309671,0.04480603236540449
Kharkiv,s1__vh__blk_pre01__min_std,0.25758461840371805,0.13787487958079378
Kharkiv,s1__vh__blk_pre01__min_max,0.13682440983359134,0.07086484208481586
Kharkiv,s1__vv__blk01__max_mean,0.0072993528791016615,0.003656352757825338
Kharkiv,s1__vv__blk01__max_std,0.21058142124485402,0.11125642980944167
Kharkiv,s1__vv__blk01__max_max,0.06531969116785064,0.033205082801538485
Kharkiv,s1__vv__blk01__mean_mean,0.0030925983685279324,0.0015474959387003337
Kharkiv,s1__vv__blk01__mean_std,0.15973892863440953,0.08323973239227031
Kharkiv,s1__vv__blk01__mean_max,0.03721556404598969,0.01878308486968926
Kharkiv,s1__vv__blk01__median_mean,0.015572766875070032,0.007816855602759916
Kharkiv,s1__vv__blk01__median_std,0.15750456810351565,0.0820263147780091
Kharkiv,s1__vv__blk01__median_max,0.041137704070840275,0.02078333711101076
Kharkiv,s1__vv__blk01__min_mean,0.025644095102157483,0.012904959499248029
Kharkiv,s1__vv__blk01__min_std,0.1565183154366352,0.08149117706051619
Kharkiv,s1__vv__blk01__min_max,0.043002796127676435,0.021735920929692322
Kharkiv,s1__vv__blk02__kurtosis_mean,0.01110185812690423,0.005566392721849463
Kharkiv,s1__vv__blk02__kurtosis_std,0.0720910962168031,0.03671123456296945
Kharkiv,s1__vv__blk02__kurtosis_max,0.09608994184547925,0.049237483670760696
Kharkiv,s1__vv__blk02__max_mean,0.008071864632297032,0.004044098670954867
Kharkiv,s1__vv__blk02__max_std,0.15498420340255792,0.08065934126267518
Kharkiv,s1__vv__blk02__max_max,0.02441860488119829,0.012284448252006131
Kharkiv,s1__vv__blk02__mean_mean,0.009891239654532313,0.004957889877055581
Kharkiv,s1__vv__blk02__mean_std,0.15223142622124342,0.07916844582166507
Kharkiv,s1__vv__blk02__mean_max,0.0255369780319612,0.012850706786117185
Kharkiv,s1__vv__blk02__median_mean,0.009863187400108497,0.00494379413652389
Kharkiv,s1__vv__blk02__median_std,0.15669745451702632,0.08158835610293054
Kharkiv,s1__vv__blk02__median_max,0.025727641302214277,0.012947276068188946
Kharkiv,s1__vv__blk02__min_mean,0.011852721089860019,0.005943991110821067
Kharkiv,s1__vv__blk02__min_std,0.14499550014053053,0.075260058703236
Kharkiv,s1__vv__blk02__min_max,0.02542940494831636,0.01279622607305977
Kharkiv,s1__vv__blk02__skewness_mean,0.003304995731367555,0.0016538647463343022
Kharkiv,s1__vv__blk02__skewness_std,0.07317258162867124,0.037272354883458605
Kharkiv,s1__vv__blk02__skewness_max,0.08347490813196035,0.04263348225928484
Kharkiv,s1__vv__blk02__std_mean,0.016719055291067653,0.008394664451854888
Kharkiv,s1__vv__blk02__std_std,0.15224851886517055,0.07917769628908147
Kharkiv,s1__vv__blk02__std_max,0.13345291394316128,0.06905693457992686
Kharkiv,s1__vv__blk_pre01__median_mean,0.048295413795939934,0.0244440430567571
Kharkiv,s1__vv__blk_pre01__median_std,0.197392911747015,0.10391318118907916
Kharkiv,s1__vv__blk_pre01__median_max,0.07352417956373292,0.03745484658693858
Kharkiv,s1__vv__blk_pre01__min_mean,0.05645467973267615,0.028633390629314272
Kharkiv,s1__vv__blk_pre01__min_std,0.26715861614416325,0.14338470093059016
Kharkiv,s1__vv__blk_pre01__min_max,0.09653002539468791,0.0494686576262797
Kharkiv,s1__vh__blk03__kurtosis_std,0.5969932598079282,0.35452957532281354
Kharkiv,s1__vh__blk03__max_mean,0.03848049700953782,0.019427751045926693
Kharkiv,s1__vh__blk03__max_std,0.21995700783277283,0.11650966364469159
Kharkiv,s1__vh__blk03__max_max,0.12749074247767234,0.06586780022577134
Kharkiv,s1__vh__blk03__mean_mean,0.03707038455383693,0.018709121514071413
Kharkiv,s1__vh__blk03__mean_std,0.2187270665212897,0.11581894067258665
Kharkiv,s1__vh__blk03__mean_max,0.11510275832955652,0.05927387484857957
Kharkiv,s1__vh__blk03__median_mean,0.045884076380545036,0.023209302384118682
Kharkiv,s1__vh__blk03__median_std,0.2295901073886799,0.12193608303768633
Kharkiv,s1__vh__blk03__median_max,0.12914290574686982,0.06675051552596772
Kharkiv,s1__vh__blk03__min_mean,0.02980658299050143,0.015015461406413286
Kharkiv,s1__vh__blk03__min_std,0.20817857601178247,0.10991452276506561
Kharkiv,s1__vh__blk03__min_max,0.10172065960707721,0.052199315019831286
Kharkiv,s1__vh__blk03__skewness_std,0.114254146182446,0.05882375950223261
Kharkiv,s1__vh__blk03__std_mean,0.06384265058215277,0.03244191948248904
Kharkiv,s1__vh__blk03__std_std,0.2017833286779176,0.1063517449176683
Kharkiv,s1__vh__blk03__std_max,0.22591132549587156,0.11986031229376568
Kharkiv,s1__vh__blk04__kurtosis_mean,1.0491179633812604,0.7435124461008324
Kharkiv,s1__vh__blk04__mean_mean,2.209877650871661e-06,1.1049394358750585e-06
Kharkiv,s1__vh__blk04__median_mean,2.209877650871661e-06,1.1049394358750585e-06
Kharkiv,s1__vh__blk04__min_std,0.2991769710891088,0.16203491199967965
Kharkiv,s1__vh__blk04__skewness_std,0.8582217261702667,0.5605602441928415
Kharkiv,s1__vh__blk04__std_std,0.1765153122790264,0.09239784652028288
Kharkiv,s1__vh__blk05__max_std,0.11571983948590048,0.059601310305185964
Kharkiv,s1__vh__blk05__mean_std,0.20575751211117543,0.1085642600101656
Kharkiv,s1__vh__blk05__min_mean,2.209877650871661e-06,1.1049394358750585e-06
Kharkiv,s1__vh__blk05__min_std,2.209877650871661e-06,1.1049394358750585e-06
Kharkiv,s1__vh__blk05__skewness_std,0.2972445572615474,0.16089939298562075
Kharkiv,s1__vh__blk05__std_mean,1.0491179633812604,0.7435124461008324
Kharkiv,s1__vh__blk05__std_std,0.5969932598079282,0.35452957532281354
Kharkiv,s1__vh__blk06__kurtosis_mean,0.9604938732099049,0.6544014582834186
Kharkiv,s1__vh__blk06__max_std,0.114254146182446,0.05882375950223261
Kharkiv,s1__vh__blk06__mean_std,0.2972445572615474,0.16089939298562075
Kharkiv,s1__vh__blk06__median_mean,0.9604938732099049,0.6544014582834186
Kharkiv,s1__vh__blk06__min_std,2.209877650871661e-06,1.1049394358750585e-06
Kharkiv,s1__vh__blk06__skewness_mean,0.7856606637122154,0.49894700779815826
Kharkiv,s1__vh__blk06__std_std,0.114254146182446,0.05882375950223261
Kharkiv,s1__vh__blk07__kurtosis_std,0.114254146182446,0.05882375950223261
Kharkiv,s1__vh__blk07__max_mean,0.7856606637122154,0.49894700779815826
Kharkiv,s1__vh__blk07__mean_mean,0.796938974558191,0.5082780171384585
Kharkiv,s1__vh__blk07__mean_std,0.2972445572615474,0.16089939298562075
Kharkiv,s1__vh__blk07__median_mean,0.7985800293864986,0.5096430144795092
Kharkiv,s1__vh__blk07__min_std,0.8583684710760406,0.5606887755723591
Kharkiv,s1__vh__blk07__skewness_mean,0.9604938732099049,0.6544014582834186
Kharkiv,s1__vh__blk07__skewness_std,2.209877650871661e-06,1.1049394358750585e-06
Kharkiv,s1__vh__blk08__kurtosis_mean,0.060427102765686413,0.030679387787399277
Kharkiv,s1__vh__blk08__max_mean,0.060427102765686413,0.030679387787399277
Kharkiv,s1__vh__blk08__max_std,2.209877650871661e-06,1.1049394358750585e-06
Kharkiv,s1__vh__blk08__median_std,2.209877650871661e-06,1.1049394358750585e-06
Kharkiv,s1__vh__blk08__min_mean,0.8583684710760406,0.5606887755723591
Kharkiv,s1__vh__blk08__min_std,2.209877650871661e-06,1.1049394358750585e-06
Kharkiv,s1__vh__blk09__kurtosis_mean,0.060427102765686413,0.030679387787399277
Kharkiv,s1__vh__blk09__mean_mean,0.796938974558191,0.5082780171384585
Kharkiv,s1__vh__blk09__mean_std,0.2972445572615474,0.16089939298562075
Kharkiv,s1__vh__blk09__median_mean,1.0495874872620943,0.7440063452607888
Kharkiv,s1__vh__blk09__median_std,0.5969932598079282,0.35452957532281354
Kharkiv,s1__vh__blk09__min_mean,0.8583684710760406,0.5606887755723591
Kharkiv,s1__vh__blk09__min_std,0.9604938732099049,0.6544014582834186
Kharkiv,s1__vv__blk03__max_mean,0.008240792453038326,0.004128908449585271
Kharkiv,s1__vv__blk03__max_std,0.17461834513864427,0.09135808943784639
Kharkiv,s1__vv__blk03__max_max,0.03941713607013786,0.019905371970003208
Kharkiv,s1__vv__blk03__mean_mean,0.007647751973961725,0.003831205691984454
Kharkiv,s1__vv__blk03__mean_std,0.15437906008702473,0.08033140689028362
Kharkiv,s1__vv__blk03__mean_max,0.026353266947148013,0.013264215516861109
Kharkiv,s1__vv__blk03__median_mean,0.010653971829123421,0.005341224893768047
Kharkiv,s1__vv__blk03__median_std,0.15849195971972807,0.08256235750832303
Kharkiv,s1__vv__blk03__median_max,0.02406021980583728,0.012103057308901636
Kharkiv,s1__vv__blk03__min_mean,0.008759301960984622,0.0043892697466810255
Kharkiv,s1__vv__blk03__min_std,0.1549873144874161,0.08066102747451508
Kharkiv,s1__vv__blk03__min_max,0.025794674679936236,0.012981230104702693
Kharkiv,s1__vv__blk03__skewness_mean,2.209877650871661e-06,1.1049394358750585e-06
Kharkiv,s1__vv__blk03__std_mean,0.0716440288455058,0.03647936907250191
Kharkiv,s1__vv__blk03__std_std,0.26160991949033585,0.140187736719649
Kharkiv,s1__vv__blk03__std_max,0.22947224232908225,0.12186951024184414
Kharkiv,s1__vv__blk04__kurtosis_mean,1.0491179633812604,0.7435124461008324
Kharkiv,s1__vv__blk04__max_mean,0.7856606637122154,0.49894700779815826
Kharkiv,s1__vv__blk04__max_std,0.796938974558191,0.5082780171384585
Kharkiv,s1__vv__blk04__mean_mean,2.209877650871661e-06,1.1049394358750585e-06
Kharkiv,s1__vv__blk04__mean_std,0.2972445572615474,0.16089939298562075
Kharkiv,s1__vv__blk04__min_mean,0.7856606637122154,0.49894700779815826
Kharkiv,s1__vv__blk04__std_mean,0.7856606637122154,0.49894700779815826
Kharkiv,s1__vv__blk04__std_std,0.11571983948590048,0.059601310305185964
Kharkiv,s1__vv__blk05__max_std,0.8583684710760406,0.5606887755723591
Kharkiv,s1__vv__blk05__mean_mean,0.796938974558191,0.5082780171384585
Kharkiv,s1__vv__blk05__mean_std,0.114254146182446,0.05882375950223261
Kharkiv,s1__vv__blk05__min_std,0.5969932598079282,0.35452957532281354
Kharkiv,s1__vv__blk05__skewness_mean,0.7856606637122154,0.49894700779815826
Kharkiv,s1__vv__blk05__skewness_std,2.209877650871661e-06,1.1049394358750585e-06
Kharkiv,s1__vv__blk05__std_mean,2.209877650871661e-06,1.1049394358750585e-06
Kharkiv,s1__vv__blk05__std_std,2.209877650871661e-06,1.1049394358750585e-06
Kharkiv,s1__vv__blk06__kurtosis_std,0.11571983948590048,0.059601310305185964
Kharkiv,s1__vv__blk06__mean_mean,0.2972445572615474,0.16089939298562075
Kharkiv,s1__vv__blk06__median_std,2.209877650871661e-06,1.1049394358750585e-06
Kharkiv,s1__vv__blk06__min_std,0.2972445572615474,0.16089939298562075
Kharkiv,s1__vv__blk06__skewness_mean,2.209877650871661e-06,1.1049394358750585e-06
Kharkiv,s1__vv__blk06__std_mean,0.7856606637122154,0.49894700779815826
Kharkiv,s1__vv__blk07__kurtosis_std,0.2972445572615474,0.16089939298562075
Kharkiv,s1__vv__blk07__mean_mean,0.03607887339166749,0.018204131002147014
Kharkiv,s1__vv__blk07__min_std,0.796938974558191,0.5082780171384585
Kharkiv,s1__vv__blk07__skewness_mean,0.2991769710891088,0.16203491199967965
Kharkiv,s1__vv__blk07__std_mean,2.209877650871661e-06,1.1049394358750585e-06
Kharkiv,s1__vv__blk07__std_std,2.209877650871661e-06,1.1049394358750585e-06
Kharkiv,s1__vv__blk08__mean_mean,0.9604938732099049,0.6544014582834186
Kharkiv,s1__vv__blk08__mean_std,0.2991769710891088,0.16203491199967965
Kharkiv,s1__vv__blk08__median_mean,0.9604938732099049,0.6544014582834186
Kharkiv,s1__vv__blk08__median_std,0.5969932598079282,0.35452957532281354
Kharkiv,s1__vv__blk08__skewness_mean,0.2972445572615474,0.16089939298562075
Kharkiv,s1__vv__blk08__skewness_std,2.209877650871661e-06,1.1049394358750585e-06
Kharkiv,s1__vv__blk08__std_std,0.2972445572615474,0.16089939298562075
Kharkiv,s1__vv__blk09__kurtosis_mean,0.2991769710891088,0.16203491199967965
Kharkiv,s1__vv__blk09__kurtosis_std,2.209877650871661e-06,1.1049394358750585e-06
Kharkiv,s1__vv__blk09__max_std,0.7856606637122154,0.49894700779815826
Kharkiv,s1__vv__blk09__mean_mean,1.0495874872620943,0.7440063452607888
Kharkiv,s1__vv__blk09__mean_std,2.209877650871661e-06,1.1049394358750585e-06
Kharkiv,s1__vv__blk09__median_mean,1.0495874872620943,0.7440063452607888
Kharkiv,s1__vv__blk09__median_std,0.796938974558191,0.5082780171384585
Kharkiv,s1__vv__blk09__min_mean,0.8583684710760406,0.5606887755723591
Kharkiv,s1__vv__blk09__min_std,0.2991769710891088,0.16203491199967965
Kharkiv,s1__vv__blk09__skewness_std,2.209877650871661e-06,1.1049394358750585e-06
Kharkiv,s1__vv__blk09__std_mean,0.8583684710760406,0.5606887755723591
Kharkiv,s1__vv__blk09__std_std,0.2991769710891088,0.16203491199967965
Kharkiv,s1__vh__blk10__kurtosis_std,0.7856606637122154,0.49894700779815826
Kharkiv,s1__vh__blk10__max_mean,0.060427102765686413,0.030679387787399277
Kharkiv,s1__vh__blk10__mean_std,0.2991769710891088,0.16203491199967965
Kharkiv,s1__vh__blk10__min_std,0.114254146182446,0.05882375950223261
Kharkiv,s1__vh__blk10__skewness_mean,2.209877650871661e-06,1.1049394358750585e-06
Kharkiv,s1__vh__blk10__std_std,0.2972445572615474,0.16089939298562075
Kharkiv,s1__vh__blk11__kurtosis_std,0.114254146182446,0.05882375950223261
Kharkiv,s1__vh__blk11__median_mean,0.9604938732099049,0.6544014582834186
Kharkiv,s1__vh__blk11__median_std,0.114254146182446,0.05882375950223261
Kharkiv,s1__vh__blk11__min_mean,0.7856606637122154,0.49894700779815826
Kharkiv,s1__vh__blk11__skewness_std,0.2972445572615474,0.16089939298562075
Kharkiv,s1__vh__blk11__std_std,0.5969932598079282,0.35452957532281354
Kharkiv,s1__vh__blk12__kurtosis_std,2.209877650871661e-06,1.1049394358750585e-06
Kharkiv,s1__vh__blk12__max_std,0.7856606637122154,0.49894700779815826
Kharkiv,s1__vh__blk12__mean_mean,0.2972445572615474,0.16089939298562075
Kharkiv,s1__vh__blk12__mean_std,2.209877650871661e-06,1.1049394358750585e-06
Kharkiv,s1__vh__blk12__skewness_std,2.209877650871661e-06,1.1049394358750585e-06
Kharkiv,s1__vh__blk13__kurtosis_mean,0.8583684710760406,0.5606887755723591
Kharkiv,s1__vh__blk13__kurtosis_std,2.209877650871661e-06,1.1049394358750585e-06
Kharkiv,s1__vh__blk13__median_std,0.5969932598079282,0.35452957532281354
Kharkiv,s1__vh__blk13__min_mean,0.8583684710760406,0.5606887755723591
Kharkiv,s1__vh__blk13__min_std,0.4618423386892543,0.2625618041251798
Kharkiv,s1__vh__blk13__skewness_mean,0.7985800293864986,0.5096430144795092
Kharkiv,s1__vh__blk13__std_std,0.2972445572615474,0.16089939298562075
Kharkiv,s1__vh__blk14__max_std,0.5969932598079282,0.35452957532281354
Kharkiv,s1__vh__blk14__mean_mean,0.4618423386892543,0.2625618041251798
Kharkiv,s1__vh__blk14__min_std,2.209877650871661e-06,1.1049394358750585e-06
Kharkiv,s1__vh__blk14__skewness_mean,0.5969932598079282,0.35452957532281354
Kharkiv,s1__vh__blk14__skewness_std,0.2972445572615474,0.16089939298562075
Kharkiv,s1__vh__blk14__std_mean,1.0491179633812604,0.7435124461008324
Kharkiv,s1__vh__blk14__std_std,0.114254146182446,0.05882375950223261
Kharkiv,s1__vh__blk15__kurtosis_std,0.8582217261702667,0.5605602441928415
Kharkiv,s1__vh__blk15__max_std,0.114254146182446,0.05882375950223261
Kharkiv,s1__vh__blk15__mean_mean,0.2972445572615474,0.16089939298562075
Kharkiv,s1__vh__blk15__median_std,0.2972445572615474,0.16089939298562075
Kharkiv,s1__vh__blk15__skewness_std,2.209877650871661e-06,1.1049394358750585e-06
Kharkiv,s1__vh__blk15__std_mean,2.209877650871661e-06,1.1049394358750585e-06
Kharkiv,s1__vh__blk15__std_std,0.114254146182446,0.05882375950223261
Kharkiv,s1__vh__blk16__kurtosis_mean,0.796938974558191,0.5082780171384585
Kharkiv,s1__vh__blk16__kurtosis_std,0.5969932598079282,0.35452957532281354
Kharkiv,s1__vh__blk16__max_mean,1.0491179633812604,0.7435124461008324
Kharkiv,s1__vh__blk16__max_std,0.5969932598079282,0.35452957532281354
Kharkiv,s1__vh__blk16__median_mean,0.796938974558191,0.5082780171384585
Kharkiv,s1__vh__blk16__median_std,2.209877650871661e-06,1.1049394358750585e-06
Kharkiv,s1__vh__blk16__min_mean,0.8583684710760406,0.5606887755723591
Kharkiv,s1__vh__blk16__min_std,2.209877650871661e-06,1.1049394358750585e-06
Kharkiv,s1__vv__blk10__kurtosis_mean,0.060427102765686413,0.030679387787399277
Kharkiv,s1__vv__blk10__max_mean,2.209877650871661e-06,1.1049394358750585e-06
Kharkiv,s1__vv__blk10__mean_mean,0.2991769710891088,0.16203491199967965
Kharkiv,s1__vv__blk10__mean_std,0.7856606637122154,0.49894700779815826
Kharkiv,s1__vv__blk10__median_std,0.2972445572615474,0.16089939298562075
Kharkiv,s1__vv__blk10__min_mean,0.11571983948590048,0.059601310305185964
Kharkiv,s1__vv__blk10__min_std,2.209877650871661e-06,1.1049394358750585e-06
Kharkiv,s1__vv__blk10__skewness_mean,2.209877650871661e-06,1.1049394358750585e-06
Kharkiv,s1__vv__blk10__skewness_std,2.209877650871661e-06,1.1049394358750585e-06
Kharkiv,s1__vv__blk10__std_std,0.2991769710891088,0.16203491199967965
Kharkiv,s1__vv__blk11__kurtosis_mean,0.796938974558191,0.5082780171384585
Kharkiv,s1__vv__blk11__mean_std,0.796938974558191,0.5082780171384585
Kharkiv,s1__vv__blk11__median_std,0.2972445572615474,0.16089939298562075
Kharkiv,s1__vv__blk11__skewness_mean,0.11571983948590048,0.059601310305185964
Kharkiv,s1__vv__blk11__skewness_std,0.4618423386892543,0.2625618041251798
Kharkiv,s1__vv__blk11__std_std,2.209877650871661e-06,1.1049394358750585e-06
Kharkiv,s1__vv__blk12__max_mean,0.2991769710891088,0.16203491199967965
Kharkiv,s1__vv__blk12__max_std,0.5988807088442101,0.35587576968085893
Kharkiv,s1__vv__blk12__mean_mean,0.2972445572615474,0.16089939298562075
Kharkiv,s1__vv__blk12__min_mean,0.7856606637122154,0.49894700779815826
Kharkiv,s1__vv__blk12__std_std,0.7856606637122154,0.49894700779815826
Kharkiv,s1__vv__blk13__kurtosis_mean,0.2972445572615474,0.16089939298562075
Kharkiv,s1__vv__blk13__max_mean,0.8583684710760406,0.5606887755723591
Kharkiv,s1__vv__blk13__max_std,0.2972445572615474,0.16089939298562075
Kharkiv,s1__vv__blk13__mean_std,0.7856606637122154,0.49894700779815826
Kharkiv,s1__vv__blk13__median_mean,0.7856606637122154,0.49894700779815826
Kharkiv,s1__vv__blk13__min_mean,2.209877650871661e-06,1.1049394358750585e-06
Kharkiv,s1__vv__blk13__min_std,0.2991769710891088,0.16203491199967965
Kharkiv,s1__vv__blk13__skewness_std,2.209877650871661e-06,1.1049394358750585e-06
Kharkiv,s1__vv__blk13__std_std,0.7856606637122154,0.49894700779815826
Kharkiv,s1__vv__blk14__kurtosis_mean,0.5969932598079282,0.35452957532281354
Kharkiv,s1__vv__blk14__max_mean,0.8583684710760406,0.5606887755723591
Kharkiv,s1__vv__blk14__max_std,2.209877650871661e-06,1.1049394358750585e-06
Kharkiv,s1__vv__blk14__min_std,0.5969932598079282,0.35452957532281354
Kharkiv,s1__vv__blk14__skewness_std,0.114254146182446,0.05882375950223261
Kharkiv,s1__vv__blk14__std_mean,0.8583684710760406,0.5606887755723591
Kharkiv,s1__vv__blk14__std_std,0.5969932598079282,0.35452957532281354
Kharkiv,s1__vv__blk15__kurtosis_mean,0.796938974558191,0.5082780171384585
Kharkiv,s1__vv__blk15__kurtosis_std,2.209877650871661e-06,1.1049394358750585e-06
Kharkiv,s1__vv__blk15__max_std,0.2991769710891088,0.16203491199967965
Kharkiv,s1__vv__blk15__median_std,0.2991769710891088,0.16203491199967965
Kharkiv,s1__vv__blk15__skewness_mean,0.796938974558191,0.5082780171384585
Kharkiv,s1__vv__blk15__skewness_std,0.2991769710891088,0.16203491199967965
Kharkiv,s1__vv__blk15__std_mean,0.7985800293864986,0.5096430144795092
Kharkiv,s1__vv__blk15__std_std,0.11571983948590048,0.059601310305185964
Kharkiv,s1__vv__blk16__kurtosis_std,0.114254146182446,0.05882375950223261
Kharkiv,s1__vv__blk16__max_mean,0.8583684710760406,0.5606887755723591
Kharkiv,s1__vv__blk16__max_std,0.05930783762426106,0.030102486387482908
Kharkiv,s1__vv__blk16__mean_mean,0.20575751211117543,0.1085642600101656
Kharkiv,s1__vv__blk16__median_mean,0.796938974558191,0.5082780171384585
Kharkiv,s1__vv__blk16__median_std,0.114254146182446,0.05882375950223261
Kharkiv,s1__vv__blk16__skewness_mean,0.9604938732099049,0.6544014582834186
Kharkiv,s1__vv__blk16__std_mean,0.060427102765686413,0.030679387787399277
Kharkiv,s1__vv__blk16__std_std,0.7856606637122154,0.49894700779815826
Kramatorsk,s1__vh__baseline__kurtosis_mean,0.05490443207094686,0.02783606951459674
Kramatorsk,s1__vh__baseline__kurtosis_std,0.4274833801615716,0.24046990196869442
Kramatorsk,s1__vh__baseline__kurtosis_max,0.4585408087719489,0.2604176859830731
Kramatorsk,s1__vh__baseline__max_mean,0.18998609743973294,0.09981265433918618
Kramatorsk,s1__vh__baseline__max_std,0.41761235653055406,0.2342123074317229
Kramatorsk,s1__vh__baseline__max_max,0.3609791946154244,0.19904818692849943
Kramatorsk,s1__vh__baseline__mean_mean,0.22166466727830647,0.11746946017036297
Kramatorsk,s1__vh__baseline__mean_std,0.4074998715771332,0.22784199145346465
Kramatorsk,s1__vh__baseline__mean_max,0.326149695954115,0.17802063659763634
Kramatorsk,s1__vh__baseline__skewness_mean,0.010417221146090228,0.00522222267241908
Kramatorsk,s1__vh__baseline__skewness_std,0.43658203796404393,0.24627275473655258
Kramatorsk,s1__vh__baseline__skewness_max,0.4224183940706303,0.23725413528921357
Kramatorsk,s1__vh__baseline__std_mean,0.17613043532467731,0.09218680205947977
Kramatorsk,s1__vh__baseline__std_std,0.28507835493380385,0.15377978899381975
Kramatorsk,s1__vh__baseline__std_max,0.3420020652384581,0.18753636946791824
Kramatorsk,s1__vv__baseline__kurtosis_mean,0.06557976717261349,0.03333952025145967
Kramatorsk,s1__vv__baseline__kurtosis_std,0.3458902149861294,0.18988421069936692
Kramatorsk,s1__vv__baseline__kurtosis_max,0.41180590533017813,0.2305495993413652
Kramatorsk,s1__vv__baseline__max_mean,0.03078715363050466,0.01551328803037433
Kramatorsk,s1__vv__baseline__max_std,0.29444079337181295,0.15925414317119882
Kramatorsk,s1__vv__baseline__max_max,0.05828814677732885,0.02957719800106969
Kramatorsk,s1__vv__baseline__mean_mean,0.027843043576382343,0.014019335039911677
Kramatorsk,s1__vv__baseline__mean_std,0.30767243885586626,0.16704234405600837
Kramatorsk,s1__vv__baseline__mean_max,0.040566228150370254,0.02049164096828104
Kramatorsk,s1__vv__baseline__skewness_mean,0.10507036759651278,0.05396547601132639
Kramatorsk,s1__vv__baseline__skewness_std,0.3205118152593247,0.17465808550068168
Kramatorsk,s1__vv__baseline__skewness_max,0.4157123904086615,0.23301233193815574
Kramatorsk,s1__vv__baseline__std_mean,0.004376789419764826,0.0021907927447889033
Kramatorsk,s1__vv__baseline__std_std,0.36438224894155424,0.20112661817673522
Kramatorsk,s1__vv__baseline__std_max,0.21223925277656863,0.11218332303973975
Kramatorsk,s1__coh__baseline__max_std,0.28381037603589343,0.15304068212364752
Kramatorsk,s1__coh__baseline__mean_std,0.0003640315114610271,0.00018203232260848395
Kramatorsk,s1__coh__baseline__median_std,0.28381037603589343,0.15304068212364752
Kramatorsk,s1__coh__baseline__std_std,0.28381037603589343,0.15304068212364752
Kramatorsk,s1__coh__post_baseline__max_mean,0.17170557818853638,0.08976365823701989
Kramatorsk,s1__coh__post_baseline__max_std,0.14859139434988355,0.07720042273455421
Kramatorsk,s1__coh__post_baseline__max_max,0.5268998505395519,0.30577805526138346
Kramatorsk,s1__coh__post_baseline__mean_mean,0.07402149750996312,0.037713028985641245
Kramatorsk,s1__coh__post_baseline__mean_std,0.19736684802590343,0.10389872239056623
Kramatorsk,s1__coh__post_baseline__mean_max,0.25036798181134956,0.13374169005624864
Kramatorsk,s1__coh__post_baseline__median_mean,0.07872626935292582,0.04015881309499238
Kramatorsk,s1__coh__post_baseline__median_std,0.20850257940617523,0.11009536260060836
Kramatorsk,s1__coh__post_baseline__median_max,0.2841744553681418,0.15325284862975472
Kramatorsk,s1__coh__post_baseline__min_mean,0.12125247919544124,0.06254183807414074
Kramatorsk,s1__coh__post_baseline__min_std,0.08521978641671857,0.04354433548881602
Kramatorsk,s1__coh__post_baseline__min_max,0.19099520834615746,0.10037032536431263
Kramatorsk,s1__coh__post_baseline__std_mean,0.12210273264524552,0.06299450448913035
Kramatorsk,s1__coh__post_baseline__std_std,0.1398436133180032,0.0724866175079762
Kramatorsk,s1__coh__post_baseline__std_max,0.2369416475037751,0.12609717928229566
Kramatorsk,s1__vh__blk01__kurtosis_mean,0.008880925139848728,0.004450350706633233
Kramatorsk,s1__vh__blk01__kurtosis_std,0.11436399863197866,0.058882015310730354
Kramatorsk,s1__vh__blk01__kurtosis_max,0.21890332098609333,0.1159178941693431
Kramatorsk,s1__vh__blk01__skewness_mean,0.06893352466597058,0.03507475236481721
Kramatorsk,s1__vh__blk01__skewness_std,0.25045826667864635,0.1337932935910991
Kramatorsk,s1__vh__blk01__skewness_max,0.04143215588889326,0.02093366618291833
Kramatorsk,s1__vh__blk01__std_mean,0.3109262074576493,0.16896685361030556
Kramatorsk,s1__vh__blk01__std_std,0.5099816830673829,0.29435876743477163
Kramatorsk,s1__vh__blk01__std_max,0.5747123567761765,0.3387735323153782
Kramatorsk,s1__vh__blk_pre01__kurtosis_mean,0.05490443207094686,0.02783606951459674
Kramatorsk,s1__vh__blk_pre01__kurtosis_std,0.4274833801615716,0.24046990196869442
Kramatorsk,s1__vh__blk_pre01__kurtosis_max,0.4585408087719489,0.2604176859830731
Kramatorsk,s1__vh__blk_pre01__max_mean,0.18998609743973294,0.09981265433918618
Kramatorsk,s1__vh__blk_pre01__max_std,0.41761235653055406,0.2342123074317229
Kramatorsk,s1__vh__blk_pre01__max_max,0.3609791946154244,0.19904818692849943
Kramatorsk,s1__vh__blk_pre01__mean_mean,0.22166466727830647,0.11746946017036297
Kramatorsk,s1__vh__blk_pre01__mean_std,0.4074998715771332,0.22784199145346465
Kramatorsk,s1__vh__blk_pre01__mean_max,0.326149695954115,0.17802063659763634
Kramatorsk,s1__vh__blk_pre01__skewness_mean,0.010417221146090228,0.00522222267241908
Kramatorsk,s1__vh__blk_pre01__skewness_std,0.43658203796404393,0.24627275473655258
Kramatorsk,s1__vh__blk_pre01__skewness_max,0.4224183940706303,0.23725413528921357
Kramatorsk,s1__vh__blk_pre01__std_mean,0.17613043532467731,0.09218680205947977
Kramatorsk,s1__vh__blk_pre01__std_std,0.28507835493380385,0.15377978899381975
Kramatorsk,s1__vh__blk_pre01__std_max,0.3420020652384581,0.18753636946791824
Kramatorsk,s1__vv__blk01__kurtosis_mean,0.0016331028359446442,0.0008168849776728566
Kramatorsk,s1__vv__blk01__kurtosis_std,0.1805620951299276,0.09461957065119239
Kramatorsk,s1__vv__blk01__kurtosis_max,0.29745870746443814,0.16102516775347275
Kramatorsk,s1__vv__blk01__skewness_mean,0.018951222360366726,0.009520790410859256
Kramatorsk,s1__vv__blk01__skewness_std,0.34465790360167947,0.1891394883190079
Kramatorsk,s1__vv__blk01__skewness_max,0.12568703027796757,0.06490500443262034
Kramatorsk,s1__vv__blk01__std_mean,0.10068184659912283,0.05165222542670693
Kramatorsk,s1__vv__blk01__std_std,0.44366702555904314,0.2508147838405087
Kramatorsk,s1__vv__blk01__std_max,0.3795448647828594,0.21044012310915589
Kramatorsk,s1__vv__blk_pre01__kurtosis_mean,0.06557976717261349,0.03333952025145967
Kramatorsk,s1__vv__blk_pre01__kurtosis_std,0.3458902149861294,0.18988421069936692
Kramatorsk,s1__vv__blk_pre01__kurtosis_max,0.41180590533017813,0.2305495993413652
Kramatorsk,s1__vv__blk_pre01__max_mean,0.03078715363050466,0.01551328803037433
Kramatorsk,s1__vv__blk_pre01__max_std,0.29444079337181295,0.15925414317119882
Kramatorsk,s1__vv__blk_pre01__max_max,0.05828814677732885,0.02957719800106969
Kramatorsk,s1__vv__blk_pre01__mean_mean,0.027843043576382343,0.014019335039911677
Kramatorsk,s1__vv__blk_pre01__mean_std,0.30767243885586626,0.16704234405600837
Kramatorsk,s1__vv__blk_pre01__mean_max,0.040566228150370254,0.02049164096828104
Kramatorsk,s1__vv__blk_pre01__skewness_mean,0.10507036759651278,0.05396547601132639
Kramatorsk,s1__vv__blk_pre01__skewness_std,0.3205118152593247,0.17465808550068168
Kramatorsk,s1__vv__blk_pre01__skewness_max,0.4157123904086615,0.23301233193815574
Kramatorsk,s1__vv__blk_pre01__std_mean,0.004376789419764826,0.0021907927447889033
Kramatorsk,s1__vv__blk_pre01__std_std,0.36438224894155424,0.20112661817673522
Kramatorsk,s1__vv__blk_pre01__std_max,0.21223925277656863,0.11218332303973975
Kramatorsk,s1__vh__baseline__median_mean,0.21241772277955784,0.11228315681899806
Kramatorsk,s1__vh__baseline__median_std,0.4017340128500231,0.22422789703585713
Kramatorsk,s1__vh__baseline__median_max,0.3019629486573283,0.1636742723301321
Kramatorsk,s1__vh__baseline__min_mean,0.2495652651797673,0.13328300357836023
Kramatorsk,s1__vh__baseline__min_std,0.42596708909821546,0.2395061216970586
Kramatorsk,s1__vh__baseline__min_max,0.3177895988242494,0.17303853695370794
Kramatorsk,s1__vv__baseline__median_mean,0.029436044022885355,0.014827406708477249
Kramatorsk,s1__vv__baseline__median_std,0.3172860494698444,0.17273924383116948
Kramatorsk,s1__vv__baseline__median_max,0.040215258162253686,0.020312538941778074
Kramatorsk,s1__vv__baseline__min_mean,0.029357734665380386,0.014787667931504999
Kramatorsk,s1__vv__baseline__min_std,0.30291632339424934,0.1642358869756035
Kramatorsk,s1__vv__baseline__min_max,0.048688192625579774,0.02464531242965133
Kramatorsk,s1__vh__blk01__max_mean,0.16369026446549917,0.08538920131859129
Kramatorsk,s1__vh__blk01__max_std,0.5424764150553845,0.31640835966817626
Kramatorsk,s1__vh__blk01__max_max,0.43663841793903924,0.2463088173845303
Kramatorsk,s1__vh__blk01__mean_mean,0.15916676484167214,0.08292886624774853
Kramatorsk,s1__vh__blk01__mean_std,0.4337659345996794,0.24447312711040742
Kramatorsk,s1__vh__blk01__mean_max,0.21866984604548168,0.11578681782622474
Kramatorsk,s1__vh__blk01__median_mean,0.16513773856629488,0.0861777637596853
Kramatorsk,s1__vh__blk01__median_std,0.37660284162502666,0.2086262156323494
Kramatorsk,s1__vh__blk01__median_max,0.22826860815462502,0.12118992460455658
Kramatorsk,s1__vh__blk01__min_mean,0.19702876815750203,0.10371119218292077
Kramatorsk,s1__vh__blk01__min_std,0.4476826428080427,0.25339829697588495
Kramatorsk,s1__vh__blk01__min_max,0.07450934161232214,0.03796635782437289
Kramatorsk,s1__vh__blk02__kurtosis_mean,0.2324535794890774,0.12355479874371461
Kramatorsk,s1__vh__blk02__kurtosis_std,0.2669413822947866,0.14325934598696033
Kramatorsk,s1__vh__blk02__kurtosis_max,0.3769649937675772,0.2088493234169512
Kramatorsk,s1__vh__blk02__max_mean,0.20308265132241776,0.1070745678743892
Kramatorsk,s1__vh__blk02__max_std,0.5542044998247511,0.3244874913232044
Kramatorsk,s1__vh__blk02__max_max,0.26672899312517306,0.1431368018593776
Kramatorsk,s1__vh__blk02__mean_mean,0.20632008413533143,0.10887785209241235
Kramatorsk,s1__vh__blk02__mean_std,0.5742412823100818,0.3384430750651281
Kramatorsk,s1__vh__blk02__mean_max,0.27307952590383855,0.14680743103924992
Kramatorsk,s1__vh__blk02__median_mean,0.21048746876968027,0.11120392671714513
Kramatorsk,s1__vh__blk02__median_std,0.5780620976742676,0.34112651938296545
Kramatorsk,s1__vh__blk02__median_max,0.2663705629736881,0.14293002917665304
Kramatorsk,s1__vh__blk02__min_mean,0.1876052254866034,0.0984981299394195
Kramatorsk,s1__vh__blk02__min_std,0.5931264511978209,0.3517772793860662
Kramatorsk,s1__vh__blk02__min_max,0.27649861622754157,0.14878927070039125
Kramatorsk,s1__vh__blk02__skewness_mean,0.018211265983350433,0.009147342656092848
Kramatorsk,s1__vh__blk02__skewness_std,0.4326689284850269,0.2437729622109804
Kramatorsk,s1__vh__blk02__skewness_max,0.3261787979026498,0.17803802298007093
Kramatorsk,s1__vh__blk02__std_mean,0.018772383173137897,0.009430519480946227
Kramatorsk,s1__vh__blk02__std_std,0.38051745809466664,0.21104050091758675
Kramatorsk,s1__vh__blk02__std_max,0.3004662178432531,0.16279321290017734
Kramatorsk,s1__vh__blk_pre01__median_mean,0.21241772277955784,0.11228315681899806
Kramatorsk,s1__vh__blk_pre01__median_std,0.4017340128500231,0.22422789703585713
Kramatorsk,s1__vh__blk_pre01__median_max,0.3019629486573283,0.1636742723301321
Kramatorsk,s1__vh__blk_pre01__min_mean,0.2495652651797673,0.13328300357836023
Kramatorsk,s1__vh__blk_pre01__min_std,0.42596708909821546,0.2395061216970586
Kramatorsk,s1__vh__blk_pre01__min_max,0.3177895988242494,0.17303853695370794
Kramatorsk,s1__vv__blk01__max_mean,0.013473241639490041,0.00675941427469641
Kramatorsk,s1__vv__blk01__max_std,0.47032490097024704,0.26809182128113895
Kramatorsk,s1__vv__blk01__max_max,0.2084191245001008,0.11004877980269379
Kramatorsk,s1__vv__blk01__mean_mean,0.039323061183645924,0.01985738999928855
Kramatorsk,s1__vv__blk01__mean_std,0.3791877408635804,0.2102197624432348
Kramatorsk,s1__vv__blk01__mean_max,0.055262754913552925,0.028020305115890744
Kramatorsk,s1__vv__blk01__median_mean,0.07068510937195804,0.03598221961229365
Kramatorsk,s1__vv__blk01__median_std,0.28505270159358065,0.15376483020638704
Kramatorsk,s1__vv__blk01__median_max,0.0398574675214296,0.02012998930920607
Kramatorsk,s1__vv__blk01__min_mean,0.20528602906856674,0.10830151898740271
Kramatorsk,s1__vv__blk01__min_std,0.42976511882226576,0.24192196654387652
Kramatorsk,s1__vv__blk01__min_max,0.05958528237469918,0.030245458358876126
Kramatorsk,s1__vv__blk02__kurtosis_mean,0.022335629882988206,0.011230643194253103
Kramatorsk,s1__vv__blk02__kurtosis_std,0.3154757121492593,0.1716639783662103
Kramatorsk,s1__vv__blk02__kurtosis_max,0.42457533382293877,0.23862231530703196
Kramatorsk,s1__vv__blk02__max_mean,0.11611391775245727,0.059810472132242054
Kramatorsk,s1__vv__blk02__max_std,0.5903019859814076,0.3497716735633912
Kramatorsk,s1__vv__blk02__max_max,0.29780365438789413,0.16122779536317233
Kramatorsk,s1__vv__blk02__mean_mean,0.12317692466273988,0.06356668667515761
Kramatorsk,s1__vv__blk02__mean_std,0.5985682132023604,0.3556527616896018
Kramatorsk,s1__vv__blk02__mean_max,0.30771199388299864,0.1670657174798718
Kramatorsk,s1__vv__blk02__median_mean,0.12523687282173612,0.06466486128974475
Kramatorsk,s1__vv__blk02__median_std,0.6070773783696626,0.3617430353091893
Kramatorsk,s1__vv__blk02__median_max,0.3051610060359682,0.16555943305103532
Kramatorsk,s1__vv__blk02__min_mean,0.1211220334520311,0.062472408194073265
Kramatorsk,s1__vv__blk02__min_std,0.5855712458414599,0.3464214382849307
Kramatorsk,s1__vv__blk02__min_max,0.3038342577240922,0.16477692256651907
Kramatorsk,s1__vv__blk02__skewness_mean,0.0013100966861496754,0.0006552629809779408
Kramatorsk,s1__vv__blk02__skewness_std,0.39653775153496906,0.22098198389460535
Kramatorsk,s1__vv__blk02__skewness_max,0.29190260390865097,0.15776706334665677
Kramatorsk,s1__vv__blk02__std_mean,0.02980246912519835,0.01501337335710169
Kramatorsk,s1__vv__blk02__std_std,0.22984143509318122,0.12207805329355856
Kramatorsk,s1__vv__blk02__std_max,0.22573032458647346,0.1197582927727895
Kramatorsk,s1__vv__blk_pre01__median_mean,0.029436044022885355,0.014827406708477249
Kramatorsk,s1__vv__blk_pre01__median_std,0.3172860494698444,0.17273924383116948
Kramatorsk,s1__vv__blk_pre01__median_max,0.040215258162253686,0.020312538941778074
Kramatorsk,s1__vv__blk_pre01__min_mean,0.029357734665380386,0.014787667931504999
Kramatorsk,s1__vv__blk_pre01__min_std,0.30291632339424934,0.1642358869756035
Kramatorsk,s1__vv__blk_pre01__min_max,0.048688192625579774,0.02464531242965133
Kramatorsk,s1__vh__blk03__kurtosis_mean,0.016073416109339878,0.008069176469301317
Kramatorsk,s1__vh__blk03__kurtosis_std,0.17676245263011015,0.09253338760925534
Kramatorsk,s1__vh__blk03__kurtosis_max,0.3029256646782217,0.16424139130624438
Kramatorsk,s1__vh__blk03__max_mean,0.11766629446067678,0.06063484080088303
Kramatorsk,s1__vh__blk03__max_std,0.5069520045773721,0.2923275155519939
Kramatorsk,s1__vh__blk03__max_max,0.2634207417867245,0.14122994589261606
Kramatorsk,s1__vh__blk03__mean_mean,0.1698069872280854,0.08872574780827655
Kramatorsk,s1__vh__blk03__mean_std,0.5478266361585402,0.32008587469951855
Kramatorsk,s1__vh__blk03__mean_max,0.28005771901441956,0.15085644786417435
Kramatorsk,s1__vh__blk03__median_mean,0.16714081792756907,0.0872700384001005
Kramatorsk,s1__vh__blk03__median_std,0.5359326093958452,0.3119287342468188
Kramatorsk,s1__vh__blk03__median_max,0.28214530405591365,0.15207093802290098
Kramatorsk,s1__vh__blk03__min_mean,0.19840637609853728,0.10447556073404468
Kramatorsk,s1__vh__blk03__min_std,0.5690406295061308,0.3348020727759361
Kramatorsk,s1__vh__blk03__min_max,0.23105645456362645,0.12276467915531586
Kramatorsk,s1__vh__blk03__skewness_mean,0.00700826318342429,0.0035102854409556823
Kramatorsk,s1__vh__blk03__skewness_std,0.18216628419923975,0.09550165444400556
Kramatorsk,s1__vh__blk03__skewness_max,0.2661807745065794,0.14282056052360587
Kramatorsk,s1__vh__blk03__std_mean,0.15761017040735137,0.08208363124588851
Kramatorsk,s1__vh__blk03__std_std,0.2852376109540078,0.1538726582020235
Kramatorsk,s1__vh__blk03__std_max,0.436509709299687,0.24622649264088248
Kramatorsk,s1__vh__blk04__kurtosis_mean,0.017921070782596527,0.009000922429219984
Kramatorsk,s1__vh__blk04__kurtosis_std,0.2800368984308059,0.15084434254074333
Kramatorsk,s1__vh__blk04__kurtosis_max,0.390587074808032,0.21727771079981079
Kramatorsk,s1__vh__blk04__max_mean,0.06814177755660178,0.03466483129081273
Kramatorsk,s1__vh__blk04__max_std,0.5211084395352066,0.30185431901570914
Kramatorsk,s1__vh__blk04__max_max,0.2310014125913462,0.1227335639079671
Kramatorsk,s1__vh__blk04__mean_mean,0.1281322688249542,0.06621046142441432
Kramatorsk,s1__vh__blk04__mean_std,0.5970771503173704,0.354589370486434
Kramatorsk,s1__vh__blk04__mean_max,0.2597571500066893,0.13912250811067622
Kramatorsk,s1__vh__blk04__median_mean,0.12723769272112517,0.06573266996749558
Kramatorsk,s1__vh__blk04__median_std,0.6045479439179096,0.3599287632418152
Kramatorsk,s1__vh__blk04__median_max,0.2658831821428862,0.14264893546437546
Kramatorsk,s1__vh__blk04__min_mean,0.16489159137749287,0.08604362253006759
Kramatorsk,s1__vh__blk04__min_std,0.6555275460144845,0.3971454719675391
Kramatorsk,s1__vh__blk04__min_max,0.24331587977741087,0.1297191711135598
Kramatorsk,s1__vh__blk04__skewness_mean,0.015743717192857387,0.007903005237623374
Kramatorsk,s1__vh__blk04__skewness_std,0.3507635818733681,0.19283477665468063
Kramatorsk,s1__vh__blk04__skewness_max,0.24239176048336186,0.1291932505464856
Kramatorsk,s1__vh__blk04__std_mean,0.26714480998616175,0.1433767336099045
Kramatorsk,s1__vh__blk04__std_std,0.5820363395762296,0.3439253801241146
Kramatorsk,s1__vh__blk04__std_max,0.6157268881637852,0.3679720076907117
Kramatorsk,s1__vh__blk05__kurtosis_mean,0.08815128971068975,0.045076495479120675
Kramatorsk,s1__vh__blk05__kurtosis_std,0.18923191916368864,0.09939607124171747
Kramatorsk,s1__vh__blk05__kurtosis_max,0.28374100474216934,0.1530002612454761
Kramatorsk,s1__vh__blk05__max_mean,0.12053747378937829,0.06216133490601282
Kramatorsk,s1__vh__blk05__max_std,0.5027128573734436,0.2894922814742438
Kramatorsk,s1__vh__blk05__max_max,0.24405641432926717,0.130140812474291
Kramatorsk,s1__vh__blk05__mean_mean,0.10178809318459181,0.05223483917786602
Kramatorsk,s1__vh__blk05__mean_std,0.5173869212977167,0.29934105589453575
Kramatorsk,s1__vh__blk05__mean_max,0.2682047342949825,0.14398858427445704
Kramatorsk,s1__vh__blk05__median_mean,0.10572330703818422,0.05431010725706412
Kramatorsk,s1__vh__blk05__median_std,0.5172932323925212,0.29927786614767377
Kramatorsk,s1__vh__blk05__median_max,0.2619369086537977,0.14037585325582058
Kramatorsk,s1__vh__blk05__min_mean,0.07150213737615063,0.03640579020457771
Kramatorsk,s1__vh__blk05__min_std,0.5334754662499805,0.31025184180660625
Kramatorsk,s1__vh__blk05__min_max,0.27629539938520176,0.14867136835078085
Kramatorsk,s1__vh__blk05__skewness_mean,0.1526691025690201,0.07940534139280392
Kramatorsk,s1__vh__blk05__skewness_std,0.21113438686048291,0.11156549727886365
Kramatorsk,s1__vh__blk05__skewness_max,0.39136242764634277,0.21775958816867477
Kramatorsk,s1__vh__blk05__std_mean,0.019996528739436803,0.010048582693137624
Kramatorsk,s1__vh__blk05__std_std,0.35866095003396015,0.1976347779919053
Kramatorsk,s1__vh__blk05__std_max,0.2755579073920098,0.14824360696470806
Kramatorsk,s1__vh__blk06__kurtosis_mean,0.08425180704576385,0.04303893294962227
Kramatorsk,s1__vh__blk06__kurtosis_std,0.12707712426200546,0.06564693480750615
Kramatorsk,s1__vh__blk06__kurtosis_max,0.1642986619416178,0.08572057149667218
Kramatorsk,s1__vh__blk06__max_mean,0.08117592474157309,0.041434642953890155
Kramatorsk,s1__vh__blk06__max_std,0.46075579065052996,0.26185565775266134
Kramatorsk,s1__vh__blk06__max_max,0.2729621556417785,0.14673946828389298
Kramatorsk,s1__vh__blk06__mean_mean,0.08751766491676816,0.04474513044183597
Kramatorsk,s1__vh__blk06__mean_std,0.483734180354523,0.27689656593645146
Kramatorsk,s1__vh__blk06__mean_max,0.2876577943411427,0.1552850363320589
Kramatorsk,s1__vh__blk06__median_mean,0.07252799323516723,0.03693787728926357
Kramatorsk,s1__vh__blk06__median_std,0.4970371232391313,0.28570876952137686
Kramatorsk,s1__vh__blk06__median_max,0.28205169247743056,0.15201644620342727
Kramatorsk,s1__vh__blk06__min_mean,0.09668062264341448,0.049547777974101134
Kramatorsk,s1__vh__blk06__min_std,0.4999657130795623,0.2876592147660614
Kramatorsk,s1__vh__blk06__min_max,0.29676251336269477,0.1606163366716081
Kramatorsk,s1__vh__blk06__skewness_mean,0.14996428629343184,0.07794223694979223
Kramatorsk,s1__vh__blk06__skewness_std,0.3355919503912659,0.18367764610232468
Kramatorsk,s1__vh__blk06__skewness_max,0.28280909247092345,0.15245741814566915
Kramatorsk,s1__vh__blk06__std_mean,0.3392187357001124,0.185859047763789
Kramatorsk,s1__vh__blk06__std_std,0.4492889177192396,0.25443359206647176
Kramatorsk,s1__vh__blk06__std_max,0.5503292658138292,0.3218107297856065
Kramatorsk,s1__vh__blk07__kurtosis_mean,0.05511102206465579,0.027942285871740205
Kramatorsk,s1__vh__blk07__kurtosis_std,0.3436875708904583,0.1885534774706447
Kramatorsk,s1__vh__blk07__kurtosis_max,0.33937227163373285,0.18595150005380742
Kramatorsk,s1__vh__blk07__max_mean,0.06937919679727833,0.03530556967400919
Kramatorsk,s1__vh__blk07__max_std,0.3808112832063748,0.21122194885659884
Kramatorsk,s1__vh__blk07__max_max,0.17653071635368356,0.09240629415893048
Kramatorsk,s1__vh__blk07__mean_mean,0.11400971901828494,0.05869414960601108
Kramatorsk,s1__vh__blk07__mean_std,0.5333675830002356,0.31017828062211794
Kramatorsk,s1__vh__blk07__mean_max,0.28564099383245245,0.1541079271434312
Kramatorsk,s1__vh__blk07__median_mean,0.10090507519655012,0.051769763247416944
Kramatorsk,s1__vh__blk07__median_std,0.517721754817996,0.2995669215234076
Kramatorsk,s1__vh__blk07__median_max,0.3007232432644571,0.16294445723624887
Kramatorsk,s1__vh__blk07__min_mean,0.13971233959344076,0.07241604866030343
Kramatorsk,s1__vh__blk07__min_std,0.5189097523639006,0.3003687101719859
Kramatorsk,s1__vh__blk07__min_max,0.1482161046318442,0.07699773831065723
Kramatorsk,s1__vh__blk07__skewness_mean,0.013473835253868804,0.006759713094969027
Kramatorsk,s1__vh__blk07__skewness_std,0.4157969129899366,0.23306568388985052
Kramatorsk,s1__vh__blk07__skewness_max,0.517366764729666,0.29932746068798854
Kramatorsk,s1__vh__blk07__std_mean,0.22923053923505843,0.12173300484312138
Kramatorsk,s1__vh__blk07__std_std,0.22895837356328586,0.12157931755398743
Kramatorsk,s1__vh__blk07__std_max,0.2831059188031373,0.1526302888427704
Kramatorsk,s1__vh__blk08__kurtosis_mean,0.01279464589544066,0.006417873510779719
Kramatorsk,s1__vh__blk08__kurtosis_std,0.24053975387676907,0.12814009688437675
Kramatorsk,s1__vh__blk08__kurtosis_max,0.29184165646124627,0.15773138250069188
Kramatorsk,s1__vh__blk08__max_mean,0.041163053864408106,0.02079627827468977
Kramatorsk,s1__vh__blk08__max_std,0.5472708064775114,0.31970319082160104
Kramatorsk,s1__vh__blk08__max_max,0.32793694301701537,0.17908895310200204
Kramatorsk,s1__vh__blk08__mean_mean,0.08645759340159254,0.04419099312497389
Kramatorsk,s1__vh__blk08__mean_std,0.5682920192640235,0.3342790568838867
Kramatorsk,s1__vh__blk08__mean_max,0.29662899818573774,0.16053795068890528
Kramatorsk,s1__vh__blk08__median_mean,0.08980216696893861,0.04594036636201246
Kramatorsk,s1__vh__blk08__median_std,0.5613468705507607,0.32943983143442623
Kramatorsk,s1__vh__blk08__median_max,0.28385980305779857,0.15306948298165796
Kramatorsk,s1__vh__blk08__min_mean,0.11629077267127985,0.059904354253022304
Kramatorsk,s1__vh__blk08__min_std,0.6388215515236595,0.38479634977918065
Kramatorsk,s1__vh__blk08__min_max,0.26984085252907364,0.14493378352357103
Kramatorsk,s1__vh__blk08__skewness_mean,0.007478829487608696,0.0037464238338364266
Kramatorsk,s1__vh__blk08__skewness_std,0.2674661690130493,0.14356220140348339
Kramatorsk,s1__vh__blk08__skewness_max,0.3774195107336906,0.20912940401782035
Kramatorsk,s1__vh__blk08__std_mean,0.13896366651058023,0.07201367945289794
Kramatorsk,s1__vh__blk08__std_std,0.6371079956502435,0.3835382647706572
Kramatorsk,s1__vh__blk08__std_max,0.5521204679506122,0.32304708615589717
Kramatorsk,s1__vh__blk09__kurtosis_mean,0.051801699731659046,0.026242183668218795
Kramatorsk,s1__vh__blk09__kurtosis_std,0.35846433536966194,0.19751499598276598
Kramatorsk,s1__vh__blk09__kurtosis_max,0.4505954705152382,0.25527649796868895
Kramatorsk,s1__vh__blk09__max_mean,0.09355380919828904,0.0479063047174042
Kramatorsk,s1__vh__blk09__max_std,0.5155654059478316,0.2981132255529815
Kramatorsk,s1__vh__blk09__max_max,0.25102334500733403,0.13411633224396957
Kramatorsk,s1__vh__blk09__mean_mean,0.1418402148386917,0.07356054539377625
Kramatorsk,s1__vh__blk09__mean_std,0.5912483499192578,0.35044322288035834
Kramatorsk,s1__vh__blk09__mean_max,0.2938015160679912,0.1588793936319381
Kramatorsk,s1__vh__blk09__median_mean,0.13955943718585195,0.07233385915410911
Kramatorsk,s1__vh__blk09__median_std,0.5836517992008639,0.345065310998814
Kramatorsk,s1__vh__blk09__median_max,0.2934055275153997,0.15864733234991746
Kramatorsk,s1__vh__blk09__min_mean,0.16768801562996716,0.08756863166170509
Kramatorsk,s1__vh__blk09__min_std,0.657682577088663,0.3987496402390125
Kramatorsk,s1__vh__blk09__min_max,0.28961814742515335,0.15643052937503554
Kramatorsk,s1__vh__blk09__skewness_mean,0.1378300583506249,0.07140473752961303
Kramatorsk,s1__vh__blk09__skewness_std,0.4352148470201411,0.2453986484329103
Kramatorsk,s1__vh__blk09__skewness_max,0.3271736633210216,0.17863256748238274
Kramatorsk,s1__vh__blk09__std_mean,0.15026333929670677,0.07810389716759086
Kramatorsk,s1__vh__blk09__std_std,0.5478886110874617,0.32012855297262666
Kramatorsk,s1__vh__blk09__std_max,0.6040421958345115,0.35956640291907344
Kramatorsk,s1__vv__blk03__kurtosis_mean,0.10902676219772545,0.05605554338870256
Kramatorsk,s1__vv__blk03__kurtosis_std,0.37406528071349987,0.20706431828056346
Kramatorsk,s1__vv__blk03__kurtosis_max,0.37271392336863407,0.20623353702877328
Kramatorsk,s1__vv__blk03__max_mean,0.03655305814046583,0.01844560811497979
Kramatorsk,s1__vv__blk03__max_std,0.5452325851381896,0.3183011450428873
Kramatorsk,s1__vv__blk03__max_max,0.25459952711294176,0.13616315387956432
Kramatorsk,s1__vv__blk03__mean_mean,0.06420205809167445,0.03262756600137277
Kramatorsk,s1__vv__blk03__mean_std,0.5501974095640476,0.32171977792289896
Kramatorsk,s1__vv__blk03__mean_max,0.2578842391937268,0.13804685152106488
Kramatorsk,s1__vv__blk03__median_mean,0.05411601579426595,0.027430816144895308
Kramatorsk,s1__vv__blk03__median_std,0.5547412588350558,0.32485881539509265
Kramatorsk,s1__vv__blk03__median_max,0.26748488717968777,0.143573005387463
Kramatorsk,s1__vv__blk03__min_mean,0.11848817073500673,0.06107156238246379
Kramatorsk,s1__vv__blk03__min_std,0.5390089923895944,0.314032202765557
Kramatorsk,s1__vv__blk03__min_max,0.20389718016507508,0.10752796296732456
Kramatorsk,s1__vv__blk03__skewness_mean,0.052141550354472876,0.02641664243280599
Kramatorsk,s1__vv__blk03__skewness_std,0.32047700508391364,0.17463735905855302
Kramatorsk,s1__vv__blk03__skewness_max,0.27343853969181264,0.14701534513643455
Kramatorsk,s1__vv__blk03__std_mean,0.26157417948328976,0.14016717767478448
Kramatorsk,s1__vv__blk03__std_std,0.44609573779126777,0.2523765378425873
Kramatorsk,s1__vv__blk03__std_max,0.4751473871348464,0.2712494224727604
Kramatorsk,s1__vv__blk04__kurtosis_mean,0.025079484494718862,0.012619028330506207
Kramatorsk,s1__vv__blk04__kurtosis_std,0.19831614277158294,0.10442547670502075
Kramatorsk,s1__vv__blk04__kurtosis_max,0.29508530902253827,0.15963210569356284
Kramatorsk,s1__vv__blk04__max_mean,0.030016945540143114,0.015122239644070768
Kramatorsk,s1__vv__blk04__max_std,0.5766704678346426,0.34014831260090705
Kramatorsk,s1__vv__blk04__max_max,0.2888506618774378,0.155981908264888
Kramatorsk,s1__vv__blk04__mean_mean,0.04084238114587602,0.02063258600103851
Kramatorsk,s1__vv__blk04__mean_std,0.5556565680717418,0.3254923346219414
Kramatorsk,s1__vv__blk04__mean_max,0.25896100502624453,0.13866512199270048
Kramatorsk,s1__vv__blk04__median_mean,0.04010911612323742,0.020258380358682083
Kramatorsk,s1__vv__blk04__median_std,0.5523128075919193,0.3231799372761738
Kramatorsk,s1__vv__blk04__median_max,0.25244646026977535,0.1349303480034624
Kramatorsk,s1__vv__blk04__min_mean,0.04477792111920986,0.0226433982386352
Kramatorsk,s1__vv__blk04__min_std,0.5300941829718546,0.30794885187075427
Kramatorsk,s1__vv__blk04__min_max,0.24473701078390375,0.13052848346353335
Kramatorsk,s1__vv__blk04__skewness_mean,0.022703598554298043,0.011416722750347589
Kramatorsk,s1__vv__blk04__skewness_std,0.22863630173602756,0.12139747962262487
Kramatorsk,s1__vv__blk04__skewness_max,0.3950633567210582,0.220062899349668
Kramatorsk,s1__vv__blk04__std_mean,0.18832671180968696,0.09889629372670602
Kramatorsk,s1__vv__blk04__std_std,0.37011398538020335,0.2046370978675748
Kramatorsk,s1__vv__blk04__std_max,0.4072380213170512,0.2276775778185002
Kramatorsk,s1__vv__blk05__kurtosis_mean,0.01851102715113151,0.009298611979377187
Kramatorsk,s1__vv__blk05__kurtosis_std,0.1431053102049349,0.074241609654703
Kramatorsk,s1__vv__blk05__kurtosis_max,0.215403049680144,0.11395458896471773
Kramatorsk,s1__vv__blk05__max_mean,0.04831794354426244,0.02445558674965007
Kramatorsk,s1__vv__blk05__max_std,0.5474768084265307,0.3198450042836062
Kramatorsk,s1__vv__blk05__max_max,0.2730337797888498,0.1467809413949505
Kramatorsk,s1__vv__blk05__mean_mean,0.055414379651618884,0.028098274851697667
Kramatorsk,s1__vv__blk05__mean_std,0.572098930039068,0.33694159778127847
Kramatorsk,s1__vv__blk05__mean_max,0.2963531736421341,0.16037603516153381
Kramatorsk,s1__vv__blk05__median_mean,0.05646149584992166,0.028636897688875257
Kramatorsk,s1__vv__blk05__median_std,0.5718332093130671,0.33675552326223174
Kramatorsk,s1__vv__blk05__median_max,0.2932876250409342,0.15857824833269774
Kramatorsk,s1__vv__blk05__min_mean,0.060563245530111276,0.030749582386900114
Kramatorsk,s1__vv__blk05__min_std,0.5925942144791068,0.3513990392316021
Kramatorsk,s1__vv__blk05__min_max,0.30978210963521424,0.16828973072568704
Kramatorsk,s1__vv__blk05__skewness_mean,0.22305494231130685,0.11825155044240761
Kramatorsk,s1__vv__blk05__skewness_std,0.17303133010114835,0.09048905169707055
Kramatorsk,s1__vv__blk05__skewness_max,0.31171264081041583,0.16943256238804585
Kramatorsk,s1__vv__blk05__std_mean,0.10221514598586046,0.05245984084671729
Kramatorsk,s1__vv__blk05__std_std,0.3130701863911136,0.17023698212425903
Kramatorsk,s1__vv__blk05__std_max,0.2694096530963004,0.1446845892749232
Kramatorsk,s1__vv__blk06__kurtosis_mean,0.04517164487780856,0.02284478886853889
Kramatorsk,s1__vv__blk06__kurtosis_std,0.18232655638153306,0.09558982491121647
Kramatorsk,s1__vv__blk06__kurtosis_max,0.24397628558700735,0.1300951806472112
Kramatorsk,s1__vv__blk06__max_mean,0.05306105861360244,0.026888815017870507
Kramatorsk,s1__vv__blk06__max_std,0.5353876872485988,0.3115566060465854
Kramatorsk,s1__vv__blk06__max_max,0.30379119752050787,0.1647515360987111
Kramatorsk,s1__vv__blk06__mean_mean,0.06643287328303393,0.03378063137461187
Kramatorsk,s1__vv__blk06__mean_std,0.5650963103464135,0.33204944882466975
Kramatorsk,s1__vv__blk06__mean_max,0.3290227784204609,0.17973856264969013
Kramatorsk,s1__vv__blk06__median_mean,0.06266006619845155,0.031831316539475935
Kramatorsk,s1__vv__blk06__median_std,0.5611383611704024,0.3292949081950936
Kramatorsk,s1__vv__blk06__median_max,0.3251286608758033,0.17741083069631006
Kramatorsk,s1__vv__blk06__min_mean,0.08142586741983626,0.04156490969457193
Kramatorsk,s1__vv__blk06__min_std,0.5959291897397967,0.3537714415698461
Kramatorsk,s1__vv__blk06__min_max,0.34268416118067546,0.18794785145630633
Kramatorsk,s1__vv__blk06__skewness_mean,0.02444217048623032,0.012296376763603673
Kramatorsk,s1__vv__blk06__skewness_std,0.22735506719796383,0.12067443703031797
Kramatorsk,s1__vv__blk06__skewness_max,0.24502096913740679,0.13069027193993943
Kramatorsk,s1__vv__blk06__std_mean,0.06503354671080719,0.03305719102993498
Kramatorsk,s1__vv__blk06__std_std,0.30575806511783377,0.1659117758251252
Kramatorsk,s1__vv__blk06__std_max,0.24701219817140285,0.13182553309993705
Kramatorsk,s1__vv__blk07__kurtosis_mean,0.04299365647852671,0.021731250699305912
Kramatorsk,s1__vv__blk07__kurtosis_std,0.46611060821632067,0.2653405846580258
Kramatorsk,s1__vv__blk07__kurtosis_max,0.38015998437537357,0.210819791979594
Kramatorsk,s1__vv__blk07__max_mean,0.013146891974615382,0.006595146232584814
Kramatorsk,s1__vv__blk07__max_std,0.5522467879109316,0.3231343347620301
Kramatorsk,s1__vv__blk07__max_max,0.2793207920228076,0.15042807932363905
Kramatorsk,s1__vv__blk07__mean_mean,0.03291520309849538,0.01659453232039997
Kramatorsk,s1__vv__blk07__mean_std,0.5693029563417138,0.3349854119322517
Kramatorsk,s1__vv__blk07__mean_max,0.2633991311602515,0.1412175016048551
Kramatorsk,s1__vv__blk07__median_mean,0.04409871098671525,0.022296075960387445
Kramatorsk,s1__vv__blk07__median_std,0.5805470007998828,0.34287559499081577
Kramatorsk,s1__vv__blk07__median_max,0.3027175629510641,0.1641187750102131
Kramatorsk,s1__vv__blk07__min_mean,0.10180990680783375,0.05224633091306277
Kramatorsk,s1__vv__blk07__min_std,0.3411286595391827,0.18700972482383363
Kramatorsk,s1__vv__blk07__min_max,0.034894921521982925,0.01760146161603445
Kramatorsk,s1__vv__blk07__skewness_mean,0.019195537773901483,0.009644124314995806
Kramatorsk,s1__vv__blk07__skewness_std,0.4408055521994394,0.24897787228339321
Kramatorsk,s1__vv__blk07__skewness_max,0.31663847853327476,0.17235448065521228
Kramatorsk,s1__vv__blk07__std_mean,0.09732825156816904,0.04988809875236937
Kramatorsk,s1__vv__blk07__std_std,0.5060195234831206,0.29170316186182815
Kramatorsk,s1__vv__blk07__std_max,0.45187452691677676,0.2561023537138635
Kramatorsk,s1__vv__blk08__kurtosis_mean,0.019209157142691557,0.009651000014173223
Kramatorsk,s1__vv__blk08__kurtosis_std,0.2848191365235453,0.15362864574949606
Kramatorsk,s1__vv__blk08__kurtosis_max,0.3722265812974943,0.2059341003668753
Kramatorsk,s1__vv__blk08__max_mean,0.030102490292728712,0.015165664692726857
Kramatorsk,s1__vv__blk08__max_std,0.500957568873055,0.2883206555512775
Kramatorsk,s1__vv__blk08__max_max,0.2681276511379831,0.14394407471661855
Kramatorsk,s1__vv__blk08__mean_mean,0.04555061761305801,0.02303867263013527
Kramatorsk,s1__vv__blk08__mean_std,0.5493028245232117,0.3211029290062294
Kramatorsk,s1__vv__blk08__mean_max,0.28180160010835054,0.15187088060869755
Kramatorsk,s1__vv__blk08__median_mean,0.05790215861247461,0.029378430194984487
Kramatorsk,s1__vv__blk08__median_std,0.5617132013071535,0.3296944983843958
Kramatorsk,s1__vv__blk08__median_max,0.30028590415258893,0.16268712255472173
Kramatorsk,s1__vv__blk08__min_mean,0.033444015865371934,0.016863399153696803
Kramatorsk,s1__vv__blk08__min_std,0.5385844713382069,0.3137416743608984
Kramatorsk,s1__vv__blk08__min_max,0.19923838420342954,0.10493748526081967
Kramatorsk,s1__vv__blk08__skewness_mean,0.040748216423216244,0.020584523273024756
Kramatorsk,s1__vv__blk08__skewness_std,0.22276884593116297,0.11809055877304957
Kramatorsk,s1__vv__blk08__skewness_max,0.20772325848353201,0.10966044628073156
Kramatorsk,s1__vv__blk08__std_mean,0.12672399520677002,0.06545840821426176
Kramatorsk,s1__vv__blk08__std_std,0.3703779618644574,0.20479907107368972
Kramatorsk,s1__vv__blk08__std_max,0.40681978952833475,0.22741502955724013
Kramatorsk,s1__vv__blk09__kurtosis_mean,0.04669953299119656,0.02362669154409973
Kramatorsk,s1__vv__blk09__kurtosis_std,0.31102565807017735,0.16902573412863917
Kramatorsk,s1__vv__blk09__kurtosis_max,0.394274660570346,0.21957160118696872
Kramatorsk,s1__vv__blk09__max_mean,0.06917610212159397,0.035200378642365075
Kramatorsk,s1__vv__blk09__max_std,0.5699128708542207,0.3354118086716814
Kramatorsk,s1__vv__blk09__max_max,0.28252828619331405,0.15229390498050943
Kramatorsk,s1__vv__blk09__mean_mean,0.09584211631496387,0.04910732552513389
Kramatorsk,s1__vv__blk09__mean_std,0.579340684423326,0.342026109959662
Kramatorsk,s1__vv__blk09__mean_max,0.30249136661696285,0.16398551418223098
Kramatorsk,s1__vv__blk09__median_mean,0.09816390619796689,0.05032739585879674
Kramatorsk,s1__vv__blk09__median_std,0.5753728331415517,0.339237038364656
Kramatorsk,s1__vv__blk09__median_max,0.29963503104874345,0.16230426492147756
Kramatorsk,s1__vv__blk09__min_mean,0.1001877400967055,0.05139210984685061
Kramatorsk,s1__vv__blk09__min_std,0.5911673924606164,0.35038575701509117
Kramatorsk,s1__vv__blk09__min_max,0.3041769710360769,0.1649789947644324
Kramatorsk,s1__vv__blk09__skewness_mean,0.036066574369939985,0.018197868539235496
Kramatorsk,s1__vv__blk09__skewness_std,0.24705147555992935,0.13184793931891697
Kramatorsk,s1__vv__blk09__skewness_max,0.3910097390944296,0.21754036545454974
Kramatorsk,s1__vv__blk09__std_mean,0.05804069955253155,0.0294497684554974
Kramatorsk,s1__vv__blk09__std_std,0.28553559162432585,0.15404644704054074
Kramatorsk,s1__vv__blk09__std_max,0.25543370168280344,0.13664119544295691
Kramatorsk,s1__vh__blk10__kurtosis_mean,0.22423226170274724,0.11891432252793452
Kramatorsk,s1__vh__blk10__kurtosis_std,0.2963086579723424,0.16034990586787742
Kramatorsk,s1__vh__blk10__kurtosis_max,0.49594536678665824,0.2849826304172157
Kramatorsk,s1__vh__blk10__max_mean,0.0457332365249401,0.02313211452010631
Kramatorsk,s1__vh__blk10__max_std,0.4915463305287531,0.2820621143935744
Kramatorsk,s1__vh__blk10__max_max,0.23050142135802743,0.12245096301092895
Kramatorsk,s1__vh__blk10__mean_mean,0.04917435675156523,0.024894490801583586
Kramatorsk,s1__vh__blk10__mean_std,0.5185763306258042,0.30014361638417975
Kramatorsk,s1__vh__blk10__mean_max,0.2721373816888104,0.14626201663077132
Kramatorsk,s1__vh__blk10__median_mean,0.03371319826706065,0.01700028863378298
Kramatorsk,s1__vh__blk10__median_std,0.5155724903793439,0.29811799804241673
Kramatorsk,s1__vh__blk10__median_max,0.27430461878360113,0.14751709176173808
Kramatorsk,s1__vh__blk10__min_mean,0.1457370299443046,0.07565988417803218
Kramatorsk,s1__vh__blk10__min_std,0.6379733825807874,0.3841734301313579
Kramatorsk,s1__vh__blk10__min_max,0.2705526698577785,0.1453452854347598
Kramatorsk,s1__vh__blk10__skewness_mean,0.12894844934104954,0.06664658118419278
Kramatorsk,s1__vh__blk10__skewness_std,0.25250481694420146,0.13496374191528457
Kramatorsk,s1__vh__blk10__skewness_max,0.16463915298433074,0.08590607151084995
Kramatorsk,s1__vh__blk10__std_mean,0.2387669523693281,0.12713302156746836
Kramatorsk,s1__vh__blk10__std_std,0.6638070782947629,0.40332271339654513
Kramatorsk,s1__vh__blk10__std_max,0.7631864451679782,0.480608822169998
Kramatorsk,s1__vh__blk11__kurtosis_mean,0.021491599488900448,0.010803952826653586
Kramatorsk,s1__vh__blk11__kurtosis_std,0.18672009909529663,0.09800987520719444
Kramatorsk,s1__vh__blk11__kurtosis_max,0.3001073959832192,0.16258210560111885
Kramatorsk,s1__vh__blk11__max_mean,0.07752020984125574,0.039531270488671895
Kramatorsk,s1__vh__blk11__max_std,0.49465937573291985,0.2841279795508539
Kramatorsk,s1__vh__blk11__max_max,0.2443820124817453,0.13032625598517641
Kramatorsk,s1__vh__blk11__mean_mean,0.12828949193169392,0.06629445758893096
Kramatorsk,s1__vh__blk11__mean_std,0.5526061030156322,0.3233825536559297
Kramatorsk,s1__vh__blk11__mean_max,0.29787248720421267,0.1612682338286009
Kramatorsk,s1__vh__blk11__median_mean,0.12731889640852678,0.06577603128870996
Kramatorsk,s1__vh__blk11__median_std,0.5419625925023619,0.3160558905826905
Kramatorsk,s1__vh__blk11__median_max,0.29709612672848307,0.16081222599715508
Kramatorsk,s1__vh__blk11__min_mean,0.1711992297289433,0.08948674531228935
Kramatorsk,s1__vh__blk11__min_std,0.6294690940701266,0.3779489932108425
Kramatorsk,s1__vh__blk11__min_max,0.3011328759408314,0.16318554925161274
Kramatorsk,s1__vh__blk11__skewness_mean,0.014904213956048684,0.007480012651042933
Kramatorsk,s1__vh__blk11__skewness_std,0.19801885112801387,0.10426048265383107
Kramatorsk,s1__vh__blk11__skewness_max,0.21107610222082407,0.11153291591012396
Kramatorsk,s1__vh__blk11__std_mean,0.2879999757567362,0.15548488867961016
Kramatorsk,s1__vh__blk11__std_std,0.5673805495357505,0.33364262841617043
Kramatorsk,s1__vh__blk11__std_max,0.5942980994725859,0.352610429190327
Kramatorsk,s1__vh__blk12__kurtosis_mean,0.014814931868242232,0.007435037450999986
Kramatorsk,s1__vh__blk12__kurtosis_std,0.1802088631682961,0.09442544603925221
Kramatorsk,s1__vh__blk12__kurtosis_max,0.2785913164700935,0.15000422288148646
Kramatorsk,s1__vh__blk12__max_mean,0.07851284576056705,0.04004773483695261
Kramatorsk,s1__vh__blk12__max_std,0.5279524573715264,0.3064928627935294
Kramatorsk,s1__vh__blk12__max_max,0.2422748495315865,0.1291267356878087
Kramatorsk,s1__vh__blk12__mean_mean,0.15550373412705043,0.08094096697313742
Kramatorsk,s1__vh__blk12__mean_std,0.589666895114852,0.3493212594718338
Kramatorsk,s1__vh__blk12__mean_max,0.2851972496186528,0.15384912091159977
Kramatorsk,s1__vh__blk12__median_mean,0.15275680081354714,0.07945281546816417
Kramatorsk,s1__vh__blk12__median_std,0.5960480653976261,0.35385611015603746
Kramatorsk,s1__vh__blk12__median_max,0.2793777313238357,0.1504611710486271
Kramatorsk,s1__vh__blk12__min_mean,0.22586431551107666,0.11983381454162739
Kramatorsk,s1__vh__blk12__min_std,0.6534210409344827,0.39557990878280236
Kramatorsk,s1__vh__blk12__min_max,0.3064464927510666,0.16631819212414214
Kramatorsk,s1__vh__blk12__skewness_mean,0.019341701905123854,0.009717917325372
Kramatorsk,s1__vh__blk12__skewness_std,0.35484176926398225,0.19531061207119021
Kramatorsk,s1__vh__blk12__skewness_max,0.4624750943577638,0.2629732612009101
Kramatorsk,s1__vh__blk12__std_mean,0.3511731132624847,0.19308312324682605
Kramatorsk,s1__vh__blk12__std_std,0.5612286052641231,0.3293576292527808
Kramatorsk,s1__vh__blk12__std_max,0.609090092086513,0.3631890375713171
Kramatorsk,s1__vh__blk13__kurtosis_mean,0.03693242821507381,0.018638843145422208
Kramatorsk,s1__vh__blk13__kurtosis_std,0.19673827451175607,0.10355008575978542
Kramatorsk,s1__vh__blk13__kurtosis_max,0.3415240269393318,0.18724808841055218
Kramatorsk,s1__vh__blk13__max_mean,0.03878743420800612,0.019584242589938697
Kramatorsk,s1__vh__blk13__max_std,0.5276467611011737,0.3062852169639474
Kramatorsk,s1__vh__blk13__max_max,0.27399282477038645,0.14733643076388914
Kramatorsk,s1__vh__blk13__mean_mean,0.13571579108885845,0.07027000332749594
Kramatorsk,s1__vh__blk13__mean_std,0.5657284135856053,0.33249006550967397
Kramatorsk,s1__vh__blk13__mean_max,0.2889545482589202,0.15604262157192827
Kramatorsk,s1__vh__blk13__median_mean,0.11900503048186017,0.061346304610316614
Kramatorsk,s1__vh__blk13__median_std,0.5516787955932918,0.32274208494849826
Kramatorsk,s1__vh__blk13__median_max,0.27716462076444315,0.1491757706805098
Kramatorsk,s1__vh__blk13__min_mean,0.1916232455612492,0.10071755841860872
Kramatorsk,s1__vh__blk13__min_std,0.612610845367108,0.3657235056656237
Kramatorsk,s1__vh__blk13__min_max,0.2627223568141379,0.14082786543748024
Kramatorsk,s1__vh__blk13__skewness_mean,0.046490293539516836,0.02351957630553458
Kramatorsk,s1__vh__blk13__skewness_std,0.24357837694047002,0.12986860991940832
Kramatorsk,s1__vh__blk13__skewness_max,0.4317585694946293,0.24319229694784905
Kramatorsk,s1__vh__blk13__std_mean,0.21025618858253603,0.11107469306337726
Kramatorsk,s1__vh__blk13__std_std,0.5140681368672753,0.297105087850816
Kramatorsk,s1__vh__blk13__std_max,0.4726292308173985,0.26959937490180047
Kramatorsk,s1__vh__blk14__kurtosis_mean,0.05159376651294578,0.02613545832973028
Kramatorsk,s1__vh__blk14__kurtosis_std,0.18401945105939665,0.09652161137399734
Kramatorsk,s1__vh__blk14__kurtosis_max,0.3178572159985211,0.17307873319385228
Kramatorsk,s1__vh__blk14__max_mean,0.10067583974285421,0.051649062793443556
Kramatorsk,s1__vh__blk14__max_std,0.5053929153712637,0.29128382790676155
Kramatorsk,s1__vh__blk14__max_max,0.2637014709539567,0.14139161536965528
Kramatorsk,s1__vh__blk14__mean_mean,0.18317735966120252,0.09605800717118133
Kramatorsk,s1__vh__blk14__mean_std,0.5770714743121514,0.34043009062103824
Kramatorsk,s1__vh__blk14__mean_max,0.3090545250743111,0.167859355441486
Kramatorsk,s1__vh__blk14__median_mean,0.17993475868967357,0.09427483323991939
Kramatorsk,s1__vh__blk14__median_std,0.573954911995896,0.33824224055149393
Kramatorsk,s1__vh__blk14__median_max,0.3162140096758499,0.17210235694623482
Kramatorsk,s1__vh__blk14__min_mean,0.2545590623348024,0.13613997048428386
Kramatorsk,s1__vh__blk14__min_std,0.6713492411674746,0.4089832202894635
Kramatorsk,s1__vh__blk14__min_max,0.3029493149173539,0.16425532729209663
Kramatorsk,s1__vh__blk14__skewness_mean,0.07426425941543835,0.03783908294005031
Kramatorsk,s1__vh__blk14__skewness_std,0.4895257314976249,0.2807234939466013
Kramatorsk,s1__vh__blk14__skewness_max,0.40512724006419254,0.22635322184019582
Kramatorsk,s1__vh__blk14__std_mean,0.3557147522476025,0.1958413906115873
Kramatorsk,s1__vh__blk14__std_std,0.6689906506510308,0.40720961686738166
Kramatorsk,s1__vh__blk14__std_max,0.6998416758944799,0.43066113573450604
Kramatorsk,s1__vh__blk15__kurtosis_mean,0.0376368071708193,0.018997722975709952
Kramatorsk,s1__vh__blk15__kurtosis_std,0.2640304670117415,0.14158111459776296
Kramatorsk,s1__vh__blk15__kurtosis_max,0.23500005945604618,0.12499652386083096
Kramatorsk,s1__vh__blk15__max_mean,0.08530506802043991,0.04358887506695338
Kramatorsk,s1__vh__blk15__max_std,0.4983212958773138,0.28656356213594025
Kramatorsk,s1__vh__blk15__max_max,0.2669671686922017,0.14327422522358466
Kramatorsk,s1__vh__blk15__mean_mean,0.11380021461205381,0.05858307121241983
Kramatorsk,s1__vh__blk15__mean_std,0.5916578106702446,0.3507339201572059
Kramatorsk,s1__vh__blk15__mean_max,0.25461604493100265,0.1361726175507832
Kramatorsk,s1__vh__blk15__median_mean,0.12320606984775595,0.06358221579545624
Kramatorsk,s1__vh__blk15__median_std,0.5976249940119163,0.35497994840699465
Kramatorsk,s1__vh__blk15__median_max,0.2991184431830325,0.16200050107150699
Kramatorsk,s1__vh__blk15__skewness_mean,0.017178897456865183,0.008626550652653362
Kramatorsk,s1__vh__blk15__skewness_std,0.3416273057811694,0.1873103636918394
Kramatorsk,s1__vh__blk15__skewness_max,0.16601250015929048,0.08665462253913454
Kramatorsk,s1__vh__blk15__std_mean,0.07151549532580526,0.03641271683704969
Kramatorsk,s1__vh__blk15__std_std,0.5655185798905378,0.3323437763764062
Kramatorsk,s1__vh__blk15__std_max,0.5410381500568016,0.31542205944670293
Kramatorsk,s1__vh__blk16__kurtosis_mean,0.02818985334636448,0.014195203530602394
Kramatorsk,s1__vh__blk16__kurtosis_std,0.267178702305952,0.1433962924578879
Kramatorsk,s1__vh__blk16__kurtosis_max,0.3384535878096795,0.18539843822826654
Kramatorsk,s1__vh__blk16__max_mean,0.10112281832299153,0.05188442608357028
Kramatorsk,s1__vh__blk16__max_std,0.5061885710601692,0.2918163207313734
Kramatorsk,s1__vh__blk16__max_max,0.26431332485372905,0.1417440672783601
Kramatorsk,s1__vh__blk16__mean_mean,0.08734109302538595,0.04465280867888184
Kramatorsk,s1__vh__blk16__mean_std,0.5605298276271125,0.3288720705292011
Kramatorsk,s1__vh__blk16__mean_max,0.2593916959280407,0.13891252838800716
Kramatorsk,s1__vh__blk16__median_mean,0.07970495404256472,0.040668336556747176
Kramatorsk,s1__vh__blk16__median_std,0.5741886606592845,0.3384061679229217
Kramatorsk,s1__vh__blk16__median_max,0.2778287113105935,0.1495613087176691
Kramatorsk,s1__vh__blk16__min_mean,0.07885951247707124,0.04022816695255864
Kramatorsk,s1__vh__blk16__min_std,0.5847665185048763,0.34585265848631097
Kramatorsk,s1__vh__blk16__min_max,0.20403841042441218,0.10760659755919866
Kramatorsk,s1__vh__blk16__skewness_mean,0.003327182821077024,0.0016649767153297718
Kramatorsk,s1__vh__blk16__skewness_std,0.27932578242547224,0.15043097957946724
Kramatorsk,s1__vh__blk16__skewness_max,0.24167314060615852,0.12878447173402527
Kramatorsk,s1__vh__blk16__std_mean,0.06305174706143246,0.03203351154688696
Kramatorsk,s1__vh__blk16__std_std,0.5470019985569095,0.31951817144205674
Kramatorsk,s1__vh__blk16__std_max,0.4807422190128121,0.27492526694211067
Kramatorsk,s1__vv__blk10__kurtosis_mean,0.12044149678535132,0.062110270012628824
Kramatorsk,s1__vv__blk10__kurtosis_std,0.31806445860387456,0.17320194233797417
Kramatorsk,s1__vv__blk10__kurtosis_max,0.49322571778897784,0.2831760516883944
Kramatorsk,s1__vv__blk10__max_mean,0.03659443053576439,0.018466679645005767
Kramatorsk,s1__vv__blk10__max_std,0.5688671024603917,0.3346808138997708
Kramatorsk,s1__vv__blk10__max_max,0.2995023346401826,0.16222622800973097
Kramatorsk,s1__vv__blk10__mean_mean,0.04721925068978439,0.023892798505462068
Kramatorsk,s1__vv__blk10__mean_std,0.5912785610438822,0.35046466842654167
Kramatorsk,s1__vv__blk10__mean_max,0.31380824290766896,0.17067459251740014
Kramatorsk,s1__vv__blk10__median_mean,0.04320729078202534,0.02184042048591582
Kramatorsk,s1__vv__blk10__median_std,0.5935997860325686,0.35211378047279157
Kramatorsk,s1__vv__blk10__median_max,0.30940133042800677,0.16806447200367902
Kramatorsk,s1__vv__blk10__min_mean,0.08374946120770455,0.04277674818595035
Kramatorsk,s1__vv__blk10__min_std,0.6039343653380844,0.3594891610915292
Kramatorsk,s1__vv__blk10__min_max,0.328288758407544,0.1792993832090681
Kramatorsk,s1__vv__blk10__skewness_mean,0.021882254040504368,0.011001421345746205
Kramatorsk,s1__vv__blk10__skewness_std,0.4110292580829631,0.23006070606535967
Kramatorsk,s1__vv__blk10__skewness_max,0.24219223331651962,0.1290797350099434
Kramatorsk,s1__vv__blk10__std_mean,0.21196718884431864,0.1120311532187849
Kramatorsk,s1__vv__blk10__std_std,0.3805004843550266,0.21103002000763513
Kramatorsk,s1__vv__blk10__std_max,0.3605722233902644,0.1987999163108143
Kramatorsk,s1__vv__blk11__kurtosis_mean,0.076435323835633,0.03896711370686851
Kramatorsk,s1__vv__blk11__kurtosis_std,0.3081156691061062,0.16730428406858083
Kramatorsk,s1__vv__blk11__kurtosis_max,0.3616226955810038,0.19944087707616492
Kramatorsk,s1__vv__blk11__max_mean,0.05618032005329798,0.028492236052978556
Kramatorsk,s1__vv__blk11__max_std,0.5369120343836367,0.3125979334557102
Kramatorsk,s1__vv__blk11__max_max,0.2891747682630097,0.15617133479622206
Kramatorsk,s1__vv__blk11__mean_mean,0.055281943839537995,0.02803017226925756
Kramatorsk,s1__vv__blk11__mean_std,0.5791149723587556,0.3418672441896565
Kramatorsk,s1__vv__blk11__mean_max,0.29158435970069085,0.15758076567678647
Kramatorsk,s1__vv__blk11__median_mean,0.05871870384867095,0.029798963560030842
Kramatorsk,s1__vv__blk11__median_std,0.584988194628276,0.34600930648066086
Kramatorsk,s1__vv__blk11__median_max,0.2916515101432007,0.15762007213164284
Kramatorsk,s1__vv__blk11__min_mean,0.06125482043263908,0.031106231415553843
Kramatorsk,s1__vv__blk11__min_std,0.6071823738444231,0.3618184159731931
Kramatorsk,s1__vv__blk11__min_max,0.29760482591643744,0.1611109951711185
Kramatorsk,s1__vv__blk11__skewness_mean,0.09113045581715928,0.04663597540505056
Kramatorsk,s1__vv__blk11__skewness_std,0.23734039187934908,0.1263233711568177
Kramatorsk,s1__vv__blk11__skewness_max,0.5020117721923136,0.2890241541021475
Kramatorsk,s1__vv__blk11__std_mean,0.25692810880900585,0.13749816920941949
Kramatorsk,s1__vv__blk11__std_std,0.44438751197403126,0.2512778295053838
Kramatorsk,s1__vv__blk11__std_max,0.4216331317293396,0.23675649575934424
Kramatorsk,s1__vv__blk12__kurtosis_mean,0.036091202401132616,0.01821040877369162
Kramatorsk,s1__vv__blk12__kurtosis_std,0.1692930875776837,0.08844499735659622
Kramatorsk,s1__vv__blk12__kurtosis_max,0.24888127939675941,0.13289232795371816
Kramatorsk,s1__vv__blk12__max_mean,0.055009639927944054,0.027890159762971784
Kramatorsk,s1__vv__blk12__max_std,0.5372586475756724,0.31283486675289207
Kramatorsk,s1__vv__blk12__max_max,0.28615351623423746,0.15440693045995257
Kramatorsk,s1__vv__blk12__mean_mean,0.0559543262329838,0.028375980061575566
Kramatorsk,s1__vv__blk12__mean_std,0.5615533161054611,0.32958334091859315
Kramatorsk,s1__vv__blk12__mean_max,0.27965504011127584,0.1506223517688261
Kramatorsk,s1__vv__blk12__median_mean,0.0552170866844639,0.027996822409936728
Kramatorsk,s1__vv__blk12__median_std,0.5642421126407602,0.3314543262663687
Kramatorsk,s1__vv__blk12__median_max,0.2773969959749705,0.14931065929846254
Kramatorsk,s1__vv__blk12__min_mean,0.0744495813109558,0.03793532190438392
Kramatorsk,s1__vv__blk12__min_std,0.5691793145633444,0.3348989950093795
Kramatorsk,s1__vv__blk12__min_max,0.30089584804981895,0.16304603783603927
Kramatorsk,s1__vv__blk12__skewness_mean,0.10582770322983537,0.05436522014994473
Kramatorsk,s1__vv__blk12__skewness_std,0.26879983645285854,0.14433227641953314
Kramatorsk,s1__vv__blk12__skewness_max,0.27448430175019634,0.147621219247783
Kramatorsk,s1__vv__blk12__std_mean,0.29905984256596696,0.16196604857987534
Kramatorsk,s1__vv__blk12__std_std,0.5200485076810841,0.3011378687812407
Kramatorsk,s1__vv__blk12__std_max,0.5467281737920466,0.3193297341792344
Kramatorsk,s1__vv__blk13__kurtosis_mean,0.023840373551810456,0.011991801881528468
Kramatorsk,s1__vv__blk13__kurtosis_std,0.21376854489052555,0.1130391123759859
Kramatorsk,s1__vv__blk13__kurtosis_max,0.3013259139436255,0.16329918319514058
Kramatorsk,s1__vv__blk13__max_mean,0.05970147935431891,0.030305342701016428
Kramatorsk,s1__vv__blk13__max_std,0.5500134406397612,0.3215928935771553
Kramatorsk,s1__vv__blk13__max_max,0.2719922936283219,0.1461780504821937
Kramatorsk,s1__vv__blk13__mean_mean,0.08851398353347761,0.04526622190895048
Kramatorsk,s1__vv__blk13__mean_std,0.5801605724571168,0.3426033945358629
Kramatorsk,s1__vv__blk13__mean_max,0.29460025126213507,0.15934764056740022
Kramatorsk,s1__vv__blk13__median_mean,0.09283243684764364,0.04752799039099866
Kramatorsk,s1__vv__blk13__median_std,0.5705689934844462,0.33587071301193194
Kramatorsk,s1__vv__blk13__median_max,0.2894594289861909,0.1563377366019624
Kramatorsk,s1__vv__blk13__min_mean,0.0974363014023043,0.04994488884363622
Kramatorsk,s1__vv__blk13__min_std,0.6189114212264313,0.37027516715167297
Kramatorsk,s1__vv__blk13__min_max,0.3116768147094291,0.16941134223220244
Kramatorsk,s1__vv__blk13__skewness_mean,0.11762239843720934,0.06061152107201737
Kramatorsk,s1__vv__blk13__skewness_std,0.2228103078016408,0.11811388852057972
Kramatorsk,s1__vv__blk13__skewness_max,0.3782314518004788,0.20962993036339098
Kramatorsk,s1__vv__blk13__std_mean,0.04728764877275915,0.02392782511092316
Kramatorsk,s1__vv__blk13__std_std,0.3319518967079116,0.18149303813509374
Kramatorsk,s1__vv__blk13__std_max,0.2973268658821886,0.16094773264026313
Kramatorsk,s1__vv__blk14__kurtosis_mean,0.1731580428086843,0.090558410906137
Kramatorsk,s1__vv__blk14__kurtosis_std,0.20626467431153483,0.10884696086846965
Kramatorsk,s1__vv__blk14__kurtosis_max,0.25579910557216645,0.1368506699481398
Kramatorsk,s1__vv__blk14__max_mean,0.09137685099868054,0.04676506284629346
Kramatorsk,s1__vv__blk14__max_std,0.5527429495087794,0.32347710494776577
Kramatorsk,s1__vv__blk14__max_max,0.310509672546311,0.168720278498125
Kramatorsk,s1__vv__blk14__mean_mean,0.09418165590143501,0.04823568726841797
Kramatorsk,s1__vv__blk14__mean_std,0.5856659608105064,0.34648840393458114
Kramatorsk,s1__vv__blk14__mean_max,0.3260093338423802,0.17793678428023763
Kramatorsk,s1__vv__blk14__median_mean,0.09776628098407847,0.050118343325640406
Kramatorsk,s1__vv__blk14__median_std,0.593825623001814,0.35227437139219764
Kramatorsk,s1__vv__blk14__median_max,0.32757461229002627,0.1788722797695039
Kramatorsk,s1__vv__blk14__min_mean,0.09104032916727411,0.046588761847384044
Kramatorsk,s1__vv__blk14__min_std,0.6152068957947114,0.36759643532471076
Kramatorsk,s1__vv__blk14__min_max,0.33079779043286517,0.18080138709734697
Kramatorsk,s1__vv__blk14__skewness_mean,0.07565110230651739,0.03855950499896964
Kramatorsk,s1__vv__blk14__skewness_std,0.26742980485848244,0.14354121262260175
Kramatorsk,s1__vv__blk14__skewness_max,0.2724807662635238,0.14646077010610156
Kramatorsk,s1__vv__blk14__std_mean,0.2184906060369265,0.11568620144634258
Kramatorsk,s1__vv__blk14__std_std,0.44034203779404346,0.248680638334572
Kramatorsk,s1__vv__blk14__std_max,0.3835989252485765,0.2129450614336149
Kramatorsk,s1__vv__blk15__kurtosis_mean,0.01128917530177298,0.005660578538796939
Kramatorsk,s1__vv__blk15__kurtosis_std,0.227538212560086,0.12077775993523329
Kramatorsk,s1__vv__blk15__kurtosis_max,0.1136719898373415,0.058515093038786256
Kramatorsk,s1__vv__blk15__max_mean,0.07784021489968462,0.03969773865969485
Kramatorsk,s1__vv__blk15__max_std,0.49827778273723244,0.28653458622415007
Kramatorsk,s1__vv__blk15__max_max,0.2921158504347581,0.15789191561739302
Kramatorsk,s1__vv__blk15__mean_mean,0.06715767628058522,0.03415555442160562
Kramatorsk,s1__vv__blk15__mean_std,0.5976027366391925,0.35496407733398994
Kramatorsk,s1__vv__blk15__mean_max,0.3099035315921408,0.16836157135593122
Kramatorsk,s1__vv__blk15__median_mean,0.0708466874803848,0.03606597207571392
Kramatorsk,s1__vv__blk15__median_std,0.6092494216847528,0.36330359475700014
Kramatorsk,s1__vv__blk15__median_max,0.3236171780530199,0.17650879053306057
Kramatorsk,s1__vv__blk15__skewness_mean,0.032114249668762085,0.016187437308541185
Kramatorsk,s1__vv__blk15__skewness_std,0.36546874937709295,0.20179111418285556
Kramatorsk,s1__vv__blk15__skewness_max,0.13900069524656833,0.07203357648752536
Kramatorsk,s1__vv__blk15__std_mean,0.05446556327514518,0.027610466567445147
Kramatorsk,s1__vv__blk15__std_std,0.4146285961917353,0.23232847651106936
Kramatorsk,s1__vv__blk15__std_max,0.3364440909511488,0.1841897553613744
Kramatorsk,s1__vv__blk16__kurtosis_mean,0.04061234827311688,0.020515178719948627
Kramatorsk,s1__vv__blk16__kurtosis_std,0.1800036095095363,0.09431266272020596
Kramatorsk,s1__vv__blk16__kurtosis_max,0.418439570886904,0.23473520752756608
Kramatorsk,s1__vv__blk16__max_mean,0.10312533692914094,0.052939562917505435
Kramatorsk,s1__vv__blk16__max_std,0.5995235554361869,0.3563346842880327
Kramatorsk,s1__vv__blk16__max_max,0.3713336559488014,0.2053856944781592
Kramatorsk,s1__vv__blk16__mean_mean,0.04858257163756052,0.024591185698502313
Kramatorsk,s1__vv__blk16__mean_std,0.5923731752160979,0.3512419971691735
Kramatorsk,s1__vv__blk16__mean_max,0.3219581208650386,0.1755196150582174
Kramatorsk,s1__vv__blk16__median_mean,0.04671488485238706,0.02363455102182913
Kramatorsk,s1__vv__blk16__median_std,0.5903110524224389,0.3497781050615537
Kramatorsk,s1__vv__blk16__median_max,0.3223267966407273,0.1757393451414389
Kramatorsk,s1__vv__blk16__min_mean,0.03198467975931152,0.01612159728503749
Kramatorsk,s1__vv__blk16__min_std,0.5759305751772341,0.3396286153717952
Kramatorsk,s1__vv__blk16__min_max,0.2738964957840784,0.14728062201655856
Kramatorsk,s1__vv__blk16__skewness_mean,0.025222309392780584,0.012691350260269256
Kramatorsk,s1__vv__blk16__skewness_std,0.28896971157119533,0.15605148362725754
Kramatorsk,s1__vv__blk16__skewness_max,0.5230470564029717,0.30316603696505806
Kramatorsk,s1__vv__blk16__std_mean,0.3347200001915289,0.18315390321306432
Kramatorsk,s1__vv__blk16__std_std,0.4705599678426118,0.2682455042010336
Kramatorsk,s1__vv__blk16__std_max,0.48470109780556103,0.27753446588089936
Lysychansk,s1__vh__baseline__kurtosis_mean,0.03485159777555191,0.01757941532988753
Lysychansk,s1__vh__baseline__kurtosis_std,0.08418476524253804,0.043003938460037194
Lysychansk,s1__vh__baseline__kurtosis_max,0.10552568611858382,0.054205787432708916
Lysychansk,s1__vh__baseline__max_mean,0.0711247173434304,0.03621010261112497
Lysychansk,s1__vh__baseline__max_std,0.2577007053407441,0.1379415059464241
Lysychansk,s1__vh__baseline__max_max,0.14231022801008142,0.07381352289820284
Lysychansk,s1__vh__baseline__mean_mean,0.043988279045846346,0.022239616657424046
Lysychansk,s1__vh__baseline__mean_std,0.265910163833732,0.14266449491255023
Lysychansk,s1__vh__baseline__mean_max,0.08711761431055187,0.044535973596998506
Lysychansk,s1__vh__baseline__skewness_mean,0.024655502332129986,0.01240436821894247
Lysychansk,s1__vh__baseline__skewness_std,0.12427625286894739,0.06415259714592073
Lysychansk,s1__vh__baseline__skewness_max,0.08702487953569715,0.04448749569382326
Lysychansk,s1__vh__baseline__std_mean,0.0969833705186347,0.04970685372322823
Lysychansk,s1__vh__baseline__std_std,0.25057683127062846,0.13386106482936336
Lysychansk,s1__vh__baseline__std_max,0.21830138677079702,0.11557999419381879
Lysychansk,s1__vv__baseline__kurtosis_mean,0.014208700184745515,0.007129706151070925
Lysychansk,s1__vv__baseline__kurtosis_std,0.08183607693126338,0.04177874212568426
Lysychansk,s1__vv__baseline__kurtosis_max,0.07353821160924756,0.03746213040356849
Lysychansk,s1__vv__baseline__max_mean,0.03468805711093603,0.017496198276234408
Lysychansk,s1__vv__baseline__max_std,0.185191144847624,0.09716703235466931
Lysychansk,s1__vv__baseline__max_max,0.05422536114952936,0.02748701087618257
Lysychansk,s1__vv__baseline__mean_mean,0.04463673524912193,0.022571191211940782
Lysychansk,s1__vv__baseline__mean_std,0.19572180043005072,0.10298655818713438
Lysychansk,s1__vv__baseline__mean_max,0.04211251389242232,0.021281101786293413
Lysychansk,s1__vv__baseline__skewness_mean,0.010831517014044056,0.005430476891990228
Lysychansk,s1__vv__baseline__skewness_std,0.10949033121080776,0.056300721815714105
Lysychansk,s1__vv__baseline__skewness_max,0.061509114078864835,0.031237404056216084
Lysychansk,s1__vv__baseline__std_mean,0.04156957046553411,0.021003829388055215
Lysychansk,s1__vv__baseline__std_std,0.17809664558424876,0.0932654268086541
Lysychansk,s1__vv__baseline__std_max,0.12466873312735549,0.06436186107746805
Lysychansk,s1__coh__baseline__max_mean,0.0024002775669784704,0.0012008595267580767
Lysychansk,s1__coh__baseline__max_std,0.01857449600554517,0.009330643381916793
Lysychansk,s1__coh__baseline__max_max,0.003966939558198934,0.0019854394602480717
Lysychansk,s1__coh__baseline__mean_mean,0.0006993902461924772,0.0003497562806938966
Lysychansk,s1__coh__baseline__mean_std,0.030726101856761945,0.015482285374934332
Lysychansk,s1__coh__baseline__mean_max,0.008960882002966297,0.00449050825902372
Lysychansk,s1__coh__baseline__median_mean,0.00044763756087662365,0.0002238438315995297
Lysychansk,s1__coh__baseline__median_std,0.024266044533704845,0.01220722822068331
Lysychansk,s1__coh__baseline__median_max,0.006840465021960007,0.0034260948771149603
Lysychansk,s1__coh__baseline__min_mean,6.4183269177231494e-06,3.209168608241696e-06
Lysychansk,s1__coh__baseline__min_std,0.026138530137739924,0.013155419385944223
Lysychansk,s1__coh__baseline__min_max,0.012110973703009176,0.006073895665854505
Lysychansk,s1__coh__baseline__std_mean,0.004392961676789486,0.002198896640588508
Lysychansk,s1__coh__baseline__std_std,0.009208357579988391,0.004614810667755306
Lysychansk,s1__coh__baseline__std_max,0.007964066193798303,0.0039899825009024545
Lysychansk,s1__coh__post_baseline__max_mean,0.008918703440460973,0.004469324287613548
Lysychansk,s1__coh__post_baseline__max_std,0.02218010459829478,0.011152005397041129
Lysychansk,s1__coh__post_baseline__max_max,0.004150151492461118,0.002077231698933301
Lysychansk,s1__coh__post_baseline__mean_mean,0.005548447143675084,0.0027780788619928567
Lysychansk,s1__coh__post_baseline__mean_std,0.020660498830014973,0.010383976773128007
Lysychansk,s1__coh__post_baseline__mean_max,0.005449032631532402,0.0027282345655006163
Lysychansk,s1__coh__post_baseline__median_mean,0.0055303148923286916,0.002768987556216329
Lysychansk,s1__coh__post_baseline__median_std,0.01969187693546859,0.009894730251321844
Lysychansk,s1__coh__post_baseline__median_max,0.0049831091063550215,0.0024946636406041785
Lysychansk,s1__coh__post_baseline__min_mean,0.0013207417801521792,0.0006605890309735308
Lysychansk,s1__coh__post_baseline__min_std,0.01823446421583408,0.00915904842869222
Lysychansk,s1__coh__post_baseline__min_max,0.00500285254200139,0.002504560064755508
Lysychansk,s1__coh__post_baseline__std_mean,0.0025063729578216343,0.0012539723737367092
Lysychansk,s1__coh__post_baseline__std_std,0.011685471624357957,0.005859871371361073
Lysychansk,s1__coh__post_baseline__std_max,0.006627210948151774,0.0033191076226901832
Lysychansk,s1__vh__blk01__std_mean,0.030606922417077964,0.015421767722411432
Lysychansk,s1__vh__blk01__std_std,0.09786042032643949,0.05016783339140896
Lysychansk,s1__vh__blk01__std_max,0.028532042665374346,0.014368759293520845
Lysychansk,s1__vh__blk_pre01__kurtosis_mean,0.03485159777555191,0.01757941532988753
Lysychansk,s1__vh__blk_pre01__kurtosis_std,0.08418476524253804,0.043003938460037194
Lysychansk,s1__vh__blk_pre01__kurtosis_max,0.10552568611858382,0.054205787432708916
Lysychansk,s1__vh__blk_pre01__max_mean,0.0711247173434304,0.03621010261112497
Lysychansk,s1__vh__blk_pre01__max_std,0.2577007053407441,0.1379415059464241
Lysychansk,s1__vh__blk_pre01__max_max,0.14231022801008142,0.07381352289820284
Lysychansk,s1__vh__blk_pre01__mean_mean,0.043988279045846346,0.022239616657424046
Lysychansk,s1__vh__blk_pre01__mean_std,0.265910163833732,0.14266449491255023
Lysychansk,s1__vh__blk_pre01__mean_max,0.08711761431055187,0.044535973596998506
Lysychansk,s1__vh__blk_pre01__skewness_mean,0.024655502332129986,0.01240436821894247
Lysychansk,s1__vh__blk_pre01__skewness_std,0.12427625286894739,0.06415259714592073
Lysychansk,s1__vh__blk_pre01__skewness_max,0.08702487953569715,0.04448749569382326
Lysychansk,s1__vh__blk_pre01__std_mean,0.0969833705186347,0.04970685372322823
Lysychansk,s1__vh__blk_pre01__std_std,0.25057683127062846,0.13386106482936336
Lysychansk,s1__vh__blk_pre01__std_max,0.21830138677079702,0.11557999419381879
Lysychansk,s1__vv__blk01__kurtosis_std,1.0339172584750145e-07,5.169586424016374e-08
Lysychansk,s1__vv__blk01__std_mean,0.02799665651283445,0.014097228900631883
Lysychansk,s1__vv__blk01__std_std,0.09150938770736317,0.04683450626193382
Lysychansk,s1__vv__blk01__std_max,0.030066251557899992,0.01514726860799363
Lysychansk,s1__vv__blk_pre01__kurtosis_mean,0.014208700184745515,0.007129706151070925
Lysychansk,s1__vv__blk_pre01__kurtosis_std,0.08183607693126338,0.04177874212568426
Lysychansk,s1__vv__blk_pre01__kurtosis_max,0.07353821160924756,0.03746213040356849
Lysychansk,s1__vv__blk_pre01__max_mean,0.03468805711093603,0.017496198276234408
Lysychansk,s1__vv__blk_pre01__max_std,0.185191144847624,0.09716703235466931
Lysychansk,s1__vv__blk_pre01__max_max,0.05422536114952936,0.02748701087618257
Lysychansk,s1__vv__blk_pre01__mean_mean,0.04463673524912193,0.022571191211940782
Lysychansk,s1__vv__blk_pre01__mean_std,0.19572180043005072,0.10298655818713438
Lysychansk,s1__vv__blk_pre01__mean_max,0.04211251389242232,0.021281101786293413
Lysychansk,s1__vv__blk_pre01__skewness_mean,0.010831517014044056,0.005430476891990228
Lysychansk,s1__vv__blk_pre01__skewness_std,0.10949033121080776,0.056300721815714105
Lysychansk,s1__vv__blk_pre01__skewness_max,0.061509114078864835,0.031237404056216084
Lysychansk,s1__vv__blk_pre01__std_mean,0.04156957046553411,0.021003829388055215
Lysychansk,s1__vv__blk_pre01__std_std,0.17809664558424876,0.0932654268086541
Lysychansk,s1__vv__blk_pre01__std_max,0.12466873312735549,0.06436186107746805
Lysychansk,s1__vh__baseline__median_std,1.0339172584750145e-07,5.169586424016374e-08
Lysychansk,s1__vh__baseline__min_std,1.0339172584750145e-07,5.169586424016374e-08
Lysychansk,s1__vv__baseline__median_mean,1.0339172584750145e-07,5.169586424016374e-08
Lysychansk,s1__vv__baseline__median_std,0.29855727469627746,0.16167062746434221
Lysychansk,s1__vv__baseline__min_std,1.0339172584750145e-07,5.169586424016374e-08
Lysychansk,s1__vh__blk01__max_std,0.29855727469627746,0.16167062746434221
Lysychansk,s1__vh__blk01__mean_std,0.29813940061544253,0.16142505776745186
Lysychansk,s1__vh__blk01__min_std,1.0339172584750145e-07,5.169586424016374e-08
Lysychansk,s1__vh__blk_pre01__median_std,1.0339172584750145e-07,5.169586424016374e-08
Lysychansk,s1__vh__blk_pre01__min_std,1.0339172584750145e-07,5.169586424016374e-08
Lysychansk,s1__vv__blk01__max_std,0.7866479395079726,0.49976035322706486
Lysychansk,s1__vv__blk01__mean_std,0.29813940061544253,0.16142505776745186
Lysychansk,s1__vv__blk01__min_std,0.29855727469627746,0.16167062746434221
Lysychansk,s1__vv__blk_pre01__median_mean,1.0339172584750145e-07,5.169586424016374e-08
Lysychansk,s1__vv__blk_pre01__median_std,0.29855727469627746,0.16167062746434221
Lysychansk,s1__vv__blk_pre01__min_std,1.0339172584750145e-07,5.169586424016374e-08
Makariv,s1__vh__baseline__kurtosis_mean,0.03545624626951094,0.017887148594853037
Makariv,s1__vh__baseline__kurtosis_std,0.07488068514554524,0.03815923299841274
Makariv,s1__vh__baseline__kurtosis_max,0.011472549941643706,0.005752790585112888
Makariv,s1__vh__baseline__max_std,0.30193290511405,0.16365657938434158
Makariv,s1__vh__baseline__skewness_mean,0.0020217780178513056,0.001011400301822396
Makariv,s1__vh__baseline__skewness_std,0.0334786401422289,0.016881005864081408
Makariv,s1__vh__baseline__skewness_max,0.0233272541508438,0.011732180751401722
Makariv,s1__vh__baseline__std_mean,0.03536804513564018,0.01784225310509796
Makariv,s1__vh__baseline__std_std,0.1385331236817866,0.07178236046863004
Makariv,s1__vh__baseline__std_max,0.03199028926067804,0.016124447623296158
Makariv,s1__vv__baseline__kurtosis_mean,0.0017242963762869046,0.0008625200516422975
Makariv,s1__vv__baseline__kurtosis_std,0.032733862987766926,0.016502349333217106
Makariv,s1__vv__baseline__kurtosis_max,0.02292253152946988,0.011527452278003605
Makariv,s1__vv__baseline__mean_std,4.4491444865624175e-05,2.2245969872583275e-05
Makariv,s1__vv__baseline__skewness_mean,0.003931287562976449,0.001967578194553039
Makariv,s1__vv__baseline__skewness_std,0.052710044650720045,0.026708541092972507
Makariv,s1__vv__baseline__skewness_max,0.00841903187570514,0.004218400893074937
Makariv,s1__vv__baseline__std_mean,0.006974563658043387,0.003493376569810455
Makariv,s1__vv__baseline__std_std,0.10063879875741222,0.051629560791083134
Makariv,s1__vv__baseline__std_max,0.056414939650278884,0.028612943626766165
Makariv,s1__coh__baseline__mean_mean,0.7811211897525774,0.4952157523554448
Makariv,s1__coh__baseline__mean_std,0.8548160091982937,0.557581865806591
Makariv,s1__coh__baseline__median_mean,0.7811211897525774,0.4952157523554448
Makariv,s1__coh__baseline__median_std,0.9567586537497317,0.6508146350961797
Makariv,s1__coh__baseline__min_mean,0.958392240776551,0.6523817387842554
Makariv,s1__coh__baseline__min_std,0.293251907883467,0.15855732109020404
Makariv,s1__coh__baseline__std_std,4.4491444865624175e-05,2.2245969872583275e-05
Makariv,s1__coh__post_baseline__std_std,0.958392240776551,0.6523817387842554
Makariv,s1__vh__blk01__skewness_std,0.293251907883467,0.15855732109020404
Makariv,s1__vh__blk01__std_mean,0.055644590183902665,0.028216667252491077
Makariv,s1__vh__blk01__std_std,0.1817914398078444,0.09529547180680245
Makariv,s1__vh__blk01__std_max,0.14948685770870318,0.0776842057193147
Makariv,s1__vh__blk_pre01__kurtosis_mean,0.03545624626951094,0.017887148594853037
Makariv,s1__vh__blk_pre01__kurtosis_std,0.07488068514554524,0.03815923299841274
Makariv,s1__vh__blk_pre01__kurtosis_max,0.011472549941643706,0.005752790585112888
Makariv,s1__vh__blk_pre01__max_std,0.30193290511405,0.16365657938434158
Makariv,s1__vh__blk_pre01__skewness_mean,0.0020217780178513056,0.001011400301822396
Makariv,s1__vh__blk_pre01__skewness_std,0.0334786401422289,0.016881005864081408
Makariv,s1__vh__blk_pre01__skewness_max,0.0233272541508438,0.011732180751401722
Makariv,s1__vh__blk_pre01__std_mean,0.03536804513564018,0.01784225310509796
Makariv,s1__vh__blk_pre01__std_std,0.1385331236817866,0.07178236046863004
Makariv,s1__vh__blk_pre01__std_max,0.03199028926067804,0.016124447623296158
Makariv,s1__vv__blk01__kurtosis_mean,4.4491444865624175e-05,2.2245969872583275e-05
Makariv,s1__vv__blk01__kurtosis_std,0.8541116875025532,0.5569670255705023
Makariv,s1__vv__blk01__skewness_mean,0.11803623686225984,0.06083139402541026
Makariv,s1__vv__blk01__skewness_std,0.8065282711797133,0.5162807016681469
Makariv,s1__vv__blk01__std_mean,0.12025438625112139,0.06201072470926274
Makariv,s1__vv__blk01__std_std,0.2712321261619748,0.14573823744778508
Makariv,s1__vv__blk01__std_max,0.2158086031388875,0.11418186692072746
Makariv,s1__vv__blk_pre01__kurtosis_mean,0.0017242963762869046,0.0008625200516422975
Makariv,s1__vv__blk_pre01__kurtosis_std,0.032733862987766926,0.016502349333217106
Makariv,s1__vv__blk_pre01__kurtosis_max,0.02292253152946988,0.011527452278003605
Makariv,s1__vv__blk_pre01__mean_std,4.4491444865624175e-05,2.2245969872583275e-05
Makariv,s1__vv__blk_pre01__skewness_mean,0.003931287562976449,0.001967578194553039
Makariv,s1__vv__blk_pre01__skewness_std,0.052710044650720045,0.026708541092972507
Makariv,s1__vv__blk_pre01__skewness_max,0.00841903187570514,0.004218400893074937
Makariv,s1__vv__blk_pre01__std_mean,0.006974563658043387,0.003493376569810455
Makariv,s1__vv__blk_pre01__std_std,0.10063879875741222,0.051629560791083134
Makariv,s1__vv__blk_pre01__std_max,0.056414939650278884,0.028612943626766165
Makariv,s1__vh__baseline__min_mean,0.8541116875025532,0.5569670255705023
Makariv,s1__vh__baseline__min_std,0.8541116875025532,0.5569670255705023
Makariv,s1__vv__baseline__median_std,0.958392240776551,0.6523817387842554
Makariv,s1__vv__baseline__min_std,0.30193290511405,0.16365657938434158
Makariv,s1__vh__blk01__max_mean,0.7811211897525774,0.4952157523554448
Makariv,s1__vh__blk01__mean_std,4.4491444865624175e-05,2.2245969872583275e-05
Makariv,s1__vh__blk01__median_std,0.7811211897525774,0.4952157523554448
Makariv,s1__vh__blk01__min_mean,0.8548160091982937,0.557581865806591
Makariv,s1__vh__blk01__min_std,0.30193290511405,0.16365657938434158
Makariv,s1__vh__blk_pre01__min_mean,0.8541116875025532,0.5569670255705023
Makariv,s1__vh__blk_pre01__min_std,0.8541116875025532,0.5569670255705023
Makariv,s1__vv__blk01__max_mean,0.30193290511405,0.16365657938434158
Makariv,s1__vv__blk01__max_std,0.6011419830308844,0.357490978969686
Makariv,s1__vv__blk01__median_std,0.293251907883467,0.15855732109020404
Makariv,s1__vv__blk01__min_mean,4.4491444865624175e-05,2.2245969872583275e-05
Makariv,s1__vv__blk_pre01__median_std,0.958392240776551,0.6523817387842554
Makariv,s1__vv__blk_pre01__min_std,0.30193290511405,0.16365657938434158
Mariupol,s1__vh__baseline__kurtosis_mean,0.0004941547873076324,0.0002471079223017676
Mariupol,s1__vh__baseline__kurtosis_std,0.045443951869631904,0.02298409826571004
Mariupol,s1__vh__baseline__kurtosis_max,0.04117405630516813,0.0208018951136416
Mariupol,s1__vh__baseline__max_mean,0.03518781997599052,0.01775052249201912
Mariupol,s1__vh__baseline__max_std,0.22277704689387767,0.1180951732440583
Mariupol,s1__vh__baseline__max_max,0.11582732424072129,0.059658354805685085
Mariupol,s1__vh__baseline__mean_mean,0.038092779989618464,0.01923010901075954
Mariupol,s1__vh__baseline__mean_std,0.24496092708780748,0.13065606012231906
Mariupol,s1__vh__baseline__mean_max,0.11968556187583546,0.06170816338216791
Mariupol,s1__vh__baseline__skewness_mean,0.0008388507334391448,0.0004195133501412039
Mariupol,s1__vh__baseline__skewness_std,0.052811722630867086,0.02676075757697587
Mariupol,s1__vh__baseline__skewness_max,0.04086441364735949,0.02064383196979571
Mariupol,s1__vh__baseline__std_mean,0.0017937226584063826,0.00089726374995353
Mariupol,s1__vh__baseline__std_std,0.0993479918567386,0.050950191073560885
Mariupol,s1__vh__baseline__std_max,0.05849573968750987,0.02968411603205702
Mariupol,s1__vv__baseline__kurtosis_mean,0.0005216329765755923,0.0002608505068232885
Mariupol,s1__vv__baseline__kurtosis_std,0.05369656461260175,0.02721528120884547
Mariupol,s1__vv__baseline__kurtosis_max,0.036141207519472696,0.018235871134789118
Mariupol,s1__vv__baseline__max_mean,0.003638039064050469,0.001820675957072008
Mariupol,s1__vv__baseline__max_std,0.1689799026387253,0.08827393876108366
Mariupol,s1__vv__baseline__max_max,0.036339148679835676,0.01833666816624021
Mariupol,s1__vv__baseline__mean_mean,0.0042680282280676,0.0021362943667918672
Mariupol,s1__vv__baseline__mean_std,0.19291443728744562,0.10143181937216089
Mariupol,s1__vv__baseline__mean_max,0.039623545908977986,0.02001065734650901
Mariupol,s1__vv__baseline__skewness_mean,0.0036345724164288384,0.00181893947607328
Mariupol,s1__vv__baseline__skewness_std,0.050016463034509906,0.025326250601728585
Mariupol,s1__vv__baseline__skewness_max,0.03379634173433632,0.017042574034413328
Mariupol,s1__vv__baseline__std_mean,0.003343030848462991,0.0016729139648102495
Mariupol,s1__vv__baseline__std_std,0.07784400180624962,0.03969970879262802
Mariupol,s1__vv__baseline__std_max,0.05019551263061728,0.02541807589844525
Mariupol,s1__coh__baseline__max_mean,0.0010457839730280138,0.0005230287422031246
Mariupol,s1__coh__baseline__max_std,0.05327696253756109,0.026999715206614577
Mariupol,s1__coh__baseline__max_max,0.027617165160140678,0.01390480790699299
Mariupol,s1__coh__baseline__mean_mean,0.004410722153082469,0.0022077964665485226
Mariupol,s1__coh__baseline__mean_std,0.0657692768204936,0.03343749220612119
Mariupol,s1__coh__baseline__mean_max,0.052155147244252076,0.02642362288728308
Mariupol,s1__coh__baseline__median_mean,0.0038117618980602064,0.001907699451058955
Mariupol,s1__coh__baseline__median_std,0.062077748228954066,0.0315307856613081
Mariupol,s1__coh__baseline__median_max,0.044651800751507764,0.02257889594931385
Mariupol,s1__coh__baseline__min_mean,0.00672952647837044,0.0033704367853478177
Mariupol,s1__coh__baseline__min_std,0.06060987158800435,0.030773623706249142
Mariupol,s1__coh__baseline__min_max,0.06717528758824076,0.034164666074260094
Mariupol,s1__coh__baseline__std_mean,0.0015003099339296888,0.0007504364739934533
Mariupol,s1__coh__baseline__std_std,0.03826801081371545,0.019319429570000966
Mariupol,s1__coh__baseline__std_max,0.04141328871007688,0.020924033078811938
Mariupol,s1__coh__post_baseline__max_mean,0.008118228068263456,0.004067374598796557
Mariupol,s1__coh__post_baseline__max_std,0.05852779768776428,0.029700628107555714
Mariupol,s1__coh__post_baseline__max_max,0.005725812342038283,0.0028670121254050947
Mariupol,s1__coh__post_baseline__mean_mean,0.007623990964815475,0.0038192796545667485
Mariupol,s1__coh__post_baseline__mean_std,0.037663859601731575,0.019011508709910575
Mariupol,s1__coh__post_baseline__mean_max,0.004255902730357031,0.00213021867073317
Mariupol,s1__coh__post_baseline__median_mean,0.008160472877791536,0.004088583316153124
Mariupol,s1__coh__post_baseline__median_std,0.03582956088034961,0.018077192763829034
Mariupol,s1__coh__post_baseline__median_max,0.0036766403808716763,0.0018400119746758209
Mariupol,s1__coh__post_baseline__min_mean,0.007417038447093738,0.003715412829620601
Mariupol,s1__coh__post_baseline__min_std,0.03075726297671233,0.015498109159794294
Mariupol,s1__coh__post_baseline__min_max,0.00492941711686079,0.002467750952674322
Mariupol,s1__coh__post_baseline__std_mean,0.012175050249346286,0.006106129647840471
Mariupol,s1__coh__post_baseline__std_std,0.05752692233491352,0.029185237028198557
Mariupol,s1__coh__post_baseline__std_max,0.08349323009686338,0.04264304229716812
Mariupol,s1__vh__blk01__kurtosis_mean,0.002083528165906401,0.0010423070963160835
Mariupol,s1__vh__blk01__kurtosis_std,0.04419379910813115,0.022344693154633163
Mariupol,s1__vh__blk01__kurtosis_max,0.06301966849514007,0.03201695028841567
Mariupol,s1__vh__blk01__skewness_mean,0.0055060766253729465,0.002756834892349138
Mariupol,s1__vh__blk01__skewness_std,0.0558628149197411,0.028328908554611062
Mariupol,s1__vh__blk01__skewness_max,0.06881715510560205,0.03501449237083164
Mariupol,s1__vh__blk01__std_mean,0.056923660143600285,0.02887472125226214
Mariupol,s1__vh__blk01__std_std,0.16721630358712947,0.0873112238958366
Mariupol,s1__vh__blk01__std_max,0.16900159718154728,0.0882857871680871
Mariupol,s1__vh__blk_pre01__kurtosis_mean,0.0004941547873076324,0.0002471079223017676
Mariupol,s1__vh__blk_pre01__kurtosis_std,0.045443951869631904,0.02298409826571004
Mariupol,s1__vh__blk_pre01__kurtosis_max,0.04117405630516813,0.0208018951136416
Mariupol,s1__vh__blk_pre01__max_mean,0.03518781997599052,0.01775052249201912
Mariupol,s1__vh__blk_pre01__max_std,0.22277704689387767,0.1180951732440583
Mariupol,s1__vh__blk_pre01__max_max,0.11582732424072129,0.059658354805685085
Mariupol,s1__vh__blk_pre01__mean_mean,0.038092779989618464,0.01923010901075954
Mariupol,s1__vh__blk_pre01__mean_std,0.24496092708780748,0.13065606012231906
Mariupol,s1__vh__blk_pre01__mean_max,0.11968556187583546,0.06170816338216791
Mariupol,s1__vh__blk_pre01__skewness_mean,0.0008388507334391448,0.0004195133501412039
Mariupol,s1__vh__blk_pre01__skewness_std,0.052811722630867086,0.02676075757697587
Mariupol,s1__vh__blk_pre01__skewness_max,0.04086441364735949,0.02064383196979571
Mariupol,s1__vh__blk_pre01__std_mean,0.0017937226584063826,0.00089726374995353
Mariupol,s1__vh__blk_pre01__std_std,0.0993479918567386,0.050950191073560885
Mariupol,s1__vh__blk_pre01__std_max,0.05849573968750987,0.02968411603205702
Mariupol,s1__vv__blk01__kurtosis_mean,0.004002364279360737,0.002003187180072363
Mariupol,s1__vv__blk01__kurtosis_std,0.049616693445366566,0.0251212598372279
Mariupol,s1__vv__blk01__kurtosis_max,0.06446438082483952,0.03276308660657376
Mariupol,s1__vv__blk01__skewness_mean,0.005176693738183413,0.0025917024303373764
Mariupol,s1__vv__blk01__skewness_std,0.060807736759461495,0.03087565334060961
Mariupol,s1__vv__blk01__skewness_max,0.05692667184744882,0.028876271220279734
Mariupol,s1__vv__blk01__std_mean,0.06095957496794613,0.030953956124772912
Mariupol,s1__vv__blk01__std_std,0.17340271990772238,0.0906923543405354
Mariupol,s1__vv__blk01__std_max,0.15207341536794727,0.07908293506029565
Mariupol,s1__vv__blk_pre01__kurtosis_mean,0.0005216329765755923,0.0002608505068232885
Mariupol,s1__vv__blk_pre01__kurtosis_std,0.05369656461260175,0.02721528120884547
Mariupol,s1__vv__blk_pre01__kurtosis_max,0.036141207519472696,0.018235871134789118
Mariupol,s1__vv__blk_pre01__max_mean,0.003638039064050469,0.001820675957072008
Mariupol,s1__vv__blk_pre01__max_std,0.1689799026387253,0.08827393876108366
Mariupol,s1__vv__blk_pre01__max_max,0.036339148679835676,0.01833666816624021
Mariupol,s1__vv__blk_pre01__mean_mean,0.0042680282280676,0.0021362943667918672
Mariupol,s1__vv__blk_pre01__mean_std,0.19291443728744562,0.10143181937216089
Mariupol,s1__vv__blk_pre01__mean_max,0.039623545908977986,0.02001065734650901
Mariupol,s1__vv__blk_pre01__skewness_mean,0.0036345724164288384,0.00181893947607328
Mariupol,s1__vv__blk_pre01__skewness_std,0.050016463034509906,0.025326250601728585
Mariupol,s1__vv__blk_pre01__skewness_max,0.03379634173433632,0.017042574034413328
Mariupol,s1__vv__blk_pre01__std_mean,0.003343030848462991,0.0016729139648102495
Mariupol,s1__vv__blk_pre01__std_std,0.07784400180624962,0.03969970879262802
Mariupol,s1__vv__blk_pre01__std_max,0.05019551263061728,0.02541807589844525
Mariupol,s1__vh__baseline__median_mean,0.03621505935459113,0.01827347731301971
Mariupol,s1__vh__baseline__median_std,0.23661103000079264,0.1259096718711728
Mariupol,s1__vh__baseline__median_max,0.11786562944541701,0.06074074420125576
Mariupol,s1__vh__baseline__min_mean,0.032492068289310394,0.01637944789362351
Mariupol,s1__vh__baseline__min_std,0.23213313629322285,0.12337352251320277
Mariupol,s1__vh__baseline__min_max,0.11270201351157239,0.05800101117270198
Mariupol,s1__vv__baseline__median_mean,0.004804182896169351,0.002404981098143724
Mariupol,s1__vv__baseline__median_std,0.1893330275027485,0.09945191006671204
Mariupol,s1__vv__baseline__median_max,0.0392484303175904,0.019819326897588342
Mariupol,s1__vv__baseline__min_mean,0.004476978394980291,0.0022409983596213675
Mariupol,s1__vv__baseline__min_std,0.191007341776664,0.10037703262747394
Mariupol,s1__vv__baseline__min_max,0.03662907504723578,0.018484324912833708
Mariupol,s1__vh__blk01__max_mean,0.037958470397274846,0.019161652666925183
Mariupol,s1__vh__blk01__max_std,0.2016482476841377,0.10627662831877059
Mariupol,s1__vh__blk01__max_max,0.1150346254393253,0.059237728762011166
Mariupol,s1__vh__blk01__mean_mean,0.02003611459889565,0.01006857571625865
Mariupol,s1__vh__blk01__mean_std,0.18627258866999008,0.0977631095466633
Mariupol,s1__vh__blk01__mean_max,0.07969026144857261,0.04066068536907401
Mariupol,s1__vh__blk01__median_mean,0.017457637361223854,0.008767137969435394
Mariupol,s1__vh__blk01__median_std,0.1833902964928884,0.09617521691215275
Mariupol,s1__vh__blk01__median_max,0.07839823709691429,0.03998809080260539
Mariupol,s1__vh__blk01__min_mean,0.010557407362679738,0.0052926852624049885
Mariupol,s1__vh__blk01__min_std,0.17059141894062146,0.08915444568941858
Mariupol,s1__vh__blk01__min_max,0.06157860802176551,0.031273254205988255
Mariupol,s1__vh__blk_pre01__median_mean,0.03621505935459113,0.01827347731301971
Mariupol,s1__vh__blk_pre01__median_std,0.23661103000079264,0.1259096718711728
Mariupol,s1__vh__blk_pre01__median_max,0.11786562944541701,0.06074074420125576
Mariupol,s1__vh__blk_pre01__min_mean,0.032492068289310394,0.01637944789362351
Mariupol,s1__vh__blk_pre01__min_std,0.23213313629322285,0.12337352251320277
Mariupol,s1__vh__blk_pre01__min_max,0.11270201351157239,0.05800101117270198
Mariupol,s1__vv__blk01__max_mean,0.005418481323651747,0.0027129172964010166
Mariupol,s1__vv__blk01__max_std,0.160720837254545,0.08377344507427377
Mariupol,s1__vv__blk01__max_max,0.04270723775707874,0.021584905867590154
Mariupol,s1__vv__blk01__mean_mean,0.00019680787765996577,9.840878081526041e-05
Mariupol,s1__vv__blk01__mean_std,0.12084112730275787,0.06232291197473723
Mariupol,s1__vv__blk01__mean_max,0.014691976140678742,0.007373102711533584
Mariupol,s1__vv__blk01__median_mean,0.00013873799728658653,6.937140478356932e-05
Mariupol,s1__vv__blk01__median_std,0.12204898710251144,0.06296588483320857
Mariupol,s1__vv__blk01__median_max,0.015632305147972758,0.007846858802213497
Mariupol,s1__vv__blk01__min_mean,0.0012898619464116745,0.0006451390306458648
Mariupol,s1__vv__blk01__min_std,0.09976153909920416,0.051167796525475734
Mariupol,s1__vv__blk01__min_max,0.005380904188037272,0.002694077865022687
Mariupol,s1__vv__blk_pre01__median_mean,0.004804182896169351,0.002404981098143724
Mariupol,s1__vv__blk_pre01__median_std,0.1893330275027485,0.09945191006671204
Mariupol,s1__vv__blk_pre01__median_max,0.0392484303175904,0.019819326897588342
Mariupol,s1__vv__blk_pre01__min_mean,0.004476978394980291,0.0022409983596213675
Mariupol,s1__vv__blk_pre01__min_std,0.191007341776664,0.10037703262747394
Mariupol,s1__vv__blk_pre01__min_max,0.03662907504723578,0.018484324912833708
Moschun,s1__vh__baseline__kurtosis_mean,0.005987966009528778,0.0029984739379726477
Moschun,s1__vh__baseline__kurtosis_std,0.009595594593338586,0.004809343672369666
Moschun,s1__vh__baseline__kurtosis_max,0.014215367634738962,0.00713306373511687
Moschun,s1__vh__baseline__max_mean,0.03632584191067578,0.018329891678302266
Moschun,s1__vh__baseline__max_std,0.0013485882175492403,0.0006745215472931945
Moschun,s1__vh__baseline__max_max,0.03196376265641376,0.016110968815063496
Moschun,s1__vh__baseline__mean_mean,0.041596533957433346,0.02101759739181459
Moschun,s1__vh__baseline__mean_std,0.0057199904055798,0.002864092803680735
Moschun,s1__vh__baseline__mean_max,0.03404168009816355,0.017167359516551548
Moschun,s1__vh__baseline__skewness_mean,0.0213347844382048,0.010724696738348081
Moschun,s1__vh__baseline__skewness_std,0.006434028331736341,0.00322219988060505
Moschun,s1__vh__baseline__skewness_max,0.02697592424960704,0.013579750983480833
Moschun,s1__vh__baseline__std_mean,0.008553280854528778,0.004285811410608361
Moschun,s1__vh__baseline__std_std,0.022460020949298887,0.011293543138413025
Moschun,s1__vh__baseline__std_max,0.022593855104753757,0.011361222520792217
Moschun,s1__vv__baseline__kurtosis_mean,0.021407249863504063,0.0107613207977021
Moschun,s1__vv__baseline__kurtosis_std,0.006541617116506027,0.00327616934516229
Moschun,s1__vv__baseline__kurtosis_max,0.0056337394198247015,0.0028208445535595986
Moschun,s1__vv__baseline__max_mean,0.007572319334362421,0.003793345312762361
Moschun,s1__vv__baseline__max_std,0.010912548532211241,0.005471214099205415
Moschun,s1__vv__baseline__max_max,0.010184333579223104,0.0051051760532701985
Moschun,s1__vv__baseline__mean_mean,0.007645604888667945,0.0038301280290666717
Moschun,s1__vv__baseline__mean_std,0.028989155576292225,0.014600650413778787
Moschun,s1__vv__baseline__mean_max,0.015192525416420466,0.0076252612588556985
Moschun,s1__vv__baseline__skewness_mean,0.022111347398669823,0.011117241865401993
Moschun,s1__vv__baseline__skewness_std,0.0028623126076505745,0.0014321813861604203
Moschun,s1__vv__baseline__skewness_max,0.02003616049742707,0.010068598897758175
Moschun,s1__vv__baseline__std_mean,0.002386832812586892,0.001194129094731983
Moschun,s1__vv__baseline__std_std,0.07052095247973944,0.03589713764370511
Moschun,s1__vv__baseline__std_max,0.009233993103550997,0.0046276878006871495
Moschun,s1__coh__baseline__max_mean,0.08164678419525595,0.04168006265714076
Moschun,s1__coh__baseline__max_std,0.02181371161806389,0.010966771621229403
Moschun,s1__coh__baseline__max_max,0.03817491695866293,0.01927197576552907
Moschun,s1__coh__baseline__mean_mean,0.04169801191101241,0.021069415408150136
Moschun,s1__coh__baseline__mean_std,0.01359509720933949,0.006820757172224326
Moschun,s1__coh__baseline__mean_max,0.037247348927189616,0.01879927877156617
Moschun,s1__coh__baseline__median_mean,0.051541690292099096,0.026108731087726992
Moschun,s1__coh__baseline__median_std,0.01941765252675398,0.009756264211327765
Moschun,s1__coh__baseline__median_max,0.04496831225282172,0.022740778687641978
Moschun,s1__coh__baseline__min_mean,0.013759823181283437,0.006903687294969898
Moschun,s1__coh__baseline__min_std,0.006111777836840915,0.003060567681245665
Moschun,s1__coh__baseline__min_max,0.02442422928820598,0.012287295218994063
Moschun,s1__coh__baseline__std_mean,0.00427394671230652,0.002139259941878346
Moschun,s1__coh__baseline__std_std,0.007959878660295017,0.003987880365579063
Moschun,s1__coh__baseline__std_max,0.0005679363557693495,0.00028400850448223
Moschun,s1__coh__post_baseline__max_mean,0.01987169093135477,0.009985535393174793
Moschun,s1__coh__post_baseline__max_std,0.05706302915251271,0.02894644978113172
Moschun,s1__coh__post_baseline__max_max,0.021181286150559142,0.010647123062517408
Moschun,s1__coh__post_baseline__mean_mean,0.02453308746440963,0.012342398737208535
Moschun,s1__coh__post_baseline__mean_std,0.03210963874627448,0.01618509422684299
Moschun,s1__coh__post_baseline__mean_max,0.024169178586353812,0.012158201593086473
Moschun,s1__coh__post_baseline__median_mean,0.032835921967147685,0.016554229261860127
Moschun,s1__coh__post_baseline__median_std,0.028125826492385153,0.01416273295294605
Moschun,s1__coh__post_baseline__median_max,0.026342126608269734,0.013258570987244585
Moschun,s1__coh__post_baseline__min_mean,0.022141273941353568,0.011132372529632843
Moschun,s1__coh__post_baseline__min_std,0.017756327169654584,0.008917809307723934
Moschun,s1__coh__post_baseline__min_max,0.023996693714287476,0.012070908014154669
Moschun,s1__coh__post_baseline__std_mean,0.04283346546703015,0.021649398917804933
Moschun,s1__coh__post_baseline__std_std,0.012925990309685442,0.006483970733581489
Moschun,s1__coh__post_baseline__std_max,0.029647809187979934,0.014934876726823549
Moschun,s1__vh__blk01__kurtosis_mean,0.0409428379295933,0.02068386281425879
Moschun,s1__vh__blk01__kurtosis_std,0.027687123968384908,0.013940277719307585
Moschun,s1__vh__blk01__kurtosis_max,0.04655067043609318,0.023550483666489506
Moschun,s1__vh__blk01__skewness_mean,0.01624738532278225,0.008156869654585315
Moschun,s1__vh__blk01__skewness_std,0.0021465030166472054,0.001073827855137337
Moschun,s1__vh__blk01__skewness_max,0.007690510831408259,0.0038526674171035463
Moschun,s1__vh__blk01__std_mean,0.00548026213076791,0.002743892096561718
Moschun,s1__vh__blk01__std_std,0.07486567070967132,0.0381514338052885
Moschun,s1__vh__blk01__std_max,0.020000636283866724,0.010050657209041254
Moschun,s1__vh__blk_pre01__kurtosis_mean,0.005987966009528778,0.0029984739379726477
Moschun,s1__vh__blk_pre01__kurtosis_std,0.009595594593338586,0.004809343672369666
Moschun,s1__vh__blk_pre01__kurtosis_max,0.014215367634738962,0.00713306373511687
Moschun,s1__vh__blk_pre01__max_mean,0.03632584191067578,0.018329891678302266
Moschun,s1__vh__blk_pre01__max_std,0.0013485882175492403,0.0006745215472931945
Moschun,s1__vh__blk_pre01__max_max,0.03196376265641376,0.016110968815063496
Moschun,s1__vh__blk_pre01__mean_mean,0.041596533957433346,0.02101759739181459
Moschun,s1__vh__blk_pre01__mean_std,0.0057199904055798,0.002864092803680735
Moschun,s1__vh__blk_pre01__mean_max,0.03404168009816355,0.017167359516551548
Moschun,s1__vh__blk_pre01__skewness_mean,0.0213347844382048,0.010724696738348081
Moschun,s1__vh__blk_pre01__skewness_std,0.006434028331736341,0.00322219988060505
Moschun,s1__vh__blk_pre01__skewness_max,0.02697592424960704,0.013579750983480833
Moschun,s1__vh__blk_pre01__std_mean,0.008553280854528778,0.004285811410608361
Moschun,s1__vh__blk_pre01__std_std,0.022460020949298887,0.011293543138413025
Moschun,s1__vh__blk_pre01__std_max,0.022593855104753757,0.011361222520792217
Moschun,s1__vv__blk01__kurtosis_mean,0.005062975729806851,0.0025346974982179034
Moschun,s1__vv__blk01__kurtosis_std,0.008648690009357196,0.004333722027289757
Moschun,s1__vv__blk01__kurtosis_max,0.00888503520364492,0.004452414906655271
Moschun,s1__vv__blk01__skewness_mean,0.0012462031154396591,0.0006232957661740443
Moschun,s1__vv__blk01__skewness_std,0.016412062292328722,0.008239885956043025
Moschun,s1__vv__blk01__skewness_max,0.007793936577953131,0.0039045812546593946
Moschun,s1__vv__blk01__std_mean,0.002669084764937324,0.0013354336772225936
Moschun,s1__vv__blk01__std_std,0.004060795423887598,0.0020324617637487675
Moschun,s1__vv__blk01__std_max,0.0018712632203963242,0.0009360695866642028
Moschun,s1__vv__blk_pre01__kurtosis_mean,0.021407249863504063,0.0107613207977021
Moschun,s1__vv__blk_pre01__kurtosis_std,0.006541617116506027,0.00327616934516229
Moschun,s1__vv__blk_pre01__kurtosis_max,0.0056337394198247015,0.0028208445535595986
Moschun,s1__vv__blk_pre01__max_mean,0.007572319334362421,0.003793345312762361
Moschun,s1__vv__blk_pre01__max_std,0.010912548532211241,0.005471214099205415
Moschun,s1__vv__blk_pre01__max_max,0.010184333579223104,0.0051051760532701985
Moschun,s1__vv__blk_pre01__mean_mean,0.007645604888667945,0.0038301280290666717
Moschun,s1__vv__blk_pre01__mean_std,0.028989155576292225,0.014600650413778787
Moschun,s1__vv__blk_pre01__mean_max,0.015192525416420466,0.0076252612588556985
Moschun,s1__vv__blk_pre01__skewness_mean,0.022111347398669823,0.011117241865401993
Moschun,s1__vv__blk_pre01__skewness_std,0.0028623126076505745,0.0014321813861604203
Moschun,s1__vv__blk_pre01__skewness_max,0.02003616049742707,0.010068598897758175
Moschun,s1__vv__blk_pre01__std_mean,0.002386832812586892,0.001194129094731983
Moschun,s1__vv__blk_pre01__std_std,0.07052095247973944,0.03589713764370511
Moschun,s1__vv__blk_pre01__std_max,0.009233993103550997,0.0046276878006871495
Moschun,s1__vh__baseline__median_mean,0.035395739930184966,0.017856349887795747
Moschun,s1__vh__baseline__median_std,0.006757252255456869,0.003384346573449845
Moschun,s1__vh__baseline__median_max,0.031105471240096882,0.015674948229024963
Moschun,s1__vh__baseline__min_mean,0.04038669794231908,0.02040002165124249
Moschun,s1__vh__baseline__min_std,0.005017510175936657,0.002511907287181564
Moschun,s1__vh__baseline__min_max,0.03558093041103039,0.01795061783453188
Moschun,s1__vv__baseline__median_mean,0.007540247706739889,0.0037772486836039937
Moschun,s1__vv__baseline__median_std,0.03617613334794223,0.0182536555799704
Moschun,s1__vv__baseline__median_max,0.0151514118773588,0.007604547353966321
Moschun,s1__vv__baseline__min_mean,0.010999096106090178,0.005514726241803298
Moschun,s1__vv__baseline__min_std,0.01024976334500427,0.0051380589190805
Moschun,s1__vv__baseline__min_max,0.016975449289275968,0.008523950508545023
Moschun,s1__vh__blk01__max_mean,0.05321841982704689,0.026969643219411314
Moschun,s1__vh__blk01__max_std,0.019468396708305136,0.009781885378597768
Moschun,s1__vh__blk01__max_max,0.041608644361669445,0.02102378122568267
Moschun,s1__vh__blk01__mean_mean,0.026680672937424488,0.013430118129673463
Moschun,s1__vh__blk01__mean_std,0.013506283932386287,0.00677604761102568
Moschun,s1__vh__blk01__mean_max,0.014134724831201817,0.007092454514553214
Moschun,s1__vh__blk01__median_mean,0.02031363453502011,0.010208749680622367
Moschun,s1__vh__blk01__median_std,0.015085810546714429,0.007571496849779568
Moschun,s1__vh__blk01__median_max,0.015135993821135507,0.0075967795088857345
Moschun,s1__vh__blk01__min_mean,0.012424791518197198,0.0062317729839771255
Moschun,s1__vh__blk01__min_std,0.0051051429161392825,0.002555834823091747
Moschun,s1__vh__blk01__min_max,0.005387697216372445,0.0026974835478003416
Moschun,s1__vh__blk_pre01__median_mean,0.035395739930184966,0.017856349887795747
Moschun,s1__vh__blk_pre01__median_std,0.006757252255456869,0.003384346573449845
Moschun,s1__vh__blk_pre01__median_max,0.031105471240096882,0.015674948229024963
Moschun,s1__vh__blk_pre01__min_mean,0.04038669794231908,0.02040002165124249
Moschun,s1__vh__blk_pre01__min_std,0.005017510175936657,0.002511907287181564
Moschun,s1__vh__blk_pre01__min_max,0.03558093041103039,0.01795061783453188
Moschun,s1__vv__blk01__max_mean,0.00883243759942176,0.0044259990992046175
Moschun,s1__vv__blk01__max_std,0.004395073257134285,0.0021999547554484833
Moschun,s1__vv__blk01__max_max,0.01042427029419457,0.0052257657070025635
Moschun,s1__vv__blk01__mean_mean,0.008190912537935136,0.004103865617926817
Moschun,s1__vv__blk01__mean_std,0.004427751673181213,0.0022163300826335782
Moschun,s1__vv__blk01__mean_max,0.01061814874264888,0.0053232175871307285
Moschun,s1__vv__blk01__median_mean,0.008098253364742902,0.004057346592290768
Moschun,s1__vv__blk01__median_std,0.005720235825234621,0.0028642158654718065
Moschun,s1__vv__blk01__median_max,0.010735168496515568,0.005382041485421404
Moschun,s1__vv__blk01__min_mean,0.005032255155598575,0.002519298346615771
Moschun,s1__vv__blk01__min_std,0.005578778185893141,0.0027932866883298513
Moschun,s1__vv__blk01__min_max,0.0076055399224510545,0.0038100188740487506
Moschun,s1__vv__blk_pre01__median_mean,0.007540247706739889,0.0037772486836039937
Moschun,s1__vv__blk_pre01__median_std,0.03617613334794223,0.0182536555799704
Moschun,s1__vv__blk_pre01__median_max,0.0151514118773588,0.007604547353966321
Moschun,s1__vv__blk_pre01__min_mean,0.010999096106090178,0.005514726241803298
Moschun,s1__vv__blk_pre01__min_std,0.01024976334500427,0.0051380589190805
Moschun,s1__vv__blk_pre01__min_max,0.016975449289275968,0.008523950508545023
Mykolaiv,s1__vh__baseline__kurtosis_mean,0.06903526641623303,0.03512744057202334
Mykolaiv,s1__vh__baseline__kurtosis_std,0.06903526641623303,0.03512744057202331
Mykolaiv,s1__vh__baseline__kurtosis_max,0.06903526641623303,0.035127440572023355
Mykolaiv,s1__vh__baseline__mean_mean,0.9082107496948575,0.605329316089074
Mykolaiv,s1__vh__baseline__skewness_std,0.06903526641623303,0.03512744057202337
Mykolaiv,s1__vh__baseline__skewness_max,0.06903526641623303,0.0351274405720233
Mykolaiv,s1__vh__baseline__std_mean,0.06903526641623303,0.035127440572023265
Mykolaiv,s1__vh__baseline__std_std,0.06903526641623303,0.03512744057202333
Mykolaiv,s1__vh__baseline__std_max,0.06903526641623303,0.03512744057202334
Mykolaiv,s1__vv__baseline__kurtosis_mean,0.06903526641623325,0.0351274405720234
Mykolaiv,s1__vv__baseline__kurtosis_std,0.06903526641623303,0.03512744057202334
Mykolaiv,s1__vv__baseline__kurtosis_max,0.06903526641623303,0.035127440572023355
Mykolaiv,s1__vv__baseline__max_std,0.8231076066566518,0.5302697809784029
Mykolaiv,s1__vv__baseline__mean_mean,0.3006395013652743,0.1628951775438855
Mykolaiv,s1__vv__baseline__skewness_std,0.06903526641623303,0.03512744057202337
Mykolaiv,s1__vv__baseline__skewness_max,0.06903526641623303,0.03512744057202334
Mykolaiv,s1__vv__baseline__std_mean,0.06903526641623303,0.0351274405720233
Mykolaiv,s1__vv__baseline__std_std,0.06903526641623303,0.035127440572023355
Mykolaiv,s1__vv__baseline__std_max,0.06903526641623303,0.03512744057202331
Mykolaiv,s1__coh__baseline__median_std,0.9585550428221017,0.6525380498027912
Mykolaiv,s1__coh__baseline__min_std,0.45955592200087536,0.26107644336574126
Mykolaiv,s1__coh__baseline__std_std,0.11277165383003718,0.058037911335708015
Mykolaiv,s1__coh__post_baseline__max_mean,0.8560929201839498,0.5586975148382007
Mykolaiv,s1__coh__post_baseline__mean_mean,0.3006395013652743,0.1628951775438855
Mykolaiv,s1__coh__post_baseline__mean_std,0.9585550428221017,0.6525380498027912
Mykolaiv,s1__coh__post_baseline__min_mean,0.8560929201839498,0.5586975148382007
Mykolaiv,s1__coh__post_baseline__std_std,0.1169442311599298,0.06025131430806683
Mykolaiv,s1__vh__blk01__kurtosis_mean,0.06895526712714362,0.03508601173048591
Mykolaiv,s1__vh__blk01__kurtosis_std,0.06847532055252592,0.034837500169473325
Mykolaiv,s1__vh__blk01__kurtosis_max,0.06864266054653134,0.03492414014102374
Mykolaiv,s1__vh__blk01__skewness_mean,0.06906007544599002,0.03514028865189765
Mykolaiv,s1__vh__blk01__skewness_std,0.06882538021055251,0.03501875148202259
Mykolaiv,s1__vh__blk01__skewness_max,0.06961982118039245,0.03543021319756485
Mykolaiv,s1__vh__blk01__std_mean,0.0663137873600621,0.033719044551841534
Mykolaiv,s1__vh__blk01__std_std,0.14696468028761522,0.07632217261140276
Mykolaiv,s1__vh__blk01__std_max,0.06818550946308011,0.03468746877060406
Mykolaiv,s1__vh__blk_pre01__kurtosis_mean,0.06903526641623303,0.03512744057202334
Mykolaiv,s1__vh__blk_pre01__kurtosis_std,0.06903526641623303,0.03512744057202331
Mykolaiv,s1__vh__blk_pre01__kurtosis_max,0.06903526641623303,0.035127440572023355
Mykolaiv,s1__vh__blk_pre01__mean_mean,0.9082107496948575,0.605329316089074
Mykolaiv,s1__vh__blk_pre01__skewness_std,0.06903526641623303,0.03512744057202337
Mykolaiv,s1__vh__blk_pre01__skewness_max,0.06903526641623303,0.0351274405720233
Mykolaiv,s1__vh__blk_pre01__std_mean,0.06903526641623303,0.035127440572023265
Mykolaiv,s1__vh__blk_pre01__std_std,0.06903526641623303,0.03512744057202333
Mykolaiv,s1__vh__blk_pre01__std_max,0.06903526641623303,0.03512744057202334
Mykolaiv,s1__vv__blk01__kurtosis_mean,0.06903867846234224,0.03512920758985878
Mykolaiv,s1__vv__blk01__kurtosis_std,0.06875885985577557,0.034984306534136055
Mykolaiv,s1__vv__blk01__kurtosis_max,0.06872139783785625,0.03496490882465106
Mykolaiv,s1__vv__blk01__skewness_mean,0.06902771674816943,0.03512353078891158
Mykolaiv,s1__vv__blk01__skewness_std,0.06893288939958109,0.035074423393084135
Mykolaiv,s1__vv__blk01__skewness_max,0.06957519429848436,0.035407095281954515
Mykolaiv,s1__vv__blk01__std_mean,0.06721723385624823,0.034186368364646266
Mykolaiv,s1__vv__blk01__std_std,0.11120561645390592,0.05720844733190598
Mykolaiv,s1__vv__blk01__std_max,0.06841136346663057,0.03480438848950439
Mykolaiv,s1__vv__blk_pre01__kurtosis_mean,0.06903526641623325,0.0351274405720234
Mykolaiv,s1__vv__blk_pre01__kurtosis_std,0.06903526641623303,0.03512744057202334
Mykolaiv,s1__vv__blk_pre01__kurtosis_max,0.06903526641623303,0.035127440572023355
Mykolaiv,s1__vv__blk_pre01__max_std,0.8231076066566518,0.5302697809784029
Mykolaiv,s1__vv__blk_pre01__mean_mean,0.3006395013652743,0.1628951775438855
Mykolaiv,s1__vv__blk_pre01__skewness_std,0.06903526641623303,0.03512744057202337
Mykolaiv,s1__vv__blk_pre01__skewness_max,0.06903526641623303,0.03512744057202334
Mykolaiv,s1__vv__blk_pre01__std_mean,0.06903526641623303,0.0351274405720233
Mykolaiv,s1__vv__blk_pre01__std_std,0.06903526641623303,0.035127440572023355
Mykolaiv,s1__vv__blk_pre01__std_max,0.06903526641623303,0.03512744057202331
Mykolaiv,s1__vh__baseline__median_mean,0.3006395013652743,0.1628951775438855
Mykolaiv,s1__vh__baseline__median_std,1.7901960879695977e-05,8.951020500117608e-06
Mykolaiv,s1__vv__baseline__min_std,0.9595754428370729,0.6535183226677846
Mykolaiv,s1__vh__blk01__max_mean,0.028087796563161183,0.014143446954369868
Mykolaiv,s1__vh__blk01__max_std,0.11514789845361117,0.05929782345627044
Mykolaiv,s1__vh__blk01__max_max,0.012986317023838234,0.0065143307652781365
Mykolaiv,s1__vh__blk01__mean_mean,0.06951353576248787,0.03537515539435249
Mykolaiv,s1__vh__blk01__mean_std,0.04393766630402807,0.022213741512365888
Mykolaiv,s1__vh__blk01__mean_max,0.0685703531783095,0.03488670221421738
Mykolaiv,s1__vh__blk01__median_mean,0.9082107496948575,0.605329316089074
Mykolaiv,s1__vh__blk01__min_mean,0.9082107496948575,0.605329316089074
Mykolaiv,s1__vh__blk02__kurtosis_mean,0.7833095480160539,0.49701275224889924
Mykolaiv,s1__vh__blk02__kurtosis_std,0.3006395013652743,0.1628951775438855
Mykolaiv,s1__vh__blk02__max_mean,0.9585550428221017,0.6525380498027912
Mykolaiv,s1__vh__blk02__max_std,0.3006395013652743,0.1628951775438855
Mykolaiv,s1__vh__blk02__mean_mean,0.9082107496948575,0.605329316089074
Mykolaiv,s1__vh__blk02__mean_std,0.11277165383003718,0.058037911335708015
Mykolaiv,s1__vh__blk02__median_std,0.3006395013652743,0.1628951775438855
Mykolaiv,s1__vh__blk02__skewness_mean,0.2951360583250031,0.15966187261273043
Mykolaiv,s1__vh__blk02__skewness_std,0.11277165383003718,0.058037911335708015
Mykolaiv,s1__vh__blk_pre01__median_mean,0.3006395013652743,0.1628951775438855
Mykolaiv,s1__vh__blk_pre01__median_std,1.7901960879695977e-05,8.951020500117608e-06
Mykolaiv,s1__vv__blk01__max_mean,0.01961543623494455,0.009856130588799323
Mykolaiv,s1__vv__blk01__max_std,0.09065319798525873,0.04638598546675832
Mykolaiv,s1__vv__blk01__max_max,0.010438353853359228,0.0052328444066474
Mykolaiv,s1__vv__blk01__mean_mean,0.06925988886051138,0.03524377387742266
Mykolaiv,s1__vv__blk01__mean_std,0.03523617141932478,0.017775131479467573
Mykolaiv,s1__vv__blk01__mean_max,0.06850163093814099,0.03485112182551052
Mykolaiv,s1__vv__blk01__median_mean,0.3006395013652743,0.1628951775438855
Mykolaiv,s1__vv__blk01__median_std,0.2951360583250031,0.15966187261273043
Mykolaiv,s1__vv__blk01__min_std,1.7901960879695977e-05,8.951020500117608e-06
Mykolaiv,s1__vv__blk02__kurtosis_mean,0.8565256380549406,0.5590758670170308
Mykolaiv,s1__vv__blk02__max_mean,1.1796299332049647,0.891146920119882
Mykolaiv,s1__vv__blk02__max_std,0.45955592200087536,0.26107644336574126
Mykolaiv,s1__vv__blk02__mean_std,0.8565256380549406,0.5590758670170308
Mykolaiv,s1__vv__blk02__median_mean,1.7901960879695977e-05,8.951020500117608e-06
Mykolaiv,s1__vv__blk02__median_std,0.7833095480160539,0.49701275224889924
Mykolaiv,s1__vv__blk02__min_std,0.7833095480160539,0.49701275224889924
Mykolaiv,s1__vv__blk02__skewness_std,1.7901960879695977e-05,8.951020500117608e-06
Mykolaiv,s1__vv__blk_pre01__min_std,0.9595754428370729,0.6535183226677846
Mykolaiv,s1__vh__blk03__kurtosis_std,0.8560929201839498,0.5586975148382007
Mykolaiv,s1__vh__blk03__mean_mean,0.3006395013652743,0.1628951775438855
Mykolaiv,s1__vh__blk03__mean_std,0.11277165383003718,0.058037911335708015
Mykolaiv,s1__vh__blk03__median_mean,0.7959576584600825,0.5074626668997161
Mykolaiv,s1__vh__blk03__median_std,0.3006395013652743,0.1628951775438855
Mykolaiv,s1__vh__blk03__min_std,0.8084222347805561,0.5178688984780514
Mykolaiv,s1__vh__blk03__skewness_std,0.5947071216482027,0.3529014451549076
Mykolaiv,s1__vh__blk03__std_std,1.7901960879695977e-05,8.951020500117608e-06
Mykolaiv,s1__vh__blk04__kurtosis_std,0.5947071216482027,0.3529014451549076
Mykolaiv,s1__vh__blk04__mean_mean,0.1730489628205345,0.09049870309655383
Mykolaiv,s1__vh__blk04__median_mean,0.8560929201839498,0.5586975148382007
Mykolaiv,s1__vh__blk04__min_std,0.3006395013652743,0.1628951775438855
Mykolaiv,s1__vh__blk04__skewness_std,1.7901960879695977e-05,8.951020500117608e-06
Mykolaiv,s1__vh__blk04__std_std,0.17788611198921944,0.0931498765347353
Mykolaiv,s1__vh__blk05__mean_std,0.5947071216482027,0.3529014451549076
Mykolaiv,s1__vh__blk05__median_std,0.7833095480160539,0.49701275224889924
Mykolaiv,s1__vh__blk05__min_mean,0.8560929201839498,0.5586975148382007
Mykolaiv,s1__vh__blk05__min_std,0.11277165383003718,0.058037911335708015
Mykolaiv,s1__vh__blk05__std_std,0.9585550428221017,0.6525380498027912
Mykolaiv,s1__vh__blk06__kurtosis_mean,0.7833095480160539,0.49701275224889924
Mykolaiv,s1__vh__blk06__max_std,0.5947071216482027,0.3529014451549076
Mykolaiv,s1__vh__blk06__median_mean,0.7959576584600825,0.5074626668997161
Mykolaiv,s1__vh__blk06__min_std,1.7901960879695977e-05,8.951020500117608e-06
Mykolaiv,s1__vh__blk06__std_std,0.11277165383003718,0.058037911335708015
Mykolaiv,s1__vh__blk07__mean_mean,0.9082107496948575,0.605329316089074
Mykolaiv,s1__vh__blk07__mean_std,1.7901960879695977e-05,8.951020500117608e-06
Mykolaiv,s1__vh__blk07__median_mean,0.3006395013652743,0.1628951775438855
Mykolaiv,s1__vh__blk07__skewness_mean,0.7959576584600825,0.5074626668997161
Mykolaiv,s1__vh__blk08__kurtosis_mean,0.2951360583250031,0.15966187261273043
Mykolaiv,s1__vh__blk08__max_mean,0.2951360583250031,0.15966187261273043
Mykolaiv,s1__vh__blk08__max_std,1.7901960879695977e-05,8.951020500117608e-06
Mykolaiv,s1__vh__blk08__median_std,0.11277165383003718,0.058037911335708015
Mykolaiv,s1__vh__blk08__min_mean,0.3006395013652743,0.1628951775438855
Mykolaiv,s1__vh__blk08__std_std,0.9082107496948575,0.605329316089074
Mykolaiv,s1__vh__blk09__kurtosis_mean,1.7901960879695977e-05,8.951020500117608e-06
Mykolaiv,s1__vh__blk09__kurtosis_std,1.7901960879695977e-05,8.951020500117608e-06
Mykolaiv,s1__vh__blk09__max_mean,0.8565256380549406,0.5590758670170308
Mykolaiv,s1__vh__blk09__mean_mean,0.9082107496948575,0.605329316089074
Mykolaiv,s1__vh__blk09__mean_std,0.5947071216482027,0.3529014451549076
Mykolaiv,s1__vh__blk09__median_mean,0.3006395013652743,0.1628951775438855
Mykolaiv,s1__vh__blk09__min_mean,0.3006395013652743,0.1628951775438855
Mykolaiv,s1__vh__blk09__min_std,0.8565256380549406,0.5590758670170308
Mykolaiv,s1__vh__blk09__skewness_std,0.3006395013652743,0.1628951775438855
Mykolaiv,s1__vh__blk09__std_std,0.8560929201839498,0.5586975148382007
Mykolaiv,s1__vv__blk03__kurtosis_mean,0.600086454967365,0.3567366993936791
Mykolaiv,s1__vv__blk03__max_std,0.11277165383003718,0.058037911335708015
Mykolaiv,s1__vv__blk03__mean_std,0.1169442311599298,0.06025131430806683
Mykolaiv,s1__vv__blk03__median_mean,0.3006395013652743,0.1628951775438855
Mykolaiv,s1__vv__blk03__min_std,1.0473278776993036,0.7416316630390547
Mykolaiv,s1__vv__blk03__skewness_mean,1.7901960879695977e-05,8.951020500117608e-06
Mykolaiv,s1__vv__blk03__std_std,1.0473278776993036,0.7416316630390547
Mykolaiv,s1__vv__blk04__max_std,0.8560929201839498,0.5586975148382007
Mykolaiv,s1__vv__blk04__mean_mean,0.8560929201839498,0.5586975148382007
Mykolaiv,s1__vv__blk04__median_mean,0.3006395013652743,0.1628951775438855
Mykolaiv,s1__vv__blk04__median_std,0.8085434925743948,0.5179706660399663
Mykolaiv,s1__vv__blk04__skewness_std,1.7901960879695977e-05,8.951020500117608e-06
Mykolaiv,s1__vv__blk04__std_std,0.2951360583250031,0.15966187261273043
Mykolaiv,s1__vv__blk05__max_std,1.7901960879695977e-05,8.951020500117608e-06
Mykolaiv,s1__vv__blk05__mean_mean,0.9082107496948575,0.605329316089074
Mykolaiv,s1__vv__blk05__mean_std,1.7901960879695977e-05,8.951020500117608e-06
Mykolaiv,s1__vv__blk05__min_std,0.8565256380549406,0.5590758670170308
Mykolaiv,s1__vv__blk05__skewness_std,1.7901960879695977e-05,8.951020500117608e-06
Mykolaiv,s1__vv__blk05__std_mean,1.7901960879695977e-05,8.951020500117608e-06
Mykolaiv,s1__vv__blk05__std_std,0.7833095480160539,0.49701275224889924
Mykolaiv,s1__vv__blk06__median_std,1.7901960879695977e-05,8.951020500117608e-06
Mykolaiv,s1__vv__blk06__skewness_mean,0.2951360583250031,0.15966187261273043
Mykolaiv,s1__vv__blk06__std_std,0.3006395013652743,0.1628951775438855
Mykolaiv,s1__vv__blk07__kurtosis_std,0.8560929201839498,0.5586975148382007
Mykolaiv,s1__vv__blk07__mean_mean,0.1730489628205345,0.09049870309655383
Mykolaiv,s1__vv__blk07__mean_std,1.7901960879695977e-05,8.951020500117608e-06
Mykolaiv,s1__vv__blk07__skewness_mean,0.3006395013652743,0.1628951775438855
Mykolaiv,s1__vv__blk07__std_mean,0.5947071216482027,0.3529014451549076
Mykolaiv,s1__vv__blk07__std_std,1.7901960879695977e-05,8.951020500117608e-06
Mykolaiv,s1__vv__blk08__kurtosis_std,1.7901960879695977e-05,8.951020500117608e-06
Mykolaiv,s1__vv__blk08__mean_mean,0.7959576584600825,0.5074626668997161
Mykolaiv,s1__vv__blk08__median_mean,0.7959576584600825,0.5074626668997161
Mykolaiv,s1__vv__blk08__median_std,0.7833095480160539,0.49701275224889924
Mykolaiv,s1__vv__blk08__min_std,0.600086454967365,0.3567366993936791
Mykolaiv,s1__vv__blk08__skewness_std,0.2951360583250031,0.15966187261273043
Mykolaiv,s1__vv__blk09__kurtosis_mean,1.7901960879695977e-05,8.951020500117608e-06
Mykolaiv,s1__vv__blk09__kurtosis_std,0.2951360583250031,0.15966187261273043
Mykolaiv,s1__vv__blk09__mean_mean,0.3006395013652743,0.1628951775438855
Mykolaiv,s1__vv__blk09__median_mean,0.3006395013652743,0.1628951775438855
Mykolaiv,s1__vv__blk09__median_std,0.8560929201839498,0.5586975148382007
Mykolaiv,s1__vv__blk09__min_std,0.3006395013652743,0.1628951775438855
Mykolaiv,s1__vv__blk09__skewness_std,1.7901960879695977e-05,8.951020500117608e-06
Mykolaiv,s1__vh__blk10__max_mean,0.2951360583250031,0.15966187261273043
Mykolaiv,s1__vh__blk10__max_std,1.7901960879695977e-05,8.951020500117608e-06
Mykolaiv,s1__vh__blk10__median_std,1.7901960879695977e-05,8.951020500117608e-06
Mykolaiv,s1__vh__blk10__min_mean,1.7901960879695977e-05,8.951020500117608e-06
Mykolaiv,s1__vh__blk10__std_std,0.3006395013652743,0.1628951775438855
Mykolaiv,s1__vh__blk11__kurtosis_mean,0.7833095480160539,0.49701275224889924
Mykolaiv,s1__vh__blk11__kurtosis_std,0.2951360583250031,0.15966187261273043
Mykolaiv,s1__vh__blk11__max_std,1.7901960879695977e-05,8.951020500117608e-06
Mykolaiv,s1__vh__blk11__mean_mean,0.9082107496948575,0.605329316089074
Mykolaiv,s1__vh__blk11__median_mean,0.7959576584600825,0.5074626668997161
Mykolaiv,s1__vh__blk11__median_std,0.8560929201839498,0.5586975148382007
Mykolaiv,s1__vh__blk12__kurtosis_std,1.7901960879695977e-05,8.951020500117608e-06
Mykolaiv,s1__vh__blk12__mean_std,1.7901960879695977e-05,8.951020500117608e-06
Mykolaiv,s1__vh__blk12__min_std,0.7833095480160539,0.49701275224889924
Mykolaiv,s1__vh__blk12__skewness_std,0.3006395013652743,0.1628951775438855
Mykolaiv,s1__vh__blk13__kurtosis_std,1.7901960879695977e-05,8.951020500117608e-06
Mykolaiv,s1__vh__blk13__max_std,0.2951360583250031,0.15966187261273043
Mykolaiv,s1__vh__blk13__median_mean,0.9082107496948575,0.605329316089074
Mykolaiv,s1__vh__blk13__skewness_mean,0.3006395013652743,0.1628951775438855
Mykolaiv,s1__vh__blk13__skewness_std,1.7901960879695977e-05,8.951020500117608e-06
Mykolaiv,s1__vh__blk13__std_mean,0.9082107496948575,0.605329316089074
Mykolaiv,s1__vh__blk14__max_std,0.11277165383003718,0.058037911335708015
Mykolaiv,s1__vh__blk14__mean_std,1.7901960879695977e-05,8.951020500117608e-06
Mykolaiv,s1__vh__blk14__median_mean,0.9082107496948575,0.605329316089074
Mykolaiv,s1__vh__blk14__skewness_mean,1.0473278776993036,0.7416316630390547
Mykolaiv,s1__vh__blk14__skewness_std,1.7901960879695977e-05,8.951020500117608e-06
Mykolaiv,s1__vh__blk15__kurtosis_mean,0.9082107496948575,0.605329316089074
Mykolaiv,s1__vh__blk15__max_std,0.5947071216482027,0.3529014451549076
Mykolaiv,s1__vh__blk15__mean_mean,0.9585550428221017,0.6525380498027912
Mykolaiv,s1__vh__blk15__std_mean,0.8560929201839498,0.5586975148382007
Mykolaiv,s1__vh__blk15__std_std,0.5947071216482027,0.3529014451549076
Mykolaiv,s1__vh__blk16__kurtosis_mean,0.9082107496948575,0.605329316089074
Mykolaiv,s1__vh__blk16__kurtosis_std,0.9585550428221017,0.6525380498027912
Mykolaiv,s1__vh__blk16__max_std,0.9585550428221017,0.6525380498027912
Mykolaiv,s1__vh__blk16__mean_std,0.3006395013652743,0.1628951775438855
Mykolaiv,s1__vh__blk16__median_mean,0.9082107496948575,0.605329316089074
Mykolaiv,s1__vh__blk16__skewness_mean,1.7901960879695977e-05,8.951020500117608e-06
Mykolaiv,s1__vh__blk16__skewness_std,0.8565256380549406,0.5590758670170308
Mykolaiv,s1__vh__blk16__std_std,0.600086454967365,0.3567366993936791
Mykolaiv,s1__vv__blk10__kurtosis_mean,0.2951360583250031,0.15966187261273043
Mykolaiv,s1__vv__blk10__max_mean,1.7901960879695977e-05,8.951020500117608e-06
Mykolaiv,s1__vv__blk10__mean_mean,0.1169442311599298,0.06025131430806683
Mykolaiv,s1__vv__blk10__mean_std,1.7901960879695977e-05,8.951020500117608e-06
Mykolaiv,s1__vv__blk10__median_mean,0.9082107496948575,0.605329316089074
Mykolaiv,s1__vv__blk10__skewness_mean,0.8560929201839498,0.5586975148382007
Mykolaiv,s1__vv__blk10__skewness_std,0.2951360583250031,0.15966187261273043
Mykolaiv,s1__vv__blk11__kurtosis_mean,0.9082107496948575,0.605329316089074
Mykolaiv,s1__vv__blk11__mean_mean,0.9082107496948575,0.605329316089074
Mykolaiv,s1__vv__blk11__mean_std,0.7833095480160539,0.49701275224889924
Mykolaiv,s1__vv__blk11__median_std,0.11277165383003718,0.058037911335708015
Mykolaiv,s1__vv__blk11__min_mean,0.3006395013652743,0.1628951775438855
Mykolaiv,s1__vv__blk11__min_std,0.7833095480160539,0.49701275224889924
Mykolaiv,s1__vv__blk11__skewness_mean,0.11277165383003718,0.058037911335708015
Mykolaiv,s1__vv__blk11__std_std,1.7901960879695977e-05,8.951020500117608e-06
Mykolaiv,s1__vv__blk12__kurtosis_std,1.7901960879695977e-05,8.951020500117608e-06
Mykolaiv,s1__vv__blk12__mean_std,0.11277165383003718,0.058037911335708015
Mykolaiv,s1__vv__blk12__min_mean,0.3006395013652743,0.1628951775438855
Mykolaiv,s1__vv__blk12__min_std,0.8560929201839498,0.5586975148382007
Mykolaiv,s1__vv__blk12__skewness_mean,0.9082107496948575,0.605329316089074
Mykolaiv,s1__vv__blk12__std_std,0.3006395013652743,0.1628951775438855
Mykolaiv,s1__vv__blk13__max_std,0.8560929201839498,0.5586975148382007
Mykolaiv,s1__vv__blk13__mean_mean,0.9082107496948575,0.605329316089074
Mykolaiv,s1__vv__blk13__mean_std,1.7901960879695977e-05,8.951020500117608e-06
Mykolaiv,s1__vv__blk13__median_mean,1.7901960879695977e-05,8.951020500117608e-06
Mykolaiv,s1__vv__blk13__min_std,0.17788611198921944,0.0931498765347353
Mykolaiv,s1__vv__blk14__kurtosis_std,1.7901960879695977e-05,8.951020500117608e-06
Mykolaiv,s1__vv__blk14__max_std,0.3006395013652743,0.1628951775438855
Mykolaiv,s1__vv__blk14__mean_std,0.5947071216482027,0.3529014451549076
Mykolaiv,s1__vv__blk14__median_mean,0.3006395013652743,0.1628951775438855
Mykolaiv,s1__vv__blk14__median_std,1.7901960879695977e-05,8.951020500117608e-06
Mykolaiv,s1__vv__blk14__skewness_std,0.11277165383003718,0.058037911335708015
Mykolaiv,s1__vv__blk14__std_std,0.9585550428221017,0.6525380498027912
Mykolaiv,s1__vv__blk15__kurtosis_mean,0.9585550428221017,0.6525380498027912
Mykolaiv,s1__vv__blk15__kurtosis_std,0.9585550428221017,0.6525380498027912
Mykolaiv,s1__vv__blk15__mean_mean,0.9082107496948575,0.605329316089074
Mykolaiv,s1__vv__blk15__mean_std,1.7901960879695977e-05,8.951020500117608e-06
Mykolaiv,s1__vv__blk15__median_std,0.3006395013652743,0.1628951775438855
Mykolaiv,s1__vv__blk15__skewness_mean,0.9585550428221017,0.6525380498027912
Mykolaiv,s1__vv__blk15__skewness_std,1.7901960879695977e-05,8.951020500117608e-06
Mykolaiv,s1__vv__blk15__std_mean,0.3006395013652743,0.1628951775438855
Mykolaiv,s1__vv__blk15__std_std,0.2951360583250031,0.15966187261273043
Mykolaiv,s1__vv__blk16__kurtosis_std,0.9585550428221017,0.6525380498027912
Mykolaiv,s1__vv__blk16__max_std,1.7901960879695977e-05,8.951020500117608e-06
Mykolaiv,s1__vv__blk16__mean_mean,0.7045932024674084,0.4343224053679478
Mykolaiv,s1__vv__blk16__median_mean,0.9082107496948575,0.605329316089074
Mykolaiv,s1__vv__blk16__median_std,0.8085434925743948,0.5179706660399663
Mykolaiv,s1__vv__blk16__skewness_mean,0.7833095480160539,0.49701275224889924
Mykolaiv,s1__vv__blk16__std_mean,0.2951360583250031,0.15966187261273043
Mykolaiv,s1__vv__blk16__std_std,1.7901960879695977e-05,8.951020500117608e-06
Okhtyrka,s1__vh__baseline__kurtosis_mean,0.019020325915589664,0.00955567332806785
Okhtyrka,s1__vh__baseline__kurtosis_std,0.09738816687989615,0.04991958934193939
Okhtyrka,s1__vh__baseline__kurtosis_max,0.015334688724515155,0.007696889566101807
Okhtyrka,s1__vh__baseline__max_mean,0.0525578211822042,0.02663037219028567
Okhtyrka,s1__vh__baseline__max_std,0.3808667555719607,0.2112562088012589
Okhtyrka,s1__vh__baseline__max_max,0.06201851857828533,0.031500222646976134
Okhtyrka,s1__vh__baseline__mean_mean,0.06643755093841297,0.03378305056191209
Okhtyrka,s1__vh__baseline__mean_std,0.4075574849819956,0.22787817006722227
Okhtyrka,s1__vh__baseline__mean_max,0.08514252419839652,0.043503985865901734
Okhtyrka,s1__vh__baseline__skewness_mean,0.00197588454962494,0.0009884306114404447
Okhtyrka,s1__vh__baseline__skewness_std,0.05969733741895178,0.03030320801354325
Okhtyrka,s1__vh__baseline__skewness_max,0.042381882018243555,0.021418692255307153
Okhtyrka,s1__vh__baseline__std_mean,0.009152695945477296,0.004586851510602622
Okhtyrka,s1__vh__baseline__std_std,0.14019898015063847,0.07267767713306351
Okhtyrka,s1__vh__baseline__std_max,0.10961067345083997,0.056364379818861644
Okhtyrka,s1__vv__baseline__kurtosis_mean,0.012478236893418648,0.006258663082813353
Okhtyrka,s1__vv__baseline__kurtosis_std,0.03906094160571172,0.01972371062909474
Okhtyrka,s1__vv__baseline__kurtosis_max,0.058994182940746986,0.02994087943822593
Okhtyrka,s1__vv__baseline__max_mean,0.034162613066877956,0.01722887490431307
Okhtyrka,s1__vv__baseline__max_std,0.48522347477384087,0.2778792605805479
Okhtyrka,s1__vv__baseline__max_max,0.16251363417065479,0.0847486484394375
Okhtyrka,s1__vv__baseline__mean_mean,0.03812404151993376,0.019246043392907575
Okhtyrka,s1__vv__baseline__mean_std,0.48675992213058383,0.27889408162679513
Okhtyrka,s1__vv__baseline__mean_max,0.16734462232159042,0.08738123937388419
Okhtyrka,s1__vv__baseline__skewness_mean,0.016974915663171775,0.00852368141150723
Okhtyrka,s1__vv__baseline__skewness_std,0.1404887473369929,0.07283349474971379
Okhtyrka,s1__vv__baseline__skewness_max,0.0631296111172095,0.03207371170233406
Okhtyrka,s1__vv__baseline__std_mean,0.031847026296574654,0.01605165441038712
Okhtyrka,s1__vv__baseline__std_std,0.11287799704041568,0.05809426180695203
Okhtyrka,s1__vv__baseline__std_max,0.07667285777027821,0.03909060765791298
Okhtyrka,s1__coh__baseline__max_mean,0.025407184381896597,0.012784972769962696
Okhtyrka,s1__coh__baseline__max_std,0.061902313977112655,0.0314402627771244
Okhtyrka,s1__coh__baseline__max_max,0.005155523315937716,0.002581089806230519
Okhtyrka,s1__coh__baseline__mean_mean,0.01571434407084693,0.007888202258360785
Okhtyrka,s1__coh__baseline__mean_std,0.01885354910785697,0.00947148781626404
Okhtyrka,s1__coh__baseline__mean_max,0.009446786939826035,0.004734583944764632
Okhtyrka,s1__coh__baseline__median_mean,0.015267713170454389,0.007663143612257846
Okhtyrka,s1__coh__baseline__median_std,0.01703186762103326,0.008552401560409807
Okhtyrka,s1__coh__baseline__median_max,0.005125916720142287,0.0025662483604738545
Okhtyrka,s1__coh__baseline__min_mean,0.008238471129865532,0.004127742986505536
Okhtyrka,s1__coh__baseline__min_std,0.01762965648760595,0.00885390866994704
Okhtyrka,s1__coh__baseline__min_max,0.02597040018876884,0.01307024482256069
Okhtyrka,s1__coh__baseline__std_mean,0.002942314532562662,0.0014722404806485532
Okhtyrka,s1__coh__baseline__std_std,0.12250287553045314,0.06320760747910818
Okhtyrka,s1__coh__baseline__std_max,0.10505082446116853,0.05395516268135732
Okhtyrka,s1__coh__post_baseline__max_mean,0.07720631541746137,0.039368008017717136
Okhtyrka,s1__coh__post_baseline__max_std,0.13332902638189492,0.06899056419419985
Okhtyrka,s1__coh__post_baseline__max_max,0.02603175861893403,0.013101328137515859
Okhtyrka,s1__coh__post_baseline__mean_mean,0.08159360350964229,0.04165234099042666
Okhtyrka,s1__coh__post_baseline__mean_std,0.0516845423430623,0.02618204920140539
Okhtyrka,s1__coh__post_baseline__mean_max,0.01659990408291523,0.008334588430129013
Okhtyrka,s1__coh__post_baseline__median_mean,0.06566968368971371,0.033386003743209415
Okhtyrka,s1__coh__post_baseline__median_std,0.05330886041251914,0.0270161007610448
Okhtyrka,s1__coh__post_baseline__median_max,0.016532044660839906,0.008300375332438291
Okhtyrka,s1__coh__post_baseline__min_mean,0.10584340570018425,0.054373510069220796
Okhtyrka,s1__coh__post_baseline__min_std,0.019965301390406642,0.010032811456754918
Okhtyrka,s1__coh__post_baseline__min_max,0.010284569754766437,0.005155551925768506
Okhtyrka,s1__coh__post_baseline__std_mean,0.04246059432938165,0.02145890126895381
Okhtyrka,s1__coh__post_baseline__std_std,0.028741273277132384,0.014474894275080998
Okhtyrka,s1__coh__post_baseline__std_max,0.0918493970635641,0.04701267829222243
Okhtyrka,s1__vh__blk01__kurtosis_mean,0.014004125707773651,0.007026692334778682
Okhtyrka,s1__vh__blk01__kurtosis_std,0.07557458421481167,0.03851974268219886
Okhtyrka,s1__vh__blk01__kurtosis_max,0.11864108480443769,0.06115283760018968
Okhtyrka,s1__vh__blk01__skewness_mean,0.007158268839348114,0.0035855548455606674
Okhtyrka,s1__vh__blk01__skewness_std,0.12712030045067713,0.06566998791177725
Okhtyrka,s1__vh__blk01__skewness_max,0.04157602513705405,0.02100712523255363
Okhtyrka,s1__vh__blk01__std_mean,0.010763796215133015,0.005396432693750372
Okhtyrka,s1__vh__blk01__std_std,0.0902342117095849,0.04616656995205565
Okhtyrka,s1__vh__blk01__std_max,0.07405806516388225,0.03773201569864072
Okhtyrka,s1__vh__blk_pre01__kurtosis_mean,0.019020325915589664,0.00955567332806785
Okhtyrka,s1__vh__blk_pre01__kurtosis_std,0.09738816687989615,0.04991958934193939
Okhtyrka,s1__vh__blk_pre01__kurtosis_max,0.015334688724515155,0.007696889566101807
Okhtyrka,s1__vh__blk_pre01__max_mean,0.0525578211822042,0.02663037219028567
Okhtyrka,s1__vh__blk_pre01__max_std,0.3808667555719607,0.2112562088012589
Okhtyrka,s1__vh__blk_pre01__max_max,0.06201851857828533,0.031500222646976134
Okhtyrka,s1__vh__blk_pre01__mean_mean,0.06643755093841297,0.03378305056191209
Okhtyrka,s1__vh__blk_pre01__mean_std,0.4075574849819956,0.22787817006722227
Okhtyrka,s1__vh__blk_pre01__mean_max,0.08514252419839652,0.043503985865901734
Okhtyrka,s1__vh__blk_pre01__skewness_mean,0.00197588454962494,0.0009884306114404447
Okhtyrka,s1__vh__blk_pre01__skewness_std,0.05969733741895178,0.03030320801354325
Okhtyrka,s1__vh__blk_pre01__skewness_max,0.042381882018243555,0.021418692255307153
Okhtyrka,s1__vh__blk_pre01__std_mean,0.009152695945477296,0.004586851510602622
Okhtyrka,s1__vh__blk_pre01__std_std,0.14019898015063847,0.07267767713306351
Okhtyrka,s1__vh__blk_pre01__std_max,0.10961067345083997,0.056364379818861644
Okhtyrka,s1__vv__blk01__kurtosis_mean,0.0015214457131000891,0.0007610123530093146
Okhtyrka,s1__vv__blk01__kurtosis_std,0.05453448218926815,0.02764589135024417
Okhtyrka,s1__vv__blk01__kurtosis_max,0.03040481720183119,0.015319149891606012
Okhtyrka,s1__vv__blk01__skewness_mean,0.015642212512884335,0.007851851520886322
Okhtyrka,s1__vv__blk01__skewness_std,0.018718556697756794,0.009403351605962146
Okhtyrka,s1__vv__blk01__skewness_max,0.049576883350875844,0.02510084862468718
Okhtyrka,s1__vv__blk01__std_mean,0.025939601168617044,0.013054642837720877
Okhtyrka,s1__vv__blk01__std_std,0.1266848109993095,0.06543749095618086
Okhtyrka,s1__vv__blk01__std_max,0.10807498835313356,0.05555234515184092
Okhtyrka,s1__vv__blk_pre01__kurtosis_mean,0.012478236893418648,0.006258663082813353
Okhtyrka,s1__vv__blk_pre01__kurtosis_std,0.03906094160571172,0.01972371062909474
Okhtyrka,s1__vv__blk_pre01__kurtosis_max,0.058994182940746986,0.02994087943822593
Okhtyrka,s1__vv__blk_pre01__max_mean,0.034162613066877956,0.01722887490431307
Okhtyrka,s1__vv__blk_pre01__max_std,0.48522347477384087,0.2778792605805479
Okhtyrka,s1__vv__blk_pre01__max_max,0.16251363417065479,0.0847486484394375
Okhtyrka,s1__vv__blk_pre01__mean_mean,0.03812404151993376,0.019246043392907575
Okhtyrka,s1__vv__blk_pre01__mean_std,0.48675992213058383,0.27889408162679513
Okhtyrka,s1__vv__blk_pre01__mean_max,0.16734462232159042,0.08738123937388419
Okhtyrka,s1__vv__blk_pre01__skewness_mean,0.016974915663171775,0.00852368141150723
Okhtyrka,s1__vv__blk_pre01__skewness_std,0.1404887473369929,0.07283349474971379
Okhtyrka,s1__vv__blk_pre01__skewness_max,0.0631296111172095,0.03207371170233406
Okhtyrka,s1__vv__blk_pre01__std_mean,0.031847026296574654,0.01605165441038712
Okhtyrka,s1__vv__blk_pre01__std_std,0.11287799704041568,0.05809426180695203
Okhtyrka,s1__vv__blk_pre01__std_max,0.07667285777027821,0.03909060765791298
Okhtyrka,s1__vh__baseline__median_mean,0.07055892696184274,0.03591681904726785
Okhtyrka,s1__vh__baseline__median_std,0.3726182367063329,0.20617473738036987
Okhtyrka,s1__vh__baseline__median_max,0.0879029225436303,0.04494659449140023
Okhtyrka,s1__vh__baseline__min_mean,0.07398319153173505,0.037693140083845104
Okhtyrka,s1__vh__baseline__min_std,0.4165153236374901,0.23351927067840816
Okhtyrka,s1__vh__baseline__min_max,0.11271621627349138,0.058008536648520875
Okhtyrka,s1__vv__baseline__median_mean,0.05061419676389911,0.025632830298044335
Okhtyrka,s1__vv__baseline__median_std,0.48768952631232665,0.27950858414139823
Okhtyrka,s1__vv__baseline__median_max,0.19377682065989021,0.10190915659982844
Okhtyrka,s1__vv__baseline__min_mean,0.028700558092254136,0.014454240078928052
Okhtyrka,s1__vv__baseline__min_std,0.44875507492122035,0.2540893945330296
Okhtyrka,s1__vv__baseline__min_max,0.10603510334059552,0.05447471993856234
Okhtyrka,s1__vh__blk01__max_mean,0.019011769822272928,0.009551354215180833
Okhtyrka,s1__vh__blk01__max_std,0.2198241206737399,0.11643501252694223
Okhtyrka,s1__vh__blk01__max_max,0.03484757502525149,0.017577368285410577
Okhtyrka,s1__vh__blk01__mean_mean,0.02634117974664374,0.013258091237733968
Okhtyrka,s1__vh__blk01__mean_std,0.2578872769728968,0.13804859525238689
Okhtyrka,s1__vh__blk01__mean_max,0.011974486825272468,0.006005238819015641
Okhtyrka,s1__vh__blk01__median_mean,0.0242025487257993,0.01217509090409619
Okhtyrka,s1__vh__blk01__median_std,0.25361032006694595,0.1355965636612717
Okhtyrka,s1__vh__blk01__median_max,0.009479769718236053,0.0047511537362444085
Okhtyrka,s1__vh__blk01__min_mean,0.031666301169683164,0.015959833890186008
Okhtyrka,s1__vh__blk01__min_std,0.25072037091923227,0.133943117897017
Okhtyrka,s1__vh__blk01__min_max,0.002870469255271013,0.0014362655633949368
Okhtyrka,s1__vh__blk_pre01__median_mean,0.07055892696184274,0.03591681904726785
Okhtyrka,s1__vh__blk_pre01__median_std,0.3726182367063329,0.20617473738036987
Okhtyrka,s1__vh__blk_pre01__median_max,0.0879029225436303,0.04494659449140023
Okhtyrka,s1__vh__blk_pre01__min_mean,0.07398319153173505,0.037693140083845104
Okhtyrka,s1__vh__blk_pre01__min_std,0.4165153236374901,0.23351927067840816
Okhtyrka,s1__vh__blk_pre01__min_max,0.11271621627349138,0.058008536648520875
Okhtyrka,s1__vv__blk01__max_mean,0.004412947348714891,0.002208911524089607
Okhtyrka,s1__vv__blk01__max_std,0.22805682131269278,0.12107039509473905
Okhtyrka,s1__vv__blk01__max_max,0.02585751189215335,0.01301305972822716
Okhtyrka,s1__vv__blk01__mean_mean,0.009559933637030671,0.004791427395277323
Okhtyrka,s1__vv__blk01__mean_std,0.2141199628303636,0.11323586879959213
Okhtyrka,s1__vv__blk01__mean_max,0.01821630762611237,0.009149886645312454
Okhtyrka,s1__vv__blk01__median_mean,0.009852854541541722,0.004938602115715534
Okhtyrka,s1__vv__blk01__median_std,0.20322701945246768,0.10715491321130008
Okhtyrka,s1__vv__blk01__median_max,0.015713105020083384,0.00788757782690703
Okhtyrka,s1__vv__blk01__min_mean,0.016346532073705733,0.0082068502962841
Okhtyrka,s1__vv__blk01__min_std,0.2120551337842007,0.11208033973382184
Okhtyrka,s1__vv__blk01__min_max,0.018965172436121502,0.009527832198536984
Okhtyrka,s1__vv__blk_pre01__median_mean,0.05061419676389911,0.025632830298044335
Okhtyrka,s1__vv__blk_pre01__median_std,0.48768952631232665,0.27950858414139823
Okhtyrka,s1__vv__blk_pre01__median_max,0.19377682065989021,0.10190915659982844
Okhtyrka,s1__vv__blk_pre01__min_mean,0.028700558092254136,0.014454240078928052
Okhtyrka,s1__vv__blk_pre01__min_std,0.44875507492122035,0.2540893945330296
Okhtyrka,s1__vv__blk_pre01__min_max,0.10603510334059552,0.05447471993856234
Rubizhne,s1__vh__baseline__kurtosis_mean,0.004734856753378036,0.0023702351660386026
Rubizhne,s1__vh__baseline__kurtosis_std,0.028552881067746227,0.01437932934231425
Rubizhne,s1__vh__baseline__kurtosis_max,0.029376623445166228,0.014797253065572207
Rubizhne,s1__vh__baseline__max_mean,0.07040630683832272,0.035837721483837494
Rubizhne,s1__vh__baseline__max_std,0.1573933222954369,0.08196593880751828
Rubizhne,s1__vh__baseline__max_max,0.10378876396496839,0.05328937152202385
Rubizhne,s1__vh__baseline__mean_mean,0.07783512567580875,0.03969509100408472
Rubizhne,s1__vh__baseline__mean_std,0.15271776862478426,0.07943168572389914
Rubizhne,s1__vh__baseline__mean_max,0.1035471867842035,0.05316197970563592
Rubizhne,s1__vh__baseline__skewness_mean,0.003825014813741534,0.0019143385842941367
Rubizhne,s1__vh__baseline__skewness_std,0.03329439981921145,0.01678732181023752
Rubizhne,s1__vh__baseline__skewness_max,0.027402762267329628,0.013796111341191361
Rubizhne,s1__vh__baseline__std_mean,0.007395491228182172,0.003704599175772526
Rubizhne,s1__vh__baseline__std_std,0.04975140140936918,0.025190329653263833
Rubizhne,s1__vh__baseline__std_max,0.046733527893323856,0.023644095521892988
Rubizhne,s1__vv__baseline__kurtosis_mean,0.002695768608291349,0.001348793517295643
Rubizhne,s1__vv__baseline__kurtosis_std,0.0185345619543702,0.009310489382344115
Rubizhne,s1__vv__baseline__kurtosis_max,0.0170015852227432,0.008537130428931217
Rubizhne,s1__vv__baseline__max_mean,0.023583423078604726,0.011861785173261774
Rubizhne,s1__vv__baseline__max_std,0.13966949249764293,0.07239301641465708
Rubizhne,s1__vv__baseline__max_max,0.04167577933009814,0.021058062483602615
Rubizhne,s1__vv__baseline__mean_mean,0.02832590165733584,0.014264202569306729
Rubizhne,s1__vv__baseline__mean_std,0.14389540243506493,0.07466719133727681
Rubizhne,s1__vv__baseline__mean_max,0.04691881576725754,0.02373896054179055
Rubizhne,s1__vv__baseline__skewness_mean,0.005561548381870507,0.002784647726103298
Rubizhne,s1__vv__baseline__skewness_std,0.02058196110265853,0.010344298805193886
Rubizhne,s1__vv__baseline__skewness_max,0.03491785539251491,0.017613132240984566
Rubizhne,s1__vv__baseline__std_mean,0.003974355104616745,0.0019891546092302343
Rubizhne,s1__vv__baseline__std_std,0.048190230791547384,0.024390151616971775
Rubizhne,s1__vv__baseline__std_max,0.03170327629100789,0.01597861905280333
Rubizhne,s1__coh__baseline__max_std,0.29777106651784235,0.1612086509453155
Rubizhne,s1__coh__baseline__mean_std,0.060182809544846005,0.030553443648943815
Rubizhne,s1__coh__baseline__median_mean,6.31122796024286e-07,3.155614478215178e-07
Rubizhne,s1__coh__baseline__median_std,6.31122796024286e-07,3.155614478215178e-07
Rubizhne,s1__coh__baseline__std_std,0.2988036132682379,0.1618154201175035
Rubizhne,s1__coh__post_baseline__max_mean,0.013418347732867542,0.006731781549407978
Rubizhne,s1__coh__post_baseline__max_std,0.01872771711813548,0.00940797509930098
Rubizhne,s1__coh__post_baseline__max_max,0.036604495180862395,0.018471805774344992
Rubizhne,s1__coh__post_baseline__mean_mean,0.006363677114900712,0.0031869113691898976
Rubizhne,s1__coh__post_baseline__mean_std,0.02553957235580384,0.012852020725916576
Rubizhne,s1__coh__post_baseline__mean_max,0.010106452787308262,0.005066037117360972
Rubizhne,s1__coh__post_baseline__median_mean,0.00822968719166628,0.004123332860743582
Rubizhne,s1__coh__post_baseline__median_std,0.04160534203726063,0.02102209498374992
Rubizhne,s1__coh__post_baseline__median_max,0.016688961194273766,0.008379490671985724
Rubizhne,s1__coh__post_baseline__min_mean,0.008713014656689388,0.004366024557706894
Rubizhne,s1__coh__post_baseline__min_std,0.025140853468222923,0.01265010296188316
Rubizhne,s1__coh__post_baseline__min_max,0.0006223002591394522,0.00031119854681487945
Rubizhne,s1__coh__post_baseline__std_mean,0.024463257984595588,0.012307051020057708
Rubizhne,s1__coh__post_baseline__std_std,0.010577175231624603,0.005302621697479462
Rubizhne,s1__coh__post_baseline__std_max,0.040711479282889096,0.020565772851962066
Rubizhne,s1__vh__blk01__kurtosis_mean,0.0013035365982312364,0.0006519807924094325
Rubizhne,s1__vh__blk01__kurtosis_std,0.03347138415152173,0.01687731611147103
Rubizhne,s1__vh__blk01__kurtosis_max,0.035514349079630136,0.017916724759416455
Rubizhne,s1__vh__blk01__skewness_mean,0.004943534165646524,0.0024748269422923824
Rubizhne,s1__vh__blk01__skewness_std,0.02636410538834788,0.01326970711309182
Rubizhne,s1__vh__blk01__skewness_max,0.030312008517506372,0.015272030311603277
Rubizhne,s1__vh__blk01__std_mean,0.023073811813766554,0.01160397233084459
Rubizhne,s1__vh__blk01__std_std,0.09463616730026803,0.04847420192340077
Rubizhne,s1__vh__blk01__std_max,0.07166674057411537,0.03649114690952836
Rubizhne,s1__vh__blk_pre01__kurtosis_mean,0.004734856753378036,0.0023702351660386026
Rubizhne,s1__vh__blk_pre01__kurtosis_std,0.028552881067746227,0.01437932934231425
Rubizhne,s1__vh__blk_pre01__kurtosis_max,0.029376623445166228,0.014797253065572207
Rubizhne,s1__vh__blk_pre01__max_mean,0.07040630683832272,0.035837721483837494
Rubizhne,s1__vh__blk_pre01__max_std,0.1573933222954369,0.08196593880751828
Rubizhne,s1__vh__blk_pre01__max_max,0.10378876396496839,0.05328937152202385
Rubizhne,s1__vh__blk_pre01__mean_mean,0.07783512567580875,0.03969509100408472
Rubizhne,s1__vh__blk_pre01__mean_std,0.15271776862478426,0.07943168572389914
Rubizhne,s1__vh__blk_pre01__mean_max,0.1035471867842035,0.05316197970563592
Rubizhne,s1__vh__blk_pre01__skewness_mean,0.003825014813741534,0.0019143385842941367
Rubizhne,s1__vh__blk_pre01__skewness_std,0.03329439981921145,0.01678732181023752
Rubizhne,s1__vh__blk_pre01__skewness_max,0.027402762267329628,0.013796111341191361
Rubizhne,s1__vh__blk_pre01__std_mean,0.007395491228182172,0.003704599175772526
Rubizhne,s1__vh__blk_pre01__std_std,0.04975140140936918,0.025190329653263833
Rubizhne,s1__vh__blk_pre01__std_max,0.046733527893323856,0.023644095521892988
Rubizhne,s1__vv__blk01__kurtosis_mean,0.0005349790822424261,0.0002675253228294319
Rubizhne,s1__vv__blk01__kurtosis_std,0.027665608725148116,0.013929369142809353
Rubizhne,s1__vv__blk01__kurtosis_max,0.028637715534907793,0.014422361839447631
Rubizhne,s1__vv__blk01__skewness_mean,0.005196417339894399,0.002601589872075741
Rubizhne,s1__vv__blk01__skewness_std,0.012327630805851753,0.006182890135567701
Rubizhne,s1__vv__blk01__skewness_max,0.02908969940227868,0.014651663015152215
Rubizhne,s1__vv__blk01__std_mean,0.01592966531950757,0.007996721377805447
Rubizhne,s1__vv__blk01__std_std,0.08856426129450035,0.045292525225756594
Rubizhne,s1__vv__blk01__std_max,0.05251847149797806,0.02661016656512623
Rubizhne,s1__vv__blk_pre01__kurtosis_mean,0.002695768608291349,0.001348793517295643
Rubizhne,s1__vv__blk_pre01__kurtosis_std,0.0185345619543702,0.009310489382344115
Rubizhne,s1__vv__blk_pre01__kurtosis_max,0.0170015852227432,0.008537130428931217
Rubizhne,s1__vv__blk_pre01__max_mean,0.023583423078604726,0.011861785173261774
Rubizhne,s1__vv__blk_pre01__max_std,0.13966949249764293,0.07239301641465708
Rubizhne,s1__vv__blk_pre01__max_max,0.04167577933009814,0.021058062483602615
Rubizhne,s1__vv__blk_pre01__mean_mean,0.02832590165733584,0.014264202569306729
Rubizhne,s1__vv__blk_pre01__mean_std,0.14389540243506493,0.07466719133727681
Rubizhne,s1__vv__blk_pre01__mean_max,0.04691881576725754,0.02373896054179055
Rubizhne,s1__vv__blk_pre01__skewness_mean,0.005561548381870507,0.002784647726103298
Rubizhne,s1__vv__blk_pre01__skewness_std,0.02058196110265853,0.010344298805193886
Rubizhne,s1__vv__blk_pre01__skewness_max,0.03491785539251491,0.017613132240984566
Rubizhne,s1__vv__blk_pre01__std_mean,0.003974355104616745,0.0019891546092302343
Rubizhne,s1__vv__blk_pre01__std_std,0.048190230791547384,0.024390151616971775
Rubizhne,s1__vv__blk_pre01__std_max,0.03170327629100789,0.01597861905280333
Rubizhne,s1__vh__baseline__median_mean,0.07304291015985953,0.03720505923234768
Rubizhne,s1__vh__baseline__median_std,0.13813583458220058,0.07156895526955398
Rubizhne,s1__vh__baseline__median_max,0.09561055485666414,0.04898572458987327
Rubizhne,s1__vh__baseline__min_mean,0.06940398209363541,0.03531840774941683
Rubizhne,s1__vh__baseline__min_std,0.13644617269714843,0.0706618559834002
Rubizhne,s1__vh__baseline__min_max,0.09465241984970474,0.048482731852684896
Rubizhne,s1__vv__baseline__median_mean,0.02806088710521948,0.014129800670175269
Rubizhne,s1__vv__baseline__median_std,0.1370250843600067,0.07097255352926599
Rubizhne,s1__vv__baseline__median_max,0.043199772536726355,0.021836578366706955
Rubizhne,s1__vv__baseline__min_mean,0.025930043825660443,0.013049801385135895
Rubizhne,s1__vv__baseline__min_std,0.12206864761186087,0.06297635401591319
Rubizhne,s1__vv__baseline__min_max,0.038877135015350284,0.019629981058227764
Rubizhne,s1__vh__blk01__max_mean,0.0793188660278552,0.0404673001545808
Rubizhne,s1__vh__blk01__max_std,0.16440277826632754,0.08577729056925204
Rubizhne,s1__vh__blk01__max_max,0.1255273966200976,0.06481983890108826
Rubizhne,s1__vh__blk01__mean_mean,0.0756551302005799,0.03856159812162666
Rubizhne,s1__vh__blk01__mean_std,0.14503047025764215,0.07527891065035675
Rubizhne,s1__vh__blk01__mean_max,0.10419366200895275,0.05350292435379157
Rubizhne,s1__vh__blk01__median_mean,0.08308869914459449,0.042431987334571535
Rubizhne,s1__vh__blk01__median_std,0.1388556391972393,0.07195563427871454
Rubizhne,s1__vh__blk01__median_max,0.10990525486605351,0.05652022304434491
Rubizhne,s1__vh__blk01__min_mean,0.049502932808204614,0.025062934215165814
Rubizhne,s1__vh__blk01__min_std,0.11280382827475388,0.058054959998127854
Rubizhne,s1__vh__blk01__min_max,0.07073429196886583,0.036007712197275575
Rubizhne,s1__vh__blk_pre01__median_mean,0.07304291015985953,0.03720505923234768
Rubizhne,s1__vh__blk_pre01__median_std,0.13813583458220058,0.07156895526955398
Rubizhne,s1__vh__blk_pre01__median_max,0.09561055485666414,0.04898572458987327
Rubizhne,s1__vh__blk_pre01__min_mean,0.06940398209363541,0.03531840774941683
Rubizhne,s1__vh__blk_pre01__min_std,0.13644617269714843,0.0706618559834002
Rubizhne,s1__vh__blk_pre01__min_max,0.09465241984970474,0.048482731852684896
Rubizhne,s1__vv__blk01__max_mean,0.03789617756233077,0.019129904181912065
Rubizhne,s1__vv__blk01__max_std,0.13266464917306497,0.06863471197644028
Rubizhne,s1__vv__blk01__max_max,0.06253889817799196,0.031768774995079116
Rubizhne,s1__vv__blk01__mean_mean,0.037710178720983034,0.01903511305830253
Rubizhne,s1__vv__blk01__mean_std,0.14031322022133152,0.07273910498382312
Rubizhne,s1__vv__blk01__mean_max,0.05839888974419338,0.029634233304655137
Rubizhne,s1__vv__blk01__median_mean,0.04125736920492318,0.020844428076719896
Rubizhne,s1__vv__blk01__median_std,0.1403079840306909,0.07273628935738218
Rubizhne,s1__vv__blk01__median_max,0.06211512500423666,0.031550072882813834
Rubizhne,s1__vv__blk01__min_mean,0.030436469666819566,0.015335220564200853
Rubizhne,s1__vv__blk01__min_std,0.11799636735789232,0.06081020919558749
Rubizhne,s1__vv__blk01__min_max,0.04575268648427766,0.023142067130717175
Rubizhne,s1__vv__blk_pre01__median_mean,0.02806088710521948,0.014129800670175269
Rubizhne,s1__vv__blk_pre01__median_std,0.1370250843600067,0.07097255352926599
Rubizhne,s1__vv__blk_pre01__median_max,0.043199772536726355,0.021836578366706955
Rubizhne,s1__vv__blk_pre01__min_mean,0.025930043825660443,0.013049801385135895
Rubizhne,s1__vv__blk_pre01__min_std,0.12206864761186087,0.06297635401591319
Rubizhne,s1__vv__blk_pre01__min_max,0.038877135015350284,0.019629981058227764
Sievierodonetsk,s1__vh__baseline__kurtosis_mean,0.0028184690267274437,0.0014102284181936302
Sievierodonetsk,s1__vh__baseline__kurtosis_std,0.08091492244937637,0.04129863020204695
Sievierodonetsk,s1__vh__baseline__kurtosis_max,0.06547128512193923,0.033283441945868686
Sievierodonetsk,s1__vh__baseline__max_mean,0.011834152139283294,0.005934651327969549
Sievierodonetsk,s1__vh__baseline__max_std,0.14129178387433572,0.07326544157618245
Sievierodonetsk,s1__vh__baseline__max_max,0.041301833925013964,0.020867128978864044
Sievierodonetsk,s1__vh__baseline__mean_mean,0.014139736467497777,0.0070949781714610485
Sievierodonetsk,s1__vh__baseline__mean_std,0.1455569005684907,0.07556274551426076
Sievierodonetsk,s1__vh__baseline__mean_max,0.03800312718176646,0.019184413292542887
Sievierodonetsk,s1__vh__baseline__skewness_mean,0.0004228640281136453,0.00021145436895617822
Sievierodonetsk,s1__vh__baseline__skewness_std,0.08022181151031904,0.04093752802228431
Sievierodonetsk,s1__vh__baseline__skewness_max,0.07316467072060617,0.03726824922679732
Sievierodonetsk,s1__vh__baseline__std_mean,0.005138304977825525,0.0025724584246844253
Sievierodonetsk,s1__vh__baseline__std_std,0.10363744585814794,0.05320957446848062
Sievierodonetsk,s1__vh__baseline__std_max,0.08876962848858283,0.045399972325952505
Sievierodonetsk,s1__vv__baseline__kurtosis_mean,0.0030753842840784973,0.0015388756039567562
Sievierodonetsk,s1__vv__baseline__kurtosis_std,0.07451766933066062,0.037970682818789694
Sievierodonetsk,s1__vv__baseline__kurtosis_max,0.07156107538612733,0.03643635228699308
Sievierodonetsk,s1__vv__baseline__max_mean,0.012196415962951068,0.006116877992874917
Sievierodonetsk,s1__vv__baseline__max_std,0.07784121662395527,0.039698259804991705
Sievierodonetsk,s1__vv__baseline__max_max,0.004993627097585218,0.002499935785920061
Sievierodonetsk,s1__vv__baseline__mean_mean,0.013210108844624813,0.006626964324963875
Sievierodonetsk,s1__vv__baseline__mean_std,0.07890181223102921,0.04025018523800863
Sievierodonetsk,s1__vv__baseline__mean_max,0.0040100562549048036,0.0020070408872250338
Sievierodonetsk,s1__vv__baseline__skewness_mean,0.005079866283172363,0.0025431642441172465
Sievierodonetsk,s1__vv__baseline__skewness_std,0.09028956366186036,0.04619555400590178
Sievierodonetsk,s1__vv__baseline__skewness_max,0.0926731447293132,0.0474444710036567
Sievierodonetsk,s1__vv__baseline__std_mean,0.0006218644218560776,0.0003109805603704719
Sievierodonetsk,s1__vv__baseline__std_std,0.0747124146163709,0.03807182897403749
Sievierodonetsk,s1__vv__baseline__std_max,0.05175378484968984,0.026217589512299515
Sievierodonetsk,s1__coh__baseline__max_mean,0.004686926698746152,0.002346213557122238
Sievierodonetsk,s1__coh__baseline__max_std,0.0660049809688874,0.03355935900728205
Sievierodonetsk,s1__coh__baseline__max_max,0.06746668480156814,0.034315439799124874
Sievierodonetsk,s1__coh__baseline__mean_mean,0.003999573181507454,0.0020017888337758747
Sievierodonetsk,s1__coh__baseline__mean_std,0.07678890564198726,0.039150946520862706
Sievierodonetsk,s1__coh__baseline__mean_max,0.05887848561853204,0.029881274323621837
Sievierodonetsk,s1__coh__baseline__median_mean,0.003339096433360167,0.0016709434654769947
Sievierodonetsk,s1__coh__baseline__median_std,0.07515140407918164,0.03829986738309155
Sievierodonetsk,s1__coh__baseline__median_max,0.05686414296789821,0.02884409133670866
Sievierodonetsk,s1__coh__baseline__min_mean,0.003808937512872479,0.0019062845628556467
Sievierodonetsk,s1__coh__baseline__min_std,0.0678725484765863,0.03452547824803879
Sievierodonetsk,s1__coh__baseline__min_max,0.06285678382840132,0.03193286176370548
Sievierodonetsk,s1__coh__baseline__std_mean,0.000548726865921001,0.0002744010774928401
Sievierodonetsk,s1__coh__baseline__std_std,0.062013653161891336,0.03149771209136285
Sievierodonetsk,s1__coh__baseline__std_max,0.05758911430024494,0.02921725444026196
Sievierodonetsk,s1__coh__post_baseline__median_std,3.8596378471034143e-07,1.9298191096331624e-07
Sievierodonetsk,s1__coh__post_baseline__std_std,0.297900822388353,0.16128488088928042
Sievierodonetsk,s1__vh__blk01__kurtosis_mean,0.0016178499030883309,0.000809252307882495
Sievierodonetsk,s1__vh__blk01__kurtosis_std,0.06362504611274389,0.03232953592950896
Sievierodonetsk,s1__vh__blk01__kurtosis_max,0.06569023068322077,0.03339662607718335
Sievierodonetsk,s1__vh__blk01__skewness_mean,0.0037758093764628242,0.001889689026414655
Sievierodonetsk,s1__vh__blk01__skewness_std,0.08123597485620548,0.0414659387120937
Sievierodonetsk,s1__vh__blk01__skewness_max,0.09149630938955511,0.04682765358321838
Sievierodonetsk,s1__vh__blk01__std_mean,0.014353516898126584,0.007202635262068563
Sievierodonetsk,s1__vh__blk01__std_std,0.09623442613577593,0.04931337474149741
Sievierodonetsk,s1__vh__blk01__std_max,0.1021074481500539,0.05240309322339757
Sievierodonetsk,s1__vh__blk_pre01__kurtosis_mean,0.0028184690267274437,0.0014102284181936302
Sievierodonetsk,s1__vh__blk_pre01__kurtosis_std,0.08091492244937637,0.04129863020204695
Sievierodonetsk,s1__vh__blk_pre01__kurtosis_max,0.06547128512193923,0.033283441945868686
Sievierodonetsk,s1__vh__blk_pre01__max_mean,0.011834152139283294,0.005934651327969549
Sievierodonetsk,s1__vh__blk_pre01__max_std,0.14129178387433572,0.07326544157618245
Sievierodonetsk,s1__vh__blk_pre01__max_max,0.041301833925013964,0.020867128978864044
Sievierodonetsk,s1__vh__blk_pre01__mean_mean,0.014139736467497777,0.0070949781714610485
Sievierodonetsk,s1__vh__blk_pre01__mean_std,0.1455569005684907,0.07556274551426076
Sievierodonetsk,s1__vh__blk_pre01__mean_max,0.03800312718176646,0.019184413292542887
Sievierodonetsk,s1__vh__blk_pre01__skewness_mean,0.0004228640281136453,0.00021145436895617822
Sievierodonetsk,s1__vh__blk_pre01__skewness_std,0.08022181151031904,0.04093752802228431
Sievierodonetsk,s1__vh__blk_pre01__skewness_max,0.07316467072060617,0.03726824922679732
Sievierodonetsk,s1__vh__blk_pre01__std_mean,0.005138304977825525,0.0025724584246844253
Sievierodonetsk,s1__vh__blk_pre01__std_std,0.10363744585814794,0.05320957446848062
Sievierodonetsk,s1__vh__blk_pre01__std_max,0.08876962848858283,0.045399972325952505
Sievierodonetsk,s1__vv__blk01__kurtosis_mean,0.001722976085036354,0.0008618593366007921
Sievierodonetsk,s1__vv__blk01__kurtosis_std,0.055589123200826096,0.02818814047613468
Sievierodonetsk,s1__vv__blk01__kurtosis_max,0.05766851967428854,0.029258135078704808
Sievierodonetsk,s1__vv__blk01__skewness_mean,0.0037369362836043862,0.0018702159058343088
Sievierodonetsk,s1__vv__blk01__skewness_std,0.0804363373362953,0.041049279376821804
Sievierodonetsk,s1__vv__blk01__skewness_max,0.06899348370293534,0.035105802548021696
Sievierodonetsk,s1__vv__blk01__std_mean,0.012621064084474165,0.006330527615757296
Sievierodonetsk,s1__vv__blk01__std_std,0.04868478148853228,0.024643564306131016
Sievierodonetsk,s1__vv__blk01__std_max,0.05792554508620662,0.029390472129249175
Sievierodonetsk,s1__vv__blk_pre01__kurtosis_mean,0.0030753842840784973,0.0015388756039567562
Sievierodonetsk,s1__vv__blk_pre01__kurtosis_std,0.07451766933066062,0.037970682818789694
Sievierodonetsk,s1__vv__blk_pre01__kurtosis_max,0.07156107538612733,0.03643635228699308
Sievierodonetsk,s1__vv__blk_pre01__max_mean,0.012196415962951068,0.006116877992874917
Sievierodonetsk,s1__vv__blk_pre01__max_std,0.07784121662395527,0.039698259804991705
Sievierodonetsk,s1__vv__blk_pre01__max_max,0.004993627097585218,0.002499935785920061
Sievierodonetsk,s1__vv__blk_pre01__mean_mean,0.013210108844624813,0.006626964324963875
Sievierodonetsk,s1__vv__blk_pre01__mean_std,0.07890181223102921,0.04025018523800863
Sievierodonetsk,s1__vv__blk_pre01__mean_max,0.0040100562549048036,0.0020070408872250338
Sievierodonetsk,s1__vv__blk_pre01__skewness_mean,0.005079866283172363,0.0025431642441172465
Sievierodonetsk,s1__vv__blk_pre01__skewness_std,0.09028956366186036,0.04619555400590178
Sievierodonetsk,s1__vv__blk_pre01__skewness_max,0.0926731447293132,0.0474444710036567
Sievierodonetsk,s1__vv__blk_pre01__std_mean,0.0006218644218560776,0.0003109805603704719
Sievierodonetsk,s1__vv__blk_pre01__std_std,0.0747124146163709,0.03807182897403749
Sievierodonetsk,s1__vv__blk_pre01__std_max,0.05175378484968984,0.026217589512299515
Sievierodonetsk,s1__vh__baseline__median_mean,0.01501320741142953,0.0075349200507000245
Sievierodonetsk,s1__vh__baseline__median_std,0.14503996846857414,0.07528403107691746
Sievierodonetsk,s1__vh__baseline__median_max,0.033582309543895184,0.01693372440376075
Sievierodonetsk,s1__vh__baseline__min_mean,0.0170323806476973,0.008552660276988285
Sievierodonetsk,s1__vh__baseline__min_std,0.14626741312160485,0.07594595959143209
Sievierodonetsk,s1__vh__baseline__min_max,0.03378375792298738,0.017036173999997926
Sievierodonetsk,s1__vv__baseline__median_mean,0.018762109504503854,0.00942533398791668
Sievierodonetsk,s1__vv__baseline__median_std,0.07654953505908035,0.039026490246492976
Sievierodonetsk,s1__vv__baseline__median_max,0.002858064213953293,0.0014300541471596027
Sievierodonetsk,s1__vv__baseline__min_mean,0.016243754478847627,0.008155039365574022
Sievierodonetsk,s1__vv__baseline__min_std,0.08111760345786712,0.041404249131882676
Sievierodonetsk,s1__vv__baseline__min_max,0.004900621548702633,0.002453317698733835
Sievierodonetsk,s1__vh__blk01__max_mean,0.012069318538072915,0.00605294141339853
Sievierodonetsk,s1__vh__blk01__max_std,0.13477039957632364,0.06976302489485525
Sievierodonetsk,s1__vh__blk01__max_max,0.023381897864853007,0.011759825423202409
Sievierodonetsk,s1__vh__blk01__mean_mean,0.015150219192477277,0.007603946459505023
Sievierodonetsk,s1__vh__blk01__mean_std,0.13077373639711753,0.06762259809609536
Sievierodonetsk,s1__vh__blk01__mean_max,0.02130905689566953,0.010711694349124503
Sievierodonetsk,s1__vh__blk01__median_mean,0.01548384136045211,0.00777204492855508
Sievierodonetsk,s1__vh__blk01__median_std,0.12810766386403882,0.06619731690635051
Sievierodonetsk,s1__vh__blk01__median_max,0.021110064265904782,0.010611131588172978
Sievierodonetsk,s1__vh__blk01__min_mean,0.015020754180021578,0.0075387219817588565
Sievierodonetsk,s1__vh__blk01__min_std,0.135236446590276,0.07001291651511124
Sievierodonetsk,s1__vh__blk01__min_max,0.0214361704067072,0.010775937628055373
Sievierodonetsk,s1__vh__blk_pre01__median_mean,0.01501320741142953,0.0075349200507000245
Sievierodonetsk,s1__vh__blk_pre01__median_std,0.14503996846857414,0.07528403107691746
Sievierodonetsk,s1__vh__blk_pre01__median_max,0.033582309543895184,0.01693372440376075
Sievierodonetsk,s1__vh__blk_pre01__min_mean,0.0170323806476973,0.008552660276988285
Sievierodonetsk,s1__vh__blk_pre01__min_std,0.14626741312160485,0.07594595959143209
Sievierodonetsk,s1__vh__blk_pre01__min_max,0.03378375792298738,0.017036173999997926
Sievierodonetsk,s1__vv__blk01__max_mean,0.018887339944851922,0.009488544165205202
Sievierodonetsk,s1__vv__blk01__max_std,0.06799530812518273,0.034589016265933636
Sievierodonetsk,s1__vv__blk01__max_max,0.0023788099716395283,0.0011901128893082034
Sievierodonetsk,s1__vv__blk01__mean_mean,0.023154483008372084,0.011644779540077739
Sievierodonetsk,s1__vv__blk01__mean_std,0.060947187012546644,0.030947567441139343
Sievierodonetsk,s1__vv__blk01__mean_max,0.0010841018071980901,0.0005421978663000242
Sievierodonetsk,s1__vv__blk01__median_mean,0.02166086326681027,0.010889507691439123
Sievierodonetsk,s1__vv__blk01__median_std,0.06156684695348158,0.03126718688097134
Sievierodonetsk,s1__vv__blk01__median_max,0.001602779893938644,0.000801711231553877
Sievierodonetsk,s1__vv__blk01__min_mean,0.027131203416295824,0.013658455181386274
Sievierodonetsk,s1__vv__blk01__min_std,0.058984884471681376,0.029936088908124766
Sievierodonetsk,s1__vv__blk01__min_max,0.0002600287533014445,0.00013002282925241767
Sievierodonetsk,s1__vv__blk_pre01__median_mean,0.018762109504503854,0.00942533398791668
Sievierodonetsk,s1__vv__blk_pre01__median_std,0.07654953505908035,0.039026490246492976
Sievierodonetsk,s1__vv__blk_pre01__median_max,0.002858064213953293,0.0014300541471596027
Sievierodonetsk,s1__vv__blk_pre01__min_mean,0.016243754478847627,0.008155039365574022
Sievierodonetsk,s1__vv__blk_pre01__min_std,0.08111760345786712,0.041404249131882676
Sievierodonetsk,s1__vv__blk_pre01__min_max,0.004900621548702633,0.002453317698733835
Trostianets,s1__vh__baseline__kurtosis_mean,0.19813888392754708,0.10432709644586366
Trostianets,s1__vh__baseline__kurtosis_std,0.11077298521617229,0.05697942203320559
Trostianets,s1__vh__baseline__kurtosis_max,0.18007505514669986,0.09435191941318931
Trostianets,s1__vh__baseline__max_std,0.0004066516975542722,0.00020334652227982648
Trostianets,s1__vh__baseline__skewness_mean,0.007814134101949977,0.003914719576569214
Trostianets,s1__vh__baseline__skewness_std,0.2353909925104789,0.12521804021677121
Trostianets,s1__vh__baseline__skewness_max,0.20281206256978868,0.10692399423694661
Trostianets,s1__vh__baseline__std_mean,0.09211153525395543,0.04715006587455819
Trostianets,s1__vh__baseline__std_std,0.15302781149928046,0.07959953711689256
Trostianets,s1__vh__baseline__std_max,0.13857099130546424,0.0718027035697258
Trostianets,s1__vv__baseline__kurtosis_mean,0.213731269457625,0.1130182443950399
Trostianets,s1__vv__baseline__kurtosis_std,0.12434624038720843,0.06418991011596618
Trostianets,s1__vv__baseline__kurtosis_max,0.19932242937961964,0.10498415836668375
Trostianets,s1__vv__baseline__max_mean,0.8436445447327394,0.5478739703188613
Trostianets,s1__vv__baseline__skewness_mean,0.31863377984527874,0.17354049135153596
Trostianets,s1__vv__baseline__skewness_std,0.19191483578103807,0.10087881559591588
Trostianets,s1__vv__baseline__skewness_max,0.2519944558945826,0.13467173164661
Trostianets,s1__vv__baseline__std_mean,0.14706415282967966,0.07637585491901344
Trostianets,s1__vv__baseline__std_std,0.14974493479811612,0.07782367789123228
Trostianets,s1__vv__baseline__std_max,0.13810848363760297,0.07155426529151285
Trostianets,s1__coh__baseline__median_std,0.8436445447327394,0.5478739703188613
Trostianets,s1__coh__baseline__min_mean,0.28298693052797264,0.1525609868669211
Trostianets,s1__coh__post_baseline__median_std,0.8436445447327394,0.5478739703188613
Trostianets,s1__coh__post_baseline__min_std,0.0004066516975542722,0.00020334652227982648
Trostianets,s1__coh__post_baseline__std_std,0.28298693052797264,0.1525609868669211
Trostianets,s1__vh__blk01__skewness_std,0.8436445447327394,0.5478739703188613
Trostianets,s1__vh__blk01__std_mean,0.007286815210489683,0.0036500609802881815
Trostianets,s1__vh__blk01__std_std,0.5912521012945708,0.3504458857913886
Trostianets,s1__vh__blk01__std_max,0.5135098972967651,0.2967294752470272
Trostianets,s1__vh__blk_pre01__kurtosis_mean,0.19813888392754708,0.10432709644586366
Trostianets,s1__vh__blk_pre01__kurtosis_std,0.11077298521617229,0.05697942203320559
Trostianets,s1__vh__blk_pre01__kurtosis_max,0.18007505514669986,0.09435191941318931
Trostianets,s1__vh__blk_pre01__max_std,0.0004066516975542722,0.00020334652227982648
Trostianets,s1__vh__blk_pre01__skewness_mean,0.007814134101949977,0.003914719576569214
Trostianets,s1__vh__blk_pre01__skewness_std,0.2353909925104789,0.12521804021677121
Trostianets,s1__vh__blk_pre01__skewness_max,0.20281206256978868,0.10692399423694661
Trostianets,s1__vh__blk_pre01__std_mean,0.09211153525395543,0.04715006587455819
Trostianets,s1__vh__blk_pre01__std_std,0.15302781149928046,0.07959953711689256
Trostianets,s1__vh__blk_pre01__std_max,0.13857099130546424,0.0718027035697258
Trostianets,s1__vv__blk01__skewness_mean,0.0004066516975542722,0.00020334652227982648
Trostianets,s1__vv__blk01__std_mean,0.0063563970876274745,0.0031832597433152413
Trostianets,s1__vv__blk01__std_std,0.5933551729111468,0.35193986706687863
Trostianets,s1__vv__blk01__std_max,0.5182553497704416,0.2999269693213082
Trostianets,s1__vv__blk_pre01__kurtosis_mean,0.213731269457625,0.1130182443950399
Trostianets,s1__vv__blk_pre01__kurtosis_std,0.12434624038720843,0.06418991011596618
Trostianets,s1__vv__blk_pre01__kurtosis_max,0.19932242937961964,0.10498415836668375
Trostianets,s1__vv__blk_pre01__max_mean,0.8436445447327394,0.5478739703188613
Trostianets,s1__vv__blk_pre01__skewness_mean,0.31863377984527874,0.17354049135153596
Trostianets,s1__vv__blk_pre01__skewness_std,0.19191483578103807,0.10087881559591588
Trostianets,s1__vv__blk_pre01__skewness_max,0.2519944558945826,0.13467173164661
Trostianets,s1__vv__blk_pre01__std_mean,0.14706415282967966,0.07637585491901344
Trostianets,s1__vv__blk_pre01__std_std,0.14974493479811612,0.07782367789123228
Trostianets,s1__vv__blk_pre01__std_max,0.13810848363760297,0.07155426529151285
Trostianets,s1__vh__baseline__min_mean,0.8436445447327394,0.5478739703188613
Trostianets,s1__vh__baseline__min_std,0.0004066516975542722,0.00020334652227982648
Trostianets,s1__vh__blk01__max_mean,0.0004066516975542722,0.00020334652227982648
Trostianets,s1__vh__blk01__mean_mean,0.28298693052797264,0.1525609868669211
Trostianets,s1__vh__blk01__median_mean,0.28298693052797264,0.1525609868669211
Trostianets,s1__vh__blk_pre01__min_mean,0.8436445447327394,0.5478739703188613
Trostianets,s1__vh__blk_pre01__min_std,0.0004066516975542722,0.00020334652227982648
Trostianets,s1__vv__blk01__max_std,0.28298693052797264,0.1525609868669211
Trostianets,s1__vv__blk01__mean_mean,0.0004066516975542722,0.00020334652227982648
Volnovakha,s1__vh__baseline__kurtosis_mean,0.005991623008299252,0.003000307929975532
Volnovakha,s1__vh__baseline__kurtosis_std,0.01557760188430235,0.007819292081680258
Volnovakha,s1__vh__baseline__kurtosis_max,0.012136656407666369,0.006086815336029146
Volnovakha,s1__vh__baseline__max_mean,0.01299743960739197,0.006519928419073561
Volnovakha,s1__vh__baseline__max_std,0.1543951345290222,0.08034011643169073
Volnovakha,s1__vh__baseline__max_max,0.049459883349185274,0.025040863439117187
Volnovakha,s1__vh__baseline__mean_mean,0.013748363669898511,0.006897917862621748
Volnovakha,s1__vh__baseline__mean_std,0.15898169586567823,0.08282833586287301
Volnovakha,s1__vh__baseline__mean_max,0.049215726074850474,0.024915697085228027
Volnovakha,s1__vh__baseline__skewness_mean,0.010608322424540573,0.005318278216725779
Volnovakha,s1__vh__baseline__skewness_std,0.03729403250486296,0.018823063802672957
Volnovakha,s1__vh__baseline__skewness_max,0.022719554872747905,0.011424792548492312
Volnovakha,s1__vh__baseline__std_mean,0.004029085481537242,0.00201657466138168
Volnovakha,s1__vh__baseline__std_std,0.013621974160273664,0.006834287713115925
Volnovakha,s1__vh__baseline__std_max,0.003540873525494481,0.0017720058381519915
Volnovakha,s1__vv__baseline__kurtosis_mean,0.008476249047761453,0.004247130829190485
Volnovakha,s1__vv__baseline__kurtosis_std,0.013569086688671517,0.006807662988687782
Volnovakha,s1__vv__baseline__kurtosis_max,0.017156370687662514,0.008615189748126119
Volnovakha,s1__vv__baseline__max_mean,9.024927903600322e-05,4.512565766513477e-05
Volnovakha,s1__vv__baseline__max_std,0.07495101163780826,0.03819576464416542
Volnovakha,s1__vv__baseline__max_max,0.003625763451269748,0.0018145269844509224
Volnovakha,s1__vv__baseline__mean_mean,9.54189637112357e-05,4.771061998917035e-05
Volnovakha,s1__vv__baseline__mean_std,0.06853644628622191,0.034869147034548534
Volnovakha,s1__vv__baseline__mean_max,0.004389830159202024,0.002197327436296209
Volnovakha,s1__vv__baseline__skewness_mean,0.009034982832292204,0.004527726115569906
Volnovakha,s1__vv__baseline__skewness_std,0.007715289167584682,0.003865104485940623
Volnovakha,s1__vv__baseline__skewness_max,0.01755474686858194,0.008816121480501742
Volnovakha,s1__vv__baseline__std_mean,0.006481245024450244,0.003245884700945405
Volnovakha,s1__vv__baseline__std_std,0.041167893438012415,0.020798748914010814
Volnovakha,s1__vv__baseline__std_max,0.03077211988812012,0.015505653667727447
Volnovakha,s1__coh__baseline__max_mean,0.006435407246595082,0.0032228915634262664
Volnovakha,s1__coh__baseline__max_std,0.007778472866240893,0.003896819180253093
Volnovakha,s1__coh__baseline__max_max,0.0077297878285182975,0.003872381916526479
Volnovakha,s1__coh__baseline__mean_mean,0.003466759710422096,0.0017348838963733087
Volnovakha,s1__coh__baseline__mean_std,0.01694552591301668,0.008508860856486751
Volnovakha,s1__coh__baseline__mean_max,0.00660355686668912,0.003307241331924285
Volnovakha,s1__coh__baseline__median_mean,0.0067690083185871774,0.0033902445494049197
Volnovakha,s1__coh__baseline__median_std,0.020619188808631783,0.010363106381625128
Volnovakha,s1__coh__baseline__median_max,0.013390306161961352,0.00671766616030951
Volnovakha,s1__coh__baseline__min_mean,0.004955675550418759,0.0024809126957159185
Volnovakha,s1__coh__baseline__min_std,0.02962218665793781,0.014921872775771096
Volnovakha,s1__coh__baseline__min_max,0.008073566548119748,0.0040449530775570446
Volnovakha,s1__coh__baseline__std_mean,0.030070346412422788,0.015149347286417232
Volnovakha,s1__coh__baseline__std_std,0.013812379313715262,0.006930147754474322
Volnovakha,s1__coh__baseline__std_max,0.03901455658744535,0.01970005641634943
Volnovakha,s1__coh__post_baseline__max_mean,0.03535124086487018,0.017833699747884048
Volnovakha,s1__coh__post_baseline__max_std,0.03547122244128054,0.01789477185538096
Volnovakha,s1__coh__post_baseline__max_max,0.0363887931064526,0.018361950054474017
Volnovakha,s1__coh__post_baseline__mean_mean,0.02198440973325977,0.01105306555694735
Volnovakha,s1__coh__post_baseline__mean_std,0.0381595272671198,0.01926413121745307
Volnovakha,s1__coh__post_baseline__mean_max,0.023541194888654804,0.011840419364390887
Volnovakha,s1__coh__post_baseline__median_mean,0.024396120402809585,0.012273067121117132
Volnovakha,s1__coh__post_baseline__median_std,0.03855424560686482,0.019465349440251953
Volnovakha,s1__coh__post_baseline__median_max,0.024024585405878485,0.012085023318695143
Volnovakha,s1__coh__post_baseline__min_mean,0.004658604925646959,0.002332019507838297
Volnovakha,s1__coh__post_baseline__min_std,0.025824635925424166,0.012996406577209057
Volnovakha,s1__coh__post_baseline__min_max,0.01654898888564249,0.008308918095699133
Volnovakha,s1__coh__post_baseline__std_mean,0.006928769082242603,0.003470399417159441
Volnovakha,s1__coh__post_baseline__std_std,4.710380833827799e-06,2.3551931903368235e-06
Volnovakha,s1__coh__post_baseline__std_max,0.00360392793713582,0.0018035894586498195
Volnovakha,s1__vh__blk01__kurtosis_std,4.6187734372704625e-06,2.3093893852671353e-06
Volnovakha,s1__vh__blk01__std_mean,0.007896257011873242,0.0039559429403285724
Volnovakha,s1__vh__blk01__std_std,0.016912855276074,0.008492386085748094
Volnovakha,s1__vh__blk01__std_max,0.01771702935236985,0.008897984586731949
Volnovakha,s1__vh__blk_pre01__kurtosis_mean,0.005991623008299252,0.003000307929975532
Volnovakha,s1__vh__blk_pre01__kurtosis_std,0.01557760188430235,0.007819292081680258
Volnovakha,s1__vh__blk_pre01__kurtosis_max,0.012136656407666369,0.006086815336029146
Volnovakha,s1__vh__blk_pre01__max_mean,0.01299743960739197,0.006519928419073561
Volnovakha,s1__vh__blk_pre01__max_std,0.1543951345290222,0.08034011643169073
Volnovakha,s1__vh__blk_pre01__max_max,0.049459883349185274,0.025040863439117187
Volnovakha,s1__vh__blk_pre01__mean_mean,0.013748363669898511,0.006897917862621748
Volnovakha,s1__vh__blk_pre01__mean_std,0.15898169586567823,0.08282833586287301
Volnovakha,s1__vh__blk_pre01__mean_max,0.049215726074850474,0.024915697085228027
Volnovakha,s1__vh__blk_pre01__skewness_mean,0.010608322424540573,0.005318278216725779
Volnovakha,s1__vh__blk_pre01__skewness_std,0.03729403250486296,0.018823063802672957
Volnovakha,s1__vh__blk_pre01__skewness_max,0.022719554872747905,0.011424792548492312
Volnovakha,s1__vh__blk_pre01__std_mean,0.004029085481537242,0.00201657466138168
Volnovakha,s1__vh__blk_pre01__std_std,0.013621974160273664,0.006834287713115925
Volnovakha,s1__vh__blk_pre01__std_max,0.003540873525494481,0.0017720058381519915
Volnovakha,s1__vv__blk01__kurtosis_std,0.2967292405392632,0.16059680181595593
Volnovakha,s1__vv__blk01__skewness_std,4.6187734372704625e-06,2.3093893852671353e-06
Volnovakha,s1__vv__blk01__std_mean,0.02791789729286709,0.014057291013356203
Volnovakha,s1__vv__blk01__std_std,0.0756148613302976,0.038540672325223624
Volnovakha,s1__vv__blk01__std_max,0.07234893559812505,0.036844983945074225
Volnovakha,s1__vv__blk_pre01__kurtosis_mean,0.008476249047761453,0.004247130829190485
Volnovakha,s1__vv__blk_pre01__kurtosis_std,0.013569086688671517,0.006807662988687782
Volnovakha,s1__vv__blk_pre01__kurtosis_max,0.017156370687662514,0.008615189748126119
Volnovakha,s1__vv__blk_pre01__max_mean,9.024927903600322e-05,4.512565766513477e-05
Volnovakha,s1__vv__blk_pre01__max_std,0.07495101163780826,0.03819576464416542
Volnovakha,s1__vv__blk_pre01__max_max,0.003625763451269748,0.0018145269844509224
Volnovakha,s1__vv__blk_pre01__mean_mean,9.54189637112357e-05,4.771061998917035e-05
Volnovakha,s1__vv__blk_pre01__mean_std,0.06853644628622191,0.034869147034548534
Volnovakha,s1__vv__blk_pre01__mean_max,0.004389830159202024,0.002197327436296209
Volnovakha,s1__vv__blk_pre01__skewness_mean,0.009034982832292204,0.004527726115569906
Volnovakha,s1__vv__blk_pre01__skewness_std,0.007715289167584682,0.003865104485940623
Volnovakha,s1__vv__blk_pre01__skewness_max,0.01755474686858194,0.008816121480501742
Volnovakha,s1__vv__blk_pre01__std_mean,0.006481245024450244,0.003245884700945405
Volnovakha,s1__vv__blk_pre01__std_std,0.041167893438012415,0.020798748914010814
Volnovakha,s1__vv__blk_pre01__std_max,0.03077211988812012,0.015505653667727447
Volnovakha,s1__vh__baseline__median_mean,0.01333562758457929,0.006690142975916089
Volnovakha,s1__vh__baseline__median_std,0.15143719360134722,0.07873870478904094
Volnovakha,s1__vh__baseline__median_max,0.04691512029085865,0.023737068417216966
Volnovakha,s1__vh__baseline__min_mean,0.013793546131091405,0.0069206657230995
Volnovakha,s1__vh__baseline__min_std,0.12924633694968368,0.06680580251841517
Volnovakha,s1__vh__baseline__min_max,0.046479702648529075,0.02351415485191001
Volnovakha,s1__vv__baseline__median_mean,0.0004808900570218988,0.0002404739400513028
Volnovakha,s1__vv__baseline__median_std,0.06826186898344333,0.034726996908487975
Volnovakha,s1__vv__baseline__median_max,0.0049244565332116075,0.0024652645356398528
Volnovakha,s1__vv__baseline__min_mean,0.002055385622851791,0.001028221249762434
Volnovakha,s1__vv__baseline__min_std,0.06726987146653562,0.03421360284127316
Volnovakha,s1__vv__baseline__min_max,0.010319772858610188,0.005173244614244703
Volnovakha,s1__vh__blk01__max_mean,0.007816163010657018,0.003915738010529084
Volnovakha,s1__vh__blk01__max_std,0.08760109163305296,0.04478875360866814
Volnovakha,s1__vh__blk01__max_max,0.025008282010417382,0.012582975638648665
Volnovakha,s1__vh__blk01__mean_mean,0.012794125070519913,0.006417611421684829
Volnovakha,s1__vh__blk01__mean_std,0.11202579097881116,0.05764277340600679
Volnovakha,s1__vh__blk01__mean_max,0.03680847159120204,0.018575700789938407
Volnovakha,s1__vh__blk01__median_mean,0.012560594666895852,0.006300101361075202
Volnovakha,s1__vh__blk01__median_std,0.11136730034767583,0.05729405263430241
Volnovakha,s1__vh__blk01__median_max,0.036174699235477226,0.018252925314916818
Volnovakha,s1__vh__blk01__min_mean,0.01758685357493217,0.008832317118840128
Volnovakha,s1__vh__blk01__min_std,0.11020622687238513,0.05667947218913513
Volnovakha,s1__vh__blk01__min_max,0.04157396252204948,0.021006072031640635
Volnovakha,s1__vh__blk_pre01__median_mean,0.01333562758457929,0.006690142975916089
Volnovakha,s1__vh__blk_pre01__median_std,0.15143719360134722,0.07873870478904094
Volnovakha,s1__vh__blk_pre01__median_max,0.04691512029085865,0.023737068417216966
Volnovakha,s1__vh__blk_pre01__min_mean,0.013793546131091405,0.0069206657230995
Volnovakha,s1__vh__blk_pre01__min_std,0.12924633694968368,0.06680580251841517
Volnovakha,s1__vh__blk_pre01__min_max,0.046479702648529075,0.02351415485191001
Volnovakha,s1__vv__blk01__max_mean,0.0011819774263965854,0.0005911634158628057
Volnovakha,s1__vv__blk01__max_std,0.08261251591678453,0.04218360646653448
Volnovakha,s1__vv__blk01__max_max,0.0031078852001016344,0.0015551512211003952
Volnovakha,s1__vv__blk01__mean_mean,0.008216600328097012,0.004116762414095245
Volnovakha,s1__vv__blk01__mean_std,0.08563814281542648,0.043762847308247504
Volnovakha,s1__vv__blk01__mean_max,0.0004755440680046519,0.0002378003062540213
Volnovakha,s1__vv__blk01__median_mean,0.00821643881483225,0.004116681324324983
Volnovakha,s1__vv__blk01__median_std,0.08536310882799358,0.04361918887115662
Volnovakha,s1__vv__blk01__median_max,0.0004393582040858046,0.00021970323503121364
Volnovakha,s1__vv__blk01__min_mean,0.01594401853484384,0.008003955631048785
Volnovakha,s1__vv__blk01__min_std,0.09181454978959169,0.04699441613003965
Volnovakha,s1__vv__blk01__min_max,0.00032550343769610635,0.00016276496434624284
Volnovakha,s1__vv__blk_pre01__median_mean,0.0004808900570218988,0.0002404739400513028
Volnovakha,s1__vv__blk_pre01__median_std,0.06826186898344333,0.034726996908487975
Volnovakha,s1__vv__blk_pre01__median_max,0.0049244565332116075,0.0024652645356398528
Volnovakha,s1__vv__blk_pre01__min_mean,0.002055385622851791,0.001028221249762434
Volnovakha,s1__vv__blk_pre01__min_std,0.06726987146653562,0.03421360284127316
Volnovakha,s1__vv__blk_pre01__min_max,0.010319772858610188,0.005173244614244703
