city,feature,auc_best,mann_whitney_p,direction
Avdiivka,s2__composite__b02__post_winter_baseline_mean,0.7564628880940806,4.834604296520108e-18,higher=damaged
Avdiivka,s2__composite__b02__post_winter_baseline_std,0.8491007802093932,4.7022783352651087e-32,higher=damaged
Avdiivka,s2__composite__b02__post_winter_baseline_max,0.8208007944870263,2.508418949291651e-27,higher=damaged
Avdiivka,s2__composite__b03__post_winter_baseline_mean,0.7543479007361114,9.019559021427169e-18,higher=damaged
Avdiivka,s2__composite__b03__post_winter_baseline_std,0.8514457458978913,1.8321649813893785e-32,higher=damaged
Avdiivka,s2__composite__b03__post_winter_baseline_max,0.8210827325582446,2.2607161622518424e-27,higher=damaged
Avdiivka,s2__composite__b04__post_winter_baseline_mean,0.7503094993249753,2.9257147856183224e-17,higher=damaged
Avdiivka,s2__composite__b04__post_winter_baseline_std,0.8566272616041916,2.23295802983657e-33,higher=damaged
Avdiivka,s2__composite__b04__post_winter_baseline_max,0.8228380681458776,1.1809764589899774e-27,higher=damaged
Avdiivka,s2__composite__b05__post_winter_baseline_mean,0.7402329242219141,5.089322048936479e-16,higher=damaged
Avdiivka,s2__composite__b05__post_winter_baseline_std,0.8418905754970514,8.203771962808701e-31,higher=damaged
Avdiivka,s2__composite__b05__post_winter_baseline_max,0.7916179449967738,7.282395227548475e-23,higher=damaged
Avdiivka,s2__composite__b07__post_winter_baseline_mean,0.7194499315938719,1.2842182301715744e-13,higher=damaged
Avdiivka,s2__composite__b07__post_winter_baseline_std,0.8581020145921026,1.219840445590172e-33,higher=damaged
Avdiivka,s2__composite__b07__post_winter_baseline_max,0.7903053967645799,1.130281131523474e-22,higher=damaged
Avdiivka,s2__composite__b08__post_winter_baseline_mean,0.7088804166900109,1.7763328714302532e-12,higher=damaged
Avdiivka,s2__composite__b08__post_winter_baseline_std,0.8618756472376394,2.5677041376793625e-34,higher=damaged
Avdiivka,s2__composite__b08__post_winter_baseline_max,0.8162563503839598,1.3238425088354783e-26,higher=damaged
Avdiivka,s2__composite__b11__post_winter_baseline_mean,0.7559148257857669,5.685258606601071e-18,lower=damaged
Avdiivka,s2__composite__b11__post_winter_baseline_std,0.7825968303654532,1.4367274134820487e-21,higher=damaged
Avdiivka,s2__composite__b11__post_winter_baseline_max,0.628285888818806,1.4881561648385029e-05,lower=damaged
Avdiivka,s2__composite__b12__post_winter_baseline_mean,0.7111847182336218,1.0125723238787582e-12,lower=damaged
Avdiivka,s2__composite__b12__post_winter_baseline_std,0.7839586273953439,9.213513018942309e-22,higher=damaged
Avdiivka,s2__composite__b12__post_winter_baseline_max,0.56911639524103,0.01964318702262577,lower=damaged
Avdiivka,s2__composite__b8a__post_winter_baseline_mean,0.7029448070079682,7.352102108845202e-12,higher=damaged
Avdiivka,s2__composite__b8a__post_winter_baseline_std,0.8597855101904347,6.09891038236931e-34,higher=damaged
Avdiivka,s2__composite__b8a__post_winter_baseline_max,0.7788638618648035,4.804309036812002e-21,higher=damaged
Avdiivka,s2__composite__cire__post_winter_baseline_mean,0.7667152226678209,2.1905639767737994e-19,lower=damaged
Avdiivka,s2__composite__cire__post_winter_baseline_std,0.715111519158234,3.832710448961166e-13,higher=damaged
Avdiivka,s2__composite__cire__post_winter_baseline_max,0.6786601796813015,1.6306834156794906e-09,lower=damaged
Avdiivka,s2__composite__mndwi__post_winter_baseline_mean,0.7640341000482547,4.976707503531811e-19,higher=damaged
Avdiivka,s2__composite__mndwi__post_winter_baseline_std,0.8396278417459918,1.988036192782942e-30,higher=damaged
Avdiivka,s2__composite__mndwi__post_winter_baseline_max,0.8164944615434664,1.2140482118450264e-26,higher=damaged
Avdiivka,s2__composite__ndbi__post_winter_baseline_mean,0.7350848434791881,2.0953843019747722e-15,lower=damaged
Avdiivka,s2__composite__ndbi__post_winter_baseline_std,0.8477263321122042,8.14666058017155e-32,higher=damaged
Avdiivka,s2__composite__ndbi__post_winter_baseline_max,0.6048800588455359,0.00039960984470382413,lower=damaged
Avdiivka,s2__composite__ndre__post_winter_baseline_mean,0.7901278299985722,1.199358581044417e-22,lower=damaged
Avdiivka,s2__composite__ndre__post_winter_baseline_std,0.741028134166376,4.079161278565217e-16,higher=damaged
Avdiivka,s2__composite__ndre__post_winter_baseline_max,0.7197942213539172,1.176418465362798e-13,lower=damaged
Avdiivka,s2__composite__ndvi__post_winter_baseline_mean,0.7991769577074821,5.576606986407179e-24,lower=damaged
Avdiivka,s2__composite__ndvi__post_winter_baseline_std,0.6375351744853274,3.4395993385591574e-06,higher=damaged
Avdiivka,s2__composite__ndvi__post_winter_baseline_max,0.6703854780205778,8.8424698005661e-09,lower=damaged
Avdiivka,s2__composite__ndwi__post_winter_baseline_mean,0.8055793014080637,6.016006232559505e-25,higher=damaged
Avdiivka,s2__composite__ndwi__post_winter_baseline_std,0.7146976485280484,4.249407507569486e-13,higher=damaged
Avdiivka,s2__composite__ndwi__post_winter_baseline_max,0.845207866072187,2.2176821141843177e-31,higher=damaged
Avdiivka,s2__composite__b02__prebattle_baseline_mean,0.5079502921492898,0.7884247431435422,higher=damaged
Avdiivka,s2__composite__b02__prebattle_baseline_std,0.6869809673728974,2.75880878784709e-10,higher=damaged
Avdiivka,s2__composite__b02__prebattle_baseline_max,0.6165949471637211,8.25675232709948e-05,higher=damaged
Avdiivka,s2__composite__b03__prebattle_baseline_mean,0.5257440183042872,0.38484382407749873,lower=damaged
Avdiivka,s2__composite__b03__prebattle_baseline_std,0.7023131572907196,8.532014338268364e-12,higher=damaged
Avdiivka,s2__composite__b03__prebattle_baseline_max,0.5960243117367566,0.0011894201439316189,higher=damaged
Avdiivka,s2__composite__b04__prebattle_baseline_mean,0.5292935463291121,0.322748882734219,lower=damaged
Avdiivka,s2__composite__b04__prebattle_baseline_std,0.709452877485257,1.5456943220545812e-12,higher=damaged
Avdiivka,s2__composite__b04__prebattle_baseline_max,0.6171131890991174,7.708504924869251e-05,higher=damaged
Avdiivka,s2__composite__b05__prebattle_baseline_mean,0.5758277864427548,0.010477889108748467,lower=damaged
Avdiivka,s2__composite__b05__prebattle_baseline_std,0.8242161308337234,7.076008433627699e-28,higher=damaged
Avdiivka,s2__composite__b05__prebattle_baseline_max,0.6342422823971241,5.856643410964469e-06,higher=damaged
Avdiivka,s2__composite__b07__prebattle_baseline_mean,0.7212310211399334,8.147699288990746e-14,lower=damaged
Avdiivka,s2__composite__b07__prebattle_baseline_std,0.8215422373954705,1.9079668446469437e-27,higher=damaged
Avdiivka,s2__composite__b07__prebattle_baseline_max,0.562993278668674,0.03346987850386775,lower=damaged
Avdiivka,s2__composite__b08__prebattle_baseline_mean,0.7194305031690924,1.2905824774323269e-13,lower=damaged
Avdiivka,s2__composite__b08__prebattle_baseline_std,0.759397483883444,2.0182004603319702e-18,higher=damaged
Avdiivka,s2__composite__b08__prebattle_baseline_max,0.5157316021853816,0.5954016984743606,higher=damaged
Avdiivka,s2__composite__b11__prebattle_baseline_mean,0.6846613038189958,4.5625470185762995e-10,lower=damaged
Avdiivka,s2__composite__b11__prebattle_baseline_std,0.8358768002920589,8.514111544507722e-30,higher=damaged
Avdiivka,s2__composite__b11__prebattle_baseline_max,0.5315770639764473,0.28646534778958566,lower=damaged
Avdiivka,s2__composite__b12__prebattle_baseline_mean,0.6653137555054733,2.400271027136498e-08,lower=damaged
Avdiivka,s2__composite__b12__prebattle_baseline_std,0.8016421085353136,2.378994431974487e-24,higher=damaged
Avdiivka,s2__composite__b12__prebattle_baseline_max,0.5026734416144207,0.9281043744199093,lower=damaged
Avdiivka,s2__composite__b8a__prebattle_baseline_mean,0.7319821692242907,4.846563840689606e-15,lower=damaged
Avdiivka,s2__composite__b8a__prebattle_baseline_std,0.8234778506921039,9.288489743811602e-28,higher=damaged
Avdiivka,s2__composite__b8a__prebattle_baseline_max,0.5704140332867653,0.0174589219383432,lower=damaged
Avdiivka,s2__composite__cire__prebattle_baseline_mean,0.7506854167532662,2.6242014067310748e-17,lower=damaged
Avdiivka,s2__composite__cire__prebattle_baseline_std,0.7665335894873244,2.3163833012187786e-19,higher=damaged
Avdiivka,s2__composite__cire__prebattle_baseline_max,0.6131384948483046,0.00013393126962193397,lower=damaged
Avdiivka,s2__composite__mndwi__prebattle_baseline_mean,0.7109375705974739,1.0745884450632006e-12,higher=damaged
Avdiivka,s2__composite__mndwi__prebattle_baseline_std,0.6781460041603938,1.8138621614547072e-09,higher=damaged
Avdiivka,s2__composite__mndwi__prebattle_baseline_max,0.7235723722377749,4.455773871775137e-14,higher=damaged
Avdiivka,s2__composite__ndbi__prebattle_baseline_mean,0.6327756622381906,7.394949931155632e-06,higher=damaged
Avdiivka,s2__composite__ndbi__prebattle_baseline_std,0.8205753343948181,2.7257214160353745e-27,higher=damaged
Avdiivka,s2__composite__ndbi__prebattle_baseline_max,0.8067269339415485,4.0163907007459838e-25,higher=damaged
Avdiivka,s2__composite__ndre__prebattle_baseline_mean,0.7391051719370411,6.956689160794063e-16,lower=damaged
Avdiivka,s2__composite__ndre__prebattle_baseline_std,0.7238832270342463,4.1107639360321076e-14,higher=damaged
Avdiivka,s2__composite__ndre__prebattle_baseline_max,0.6271061767932437,1.781817704355616e-05,lower=damaged
Avdiivka,s2__composite__ndvi__prebattle_baseline_mean,0.7480612239365423,5.588455466542178e-17,lower=damaged
Avdiivka,s2__composite__ndvi__prebattle_baseline_std,0.6932052924836395,6.943654119237312e-11,higher=damaged
Avdiivka,s2__composite__ndvi__prebattle_baseline_max,0.5309729755129556,0.2957845564082294,lower=damaged
Avdiivka,s2__composite__ndwi__prebattle_baseline_mean,0.7509754876534619,2.412692348077489e-17,higher=damaged
Avdiivka,s2__composite__ndwi__prebattle_baseline_std,0.7106601507645762,1.1513867015752479e-12,higher=damaged
Avdiivka,s2__composite__ndwi__prebattle_baseline_max,0.8173217509800059,8.982114208428295e-27,higher=damaged
Avdiivka,s2__composite__b02__winter_baseline_mean,0.5079502921492898,0.7884247431435422,higher=damaged
Avdiivka,s2__composite__b02__winter_baseline_std,0.6869809673728974,2.75880878784709e-10,higher=damaged
Avdiivka,s2__composite__b02__winter_baseline_max,0.6165949471637211,8.25675232709948e-05,higher=damaged
Avdiivka,s2__composite__b03__winter_baseline_mean,0.5257440183042872,0.38484382407749873,lower=damaged
Avdiivka,s2__composite__b03__winter_baseline_std,0.7023131572907196,8.532014338268364e-12,higher=damaged
Avdiivka,s2__composite__b03__winter_baseline_max,0.5960243117367566,0.0011894201439316189,higher=damaged
Avdiivka,s2__composite__b04__winter_baseline_mean,0.5292935463291121,0.322748882734219,lower=damaged
Avdiivka,s2__composite__b04__winter_baseline_std,0.709452877485257,1.5456943220545812e-12,higher=damaged
Avdiivka,s2__composite__b04__winter_baseline_max,0.6171131890991174,7.708504924869251e-05,higher=damaged
Avdiivka,s2__composite__b05__winter_baseline_mean,0.5758277864427548,0.010477889108748467,lower=damaged
Avdiivka,s2__composite__b05__winter_baseline_std,0.8242161308337234,7.076008433627699e-28,higher=damaged
Avdiivka,s2__composite__b05__winter_baseline_max,0.6342422823971241,5.856643410964469e-06,higher=damaged
Avdiivka,s2__composite__b07__winter_baseline_mean,0.7212310211399334,8.147699288990746e-14,lower=damaged
Avdiivka,s2__composite__b07__winter_baseline_std,0.8215422373954705,1.9079668446469437e-27,higher=damaged
Avdiivka,s2__composite__b07__winter_baseline_max,0.562993278668674,0.03346987850386775,lower=damaged
Avdiivka,s2__composite__b08__winter_baseline_mean,0.7194305031690924,1.2905824774323269e-13,lower=damaged
Avdiivka,s2__composite__b08__winter_baseline_std,0.759397483883444,2.0182004603319702e-18,higher=damaged
Avdiivka,s2__composite__b08__winter_baseline_max,0.5157316021853816,0.5954016984743606,higher=damaged
Avdiivka,s2__composite__b11__winter_baseline_mean,0.6846613038189958,4.5625470185762995e-10,lower=damaged
Avdiivka,s2__composite__b11__winter_baseline_std,0.8358768002920589,8.514111544507722e-30,higher=damaged
Avdiivka,s2__composite__b11__winter_baseline_max,0.5315770639764473,0.28646534778958566,lower=damaged
Avdiivka,s2__composite__b12__winter_baseline_mean,0.6653137555054733,2.400271027136498e-08,lower=damaged
Avdiivka,s2__composite__b12__winter_baseline_std,0.8016421085353136,2.378994431974487e-24,higher=damaged
Avdiivka,s2__composite__b12__winter_baseline_max,0.5026734416144207,0.9281043744199093,lower=damaged
Avdiivka,s2__composite__b8a__winter_baseline_mean,0.7319821692242907,4.846563840689606e-15,lower=damaged
Avdiivka,s2__composite__b8a__winter_baseline_std,0.8234778506921039,9.288489743811602e-28,higher=damaged
Avdiivka,s2__composite__b8a__winter_baseline_max,0.5704140332867653,0.0174589219383432,lower=damaged
Avdiivka,s2__composite__cire__winter_baseline_mean,0.7506854167532662,2.6242014067310748e-17,lower=damaged
Avdiivka,s2__composite__cire__winter_baseline_std,0.7665335894873244,2.3163833012187786e-19,higher=damaged
Avdiivka,s2__composite__cire__winter_baseline_max,0.6131384948483046,0.00013393126962193397,lower=damaged
Avdiivka,s2__composite__mndwi__winter_baseline_mean,0.7109375705974739,1.0745884450632006e-12,higher=damaged
Avdiivka,s2__composite__mndwi__winter_baseline_std,0.6781460041603938,1.8138621614547072e-09,higher=damaged
Avdiivka,s2__composite__mndwi__winter_baseline_max,0.7235723722377749,4.455773871775137e-14,higher=damaged
Avdiivka,s2__composite__ndbi__winter_baseline_mean,0.6327756622381906,7.394949931155632e-06,higher=damaged
Avdiivka,s2__composite__ndbi__winter_baseline_std,0.8205753343948181,2.7257214160353745e-27,higher=damaged
Avdiivka,s2__composite__ndbi__winter_baseline_max,0.8067269339415485,4.0163907007459838e-25,higher=damaged
Avdiivka,s2__composite__ndre__winter_baseline_mean,0.7391051719370411,6.956689160794063e-16,lower=damaged
Avdiivka,s2__composite__ndre__winter_baseline_std,0.7238832270342463,4.1107639360321076e-14,higher=damaged
Avdiivka,s2__composite__ndre__winter_baseline_max,0.6271061767932437,1.781817704355616e-05,lower=damaged
Avdiivka,s2__composite__ndvi__winter_baseline_mean,0.7480612239365423,5.588455466542178e-17,lower=damaged
Avdiivka,s2__composite__ndvi__winter_baseline_std,0.6932052924836395,6.943654119237312e-11,higher=damaged
Avdiivka,s2__composite__ndvi__winter_baseline_max,0.5309729755129556,0.2957845564082294,lower=damaged
Avdiivka,s2__composite__ndwi__winter_baseline_mean,0.7509754876534619,2.412692348077489e-17,higher=damaged
Avdiivka,s2__composite__ndwi__winter_baseline_std,0.7106601507645762,1.1513867015752479e-12,higher=damaged
Avdiivka,s2__composite__ndwi__winter_baseline_max,0.8173217509800059,8.982114208428295e-27,higher=damaged
Avdiivka,s1__coh__date_first_drop_max,0.6388151914016118,3.43649005969201e-14,higher=damaged
Avdiivka,s1__coh__date_first_drop_mean,0.5837907296593429,4.743718757867769e-06,higher=damaged
Avdiivka,s1__coh__date_first_drop_std,0.6383547829167217,4.170151101065159e-14,higher=damaged
Avdiivka,s1__coh__date_worst_drop_max,0.5754726529107395,0.0004387970921293572,higher=damaged
Avdiivka,s1__coh__date_worst_drop_mean,0.5158698602779982,0.4598470396111519,higher=damaged
Avdiivka,s1__coh__date_worst_drop_std,0.6206225048028873,1.9337280466235713e-08,higher=damaged
Avdiivka,s1__coh__drop_count_max,0.5512137795425014,0.004519213901781998,higher=damaged
Avdiivka,s1__coh__drop_count_mean,0.533415083325351,0.06782579802976274,lower=damaged
Avdiivka,s1__coh__drop_count_std,0.5218727917110206,0.23229977730037554,higher=damaged
Avdiivka,s1__coh__lu_transition_mode,0.5000379532018948,0.9969003159308621,higher=damaged
Avdiivka,s1__coh__max_drop_max,0.5587497492377732,0.0062157326833757465,higher=damaged
Avdiivka,s1__coh__max_drop_mean,0.5558517511788084,0.009289623103080567,lower=damaged
Avdiivka,s1__coh__max_drop_std,0.5711848447442949,0.0009153562762324059,higher=damaged
Avdiivka,s1__coh__running_min_max,0.5582400919551863,0.006678953398497448,higher=damaged
Avdiivka,s1__coh__running_min_mean,0.5225161888479034,0.2943422004333437,higher=damaged
Avdiivka,s1__coh__running_min_std,0.5970644101982061,6.165356076324662e-06,higher=damaged
Bucha,s2__composite__b02__post_winter_baseline_mean,0.6909851035582112,4.147358846853909e-17,higher=damaged
Bucha,s2__composite__b02__post_winter_baseline_std,0.7086566783153729,4.0508735464012163e-20,higher=damaged
Bucha,s2__composite__b02__post_winter_baseline_max,0.7385517880108616,8.375319096254848e-26,higher=damaged
Bucha,s2__composite__b03__post_winter_baseline_mean,0.5666304639024923,0.003350685434348634,higher=damaged
Bucha,s2__composite__b03__post_winter_baseline_std,0.708546474479092,4.237660894448771e-20,higher=damaged
Bucha,s2__composite__b03__post_winter_baseline_max,0.6699469314725087,7.298278146336933e-14,higher=damaged
Bucha,s2__composite__b04__post_winter_baseline_mean,0.550317142151075,0.026736217036504438,higher=damaged
Bucha,s2__composite__b04__post_winter_baseline_std,0.6941865806606737,1.2342400375206428e-17,higher=damaged
Bucha,s2__composite__b04__post_winter_baseline_max,0.6543473372601026,1.0788234044860865e-11,higher=damaged
Bucha,s2__composite__b05__post_winter_baseline_mean,0.5018185488269785,0.9361906239389125,lower=damaged
Bucha,s2__composite__b05__post_winter_baseline_std,0.7328970696169136,1.1360419273519664e-24,higher=damaged
Bucha,s2__composite__b05__post_winter_baseline_max,0.5832428573442878,0.00024734233313492975,higher=damaged
Bucha,s2__composite__b07__post_winter_baseline_mean,0.6139381507870483,5.263661255642945e-07,lower=damaged
Bucha,s2__composite__b07__post_winter_baseline_std,0.7046025129443125,2.0946380789843526e-19,higher=damaged
Bucha,s2__composite__b07__post_winter_baseline_max,0.5228218415840262,0.3149986936469775,lower=damaged
Bucha,s2__composite__b08__post_winter_baseline_mean,0.614770801994504,4.3468742533264303e-07,lower=damaged
Bucha,s2__composite__b08__post_winter_baseline_std,0.6674656754010936,1.6664784076035757e-13,higher=damaged
Bucha,s2__composite__b08__post_winter_baseline_max,0.517481593733001,0.441496339978974,higher=damaged
Bucha,s2__composite__b11__post_winter_baseline_mean,0.5917274395678525,5.378169978783966e-05,lower=damaged
Bucha,s2__composite__b11__post_winter_baseline_std,0.729973142916936,4.2703671176592285e-24,higher=damaged
Bucha,s2__composite__b11__post_winter_baseline_max,0.5019985113205685,0.9298909871348164,lower=damaged
Bucha,s2__composite__b12__post_winter_baseline_mean,0.5648365903452535,0.004309001860499695,lower=damaged
Bucha,s2__composite__b12__post_winter_baseline_std,0.7140139947740376,4.40185738680164e-21,higher=damaged
Bucha,s2__composite__b12__post_winter_baseline_max,0.5283975249034696,0.21119951508927526,higher=damaged
Bucha,s2__composite__b8a__post_winter_baseline_mean,0.6315132508053786,7.028679566489917e-09,lower=damaged
Bucha,s2__composite__b8a__post_winter_baseline_std,0.694422201657436,1.1288323565549507e-17,higher=damaged
Bucha,s2__composite__b8a__post_winter_baseline_max,0.5403809861647804,0.07542357301583005,lower=damaged
Bucha,s2__composite__cire__post_winter_baseline_mean,0.7451274691039649,3.737816709370911e-27,lower=damaged
Bucha,s2__composite__cire__post_winter_baseline_std,0.599216476698011,1.252287145114532e-05,higher=damaged
Bucha,s2__composite__cire__post_winter_baseline_max,0.683196994737674,7.278036022040839e-16,lower=damaged
Bucha,s2__composite__mndwi__post_winter_baseline_mean,0.6783265046534219,4.116647404885469e-15,higher=damaged
Bucha,s2__composite__mndwi__post_winter_baseline_std,0.7221943105135944,1.3355817653015915e-22,higher=damaged
Bucha,s2__composite__mndwi__post_winter_baseline_max,0.73400801334023,6.8395398588263e-25,higher=damaged
Bucha,s2__composite__ndbi__post_winter_baseline_mean,0.574294825317643,0.0010715522350383403,higher=damaged
Bucha,s2__composite__ndbi__post_winter_baseline_std,0.6620167079405389,9.803365944195341e-13,higher=damaged
Bucha,s2__composite__ndbi__post_winter_baseline_max,0.6840945808654972,5.262375978814525e-16,higher=damaged
Bucha,s2__composite__ndre__post_winter_baseline_mean,0.7387682995882012,7.570300984021859e-26,lower=damaged
Bucha,s2__composite__ndre__post_winter_baseline_std,0.6821420805742177,1.0633512029610154e-15,higher=damaged
Bucha,s2__composite__ndre__post_winter_baseline_max,0.668860848547276,1.0490671656174906e-13,lower=damaged
Bucha,s2__composite__ndvi__post_winter_baseline_mean,0.7302659066436216,3.742884530532025e-24,lower=damaged
Bucha,s2__composite__ndvi__post_winter_baseline_std,0.5812354406632119,0.0003480737283822263,higher=damaged
Bucha,s2__composite__ndvi__post_winter_baseline_max,0.6268631683936882,2.330224009826142e-08,lower=damaged
Bucha,s2__composite__ndwi__post_winter_baseline_mean,0.7311590400911909,2.50083759390773e-24,higher=damaged
Bucha,s2__composite__ndwi__post_winter_baseline_std,0.6575302615281747,4.041830367943615e-12,higher=damaged
Bucha,s2__composite__ndwi__post_winter_baseline_max,0.7705993975523617,1.0017675919967934e-32,higher=damaged
Bucha,s2__composite__b02__prebattle_baseline_mean,0.6182784008644138,1.9136484311493465e-07,higher=damaged
Bucha,s2__composite__b02__prebattle_baseline_std,0.6913732288536649,3.584644631483692e-17,higher=damaged
Bucha,s2__composite__b02__prebattle_baseline_max,0.666163637483553,2.558143072235579e-13,higher=damaged
Bucha,s2__composite__b03__prebattle_baseline_mean,0.6187433348942452,1.7134801898933548e-07,higher=damaged
Bucha,s2__composite__b03__prebattle_baseline_std,0.7005995533961705,1.028577054060911e-18,higher=damaged
Bucha,s2__composite__b03__prebattle_baseline_max,0.6768630570766818,6.8677329049561e-15,higher=damaged
Bucha,s2__composite__b04__prebattle_baseline_mean,0.6162698710132741,3.0698963230566863e-07,higher=damaged
Bucha,s2__composite__b04__prebattle_baseline_std,0.6980485386674464,2.790783895871108e-18,higher=damaged
Bucha,s2__composite__b04__prebattle_baseline_max,0.6778608285102149,4.846895322238021e-15,higher=damaged
Bucha,s2__composite__b05__prebattle_baseline_mean,0.6043548697108652,4.337617177420268e-06,higher=damaged
Bucha,s2__composite__b05__prebattle_baseline_std,0.7303824184435953,3.551396339247759e-24,higher=damaged
Bucha,s2__composite__b05__prebattle_baseline_max,0.6617489905402808,1.0679545335580933e-12,higher=damaged
Bucha,s2__composite__b07__prebattle_baseline_mean,0.5457553712310844,0.043956793122362774,higher=damaged
Bucha,s2__composite__b07__prebattle_baseline_std,0.7227857748739706,1.032177953121906e-22,higher=damaged
Bucha,s2__composite__b07__prebattle_baseline_max,0.62582383861112,3.029118690440139e-08,higher=damaged
Bucha,s2__composite__b08__prebattle_baseline_mean,0.5571479247170508,0.011866411492639393,higher=damaged
Bucha,s2__composite__b08__prebattle_baseline_std,0.6928396448839074,2.0609128674490274e-17,higher=damaged
Bucha,s2__composite__b08__prebattle_baseline_max,0.6489039356498649,5.530268074169898e-11,higher=damaged
Bucha,s2__composite__b11__prebattle_baseline_mean,0.5507434862853737,0.025475271308700715,lower=damaged
Bucha,s2__composite__b11__prebattle_baseline_std,0.7132217887455538,6.133087932595411e-21,higher=damaged
Bucha,s2__composite__b11__prebattle_baseline_max,0.5153506151748827,0.49913813332149026,higher=damaged
Bucha,s2__composite__b12__prebattle_baseline_mean,0.5301713613995664,0.1840552127929308,lower=damaged
Bucha,s2__composite__b12__prebattle_baseline_std,0.7248087759359347,4.253643421603393e-23,higher=damaged
Bucha,s2__composite__b12__prebattle_baseline_max,0.544522535385821,0.04996967577042324,higher=damaged
Bucha,s2__composite__b8a__prebattle_baseline_mean,0.5263394589845068,0.24618658568611884,higher=damaged
Bucha,s2__composite__b8a__prebattle_baseline_std,0.7098755995348434,2.4547242319117256e-20,higher=damaged
Bucha,s2__composite__b8a__prebattle_baseline_max,0.6167158811520271,2.7658458113854055e-07,higher=damaged
Bucha,s2__composite__cire__prebattle_baseline_mean,0.6631706942396418,6.767749528593246e-13,lower=damaged
Bucha,s2__composite__cire__prebattle_baseline_std,0.6666363637038285,2.1903388225720735e-13,higher=damaged
Bucha,s2__composite__cire__prebattle_baseline_max,0.5864480450136289,0.00014116753280583627,lower=damaged
Bucha,s2__composite__mndwi__prebattle_baseline_mean,0.5863033329053813,0.00014484663816303851,higher=damaged
Bucha,s2__composite__mndwi__prebattle_baseline_std,0.7130703976169254,6.533508500129155e-21,higher=damaged
Bucha,s2__composite__mndwi__prebattle_baseline_max,0.6517885303409344,2.3423555599060012e-11,higher=damaged
Bucha,s2__composite__ndbi__prebattle_baseline_mean,0.5541694526839643,0.01708113946651499,lower=damaged
Bucha,s2__composite__ndbi__prebattle_baseline_std,0.7178251180145796,8.777470202510062e-22,higher=damaged
Bucha,s2__composite__ndbi__prebattle_baseline_max,0.5410629883569832,0.07062096873082224,higher=damaged
Bucha,s2__composite__ndre__prebattle_baseline_mean,0.6746901491128405,1.457339809440768e-14,lower=damaged
Bucha,s2__composite__ndre__prebattle_baseline_std,0.6584656954381549,3.0177253912293184e-12,higher=damaged
Bucha,s2__composite__ndre__prebattle_baseline_max,0.618051685228159,2.0192780790941758e-07,lower=damaged
Bucha,s2__composite__ndvi__prebattle_baseline_mean,0.6880533846677892,1.2361191095454046e-16,lower=damaged
Bucha,s2__composite__ndvi__prebattle_baseline_std,0.5562058117866899,0.013338059951799194,higher=damaged
Bucha,s2__composite__ndvi__prebattle_baseline_max,0.619871347225201,1.308368873099535e-07,lower=damaged
Bucha,s2__composite__ndwi__prebattle_baseline_mean,0.6647870171717614,4.0103794256866426e-13,higher=damaged
Bucha,s2__composite__ndwi__prebattle_baseline_std,0.6491325065695587,5.1693172938309614e-11,higher=damaged
Bucha,s2__composite__ndwi__prebattle_baseline_max,0.7187813310990773,5.831402094241588e-22,higher=damaged
Bucha,s2__composite__b02__winter_baseline_mean,0.6182784008644138,1.9136484311493465e-07,higher=damaged
Bucha,s2__composite__b02__winter_baseline_std,0.6913732288536649,3.584644631483692e-17,higher=damaged
Bucha,s2__composite__b02__winter_baseline_max,0.666163637483553,2.558143072235579e-13,higher=damaged
Bucha,s2__composite__b03__winter_baseline_mean,0.6187433348942452,1.7134801898933548e-07,higher=damaged
Bucha,s2__composite__b03__winter_baseline_std,0.7005995533961705,1.028577054060911e-18,higher=damaged
Bucha,s2__composite__b03__winter_baseline_max,0.6768630570766818,6.8677329049561e-15,higher=damaged
Bucha,s2__composite__b04__winter_baseline_mean,0.6162698710132741,3.0698963230566863e-07,higher=damaged
Bucha,s2__composite__b04__winter_baseline_std,0.6980485386674464,2.790783895871108e-18,higher=damaged
Bucha,s2__composite__b04__winter_baseline_max,0.6778608285102149,4.846895322238021e-15,higher=damaged
Bucha,s2__composite__b05__winter_baseline_mean,0.6043548697108652,4.337617177420268e-06,higher=damaged
Bucha,s2__composite__b05__winter_baseline_std,0.7303824184435953,3.551396339247759e-24,higher=damaged
Bucha,s2__composite__b05__winter_baseline_max,0.6617489905402808,1.0679545335580933e-12,higher=damaged
Bucha,s2__composite__b07__winter_baseline_mean,0.5457553712310844,0.043956793122362774,higher=damaged
Bucha,s2__composite__b07__winter_baseline_std,0.7227857748739706,1.032177953121906e-22,higher=damaged
Bucha,s2__composite__b07__winter_baseline_max,0.62582383861112,3.029118690440139e-08,higher=damaged
Bucha,s2__composite__b08__winter_baseline_mean,0.5571479247170508,0.011866411492639393,higher=damaged
Bucha,s2__composite__b08__winter_baseline_std,0.6928396448839074,2.0609128674490274e-17,higher=damaged
Bucha,s2__composite__b08__winter_baseline_max,0.6489039356498649,5.530268074169898e-11,higher=damaged
Bucha,s2__composite__b11__winter_baseline_mean,0.5507434862853737,0.025475271308700715,lower=damaged
Bucha,s2__composite__b11__winter_baseline_std,0.7132217887455538,6.133087932595411e-21,higher=damaged
Bucha,s2__composite__b11__winter_baseline_max,0.5153506151748827,0.49913813332149026,higher=damaged
Bucha,s2__composite__b12__winter_baseline_mean,0.5301713613995664,0.1840552127929308,lower=damaged
Bucha,s2__composite__b12__winter_baseline_std,0.7248087759359347,4.253643421603393e-23,higher=damaged
Bucha,s2__composite__b12__winter_baseline_max,0.544522535385821,0.04996967577042324,higher=damaged
Bucha,s2__composite__b8a__winter_baseline_mean,0.5263394589845068,0.24618658568611884,higher=damaged
Bucha,s2__composite__b8a__winter_baseline_std,0.7098755995348434,2.4547242319117256e-20,higher=damaged
Bucha,s2__composite__b8a__winter_baseline_max,0.6167158811520271,2.7658458113854055e-07,higher=damaged
Bucha,s2__composite__cire__winter_baseline_mean,0.6631706942396418,6.767749528593246e-13,lower=damaged
Bucha,s2__composite__cire__winter_baseline_std,0.6666363637038285,2.1903388225720735e-13,higher=damaged
Bucha,s2__composite__cire__winter_baseline_max,0.5864480450136289,0.00014116753280583627,lower=damaged
Bucha,s2__composite__mndwi__winter_baseline_mean,0.5863033329053813,0.00014484663816303851,higher=damaged
Bucha,s2__composite__mndwi__winter_baseline_std,0.7130703976169254,6.533508500129155e-21,higher=damaged
Bucha,s2__composite__mndwi__winter_baseline_max,0.6517885303409344,2.3423555599060012e-11,higher=damaged
Bucha,s2__composite__ndbi__winter_baseline_mean,0.5541694526839643,0.01708113946651499,lower=damaged
Bucha,s2__composite__ndbi__winter_baseline_std,0.7178251180145796,8.777470202510062e-22,higher=damaged
Bucha,s2__composite__ndbi__winter_baseline_max,0.5410629883569832,0.07062096873082224,higher=damaged
Bucha,s2__composite__ndre__winter_baseline_mean,0.6746901491128405,1.457339809440768e-14,lower=damaged
Bucha,s2__composite__ndre__winter_baseline_std,0.6584656954381549,3.0177253912293184e-12,higher=damaged
Bucha,s2__composite__ndre__winter_baseline_max,0.618051685228159,2.0192780790941758e-07,lower=damaged
Bucha,s2__composite__ndvi__winter_baseline_mean,0.6880533846677892,1.2361191095454046e-16,lower=damaged
Bucha,s2__composite__ndvi__winter_baseline_std,0.5562058117866899,0.013338059951799194,higher=damaged
Bucha,s2__composite__ndvi__winter_baseline_max,0.619871347225201,1.308368873099535e-07,lower=damaged
Bucha,s2__composite__ndwi__winter_baseline_mean,0.6647870171717614,4.0103794256866426e-13,higher=damaged
Bucha,s2__composite__ndwi__winter_baseline_std,0.6491325065695587,5.1693172938309614e-11,higher=damaged
Bucha,s2__composite__ndwi__winter_baseline_max,0.7187813310990773,5.831402094241588e-22,higher=damaged
Bucha,s1__coh__date_first_drop_max,0.5003810752183855,0.8023638066097786,lower=damaged
Bucha,s1__coh__date_first_drop_mean,0.5003224482617108,0.8322909184707458,lower=damaged
Bucha,s1__coh__date_first_drop_std,0.5001465673916867,0.9233696702785451,lower=damaged
Bucha,s1__coh__date_worst_drop_max,0.5044059271111085,0.21635140597350244,lower=damaged
Bucha,s1__coh__date_worst_drop_mean,0.501593688474163,0.6547664788121796,higher=damaged
Bucha,s1__coh__date_worst_drop_std,0.5013669728379083,0.7013252992622825,higher=damaged
Bucha,s1__coh__drop_count_max,0.5002345078266988,0.8370292604815713,lower=damaged
Bucha,s1__coh__drop_count_mean,0.5001465673916867,0.9164236565561846,higher=damaged
Bucha,s1__coh__drop_count_std,0.5002931347833734,0.8296172974001301,lower=damaged
Bucha,s1__coh__lu_transition_mode,0.5000293134783373,0.9238099555543042,higher=damaged
Bucha,s1__coh__max_drop_max,0.5030107539649263,0.3982275754496942,higher=damaged
Bucha,s1__coh__max_drop_mean,0.5032942412744164,0.35530938993222105,lower=damaged
Bucha,s1__coh__max_drop_std,0.5024371003255652,0.4940895432114394,higher=damaged
Bucha,s1__coh__running_min_max,0.507454157801504,0.03647005178020419,higher=damaged
Bucha,s1__coh__running_min_mean,0.507795901010981,0.028702862191019984,higher=damaged
Bucha,s1__coh__running_min_std,0.5089087000177365,0.012426188448991139,higher=damaged
Chernihiv,s2__composite__b02__post_winter_baseline_mean,0.5568223683893132,8.940071834118079e-05,higher=damaged
Chernihiv,s2__composite__b02__post_winter_baseline_std,0.6512683484001222,1.8203991010404235e-25,higher=damaged
Chernihiv,s2__composite__b02__post_winter_baseline_max,0.5913316043209071,3.035046780260269e-10,higher=damaged
Chernihiv,s2__composite__b03__post_winter_baseline_mean,0.5802038373156276,3.205647713412765e-08,higher=damaged
Chernihiv,s2__composite__b03__post_winter_baseline_std,0.643182355977701,5.505511653958171e-23,higher=damaged
Chernihiv,s2__composite__b03__post_winter_baseline_max,0.6146829502595342,2.6355815562664864e-15,higher=damaged
Chernihiv,s2__composite__b04__post_winter_baseline_mean,0.5881262124943799,1.2323446680012744e-09,higher=damaged
Chernihiv,s2__composite__b04__post_winter_baseline_std,0.6208044767466421,8.151119126408361e-17,higher=damaged
Chernihiv,s2__composite__b04__post_winter_baseline_max,0.6113133528497345,1.6587576717844364e-14,higher=damaged
Chernihiv,s2__composite__b05__post_winter_baseline_mean,0.5781784488143957,7.041226082850876e-08,higher=damaged
Chernihiv,s2__composite__b05__post_winter_baseline_std,0.6395025859290582,6.693344076888619e-22,higher=damaged
Chernihiv,s2__composite__b05__post_winter_baseline_max,0.615213926751484,1.96433374144399e-15,higher=damaged
Chernihiv,s2__composite__b07__post_winter_baseline_mean,0.5335413584502571,0.02074728985939558,higher=damaged
Chernihiv,s2__composite__b07__post_winter_baseline_std,0.5998976524426155,5.675125892682822e-12,higher=damaged
Chernihiv,s2__composite__b07__post_winter_baseline_max,0.5608636731241645,2.7128032026917273e-05,higher=damaged
Chernihiv,s2__composite__b08__post_winter_baseline_mean,0.5194658041137411,0.17956554420633797,higher=damaged
Chernihiv,s2__composite__b08__post_winter_baseline_std,0.5976853778664053,1.6387666430851744e-11,higher=damaged
Chernihiv,s2__composite__b08__post_winter_baseline_max,0.5612647736486928,2.4002547514989098e-05,higher=damaged
Chernihiv,s2__composite__b11__post_winter_baseline_mean,0.5632652165507461,1.2893597149418353e-05,higher=damaged
Chernihiv,s2__composite__b11__post_winter_baseline_std,0.6067508086433677,1.8380619823529784e-13,higher=damaged
Chernihiv,s2__composite__b11__post_winter_baseline_max,0.5923809668372969,1.8985878056517746e-10,higher=damaged
Chernihiv,s2__composite__b12__post_winter_baseline_mean,0.5652521570589044,6.830745927804045e-06,higher=damaged
Chernihiv,s2__composite__b12__post_winter_baseline_std,0.6039558425240804,7.645061776298276e-13,higher=damaged
Chernihiv,s2__composite__b12__post_winter_baseline_max,0.5856636288339592,3.5010664103572876e-09,higher=damaged
Chernihiv,s2__composite__b8a__post_winter_baseline_mean,0.5283801492805843,0.05038211511088275,higher=damaged
Chernihiv,s2__composite__b8a__post_winter_baseline_std,0.6125277740418213,8.602369180036963e-15,higher=damaged
Chernihiv,s2__composite__b8a__post_winter_baseline_max,0.5634767834720814,1.2060579197921185e-05,higher=damaged
Chernihiv,s2__composite__cire__post_winter_baseline_mean,0.6005899222368013,4.051368132263726e-12,lower=damaged
Chernihiv,s2__composite__cire__post_winter_baseline_std,0.5712614577666887,8.959508277088655e-07,higher=damaged
Chernihiv,s2__composite__cire__post_winter_baseline_max,0.5362766080998125,0.012379516314951053,lower=damaged
Chernihiv,s2__composite__mndwi__post_winter_baseline_mean,0.5234388026206529,0.10609050178749836,higher=damaged
Chernihiv,s2__composite__mndwi__post_winter_baseline_std,0.6569553566732361,2.722978530722834e-27,higher=damaged
Chernihiv,s2__composite__mndwi__post_winter_baseline_max,0.5949201523140633,5.9736686924313e-11,higher=damaged
Chernihiv,s2__composite__ndbi__post_winter_baseline_mean,0.6031449340488955,1.1481868404910847e-12,higher=damaged
Chernihiv,s2__composite__ndbi__post_winter_baseline_std,0.5887828289086077,9.280714394366953e-10,higher=damaged
Chernihiv,s2__composite__ndbi__post_winter_baseline_max,0.6204925685059692,9.772326223703479e-17,higher=damaged
Chernihiv,s2__composite__ndre__post_winter_baseline_mean,0.5966679621904731,2.6484531869852576e-11,lower=damaged
Chernihiv,s2__composite__ndre__post_winter_baseline_std,0.5774864731900115,9.169216330687824e-08,higher=damaged
Chernihiv,s2__composite__ndre__post_winter_baseline_max,0.5342203906033693,0.018304836196156707,lower=damaged
Chernihiv,s2__composite__ndvi__post_winter_baseline_mean,0.6184042865011479,3.253456672237458e-16,lower=damaged
Chernihiv,s2__composite__ndvi__post_winter_baseline_std,0.57160369491391,7.941049294322056e-07,higher=damaged
Chernihiv,s2__composite__ndvi__post_winter_baseline_max,0.5393545067343115,0.006660155001397597,lower=damaged
Chernihiv,s2__composite__ndwi__post_winter_baseline_mean,0.6156853926925632,1.510511179129819e-15,higher=damaged
Chernihiv,s2__composite__ndwi__post_winter_baseline_std,0.5675219712483143,3.233668144612487e-06,higher=damaged
Chernihiv,s2__composite__ndwi__post_winter_baseline_max,0.6401410226495451,4.363534624241431e-22,higher=damaged
Chernihiv,s2__composite__b02__prebattle_baseline_mean,0.5060036232306128,0.6968578965414677,higher=damaged
Chernihiv,s2__composite__b02__prebattle_baseline_std,0.5686187245197472,8.484515091179825e-06,higher=damaged
Chernihiv,s2__composite__b02__prebattle_baseline_max,0.5395575133144194,0.010263169628171946,higher=damaged
Chernihiv,s2__composite__b03__prebattle_baseline_mean,0.5046234961892655,0.7641689201464003,lower=damaged
Chernihiv,s2__composite__b03__prebattle_baseline_std,0.5821860711069597,9.663191450510538e-08,higher=damaged
Chernihiv,s2__composite__b03__prebattle_baseline_max,0.5439328478590263,0.004361707948206193,higher=damaged
Chernihiv,s2__composite__b04__prebattle_baseline_mean,0.5125959684852361,0.41373744271510504,lower=damaged
Chernihiv,s2__composite__b04__prebattle_baseline_std,0.5800528105394686,2.0524679338148363e-07,higher=damaged
Chernihiv,s2__composite__b04__prebattle_baseline_max,0.5438532749276843,0.00443287264388976,higher=damaged
Chernihiv,s2__composite__b05__prebattle_baseline_mean,0.5298991833022632,0.05236432411558129,lower=damaged
Chernihiv,s2__composite__b05__prebattle_baseline_std,0.5987344462129933,1.486265815306081e-10,higher=damaged
Chernihiv,s2__composite__b05__prebattle_baseline_max,0.5299363663651897,0.0520729354252448,higher=damaged
Chernihiv,s2__composite__b07__prebattle_baseline_mean,0.5719215453845758,3.057863463063972e-06,lower=damaged
Chernihiv,s2__composite__b07__prebattle_baseline_std,0.6061997109369862,5.53267884014953e-12,higher=damaged
Chernihiv,s2__composite__b07__prebattle_baseline_max,0.5155463445107268,0.3130799922493619,lower=damaged
Chernihiv,s2__composite__b08__prebattle_baseline_mean,0.5801331188953147,1.9957517414910232e-07,lower=damaged
Chernihiv,s2__composite__b08__prebattle_baseline_std,0.5777178377389967,4.582137210677733e-07,higher=damaged
Chernihiv,s2__composite__b08__prebattle_baseline_max,0.5000488616040515,0.9974717812146515,lower=damaged
Chernihiv,s2__composite__b11__prebattle_baseline_mean,0.5924795431378246,1.9625535572982835e-09,higher=damaged
Chernihiv,s2__composite__b11__prebattle_baseline_std,0.6184990385942543,1.4800245379126504e-14,higher=damaged
Chernihiv,s2__composite__b11__prebattle_baseline_max,0.645379657311008,3.96477453408816e-21,higher=damaged
Chernihiv,s2__composite__b12__prebattle_baseline_mean,0.5768189136591627,6.205762867557152e-07,higher=damaged
Chernihiv,s2__composite__b12__prebattle_baseline_std,0.6049068346588036,9.944839991410982e-12,higher=damaged
Chernihiv,s2__composite__b12__prebattle_baseline_max,0.6239201173666908,8.907070698113804e-16,higher=damaged
Chernihiv,s2__composite__b8a__prebattle_baseline_mean,0.5738388853176675,1.656974192407817e-06,lower=damaged
Chernihiv,s2__composite__b8a__prebattle_baseline_std,0.5972617439350718,2.7690294436200436e-10,higher=damaged
Chernihiv,s2__composite__b8a__prebattle_baseline_max,0.5127258444526577,0.40893926878330633,lower=damaged
Chernihiv,s2__composite__cire__prebattle_baseline_mean,0.5318380564648345,0.03883433341079289,lower=damaged
Chernihiv,s2__composite__cire__prebattle_baseline_std,0.6008357599400269,6.024418464634674e-11,higher=damaged
Chernihiv,s2__composite__cire__prebattle_baseline_max,0.5333650036541773,0.03038690775158254,higher=damaged
Chernihiv,s2__composite__mndwi__prebattle_baseline_mean,0.5351293164564588,0.02263770818195018,lower=damaged
Chernihiv,s2__composite__mndwi__prebattle_baseline_std,0.5842910325395337,4.5121909761534526e-08,higher=damaged
Chernihiv,s2__composite__mndwi__prebattle_baseline_max,0.5045100937307355,0.7697879658753936,higher=damaged
Chernihiv,s2__composite__ndbi__prebattle_baseline_mean,0.6222086374607828,2.1921827681881146e-15,higher=damaged
Chernihiv,s2__composite__ndbi__prebattle_baseline_std,0.6015511220636411,4.411624922875654e-11,higher=damaged
Chernihiv,s2__composite__ndbi__prebattle_baseline_max,0.6850390416277333,3.267002319177439e-33,higher=damaged
Chernihiv,s2__composite__ndre__prebattle_baseline_mean,0.5152441438735079,0.3225795190889542,lower=damaged
Chernihiv,s2__composite__ndre__prebattle_baseline_std,0.5900784115489652,5.063551181847653e-09,higher=damaged
Chernihiv,s2__composite__ndre__prebattle_baseline_max,0.543451821399394,0.004809198211997858,higher=damaged
Chernihiv,s2__composite__ndvi__prebattle_baseline_mean,0.5417480193253087,0.006749178521396272,lower=damaged
Chernihiv,s2__composite__ndvi__prebattle_baseline_std,0.5767115710985465,6.433995604377654e-07,higher=damaged
Chernihiv,s2__composite__ndvi__prebattle_baseline_max,0.5264141242453221,0.0865315864780926,higher=damaged
Chernihiv,s2__composite__ndwi__prebattle_baseline_mean,0.5400085050373049,0.009428578833792379,higher=damaged
Chernihiv,s2__composite__ndwi__prebattle_baseline_std,0.5751261723696189,1.0889748586293179e-06,higher=damaged
Chernihiv,s2__composite__ndwi__prebattle_baseline_max,0.5621699341283213,5.4801827005190355e-05,higher=damaged
Chernihiv,s2__composite__b02__winter_baseline_mean,0.5060036232306128,0.6968578965414677,higher=damaged
Chernihiv,s2__composite__b02__winter_baseline_std,0.5686187245197472,8.484515091179825e-06,higher=damaged
Chernihiv,s2__composite__b02__winter_baseline_max,0.5395575133144194,0.010263169628171946,higher=damaged
Chernihiv,s2__composite__b03__winter_baseline_mean,0.5046234961892655,0.7641689201464003,lower=damaged
Chernihiv,s2__composite__b03__winter_baseline_std,0.5821860711069597,9.663191450510538e-08,higher=damaged
Chernihiv,s2__composite__b03__winter_baseline_max,0.5439328478590263,0.004361707948206193,higher=damaged
Chernihiv,s2__composite__b04__winter_baseline_mean,0.5125959684852361,0.41373744271510504,lower=damaged
Chernihiv,s2__composite__b04__winter_baseline_std,0.5800528105394686,2.0524679338148363e-07,higher=damaged
Chernihiv,s2__composite__b04__winter_baseline_max,0.5438532749276843,0.00443287264388976,higher=damaged
Chernihiv,s2__composite__b05__winter_baseline_mean,0.5298991833022632,0.05236432411558129,lower=damaged
Chernihiv,s2__composite__b05__winter_baseline_std,0.5987344462129933,1.486265815306081e-10,higher=damaged
Chernihiv,s2__composite__b05__winter_baseline_max,0.5299363663651897,0.0520729354252448,higher=damaged
Chernihiv,s2__composite__b07__winter_baseline_mean,0.5719215453845758,3.057863463063972e-06,lower=damaged
Chernihiv,s2__composite__b07__winter_baseline_std,0.6061997109369862,5.53267884014953e-12,higher=damaged
Chernihiv,s2__composite__b07__winter_baseline_max,0.5155463445107268,0.3130799922493619,lower=damaged
Chernihiv,s2__composite__b08__winter_baseline_mean,0.5801331188953147,1.9957517414910232e-07,lower=damaged
Chernihiv,s2__composite__b08__winter_baseline_std,0.5777178377389967,4.582137210677733e-07,higher=damaged
Chernihiv,s2__composite__b08__winter_baseline_max,0.5000488616040515,0.9974717812146515,lower=damaged
Chernihiv,s2__composite__b11__winter_baseline_mean,0.5924795431378246,1.9625535572982835e-09,higher=damaged
Chernihiv,s2__composite__b11__winter_baseline_std,0.6184990385942543,1.4800245379126504e-14,higher=damaged
Chernihiv,s2__composite__b11__winter_baseline_max,0.645379657311008,3.96477453408816e-21,higher=damaged
Chernihiv,s2__composite__b12__winter_baseline_mean,0.5768189136591627,6.205762867557152e-07,higher=damaged
Chernihiv,s2__composite__b12__winter_baseline_std,0.6049068346588036,9.944839991410982e-12,higher=damaged
Chernihiv,s2__composite__b12__winter_baseline_max,0.6239201173666908,8.907070698113804e-16,higher=damaged
Chernihiv,s2__composite__b8a__winter_baseline_mean,0.5738388853176675,1.656974192407817e-06,lower=damaged
Chernihiv,s2__composite__b8a__winter_baseline_std,0.5972617439350718,2.7690294436200436e-10,higher=damaged
Chernihiv,s2__composite__b8a__winter_baseline_max,0.5127258444526577,0.40893926878330633,lower=damaged
Chernihiv,s2__composite__cire__winter_baseline_mean,0.5318380564648345,0.03883433341079289,lower=damaged
Chernihiv,s2__composite__cire__winter_baseline_std,0.6008357599400269,6.024418464634674e-11,higher=damaged
Chernihiv,s2__composite__cire__winter_baseline_max,0.5333650036541773,0.03038690775158254,higher=damaged
Chernihiv,s2__composite__mndwi__winter_baseline_mean,0.5351293164564588,0.02263770818195018,lower=damaged
Chernihiv,s2__composite__mndwi__winter_baseline_std,0.5842910325395337,4.5121909761534526e-08,higher=damaged
Chernihiv,s2__composite__mndwi__winter_baseline_max,0.5045100937307355,0.7697879658753936,higher=damaged
Chernihiv,s2__composite__ndbi__winter_baseline_mean,0.6222086374607828,2.1921827681881146e-15,higher=damaged
Chernihiv,s2__composite__ndbi__winter_baseline_std,0.6015511220636411,4.411624922875654e-11,higher=damaged
Chernihiv,s2__composite__ndbi__winter_baseline_max,0.6850390416277333,3.267002319177439e-33,higher=damaged
Chernihiv,s2__composite__ndre__winter_baseline_mean,0.5152441438735079,0.3225795190889542,lower=damaged
Chernihiv,s2__composite__ndre__winter_baseline_std,0.5900784115489652,5.063551181847653e-09,higher=damaged
Chernihiv,s2__composite__ndre__winter_baseline_max,0.543451821399394,0.004809198211997858,higher=damaged
Chernihiv,s2__composite__ndvi__winter_baseline_mean,0.5417480193253087,0.006749178521396272,lower=damaged
Chernihiv,s2__composite__ndvi__winter_baseline_std,0.5767115710985465,6.433995604377654e-07,higher=damaged
Chernihiv,s2__composite__ndvi__winter_baseline_max,0.5264141242453221,0.0865315864780926,higher=damaged
Chernihiv,s2__composite__ndwi__winter_baseline_mean,0.5400085050373049,0.009428578833792379,higher=damaged
Chernihiv,s2__composite__ndwi__winter_baseline_std,0.5751261723696189,1.0889748586293179e-06,higher=damaged
Chernihiv,s2__composite__ndwi__winter_baseline_max,0.5621699341283213,5.4801827005190355e-05,higher=damaged
Chernihiv,s1__coh__date_first_drop_max,0.5,1.0,higher=damaged
Chernihiv,s1__coh__date_first_drop_mean,0.5,1.0,higher=damaged
Chernihiv,s1__coh__date_first_drop_std,0.5,1.0,higher=damaged
Chernihiv,s1__coh__date_worst_drop_max,0.5,1.0,higher=damaged
Chernihiv,s1__coh__date_worst_drop_mean,0.5,1.0,higher=damaged
Chernihiv,s1__coh__date_worst_drop_std,0.5,1.0,higher=damaged
Chernihiv,s1__coh__drop_count_max,0.5,1.0,higher=damaged
Chernihiv,s1__coh__drop_count_mean,0.5,1.0,higher=damaged
Chernihiv,s1__coh__drop_count_std,0.5,1.0,higher=damaged
Chernihiv,s1__coh__lu_transition_mode,0.5,1.0,higher=damaged
Chernihiv,s1__coh__max_drop_max,0.5,1.0,higher=damaged
Chernihiv,s1__coh__max_drop_mean,0.5,1.0,higher=damaged
Chernihiv,s1__coh__max_drop_std,0.5,1.0,higher=damaged
Chernihiv,s1__coh__running_min_max,0.5,1.0,higher=damaged
Chernihiv,s1__coh__running_min_mean,0.5,1.0,higher=damaged
Chernihiv,s1__coh__running_min_std,0.5,1.0,higher=damaged
Chornobaivka,s2__composite__b02__post_winter_baseline_mean,0.6482715675384564,0.20845082151072292,higher=damaged
Chornobaivka,s2__composite__b02__post_winter_baseline_std,0.8472180147430072,0.003222654651792989,higher=damaged
Chornobaivka,s2__composite__b02__post_winter_baseline_max,0.7772308054798209,0.018676426778516185,higher=damaged
Chornobaivka,s2__composite__b03__post_winter_baseline_mean,0.6120704163721431,0.34175011798156363,higher=damaged
Chornobaivka,s2__composite__b03__post_winter_baseline_std,0.872042142111818,0.0015980406789622315,higher=damaged
Chornobaivka,s2__composite__b03__post_winter_baseline_max,0.7791073412097345,0.017891244267078006,higher=damaged
Chornobaivka,s2__composite__b04__post_winter_baseline_mean,0.6820828705106197,0.12242237099735073,higher=damaged
Chornobaivka,s2__composite__b04__post_winter_baseline_std,0.9191322494866875,0.00037687688986970315,higher=damaged
Chornobaivka,s2__composite__b04__post_winter_baseline_max,0.889376956477835,0.0009554253114041936,higher=damaged
Chornobaivka,s2__composite__b05__post_winter_baseline_mean,0.6427008650577266,0.22605798497476026,higher=damaged
Chornobaivka,s2__composite__b05__post_winter_baseline_std,0.8488673465953078,0.003079851852530408,higher=damaged
Chornobaivka,s2__composite__b05__post_winter_baseline_max,0.8126072907199839,0.008000941209372992,higher=damaged
Chornobaivka,s2__composite__b07__post_winter_baseline_mean,0.5987074623851358,0.4023991495342183,lower=damaged
Chornobaivka,s2__composite__b07__post_winter_baseline_std,0.8318691305664949,0.004870990421020128,higher=damaged
Chornobaivka,s2__composite__b07__post_winter_baseline_max,0.5527281295230401,0.65468435155424,higher=damaged
Chornobaivka,s2__composite__b08__post_winter_baseline_mean,0.6322326567706755,0.26196211870399766,lower=damaged
Chornobaivka,s2__composite__b08__post_winter_baseline_std,0.8391396546501061,0.0040131578164052635,higher=damaged
Chornobaivka,s2__composite__b08__post_winter_baseline_max,0.5932209094887071,0.42906156657610073,higher=damaged
Chornobaivka,s2__composite__b11__post_winter_baseline_mean,0.5772156585546466,0.5124602023714211,higher=damaged
Chornobaivka,s2__composite__b11__post_winter_baseline_std,0.8062876569389748,0.00936551016462199,higher=damaged
Chornobaivka,s2__composite__b11__post_winter_baseline_max,0.7222138072637921,0.05940975636102101,higher=damaged
Chornobaivka,s2__composite__b12__post_winter_baseline_mean,0.622126291696119,0.3001904368655983,higher=damaged
Chornobaivka,s2__composite__b12__post_winter_baseline_std,0.7728129523040155,0.020644564985314057,higher=damaged
Chornobaivka,s2__composite__b12__post_winter_baseline_max,0.7406257363088626,0.0412158417742327,higher=damaged
Chornobaivka,s2__composite__b8a__post_winter_baseline_mean,0.6543639974418527,0.1903570076571477,lower=damaged
Chornobaivka,s2__composite__b8a__post_winter_baseline_std,0.8159648591335958,0.007350851155182314,higher=damaged
Chornobaivka,s2__composite__b8a__post_winter_baseline_max,0.5020784947322361,0.9859881379454863,higher=damaged
Chornobaivka,s2__composite__cire__post_winter_baseline_mean,0.873556834629237,0.0015290285859118945,lower=damaged
Chornobaivka,s2__composite__cire__post_winter_baseline_std,0.5898717560335252,0.44583104429486575,higher=damaged
Chornobaivka,s2__composite__cire__post_winter_baseline_max,0.6553064727860245,0.18766454734687144,lower=damaged
Chornobaivka,s2__composite__mndwi__post_winter_baseline_mean,0.6001380053182537,0.3956135543861622,higher=damaged
Chornobaivka,s2__composite__mndwi__post_winter_baseline_std,0.8115049311656402,0.008225325686254573,higher=damaged
Chornobaivka,s2__composite__mndwi__post_winter_baseline_max,0.7614359285065132,0.02656152599017375,higher=damaged
Chornobaivka,s2__composite__ndbi__post_winter_baseline_mean,0.7983944259315359,0.011359175886437258,higher=damaged
Chornobaivka,s2__composite__ndbi__post_winter_baseline_std,0.7393382476690565,0.04231292355743386,higher=damaged
Chornobaivka,s2__composite__ndbi__post_winter_baseline_max,0.8986165808340907,0.0007203439560101476,higher=damaged
Chornobaivka,s2__composite__ndre__post_winter_baseline_mean,0.8741122218856239,0.001504436863011968,lower=damaged
Chornobaivka,s2__composite__ndre__post_winter_baseline_std,0.6271836817126124,0.28061847181006505,higher=damaged
Chornobaivka,s2__composite__ndre__post_winter_baseline_max,0.6828907065199098,0.1207725795411439,lower=damaged
Chornobaivka,s2__composite__ndvi__post_winter_baseline_mean,0.8626342185869602,0.0020948206902728188,lower=damaged
Chornobaivka,s2__composite__ndvi__post_winter_baseline_std,0.5129758658992225,0.9123987365639976,lower=damaged
Chornobaivka,s2__composite__ndvi__post_winter_baseline_max,0.6444343464943284,0.22046882525613298,lower=damaged
Chornobaivka,s2__composite__ndwi__post_winter_baseline_mean,0.8016089400518361,0.010505768332845063,higher=damaged
Chornobaivka,s2__composite__ndwi__post_winter_baseline_std,0.5736140563465617,0.5323278864047809,higher=damaged
Chornobaivka,s2__composite__ndwi__post_winter_baseline_max,0.853983641320812,0.0026728041081682044,higher=damaged
Chornobaivka,s2__composite__b02__prebattle_baseline_mean,0.6978861624423576,0.09319929842616202,higher=damaged
Chornobaivka,s2__composite__b02__prebattle_baseline_std,0.9020498838735737,0.000647620895601662,higher=damaged
Chornobaivka,s2__composite__b02__prebattle_baseline_max,0.8738345282574305,0.0015165487272789768,higher=damaged
Chornobaivka,s2__composite__b03__prebattle_baseline_mean,0.6579487697330775,0.1802660694882744,higher=damaged
Chornobaivka,s2__composite__b03__prebattle_baseline_std,0.9149079403547746,0.00043166149448850436,higher=damaged
Chornobaivka,s2__composite__b03__prebattle_baseline_max,0.8674307448921201,0.0018261326646992393,higher=damaged
Chornobaivka,s2__composite__b04__prebattle_baseline_mean,0.7328418997610153,0.048232357398523565,higher=damaged
Chornobaivka,s2__composite__b04__prebattle_baseline_std,0.9223299336901277,0.0003398055177216774,higher=damaged
Chornobaivka,s2__composite__b04__prebattle_baseline_max,0.8860951226900939,0.0010547968654785365,higher=damaged
Chornobaivka,s2__composite__b05__prebattle_baseline_mean,0.6626611464539366,0.16761276429730465,higher=damaged
Chornobaivka,s2__composite__b05__prebattle_baseline_std,0.8719411626106567,0.0016027410271770221,higher=damaged
Chornobaivka,s2__composite__b05__prebattle_baseline_max,0.798874078562052,0.011228049278627687,higher=damaged
Chornobaivka,s2__composite__b07__prebattle_baseline_mean,0.5562455821468242,0.6332869655528954,lower=damaged
Chornobaivka,s2__composite__b07__prebattle_baseline_std,0.8539499814870914,0.002675313209072928,higher=damaged
Chornobaivka,s2__composite__b07__prebattle_baseline_max,0.5802450435894847,0.49605344733990475,higher=damaged
Chornobaivka,s2__composite__b08__prebattle_baseline_mean,0.5544616109596419,0.6441023532789591,lower=damaged
Chornobaivka,s2__composite__b08__prebattle_baseline_std,0.9092025985391632,0.0005175083113690743,higher=damaged
Chornobaivka,s2__composite__b08__prebattle_baseline_max,0.7006462688074321,0.0887226871086244,higher=damaged
Chornobaivka,s2__composite__b11__prebattle_baseline_mean,0.5899222457841058,0.44557550882801555,higher=damaged
Chornobaivka,s2__composite__b11__prebattle_baseline_std,0.8624995792520785,0.0021028609062370383,higher=damaged
Chornobaivka,s2__composite__b11__prebattle_baseline_max,0.7493183883671615,0.0344215174793177,higher=damaged
Chornobaivka,s2__composite__b12__prebattle_baseline_mean,0.6371469924938571,0.24464377337636267,higher=damaged
Chornobaivka,s2__composite__b12__prebattle_baseline_std,0.8447103571308356,0.0034513600006901663,higher=damaged
Chornobaivka,s2__composite__b12__prebattle_baseline_max,0.7860833417482918,0.015224009735900074,higher=damaged
Chornobaivka,s2__composite__b8a__prebattle_baseline_mean,0.6271163620451715,0.2808731709068656,lower=damaged
Chornobaivka,s2__composite__b8a__prebattle_baseline_std,0.8485812380086842,0.0031042025017728567,higher=damaged
Chornobaivka,s2__composite__b8a__prebattle_baseline_max,0.5176209229526406,0.881221280345457,higher=damaged
Chornobaivka,s2__composite__cire__prebattle_baseline_mean,0.8773940556733649,0.0013663400718528812,lower=damaged
Chornobaivka,s2__composite__cire__prebattle_baseline_std,0.5319431822006799,0.7864459807173612,higher=damaged
Chornobaivka,s2__composite__cire__prebattle_baseline_max,0.7186037900972769,0.06366451042901941,lower=damaged
Chornobaivka,s2__composite__mndwi__prebattle_baseline_mean,0.6069709515634993,0.36416885936536514,higher=damaged
Chornobaivka,s2__composite__mndwi__prebattle_baseline_std,0.8443905887104918,0.0034815622282869077,higher=damaged
Chornobaivka,s2__composite__mndwi__prebattle_baseline_max,0.820525766602713,0.00654382638744406,higher=damaged
Chornobaivka,s2__composite__ndbi__prebattle_baseline_mean,0.7055437746137534,0.0812073465482551,higher=damaged
Chornobaivka,s2__composite__ndbi__prebattle_baseline_std,0.8332660136658925,0.004694309484838895,higher=damaged
Chornobaivka,s2__composite__ndbi__prebattle_baseline_max,0.9228853209465145,0.00033372537356921055,higher=damaged
Chornobaivka,s2__composite__ndre__prebattle_baseline_mean,0.8856407149348682,0.0010692870417650202,lower=damaged
Chornobaivka,s2__composite__ndre__prebattle_baseline_std,0.6393853714362651,0.23702803582807075,higher=damaged
Chornobaivka,s2__composite__ndre__prebattle_baseline_max,0.6907166178599078,0.1056771422793904,lower=damaged
Chornobaivka,s2__composite__ndvi__prebattle_baseline_mean,0.8635935238479922,0.002038345324548744,lower=damaged
Chornobaivka,s2__composite__ndvi__prebattle_baseline_std,0.5757851156215288,0.5203050359699183,higher=damaged
Chornobaivka,s2__composite__ndvi__prebattle_baseline_max,0.6380389780874482,0.2415885961635873,lower=damaged
Chornobaivka,s2__composite__ndwi__prebattle_baseline_mean,0.775000841495843,0.019648984543458235,higher=damaged
Chornobaivka,s2__composite__ndwi__prebattle_baseline_std,0.6699653303712679,0.14933552523319746,higher=damaged
Chornobaivka,s2__composite__ndwi__prebattle_baseline_max,0.8303880978827964,0.005064865614188566,higher=damaged
Chornobaivka,s2__composite__b02__winter_baseline_mean,0.6978861624423576,0.09319929842616202,higher=damaged
Chornobaivka,s2__composite__b02__winter_baseline_std,0.9020498838735737,0.000647620895601662,higher=damaged
Chornobaivka,s2__composite__b02__winter_baseline_max,0.8738345282574305,0.0015165487272789768,higher=damaged
Chornobaivka,s2__composite__b03__winter_baseline_mean,0.6579487697330775,0.1802660694882744,higher=damaged
Chornobaivka,s2__composite__b03__winter_baseline_std,0.9149079403547746,0.00043166149448850436,higher=damaged
Chornobaivka,s2__composite__b03__winter_baseline_max,0.8674307448921201,0.0018261326646992393,higher=damaged
Chornobaivka,s2__composite__b04__winter_baseline_mean,0.7328418997610153,0.048232357398523565,higher=damaged
Chornobaivka,s2__composite__b04__winter_baseline_std,0.9223299336901277,0.0003398055177216774,higher=damaged
Chornobaivka,s2__composite__b04__winter_baseline_max,0.8860951226900939,0.0010547968654785365,higher=damaged
Chornobaivka,s2__composite__b05__winter_baseline_mean,0.6626611464539366,0.16761276429730465,higher=damaged
Chornobaivka,s2__composite__b05__winter_baseline_std,0.8719411626106567,0.0016027410271770221,higher=damaged
Chornobaivka,s2__composite__b05__winter_baseline_max,0.798874078562052,0.011228049278627687,higher=damaged
Chornobaivka,s2__composite__b07__winter_baseline_mean,0.5562455821468242,0.6332869655528954,lower=damaged
Chornobaivka,s2__composite__b07__winter_baseline_std,0.8539499814870914,0.002675313209072928,higher=damaged
Chornobaivka,s2__composite__b07__winter_baseline_max,0.5802450435894847,0.49605344733990475,higher=damaged
Chornobaivka,s2__composite__b08__winter_baseline_mean,0.5544616109596419,0.6441023532789591,lower=damaged
Chornobaivka,s2__composite__b08__winter_baseline_std,0.9092025985391632,0.0005175083113690743,higher=damaged
Chornobaivka,s2__composite__b08__winter_baseline_max,0.7006462688074321,0.0887226871086244,higher=damaged
Chornobaivka,s2__composite__b11__winter_baseline_mean,0.5899222457841058,0.44557550882801555,higher=damaged
Chornobaivka,s2__composite__b11__winter_baseline_std,0.8624995792520785,0.0021028609062370383,higher=damaged
Chornobaivka,s2__composite__b11__winter_baseline_max,0.7493183883671615,0.0344215174793177,higher=damaged
Chornobaivka,s2__composite__b12__winter_baseline_mean,0.6371469924938571,0.24464377337636267,higher=damaged
Chornobaivka,s2__composite__b12__winter_baseline_std,0.8447103571308356,0.0034513600006901663,higher=damaged
Chornobaivka,s2__composite__b12__winter_baseline_max,0.7860833417482918,0.015224009735900074,higher=damaged
Chornobaivka,s2__composite__b8a__winter_baseline_mean,0.6271163620451715,0.2808731709068656,lower=damaged
Chornobaivka,s2__composite__b8a__winter_baseline_std,0.8485812380086842,0.0031042025017728567,higher=damaged
Chornobaivka,s2__composite__b8a__winter_baseline_max,0.5176209229526406,0.881221280345457,higher=damaged
Chornobaivka,s2__composite__cire__winter_baseline_mean,0.8773940556733649,0.0013663400718528812,lower=damaged
Chornobaivka,s2__composite__cire__winter_baseline_std,0.5319431822006799,0.7864459807173612,higher=damaged
Chornobaivka,s2__composite__cire__winter_baseline_max,0.7186037900972769,0.06366451042901941,lower=damaged
Chornobaivka,s2__composite__mndwi__winter_baseline_mean,0.6069709515634993,0.36416885936536514,higher=damaged
Chornobaivka,s2__composite__mndwi__winter_baseline_std,0.8443905887104918,0.0034815622282869077,higher=damaged
Chornobaivka,s2__composite__mndwi__winter_baseline_max,0.820525766602713,0.00654382638744406,higher=damaged
Chornobaivka,s2__composite__ndbi__winter_baseline_mean,0.7055437746137534,0.0812073465482551,higher=damaged
Chornobaivka,s2__composite__ndbi__winter_baseline_std,0.8332660136658925,0.004694309484838895,higher=damaged
Chornobaivka,s2__composite__ndbi__winter_baseline_max,0.9228853209465145,0.00033372537356921055,higher=damaged
Chornobaivka,s2__composite__ndre__winter_baseline_mean,0.8856407149348682,0.0010692870417650202,lower=damaged
Chornobaivka,s2__composite__ndre__winter_baseline_std,0.6393853714362651,0.23702803582807075,higher=damaged
Chornobaivka,s2__composite__ndre__winter_baseline_max,0.6907166178599078,0.1056771422793904,lower=damaged
Chornobaivka,s2__composite__ndvi__winter_baseline_mean,0.8635935238479922,0.002038345324548744,lower=damaged
Chornobaivka,s2__composite__ndvi__winter_baseline_std,0.5757851156215288,0.5203050359699183,higher=damaged
Chornobaivka,s2__composite__ndvi__winter_baseline_max,0.6380389780874482,0.2415885961635873,lower=damaged
Chornobaivka,s2__composite__ndwi__winter_baseline_mean,0.775000841495843,0.019648984543458235,higher=damaged
Chornobaivka,s2__composite__ndwi__winter_baseline_std,0.6699653303712679,0.14933552523319746,higher=damaged
Chornobaivka,s2__composite__ndwi__winter_baseline_max,0.8303880978827964,0.005064865614188566,higher=damaged
Chornobaivka,s1__coh__date_first_drop_max,0.5,1.0,higher=damaged
Chornobaivka,s1__coh__date_first_drop_mean,0.5,1.0,higher=damaged
Chornobaivka,s1__coh__date_first_drop_std,0.5,1.0,higher=damaged
Chornobaivka,s1__coh__date_worst_drop_max,0.5,1.0,higher=damaged
Chornobaivka,s1__coh__date_worst_drop_mean,0.5,1.0,higher=damaged
Chornobaivka,s1__coh__date_worst_drop_std,0.5,1.0,higher=damaged
Chornobaivka,s1__coh__drop_count_max,0.5,1.0,higher=damaged
Chornobaivka,s1__coh__drop_count_mean,0.5,1.0,higher=damaged
Chornobaivka,s1__coh__drop_count_std,0.5,1.0,higher=damaged
Chornobaivka,s1__coh__lu_transition_mode,0.5,1.0,higher=damaged
Chornobaivka,s1__coh__max_drop_max,0.5,1.0,higher=damaged
Chornobaivka,s1__coh__max_drop_mean,0.5,1.0,higher=damaged
Chornobaivka,s1__coh__max_drop_std,0.5,1.0,higher=damaged
Chornobaivka,s1__coh__running_min_max,0.5,1.0,higher=damaged
Chornobaivka,s1__coh__running_min_mean,0.5,1.0,higher=damaged
Chornobaivka,s1__coh__running_min_std,0.5,1.0,higher=damaged
Dmytrivka,s2__composite__b02__post_winter_baseline_mean,0.5,1.0,higher=damaged
Dmytrivka,s2__composite__b02__post_winter_baseline_std,0.5,1.0,higher=damaged
Dmytrivka,s2__composite__b02__post_winter_baseline_max,0.5,1.0,higher=damaged
Dmytrivka,s2__composite__b03__post_winter_baseline_mean,0.5,1.0,higher=damaged
Dmytrivka,s2__composite__b03__post_winter_baseline_std,0.5,1.0,higher=damaged
Dmytrivka,s2__composite__b03__post_winter_baseline_max,0.5,1.0,higher=damaged
Dmytrivka,s2__composite__b04__post_winter_baseline_mean,0.5,1.0,higher=damaged
Dmytrivka,s2__composite__b04__post_winter_baseline_std,0.5,1.0,higher=damaged
Dmytrivka,s2__composite__b04__post_winter_baseline_max,0.5,1.0,higher=damaged
Dmytrivka,s2__composite__b05__post_winter_baseline_mean,0.5,1.0,higher=damaged
Dmytrivka,s2__composite__b05__post_winter_baseline_std,0.5,1.0,higher=damaged
Dmytrivka,s2__composite__b05__post_winter_baseline_max,0.5,1.0,higher=damaged
Dmytrivka,s2__composite__b07__post_winter_baseline_mean,0.5,1.0,higher=damaged
Dmytrivka,s2__composite__b07__post_winter_baseline_std,0.5,1.0,higher=damaged
Dmytrivka,s2__composite__b07__post_winter_baseline_max,0.5,1.0,higher=damaged
Dmytrivka,s2__composite__b08__post_winter_baseline_mean,0.5,1.0,higher=damaged
Dmytrivka,s2__composite__b08__post_winter_baseline_std,0.5,1.0,higher=damaged
Dmytrivka,s2__composite__b08__post_winter_baseline_max,0.5,1.0,higher=damaged
Dmytrivka,s2__composite__b11__post_winter_baseline_mean,0.5,1.0,higher=damaged
Dmytrivka,s2__composite__b11__post_winter_baseline_std,0.5,1.0,higher=damaged
Dmytrivka,s2__composite__b11__post_winter_baseline_max,0.5,1.0,higher=damaged
Dmytrivka,s2__composite__b12__post_winter_baseline_mean,0.5,1.0,higher=damaged
Dmytrivka,s2__composite__b12__post_winter_baseline_std,0.5,1.0,higher=damaged
Dmytrivka,s2__composite__b12__post_winter_baseline_max,0.5,1.0,higher=damaged
Dmytrivka,s2__composite__b8a__post_winter_baseline_mean,0.5,1.0,higher=damaged
Dmytrivka,s2__composite__b8a__post_winter_baseline_std,0.5,1.0,higher=damaged
Dmytrivka,s2__composite__b8a__post_winter_baseline_max,0.5,1.0,higher=damaged
Dmytrivka,s2__composite__cire__post_winter_baseline_mean,0.5,1.0,higher=damaged
Dmytrivka,s2__composite__cire__post_winter_baseline_std,0.5,1.0,higher=damaged
Dmytrivka,s2__composite__cire__post_winter_baseline_max,0.5,1.0,higher=damaged
Dmytrivka,s2__composite__mndwi__post_winter_baseline_mean,0.5,1.0,higher=damaged
Dmytrivka,s2__composite__mndwi__post_winter_baseline_std,0.5,1.0,higher=damaged
Dmytrivka,s2__composite__mndwi__post_winter_baseline_max,0.5,1.0,higher=damaged
Dmytrivka,s2__composite__ndbi__post_winter_baseline_mean,0.5,1.0,higher=damaged
Dmytrivka,s2__composite__ndbi__post_winter_baseline_std,0.5,1.0,higher=damaged
Dmytrivka,s2__composite__ndbi__post_winter_baseline_max,0.5,1.0,higher=damaged
Dmytrivka,s2__composite__ndre__post_winter_baseline_mean,0.5,1.0,higher=damaged
Dmytrivka,s2__composite__ndre__post_winter_baseline_std,0.5,1.0,higher=damaged
Dmytrivka,s2__composite__ndre__post_winter_baseline_max,0.5,1.0,higher=damaged
Dmytrivka,s2__composite__ndvi__post_winter_baseline_mean,0.5,1.0,higher=damaged
Dmytrivka,s2__composite__ndvi__post_winter_baseline_std,0.5,1.0,higher=damaged
Dmytrivka,s2__composite__ndvi__post_winter_baseline_max,0.5,1.0,higher=damaged
Dmytrivka,s2__composite__ndwi__post_winter_baseline_mean,0.5,1.0,higher=damaged
Dmytrivka,s2__composite__ndwi__post_winter_baseline_std,0.5,1.0,higher=damaged
Dmytrivka,s2__composite__ndwi__post_winter_baseline_max,0.5,1.0,higher=damaged
Dmytrivka,s2__composite__b02__prebattle_baseline_mean,0.6307458143074581,4.018655559819783e-08,higher=damaged
Dmytrivka,s2__composite__b02__prebattle_baseline_std,0.7072272615080835,3.2752583057439154e-18,higher=damaged
Dmytrivka,s2__composite__b02__prebattle_baseline_max,0.6753990291661525,1.771114664799759e-13,higher=damaged
Dmytrivka,s2__composite__b03__prebattle_baseline_mean,0.630777695503723,3.9883085177566916e-08,higher=damaged
Dmytrivka,s2__composite__b03__prebattle_baseline_std,0.7072524579373894,3.2448573985730206e-18,higher=damaged
Dmytrivka,s2__composite__b03__prebattle_baseline_max,0.6803529556954214,3.6458170887313666e-14,higher=damaged
Dmytrivka,s2__composite__b04__prebattle_baseline_mean,0.6258489654037599,1.261102656053094e-07,higher=damaged
Dmytrivka,s2__composite__b04__prebattle_baseline_std,0.711858776584804,5.790697216085382e-19,higher=damaged
Dmytrivka,s2__composite__b04__prebattle_baseline_max,0.6831189065778107,1.4807437522056124e-14,higher=damaged
Dmytrivka,s2__composite__b05__prebattle_baseline_mean,0.6040103459624007,1.2573275615481092e-05,higher=damaged
Dmytrivka,s2__composite__b05__prebattle_baseline_std,0.7410326422312723,4.458636771328674e-24,higher=damaged
Dmytrivka,s2__composite__b05__prebattle_baseline_max,0.6620066127771608,1.0269298231165538e-11,higher=damaged
Dmytrivka,s2__composite__b07__prebattle_baseline_mean,0.5606220946974372,0.010911445750723376,higher=damaged
Dmytrivka,s2__composite__b07__prebattle_baseline_std,0.7297852647167715,4.977567317393508e-22,higher=damaged
Dmytrivka,s2__composite__b07__prebattle_baseline_max,0.6267519231560328,1.0244890612139722e-07,higher=damaged
Dmytrivka,s2__composite__b08__prebattle_baseline_mean,0.5630831173639392,0.008076356762929948,higher=damaged
Dmytrivka,s2__composite__b08__prebattle_baseline_std,0.7135351104529186,3.064536051028098e-19,higher=damaged
Dmytrivka,s2__composite__b08__prebattle_baseline_max,0.6601757579497305,1.7463184430478937e-11,higher=damaged
Dmytrivka,s2__composite__b11__prebattle_baseline_mean,0.5559144761199556,0.018882208467920044,lower=damaged
Dmytrivka,s2__composite__b11__prebattle_baseline_std,0.7303313587560163,3.979285515011159e-22,higher=damaged
Dmytrivka,s2__composite__b11__prebattle_baseline_max,0.5136410382985725,0.5667944017678375,higher=damaged
Dmytrivka,s2__composite__b12__prebattle_baseline_mean,0.509266115430499,0.6972205974386025,lower=damaged
Dmytrivka,s2__composite__b12__prebattle_baseline_std,0.7317361882430374,2.231967492789213e-22,higher=damaged
Dmytrivka,s2__composite__b12__prebattle_baseline_max,0.5691372022707639,0.0036952045852238847,higher=damaged
Dmytrivka,s2__composite__b8a__prebattle_baseline_mean,0.5229837714426755,0.3344984144347979,higher=damaged
Dmytrivka,s2__composite__b8a__prebattle_baseline_std,0.7204394462956107,2.1167465550197107e-20,higher=damaged
Dmytrivka,s2__composite__b8a__prebattle_baseline_max,0.6222505039285862,2.846899262073219e-07,higher=damaged
Dmytrivka,s2__composite__cire__prebattle_baseline_mean,0.6743109547904069,2.4919680350267516e-13,lower=damaged
Dmytrivka,s2__composite__cire__prebattle_baseline_std,0.6351305072195483,1.3938382819554111e-08,higher=damaged
Dmytrivka,s2__composite__cire__prebattle_baseline_max,0.5948578715702004,6.8025363765706e-05,lower=damaged
Dmytrivka,s2__composite__mndwi__prebattle_baseline_mean,0.6025391830186351,1.665124209469483e-05,higher=damaged
Dmytrivka,s2__composite__mndwi__prebattle_baseline_std,0.7158320992225101,1.2712221603318817e-19,higher=damaged
Dmytrivka,s2__composite__mndwi__prebattle_baseline_max,0.6645455386893743,4.870969900575552e-12,higher=damaged
Dmytrivka,s2__composite__ndbi__prebattle_baseline_mean,0.5710081656999466,0.0028671348626133045,lower=damaged
Dmytrivka,s2__composite__ndbi__prebattle_baseline_std,0.7300696244189394,4.430222324330186e-22,higher=damaged
Dmytrivka,s2__composite__ndbi__prebattle_baseline_max,0.5419227446624707,0.07835136983233766,higher=damaged
Dmytrivka,s2__composite__ndre__prebattle_baseline_mean,0.6785758361100827,6.459097989921798e-14,lower=damaged
Dmytrivka,s2__composite__ndre__prebattle_baseline_std,0.6621518779053026,9.843236347812135e-12,higher=damaged
Dmytrivka,s2__composite__ndre__prebattle_baseline_max,0.6089976963264634,4.7209169970492055e-06,lower=damaged
Dmytrivka,s2__composite__ndvi__prebattle_baseline_mean,0.6879401661935909,2.9826178150330418e-15,lower=damaged
Dmytrivka,s2__composite__ndvi__prebattle_baseline_std,0.5644694351886133,0.006787940487707563,higher=damaged
Dmytrivka,s2__composite__ndvi__prebattle_baseline_max,0.6139783619235675,1.7017062674945323e-06,lower=damaged
Dmytrivka,s2__composite__ndwi__prebattle_baseline_mean,0.6777016742770168,8.540336223097805e-14,higher=damaged
Dmytrivka,s2__composite__ndwi__prebattle_baseline_std,0.6269185281171582,9.854843779331105e-08,higher=damaged
Dmytrivka,s2__composite__ndwi__prebattle_baseline_max,0.7355593607305936,4.546822473234746e-23,higher=damaged
Dmytrivka,s2__composite__b02__winter_baseline_mean,0.6307458143074581,4.018655559819783e-08,higher=damaged
Dmytrivka,s2__composite__b02__winter_baseline_std,0.7072272615080835,3.2752583057439154e-18,higher=damaged
Dmytrivka,s2__composite__b02__winter_baseline_max,0.6753990291661525,1.771114664799759e-13,higher=damaged
Dmytrivka,s2__composite__b03__winter_baseline_mean,0.630777695503723,3.9883085177566916e-08,higher=damaged
Dmytrivka,s2__composite__b03__winter_baseline_std,0.7072524579373894,3.2448573985730206e-18,higher=damaged
Dmytrivka,s2__composite__b03__winter_baseline_max,0.6803529556954214,3.6458170887313666e-14,higher=damaged
Dmytrivka,s2__composite__b04__winter_baseline_mean,0.6258489654037599,1.261102656053094e-07,higher=damaged
Dmytrivka,s2__composite__b04__winter_baseline_std,0.711858776584804,5.790697216085382e-19,higher=damaged
Dmytrivka,s2__composite__b04__winter_baseline_max,0.6831189065778107,1.4807437522056124e-14,higher=damaged
Dmytrivka,s2__composite__b05__winter_baseline_mean,0.6040103459624007,1.2573275615481092e-05,higher=damaged
Dmytrivka,s2__composite__b05__winter_baseline_std,0.7410326422312723,4.458636771328674e-24,higher=damaged
Dmytrivka,s2__composite__b05__winter_baseline_max,0.6620066127771608,1.0269298231165538e-11,higher=damaged
Dmytrivka,s2__composite__b07__winter_baseline_mean,0.5606220946974372,0.010911445750723376,higher=damaged
Dmytrivka,s2__composite__b07__winter_baseline_std,0.7297852647167715,4.977567317393508e-22,higher=damaged
Dmytrivka,s2__composite__b07__winter_baseline_max,0.6267519231560328,1.0244890612139722e-07,higher=damaged
Dmytrivka,s2__composite__b08__winter_baseline_mean,0.5630831173639392,0.008076356762929948,higher=damaged
Dmytrivka,s2__composite__b08__winter_baseline_std,0.7135351104529186,3.064536051028098e-19,higher=damaged
Dmytrivka,s2__composite__b08__winter_baseline_max,0.6601757579497305,1.7463184430478937e-11,higher=damaged
Dmytrivka,s2__composite__b11__winter_baseline_mean,0.5559144761199556,0.018882208467920044,lower=damaged
Dmytrivka,s2__composite__b11__winter_baseline_std,0.7303313587560163,3.979285515011159e-22,higher=damaged
Dmytrivka,s2__composite__b11__winter_baseline_max,0.5136410382985725,0.5667944017678375,higher=damaged
Dmytrivka,s2__composite__b12__winter_baseline_mean,0.509266115430499,0.6972205974386025,lower=damaged
Dmytrivka,s2__composite__b12__winter_baseline_std,0.7317361882430374,2.231967492789213e-22,higher=damaged
Dmytrivka,s2__composite__b12__winter_baseline_max,0.5691372022707639,0.0036952045852238847,higher=damaged
Dmytrivka,s2__composite__b8a__winter_baseline_mean,0.5229837714426755,0.3344984144347979,higher=damaged
Dmytrivka,s2__composite__b8a__winter_baseline_std,0.7204394462956107,2.1167465550197107e-20,higher=damaged
Dmytrivka,s2__composite__b8a__winter_baseline_max,0.6222505039285862,2.846899262073219e-07,higher=damaged
Dmytrivka,s2__composite__cire__winter_baseline_mean,0.6743109547904069,2.4919680350267516e-13,lower=damaged
Dmytrivka,s2__composite__cire__winter_baseline_std,0.6351305072195483,1.3938382819554111e-08,higher=damaged
Dmytrivka,s2__composite__cire__winter_baseline_max,0.5948578715702004,6.8025363765706e-05,lower=damaged
Dmytrivka,s2__composite__mndwi__winter_baseline_mean,0.6025391830186351,1.665124209469483e-05,higher=damaged
Dmytrivka,s2__composite__mndwi__winter_baseline_std,0.7158320992225101,1.2712221603318817e-19,higher=damaged
Dmytrivka,s2__composite__mndwi__winter_baseline_max,0.6645455386893743,4.870969900575552e-12,higher=damaged
Dmytrivka,s2__composite__ndbi__winter_baseline_mean,0.5710081656999466,0.0028671348626133045,lower=damaged
Dmytrivka,s2__composite__ndbi__winter_baseline_std,0.7300696244189394,4.430222324330186e-22,higher=damaged
Dmytrivka,s2__composite__ndbi__winter_baseline_max,0.5419227446624707,0.07835136983233766,higher=damaged
Dmytrivka,s2__composite__ndre__winter_baseline_mean,0.6785758361100827,6.459097989921798e-14,lower=damaged
Dmytrivka,s2__composite__ndre__winter_baseline_std,0.6621518779053026,9.843236347812135e-12,higher=damaged
Dmytrivka,s2__composite__ndre__winter_baseline_max,0.6089976963264634,4.7209169970492055e-06,lower=damaged
Dmytrivka,s2__composite__ndvi__winter_baseline_mean,0.6879401661935909,2.9826178150330418e-15,lower=damaged
Dmytrivka,s2__composite__ndvi__winter_baseline_std,0.5644694351886133,0.006787940487707563,higher=damaged
Dmytrivka,s2__composite__ndvi__winter_baseline_max,0.6139783619235675,1.7017062674945323e-06,lower=damaged
Dmytrivka,s2__composite__ndwi__winter_baseline_mean,0.6777016742770168,8.540336223097805e-14,higher=damaged
Dmytrivka,s2__composite__ndwi__winter_baseline_std,0.6269185281171582,9.854843779331105e-08,higher=damaged
Dmytrivka,s2__composite__ndwi__winter_baseline_max,0.7355593607305936,4.546822473234746e-23,higher=damaged
Dmytrivka,s1__coh__date_first_drop_max,0.5002221399481673,0.8447974891558461,higher=damaged
Dmytrivka,s1__coh__date_first_drop_mean,0.5002961865975565,0.7940232194921337,higher=damaged
Dmytrivka,s1__coh__date_first_drop_std,0.5,1.0,higher=damaged
Dmytrivka,s1__coh__date_worst_drop_max,0.5021473528322843,0.43072085919074365,higher=damaged
Dmytrivka,s1__coh__date_worst_drop_mean,0.5014068863383933,0.605703385405981,higher=damaged
Dmytrivka,s1__coh__date_worst_drop_std,0.5003702332469455,0.891997687320933,higher=damaged
Dmytrivka,s1__coh__drop_count_max,0.5,1.0,higher=damaged
Dmytrivka,s1__coh__drop_count_mean,0.5002221399481673,0.8267660759803765,higher=damaged
Dmytrivka,s1__coh__drop_count_std,0.5,1.0,higher=damaged
Dmytrivka,s1__coh__lu_transition_mode,0.5000740466493891,0.8842919708787077,higher=damaged
Dmytrivka,s1__coh__max_drop_max,0.500592373195113,0.8279748834435977,higher=damaged
Dmytrivka,s1__coh__max_drop_mean,0.5009626064420585,0.72396040387711,higher=damaged
Dmytrivka,s1__coh__max_drop_std,0.5005183265457238,0.8492109144191644,lower=damaged
Dmytrivka,s1__coh__running_min_max,0.5014068863383931,0.6057033865451884,lower=damaged
Dmytrivka,s1__coh__running_min_mean,0.5014809329877823,0.5868609751674252,lower=damaged
Dmytrivka,s1__coh__running_min_std,0.5011106997408368,0.6836266400160942,lower=damaged
Hostomel,s2__composite__b02__post_winter_baseline_mean,0.6761025602464362,1.089339189770354e-43,higher=damaged
Hostomel,s2__composite__b02__post_winter_baseline_std,0.6475022931169524,3.666461124185456e-31,higher=damaged
Hostomel,s2__composite__b02__post_winter_baseline_max,0.6859352903085011,1.6778330547689543e-48,higher=damaged
Hostomel,s2__composite__b03__post_winter_baseline_mean,0.6133157893520818,4.698722731211781e-19,higher=damaged
Hostomel,s2__composite__b03__post_winter_baseline_std,0.6338226716435058,6.069442777148935e-26,higher=damaged
Hostomel,s2__composite__b03__post_winter_baseline_max,0.6430210794526428,2.1325412136484233e-29,higher=damaged
Hostomel,s2__composite__b04__post_winter_baseline_mean,0.6211948278791771,1.4377749354897215e-21,higher=damaged
Hostomel,s2__composite__b04__post_winter_baseline_std,0.6470029218731325,5.801620649666987e-31,higher=damaged
Hostomel,s2__composite__b04__post_winter_baseline_max,0.6484823420017739,1.4812551816301681e-31,higher=damaged
Hostomel,s2__composite__b05__post_winter_baseline_mean,0.583369792860178,5.3039933124579e-11,higher=damaged
Hostomel,s2__composite__b05__post_winter_baseline_std,0.6261427514924951,3.1208096234232713e-23,higher=damaged
Hostomel,s2__composite__b05__post_winter_baseline_max,0.625394954869652,5.621470479062139e-23,higher=damaged
Hostomel,s2__composite__b07__post_winter_baseline_mean,0.5211492911028743,0.09597867265283752,lower=damaged
Hostomel,s2__composite__b07__post_winter_baseline_std,0.6089091400585633,1.0143678283201026e-17,higher=damaged
Hostomel,s2__composite__b07__post_winter_baseline_max,0.5183265570773454,0.14916403663419295,higher=damaged
Hostomel,s2__composite__b08__post_winter_baseline_mean,0.53597814906867,0.0046278351437672146,lower=damaged
Hostomel,s2__composite__b08__post_winter_baseline_std,0.5966578988768506,2.7837185480383945e-14,higher=damaged
Hostomel,s2__composite__b08__post_winter_baseline_max,0.5363794314078152,0.004190635616806555,higher=damaged
Hostomel,s2__composite__b11__post_winter_baseline_mean,0.5047936488799487,0.7059455117812308,higher=damaged
Hostomel,s2__composite__b11__post_winter_baseline_std,0.6201497714654545,3.1672626686816393e-21,higher=damaged
Hostomel,s2__composite__b11__post_winter_baseline_max,0.5505056514542048,7.0282609631443e-05,higher=damaged
Hostomel,s2__composite__b12__post_winter_baseline_mean,0.5251165357099273,0.048049093528106615,higher=damaged
Hostomel,s2__composite__b12__post_winter_baseline_std,0.6100103823009808,4.759988094906112e-18,higher=damaged
Hostomel,s2__composite__b12__post_winter_baseline_max,0.5715231421551876,1.805999968892978e-08,higher=damaged
Hostomel,s2__composite__b8a__post_winter_baseline_mean,0.5460056916769569,0.0002933163436762229,lower=damaged
Hostomel,s2__composite__b8a__post_winter_baseline_std,0.6052396278334723,1.1963483577402914e-16,higher=damaged
Hostomel,s2__composite__b8a__post_winter_baseline_max,0.5000874293502586,0.9945126039163744,lower=damaged
Hostomel,s2__composite__cire__post_winter_baseline_mean,0.6752536816420629,2.7573341181541595e-43,lower=damaged
Hostomel,s2__composite__cire__post_winter_baseline_std,0.5849367998694388,2.3025685480559838e-11,higher=damaged
Hostomel,s2__composite__cire__post_winter_baseline_max,0.6307337113081805,7.807300114563916e-25,lower=damaged
Hostomel,s2__composite__mndwi__post_winter_baseline_mean,0.5804876173784974,2.3699336129897083e-10,higher=damaged
Hostomel,s2__composite__mndwi__post_winter_baseline_std,0.6340109729348137,5.184421961891352e-26,higher=damaged
Hostomel,s2__composite__mndwi__post_winter_baseline_max,0.6085776961793846,1.271924018036327e-17,higher=damaged
Hostomel,s2__composite__ndbi__post_winter_baseline_mean,0.5687275558618412,6.317116222452711e-08,higher=damaged
Hostomel,s2__composite__ndbi__post_winter_baseline_std,0.6036517217963416,3.3924664351606547e-16,higher=damaged
Hostomel,s2__composite__ndbi__post_winter_baseline_max,0.6382241749452372,1.4402603595435163e-27,higher=damaged
Hostomel,s2__composite__ndre__post_winter_baseline_mean,0.6748083958221268,4.480082183069432e-43,lower=damaged
Hostomel,s2__composite__ndre__post_winter_baseline_std,0.5954556271630231,5.7625458943638e-14,higher=damaged
Hostomel,s2__composite__ndre__post_winter_baseline_max,0.6347220649835843,2.8533936485167337e-26,lower=damaged
Hostomel,s2__composite__ndvi__post_winter_baseline_mean,0.6602974341244788,1.6995199269875943e-36,lower=damaged
Hostomel,s2__composite__ndvi__post_winter_baseline_std,0.5607990528014464,1.7050272329264595e-06,higher=damaged
Hostomel,s2__composite__ndvi__post_winter_baseline_max,0.594299354314557,1.150545680680842e-13,lower=damaged
Hostomel,s2__composite__ndwi__post_winter_baseline_mean,0.6341879320401421,4.469805149110189e-26,higher=damaged
Hostomel,s2__composite__ndwi__post_winter_baseline_std,0.5917027288669345,5.274243787667067e-13,higher=damaged
Hostomel,s2__composite__ndwi__post_winter_baseline_max,0.6637891995924375,4.996724107658589e-38,higher=damaged
Hostomel,s2__composite__b02__prebattle_baseline_mean,0.5955122855828003,5.572282800257347e-14,higher=damaged
Hostomel,s2__composite__b02__prebattle_baseline_std,0.5829150552185922,6.747088093327011e-11,higher=damaged
Hostomel,s2__composite__b02__prebattle_baseline_max,0.6070250244329589,3.643058124929742e-17,higher=damaged
Hostomel,s2__composite__b03__prebattle_baseline_mean,0.6071923216761566,3.2553489239259645e-17,higher=damaged
Hostomel,s2__composite__b03__prebattle_baseline_std,0.5850928074367773,2.1189449069333712e-11,higher=damaged
Hostomel,s2__composite__b03__prebattle_baseline_max,0.619590223623799,4.828701308529526e-21,higher=damaged
Hostomel,s2__composite__b04__prebattle_baseline_mean,0.6168113880588206,3.777595962102119e-20,higher=damaged
Hostomel,s2__composite__b04__prebattle_baseline_std,0.583086553271412,6.165365296850764e-11,higher=damaged
Hostomel,s2__composite__b04__prebattle_baseline_max,0.6311133069676518,5.732987284895412e-25,higher=damaged
Hostomel,s2__composite__b05__prebattle_baseline_mean,0.5996864200637388,4.287134268691655e-15,higher=damaged
Hostomel,s2__composite__b05__prebattle_baseline_std,0.5691816633819836,5.173856423717133e-08,higher=damaged
Hostomel,s2__composite__b05__prebattle_baseline_max,0.6199816340603324,3.594148578144533e-21,higher=damaged
Hostomel,s2__composite__b07__prebattle_baseline_mean,0.5013746099285715,0.9138447198021702,lower=damaged
Hostomel,s2__composite__b07__prebattle_baseline_std,0.5627289047418108,7.919605432395172e-07,higher=damaged
Hostomel,s2__composite__b07__prebattle_baseline_max,0.538977632159046,0.002155330475525931,higher=damaged
Hostomel,s2__composite__b08__prebattle_baseline_mean,0.5007673303875856,0.9518435627835112,lower=damaged
Hostomel,s2__composite__b08__prebattle_baseline_std,0.5752672712611901,3.1377721415647805e-09,higher=damaged
Hostomel,s2__composite__b08__prebattle_baseline_max,0.5542411689004823,1.9553519310133155e-05,higher=damaged
Hostomel,s2__composite__b11__prebattle_baseline_mean,0.6251485773853194,6.825162172071614e-23,higher=damaged
Hostomel,s2__composite__b11__prebattle_baseline_std,0.6009817922208147,1.8925216572724696e-15,higher=damaged
Hostomel,s2__composite__b11__prebattle_baseline_max,0.649401846717918,6.325896386330603e-32,higher=damaged
Hostomel,s2__composite__b12__prebattle_baseline_mean,0.6428367164203557,2.519661867897496e-29,higher=damaged
Hostomel,s2__composite__b12__prebattle_baseline_std,0.6041829141730485,2.4008639248525183e-16,higher=damaged
Hostomel,s2__composite__b12__prebattle_baseline_max,0.6627396798184912,1.4580272208432533e-37,higher=damaged
Hostomel,s2__composite__b8a__prebattle_baseline_mean,0.5077461354126781,0.5420684763623076,lower=damaged
Hostomel,s2__composite__b8a__prebattle_baseline_std,0.5667302809270431,1.502251028136096e-07,higher=damaged
Hostomel,s2__composite__b8a__prebattle_baseline_max,0.5380740905194659,0.0027284991415540013,higher=damaged
Hostomel,s2__composite__cire__prebattle_baseline_mean,0.5595236344900753,2.798862100392948e-06,lower=damaged
Hostomel,s2__composite__cire__prebattle_baseline_std,0.5633376020560443,6.188228868430132e-07,higher=damaged
Hostomel,s2__composite__cire__prebattle_baseline_max,0.5222053221317344,0.08050573889903313,lower=damaged
Hostomel,s2__composite__mndwi__prebattle_baseline_mean,0.5029784790422658,0.814651488469066,lower=damaged
Hostomel,s2__composite__mndwi__prebattle_baseline_std,0.5776236103984321,9.982566584490544e-10,higher=damaged
Hostomel,s2__composite__mndwi__prebattle_baseline_max,0.5256021493022349,0.043891999731276034,higher=damaged
Hostomel,s2__composite__ndbi__prebattle_baseline_mean,0.6221365443761977,7.028324137280064e-22,higher=damaged
Hostomel,s2__composite__ndbi__prebattle_baseline_std,0.5608958814632344,1.6425449634208425e-06,higher=damaged
Hostomel,s2__composite__ndbi__prebattle_baseline_max,0.6560090376218208,1.1694331476573108e-34,higher=damaged
Hostomel,s2__composite__ndre__prebattle_baseline_mean,0.5592037953474773,3.163943108579175e-06,lower=damaged
Hostomel,s2__composite__ndre__prebattle_baseline_std,0.5731068998928164,8.70623258861441e-09,higher=damaged
Hostomel,s2__composite__ndre__prebattle_baseline_max,0.5199652929109028,0.1160785678551059,lower=damaged
Hostomel,s2__composite__ndvi__prebattle_baseline_mean,0.5671735713624086,1.2422019215775194e-07,lower=damaged
Hostomel,s2__composite__ndvi__prebattle_baseline_std,0.5659015662088555,2.1359123587818335e-07,higher=damaged
Hostomel,s2__composite__ndvi__prebattle_baseline_max,0.5167445321736859,0.18752215461662158,lower=damaged
Hostomel,s2__composite__ndwi__prebattle_baseline_mean,0.5565771341110572,8.46246280958706e-06,higher=damaged
Hostomel,s2__composite__ndwi__prebattle_baseline_std,0.5709123969462634,2.3851558497099244e-08,higher=damaged
Hostomel,s2__composite__ndwi__prebattle_baseline_max,0.5794944409636069,3.9260365064488086e-10,higher=damaged
Hostomel,s2__composite__b02__winter_baseline_mean,0.5955122855828003,5.572282800257347e-14,higher=damaged
Hostomel,s2__composite__b02__winter_baseline_std,0.5829150552185922,6.747088093327011e-11,higher=damaged
Hostomel,s2__composite__b02__winter_baseline_max,0.6070250244329589,3.643058124929742e-17,higher=damaged
Hostomel,s2__composite__b03__winter_baseline_mean,0.6071923216761566,3.2553489239259645e-17,higher=damaged
Hostomel,s2__composite__b03__winter_baseline_std,0.5850928074367773,2.1189449069333712e-11,higher=damaged
Hostomel,s2__composite__b03__winter_baseline_max,0.619590223623799,4.828701308529526e-21,higher=damaged
Hostomel,s2__composite__b04__winter_baseline_mean,0.6168113880588206,3.777595962102119e-20,higher=damaged
Hostomel,s2__composite__b04__winter_baseline_std,0.583086553271412,6.165365296850764e-11,higher=damaged
Hostomel,s2__composite__b04__winter_baseline_max,0.6311133069676518,5.732987284895412e-25,higher=damaged
Hostomel,s2__composite__b05__winter_baseline_mean,0.5996864200637388,4.287134268691655e-15,higher=damaged
Hostomel,s2__composite__b05__winter_baseline_std,0.5691816633819836,5.173856423717133e-08,higher=damaged
Hostomel,s2__composite__b05__winter_baseline_max,0.6199816340603324,3.594148578144533e-21,higher=damaged
Hostomel,s2__composite__b07__winter_baseline_mean,0.5013746099285715,0.9138447198021702,lower=damaged
Hostomel,s2__composite__b07__winter_baseline_std,0.5627289047418108,7.919605432395172e-07,higher=damaged
Hostomel,s2__composite__b07__winter_baseline_max,0.538977632159046,0.002155330475525931,higher=damaged
Hostomel,s2__composite__b08__winter_baseline_mean,0.5007673303875856,0.9518435627835112,lower=damaged
Hostomel,s2__composite__b08__winter_baseline_std,0.5752672712611901,3.1377721415647805e-09,higher=damaged
Hostomel,s2__composite__b08__winter_baseline_max,0.5542411689004823,1.9553519310133155e-05,higher=damaged
Hostomel,s2__composite__b11__winter_baseline_mean,0.6251485773853194,6.825162172071614e-23,higher=damaged
Hostomel,s2__composite__b11__winter_baseline_std,0.6009817922208147,1.8925216572724696e-15,higher=damaged
Hostomel,s2__composite__b11__winter_baseline_max,0.649401846717918,6.325896386330603e-32,higher=damaged
Hostomel,s2__composite__b12__winter_baseline_mean,0.6428367164203557,2.519661867897496e-29,higher=damaged
Hostomel,s2__composite__b12__winter_baseline_std,0.6041829141730485,2.4008639248525183e-16,higher=damaged
Hostomel,s2__composite__b12__winter_baseline_max,0.6627396798184912,1.4580272208432533e-37,higher=damaged
Hostomel,s2__composite__b8a__winter_baseline_mean,0.5077461354126781,0.5420684763623076,lower=damaged
Hostomel,s2__composite__b8a__winter_baseline_std,0.5667302809270431,1.502251028136096e-07,higher=damaged
Hostomel,s2__composite__b8a__winter_baseline_max,0.5380740905194659,0.0027284991415540013,higher=damaged
Hostomel,s2__composite__cire__winter_baseline_mean,0.5595236344900753,2.798862100392948e-06,lower=damaged
Hostomel,s2__composite__cire__winter_baseline_std,0.5633376020560443,6.188228868430132e-07,higher=damaged
Hostomel,s2__composite__cire__winter_baseline_max,0.5222053221317344,0.08050573889903313,lower=damaged
Hostomel,s2__composite__mndwi__winter_baseline_mean,0.5029784790422658,0.814651488469066,lower=damaged
Hostomel,s2__composite__mndwi__winter_baseline_std,0.5776236103984321,9.982566584490544e-10,higher=damaged
Hostomel,s2__composite__mndwi__winter_baseline_max,0.5256021493022349,0.043891999731276034,higher=damaged
Hostomel,s2__composite__ndbi__winter_baseline_mean,0.6221365443761977,7.028324137280064e-22,higher=damaged
Hostomel,s2__composite__ndbi__winter_baseline_std,0.5608958814632344,1.6425449634208425e-06,higher=damaged
Hostomel,s2__composite__ndbi__winter_baseline_max,0.6560090376218208,1.1694331476573108e-34,higher=damaged
Hostomel,s2__composite__ndre__winter_baseline_mean,0.5592037953474773,3.163943108579175e-06,lower=damaged
Hostomel,s2__composite__ndre__winter_baseline_std,0.5731068998928164,8.70623258861441e-09,higher=damaged
Hostomel,s2__composite__ndre__winter_baseline_max,0.5199652929109028,0.1160785678551059,lower=damaged
Hostomel,s2__composite__ndvi__winter_baseline_mean,0.5671735713624086,1.2422019215775194e-07,lower=damaged
Hostomel,s2__composite__ndvi__winter_baseline_std,0.5659015662088555,2.1359123587818335e-07,higher=damaged
Hostomel,s2__composite__ndvi__winter_baseline_max,0.5167445321736859,0.18752215461662158,lower=damaged
Hostomel,s2__composite__ndwi__winter_baseline_mean,0.5565771341110572,8.46246280958706e-06,higher=damaged
Hostomel,s2__composite__ndwi__winter_baseline_std,0.5709123969462634,2.3851558497099244e-08,higher=damaged
Hostomel,s2__composite__ndwi__winter_baseline_max,0.5794944409636069,3.9260365064488086e-10,higher=damaged
Hostomel,s1__coh__date_first_drop_max,0.5002198598735934,0.9321117815943871,higher=damaged
Hostomel,s1__coh__date_first_drop_mean,0.5001296999970805,0.961916272659903,higher=damaged
Hostomel,s1__coh__date_first_drop_std,0.5019311646933714,0.4784603838110977,lower=damaged
Hostomel,s1__coh__date_worst_drop_max,0.5026736052839464,0.6290557001044463,lower=damaged
Hostomel,s1__coh__date_worst_drop_mean,0.5025297800645118,0.6492087809005762,higher=damaged
Hostomel,s1__coh__date_worst_drop_std,0.5071146487062451,0.2006417484173375,higher=damaged
Hostomel,s1__coh__drop_count_max,0.5090070084207329,6.0434754133278974e-05,higher=damaged
Hostomel,s1__coh__drop_count_mean,0.5022846103129456,0.3750227945498642,higher=damaged
Hostomel,s1__coh__drop_count_std,0.5082623098949861,0.0006451373612432124,higher=damaged
Hostomel,s1__coh__lu_transition_mode,0.5028861137407011,0.480484438581147,higher=damaged
Hostomel,s1__coh__max_drop_max,0.5109851696717507,0.08667564202050991,higher=damaged
Hostomel,s1__coh__max_drop_mean,0.51003956742583,0.11741236342578576,higher=damaged
Hostomel,s1__coh__max_drop_std,0.5035881740487844,0.5757584909734597,higher=damaged
Hostomel,s1__coh__running_min_max,0.5016596873715471,0.7653877744883242,higher=damaged
Hostomel,s1__coh__running_min_mean,0.5125537519846199,0.0239932284624184,lower=damaged
Hostomel,s1__coh__running_min_std,0.5074271889421248,0.18172978467362078,higher=damaged
Irpin,s2__composite__b02__post_winter_baseline_mean,0.5,1.0,higher=damaged
Irpin,s2__composite__b02__post_winter_baseline_std,0.5,1.0,higher=damaged
Irpin,s2__composite__b02__post_winter_baseline_max,0.5,1.0,higher=damaged
Irpin,s2__composite__b03__post_winter_baseline_mean,0.5,1.0,higher=damaged
Irpin,s2__composite__b03__post_winter_baseline_std,0.5,1.0,higher=damaged
Irpin,s2__composite__b03__post_winter_baseline_max,0.5,1.0,higher=damaged
Irpin,s2__composite__b04__post_winter_baseline_mean,0.5,1.0,higher=damaged
Irpin,s2__composite__b04__post_winter_baseline_std,0.5,1.0,higher=damaged
Irpin,s2__composite__b04__post_winter_baseline_max,0.5,1.0,higher=damaged
Irpin,s2__composite__b05__post_winter_baseline_mean,0.5,1.0,higher=damaged
Irpin,s2__composite__b05__post_winter_baseline_std,0.5,1.0,higher=damaged
Irpin,s2__composite__b05__post_winter_baseline_max,0.5,1.0,higher=damaged
Irpin,s2__composite__b07__post_winter_baseline_mean,0.5,1.0,higher=damaged
Irpin,s2__composite__b07__post_winter_baseline_std,0.5,1.0,higher=damaged
Irpin,s2__composite__b07__post_winter_baseline_max,0.5,1.0,higher=damaged
Irpin,s2__composite__b08__post_winter_baseline_mean,0.5,1.0,higher=damaged
Irpin,s2__composite__b08__post_winter_baseline_std,0.5,1.0,higher=damaged
Irpin,s2__composite__b08__post_winter_baseline_max,0.5,1.0,higher=damaged
Irpin,s2__composite__b11__post_winter_baseline_mean,0.5,1.0,higher=damaged
Irpin,s2__composite__b11__post_winter_baseline_std,0.5,1.0,higher=damaged
Irpin,s2__composite__b11__post_winter_baseline_max,0.5,1.0,higher=damaged
Irpin,s2__composite__b12__post_winter_baseline_mean,0.5,1.0,higher=damaged
Irpin,s2__composite__b12__post_winter_baseline_std,0.5,1.0,higher=damaged
Irpin,s2__composite__b12__post_winter_baseline_max,0.5,1.0,higher=damaged
Irpin,s2__composite__b8a__post_winter_baseline_mean,0.5,1.0,higher=damaged
Irpin,s2__composite__b8a__post_winter_baseline_std,0.5,1.0,higher=damaged
Irpin,s2__composite__b8a__post_winter_baseline_max,0.5,1.0,higher=damaged
Irpin,s2__composite__cire__post_winter_baseline_mean,0.5,1.0,higher=damaged
Irpin,s2__composite__cire__post_winter_baseline_std,0.5,1.0,higher=damaged
Irpin,s2__composite__cire__post_winter_baseline_max,0.5,1.0,higher=damaged
Irpin,s2__composite__mndwi__post_winter_baseline_mean,0.5,1.0,higher=damaged
Irpin,s2__composite__mndwi__post_winter_baseline_std,0.5,1.0,higher=damaged
Irpin,s2__composite__mndwi__post_winter_baseline_max,0.5,1.0,higher=damaged
Irpin,s2__composite__ndbi__post_winter_baseline_mean,0.5,1.0,higher=damaged
Irpin,s2__composite__ndbi__post_winter_baseline_std,0.5,1.0,higher=damaged
Irpin,s2__composite__ndbi__post_winter_baseline_max,0.5,1.0,higher=damaged
Irpin,s2__composite__ndre__post_winter_baseline_mean,0.5,1.0,higher=damaged
Irpin,s2__composite__ndre__post_winter_baseline_std,0.5,1.0,higher=damaged
Irpin,s2__composite__ndre__post_winter_baseline_max,0.5,1.0,higher=damaged
Irpin,s2__composite__ndvi__post_winter_baseline_mean,0.5,1.0,higher=damaged
Irpin,s2__composite__ndvi__post_winter_baseline_std,0.5,1.0,higher=damaged
Irpin,s2__composite__ndvi__post_winter_baseline_max,0.5,1.0,higher=damaged
Irpin,s2__composite__ndwi__post_winter_baseline_mean,0.5,1.0,higher=damaged
Irpin,s2__composite__ndwi__post_winter_baseline_std,0.5,1.0,higher=damaged
Irpin,s2__composite__ndwi__post_winter_baseline_max,0.5,1.0,higher=damaged
Irpin,s2__composite__b02__prebattle_baseline_mean,0.5988922973971136,4.7724676503265554e-08,higher=damaged
Irpin,s2__composite__b02__prebattle_baseline_std,0.6442466524194465,1.6726116639113661e-15,higher=damaged
Irpin,s2__composite__b02__prebattle_baseline_max,0.632373030331187,2.7120453005832186e-13,higher=damaged
Irpin,s2__composite__b03__prebattle_baseline_mean,0.5905314410246736,5.792674068626746e-07,higher=damaged
Irpin,s2__composite__b03__prebattle_baseline_std,0.6546962563974055,1.3378067264542913e-17,higher=damaged
Irpin,s2__composite__b03__prebattle_baseline_max,0.6295350835452115,8.596236589559587e-13,higher=damaged
Irpin,s2__composite__b04__prebattle_baseline_mean,0.5860918551513838,2.0051368615119953e-06,higher=damaged
Irpin,s2__composite__b04__prebattle_baseline_std,0.6478999663059811,3.2097082433755382e-16,higher=damaged
Irpin,s2__composite__b04__prebattle_baseline_max,0.6294956643587671,8.733607327441038e-13,higher=damaged
Irpin,s2__composite__b05__prebattle_baseline_mean,0.5801801503748107,9.575853495315708e-06,higher=damaged
Irpin,s2__composite__b05__prebattle_baseline_std,0.6640505701234478,1.3432340062125756e-19,higher=damaged
Irpin,s2__composite__b05__prebattle_baseline_max,0.6231600860089106,1.0509320340072962e-11,higher=damaged
Irpin,s2__composite__b07__prebattle_baseline_mean,0.5168949929186248,0.35096294702294806,higher=damaged
Irpin,s2__composite__b07__prebattle_baseline_std,0.6707431502124412,4.248562462504563e-21,higher=damaged
Irpin,s2__composite__b07__prebattle_baseline_max,0.5904697312268471,5.895866022805468e-07,higher=damaged
Irpin,s2__composite__b08__prebattle_baseline_mean,0.5084529517931506,0.6407435142061069,higher=damaged
Irpin,s2__composite__b08__prebattle_baseline_std,0.6409837761891221,7.0629297062466896e-15,higher=damaged
Irpin,s2__composite__b08__prebattle_baseline_max,0.5902368529974068,6.301484195821946e-07,higher=damaged
Irpin,s2__composite__b11__prebattle_baseline_mean,0.5818730636497849,6.18404642535975e-06,lower=damaged
Irpin,s2__composite__b11__prebattle_baseline_std,0.6546551947448593,1.3643086864826147e-17,higher=damaged
Irpin,s2__composite__b11__prebattle_baseline_max,0.5184258886445525,0.30903928371840406,lower=damaged
Irpin,s2__composite__b12__prebattle_baseline_mean,0.5277979175406933,0.12487084244641297,lower=damaged
Irpin,s2__composite__b12__prebattle_baseline_std,0.647126599410026,4.567569072036328e-16,higher=damaged
Irpin,s2__composite__b12__prebattle_baseline_max,0.5367991010548386,0.042196364812559034,higher=damaged
Irpin,s2__composite__b8a__prebattle_baseline_mean,0.5033244687091436,0.8543829776254304,lower=damaged
Irpin,s2__composite__b8a__prebattle_baseline_std,0.6664797774880781,3.895005765753628e-20,higher=damaged
Irpin,s2__composite__b8a__prebattle_baseline_max,0.573401223496463,5.0719089621085875e-05,higher=damaged
Irpin,s2__composite__cire__prebattle_baseline_mean,0.6396531440086122,1.2592776893025574e-14,lower=damaged
Irpin,s2__composite__cire__prebattle_baseline_std,0.6152444552690781,1.986941710492725e-10,higher=damaged
Irpin,s2__composite__cire__prebattle_baseline_max,0.567501015982603,0.0001941163093705815,lower=damaged
Irpin,s2__composite__mndwi__prebattle_baseline_mean,0.6094514773278672,1.5171496991894656e-09,higher=damaged
Irpin,s2__composite__mndwi__prebattle_baseline_std,0.6640517433135205,1.342436915435957e-19,higher=damaged
Irpin,s2__composite__mndwi__prebattle_baseline_max,0.6494260519526105,1.5915734820279417e-16,higher=damaged
Irpin,s2__composite__ndbi__prebattle_baseline_mean,0.567579150441448,0.00019082228623449514,lower=damaged
Irpin,s2__composite__ndbi__prebattle_baseline_std,0.6680143101032314,1.765620093765175e-20,higher=damaged
Irpin,s2__composite__ndbi__prebattle_baseline_max,0.5215058645425357,0.23511813627894662,higher=damaged
Irpin,s2__composite__ndre__prebattle_baseline_mean,0.6506419461440058,9.05590720056599e-17,lower=damaged
Irpin,s2__composite__ndre__prebattle_baseline_std,0.6100766703176342,1.2237293711411992e-09,higher=damaged
Irpin,s2__composite__ndre__prebattle_baseline_max,0.6000868395291847,3.284860874605049e-08,lower=damaged
Irpin,s2__composite__ndvi__prebattle_baseline_mean,0.6541598738961455,1.7278489354039622e-17,lower=damaged
Irpin,s2__composite__ndvi__prebattle_baseline_std,0.5494012741782742,0.006385258670990638,higher=damaged
Irpin,s2__composite__ndvi__prebattle_baseline_max,0.5959581490251729,1.1733536184901378e-07,lower=damaged
Irpin,s2__composite__ndwi__prebattle_baseline_mean,0.6474696401872975,3.906773005140513e-16,higher=damaged
Irpin,s2__composite__ndwi__prebattle_baseline_std,0.6169160164847283,1.0848401039267052e-10,higher=damaged
Irpin,s2__composite__ndwi__prebattle_baseline_max,0.698843633472896,4.8951976539702265e-28,higher=damaged
Irpin,s2__composite__b02__winter_baseline_mean,0.5988922973971136,4.7724676503265554e-08,higher=damaged
Irpin,s2__composite__b02__winter_baseline_std,0.6442466524194465,1.6726116639113661e-15,higher=damaged
Irpin,s2__composite__b02__winter_baseline_max,0.632373030331187,2.7120453005832186e-13,higher=damaged
Irpin,s2__composite__b03__winter_baseline_mean,0.5905314410246736,5.792674068626746e-07,higher=damaged
Irpin,s2__composite__b03__winter_baseline_std,0.6546962563974055,1.3378067264542913e-17,higher=damaged
Irpin,s2__composite__b03__winter_baseline_max,0.6295350835452115,8.596236589559587e-13,higher=damaged
Irpin,s2__composite__b04__winter_baseline_mean,0.5860918551513838,2.0051368615119953e-06,higher=damaged
Irpin,s2__composite__b04__winter_baseline_std,0.6478999663059811,3.2097082433755382e-16,higher=damaged
Irpin,s2__composite__b04__winter_baseline_max,0.6294956643587671,8.733607327441038e-13,higher=damaged
Irpin,s2__composite__b05__winter_baseline_mean,0.5801801503748107,9.575853495315708e-06,higher=damaged
Irpin,s2__composite__b05__winter_baseline_std,0.6640505701234478,1.3432340062125756e-19,higher=damaged
Irpin,s2__composite__b05__winter_baseline_max,0.6231600860089106,1.0509320340072962e-11,higher=damaged
Irpin,s2__composite__b07__winter_baseline_mean,0.5168949929186248,0.35096294702294806,higher=damaged
Irpin,s2__composite__b07__winter_baseline_std,0.6707431502124412,4.248562462504563e-21,higher=damaged
Irpin,s2__composite__b07__winter_baseline_max,0.5904697312268471,5.895866022805468e-07,higher=damaged
Irpin,s2__composite__b08__winter_baseline_mean,0.5084529517931506,0.6407435142061069,higher=damaged
Irpin,s2__composite__b08__winter_baseline_std,0.6409837761891221,7.0629297062466896e-15,higher=damaged
Irpin,s2__composite__b08__winter_baseline_max,0.5902368529974068,6.301484195821946e-07,higher=damaged
Irpin,s2__composite__b11__winter_baseline_mean,0.5818730636497849,6.18404642535975e-06,lower=damaged
Irpin,s2__composite__b11__winter_baseline_std,0.6546551947448593,1.3643086864826147e-17,higher=damaged
Irpin,s2__composite__b11__winter_baseline_max,0.5184258886445525,0.30903928371840406,lower=damaged
Irpin,s2__composite__b12__winter_baseline_mean,0.5277979175406933,0.12487084244641297,lower=damaged
Irpin,s2__composite__b12__winter_baseline_std,0.647126599410026,4.567569072036328e-16,higher=damaged
Irpin,s2__composite__b12__winter_baseline_max,0.5367991010548386,0.042196364812559034,higher=damaged
Irpin,s2__composite__b8a__winter_baseline_mean,0.5033244687091436,0.8543829776254304,lower=damaged
Irpin,s2__composite__b8a__winter_baseline_std,0.6664797774880781,3.895005765753628e-20,higher=damaged
Irpin,s2__composite__b8a__winter_baseline_max,0.573401223496463,5.0719089621085875e-05,higher=damaged
Irpin,s2__composite__cire__winter_baseline_mean,0.6396531440086122,1.2592776893025574e-14,lower=damaged
Irpin,s2__composite__cire__winter_baseline_std,0.6152444552690781,1.986941710492725e-10,higher=damaged
Irpin,s2__composite__cire__winter_baseline_max,0.567501015982603,0.0001941163093705815,lower=damaged
Irpin,s2__composite__mndwi__winter_baseline_mean,0.6094514773278672,1.5171496991894656e-09,higher=damaged
Irpin,s2__composite__mndwi__winter_baseline_std,0.6640517433135205,1.342436915435957e-19,higher=damaged
Irpin,s2__composite__mndwi__winter_baseline_max,0.6494260519526105,1.5915734820279417e-16,higher=damaged
Irpin,s2__composite__ndbi__winter_baseline_mean,0.567579150441448,0.00019082228623449514,lower=damaged
Irpin,s2__composite__ndbi__winter_baseline_std,0.6680143101032314,1.765620093765175e-20,higher=damaged
Irpin,s2__composite__ndbi__winter_baseline_max,0.5215058645425357,0.23511813627894662,higher=damaged
Irpin,s2__composite__ndre__winter_baseline_mean,0.6506419461440058,9.05590720056599e-17,lower=damaged
Irpin,s2__composite__ndre__winter_baseline_std,0.6100766703176342,1.2237293711411992e-09,higher=damaged
Irpin,s2__composite__ndre__winter_baseline_max,0.6000868395291847,3.284860874605049e-08,lower=damaged
Irpin,s2__composite__ndvi__winter_baseline_mean,0.6541598738961455,1.7278489354039622e-17,lower=damaged
Irpin,s2__composite__ndvi__winter_baseline_std,0.5494012741782742,0.006385258670990638,higher=damaged
Irpin,s2__composite__ndvi__winter_baseline_max,0.5959581490251729,1.1733536184901378e-07,lower=damaged
Irpin,s2__composite__ndwi__winter_baseline_mean,0.6474696401872975,3.906773005140513e-16,higher=damaged
Irpin,s2__composite__ndwi__winter_baseline_std,0.6169160164847283,1.0848401039267052e-10,higher=damaged
Irpin,s2__composite__ndwi__winter_baseline_max,0.698843633472896,4.8951976539702265e-28,higher=damaged
Irpin,s1__coh__date_first_drop_max,0.5073425273892954,0.11635058851632353,higher=damaged
Irpin,s1__coh__date_first_drop_mean,0.5056916143189256,0.25282907309632774,higher=damaged
Irpin,s1__coh__date_first_drop_std,0.5195625925060373,8.638091106319847e-05,higher=damaged
Irpin,s1__coh__date_worst_drop_max,0.5208780905346087,0.03798978721080757,higher=damaged
Irpin,s1__coh__date_worst_drop_mean,0.5190246848576825,0.059811825384311464,higher=damaged
Irpin,s1__coh__date_worst_drop_std,0.5263613462966144,0.00913806062802534,higher=damaged
Irpin,s1__coh__drop_count_max,0.5107134544253198,0.008583430577089598,higher=damaged
Irpin,s1__coh__drop_count_mean,0.5013867106659871,0.766524510044549,higher=damaged
Irpin,s1__coh__drop_count_std,0.5100156409700499,0.023328372568546658,higher=damaged
Irpin,s1__coh__lu_transition_mode,0.5083786888615457,0.07423858510671268,lower=damaged
Irpin,s1__coh__max_drop_max,0.5180496465882225,0.08439679111043957,higher=damaged
Irpin,s1__coh__max_drop_mean,0.5066626637421384,0.5241184652137181,higher=damaged
Irpin,s1__coh__max_drop_std,0.5181076021778163,0.08340419686812069,higher=damaged
Irpin,s1__coh__running_min_max,0.5292794219645585,0.0037866111572211637,higher=damaged
Irpin,s1__coh__running_min_mean,0.5178300254066043,0.07786871658503848,higher=damaged
Irpin,s1__coh__running_min_std,0.531178347416307,0.002047905004076152,higher=damaged
Kharkiv,s2__composite__b02__post_winter_baseline_mean,0.6504423852830313,2.1853513652854958e-16,higher=damaged
Kharkiv,s2__composite__b02__post_winter_baseline_std,0.7138210623163468,1.7975621425062332e-31,higher=damaged
Kharkiv,s2__composite__b02__post_winter_baseline_max,0.7289016097414205,8.060544031358038e-36,higher=damaged
Kharkiv,s2__composite__b03__post_winter_baseline_mean,0.6238136719136103,1.3990961047968395e-11,higher=damaged
Kharkiv,s2__composite__b03__post_winter_baseline_std,0.7118184209857162,6.458812382963579e-31,higher=damaged
Kharkiv,s2__composite__b03__post_winter_baseline_max,0.7088158812675578,4.2990550278321835e-30,higher=damaged
Kharkiv,s2__composite__b04__post_winter_baseline_mean,0.6161034421892808,2.340389395646192e-10,higher=damaged
Kharkiv,s2__composite__b04__post_winter_baseline_std,0.7070597144936884,1.2866612802662533e-29,higher=damaged
Kharkiv,s2__composite__b04__post_winter_baseline_max,0.6996160319943738,1.2117139782050914e-27,higher=damaged
Kharkiv,s2__composite__b05__post_winter_baseline_mean,0.5382644174196825,0.03674837556840734,higher=damaged
Kharkiv,s2__composite__b05__post_winter_baseline_std,0.7072565701071145,1.1382335434416508e-29,higher=damaged
Kharkiv,s2__composite__b05__post_winter_baseline_max,0.6465141035044233,1.274506266827299e-15,higher=damaged
Kharkiv,s2__composite__b07__post_winter_baseline_mean,0.6234599205087707,1.598193757640413e-11,lower=damaged
Kharkiv,s2__composite__b07__post_winter_baseline_std,0.6947400803421223,2.177249268949465e-26,higher=damaged
Kharkiv,s2__composite__b07__post_winter_baseline_max,0.5043415214978648,0.8126811388322657,higher=damaged
Kharkiv,s2__composite__b08__post_winter_baseline_mean,0.6460357481977639,1.5749007887636602e-15,lower=damaged
Kharkiv,s2__composite__b08__post_winter_baseline_std,0.6583436454656746,5.489238950133799e-18,higher=damaged
Kharkiv,s2__composite__b08__post_winter_baseline_max,0.5157844883564673,0.3889359555881251,higher=damaged
Kharkiv,s2__composite__b11__post_winter_baseline_mean,0.518252437141011,0.31912662426649707,higher=damaged
Kharkiv,s2__composite__b11__post_winter_baseline_std,0.7572101568542362,8.99100148740692e-45,higher=damaged
Kharkiv,s2__composite__b11__post_winter_baseline_max,0.635927718902898,1.178292021482833e-13,higher=damaged
Kharkiv,s2__composite__b12__post_winter_baseline_mean,0.5161146670529326,0.37909259446461996,higher=damaged
Kharkiv,s2__composite__b12__post_winter_baseline_std,0.7365861766274099,3.7853528627250866e-38,higher=damaged
Kharkiv,s2__composite__b12__post_winter_baseline_max,0.6170288997941729,1.6842864802969708e-10,higher=damaged
Kharkiv,s2__composite__b8a__post_winter_baseline_mean,0.6502474342850771,2.387763900651576e-16,lower=damaged
Kharkiv,s2__composite__b8a__post_winter_baseline_std,0.6934377562264353,4.654460154912933e-26,higher=damaged
Kharkiv,s2__composite__b8a__post_winter_baseline_max,0.510810560316105,0.5551493731657404,lower=damaged
Kharkiv,s2__composite__cire__post_winter_baseline_mean,0.6965260283760991,7.620937050724947e-27,lower=damaged
Kharkiv,s2__composite__cire__post_winter_baseline_std,0.6367880732880203,8.256330695526374e-14,higher=damaged
Kharkiv,s2__composite__cire__post_winter_baseline_max,0.5839669148009597,4.581693362806416e-06,lower=damaged
Kharkiv,s2__composite__mndwi__post_winter_baseline_mean,0.6898969276524145,3.579606376636669e-25,higher=damaged
Kharkiv,s2__composite__mndwi__post_winter_baseline_std,0.703757383353186,9.862572876133488e-29,higher=damaged
Kharkiv,s2__composite__mndwi__post_winter_baseline_max,0.742395464066733,5.854836745621068e-40,higher=damaged
Kharkiv,s2__composite__ndbi__post_winter_baseline_mean,0.6882318855980103,9.222362827753053e-25,higher=damaged
Kharkiv,s2__composite__ndbi__post_winter_baseline_std,0.6299157754303022,1.3308374957433706e-12,higher=damaged
Kharkiv,s2__composite__ndbi__post_winter_baseline_max,0.7507881645116808,1.18899190091014e-42,higher=damaged
Kharkiv,s2__composite__ndre__post_winter_baseline_mean,0.6963187839510075,8.611355526790695e-27,lower=damaged
Kharkiv,s2__composite__ndre__post_winter_baseline_std,0.6914084626468299,1.5050152157922106e-25,higher=damaged
Kharkiv,s2__composite__ndre__post_winter_baseline_max,0.5855104943323095,3.05131569236226e-06,lower=damaged
Kharkiv,s2__composite__ndvi__post_winter_baseline_mean,0.7467615600512396,2.3889428970019667e-41,lower=damaged
Kharkiv,s2__composite__ndvi__post_winter_baseline_std,0.6104513102616624,1.653365268105545e-09,higher=damaged
Kharkiv,s2__composite__ndvi__post_winter_baseline_max,0.6048604970581359,1.0435322303803427e-08,lower=damaged
Kharkiv,s2__composite__ndwi__post_winter_baseline_mean,0.7403600856117234,2.5520084575296113e-39,higher=damaged
Kharkiv,s2__composite__ndwi__post_winter_baseline_std,0.6449352638515757,2.556369539692401e-15,higher=damaged
Kharkiv,s2__composite__ndwi__post_winter_baseline_max,0.7718110627388253,8.57210790361066e-50,higher=damaged
Kharkiv,s2__composite__b02__prebattle_baseline_mean,0.6209205981145594,4.109079792079288e-11,higher=damaged
Kharkiv,s2__composite__b02__prebattle_baseline_std,0.6781048719865892,2.4458172369051574e-22,higher=damaged
Kharkiv,s2__composite__b02__prebattle_baseline_max,0.687092616354938,1.7543015191613742e-24,higher=damaged
Kharkiv,s2__composite__b03__prebattle_baseline_mean,0.5875476660940948,1.7658791341382015e-06,higher=damaged
Kharkiv,s2__composite__b03__prebattle_baseline_std,0.6821984966499051,2.658392726318687e-23,higher=damaged
Kharkiv,s2__composite__b03__prebattle_baseline_max,0.6802106222729989,7.85781294533226e-23,higher=damaged
Kharkiv,s2__composite__b04__prebattle_baseline_mean,0.5884009214579125,1.3993276905034103e-06,higher=damaged
Kharkiv,s2__composite__b04__prebattle_baseline_std,0.6803548907111854,7.266229732298057e-23,higher=damaged
Kharkiv,s2__composite__b04__prebattle_baseline_max,0.6849986524227154,5.6617284372447565e-24,higher=damaged
Kharkiv,s2__composite__b05__prebattle_baseline_mean,0.541909529874611,0.022166293027293657,higher=damaged
Kharkiv,s2__composite__b05__prebattle_baseline_std,0.7377491793580842,1.6562435862425173e-38,higher=damaged
Kharkiv,s2__composite__b05__prebattle_baseline_max,0.6448878958174348,2.609825855202029e-15,higher=damaged
Kharkiv,s2__composite__b07__prebattle_baseline_mean,0.6393357562020958,2.844049847892968e-14,lower=damaged
Kharkiv,s2__composite__b07__prebattle_baseline_std,0.7017872812648072,3.273046545624698e-28,higher=damaged
Kharkiv,s2__composite__b07__prebattle_baseline_max,0.5135992636608173,0.4579209558712575,higher=damaged
Kharkiv,s2__composite__b08__prebattle_baseline_mean,0.6480780648948499,6.350463975635336e-16,lower=damaged
Kharkiv,s2__composite__b08__prebattle_baseline_std,0.6662204301027395,1.161715029110677e-19,higher=damaged
Kharkiv,s2__composite__b08__prebattle_baseline_max,0.5221073293857827,0.22756231252600123,higher=damaged
Kharkiv,s2__composite__b11__prebattle_baseline_mean,0.5129712476280117,0.47894808018508217,higher=damaged
Kharkiv,s2__composite__b11__prebattle_baseline_std,0.7678608902499221,2.0820916797818668e-48,higher=damaged
Kharkiv,s2__composite__b11__prebattle_baseline_max,0.6386328294166029,3.823550448512404e-14,higher=damaged
Kharkiv,s2__composite__b12__prebattle_baseline_mean,0.5437120505367207,0.017037904098743024,higher=damaged
Kharkiv,s2__composite__b12__prebattle_baseline_std,0.7639509991414883,4.67838161077514e-47,higher=damaged
Kharkiv,s2__composite__b12__prebattle_baseline_max,0.6662903938022526,1.1216858099238223e-19,higher=damaged
Kharkiv,s2__composite__b8a__prebattle_baseline_mean,0.6462333087662673,1.4432091350505794e-15,lower=damaged
Kharkiv,s2__composite__b8a__prebattle_baseline_std,0.7067864887468887,1.524680436510802e-29,higher=damaged
Kharkiv,s2__composite__b8a__prebattle_baseline_max,0.5000087439164851,0.999619740155326,higher=damaged
Kharkiv,s2__composite__cire__prebattle_baseline_mean,0.7032015448261888,1.3849486760276106e-28,lower=damaged
Kharkiv,s2__composite__cire__prebattle_baseline_std,0.6789698642340621,1.5365564490495517e-22,higher=damaged
Kharkiv,s2__composite__cire__prebattle_baseline_max,0.578745955660354,1.7225847742872458e-05,lower=damaged
Kharkiv,s2__composite__mndwi__prebattle_baseline_mean,0.6298797485155625,1.3499606495294512e-12,higher=damaged
Kharkiv,s2__composite__mndwi__prebattle_baseline_std,0.6822630309585597,2.5659754669028447e-23,higher=damaged
Kharkiv,s2__composite__mndwi__prebattle_baseline_max,0.6791735838837671,1.3767786702652149e-22,higher=damaged
Kharkiv,s2__composite__ndbi__prebattle_baseline_mean,0.6993160550575357,1.4503084903848557e-27,higher=damaged
Kharkiv,s2__composite__ndbi__prebattle_baseline_std,0.6642998232813664,3.0245195051900466e-19,higher=damaged
Kharkiv,s2__composite__ndbi__prebattle_baseline_max,0.7879910803641862,1.1187160426365659e-55,higher=damaged
Kharkiv,s2__composite__ndre__prebattle_baseline_mean,0.6997378160758847,1.12635785415064e-27,lower=damaged
Kharkiv,s2__composite__ndre__prebattle_baseline_std,0.7094410032742566,2.9036784732727373e-30,higher=damaged
Kharkiv,s2__composite__ndre__prebattle_baseline_max,0.5736472876742091,5.824442941613359e-05,lower=damaged
Kharkiv,s2__composite__ndvi__prebattle_baseline_mean,0.7259902318456258,5.869671940080587e-35,lower=damaged
Kharkiv,s2__composite__ndvi__prebattle_baseline_std,0.6316627901557994,6.651584638824752e-13,higher=damaged
Kharkiv,s2__composite__ndvi__prebattle_baseline_max,0.573202943358121,6.454041640770594e-05,lower=damaged
Kharkiv,s2__composite__ndwi__prebattle_baseline_mean,0.7189174917609302,6.574377893262744e-33,higher=damaged
Kharkiv,s2__composite__ndwi__prebattle_baseline_std,0.6533405050763197,5.780199986396135e-17,higher=damaged
Kharkiv,s2__composite__ndwi__prebattle_baseline_max,0.7599779712669216,1.0547397846154034e-45,higher=damaged
Kharkiv,s2__composite__b02__winter_baseline_mean,0.6209205981145594,4.109079792079288e-11,higher=damaged
Kharkiv,s2__composite__b02__winter_baseline_std,0.6781048719865892,2.4458172369051574e-22,higher=damaged
Kharkiv,s2__composite__b02__winter_baseline_max,0.687092616354938,1.7543015191613742e-24,higher=damaged
Kharkiv,s2__composite__b03__winter_baseline_mean,0.5875476660940948,1.7658791341382015e-06,higher=damaged
Kharkiv,s2__composite__b03__winter_baseline_std,0.6821984966499051,2.658392726318687e-23,higher=damaged
Kharkiv,s2__composite__b03__winter_baseline_max,0.6802106222729989,7.85781294533226e-23,higher=damaged
Kharkiv,s2__composite__b04__winter_baseline_mean,0.5884009214579125,1.3993276905034103e-06,higher=damaged
Kharkiv,s2__composite__b04__winter_baseline_std,0.6803548907111854,7.266229732298057e-23,higher=damaged
Kharkiv,s2__composite__b04__winter_baseline_max,0.6849986524227154,5.6617284372447565e-24,higher=damaged
Kharkiv,s2__composite__b05__winter_baseline_mean,0.541909529874611,0.022166293027293657,higher=damaged
Kharkiv,s2__composite__b05__winter_baseline_std,0.7377491793580842,1.6562435862425173e-38,higher=damaged
Kharkiv,s2__composite__b05__winter_baseline_max,0.6448878958174348,2.609825855202029e-15,higher=damaged
Kharkiv,s2__composite__b07__winter_baseline_mean,0.6393357562020958,2.844049847892968e-14,lower=damaged
Kharkiv,s2__composite__b07__winter_baseline_std,0.7017872812648072,3.273046545624698e-28,higher=damaged
Kharkiv,s2__composite__b07__winter_baseline_max,0.5135992636608173,0.4579209558712575,higher=damaged
Kharkiv,s2__composite__b08__winter_baseline_mean,0.6480780648948499,6.350463975635336e-16,lower=damaged
Kharkiv,s2__composite__b08__winter_baseline_std,0.6662204301027395,1.161715029110677e-19,higher=damaged
Kharkiv,s2__composite__b08__winter_baseline_max,0.5221073293857827,0.22756231252600123,higher=damaged
Kharkiv,s2__composite__b11__winter_baseline_mean,0.5129712476280117,0.47894808018508217,higher=damaged
Kharkiv,s2__composite__b11__winter_baseline_std,0.7678608902499221,2.0820916797818668e-48,higher=damaged
Kharkiv,s2__composite__b11__winter_baseline_max,0.6386328294166029,3.823550448512404e-14,higher=damaged
Kharkiv,s2__composite__b12__winter_baseline_mean,0.5437120505367207,0.017037904098743024,higher=damaged
Kharkiv,s2__composite__b12__winter_baseline_std,0.7639509991414883,4.67838161077514e-47,higher=damaged
Kharkiv,s2__composite__b12__winter_baseline_max,0.6662903938022526,1.1216858099238223e-19,higher=damaged
Kharkiv,s2__composite__b8a__winter_baseline_mean,0.6462333087662673,1.4432091350505794e-15,lower=damaged
Kharkiv,s2__composite__b8a__winter_baseline_std,0.7067864887468887,1.524680436510802e-29,higher=damaged
Kharkiv,s2__composite__b8a__winter_baseline_max,0.5000087439164851,0.999619740155326,higher=damaged
Kharkiv,s2__composite__cire__winter_baseline_mean,0.7032015448261888,1.3849486760276106e-28,lower=damaged
Kharkiv,s2__composite__cire__winter_baseline_std,0.6789698642340621,1.5365564490495517e-22,higher=damaged
Kharkiv,s2__composite__cire__winter_baseline_max,0.578745955660354,1.7225847742872458e-05,lower=damaged
Kharkiv,s2__composite__mndwi__winter_baseline_mean,0.6298797485155625,1.3499606495294512e-12,higher=damaged
Kharkiv,s2__composite__mndwi__winter_baseline_std,0.6822630309585597,2.5659754669028447e-23,higher=damaged
Kharkiv,s2__composite__mndwi__winter_baseline_max,0.6791735838837671,1.3767786702652149e-22,higher=damaged
Kharkiv,s2__composite__ndbi__winter_baseline_mean,0.6993160550575357,1.4503084903848557e-27,higher=damaged
Kharkiv,s2__composite__ndbi__winter_baseline_std,0.6642998232813664,3.0245195051900466e-19,higher=damaged
Kharkiv,s2__composite__ndbi__winter_baseline_max,0.7879910803641862,1.1187160426365659e-55,higher=damaged
Kharkiv,s2__composite__ndre__winter_baseline_mean,0.6997378160758847,1.12635785415064e-27,lower=damaged
Kharkiv,s2__composite__ndre__winter_baseline_std,0.7094410032742566,2.9036784732727373e-30,higher=damaged
Kharkiv,s2__composite__ndre__winter_baseline_max,0.5736472876742091,5.824442941613359e-05,lower=damaged
Kharkiv,s2__composite__ndvi__winter_baseline_mean,0.7259902318456258,5.869671940080587e-35,lower=damaged
Kharkiv,s2__composite__ndvi__winter_baseline_std,0.6316627901557994,6.651584638824752e-13,higher=damaged
Kharkiv,s2__composite__ndvi__winter_baseline_max,0.573202943358121,6.454041640770594e-05,lower=damaged
Kharkiv,s2__composite__ndwi__winter_baseline_mean,0.7189174917609302,6.574377893262744e-33,higher=damaged
Kharkiv,s2__composite__ndwi__winter_baseline_std,0.6533405050763197,5.780199986396135e-17,higher=damaged
Kharkiv,s2__composite__ndwi__winter_baseline_max,0.7599779712669216,1.0547397846154034e-45,higher=damaged
Kharkiv,s1__coh__date_first_drop_max,0.5,1.0,higher=damaged
Kharkiv,s1__coh__date_first_drop_mean,0.5,1.0,higher=damaged
Kharkiv,s1__coh__date_first_drop_std,0.5,1.0,higher=damaged
Kharkiv,s1__coh__date_worst_drop_max,0.5,1.0,higher=damaged
Kharkiv,s1__coh__date_worst_drop_mean,0.5,1.0,higher=damaged
Kharkiv,s1__coh__date_worst_drop_std,0.5,1.0,higher=damaged
Kharkiv,s1__coh__drop_count_max,0.5,1.0,higher=damaged
Kharkiv,s1__coh__drop_count_mean,0.5,1.0,higher=damaged
Kharkiv,s1__coh__drop_count_std,0.5,1.0,higher=damaged
Kharkiv,s1__coh__lu_transition_mode,0.5,1.0,higher=damaged
Kharkiv,s1__coh__max_drop_max,0.5,1.0,higher=damaged
Kharkiv,s1__coh__max_drop_mean,0.5,1.0,higher=damaged
Kharkiv,s1__coh__max_drop_std,0.5,1.0,higher=damaged
Kharkiv,s1__coh__running_min_max,0.5,1.0,higher=damaged
Kharkiv,s1__coh__running_min_mean,0.5,1.0,higher=damaged
Kharkiv,s1__coh__running_min_std,0.5,1.0,higher=damaged
Kherson,s2__composite__b02__post_winter_baseline_mean,0.6482715675384564,0.20845082151072292,higher=damaged
Kherson,s2__composite__b02__post_winter_baseline_std,0.8472180147430072,0.003222654651792989,higher=damaged
Kherson,s2__composite__b02__post_winter_baseline_max,0.7772308054798209,0.018676426778516185,higher=damaged
Kherson,s2__composite__b03__post_winter_baseline_mean,0.6120704163721431,0.34175011798156363,higher=damaged
Kherson,s2__composite__b03__post_winter_baseline_std,0.872042142111818,0.0015980406789622315,higher=damaged
Kherson,s2__composite__b03__post_winter_baseline_max,0.7791073412097345,0.017891244267078006,higher=damaged
Kherson,s2__composite__b04__post_winter_baseline_mean,0.6820828705106197,0.12242237099735073,higher=damaged
Kherson,s2__composite__b04__post_winter_baseline_std,0.9191322494866875,0.00037687688986970315,higher=damaged
Kherson,s2__composite__b04__post_winter_baseline_max,0.889376956477835,0.0009554253114041936,higher=damaged
Kherson,s2__composite__b05__post_winter_baseline_mean,0.6427008650577266,0.22605798497476026,higher=damaged
Kherson,s2__composite__b05__post_winter_baseline_std,0.8488673465953078,0.003079851852530408,higher=damaged
Kherson,s2__composite__b05__post_winter_baseline_max,0.8126072907199839,0.008000941209372992,higher=damaged
Kherson,s2__composite__b07__post_winter_baseline_mean,0.5987074623851358,0.4023991495342183,lower=damaged
Kherson,s2__composite__b07__post_winter_baseline_std,0.8318691305664949,0.004870990421020128,higher=damaged
Kherson,s2__composite__b07__post_winter_baseline_max,0.5527281295230401,0.65468435155424,higher=damaged
Kherson,s2__composite__b08__post_winter_baseline_mean,0.6322326567706755,0.26196211870399766,lower=damaged
Kherson,s2__composite__b08__post_winter_baseline_std,0.8391396546501061,0.0040131578164052635,higher=damaged
Kherson,s2__composite__b08__post_winter_baseline_max,0.5932209094887071,0.42906156657610073,higher=damaged
Kherson,s2__composite__b11__post_winter_baseline_mean,0.5772156585546466,0.5124602023714211,higher=damaged
Kherson,s2__composite__b11__post_winter_baseline_std,0.8062876569389748,0.00936551016462199,higher=damaged
Kherson,s2__composite__b11__post_winter_baseline_max,0.7222138072637921,0.05940975636102101,higher=damaged
Kherson,s2__composite__b12__post_winter_baseline_mean,0.622126291696119,0.3001904368655983,higher=damaged
Kherson,s2__composite__b12__post_winter_baseline_std,0.7728129523040155,0.020644564985314057,higher=damaged
Kherson,s2__composite__b12__post_winter_baseline_max,0.7406257363088626,0.0412158417742327,higher=damaged
Kherson,s2__composite__b8a__post_winter_baseline_mean,0.6543639974418527,0.1903570076571477,lower=damaged
Kherson,s2__composite__b8a__post_winter_baseline_std,0.8159648591335958,0.007350851155182314,higher=damaged
Kherson,s2__composite__b8a__post_winter_baseline_max,0.5020784947322361,0.9859881379454863,higher=damaged
Kherson,s2__composite__cire__post_winter_baseline_mean,0.873556834629237,0.0015290285859118945,lower=damaged
Kherson,s2__composite__cire__post_winter_baseline_std,0.5898717560335252,0.44583104429486575,higher=damaged
Kherson,s2__composite__cire__post_winter_baseline_max,0.6553064727860245,0.18766454734687144,lower=damaged
Kherson,s2__composite__mndwi__post_winter_baseline_mean,0.6001380053182537,0.3956135543861622,higher=damaged
Kherson,s2__composite__mndwi__post_winter_baseline_std,0.8115049311656402,0.008225325686254573,higher=damaged
Kherson,s2__composite__mndwi__post_winter_baseline_max,0.7614359285065132,0.02656152599017375,higher=damaged
Kherson,s2__composite__ndbi__post_winter_baseline_mean,0.7983944259315359,0.011359175886437258,higher=damaged
Kherson,s2__composite__ndbi__post_winter_baseline_std,0.7393382476690565,0.04231292355743386,higher=damaged
Kherson,s2__composite__ndbi__post_winter_baseline_max,0.8986165808340907,0.0007203439560101476,higher=damaged
Kherson,s2__composite__ndre__post_winter_baseline_mean,0.8741122218856239,0.001504436863011968,lower=damaged
Kherson,s2__composite__ndre__post_winter_baseline_std,0.6271836817126124,0.28061847181006505,higher=damaged
Kherson,s2__composite__ndre__post_winter_baseline_max,0.6828907065199098,0.1207725795411439,lower=damaged
Kherson,s2__composite__ndvi__post_winter_baseline_mean,0.8626342185869602,0.0020948206902728188,lower=damaged
Kherson,s2__composite__ndvi__post_winter_baseline_std,0.5129758658992225,0.9123987365639976,lower=damaged
Kherson,s2__composite__ndvi__post_winter_baseline_max,0.6444343464943284,0.22046882525613298,lower=damaged
Kherson,s2__composite__ndwi__post_winter_baseline_mean,0.8016089400518361,0.010505768332845063,higher=damaged
Kherson,s2__composite__ndwi__post_winter_baseline_std,0.5736140563465617,0.5323278864047809,higher=damaged
Kherson,s2__composite__ndwi__post_winter_baseline_max,0.853983641320812,0.0026728041081682044,higher=damaged
Kherson,s2__composite__b02__prebattle_baseline_mean,0.6809720959978457,0.12471952644623478,higher=damaged
Kherson,s2__composite__b02__prebattle_baseline_std,0.8877612844592547,0.001003219146603815,higher=damaged
Kherson,s2__composite__b02__prebattle_baseline_max,0.8350836446867953,0.004472132908704567,higher=damaged
Kherson,s2__composite__b03__prebattle_baseline_mean,0.654077888855229,0.19117996225587108,higher=damaged
Kherson,s2__composite__b03__prebattle_baseline_std,0.9040358140630785,0.0006087346829584567,higher=damaged
Kherson,s2__composite__b03__prebattle_baseline_max,0.8201639233902185,0.006604748304135124,higher=damaged
Kherson,s2__composite__b04__prebattle_baseline_mean,0.7216668349658353,0.06003883118693458,higher=damaged
Kherson,s2__composite__b04__prebattle_baseline_std,0.9167928910431183,0.00040635606562279515,higher=damaged
Kherson,s2__composite__b04__prebattle_baseline_max,0.8539499814870914,0.0026752758508049547,higher=damaged
Kherson,s2__composite__b05__prebattle_baseline_mean,0.66054057692955,0.17322166276735806,higher=damaged
Kherson,s2__composite__b05__prebattle_baseline_std,0.8679524723147868,0.001798891370581776,higher=damaged
Kherson,s2__composite__b05__prebattle_baseline_max,0.79872260931031,0.011269310850213841,higher=damaged
Kherson,s2__composite__b07__prebattle_baseline_mean,0.5102662492847285,0.9306512138714844,lower=damaged
Kherson,s2__composite__b07__prebattle_baseline_std,0.8442222895418897,0.0034975545647558653,higher=damaged
Kherson,s2__composite__b07__prebattle_baseline_max,0.6115655188663368,0.3439295673815653,higher=damaged
Kherson,s2__composite__b08__prebattle_baseline_mean,0.5159379312666195,0.8924987973335825,lower=damaged
Kherson,s2__composite__b08__prebattle_baseline_std,0.9141505940960651,0.000442237202318236,higher=damaged
Kherson,s2__composite__b08__prebattle_baseline_max,0.7402134033457874,0.041564183575853265,higher=damaged
Kherson,s2__composite__b11__prebattle_baseline_mean,0.5784105826517217,0.5059550428621638,higher=damaged
Kherson,s2__composite__b11__prebattle_baseline_std,0.856777407519607,0.0024718930834907397,higher=damaged
Kherson,s2__composite__b11__prebattle_baseline_max,0.7697078326433068,0.02213291261223521,higher=damaged
Kherson,s2__composite__b12__prebattle_baseline_mean,0.6296240196573429,0.27149144536005687,higher=damaged
Kherson,s2__composite__b12__prebattle_baseline_std,0.8389545255646437,0.00403317829696697,higher=damaged
Kherson,s2__composite__b12__prebattle_baseline_max,0.7984533306405467,0.011342999040129349,higher=damaged
Kherson,s2__composite__b8a__prebattle_baseline_mean,0.5732437981756371,0.5343922461054484,lower=damaged
Kherson,s2__composite__b8a__prebattle_baseline_std,0.8132720724359621,0.007868291148516018,higher=damaged
Kherson,s2__composite__b8a__prebattle_baseline_max,0.5329445622538624,0.7799193928725302,higher=damaged
Kherson,s2__composite__cire__prebattle_baseline_mean,0.8587969975428321,0.0023353676419396916,lower=damaged
Kherson,s2__composite__cire__prebattle_baseline_std,0.541856003231344,0.7225693147371732,higher=damaged
Kherson,s2__composite__cire__prebattle_baseline_max,0.7326062809249723,0.04845951026377255,lower=damaged
Kherson,s2__composite__mndwi__prebattle_baseline_mean,0.6144770944831532,0.3314831772678998,higher=damaged
Kherson,s2__composite__mndwi__prebattle_baseline_std,0.8117742098354035,0.00817000072108989,higher=damaged
Kherson,s2__composite__mndwi__prebattle_baseline_max,0.7627150021878892,0.02583032632224233,higher=damaged
Kherson,s2__composite__ndbi__prebattle_baseline_mean,0.6490794035477464,0.20598239670394802,higher=damaged
Kherson,s2__composite__ndbi__prebattle_baseline_std,0.8357736712780639,0.0043916292751054456,higher=damaged
Kherson,s2__composite__ndbi__prebattle_baseline_max,0.8881820323807602,0.0009905682631005687,higher=damaged
Kherson,s2__composite__ndre__prebattle_baseline_mean,0.8728836379548285,0.0015593617815265028,lower=damaged
Kherson,s2__composite__ndre__prebattle_baseline_std,0.6917432427883806,0.1038131097307479,higher=damaged
Kherson,s2__composite__ndre__prebattle_baseline_max,0.7108451984247197,0.07366320667791373,lower=damaged
Kherson,s2__composite__ndvi__prebattle_baseline_mean,0.8593018950486384,0.0023023149347349225,lower=damaged
Kherson,s2__composite__ndvi__prebattle_baseline_std,0.5203978592345754,0.8626669838675205,higher=damaged
Kherson,s2__composite__ndvi__prebattle_baseline_max,0.5985391632165338,0.40320197400227975,lower=damaged
Kherson,s2__composite__ndwi__prebattle_baseline_mean,0.7590460803123633,0.02797571049891527,higher=damaged
Kherson,s2__composite__ndwi__prebattle_baseline_std,0.6692584738631391,0.1510348803349439,higher=damaged
Kherson,s2__composite__ndwi__prebattle_baseline_max,0.7935305799589351,0.012767596111590777,higher=damaged
Kherson,s2__composite__b02__winter_baseline_mean,0.6809720959978457,0.12471952644623478,higher=damaged
Kherson,s2__composite__b02__winter_baseline_std,0.8877612844592547,0.001003219146603815,higher=damaged
Kherson,s2__composite__b02__winter_baseline_max,0.8350836446867953,0.004472132908704567,higher=damaged
Kherson,s2__composite__b03__winter_baseline_mean,0.654077888855229,0.19117996225587108,higher=damaged
Kherson,s2__composite__b03__winter_baseline_std,0.9040358140630785,0.0006087346829584567,higher=damaged
Kherson,s2__composite__b03__winter_baseline_max,0.8201639233902185,0.006604748304135124,higher=damaged
Kherson,s2__composite__b04__winter_baseline_mean,0.7216668349658353,0.06003883118693458,higher=damaged
Kherson,s2__composite__b04__winter_baseline_std,0.9167928910431183,0.00040635606562279515,higher=damaged
Kherson,s2__composite__b04__winter_baseline_max,0.8539499814870914,0.0026752758508049547,higher=damaged
Kherson,s2__composite__b05__winter_baseline_mean,0.66054057692955,0.17322166276735806,higher=damaged
Kherson,s2__composite__b05__winter_baseline_std,0.8679524723147868,0.001798891370581776,higher=damaged
Kherson,s2__composite__b05__winter_baseline_max,0.79872260931031,0.011269310850213841,higher=damaged
Kherson,s2__composite__b07__winter_baseline_mean,0.5102662492847285,0.9306512138714844,lower=damaged
Kherson,s2__composite__b07__winter_baseline_std,0.8442222895418897,0.0034975545647558653,higher=damaged
Kherson,s2__composite__b07__winter_baseline_max,0.6115655188663368,0.3439295673815653,higher=damaged
Kherson,s2__composite__b08__winter_baseline_mean,0.5159379312666195,0.8924987973335825,lower=damaged
Kherson,s2__composite__b08__winter_baseline_std,0.9141505940960651,0.000442237202318236,higher=damaged
Kherson,s2__composite__b08__winter_baseline_max,0.7402134033457874,0.041564183575853265,higher=damaged
Kherson,s2__composite__b11__winter_baseline_mean,0.5784105826517217,0.5059550428621638,higher=damaged
Kherson,s2__composite__b11__winter_baseline_std,0.856777407519607,0.0024718930834907397,higher=damaged
Kherson,s2__composite__b11__winter_baseline_max,0.7697078326433068,0.02213291261223521,higher=damaged
Kherson,s2__composite__b12__winter_baseline_mean,0.6296240196573429,0.27149144536005687,higher=damaged
Kherson,s2__composite__b12__winter_baseline_std,0.8389545255646437,0.00403317829696697,higher=damaged
Kherson,s2__composite__b12__winter_baseline_max,0.7984533306405467,0.011342999040129349,higher=damaged
Kherson,s2__composite__b8a__winter_baseline_mean,0.5732437981756371,0.5343922461054484,lower=damaged
Kherson,s2__composite__b8a__winter_baseline_std,0.8132720724359621,0.007868291148516018,higher=damaged
Kherson,s2__composite__b8a__winter_baseline_max,0.5329445622538624,0.7799193928725302,higher=damaged
Kherson,s2__composite__cire__winter_baseline_mean,0.8587969975428321,0.0023353676419396916,lower=damaged
Kherson,s2__composite__cire__winter_baseline_std,0.541856003231344,0.7225693147371732,higher=damaged
Kherson,s2__composite__cire__winter_baseline_max,0.7326062809249723,0.04845951026377255,lower=damaged
Kherson,s2__composite__mndwi__winter_baseline_mean,0.6144770944831532,0.3314831772678998,higher=damaged
Kherson,s2__composite__mndwi__winter_baseline_std,0.8117742098354035,0.00817000072108989,higher=damaged
Kherson,s2__composite__mndwi__winter_baseline_max,0.7627150021878892,0.02583032632224233,higher=damaged
Kherson,s2__composite__ndbi__winter_baseline_mean,0.6490794035477464,0.20598239670394802,higher=damaged
Kherson,s2__composite__ndbi__winter_baseline_std,0.8357736712780639,0.0043916292751054456,higher=damaged
Kherson,s2__composite__ndbi__winter_baseline_max,0.8881820323807602,0.0009905682631005687,higher=damaged
Kherson,s2__composite__ndre__winter_baseline_mean,0.8728836379548285,0.0015593617815265028,lower=damaged
Kherson,s2__composite__ndre__winter_baseline_std,0.6917432427883806,0.1038131097307479,higher=damaged
Kherson,s2__composite__ndre__winter_baseline_max,0.7108451984247197,0.07366320667791373,lower=damaged
Kherson,s2__composite__ndvi__winter_baseline_mean,0.8593018950486384,0.0023023149347349225,lower=damaged
Kherson,s2__composite__ndvi__winter_baseline_std,0.5203978592345754,0.8626669838675205,higher=damaged
Kherson,s2__composite__ndvi__winter_baseline_max,0.5985391632165338,0.40320197400227975,lower=damaged
Kherson,s2__composite__ndwi__winter_baseline_mean,0.7590460803123633,0.02797571049891527,higher=damaged
Kherson,s2__composite__ndwi__winter_baseline_std,0.6692584738631391,0.1510348803349439,higher=damaged
Kherson,s2__composite__ndwi__winter_baseline_max,0.7935305799589351,0.012767596111590777,higher=damaged
Kherson,s1__coh__date_first_drop_max,0.5,1.0,higher=damaged
Kherson,s1__coh__date_first_drop_mean,0.5,1.0,higher=damaged
Kherson,s1__coh__date_first_drop_std,0.5,1.0,higher=damaged
Kherson,s1__coh__date_worst_drop_max,0.5,1.0,higher=damaged
Kherson,s1__coh__date_worst_drop_mean,0.5,1.0,higher=damaged
Kherson,s1__coh__date_worst_drop_std,0.5,1.0,higher=damaged
Kherson,s1__coh__drop_count_max,0.5,1.0,higher=damaged
Kherson,s1__coh__drop_count_mean,0.5,1.0,higher=damaged
Kherson,s1__coh__drop_count_std,0.5,1.0,higher=damaged
Kherson,s1__coh__lu_transition_mode,0.5,1.0,higher=damaged
Kherson,s1__coh__max_drop_max,0.5,1.0,higher=damaged
Kherson,s1__coh__max_drop_mean,0.5,1.0,higher=damaged
Kherson,s1__coh__max_drop_std,0.5,1.0,higher=damaged
Kherson,s1__coh__running_min_max,0.5,1.0,higher=damaged
Kherson,s1__coh__running_min_mean,0.5,1.0,higher=damaged
Kherson,s1__coh__running_min_std,0.5,1.0,higher=damaged
Kramatorsk,s2__composite__b02__post_winter_baseline_mean,0.6920685552264499,0.0027509464951019445,higher=damaged
Kramatorsk,s2__composite__b02__post_winter_baseline_std,0.8196957039062301,6.229422529116742e-07,higher=damaged
Kramatorsk,s2__composite__b02__post_winter_baseline_max,0.7910407331459963,5.699538040094109e-06,higher=damaged
Kramatorsk,s2__composite__b03__post_winter_baseline_mean,0.6851573377889166,0.003895109073306226,higher=damaged
Kramatorsk,s2__composite__b03__post_winter_baseline_std,0.8286726918305864,2.9925561290584696e-07,higher=damaged
Kramatorsk,s2__composite__b03__post_winter_baseline_max,0.786706665654034,7.82592949656096e-06,higher=damaged
Kramatorsk,s2__composite__b04__post_winter_baseline_mean,0.682818156502367,0.00437101114840969,higher=damaged
Kramatorsk,s2__composite__b04__post_winter_baseline_std,0.8772031087820562,4.0903732655519695e-09,higher=damaged
Kramatorsk,s2__composite__b04__post_winter_baseline_max,0.8160426318321055,8.349531374462274e-07,higher=damaged
Kramatorsk,s2__composite__b05__post_winter_baseline_mean,0.6672185514290777,0.009137378005362065,higher=damaged
Kramatorsk,s2__composite__b05__post_winter_baseline_std,0.8933647249436723,8.653392844322067e-10,higher=damaged
Kramatorsk,s2__composite__b05__post_winter_baseline_max,0.7923065238854711,5.189622208862769e-06,higher=damaged
Kramatorsk,s2__composite__b07__post_winter_baseline_mean,0.6157616262879421,0.07112700067841914,higher=damaged
Kramatorsk,s2__composite__b07__post_winter_baseline_std,0.8893091314143946,1.285268995299909e-09,higher=damaged
Kramatorsk,s2__composite__b07__post_winter_baseline_max,0.7810333915597073,1.1801330567429828e-05,higher=damaged
Kramatorsk,s2__composite__b08__post_winter_baseline_mean,0.5689121794384953,0.2826925539320234,higher=damaged
Kramatorsk,s2__composite__b08__post_winter_baseline_std,0.8897496265917318,1.2314459617225806e-09,higher=damaged
Kramatorsk,s2__composite__b08__post_winter_baseline_max,0.824406977038556,4.2497933523009243e-07,higher=damaged
Kramatorsk,s2__composite__b11__post_winter_baseline_mean,0.5690185058606112,0.2819505154934412,lower=damaged
Kramatorsk,s2__composite__b11__post_winter_baseline_std,0.9192476139844561,6.32012268953334e-11,higher=damaged
Kramatorsk,s2__composite__b11__post_winter_baseline_max,0.56952735373788,0.2784176275653426,higher=damaged
Kramatorsk,s2__composite__b12__post_winter_baseline_mean,0.5671400724032305,0.29525479552348954,lower=damaged
Kramatorsk,s2__composite__b12__post_winter_baseline_std,0.888030682767525,1.4534545257808428e-09,higher=damaged
Kramatorsk,s2__composite__b12__post_winter_baseline_max,0.594952026530974,0.13880722424352251,higher=damaged
Kramatorsk,s2__composite__b8a__post_winter_baseline_mean,0.5147059568112199,0.8186947838297488,higher=damaged
Kramatorsk,s2__composite__b8a__post_winter_baseline_std,0.9059669375458848,2.468828659057375e-10,higher=damaged
Kramatorsk,s2__composite__b8a__post_winter_baseline_max,0.7828839776208196,1.0333411521429303e-05,higher=damaged
Kramatorsk,s2__composite__cire__post_winter_baseline_mean,0.7920862762968026,5.27509275999826e-06,lower=damaged
Kramatorsk,s2__composite__cire__post_winter_baseline_std,0.7947545631756158,4.324650325081052e-06,higher=damaged
Kramatorsk,s2__composite__cire__post_winter_baseline_max,0.5846586162375635,0.18691021358276605,lower=damaged
Kramatorsk,s2__composite__mndwi__post_winter_baseline_mean,0.7075213285739601,0.0012156400804394971,higher=damaged
Kramatorsk,s2__composite__mndwi__post_winter_baseline_std,0.823903192324245,4.4283007604878233e-07,higher=damaged
Kramatorsk,s2__composite__mndwi__post_winter_baseline_max,0.7762689552163236,1.6552150493407192e-05,higher=damaged
Kramatorsk,s2__composite__ndbi__post_winter_baseline_mean,0.6033771296929191,0.10705043887552351,lower=damaged
Kramatorsk,s2__composite__ndbi__post_winter_baseline_std,0.8871420976684133,1.5852631685827741e-09,higher=damaged
Kramatorsk,s2__composite__ndbi__post_winter_baseline_max,0.6501354396091238,0.019255462548462318,higher=damaged
Kramatorsk,s2__composite__ndre__post_winter_baseline_mean,0.8111440216703374,1.230599873362912e-06,lower=damaged
Kramatorsk,s2__composite__ndre__post_winter_baseline_std,0.7119971646287435,0.0009498914133316745,higher=damaged
Kramatorsk,s2__composite__ndre__post_winter_baseline_max,0.672514619883041,0.007157290222689573,lower=damaged
Kramatorsk,s2__composite__ndvi__post_winter_baseline_mean,0.8182881446039341,6.976317372832876e-07,lower=damaged
Kramatorsk,s2__composite__ndvi__post_winter_baseline_std,0.5593428014480646,0.3549111308298585,higher=damaged
Kramatorsk,s2__composite__ndvi__post_winter_baseline_max,0.660990860990861,0.012080561476229035,lower=damaged
Kramatorsk,s2__composite__ndwi__post_winter_baseline_mean,0.780597959545328,1.2174581962472962e-05,higher=damaged
Kramatorsk,s2__composite__ndwi__post_winter_baseline_std,0.8289511657932711,2.9243772646396547e-07,higher=damaged
Kramatorsk,s2__composite__ndwi__post_winter_baseline_max,0.8333333333333333,2.0299497286755592e-07,higher=damaged
Kramatorsk,s2__composite__b02__prebattle_baseline_mean,0.7073491810333915,0.0012271167054204537,higher=damaged
Kramatorsk,s2__composite__b02__prebattle_baseline_std,0.8112503480924533,1.2203558374846335e-06,higher=damaged
Kramatorsk,s2__composite__b02__prebattle_baseline_max,0.7549175970228601,7.065029765926615e-05,higher=damaged
Kramatorsk,s2__composite__b03__prebattle_baseline_mean,0.7055720108351687,0.0013515857357583,higher=damaged
Kramatorsk,s2__composite__b03__prebattle_baseline_std,0.8317359054201159,2.3201079808796086e-07,higher=damaged
Kramatorsk,s2__composite__b03__prebattle_baseline_max,0.7633097896255792,4.044582282497948e-05,higher=damaged
Kramatorsk,s2__composite__b04__prebattle_baseline_mean,0.7028935976304398,0.0015613127932867206,higher=damaged
Kramatorsk,s2__composite__b04__prebattle_baseline_std,0.8448748132958659,7.594614725440887e-08,higher=damaged
Kramatorsk,s2__composite__b04__prebattle_baseline_max,0.7664692033113085,3.2646638924269224e-05,higher=damaged
Kramatorsk,s2__composite__b05__prebattle_baseline_mean,0.6900888585099111,0.003042456644486827,higher=damaged
Kramatorsk,s2__composite__b05__prebattle_baseline_std,0.8688944583681426,8.873490649752798e-09,higher=damaged
Kramatorsk,s2__composite__b05__prebattle_baseline_max,0.7374091795144426,0.00021464007167436354,higher=damaged
Kramatorsk,s2__composite__b07__prebattle_baseline_mean,0.640520493152072,0.028476946463412284,higher=damaged
Kramatorsk,s2__composite__b07__prebattle_baseline_std,0.8815219867851447,2.717251389172301e-09,higher=damaged
Kramatorsk,s2__composite__b07__prebattle_baseline_max,0.7376623376623377,0.00021132540397295524,higher=damaged
Kramatorsk,s2__composite__b08__prebattle_baseline_mean,0.6260347839295207,0.049434768276604354,higher=damaged
Kramatorsk,s2__composite__b08__prebattle_baseline_std,0.8733753575858838,5.855869642693604e-09,higher=damaged
Kramatorsk,s2__composite__b08__prebattle_baseline_max,0.7690235690235689,2.7408406874280896e-05,higher=damaged
Kramatorsk,s2__composite__b11__prebattle_baseline_mean,0.6651426546163388,0.010038273877646208,lower=damaged
Kramatorsk,s2__composite__b11__prebattle_baseline_std,0.8940583782689047,8.084092444830974e-10,higher=damaged
Kramatorsk,s2__composite__b11__prebattle_baseline_max,0.5512974355079617,0.4238966028016239,higher=damaged
Kramatorsk,s2__composite__b12__prebattle_baseline_mean,0.5673780410622515,0.2935464655370035,lower=damaged
Kramatorsk,s2__composite__b12__prebattle_baseline_std,0.8944279891648312,7.795835098974183e-10,higher=damaged
Kramatorsk,s2__composite__b12__prebattle_baseline_max,0.6660211133895344,0.009647806924029233,higher=damaged
Kramatorsk,s2__composite__b8a__prebattle_baseline_mean,0.6141515404673299,0.07514721431010436,higher=damaged
Kramatorsk,s2__composite__b8a__prebattle_baseline_std,0.8866813498392445,1.6573336076405337e-09,higher=damaged
Kramatorsk,s2__composite__b8a__prebattle_baseline_max,0.741482494114073,0.0001667932234199215,higher=damaged
Kramatorsk,s2__composite__cire__prebattle_baseline_mean,0.735981367560315,0.00023426753499645,lower=damaged
Kramatorsk,s2__composite__cire__prebattle_baseline_std,0.5832409306093517,0.19439961544590967,higher=damaged
Kramatorsk,s2__composite__cire__prebattle_baseline_max,0.6051897420318473,0.10103598942526953,lower=damaged
Kramatorsk,s2__composite__mndwi__prebattle_baseline_mean,0.6897597529176476,0.0030935624803371813,higher=damaged
Kramatorsk,s2__composite__mndwi__prebattle_baseline_std,0.8181261233892811,7.067634459473887e-07,higher=damaged
Kramatorsk,s2__composite__mndwi__prebattle_baseline_max,0.7209640262271841,0.0005715786085811203,higher=damaged
Kramatorsk,s2__composite__ndbi__prebattle_baseline_mean,0.6519075466443888,0.017876084258111536,lower=damaged
Kramatorsk,s2__composite__ndbi__prebattle_baseline_std,0.8761550340497709,4.514193413140222e-09,higher=damaged
Kramatorsk,s2__composite__ndbi__prebattle_baseline_max,0.5632110579479,0.3244223216239245,higher=damaged
Kramatorsk,s2__composite__ndre__prebattle_baseline_mean,0.7408723829776461,0.00017325676176814061,lower=damaged
Kramatorsk,s2__composite__ndre__prebattle_baseline_std,0.6449102554365711,0.023877897462937427,higher=damaged
Kramatorsk,s2__composite__ndre__prebattle_baseline_max,0.6148553201184781,0.07336769000589707,lower=damaged
Kramatorsk,s2__composite__ndvi__prebattle_baseline_mean,0.785397838029417,8.616378554457214e-06,lower=damaged
Kramatorsk,s2__composite__ndvi__prebattle_baseline_std,0.5140781246044404,0.8263102403605632,higher=damaged
Kramatorsk,s2__composite__ndvi__prebattle_baseline_max,0.6408344092554619,0.028124423787049182,lower=damaged
Kramatorsk,s2__composite__ndwi__prebattle_baseline_mean,0.7986481354902407,3.2266687579478244e-06,higher=damaged
Kramatorsk,s2__composite__ndwi__prebattle_baseline_std,0.7839447102604997,9.572419100760443e-06,higher=damaged
Kramatorsk,s2__composite__ndwi__prebattle_baseline_max,0.8619072934862408,1.6804965915363164e-08,higher=damaged
Kramatorsk,s2__composite__b02__winter_baseline_mean,0.7073491810333915,0.0012271167054204537,higher=damaged
Kramatorsk,s2__composite__b02__winter_baseline_std,0.8112503480924533,1.2203558374846335e-06,higher=damaged
Kramatorsk,s2__composite__b02__winter_baseline_max,0.7549175970228601,7.065029765926615e-05,higher=damaged
Kramatorsk,s2__composite__b03__winter_baseline_mean,0.7055720108351687,0.0013515857357583,higher=damaged
Kramatorsk,s2__composite__b03__winter_baseline_std,0.8317359054201159,2.3201079808796086e-07,higher=damaged
Kramatorsk,s2__composite__b03__winter_baseline_max,0.7633097896255792,4.044582282497948e-05,higher=damaged
Kramatorsk,s2__composite__b04__winter_baseline_mean,0.7028935976304398,0.0015613127932867206,higher=damaged
Kramatorsk,s2__composite__b04__winter_baseline_std,0.8448748132958659,7.594614725440887e-08,higher=damaged
Kramatorsk,s2__composite__b04__winter_baseline_max,0.7664692033113085,3.2646638924269224e-05,higher=damaged
Kramatorsk,s2__composite__b05__winter_baseline_mean,0.6900888585099111,0.003042456644486827,higher=damaged
Kramatorsk,s2__composite__b05__winter_baseline_std,0.8688944583681426,8.873490649752798e-09,higher=damaged
Kramatorsk,s2__composite__b05__winter_baseline_max,0.7374091795144426,0.00021464007167436354,higher=damaged
Kramatorsk,s2__composite__b07__winter_baseline_mean,0.640520493152072,0.028476946463412284,higher=damaged
Kramatorsk,s2__composite__b07__winter_baseline_std,0.8815219867851447,2.717251389172301e-09,higher=damaged
Kramatorsk,s2__composite__b07__winter_baseline_max,0.7376623376623377,0.00021132540397295524,higher=damaged
Kramatorsk,s2__composite__b08__winter_baseline_mean,0.6260347839295207,0.049434768276604354,higher=damaged
Kramatorsk,s2__composite__b08__winter_baseline_std,0.8733753575858838,5.855869642693604e-09,higher=damaged
Kramatorsk,s2__composite__b08__winter_baseline_max,0.7690235690235689,2.7408406874280896e-05,higher=damaged
Kramatorsk,s2__composite__b11__winter_baseline_mean,0.6651426546163388,0.010038273877646208,lower=damaged
Kramatorsk,s2__composite__b11__winter_baseline_std,0.8940583782689047,8.084092444830974e-10,higher=damaged
Kramatorsk,s2__composite__b11__winter_baseline_max,0.5512974355079617,0.4238966028016239,higher=damaged
Kramatorsk,s2__composite__b12__winter_baseline_mean,0.5673780410622515,0.2935464655370035,lower=damaged
Kramatorsk,s2__composite__b12__winter_baseline_std,0.8944279891648312,7.795835098974183e-10,higher=damaged
Kramatorsk,s2__composite__b12__winter_baseline_max,0.6660211133895344,0.009647806924029233,higher=damaged
Kramatorsk,s2__composite__b8a__winter_baseline_mean,0.6141515404673299,0.07514721431010436,higher=damaged
Kramatorsk,s2__composite__b8a__winter_baseline_std,0.8866813498392445,1.6573336076405337e-09,higher=damaged
Kramatorsk,s2__composite__b8a__winter_baseline_max,0.741482494114073,0.0001667932234199215,higher=damaged
Kramatorsk,s2__composite__cire__winter_baseline_mean,0.735981367560315,0.00023426753499645,lower=damaged
Kramatorsk,s2__composite__cire__winter_baseline_std,0.5832409306093517,0.19439961544590967,higher=damaged
Kramatorsk,s2__composite__cire__winter_baseline_max,0.6051897420318473,0.10103598942526953,lower=damaged
Kramatorsk,s2__composite__mndwi__winter_baseline_mean,0.6897597529176476,0.0030935624803371813,higher=damaged
Kramatorsk,s2__composite__mndwi__winter_baseline_std,0.8181261233892811,7.067634459473887e-07,higher=damaged
Kramatorsk,s2__composite__mndwi__winter_baseline_max,0.7209640262271841,0.0005715786085811203,higher=damaged
Kramatorsk,s2__composite__ndbi__winter_baseline_mean,0.6519075466443888,0.017876084258111536,lower=damaged
Kramatorsk,s2__composite__ndbi__winter_baseline_std,0.8761550340497709,4.514193413140222e-09,higher=damaged
Kramatorsk,s2__composite__ndbi__winter_baseline_max,0.5632110579479,0.3244223216239245,higher=damaged
Kramatorsk,s2__composite__ndre__winter_baseline_mean,0.7408723829776461,0.00017325676176814061,lower=damaged
Kramatorsk,s2__composite__ndre__winter_baseline_std,0.6449102554365711,0.023877897462937427,higher=damaged
Kramatorsk,s2__composite__ndre__winter_baseline_max,0.6148553201184781,0.07336769000589707,lower=damaged
Kramatorsk,s2__composite__ndvi__winter_baseline_mean,0.785397838029417,8.616378554457214e-06,lower=damaged
Kramatorsk,s2__composite__ndvi__winter_baseline_std,0.5140781246044404,0.8263102403605632,higher=damaged
Kramatorsk,s2__composite__ndvi__winter_baseline_max,0.6408344092554619,0.028124423787049182,lower=damaged
Kramatorsk,s2__composite__ndwi__winter_baseline_mean,0.7986481354902407,3.2266687579478244e-06,higher=damaged
Kramatorsk,s2__composite__ndwi__winter_baseline_std,0.7839447102604997,9.572419100760443e-06,higher=damaged
Kramatorsk,s2__composite__ndwi__winter_baseline_max,0.8619072934862408,1.6804965915363164e-08,higher=damaged
Kramatorsk,s1__coh__date_first_drop_max,0.5,1.0,higher=damaged
Kramatorsk,s1__coh__date_first_drop_mean,0.5,1.0,higher=damaged
Kramatorsk,s1__coh__date_first_drop_std,0.5,1.0,higher=damaged
Kramatorsk,s1__coh__date_worst_drop_max,0.5,1.0,higher=damaged
Kramatorsk,s1__coh__date_worst_drop_mean,0.5,1.0,higher=damaged
Kramatorsk,s1__coh__date_worst_drop_std,0.5,1.0,higher=damaged
Kramatorsk,s1__coh__drop_count_max,0.5,1.0,higher=damaged
Kramatorsk,s1__coh__drop_count_mean,0.5,1.0,higher=damaged
Kramatorsk,s1__coh__drop_count_std,0.5,1.0,higher=damaged
Kramatorsk,s1__coh__lu_transition_mode,0.5,1.0,higher=damaged
Kramatorsk,s1__coh__max_drop_max,0.5,1.0,higher=damaged
Kramatorsk,s1__coh__max_drop_mean,0.5,1.0,higher=damaged
Kramatorsk,s1__coh__max_drop_std,0.5,1.0,higher=damaged
Kramatorsk,s1__coh__running_min_max,0.5,1.0,higher=damaged
Kramatorsk,s1__coh__running_min_mean,0.5,1.0,higher=damaged
Kramatorsk,s1__coh__running_min_std,0.5,1.0,higher=damaged
Lysychansk,s2__composite__b02__post_winter_baseline_mean,0.6046682714471793,9.332871371052394e-34,higher=damaged
Lysychansk,s2__composite__b02__post_winter_baseline_std,0.6696570442268874,8.679527908351664e-86,higher=damaged
Lysychansk,s2__composite__b02__post_winter_baseline_max,0.6601522249206624,1.1454913494136758e-76,higher=damaged
Lysychansk,s2__composite__b03__post_winter_baseline_mean,0.5573124674545153,3.332705618104651e-11,higher=damaged
Lysychansk,s2__composite__b03__post_winter_baseline_std,0.6752281492757811,2.1843982825115032e-91,higher=damaged
Lysychansk,s2__composite__b03__post_winter_baseline_max,0.6429264411399207,1.9686531822118248e-61,higher=damaged
Lysychansk,s2__composite__b04__post_winter_baseline_mean,0.5669009492321195,9.906077368699878e-15,higher=damaged
Lysychansk,s2__composite__b04__post_winter_baseline_std,0.6797590428672313,4.4966465779152306e-96,higher=damaged
Lysychansk,s2__composite__b04__post_winter_baseline_max,0.6457174939851832,8.910612624158382e-64,higher=damaged
Lysychansk,s2__composite__b05__post_winter_baseline_mean,0.5108236522503431,0.21046126568732837,higher=damaged
Lysychansk,s2__composite__b05__post_winter_baseline_std,0.6916870097903867,5.572077168147764e-109,higher=damaged
Lysychansk,s2__composite__b05__post_winter_baseline_max,0.6114567155622725,4.762296855527954e-38,higher=damaged
Lysychansk,s2__composite__b07__post_winter_baseline_mean,0.6298881466277941,4.8065542178151154e-51,lower=damaged
Lysychansk,s2__composite__b07__post_winter_baseline_std,0.7049268521837909,2.837479856311167e-124,higher=damaged
Lysychansk,s2__composite__b07__post_winter_baseline_max,0.5003894111947459,0.9640645496418723,lower=damaged
Lysychansk,s2__composite__b08__post_winter_baseline_mean,0.6243267060169408,6.453812025251471e-47,lower=damaged
Lysychansk,s2__composite__b08__post_winter_baseline_std,0.6838672008071407,1.9987753634726337e-100,higher=damaged
Lysychansk,s2__composite__b08__post_winter_baseline_max,0.5456215269217723,1.2990534022853686e-07,higher=damaged
Lysychansk,s2__composite__b11__post_winter_baseline_mean,0.5331791216161594,0.00012362108273484117,lower=damaged
Lysychansk,s2__composite__b11__post_winter_baseline_std,0.7162458788774296,3.731855283888553e-138,higher=damaged
Lysychansk,s2__composite__b11__post_winter_baseline_max,0.5849316574483594,8.64776550119575e-23,higher=damaged
Lysychansk,s2__composite__b12__post_winter_baseline_mean,0.5197100742309475,0.02258045292816291,higher=damaged
Lysychansk,s2__composite__b12__post_winter_baseline_std,0.6995432648784715,6.224786822745091e-118,higher=damaged
Lysychansk,s2__composite__b12__post_winter_baseline_max,0.6111237589692378,7.843845352889841e-38,higher=damaged
Lysychansk,s2__composite__b8a__post_winter_baseline_mean,0.6386509582572533,6.507728143767447e-58,lower=damaged
Lysychansk,s2__composite__b8a__post_winter_baseline_std,0.7002860558469977,8.495948032824292e-119,higher=damaged
Lysychansk,s2__composite__b8a__post_winter_baseline_max,0.5149600547696029,0.08347108190310194,lower=damaged
Lysychansk,s2__composite__cire__post_winter_baseline_mean,0.6669975843973257,3.530885537049851e-83,lower=damaged
Lysychansk,s2__composite__cire__post_winter_baseline_std,0.657334620788531,4.827582459157443e-74,higher=damaged
Lysychansk,s2__composite__cire__post_winter_baseline_max,0.5871364970441448,6.655461821050437e-24,lower=damaged
Lysychansk,s2__composite__mndwi__post_winter_baseline_mean,0.6198384442314351,1.027406087541239e-43,higher=damaged
Lysychansk,s2__composite__mndwi__post_winter_baseline_std,0.6661727551359231,2.232804806207663e-82,higher=damaged
Lysychansk,s2__composite__mndwi__post_winter_baseline_max,0.666539923148481,9.835399617112454e-83,higher=damaged
Lysychansk,s2__composite__ndbi__post_winter_baseline_mean,0.6602822859098323,8.999908903432412e-77,higher=damaged
Lysychansk,s2__composite__ndbi__post_winter_baseline_std,0.6859978926226333,1.0115396994173007e-102,higher=damaged
Lysychansk,s2__composite__ndbi__post_winter_baseline_max,0.7061295045294882,1.0312761026338751e-125,higher=damaged
Lysychansk,s2__composite__ndre__post_winter_baseline_mean,0.6654060968067061,1.2296811877887844e-81,lower=damaged
Lysychansk,s2__composite__ndre__post_winter_baseline_std,0.6747070413943663,7.424978175490798e-91,higher=damaged
Lysychansk,s2__composite__ndre__post_winter_baseline_max,0.586219343026016,1.9492094786781967e-23,lower=damaged
Lysychansk,s2__composite__ndvi__post_winter_baseline_mean,0.6772112021134871,2.0084063210135866e-93,lower=damaged
Lysychansk,s2__composite__ndvi__post_winter_baseline_std,0.6383663584114098,1.1053212865592596e-57,higher=damaged
Lysychansk,s2__composite__ndvi__post_winter_baseline_max,0.5482014135237028,2.4482152610150746e-08,lower=damaged
Lysychansk,s2__composite__ndwi__post_winter_baseline_mean,0.6784238759861154,1.1124159427082238e-94,higher=damaged
Lysychansk,s2__composite__ndwi__post_winter_baseline_std,0.6570803965363852,8.25616052516963e-74,higher=damaged
Lysychansk,s2__composite__ndwi__post_winter_baseline_max,0.7096811682308196,5.165165178972018e-130,higher=damaged
Lysychansk,s2__composite__b02__prebattle_baseline_mean,0.6628932162072558,3.1224173173690496e-79,higher=damaged
Lysychansk,s2__composite__b02__prebattle_baseline_std,0.6514364107968106,9.86666298267587e-69,higher=damaged
Lysychansk,s2__composite__b02__prebattle_baseline_max,0.6925490338913988,5.913789867092627e-110,higher=damaged
Lysychansk,s2__composite__b03__prebattle_baseline_mean,0.6376723388739476,4.0044179105564237e-57,higher=damaged
Lysychansk,s2__composite__b03__prebattle_baseline_std,0.6622828591411727,1.1805699645775415e-78,higher=damaged
Lysychansk,s2__composite__b03__prebattle_baseline_max,0.6849577157221791,1.3006764703360462e-101,higher=damaged
Lysychansk,s2__composite__b04__prebattle_baseline_mean,0.6462660055592059,3.039005454687679e-64,higher=damaged
Lysychansk,s2__composite__b04__prebattle_baseline_std,0.6632504778828472,1.4283751987536733e-79,higher=damaged
Lysychansk,s2__composite__b04__prebattle_baseline_max,0.695588920098458,2.0484550194845512e-113,higher=damaged
Lysychansk,s2__composite__b05__prebattle_baseline_mean,0.607259043500776,2.3072374491202443e-35,higher=damaged
Lysychansk,s2__composite__b05__prebattle_baseline_std,0.688389075024353,2.4955387676906023e-105,higher=damaged
Lysychansk,s2__composite__b05__prebattle_baseline_max,0.6892673639483838,2.6895400912484726e-106,higher=damaged
Lysychansk,s2__composite__b07__prebattle_baseline_mean,0.514983565041403,0.08298888623339884,higher=damaged
Lysychansk,s2__composite__b07__prebattle_baseline_std,0.6916369482317176,6.337412908338908e-109,higher=damaged
Lysychansk,s2__composite__b07__prebattle_baseline_max,0.6136590670548201,1.693152991327296e-39,higher=damaged
Lysychansk,s2__composite__b08__prebattle_baseline_mean,0.5084381717518774,0.3289171256482326,higher=damaged
Lysychansk,s2__composite__b08__prebattle_baseline_std,0.6736078296369911,9.691137822278328e-90,higher=damaged
Lysychansk,s2__composite__b08__prebattle_baseline_max,0.6420987321293999,9.589473824054361e-61,higher=damaged
Lysychansk,s2__composite__b11__prebattle_baseline_mean,0.5658430791530837,2.5751602428709235e-14,higher=damaged
Lysychansk,s2__composite__b11__prebattle_baseline_std,0.711445406211536,3.546178966283172e-132,higher=damaged
Lysychansk,s2__composite__b11__prebattle_baseline_max,0.6662097426335959,2.051244095552306e-82,higher=damaged
Lysychansk,s2__composite__b12__prebattle_baseline_mean,0.5943240859060033,9.955254107759153e-28,higher=damaged
Lysychansk,s2__composite__b12__prebattle_baseline_std,0.7117943166146848,1.3176015479068663e-132,higher=damaged
Lysychansk,s2__composite__b12__prebattle_baseline_max,0.6735512598453152,1.105611079411964e-89,higher=damaged
Lysychansk,s2__composite__b8a__prebattle_baseline_mean,0.5022201828990868,0.7972757225154756,higher=damaged
Lysychansk,s2__composite__b8a__prebattle_baseline_std,0.699645691795104,4.732035001705157e-118,higher=damaged
Lysychansk,s2__composite__b8a__prebattle_baseline_max,0.6065699425748077,6.22565849274248e-35,higher=damaged
Lysychansk,s2__composite__cire__prebattle_baseline_mean,0.5981805307349979,6.651517441822838e-30,lower=damaged
Lysychansk,s2__composite__cire__prebattle_baseline_std,0.6385188008107253,8.323740579622225e-58,higher=damaged
Lysychansk,s2__composite__cire__prebattle_baseline_max,0.5123419596563735,0.15330145666251419,lower=damaged
Lysychansk,s2__composite__mndwi__prebattle_baseline_mean,0.5924820486231125,1.0156307025931756e-26,higher=damaged
Lysychansk,s2__composite__mndwi__prebattle_baseline_std,0.6436223152358149,5.237351725750095e-62,higher=damaged
Lysychansk,s2__composite__mndwi__prebattle_baseline_max,0.6417965197379502,1.7355477919623219e-60,higher=damaged
Lysychansk,s2__composite__ndbi__prebattle_baseline_mean,0.5807041972619853,9.858562307470385e-21,higher=damaged
Lysychansk,s2__composite__ndbi__prebattle_baseline_std,0.6584522629402622,4.515841758100146e-75,higher=damaged
Lysychansk,s2__composite__ndbi__prebattle_baseline_max,0.6745298677096243,1.1245969650409103e-90,higher=damaged
Lysychansk,s2__composite__ndre__prebattle_baseline_mean,0.5949884901035348,4.260187593663574e-28,lower=damaged
Lysychansk,s2__composite__ndre__prebattle_baseline_std,0.6635768801668891,6.980471573062025e-80,higher=damaged
Lysychansk,s2__composite__ndre__prebattle_baseline_max,0.5108195860445883,0.21063268132398183,lower=damaged
Lysychansk,s2__composite__ndvi__prebattle_baseline_mean,0.6088057337141146,2.429474180126947e-36,lower=damaged
Lysychansk,s2__composite__ndvi__prebattle_baseline_std,0.6389125892241309,3.9950622763590504e-58,higher=damaged
Lysychansk,s2__composite__ndvi__prebattle_baseline_max,0.520409910861628,0.018204572235824383,higher=damaged
Lysychansk,s2__composite__ndwi__prebattle_baseline_mean,0.6218195042827515,4.102694991245306e-45,higher=damaged
Lysychansk,s2__composite__ndwi__prebattle_baseline_std,0.6449398810903209,4.0665677675746607e-63,higher=damaged
Lysychansk,s2__composite__ndwi__prebattle_baseline_max,0.6708758346866426,5.35732880692364e-87,higher=damaged
Lysychansk,s2__composite__b02__winter_baseline_mean,0.6185087949496295,8.665078990989387e-43,higher=damaged
Lysychansk,s2__composite__b02__winter_baseline_std,0.6540228977837197,4.900663778696656e-71,higher=damaged
Lysychansk,s2__composite__b02__winter_baseline_max,0.6538433166287152,6.841569654886063e-71,higher=damaged
Lysychansk,s2__composite__b03__winter_baseline_mean,0.6055977968675195,2.5008534280118157e-34,higher=damaged
Lysychansk,s2__composite__b03__winter_baseline_std,0.6660824462035795,2.7246371721122346e-82,higher=damaged
Lysychansk,s2__composite__b03__winter_baseline_max,0.6595005952902188,4.75823301570293e-76,higher=damaged
Lysychansk,s2__composite__b04__winter_baseline_mean,0.6018307394511507,4.8381077306049693e-32,higher=damaged
Lysychansk,s2__composite__b04__winter_baseline_std,0.6734303679773372,1.4613330539377414e-89,higher=damaged
Lysychansk,s2__composite__b04__winter_baseline_max,0.6719380935033342,4.5171252008673646e-88,higher=damaged
Lysychansk,s2__composite__b05__winter_baseline_mean,0.568914907537361,1.5427802371263313e-15,higher=damaged
Lysychansk,s2__composite__b05__winter_baseline_std,0.6957609563107733,1.4080591281218558e-113,higher=damaged
Lysychansk,s2__composite__b05__winter_baseline_max,0.6681747336848332,2.5000954573085726e-84,higher=damaged
Lysychansk,s2__composite__b07__winter_baseline_mean,0.5071790993614582,0.40618700096825855,lower=damaged
Lysychansk,s2__composite__b07__winter_baseline_std,0.699886530973349,2.48210530822067e-118,higher=damaged
Lysychansk,s2__composite__b07__winter_baseline_max,0.6148378059638406,2.7627337272965846e-40,higher=damaged
Lysychansk,s2__composite__b08__winter_baseline_mean,0.5244186828999737,0.0047239047133384275,lower=damaged
Lysychansk,s2__composite__b08__winter_baseline_std,0.6792971771846739,1.3679208584312851e-95,higher=damaged
Lysychansk,s2__composite__b08__winter_baseline_max,0.6344558779699631,1.3971631011981212e-54,higher=damaged
Lysychansk,s2__composite__b11__winter_baseline_mean,0.5549258696133919,2.085130545444872e-10,higher=damaged
Lysychansk,s2__composite__b11__winter_baseline_std,0.7224833233152622,4.009393892210331e-146,higher=damaged
Lysychansk,s2__composite__b11__winter_baseline_max,0.655876258240143,1.036399552992312e-72,higher=damaged
Lysychansk,s2__composite__b12__winter_baseline_mean,0.574201804386291,9.07045668060027e-18,higher=damaged
Lysychansk,s2__composite__b12__winter_baseline_std,0.7218246901349632,2.862874712389184e-145,higher=damaged
Lysychansk,s2__composite__b12__winter_baseline_max,0.6614286564387654,7.570307868654935e-78,higher=damaged
Lysychansk,s2__composite__b8a__winter_baseline_mean,0.516890028071564,0.05067857322724428,lower=damaged
Lysychansk,s2__composite__b8a__winter_baseline_std,0.6979993277052898,3.803968806793848e-116,higher=damaged
Lysychansk,s2__composite__b8a__winter_baseline_max,0.6039514788536912,2.55416732447871e-33,higher=damaged
Lysychansk,s2__composite__cire__winter_baseline_mean,0.6281788657792478,9.327713101928239e-50,lower=damaged
Lysychansk,s2__composite__cire__winter_baseline_std,0.6625547535339071,6.540107179643503e-79,higher=damaged
Lysychansk,s2__composite__cire__winter_baseline_max,0.5363479399507343,2.605460184061005e-05,lower=damaged
Lysychansk,s2__composite__mndwi__winter_baseline_mean,0.5632295110054681,2.561007763861737e-13,higher=damaged
Lysychansk,s2__composite__mndwi__winter_baseline_std,0.6475051155287384,2.6407723479765407e-65,higher=damaged
Lysychansk,s2__composite__mndwi__winter_baseline_max,0.6168496332547346,1.1979944157329214e-41,higher=damaged
Lysychansk,s2__composite__ndbi__winter_baseline_mean,0.6067744738761716,4.640014679422706e-35,higher=damaged
Lysychansk,s2__composite__ndbi__winter_baseline_std,0.6641141261623619,2.1414857506430085e-80,higher=damaged
Lysychansk,s2__composite__ndbi__winter_baseline_max,0.6977369480036415,7.632065723944927e-116,higher=damaged
Lysychansk,s2__composite__ndre__winter_baseline_mean,0.6120912510019512,1.8344106006928907e-38,lower=damaged
Lysychansk,s2__composite__ndre__winter_baseline_std,0.6687710951702023,6.491126090897958e-85,higher=damaged
Lysychansk,s2__composite__ndre__winter_baseline_max,0.5199549680959507,0.020955029658165307,lower=damaged
Lysychansk,s2__composite__ndvi__winter_baseline_mean,0.6334172676530291,9.30015744522172e-54,lower=damaged
Lysychansk,s2__composite__ndvi__winter_baseline_std,0.6174263894081077,4.83126180407114e-42,higher=damaged
Lysychansk,s2__composite__ndvi__winter_baseline_max,0.5003654632010798,0.9662732119984881,higher=damaged
Lysychansk,s2__composite__ndwi__winter_baseline_mean,0.6256098531099873,7.47681154090036e-48,higher=damaged
Lysychansk,s2__composite__ndwi__winter_baseline_std,0.6465740120058816,1.661159061824298e-64,higher=damaged
Lysychansk,s2__composite__ndwi__winter_baseline_max,0.6628810406279844,3.20666265654235e-79,higher=damaged
Lysychansk,s1__coh__date_first_drop_max,0.5007479169219564,0.18757264211200697,higher=damaged
Lysychansk,s1__coh__date_first_drop_mean,0.5007476980610234,0.1877018040074746,higher=damaged
Lysychansk,s1__coh__date_first_drop_std,0.5007456016036655,0.18894233968497376,lower=damaged
Lysychansk,s1__coh__date_worst_drop_max,0.5003754501710215,0.7813097892622086,higher=damaged
Lysychansk,s1__coh__date_worst_drop_mean,0.5003656820620128,0.7868605565771225,higher=damaged
Lysychansk,s1__coh__date_worst_drop_std,0.5003514445823728,0.7949703103033554,lower=damaged
Lysychansk,s1__coh__drop_count_max,0.5001727158331072,0.5429914022534581,higher=damaged
Lysychansk,s1__coh__drop_count_mean,0.5002074340884749,0.70976490127108,higher=damaged
Lysychansk,s1__coh__drop_count_std,0.5003927862607123,0.45943223332817795,higher=damaged
Lysychansk,s1__coh__lu_transition_mode,0.5001891534410733,0.8057809795540305,lower=damaged
Lysychansk,s1__coh__max_drop_max,0.5036248323669241,0.21763484389853094,lower=damaged
Lysychansk,s1__coh__max_drop_mean,0.5037679443790972,0.2000126096237257,lower=damaged
Lysychansk,s1__coh__max_drop_std,0.5040237582527562,0.17114912550808625,lower=damaged
Lysychansk,s1__coh__running_min_max,0.5000393143349603,0.9768152418451188,higher=damaged
Lysychansk,s1__coh__running_min_mean,0.501134148873676,0.40168213907130845,lower=damaged
Lysychansk,s1__coh__running_min_std,0.5008590752379151,0.5246402511642846,lower=damaged
Makariv,s2__composite__b02__post_winter_baseline_mean,0.5,1.0,higher=damaged
Makariv,s2__composite__b02__post_winter_baseline_std,0.5,1.0,higher=damaged
Makariv,s2__composite__b02__post_winter_baseline_max,0.5,1.0,higher=damaged
Makariv,s2__composite__b03__post_winter_baseline_mean,0.5,1.0,higher=damaged
Makariv,s2__composite__b03__post_winter_baseline_std,0.5,1.0,higher=damaged
Makariv,s2__composite__b03__post_winter_baseline_max,0.5,1.0,higher=damaged
Makariv,s2__composite__b04__post_winter_baseline_mean,0.5,1.0,higher=damaged
Makariv,s2__composite__b04__post_winter_baseline_std,0.5,1.0,higher=damaged
Makariv,s2__composite__b04__post_winter_baseline_max,0.5,1.0,higher=damaged
Makariv,s2__composite__b05__post_winter_baseline_mean,0.5,1.0,higher=damaged
Makariv,s2__composite__b05__post_winter_baseline_std,0.5,1.0,higher=damaged
Makariv,s2__composite__b05__post_winter_baseline_max,0.5,1.0,higher=damaged
Makariv,s2__composite__b07__post_winter_baseline_mean,0.5,1.0,higher=damaged
Makariv,s2__composite__b07__post_winter_baseline_std,0.5,1.0,higher=damaged
Makariv,s2__composite__b07__post_winter_baseline_max,0.5,1.0,higher=damaged
Makariv,s2__composite__b08__post_winter_baseline_mean,0.5,1.0,higher=damaged
Makariv,s2__composite__b08__post_winter_baseline_std,0.5,1.0,higher=damaged
Makariv,s2__composite__b08__post_winter_baseline_max,0.5,1.0,higher=damaged
Makariv,s2__composite__b11__post_winter_baseline_mean,0.5,1.0,higher=damaged
Makariv,s2__composite__b11__post_winter_baseline_std,0.5,1.0,higher=damaged
Makariv,s2__composite__b11__post_winter_baseline_max,0.5,1.0,higher=damaged
Makariv,s2__composite__b12__post_winter_baseline_mean,0.5,1.0,higher=damaged
Makariv,s2__composite__b12__post_winter_baseline_std,0.5,1.0,higher=damaged
Makariv,s2__composite__b12__post_winter_baseline_max,0.5,1.0,higher=damaged
Makariv,s2__composite__b8a__post_winter_baseline_mean,0.5,1.0,higher=damaged
Makariv,s2__composite__b8a__post_winter_baseline_std,0.5,1.0,higher=damaged
Makariv,s2__composite__b8a__post_winter_baseline_max,0.5,1.0,higher=damaged
Makariv,s2__composite__cire__post_winter_baseline_mean,0.5,1.0,higher=damaged
Makariv,s2__composite__cire__post_winter_baseline_std,0.5,1.0,higher=damaged
Makariv,s2__composite__cire__post_winter_baseline_max,0.5,1.0,higher=damaged
Makariv,s2__composite__mndwi__post_winter_baseline_mean,0.5,1.0,higher=damaged
Makariv,s2__composite__mndwi__post_winter_baseline_std,0.5,1.0,higher=damaged
Makariv,s2__composite__mndwi__post_winter_baseline_max,0.5,1.0,higher=damaged
Makariv,s2__composite__ndbi__post_winter_baseline_mean,0.5,1.0,higher=damaged
Makariv,s2__composite__ndbi__post_winter_baseline_std,0.5,1.0,higher=damaged
Makariv,s2__composite__ndbi__post_winter_baseline_max,0.5,1.0,higher=damaged
Makariv,s2__composite__ndre__post_winter_baseline_mean,0.5,1.0,higher=damaged
Makariv,s2__composite__ndre__post_winter_baseline_std,0.5,1.0,higher=damaged
Makariv,s2__composite__ndre__post_winter_baseline_max,0.5,1.0,higher=damaged
Makariv,s2__composite__ndvi__post_winter_baseline_mean,0.5,1.0,higher=damaged
Makariv,s2__composite__ndvi__post_winter_baseline_std,0.5,1.0,higher=damaged
Makariv,s2__composite__ndvi__post_winter_baseline_max,0.5,1.0,higher=damaged
Makariv,s2__composite__ndwi__post_winter_baseline_mean,0.5,1.0,higher=damaged
Makariv,s2__composite__ndwi__post_winter_baseline_std,0.5,1.0,higher=damaged
Makariv,s2__composite__ndwi__post_winter_baseline_max,0.5,1.0,higher=damaged
Makariv,s2__composite__b02__prebattle_baseline_mean,0.6302524755361805,0.0008153637960007735,higher=damaged
Makariv,s2__composite__b02__prebattle_baseline_std,0.6394480591864944,0.00033855606113965524,higher=damaged
Makariv,s2__composite__b02__prebattle_baseline_max,0.6732257942809712,8.508722106222804e-06,higher=damaged
Makariv,s2__composite__b03__prebattle_baseline_mean,0.6360044314412818,0.00047343210878621666,higher=damaged
Makariv,s2__composite__b03__prebattle_baseline_std,0.6608335362695633,3.573141841811384e-05,higher=damaged
Makariv,s2__composite__b03__prebattle_baseline_max,0.6846782574694823,2.071687904200278e-06,higher=damaged
Makariv,s2__composite__b04__prebattle_baseline_mean,0.6537576358329361,7.762290750674098e-05,higher=damaged
Makariv,s2__composite__b04__prebattle_baseline_std,0.6711901438160472,1.0834535488363663e-05,higher=damaged
Makariv,s2__composite__b04__prebattle_baseline_max,0.7129012563753417,4.45861645023355e-08,higher=damaged
Makariv,s2__composite__b05__prebattle_baseline_mean,0.6257661557246882,0.0012283045389444465,higher=damaged
Makariv,s2__composite__b05__prebattle_baseline_std,0.6264658569796915,0.0011532087243213934,higher=damaged
Makariv,s2__composite__b05__prebattle_baseline_max,0.6420565043062496,0.0002613262623244797,higher=damaged
Makariv,s2__composite__b07__prebattle_baseline_mean,0.5234039780074291,0.5475384602865321,higher=damaged
Makariv,s2__composite__b07__prebattle_baseline_std,0.6082804841658292,0.0053886706986856076,higher=damaged
Makariv,s2__composite__b07__prebattle_baseline_max,0.5344534269926908,0.3759244837337802,higher=damaged
Makariv,s2__composite__b08__prebattle_baseline_mean,0.5476808676295561,0.22043057650733178,higher=damaged
Makariv,s2__composite__b08__prebattle_baseline_std,0.6595164515542629,4.138141937382011e-05,higher=damaged
Makariv,s2__composite__b08__prebattle_baseline_max,0.6483915445905203,0.00013681794899687635,higher=damaged
Makariv,s2__composite__b11__prebattle_baseline_mean,0.5471732412288673,0.22538314836155326,higher=damaged
Makariv,s2__composite__b11__prebattle_baseline_std,0.6188720404180372,0.0022502932765621807,higher=damaged
Makariv,s2__composite__b11__prebattle_baseline_max,0.5722150003601403,0.06346403211559663,higher=damaged
Makariv,s2__composite__b12__prebattle_baseline_mean,0.6319399903276591,0.0006966452020756505,higher=damaged
Makariv,s2__composite__b12__prebattle_baseline_std,0.6223842663255051,0.0016591207455518872,higher=damaged
Makariv,s2__composite__b12__prebattle_baseline_max,0.6565392913123858,5.743381371218183e-05,higher=damaged
Makariv,s2__composite__b8a__prebattle_baseline_mean,0.5026667535576722,0.9453930681318157,lower=damaged
Makariv,s2__composite__b8a__prebattle_baseline_std,0.6059721560059406,0.006459294649751893,higher=damaged
Makariv,s2__composite__b8a__prebattle_baseline_max,0.5304850233062256,0.43336874176583495,higher=damaged
Makariv,s2__composite__cire__prebattle_baseline_mean,0.6588647690128382,4.448105889259971e-05,lower=damaged
Makariv,s2__composite__cire__prebattle_baseline_std,0.5851045950478987,0.028728135137667452,higher=damaged
Makariv,s2__composite__cire__prebattle_baseline_max,0.5937856924812985,0.015939112051570024,lower=damaged
Makariv,s2__composite__mndwi__prebattle_baseline_mean,0.6208219431801423,0.0019010600841608317,higher=damaged
Makariv,s2__composite__mndwi__prebattle_baseline_std,0.6753660569433345,6.575897728099885e-06,higher=damaged
Makariv,s2__composite__mndwi__prebattle_baseline_max,0.674769252931714,7.067853394368902e-06,higher=damaged
Makariv,s2__composite__ndbi__prebattle_baseline_mean,0.522340706492473,0.5658825212142946,lower=damaged
Makariv,s2__composite__ndbi__prebattle_baseline_std,0.6845479209611974,2.106254594060869e-06,higher=damaged
Makariv,s2__composite__ndbi__prebattle_baseline_max,0.5759913291922909,0.05082190295715227,higher=damaged
Makariv,s2__composite__ndre__prebattle_baseline_mean,0.6698027459844351,1.2770995700807439e-05,lower=damaged
Makariv,s2__composite__ndre__prebattle_baseline_std,0.5474853628671288,0.22232866329058898,higher=damaged
Makariv,s2__composite__ndre__prebattle_baseline_max,0.623279472342936,0.001533251246787364,lower=damaged
Makariv,s2__composite__ndvi__prebattle_baseline_mean,0.6514904665704006,9.886710826849275e-05,lower=damaged
Makariv,s2__composite__ndvi__prebattle_baseline_std,0.5667717361851876,0.08615632687625999,higher=damaged
Makariv,s2__composite__ndvi__prebattle_baseline_max,0.5987590592448029,0.011144804263798479,lower=damaged
Makariv,s2__composite__ndwi__prebattle_baseline_mean,0.6147218516015955,0.0031944503229606,higher=damaged
Makariv,s2__composite__ndwi__prebattle_baseline_std,0.5884830545389689,0.022964443507169235,higher=damaged
Makariv,s2__composite__ndwi__prebattle_baseline_max,0.6635260141380813,2.6377734396534693e-05,higher=damaged
Makariv,s2__composite__b02__winter_baseline_mean,0.6302524755361805,0.0008153637960007735,higher=damaged
Makariv,s2__composite__b02__winter_baseline_std,0.6394480591864944,0.00033855606113965524,higher=damaged
Makariv,s2__composite__b02__winter_baseline_max,0.6732257942809712,8.508722106222804e-06,higher=damaged
Makariv,s2__composite__b03__winter_baseline_mean,0.6360044314412818,0.00047343210878621666,higher=damaged
Makariv,s2__composite__b03__winter_baseline_std,0.6608335362695633,3.573141841811384e-05,higher=damaged
Makariv,s2__composite__b03__winter_baseline_max,0.6846782574694823,2.071687904200278e-06,higher=damaged
Makariv,s2__composite__b04__winter_baseline_mean,0.6537576358329361,7.762290750674098e-05,higher=damaged
Makariv,s2__composite__b04__winter_baseline_std,0.6711901438160472,1.0834535488363663e-05,higher=damaged
Makariv,s2__composite__b04__winter_baseline_max,0.7129012563753417,4.45861645023355e-08,higher=damaged
Makariv,s2__composite__b05__winter_baseline_mean,0.6257661557246882,0.0012283045389444465,higher=damaged
Makariv,s2__composite__b05__winter_baseline_std,0.6264658569796915,0.0011532087243213934,higher=damaged
Makariv,s2__composite__b05__winter_baseline_max,0.6420565043062496,0.0002613262623244797,higher=damaged
Makariv,s2__composite__b07__winter_baseline_mean,0.5234039780074291,0.5475384602865321,higher=damaged
Makariv,s2__composite__b07__winter_baseline_std,0.6082804841658292,0.0053886706986856076,higher=damaged
Makariv,s2__composite__b07__winter_baseline_max,0.5344534269926908,0.3759244837337802,higher=damaged
Makariv,s2__composite__b08__winter_baseline_mean,0.5476808676295561,0.22043057650733178,higher=damaged
Makariv,s2__composite__b08__winter_baseline_std,0.6595164515542629,4.138141937382011e-05,higher=damaged
Makariv,s2__composite__b08__winter_baseline_max,0.6483915445905203,0.00013681794899687635,higher=damaged
Makariv,s2__composite__b11__winter_baseline_mean,0.5471732412288673,0.22538314836155326,higher=damaged
Makariv,s2__composite__b11__winter_baseline_std,0.6188720404180372,0.0022502932765621807,higher=damaged
Makariv,s2__composite__b11__winter_baseline_max,0.5722150003601403,0.06346403211559663,higher=damaged
Makariv,s2__composite__b12__winter_baseline_mean,0.6319399903276591,0.0006966452020756505,higher=damaged
Makariv,s2__composite__b12__winter_baseline_std,0.6223842663255051,0.0016591207455518872,higher=damaged
Makariv,s2__composite__b12__winter_baseline_max,0.6565392913123858,5.743381371218183e-05,higher=damaged
Makariv,s2__composite__b8a__winter_baseline_mean,0.5026667535576722,0.9453930681318157,lower=damaged
Makariv,s2__composite__b8a__winter_baseline_std,0.6059721560059406,0.006459294649751893,higher=damaged
Makariv,s2__composite__b8a__winter_baseline_max,0.5304850233062256,0.43336874176583495,higher=damaged
Makariv,s2__composite__cire__winter_baseline_mean,0.6588647690128382,4.448105889259971e-05,lower=damaged
Makariv,s2__composite__cire__winter_baseline_std,0.5851045950478987,0.028728135137667452,higher=damaged
Makariv,s2__composite__cire__winter_baseline_max,0.5937856924812985,0.015939112051570024,lower=damaged
Makariv,s2__composite__mndwi__winter_baseline_mean,0.6208219431801423,0.0019010600841608317,higher=damaged
Makariv,s2__composite__mndwi__winter_baseline_std,0.6753660569433345,6.575897728099885e-06,higher=damaged
Makariv,s2__composite__mndwi__winter_baseline_max,0.674769252931714,7.067853394368902e-06,higher=damaged
Makariv,s2__composite__ndbi__winter_baseline_mean,0.522340706492473,0.5658825212142946,lower=damaged
Makariv,s2__composite__ndbi__winter_baseline_std,0.6845479209611974,2.106254594060869e-06,higher=damaged
Makariv,s2__composite__ndbi__winter_baseline_max,0.5759913291922909,0.05082190295715227,higher=damaged
Makariv,s2__composite__ndre__winter_baseline_mean,0.6698027459844351,1.2770995700807439e-05,lower=damaged
Makariv,s2__composite__ndre__winter_baseline_std,0.5474853628671288,0.22232866329058898,higher=damaged
Makariv,s2__composite__ndre__winter_baseline_max,0.623279472342936,0.001533251246787364,lower=damaged
Makariv,s2__composite__ndvi__winter_baseline_mean,0.6514904665704006,9.886710826849275e-05,lower=damaged
Makariv,s2__composite__ndvi__winter_baseline_std,0.5667717361851876,0.08615632687625999,higher=damaged
Makariv,s2__composite__ndvi__winter_baseline_max,0.5987590592448029,0.011144804263798479,lower=damaged
Makariv,s2__composite__ndwi__winter_baseline_mean,0.6147218516015955,0.0031944503229606,higher=damaged
Makariv,s2__composite__ndwi__winter_baseline_std,0.5884830545389689,0.022964443507169235,higher=damaged
Makariv,s2__composite__ndwi__winter_baseline_max,0.6635260141380813,2.6377734396534693e-05,higher=damaged
Makariv,s1__coh__date_first_drop_max,0.5,1.0,higher=damaged
Makariv,s1__coh__date_first_drop_mean,0.5,1.0,higher=damaged
Makariv,s1__coh__date_first_drop_std,0.5,1.0,higher=damaged
Makariv,s1__coh__date_worst_drop_max,0.5,1.0,higher=damaged
Makariv,s1__coh__date_worst_drop_mean,0.5,1.0,higher=damaged
Makariv,s1__coh__date_worst_drop_std,0.5,1.0,higher=damaged
Makariv,s1__coh__drop_count_max,0.5,1.0,higher=damaged
Makariv,s1__coh__drop_count_mean,0.5,1.0,higher=damaged
Makariv,s1__coh__drop_count_std,0.5,1.0,higher=damaged
Makariv,s1__coh__lu_transition_mode,0.5,1.0,higher=damaged
Makariv,s1__coh__max_drop_max,0.5,1.0,higher=damaged
Makariv,s1__coh__max_drop_mean,0.5,1.0,higher=damaged
Makariv,s1__coh__max_drop_std,0.5,1.0,higher=damaged
Makariv,s1__coh__running_min_max,0.5,1.0,higher=damaged
Makariv,s1__coh__running_min_mean,0.5,1.0,higher=damaged
Makariv,s1__coh__running_min_std,0.5,1.0,higher=damaged
Mariupol,s2__composite__b02__post_winter_baseline_mean,0.6203091166664497,1.6503601450103591e-109,higher=damaged
Mariupol,s2__composite__b02__post_winter_baseline_std,0.6914117405909032,4.5110670286408483e-274,higher=damaged
Mariupol,s2__composite__b02__post_winter_baseline_max,0.6912998302969621,7.403644359603114e-274,higher=damaged
Mariupol,s2__composite__b03__post_winter_baseline_mean,0.5952844164568374,2.1236692384543192e-69,higher=damaged
Mariupol,s2__composite__b03__post_winter_baseline_std,0.6871319390918026,4.765942493860891e-262,higher=damaged
Mariupol,s2__composite__b03__post_winter_baseline_max,0.6796886605357018,8.070647044604072e-242,higher=damaged
Mariupol,s2__composite__b04__post_winter_baseline_mean,0.5979541671713218,3.079843774639249e-73,higher=damaged
Mariupol,s2__composite__b04__post_winter_baseline_std,0.6904953353450497,1.7852880001110815e-271,higher=damaged
Mariupol,s2__composite__b04__post_winter_baseline_max,0.6797502358249592,5.60590162509263e-242,higher=damaged
Mariupol,s2__composite__b05__post_winter_baseline_mean,0.5547087257066192,4.9843802745737285e-24,higher=damaged
Mariupol,s2__composite__b05__post_winter_baseline_std,0.6613986336613182,1.7875151729103396e-195,higher=damaged
Mariupol,s2__composite__b05__post_winter_baseline_max,0.6323905028941207,3.4259675651073734e-132,higher=damaged
Mariupol,s2__composite__b07__post_winter_baseline_mean,0.5786290932159326,7.7625169064729e-48,lower=damaged
Mariupol,s2__composite__b07__post_winter_baseline_std,0.6539167781959697,5.853951082358516e-178,higher=damaged
Mariupol,s2__composite__b07__post_winter_baseline_max,0.5194918532564431,0.0003156772629063649,higher=damaged
Mariupol,s2__composite__b08__post_winter_baseline_mean,0.5920322485027372,7.224275179757406e-65,lower=damaged
Mariupol,s2__composite__b08__post_winter_baseline_std,0.6560666657489206,6.598093877763784e-183,higher=damaged
Mariupol,s2__composite__b08__post_winter_baseline_max,0.562545060595869,6.556521120597876e-31,higher=damaged
Mariupol,s2__composite__b11__post_winter_baseline_mean,0.5740902726198414,1.1372585710035295e-42,lower=damaged
Mariupol,s2__composite__b11__post_winter_baseline_std,0.6444342846866026,5.953207039534806e-157,higher=damaged
Mariupol,s2__composite__b11__post_winter_baseline_max,0.5054786409965509,0.3113265284621517,higher=damaged
Mariupol,s2__composite__b12__post_winter_baseline_mean,0.5275383435786212,3.5988353872240527e-07,lower=damaged
Mariupol,s2__composite__b12__post_winter_baseline_std,0.6532961881921695,1.524126889695011e-176,higher=damaged
Mariupol,s2__composite__b12__post_winter_baseline_max,0.548645084730907,2.4791016632957724e-19,higher=damaged
Mariupol,s2__composite__b8a__post_winter_baseline_mean,0.6041453790621788,1.5281599187907903e-82,lower=damaged
Mariupol,s2__composite__b8a__post_winter_baseline_std,0.6605931030876809,1.506090182170765e-193,higher=damaged
Mariupol,s2__composite__b8a__post_winter_baseline_max,0.5104122734309099,0.05433031399527568,lower=damaged
Mariupol,s2__composite__cire__post_winter_baseline_mean,0.6514080224563205,2.850113821894063e-172,lower=damaged
Mariupol,s2__composite__cire__post_winter_baseline_std,0.6434117092696605,9.132453433618202e-155,higher=damaged
Mariupol,s2__composite__cire__post_winter_baseline_max,0.5712711776749257,1.2923336018019656e-39,lower=damaged
Mariupol,s2__composite__mndwi__post_winter_baseline_mean,0.669850449908177,2.94309708024795e-216,higher=damaged
Mariupol,s2__composite__mndwi__post_winter_baseline_std,0.6823942412359564,4.697899375612573e-249,higher=damaged
Mariupol,s2__composite__mndwi__post_winter_baseline_max,0.7036699844871444,5.16672085051836e-310,higher=damaged
Mariupol,s2__composite__ndbi__post_winter_baseline_mean,0.574602564376204,3.0762069881477614e-43,higher=damaged
Mariupol,s2__composite__ndbi__post_winter_baseline_std,0.6588034729700835,2.6394659776166538e-189,higher=damaged
Mariupol,s2__composite__ndbi__post_winter_baseline_max,0.6560874729049152,5.904670467518495e-183,higher=damaged
Mariupol,s2__composite__ndre__post_winter_baseline_mean,0.6570201323600342,4.009316099699514e-185,lower=damaged
Mariupol,s2__composite__ndre__post_winter_baseline_std,0.6662240057368392,3.281284536331992e-207,higher=damaged
Mariupol,s2__composite__ndre__post_winter_baseline_max,0.5739580287774018,1.591528806035329e-42,lower=damaged
Mariupol,s2__composite__ndvi__post_winter_baseline_mean,0.6665222079606726,6.017865031384232e-208,lower=damaged
Mariupol,s2__composite__ndvi__post_winter_baseline_std,0.6225529111137239,1.4741663100650068e-113,higher=damaged
Mariupol,s2__composite__ndvi__post_winter_baseline_max,0.5359732299361868,2.975236588000667e-11,lower=damaged
Mariupol,s2__composite__ndwi__post_winter_baseline_mean,0.6666103305287772,3.6434692471376313e-208,higher=damaged
Mariupol,s2__composite__ndwi__post_winter_baseline_std,0.6290399950795339,1.1042887069654283e-125,higher=damaged
Mariupol,s2__composite__ndwi__post_winter_baseline_max,0.7043395644503395,0.0,higher=damaged
Mariupol,s2__composite__b02__prebattle_baseline_mean,0.541679669823587,1.3355476681531545e-14,higher=damaged
Mariupol,s2__composite__b02__prebattle_baseline_std,0.6608695951438941,3.29599805393099e-194,higher=damaged
Mariupol,s2__composite__b02__prebattle_baseline_max,0.6233976311289704,4.21498705579204e-115,higher=damaged
Mariupol,s2__composite__b03__prebattle_baseline_mean,0.5146210464351311,0.006893192077065692,higher=damaged
Mariupol,s2__composite__b03__prebattle_baseline_std,0.6695569269264049,1.615592575421478e-215,higher=damaged
Mariupol,s2__composite__b03__prebattle_baseline_max,0.6113589390383797,3.6859073667721915e-94,higher=damaged
Mariupol,s2__composite__b04__prebattle_baseline_mean,0.5335974694962042,5.340607059686844e-10,higher=damaged
Mariupol,s2__composite__b04__prebattle_baseline_std,0.6752496827145513,4.343128154654476e-230,higher=damaged
Mariupol,s2__composite__b04__prebattle_baseline_max,0.6249948124192263,4.1138502482701585e-118,higher=damaged
Mariupol,s2__composite__b05__prebattle_baseline_mean,0.5410030552103834,3.527056139448475e-14,lower=damaged
Mariupol,s2__composite__b05__prebattle_baseline_std,0.6483984552060136,1.427665818589267e-165,higher=damaged
Mariupol,s2__composite__b05__prebattle_baseline_max,0.5343893980625538,2.0812630896488398e-10,higher=damaged
Mariupol,s2__composite__b07__prebattle_baseline_mean,0.6293322551079832,3.023931387005419e-126,lower=damaged
Mariupol,s2__composite__b07__prebattle_baseline_std,0.6383869421235222,2.9951311485611595e-144,higher=damaged
Mariupol,s2__composite__b07__prebattle_baseline_max,0.5465735065987417,7.501376990411007e-18,lower=damaged
Mariupol,s2__composite__b08__prebattle_baseline_mean,0.6327540692671801,6.562808111362677e-133,lower=damaged
Mariupol,s2__composite__b08__prebattle_baseline_std,0.642111587230481,5.216027425924683e-152,higher=damaged
Mariupol,s2__composite__b08__prebattle_baseline_max,0.5019635198458591,0.7166350805262913,higher=damaged
Mariupol,s2__composite__b11__prebattle_baseline_mean,0.6536146418725354,2.837504524086392e-177,lower=damaged
Mariupol,s2__composite__b11__prebattle_baseline_std,0.653519048935526,4.73510955341051e-177,higher=damaged
Mariupol,s2__composite__b11__prebattle_baseline_max,0.5908156392520335,3.2500439249272127e-63,lower=damaged
Mariupol,s2__composite__b12__prebattle_baseline_mean,0.5935912001959094,5.0767973491215154e-67,lower=damaged
Mariupol,s2__composite__b12__prebattle_baseline_std,0.6543877776934406,4.8647891705708244e-179,higher=damaged
Mariupol,s2__composite__b12__prebattle_baseline_max,0.5293561817586853,5.795258265326251e-08,lower=damaged
Mariupol,s2__composite__b8a__prebattle_baseline_mean,0.655571259678485,9.24019645355548e-182,lower=damaged
Mariupol,s2__composite__b8a__prebattle_baseline_std,0.6382855143421611,4.839871524208592e-144,higher=damaged
Mariupol,s2__composite__b8a__prebattle_baseline_max,0.5761994109838293,4.9150690630724976e-45,lower=damaged
Mariupol,s2__composite__cire__prebattle_baseline_mean,0.6316824028545776,8.390321038547029e-131,lower=damaged
Mariupol,s2__composite__cire__prebattle_baseline_std,0.6285640132312041,8.994001297439867e-125,higher=damaged
Mariupol,s2__composite__cire__prebattle_baseline_max,0.5528627805003543,1.530268362825931e-22,lower=damaged
Mariupol,s2__composite__mndwi__prebattle_baseline_mean,0.6747701835412175,7.64880258815201e-229,higher=damaged
Mariupol,s2__composite__mndwi__prebattle_baseline_std,0.6679584826828261,1.633756367957608e-211,higher=damaged
Mariupol,s2__composite__mndwi__prebattle_baseline_max,0.6982512643109977,7.507338236828244e-294,higher=damaged
Mariupol,s2__composite__ndbi__prebattle_baseline_mean,0.5148462183830687,0.0060777852463567575,higher=damaged
Mariupol,s2__composite__ndbi__prebattle_baseline_std,0.6503324408884168,7.322843867653851e-170,higher=damaged
Mariupol,s2__composite__ndbi__prebattle_baseline_max,0.6341296780264688,1.2399926036816376e-135,higher=damaged
Mariupol,s2__composite__ndre__prebattle_baseline_mean,0.6498828926531354,7.358769553518782e-169,lower=damaged
Mariupol,s2__composite__ndre__prebattle_baseline_std,0.651448335926387,2.313170050798759e-172,higher=damaged
Mariupol,s2__composite__ndre__prebattle_baseline_max,0.5735976071581164,3.965480196541614e-42,lower=damaged
Mariupol,s2__composite__ndvi__prebattle_baseline_mean,0.6650572136799567,2.4295279653247322e-204,lower=damaged
Mariupol,s2__composite__ndvi__prebattle_baseline_std,0.6174411833165381,1.92487630304521e-104,higher=damaged
Mariupol,s2__composite__ndvi__prebattle_baseline_max,0.5358321075318874,3.550619308687667e-11,lower=damaged
Mariupol,s2__composite__ndwi__prebattle_baseline_mean,0.6588203270821774,2.3956328286874982e-189,higher=damaged
Mariupol,s2__composite__ndwi__prebattle_baseline_std,0.616991331972459,1.1698154877617058e-103,higher=damaged
Mariupol,s2__composite__ndwi__prebattle_baseline_max,0.6887188588863102,1.7842187474033677e-266,higher=damaged
Mariupol,s2__composite__b02__winter_baseline_mean,0.5616394662304595,4.643367933315785e-30,higher=damaged
Mariupol,s2__composite__b02__winter_baseline_std,0.6554542786269525,1.7211532720839864e-181,higher=damaged
Mariupol,s2__composite__b02__winter_baseline_max,0.6330299172171986,1.6381072349347136e-133,higher=damaged
Mariupol,s2__composite__b03__winter_baseline_mean,0.5315925247813544,5.271892431358543e-09,higher=damaged
Mariupol,s2__composite__b03__winter_baseline_std,0.6619369359413657,9.122057664077047e-197,higher=damaged
Mariupol,s2__composite__b03__winter_baseline_max,0.620599463320615,4.9857338570633125e-110,higher=damaged
Mariupol,s2__composite__b04__winter_baseline_mean,0.5320148816315942,3.2919962386070154e-09,higher=damaged
Mariupol,s2__composite__b04__winter_baseline_std,0.6709883645373316,3.888452879008425e-219,higher=damaged
Mariupol,s2__composite__b04__winter_baseline_max,0.6205670496235831,4.948507678590413e-110,higher=damaged
Mariupol,s2__composite__b05__winter_baseline_mean,0.5320145216898972,3.2940708679418087e-09,lower=damaged
Mariupol,s2__composite__b05__winter_baseline_std,0.6447701166046914,1.131110953829227e-157,higher=damaged
Mariupol,s2__composite__b05__winter_baseline_max,0.5420495888518605,7.784794351674145e-15,higher=damaged
Mariupol,s2__composite__b07__winter_baseline_mean,0.6178213006928941,4.167173626301047e-105,lower=damaged
Mariupol,s2__composite__b07__winter_baseline_std,0.6420535355809946,6.885977417334778e-152,higher=damaged
Mariupol,s2__composite__b07__winter_baseline_max,0.5327926903797942,1.3609362774923673e-09,lower=damaged
Mariupol,s2__composite__b08__winter_baseline_mean,0.6217058293757638,5.0321542555382725e-112,lower=damaged
Mariupol,s2__composite__b08__winter_baseline_std,0.6425668503295487,5.661896104276155e-153,higher=damaged
Mariupol,s2__composite__b08__winter_baseline_max,0.5145910260346461,0.006991139462257337,higher=damaged
Mariupol,s2__composite__b11__winter_baseline_mean,0.6483559947152981,1.7708852711272781e-165,lower=damaged
Mariupol,s2__composite__b11__winter_baseline_std,0.6486559334999505,3.860893340222881e-166,higher=damaged
Mariupol,s2__composite__b11__winter_baseline_max,0.5823394164322099,2.7577075844491447e-52,lower=damaged
Mariupol,s2__composite__b12__winter_baseline_mean,0.5890880959197894,6.718007629702124e-61,lower=damaged
Mariupol,s2__composite__b12__winter_baseline_std,0.6535689924246797,3.6429620039929148e-177,higher=damaged
Mariupol,s2__composite__b12__winter_baseline_max,0.5225936792469869,2.9759482901373038e-05,lower=damaged
Mariupol,s2__composite__b8a__winter_baseline_mean,0.6490296161291264,5.7634412298269984e-167,lower=damaged
Mariupol,s2__composite__b8a__winter_baseline_std,0.6404801735904082,1.3840173519588776e-148,higher=damaged
Mariupol,s2__composite__b8a__winter_baseline_max,0.5662266453092841,1.9285735327479666e-34,lower=damaged
Mariupol,s2__composite__cire__winter_baseline_mean,0.6189483034053389,4.334382805897133e-107,lower=damaged
Mariupol,s2__composite__cire__winter_baseline_std,0.6411057333155341,6.807009270443379e-150,higher=damaged
Mariupol,s2__composite__cire__winter_baseline_max,0.5324294271155321,2.060806925841778e-09,lower=damaged
Mariupol,s2__composite__mndwi__winter_baseline_mean,0.6764488316355662,3.194981865594511e-233,higher=damaged
Mariupol,s2__composite__mndwi__winter_baseline_std,0.6619523818605045,8.37437907445096e-197,higher=damaged
Mariupol,s2__composite__mndwi__winter_baseline_max,0.69603368245994,2.313779935548443e-287,higher=damaged
Mariupol,s2__composite__ndbi__winter_baseline_mean,0.501924361978083,0.7221268888329003,lower=damaged
Mariupol,s2__composite__ndbi__winter_baseline_std,0.6500972284615624,2.4512339795328937e-169,higher=damaged
Mariupol,s2__composite__ndbi__winter_baseline_max,0.6262695869852155,1.9845605156272903e-120,higher=damaged
Mariupol,s2__composite__ndre__winter_baseline_mean,0.6400123819943776,1.3050016541232536e-147,lower=damaged
Mariupol,s2__composite__ndre__winter_baseline_std,0.656791891435522,1.3640992295656519e-184,higher=damaged
Mariupol,s2__composite__ndre__winter_baseline_max,0.5602985381694173,7.734562606089287e-29,lower=damaged
Mariupol,s2__composite__ndvi__winter_baseline_mean,0.6518803796286134,2.4611650199849507e-173,lower=damaged
Mariupol,s2__composite__ndvi__winter_baseline_std,0.6216060623780223,7.696054298231405e-112,higher=damaged
Mariupol,s2__composite__ndvi__winter_baseline_max,0.5173871289143186,0.001313054987920374,lower=damaged
Mariupol,s2__composite__ndwi__winter_baseline_mean,0.6556363586075131,6.501376574455026e-182,higher=damaged
Mariupol,s2__composite__ndwi__winter_baseline_std,0.6176625158863741,7.901435611867769e-105,higher=damaged
Mariupol,s2__composite__ndwi__winter_baseline_max,0.6861826528561878,2.0188567513364778e-259,higher=damaged
Mariupol,s1__coh__date_first_drop_max,0.5011068775512446,0.42355261031836466,higher=damaged
Mariupol,s1__coh__date_first_drop_mean,0.5179998570336839,1.5241979264107982e-38,lower=damaged
Mariupol,s1__coh__date_first_drop_std,0.5144032880231991,3.0310668936021624e-25,higher=damaged
Mariupol,s1__coh__date_worst_drop_max,0.5262986096525755,9.170100463366815e-18,higher=damaged
Mariupol,s1__coh__date_worst_drop_mean,0.5280390414234797,6.474305374748593e-20,lower=damaged
Mariupol,s1__coh__date_worst_drop_std,0.5462377188840191,3.345594288594724e-51,higher=damaged
Mariupol,s1__coh__drop_count_max,0.503034245358236,0.0012570265066342433,lower=damaged
Mariupol,s1__coh__drop_count_mean,0.5051415776989722,0.00010420263417234981,higher=damaged
Mariupol,s1__coh__drop_count_std,0.5036502255824078,0.005207072174094671,higher=damaged
Mariupol,s1__coh__lu_transition_mode,0.5676727458082895,7.869052894010015e-179,higher=damaged
Mariupol,s1__coh__max_drop_max,0.5465909795579639,8.637812367980544e-52,higher=damaged
Mariupol,s1__coh__max_drop_mean,0.5268958792232685,2.3153892849122214e-18,higher=damaged
Mariupol,s1__coh__max_drop_std,0.5480131028881342,6.885416723072587e-55,higher=damaged
Mariupol,s1__coh__running_min_max,0.5075330871668915,0.014194819350950794,higher=damaged
Mariupol,s1__coh__running_min_mean,0.5148640891725875,1.3062139439671475e-06,lower=damaged
Mariupol,s1__coh__running_min_std,0.5281948646044573,4.3728321095656384e-20,higher=damaged
Moschun,s2__composite__b02__post_winter_baseline_mean,0.5638006412124745,0.04820681906122699,higher=damaged
Moschun,s2__composite__b02__post_winter_baseline_std,0.5255260856893034,0.42935930667145017,higher=damaged
Moschun,s2__composite__b02__post_winter_baseline_max,0.5548003497522589,0.08972923396278791,higher=damaged
Moschun,s2__composite__b03__post_winter_baseline_mean,0.5489594870300205,0.12953120765082998,lower=damaged
Moschun,s2__composite__b03__post_winter_baseline_std,0.5369163509180996,0.2530335909432111,higher=damaged
Moschun,s2__composite__b03__post_winter_baseline_max,0.5103235208394054,0.7493405284695935,lower=damaged
Moschun,s2__composite__b04__post_winter_baseline_mean,0.5415563975517341,0.19819857338687608,lower=damaged
Moschun,s2__composite__b04__post_winter_baseline_std,0.5615505683474206,0.05666805158107642,higher=damaged
Moschun,s2__composite__b04__post_winter_baseline_max,0.5018478577674148,0.9545115042316321,lower=damaged
Moschun,s2__composite__b05__post_winter_baseline_mean,0.5201282424948994,0.533197186193581,lower=damaged
Moschun,s2__composite__b05__post_winter_baseline_std,0.5651530166132324,0.0436517158140645,higher=damaged
Moschun,s2__composite__b05__post_winter_baseline_max,0.5183911396094434,0.569125522416331,lower=damaged
Moschun,s2__composite__b07__post_winter_baseline_mean,0.5715651413582046,0.0266925422215873,lower=damaged
Moschun,s2__composite__b07__post_winter_baseline_std,0.5241037598367824,0.455520531153944,lower=damaged
Moschun,s2__composite__b07__post_winter_baseline_max,0.5711804138735064,0.027519357111495574,lower=damaged
Moschun,s2__composite__b08__post_winter_baseline_mean,0.5713203147770329,0.027216175945615574,lower=damaged
Moschun,s2__composite__b08__post_winter_baseline_std,0.564931506849315,0.04437191569022969,higher=damaged
Moschun,s2__composite__b08__post_winter_baseline_max,0.542698921597202,0.18614100581487303,lower=damaged
Moschun,s2__composite__b11__post_winter_baseline_mean,0.5521772078111338,0.10618155561667532,lower=damaged
Moschun,s2__composite__b11__post_winter_baseline_std,0.5230661614689596,0.47515807680405786,higher=damaged
Moschun,s2__composite__b11__post_winter_baseline_max,0.5382687263188575,0.23606046895783317,lower=damaged
Moschun,s2__composite__b12__post_winter_baseline_mean,0.5599650247741184,0.06334491233077347,lower=damaged
Moschun,s2__composite__b12__post_winter_baseline_std,0.5449606528708831,0.16388582205049818,higher=damaged
Moschun,s2__composite__b12__post_winter_baseline_max,0.5575167589624016,0.07492109882513055,lower=damaged
Moschun,s2__composite__b8a__post_winter_baseline_mean,0.555546487904401,0.08544453530309887,lower=damaged
Moschun,s2__composite__b8a__post_winter_baseline_std,0.5067910230253571,0.8335757198183587,higher=damaged
Moschun,s2__composite__b8a__post_winter_baseline_max,0.5526552025648499,0.10301725244291143,lower=damaged
Moschun,s2__composite__cire__post_winter_baseline_mean,0.6150859807636258,0.000365664872040234,lower=damaged
Moschun,s2__composite__cire__post_winter_baseline_std,0.5234042553191488,0.4687087843278578,higher=damaged
Moschun,s2__composite__cire__post_winter_baseline_max,0.5807169921305742,0.012440691194055569,lower=damaged
Moschun,s2__composite__mndwi__post_winter_baseline_mean,0.5180297289419995,0.576743314978224,lower=damaged
Moschun,s2__composite__mndwi__post_winter_baseline_std,0.5425357038764209,0.18782952666176078,higher=damaged
Moschun,s2__composite__mndwi__post_winter_baseline_max,0.501707956863888,0.9579629968558834,lower=damaged
Moschun,s2__composite__ndbi__post_winter_baseline_mean,0.5728009326726902,0.024180212609630065,higher=damaged
Moschun,s2__composite__ndbi__post_winter_baseline_std,0.5463013698630137,0.1516753306770684,higher=damaged
Moschun,s2__composite__ndbi__post_winter_baseline_max,0.5698163800641212,0.03063122534299339,higher=damaged
Moschun,s2__composite__ndre__post_winter_baseline_mean,0.5678577674147478,0.03562532883618448,lower=damaged
Moschun,s2__composite__ndre__post_winter_baseline_std,0.516117749927135,0.6178219643974022,higher=damaged
Moschun,s2__composite__ndre__post_winter_baseline_max,0.5498222092684348,0.12291107599122733,lower=damaged
Moschun,s2__composite__ndvi__post_winter_baseline_mean,0.5436549111046342,0.17647586511013824,lower=damaged
Moschun,s2__composite__ndvi__post_winter_baseline_std,0.530119498688429,0.3510610379238376,lower=damaged
Moschun,s2__composite__ndvi__post_winter_baseline_max,0.5683474205770912,0.034315789503450544,lower=damaged
Moschun,s2__composite__ndwi__post_winter_baseline_mean,0.5331740017487614,0.3043628702937211,higher=damaged
Moschun,s2__composite__ndwi__post_winter_baseline_std,0.5618070533372196,0.0556450679256349,higher=damaged
Moschun,s2__composite__ndwi__post_winter_baseline_max,0.5574934421451471,0.07503914381175844,higher=damaged
Moschun,s2__composite__b02__prebattle_baseline_mean,0.5591489361702128,0.0689354094810354,higher=damaged
Moschun,s2__composite__b02__prebattle_baseline_std,0.5625298746721072,0.05450295199986354,higher=damaged
Moschun,s2__composite__b02__prebattle_baseline_max,0.5449373360536286,0.167036017813466,higher=damaged
Moschun,s2__composite__b03__prebattle_baseline_mean,0.5145788399883415,0.6540323367925838,higher=damaged
Moschun,s2__composite__b03__prebattle_baseline_std,0.5683241037598367,0.03564017151647298,higher=damaged
Moschun,s2__composite__b03__prebattle_baseline_max,0.5417487612940832,0.19923587230908335,higher=damaged
Moschun,s2__composite__b04__prebattle_baseline_mean,0.5251180413873505,0.4399473143000029,higher=damaged
Moschun,s2__composite__b04__prebattle_baseline_std,0.5535995336636549,0.09931560597876032,higher=damaged
Moschun,s2__composite__b04__prebattle_baseline_max,0.5439113960944332,0.17693903730322724,higher=damaged
Moschun,s2__composite__b05__prebattle_baseline_mean,0.5115010201107549,0.7237027648037213,lower=damaged
Moschun,s2__composite__b05__prebattle_baseline_std,0.508155056834742,0.8021115949654711,higher=damaged
Moschun,s2__composite__b05__prebattle_baseline_max,0.5019994170795685,0.9511128768143364,lower=damaged
Moschun,s2__composite__b07__prebattle_baseline_mean,0.5338851646750219,0.2974581778989185,lower=damaged
Moschun,s2__composite__b07__prebattle_baseline_std,0.5267968522296707,0.4099900962894997,lower=damaged
Moschun,s2__composite__b07__prebattle_baseline_max,0.5296997959778491,0.3611447049446662,lower=damaged
Moschun,s2__composite__b08__prebattle_baseline_mean,0.5169046925094725,0.6032761776849824,lower=damaged
Moschun,s2__composite__b08__prebattle_baseline_std,0.5170853978431944,0.5994078374956656,lower=damaged
Moschun,s2__composite__b08__prebattle_baseline_max,0.5096181871174585,0.7675268808276974,lower=damaged
Moschun,s2__composite__b11__prebattle_baseline_mean,0.5052870883124454,0.8709783600099213,lower=damaged
Moschun,s2__composite__b11__prebattle_baseline_std,0.5287204896531623,0.3771989037427559,higher=damaged
Moschun,s2__composite__b11__prebattle_baseline_max,0.5065461964441853,0.840591012292099,higher=damaged
Moschun,s2__composite__b12__prebattle_baseline_mean,0.5355639755173419,0.2741617767612875,lower=damaged
Moschun,s2__composite__b12__prebattle_baseline_std,0.5548936170212765,0.0914154671015976,higher=damaged
Moschun,s2__composite__b12__prebattle_baseline_max,0.5000408044301954,0.9991417939955676,lower=damaged
Moschun,s2__composite__b8a__prebattle_baseline_mean,0.5274147478869134,0.3992769015178719,lower=damaged
Moschun,s2__composite__b8a__prebattle_baseline_std,0.5142057709122705,0.6623330104466921,lower=damaged
Moschun,s2__composite__b8a__prebattle_baseline_max,0.5360944331098805,0.2670671525144537,lower=damaged
Moschun,s2__composite__cire__prebattle_baseline_mean,0.5348877878169629,0.28339064559822136,higher=damaged
Moschun,s2__composite__cire__prebattle_baseline_std,0.5459399591955698,0.15776635714435283,higher=damaged
Moschun,s2__composite__cire__prebattle_baseline_max,0.5308190032060623,0.343330438286957,higher=damaged
Moschun,s2__composite__mndwi__prebattle_baseline_mean,0.5608860390556688,0.06117003587919282,higher=damaged
Moschun,s2__composite__mndwi__prebattle_baseline_std,0.6205887496356747,0.00020864150009017573,higher=damaged
Moschun,s2__composite__mndwi__prebattle_baseline_max,0.5567589624016321,0.08092511906417356,higher=damaged
Moschun,s2__composite__ndbi__prebattle_baseline_mean,0.510929758088021,0.7369113403905005,lower=damaged
Moschun,s2__composite__ndbi__prebattle_baseline_std,0.506103176916351,0.8512582239039029,higher=damaged
Moschun,s2__composite__ndbi__prebattle_baseline_max,0.5262722238414457,0.41921895033176304,lower=damaged
Moschun,s2__composite__ndre__prebattle_baseline_mean,0.5655727193238123,0.043684524631321234,higher=damaged
Moschun,s2__composite__ndre__prebattle_baseline_std,0.543584960652871,0.18018034038269914,higher=damaged
Moschun,s2__composite__ndre__prebattle_baseline_max,0.5533547070824831,0.1008697907931485,higher=damaged
Moschun,s2__composite__ndvi__prebattle_baseline_mean,0.5089128533955116,0.7841461385613688,lower=damaged
Moschun,s2__composite__ndvi__prebattle_baseline_std,0.5848907024191199,0.009041371960777084,higher=damaged
Moschun,s2__composite__ndvi__prebattle_baseline_max,0.5278344505974935,0.3920970288107729,higher=damaged
Moschun,s2__composite__ndwi__prebattle_baseline_mean,0.5024424366074031,0.9402675432832704,higher=damaged
Moschun,s2__composite__ndwi__prebattle_baseline_std,0.6247391431069658,0.00012507734803203705,higher=damaged
Moschun,s2__composite__ndwi__prebattle_baseline_max,0.5589624016321771,0.06981543122395133,higher=damaged
Moschun,s2__composite__b02__winter_baseline_mean,0.5591489361702128,0.0689354094810354,higher=damaged
Moschun,s2__composite__b02__winter_baseline_std,0.5625298746721072,0.05450295199986354,higher=damaged
Moschun,s2__composite__b02__winter_baseline_max,0.5449373360536286,0.167036017813466,higher=damaged
Moschun,s2__composite__b03__winter_baseline_mean,0.5145788399883415,0.6540323367925838,higher=damaged
Moschun,s2__composite__b03__winter_baseline_std,0.5683241037598367,0.03564017151647298,higher=damaged
Moschun,s2__composite__b03__winter_baseline_max,0.5417487612940832,0.19923587230908335,higher=damaged
Moschun,s2__composite__b04__winter_baseline_mean,0.5251180413873505,0.4399473143000029,higher=damaged
Moschun,s2__composite__b04__winter_baseline_std,0.5535995336636549,0.09931560597876032,higher=damaged
Moschun,s2__composite__b04__winter_baseline_max,0.5439113960944332,0.17693903730322724,higher=damaged
Moschun,s2__composite__b05__winter_baseline_mean,0.5115010201107549,0.7237027648037213,lower=damaged
Moschun,s2__composite__b05__winter_baseline_std,0.508155056834742,0.8021115949654711,higher=damaged
Moschun,s2__composite__b05__winter_baseline_max,0.5019994170795685,0.9511128768143364,lower=damaged
Moschun,s2__composite__b07__winter_baseline_mean,0.5338851646750219,0.2974581778989185,lower=damaged
Moschun,s2__composite__b07__winter_baseline_std,0.5267968522296707,0.4099900962894997,lower=damaged
Moschun,s2__composite__b07__winter_baseline_max,0.5296997959778491,0.3611447049446662,lower=damaged
Moschun,s2__composite__b08__winter_baseline_mean,0.5169046925094725,0.6032761776849824,lower=damaged
Moschun,s2__composite__b08__winter_baseline_std,0.5170853978431944,0.5994078374956656,lower=damaged
Moschun,s2__composite__b08__winter_baseline_max,0.5096181871174585,0.7675268808276974,lower=damaged
Moschun,s2__composite__b11__winter_baseline_mean,0.5052870883124454,0.8709783600099213,lower=damaged
Moschun,s2__composite__b11__winter_baseline_std,0.5287204896531623,0.3771989037427559,higher=damaged
Moschun,s2__composite__b11__winter_baseline_max,0.5065461964441853,0.840591012292099,higher=damaged
Moschun,s2__composite__b12__winter_baseline_mean,0.5355639755173419,0.2741617767612875,lower=damaged
Moschun,s2__composite__b12__winter_baseline_std,0.5548936170212765,0.0914154671015976,higher=damaged
Moschun,s2__composite__b12__winter_baseline_max,0.5000408044301954,0.9991417939955676,lower=damaged
Moschun,s2__composite__b8a__winter_baseline_mean,0.5274147478869134,0.3992769015178719,lower=damaged
Moschun,s2__composite__b8a__winter_baseline_std,0.5142057709122705,0.6623330104466921,lower=damaged
Moschun,s2__composite__b8a__winter_baseline_max,0.5360944331098805,0.2670671525144537,lower=damaged
Moschun,s2__composite__cire__winter_baseline_mean,0.5348877878169629,0.28339064559822136,higher=damaged
Moschun,s2__composite__cire__winter_baseline_std,0.5459399591955698,0.15776635714435283,higher=damaged
Moschun,s2__composite__cire__winter_baseline_max,0.5308190032060623,0.343330438286957,higher=damaged
Moschun,s2__composite__mndwi__winter_baseline_mean,0.5608860390556688,0.06117003587919282,higher=damaged
Moschun,s2__composite__mndwi__winter_baseline_std,0.6205887496356747,0.00020864150009017573,higher=damaged
Moschun,s2__composite__mndwi__winter_baseline_max,0.5567589624016321,0.08092511906417356,higher=damaged
Moschun,s2__composite__ndbi__winter_baseline_mean,0.510929758088021,0.7369113403905005,lower=damaged
Moschun,s2__composite__ndbi__winter_baseline_std,0.506103176916351,0.8512582239039029,higher=damaged
Moschun,s2__composite__ndbi__winter_baseline_max,0.5262722238414457,0.41921895033176304,lower=damaged
Moschun,s2__composite__ndre__winter_baseline_mean,0.5655727193238123,0.043684524631321234,higher=damaged
Moschun,s2__composite__ndre__winter_baseline_std,0.543584960652871,0.18018034038269914,higher=damaged
Moschun,s2__composite__ndre__winter_baseline_max,0.5533547070824831,0.1008697907931485,higher=damaged
Moschun,s2__composite__ndvi__winter_baseline_mean,0.5089128533955116,0.7841461385613688,lower=damaged
Moschun,s2__composite__ndvi__winter_baseline_std,0.5848907024191199,0.009041371960777084,higher=damaged
Moschun,s2__composite__ndvi__winter_baseline_max,0.5278344505974935,0.3920970288107729,higher=damaged
Moschun,s2__composite__ndwi__winter_baseline_mean,0.5024424366074031,0.9402675432832704,higher=damaged
Moschun,s2__composite__ndwi__winter_baseline_std,0.6247391431069658,0.00012507734803203705,higher=damaged
Moschun,s2__composite__ndwi__winter_baseline_max,0.5589624016321771,0.06981543122395133,higher=damaged
Moschun,s1__coh__date_first_drop_max,0.5047099970853979,0.38184417855501407,lower=damaged
Moschun,s1__coh__date_first_drop_mean,0.5038356164383562,0.4764918744178698,lower=damaged
Moschun,s1__coh__date_first_drop_std,0.5042844651705043,0.4019827469357592,higher=damaged
Moschun,s1__coh__date_worst_drop_max,0.5003089478286213,0.9734004014035109,higher=damaged
Moschun,s1__coh__date_worst_drop_mean,0.5079568638880793,0.38177300149809457,higher=damaged
Moschun,s1__coh__date_worst_drop_std,0.5123171087146604,0.17564954283029177,lower=damaged
Moschun,s1__coh__drop_count_max,0.5025531914893617,0.5967883545205677,lower=damaged
Moschun,s1__coh__drop_count_mean,0.5089303410084525,0.09710280208197726,lower=damaged
Moschun,s1__coh__drop_count_std,0.5012765957446808,0.7388195399126525,lower=damaged
Moschun,s1__coh__lu_transition_mode,0.5061439813465461,0.4178672738011454,lower=damaged
Moschun,s1__coh__max_drop_max,0.5197784902360827,0.029626877229448352,lower=damaged
Moschun,s1__coh__max_drop_mean,0.507886913436316,0.3859752145141965,higher=damaged
Moschun,s1__coh__max_drop_std,0.517330224424366,0.05668553921426372,lower=damaged
Moschun,s1__coh__running_min_max,0.5147537161177499,0.10473800791031765,lower=damaged
Moschun,s1__coh__running_min_mean,0.5164558437773243,0.0703665886398725,lower=damaged
Moschun,s1__coh__running_min_std,0.516385893325561,0.07156918180493924,lower=damaged
Okhtyrka,s2__composite__b02__post_winter_baseline_mean,0.6644119666715329,0.0004238236031620133,higher=damaged
Okhtyrka,s2__composite__b02__post_winter_baseline_std,0.7036956533493379,1.260054875993318e-05,higher=damaged
Okhtyrka,s2__composite__b02__post_winter_baseline_max,0.7172606206102289,3.1863371397849234e-06,higher=damaged
Okhtyrka,s2__composite__b03__post_winter_baseline_mean,0.744520862733648,1.587051658987539e-07,higher=damaged
Okhtyrka,s2__composite__b03__post_winter_baseline_std,0.7324941740066073,6.217751538264388e-07,higher=damaged
Okhtyrka,s2__composite__b03__post_winter_baseline_max,0.7409419995998855,2.3987735083187706e-07,higher=damaged
Okhtyrka,s2__composite__b04__post_winter_baseline_mean,0.7070852730782333,9.012712424307954e-06,higher=damaged
Okhtyrka,s2__composite__b04__post_winter_baseline_std,0.7285687250942162,9.575275319051095e-07,higher=damaged
Okhtyrka,s2__composite__b04__post_winter_baseline_max,0.738269342027716,3.253465805826847e-07,higher=damaged
Okhtyrka,s2__composite__b05__post_winter_baseline_mean,0.721604567795098,2.0254272663955234e-06,higher=damaged
Okhtyrka,s2__composite__b05__post_winter_baseline_std,0.707375626530844,8.755617138569734e-06,higher=damaged
Okhtyrka,s2__composite__b05__post_winter_baseline_max,0.7319183333603682,6.627156846802071e-07,higher=damaged
Okhtyrka,s2__composite__b07__post_winter_baseline_mean,0.6110280242447836,0.017300001708095297,higher=damaged
Okhtyrka,s2__composite__b07__post_winter_baseline_std,0.6321811113454125,0.004600376501185893,higher=damaged
Okhtyrka,s2__composite__b07__post_winter_baseline_max,0.6510183998659076,0.0012053757272773992,higher=damaged
Okhtyrka,s2__composite__b08__post_winter_baseline_mean,0.5844641978512763,0.07017507772330236,higher=damaged
Okhtyrka,s2__composite__b08__post_winter_baseline_std,0.5807220446938852,0.0835315966276979,higher=damaged
Okhtyrka,s2__composite__b08__post_winter_baseline_max,0.6591780347883449,0.0006430225532693644,higher=damaged
Okhtyrka,s2__composite__b11__post_winter_baseline_mean,0.6393420817855926,0.0028147033654357593,higher=damaged
Okhtyrka,s2__composite__b11__post_winter_baseline_std,0.6892731431166766,4.954115620777919e-05,higher=damaged
Okhtyrka,s2__composite__b11__post_winter_baseline_max,0.681880755027116,9.649135987072666e-05,higher=damaged
Okhtyrka,s2__composite__b12__post_winter_baseline_mean,0.6793286725386193,0.00012075738489967918,higher=damaged
Okhtyrka,s2__composite__b12__post_winter_baseline_std,0.7269196039946578,1.1452809807584283e-06,higher=damaged
Okhtyrka,s2__composite__b12__post_winter_baseline_max,0.6947363298674756,2.9817677326498666e-05,higher=damaged
Okhtyrka,s2__composite__b8a__post_winter_baseline_mean,0.5825139093902578,0.076899287087883,higher=damaged
Okhtyrka,s2__composite__b8a__post_winter_baseline_std,0.6302302821889514,0.005239343443056257,higher=damaged
Okhtyrka,s2__composite__b8a__post_winter_baseline_max,0.6302356891433762,0.005237466789126955,higher=damaged
Okhtyrka,s2__composite__cire__post_winter_baseline_mean,0.52637890855218,0.5717241053056964,lower=damaged
Okhtyrka,s2__composite__cire__post_winter_baseline_std,0.6992911482749112,1.9329088856942777e-05,higher=damaged
Okhtyrka,s2__composite__cire__post_winter_baseline_max,0.5610969629136995,0.1902570274942943,higher=damaged
Okhtyrka,s2__composite__mndwi__post_winter_baseline_mean,0.5067689662443835,0.8846277513740313,higher=damaged
Okhtyrka,s2__composite__mndwi__post_winter_baseline_std,0.6209497856142571,0.009514905180704851,higher=damaged
Okhtyrka,s2__composite__mndwi__post_winter_baseline_max,0.5850897824782234,0.06812326673577457,higher=damaged
Okhtyrka,s2__composite__ndbi__post_winter_baseline_mean,0.518296593078017,0.6948766323290697,higher=damaged
Okhtyrka,s2__composite__ndbi__post_winter_baseline_std,0.535120872466166,0.45149243697175145,higher=damaged
Okhtyrka,s2__composite__ndbi__post_winter_baseline_max,0.5429955608904173,0.3566583693273232,higher=damaged
Okhtyrka,s2__composite__ndre__post_winter_baseline_mean,0.574947417368219,0.10810426908035022,lower=damaged
Okhtyrka,s2__composite__ndre__post_winter_baseline_std,0.7522814644195364,6.354095447459264e-08,higher=damaged
Okhtyrka,s2__composite__ndre__post_winter_baseline_max,0.5316463635528016,0.4974922595336695,higher=damaged
Okhtyrka,s2__composite__ndvi__post_winter_baseline_mean,0.5572536997085651,0.21966284989013474,lower=damaged
Okhtyrka,s2__composite__ndvi__post_winter_baseline_std,0.6959939874666796,2.6478149012414346e-05,higher=damaged
Okhtyrka,s2__composite__ndvi__post_winter_baseline_max,0.5706813303270667,0.12969793025658943,higher=damaged
Okhtyrka,s2__composite__ndwi__post_winter_baseline_mean,0.5461467339291798,0.32251256925586325,higher=damaged
Okhtyrka,s2__composite__ndwi__post_winter_baseline_std,0.6630861814465766,0.00047172117282163377,higher=damaged
Okhtyrka,s2__composite__ndwi__post_winter_baseline_max,0.6242707370219577,0.007717021788077702,higher=damaged
Okhtyrka,s2__composite__b02__prebattle_baseline_mean,0.5074783586649148,0.8726340243801577,higher=damaged
Okhtyrka,s2__composite__b02__prebattle_baseline_std,0.5620658891466204,0.18332345502078617,higher=damaged
Okhtyrka,s2__composite__b02__prebattle_baseline_max,0.5402342292656815,0.38837789400101896,higher=damaged
Okhtyrka,s2__composite__b03__prebattle_baseline_mean,0.5073069582096492,0.8755293255685653,higher=damaged
Okhtyrka,s2__composite__b03__prebattle_baseline_std,0.5487766765613933,0.29570419292991357,higher=damaged
Okhtyrka,s2__composite__b03__prebattle_baseline_max,0.5326444873396162,0.48402243115888244,higher=damaged
Okhtyrka,s2__composite__b04__prebattle_baseline_mean,0.5208849021611597,0.6543476519664737,higher=damaged
Okhtyrka,s2__composite__b04__prebattle_baseline_std,0.5357048235440423,0.4440046368223005,higher=damaged
Okhtyrka,s2__composite__b04__prebattle_baseline_max,0.5528870433151118,0.2568741242436914,higher=damaged
Okhtyrka,s2__composite__b05__prebattle_baseline_mean,0.5181354658361584,0.6974339931434874,higher=damaged
Okhtyrka,s2__composite__b05__prebattle_baseline_std,0.5616701000827263,0.1861327324914186,higher=damaged
Okhtyrka,s2__composite__b05__prebattle_baseline_max,0.5514049971072794,0.27044542321818477,higher=damaged
Okhtyrka,s2__composite__b07__prebattle_baseline_mean,0.5282626914737736,0.5445764113355441,higher=damaged
Okhtyrka,s2__composite__b07__prebattle_baseline_std,0.6197299766960264,0.010263399507858146,higher=damaged
Okhtyrka,s2__composite__b07__prebattle_baseline_max,0.5932586092231827,0.045573911376823796,higher=damaged
Okhtyrka,s2__composite__b08__prebattle_baseline_mean,0.5116130567135448,0.8033951356068318,higher=damaged
Okhtyrka,s2__composite__b08__prebattle_baseline_std,0.584830248665834,0.06896842601282861,higher=damaged
Okhtyrka,s2__composite__b08__prebattle_baseline_max,0.6055648374939848,0.02360617664703948,higher=damaged
Okhtyrka,s2__composite__b11__prebattle_baseline_mean,0.6545929374361303,0.0009189327731226172,higher=damaged
Okhtyrka,s2__composite__b11__prebattle_baseline_std,0.618380400871601,0.011151205190297123,higher=damaged
Okhtyrka,s2__composite__b11__prebattle_baseline_max,0.6714383039465361,0.0002374972519123482,higher=damaged
Okhtyrka,s2__composite__b12__prebattle_baseline_mean,0.6763126733604763,0.00015690539337187207,higher=damaged
Okhtyrka,s2__composite__b12__prebattle_baseline_std,0.7334101120861651,5.616312528987948e-07,higher=damaged
Okhtyrka,s2__composite__b12__prebattle_baseline_max,0.6940961464635815,3.166771162261079e-05,higher=damaged
Okhtyrka,s2__composite__b8a__prebattle_baseline_mean,0.505299356031728,0.909555715588492,lower=damaged
Okhtyrka,s2__composite__b8a__prebattle_baseline_std,0.6402320664839116,0.002643944023368464,higher=damaged
Okhtyrka,s2__composite__b8a__prebattle_baseline_max,0.5905491843609251,0.05223011063718559,higher=damaged
Okhtyrka,s2__composite__cire__prebattle_baseline_mean,0.5337247968336875,0.4696802580795858,higher=damaged
Okhtyrka,s2__composite__cire__prebattle_baseline_std,0.7268233602058968,1.157637005574946e-06,higher=damaged
Okhtyrka,s2__composite__cire__prebattle_baseline_max,0.5989434811053979,0.033905490141585795,higher=damaged
Okhtyrka,s2__composite__mndwi__prebattle_baseline_mean,0.5794395151043272,0.08855740375302888,lower=damaged
Okhtyrka,s2__composite__mndwi__prebattle_baseline_std,0.5162516829145647,0.727539021077191,higher=damaged
Okhtyrka,s2__composite__mndwi__prebattle_baseline_max,0.5403050603686461,0.38754902759817234,lower=damaged
Okhtyrka,s2__composite__ndbi__prebattle_baseline_mean,0.6943621686212806,3.088607781847106e-05,higher=damaged
Okhtyrka,s2__composite__ndbi__prebattle_baseline_std,0.6340378594948823,0.004058653474837207,higher=damaged
Okhtyrka,s2__composite__ndbi__prebattle_baseline_max,0.7023266124889832,1.4402594668467284e-05,higher=damaged
Okhtyrka,s2__composite__ndre__prebattle_baseline_mean,0.5300794281605,0.5190257269110847,higher=damaged
Okhtyrka,s2__composite__ndre__prebattle_baseline_std,0.7148274911190774,4.113181198426457e-06,higher=damaged
Okhtyrka,s2__composite__ndre__prebattle_baseline_max,0.587451540170968,0.06081704389401233,higher=damaged
Okhtyrka,s2__composite__ndvi__prebattle_baseline_mean,0.520742699259788,0.6565496144878961,higher=damaged
Okhtyrka,s2__composite__ndvi__prebattle_baseline_std,0.7000081104316371,1.8039160211598502e-05,higher=damaged
Okhtyrka,s2__composite__ndvi__prebattle_baseline_max,0.6074291553796494,0.021272402140982444,higher=damaged
Okhtyrka,s2__composite__ndwi__prebattle_baseline_mean,0.5114221912223502,0.8065619638012803,lower=damaged
Okhtyrka,s2__composite__ndwi__prebattle_baseline_std,0.7002341211265931,1.7649828075612054e-05,higher=damaged
Okhtyrka,s2__composite__ndwi__prebattle_baseline_max,0.5377172919809459,0.41874944978070683,higher=damaged
Okhtyrka,s2__composite__b02__winter_baseline_mean,0.5074783586649148,0.8726340243801577,higher=damaged
Okhtyrka,s2__composite__b02__winter_baseline_std,0.5620658891466204,0.18332345502078617,higher=damaged
Okhtyrka,s2__composite__b02__winter_baseline_max,0.5402342292656815,0.38837789400101896,higher=damaged
Okhtyrka,s2__composite__b03__winter_baseline_mean,0.5073069582096492,0.8755293255685653,higher=damaged
Okhtyrka,s2__composite__b03__winter_baseline_std,0.5487766765613933,0.29570419292991357,higher=damaged
Okhtyrka,s2__composite__b03__winter_baseline_max,0.5326444873396162,0.48402243115888244,higher=damaged
Okhtyrka,s2__composite__b04__winter_baseline_mean,0.5208849021611597,0.6543476519664737,higher=damaged
Okhtyrka,s2__composite__b04__winter_baseline_std,0.5357048235440423,0.4440046368223005,higher=damaged
Okhtyrka,s2__composite__b04__winter_baseline_max,0.5528870433151118,0.2568741242436914,higher=damaged
Okhtyrka,s2__composite__b05__winter_baseline_mean,0.5181354658361584,0.6974339931434874,higher=damaged
Okhtyrka,s2__composite__b05__winter_baseline_std,0.5616701000827263,0.1861327324914186,higher=damaged
Okhtyrka,s2__composite__b05__winter_baseline_max,0.5514049971072794,0.27044542321818477,higher=damaged
Okhtyrka,s2__composite__b07__winter_baseline_mean,0.5282626914737736,0.5445764113355441,higher=damaged
Okhtyrka,s2__composite__b07__winter_baseline_std,0.6197299766960264,0.010263399507858146,higher=damaged
Okhtyrka,s2__composite__b07__winter_baseline_max,0.5932586092231827,0.045573911376823796,higher=damaged
Okhtyrka,s2__composite__b08__winter_baseline_mean,0.5116130567135448,0.8033951356068318,higher=damaged
Okhtyrka,s2__composite__b08__winter_baseline_std,0.584830248665834,0.06896842601282861,higher=damaged
Okhtyrka,s2__composite__b08__winter_baseline_max,0.6055648374939848,0.02360617664703948,higher=damaged
Okhtyrka,s2__composite__b11__winter_baseline_mean,0.6545929374361303,0.0009189327731226172,higher=damaged
Okhtyrka,s2__composite__b11__winter_baseline_std,0.618380400871601,0.011151205190297123,higher=damaged
Okhtyrka,s2__composite__b11__winter_baseline_max,0.6714383039465361,0.0002374972519123482,higher=damaged
Okhtyrka,s2__composite__b12__winter_baseline_mean,0.6763126733604763,0.00015690539337187207,higher=damaged
Okhtyrka,s2__composite__b12__winter_baseline_std,0.7334101120861651,5.616312528987948e-07,higher=damaged
Okhtyrka,s2__composite__b12__winter_baseline_max,0.6940961464635815,3.166771162261079e-05,higher=damaged
Okhtyrka,s2__composite__b8a__winter_baseline_mean,0.505299356031728,0.909555715588492,lower=damaged
Okhtyrka,s2__composite__b8a__winter_baseline_std,0.6402320664839116,0.002643944023368464,higher=damaged
Okhtyrka,s2__composite__b8a__winter_baseline_max,0.5905491843609251,0.05223011063718559,higher=damaged
Okhtyrka,s2__composite__cire__winter_baseline_mean,0.5337247968336875,0.4696802580795858,higher=damaged
Okhtyrka,s2__composite__cire__winter_baseline_std,0.7268233602058968,1.157637005574946e-06,higher=damaged
Okhtyrka,s2__composite__cire__winter_baseline_max,0.5989434811053979,0.033905490141585795,higher=damaged
Okhtyrka,s2__composite__mndwi__winter_baseline_mean,0.5794395151043272,0.08855740375302888,lower=damaged
Okhtyrka,s2__composite__mndwi__winter_baseline_std,0.5162516829145647,0.727539021077191,higher=damaged
Okhtyrka,s2__composite__mndwi__winter_baseline_max,0.5403050603686461,0.38754902759817234,lower=damaged
Okhtyrka,s2__composite__ndbi__winter_baseline_mean,0.6943621686212806,3.088607781847106e-05,higher=damaged
Okhtyrka,s2__composite__ndbi__winter_baseline_std,0.6340378594948823,0.004058653474837207,higher=damaged
Okhtyrka,s2__composite__ndbi__winter_baseline_max,0.7023266124889832,1.4402594668467284e-05,higher=damaged
Okhtyrka,s2__composite__ndre__winter_baseline_mean,0.5300794281605,0.5190257269110847,higher=damaged
Okhtyrka,s2__composite__ndre__winter_baseline_std,0.7148274911190774,4.113181198426457e-06,higher=damaged
Okhtyrka,s2__composite__ndre__winter_baseline_max,0.587451540170968,0.06081704389401233,higher=damaged
Okhtyrka,s2__composite__ndvi__winter_baseline_mean,0.520742699259788,0.6565496144878961,higher=damaged
Okhtyrka,s2__composite__ndvi__winter_baseline_std,0.7000081104316371,1.8039160211598502e-05,higher=damaged
Okhtyrka,s2__composite__ndvi__winter_baseline_max,0.6074291553796494,0.021272402140982444,higher=damaged
Okhtyrka,s2__composite__ndwi__winter_baseline_mean,0.5114221912223502,0.8065619638012803,lower=damaged
Okhtyrka,s2__composite__ndwi__winter_baseline_std,0.7002341211265931,1.7649828075612054e-05,higher=damaged
Okhtyrka,s2__composite__ndwi__winter_baseline_max,0.5377172919809459,0.41874944978070683,higher=damaged
Okhtyrka,s1__coh__date_first_drop_max,0.5022709208584081,0.8023884367687337,lower=damaged
Okhtyrka,s1__coh__date_first_drop_mean,0.5061125619772151,0.5287978234063809,lower=damaged
Okhtyrka,s1__coh__date_first_drop_std,0.5039173384807539,0.6864884974509685,higher=damaged
Okhtyrka,s1__coh__date_worst_drop_max,0.5097049424970397,0.6765167497103335,lower=damaged
Okhtyrka,s1__coh__date_worst_drop_mean,0.5142338075232363,0.5431999461765218,lower=damaged
Okhtyrka,s1__coh__date_worst_drop_std,0.5159294284308478,0.49606596061597397,higher=damaged
Okhtyrka,s1__coh__drop_count_max,0.5009651413648234,0.8965088441701844,lower=damaged
Okhtyrka,s1__coh__drop_count_mean,0.5016842663033194,0.8520589206569507,higher=damaged
Okhtyrka,s1__coh__drop_count_std,0.5001135460429205,0.989192944775345,higher=damaged
Okhtyrka,s1__coh__lu_transition_mode,0.521914386283638,0.2072743955105043,higher=damaged
Okhtyrka,s1__coh__max_drop_max,0.5033031084580988,0.8878139709468855,higher=damaged
Okhtyrka,s1__coh__max_drop_mean,0.523609466495807,0.3132302282300663,lower=damaged
Okhtyrka,s1__coh__max_drop_std,0.5363612278112108,0.12038369083214787,higher=damaged
Okhtyrka,s1__coh__running_min_max,0.5248746938312057,0.2880033036752676,higher=damaged
Okhtyrka,s1__coh__running_min_mean,0.5276008802521803,0.23841312774091217,lower=damaged
Okhtyrka,s1__coh__running_min_std,0.5431653392593555,0.06521139124594547,higher=damaged
Rubizhne,s2__composite__b02__post_winter_baseline_mean,0.631806015721203,5.623509925076702e-22,higher=damaged
Rubizhne,s2__composite__b02__post_winter_baseline_std,0.5914805981564577,2.2617338160598664e-11,higher=damaged
Rubizhne,s2__composite__b02__post_winter_baseline_max,0.6428026884433347,1.5925138832770344e-25,higher=damaged
Rubizhne,s2__composite__b03__post_winter_baseline_mean,0.6340748783654399,1.1030509764692982e-22,higher=damaged
Rubizhne,s2__composite__b03__post_winter_baseline_std,0.5908531022138775,3.091017660490641e-11,higher=damaged
Rubizhne,s2__composite__b03__post_winter_baseline_max,0.6581538907389417,6.3056845279471975e-31,higher=damaged
Rubizhne,s2__composite__b04__post_winter_baseline_mean,0.6278120674301083,9.258731274798883e-21,higher=damaged
Rubizhne,s2__composite__b04__post_winter_baseline_std,0.5915904627659331,2.140905113723858e-11,higher=damaged
Rubizhne,s2__composite__b04__post_winter_baseline_max,0.6455659418302107,1.8926346165460478e-26,higher=damaged
Rubizhne,s2__composite__b05__post_winter_baseline_mean,0.6181573627423051,5.702865846516049e-18,higher=damaged
Rubizhne,s2__composite__b05__post_winter_baseline_std,0.6106988058209932,5.818094210395546e-16,higher=damaged
Rubizhne,s2__composite__b05__post_winter_baseline_max,0.6660470643084745,6.484782370218474e-34,higher=damaged
Rubizhne,s2__composite__b07__post_winter_baseline_mean,0.5487842882340285,0.0003616958881198354,higher=damaged
Rubizhne,s2__composite__b07__post_winter_baseline_std,0.5870875983631583,1.9291669414577958e-10,higher=damaged
Rubizhne,s2__composite__b07__post_winter_baseline_max,0.6104343560719034,6.809675153459524e-16,higher=damaged
Rubizhne,s2__composite__b08__post_winter_baseline_mean,0.5235150759245442,0.08558013149306326,higher=damaged
Rubizhne,s2__composite__b08__post_winter_baseline_std,0.5458794785234056,0.0007959654537642483,higher=damaged
Rubizhne,s2__composite__b08__post_winter_baseline_max,0.5855445640082835,3.984076720512368e-10,higher=damaged
Rubizhne,s2__composite__b11__post_winter_baseline_mean,0.5859474009096931,3.309966828811791e-10,higher=damaged
Rubizhne,s2__composite__b11__post_winter_baseline_std,0.5954512178245469,2.987058180082843e-12,higher=damaged
Rubizhne,s2__composite__b11__post_winter_baseline_max,0.6391304990846376,2.6529833710720337e-24,higher=damaged
Rubizhne,s2__composite__b12__post_winter_baseline_mean,0.6016555751535552,1.0702791184926862e-13,higher=damaged
Rubizhne,s2__composite__b12__post_winter_baseline_std,0.6211134073910006,8.40843727109016e-19,higher=damaged
Rubizhne,s2__composite__b12__post_winter_baseline_max,0.640122889904041,1.2562029598905957e-24,higher=damaged
Rubizhne,s2__composite__b8a__post_winter_baseline_mean,0.5368129192329618,0.00711640560461695,higher=damaged
Rubizhne,s2__composite__b8a__post_winter_baseline_std,0.5904115309950247,3.8461746787534054e-11,higher=damaged
Rubizhne,s2__composite__b8a__post_winter_baseline_max,0.6015455344790004,1.13737555919997e-13,higher=damaged
Rubizhne,s2__composite__cire__post_winter_baseline_mean,0.5519765241865882,0.00014472962979612854,lower=damaged
Rubizhne,s2__composite__cire__post_winter_baseline_std,0.5923644448544805,1.4515789203890679e-11,higher=damaged
Rubizhne,s2__composite__cire__post_winter_baseline_max,0.5047634407201202,0.7276571689307516,lower=damaged
Rubizhne,s2__composite__mndwi__post_winter_baseline_mean,0.5767884954851631,1.977940570137117e-08,higher=damaged
Rubizhne,s2__composite__mndwi__post_winter_baseline_std,0.5665386908293686,1.1470750583675565e-06,higher=damaged
Rubizhne,s2__composite__mndwi__post_winter_baseline_max,0.592956023520886,1.076304782027296e-11,higher=damaged
Rubizhne,s2__composite__ndbi__post_winter_baseline_mean,0.5608167518176077,8.7385380737682e-06,higher=damaged
Rubizhne,s2__composite__ndbi__post_winter_baseline_std,0.5288178039825217,0.03513206719469032,higher=damaged
Rubizhne,s2__composite__ndbi__post_winter_baseline_max,0.5679531976763635,6.765381612189894e-07,higher=damaged
Rubizhne,s2__composite__ndre__post_winter_baseline_mean,0.5567690156447909,3.32015753937503e-05,lower=damaged
Rubizhne,s2__composite__ndre__post_winter_baseline_std,0.5902055348522585,4.257568813826744e-11,higher=damaged
Rubizhne,s2__composite__ndre__post_winter_baseline_max,0.514262856007992,0.297070598159888,lower=damaged
Rubizhne,s2__composite__ndvi__post_winter_baseline_mean,0.5832953326203871,1.13173565560613e-09,lower=damaged
Rubizhne,s2__composite__ndvi__post_winter_baseline_std,0.5565258697702948,3.587756328019129e-05,higher=damaged
Rubizhne,s2__composite__ndvi__post_winter_baseline_max,0.5173982229399416,0.20338756702454197,lower=damaged
Rubizhne,s2__composite__ndwi__post_winter_baseline_mean,0.5886257028958127,9.21335787467252e-11,higher=damaged
Rubizhne,s2__composite__ndwi__post_winter_baseline_std,0.5593580526357119,1.4274337888508198e-05,higher=damaged
Rubizhne,s2__composite__ndwi__post_winter_baseline_max,0.5926192110242093,1.2764210095442326e-11,higher=damaged
Rubizhne,s2__composite__b02__prebattle_baseline_mean,0.601742111140025,1.0202609036782792e-13,higher=damaged
Rubizhne,s2__composite__b02__prebattle_baseline_std,0.5952328971262305,3.345941867784353e-12,higher=damaged
Rubizhne,s2__composite__b02__prebattle_baseline_max,0.6298559189030158,2.2314047974817333e-21,higher=damaged
Rubizhne,s2__composite__b03__prebattle_baseline_mean,0.6028375880633511,5.547547477187532e-14,higher=damaged
Rubizhne,s2__composite__b03__prebattle_baseline_std,0.6073849088986459,4.1342052873417516e-15,higher=damaged
Rubizhne,s2__composite__b03__prebattle_baseline_max,0.6338635122377554,1.2852786807594318e-22,higher=damaged
Rubizhne,s2__composite__b04__prebattle_baseline_mean,0.6019297965145453,9.19540288151066e-14,higher=damaged
Rubizhne,s2__composite__b04__prebattle_baseline_std,0.6029931415609016,5.0851665838470735e-14,higher=damaged
Rubizhne,s2__composite__b04__prebattle_baseline_max,0.6368475512340577,1.4522275659452464e-23,higher=damaged
Rubizhne,s2__composite__b05__prebattle_baseline_mean,0.5992745590538122,3.9328514861008945e-13,higher=damaged
Rubizhne,s2__composite__b05__prebattle_baseline_std,0.6191490493013914,3.015907232971484e-18,higher=damaged
Rubizhne,s2__composite__b05__prebattle_baseline_max,0.6313813467499618,7.605036717148684e-22,higher=damaged
Rubizhne,s2__composite__b07__prebattle_baseline_mean,0.5799164676837829,5.139156572245723e-09,higher=damaged
Rubizhne,s2__composite__b07__prebattle_baseline_std,0.6077729563333955,3.2958657185251114e-15,higher=damaged
Rubizhne,s2__composite__b07__prebattle_baseline_max,0.6260162916539167,3.1739499392974066e-20,higher=damaged
Rubizhne,s2__composite__b08__prebattle_baseline_mean,0.55520775855421,5.432976563542547e-05,higher=damaged
Rubizhne,s2__composite__b08__prebattle_baseline_std,0.5909105874622649,3.004075690933952e-11,higher=damaged
Rubizhne,s2__composite__b08__prebattle_baseline_max,0.6121341763798837,2.4378801010830545e-16,higher=damaged
Rubizhne,s2__composite__b11__prebattle_baseline_mean,0.5755656354769726,3.303919887225705e-08,lower=damaged
Rubizhne,s2__composite__b11__prebattle_baseline_std,0.5545442573029153,6.672628113916957e-05,higher=damaged
Rubizhne,s2__composite__b11__prebattle_baseline_max,0.5322397168310116,0.018422981642542545,lower=damaged
Rubizhne,s2__composite__b12__prebattle_baseline_mean,0.536171250051499,0.008182727642189741,higher=damaged
Rubizhne,s2__composite__b12__prebattle_baseline_std,0.5606188546684887,9.346084160572166e-06,higher=damaged
Rubizhne,s2__composite__b12__prebattle_baseline_max,0.5676586407987158,7.558083099306298e-07,higher=damaged
Rubizhne,s2__composite__b8a__prebattle_baseline_mean,0.5693184943336975,4.0244890137324257e-07,higher=damaged
Rubizhne,s2__composite__b8a__prebattle_baseline_std,0.5938567724665202,6.801562676787784e-12,higher=damaged
Rubizhne,s2__composite__b8a__prebattle_baseline_max,0.617687973240925,7.685229861598439e-18,higher=damaged
Rubizhne,s2__composite__cire__prebattle_baseline_mean,0.621163762003677,8.135413508923843e-19,lower=damaged
Rubizhne,s2__composite__cire__prebattle_baseline_std,0.5238075200212405,0.08176489110907521,lower=damaged
Rubizhne,s2__composite__cire__prebattle_baseline_max,0.6006180236413146,1.894017215734264e-13,lower=damaged
Rubizhne,s2__composite__mndwi__prebattle_baseline_mean,0.6022904658294654,7.526617718646983e-14,higher=damaged
Rubizhne,s2__composite__mndwi__prebattle_baseline_std,0.5832627605807189,1.1486912857053323e-09,higher=damaged
Rubizhne,s2__composite__mndwi__prebattle_baseline_max,0.627252268510514,1.361874347182115e-20,higher=damaged
Rubizhne,s2__composite__ndbi__prebattle_baseline_mean,0.5802895495867928,4.3611578456725045e-09,lower=damaged
Rubizhne,s2__composite__ndbi__prebattle_baseline_std,0.5696513453660903,3.5406293041234625e-07,higher=damaged
Rubizhne,s2__composite__ndbi__prebattle_baseline_max,0.5146257261364032,0.28495027077669655,lower=damaged
Rubizhne,s2__composite__ndre__prebattle_baseline_mean,0.6230571658663335,2.328721715749306e-19,lower=damaged
Rubizhne,s2__composite__ndre__prebattle_baseline_std,0.5018587190420369,0.8919141246112194,lower=damaged
Rubizhne,s2__composite__ndre__prebattle_baseline_max,0.6021751432025322,8.024921205095794e-14,lower=damaged
Rubizhne,s2__composite__ndvi__prebattle_baseline_mean,0.6421980809610618,2.5870783140539444e-25,lower=damaged
Rubizhne,s2__composite__ndvi__prebattle_baseline_std,0.5424610869765013,0.0019074339528023791,lower=damaged
Rubizhne,s2__composite__ndvi__prebattle_baseline_max,0.6004965387366064,2.0241738397079693e-13,lower=damaged
Rubizhne,s2__composite__ndwi__prebattle_baseline_mean,0.6352345310101662,4.7474109859661485e-23,higher=damaged
Rubizhne,s2__composite__ndwi__prebattle_baseline_std,0.505078773277124,0.7104160828578419,lower=damaged
Rubizhne,s2__composite__ndwi__prebattle_baseline_max,0.6561887403564755,3.3689920688062845e-30,higher=damaged
Rubizhne,s2__composite__b02__winter_baseline_mean,0.6015176281639335,1.155038186853415e-13,higher=damaged
Rubizhne,s2__composite__b02__winter_baseline_std,0.5930831425081314,1.0090602302249813e-11,higher=damaged
Rubizhne,s2__composite__b02__winter_baseline_max,0.6297212291173611,2.452438251660129e-21,higher=damaged
Rubizhne,s2__composite__b03__winter_baseline_mean,0.6024484842381259,6.892901964243765e-14,higher=damaged
Rubizhne,s2__composite__b03__winter_baseline_std,0.6021684527295194,8.054805226477821e-14,higher=damaged
Rubizhne,s2__composite__b03__winter_baseline_max,0.6347274635818185,6.869641784932109e-23,higher=damaged
Rubizhne,s2__composite__b04__winter_baseline_mean,0.6019447620462847,9.119434692969703e-14,higher=damaged
Rubizhne,s2__composite__b04__winter_baseline_std,0.6023019100596192,7.478859298204392e-14,higher=damaged
Rubizhne,s2__composite__b04__winter_baseline_max,0.6369672754879732,1.3292721640841525e-23,higher=damaged
Rubizhne,s2__composite__b05__winter_baseline_mean,0.5991249037364179,4.263839890603438e-13,higher=damaged
Rubizhne,s2__composite__b05__winter_baseline_std,0.6185217294238905,4.515427188004665e-18,higher=damaged
Rubizhne,s2__composite__b05__winter_baseline_max,0.6313364501547436,7.851208699835468e-22,higher=damaged
Rubizhne,s2__composite__b07__winter_baseline_mean,0.5816103898116068,2.4248094797532406e-09,higher=damaged
Rubizhne,s2__composite__b07__winter_baseline_std,0.6091186217343889,1.492770943730788e-15,higher=damaged
Rubizhne,s2__composite__b07__winter_baseline_max,0.6273809720834732,1.2464390564021642e-20,higher=damaged
Rubizhne,s2__composite__b08__winter_baseline_mean,0.5628255663397373,4.366999921797553e-06,higher=damaged
Rubizhne,s2__composite__b08__winter_baseline_std,0.5926384901503913,1.2640428541768126e-11,higher=damaged
Rubizhne,s2__composite__b08__winter_baseline_max,0.6146499702978212,5.192765350912392e-17,higher=damaged
Rubizhne,s2__composite__b11__winter_baseline_mean,0.56629131939297,1.2561267828528973e-06,lower=damaged
Rubizhne,s2__composite__b11__winter_baseline_std,0.5514706892137955,0.00016791306062997476,higher=damaged
Rubizhne,s2__composite__b11__winter_baseline_max,0.5271878815110187,0.04684809045946629,lower=damaged
Rubizhne,s2__composite__b12__winter_baseline_mean,0.53686529859405,0.007035130023691736,higher=damaged
Rubizhne,s2__composite__b12__winter_baseline_std,0.5609780274302351,8.271517328679368e-06,higher=damaged
Rubizhne,s2__composite__b12__winter_baseline_max,0.5735928262635575,7.43254792797781e-08,higher=damaged
Rubizhne,s2__composite__b8a__winter_baseline_mean,0.5733498564541408,8.206688066505637e-08,higher=damaged
Rubizhne,s2__composite__b8a__winter_baseline_std,0.5959507144544853,2.3019686278477193e-12,higher=damaged
Rubizhne,s2__composite__b8a__winter_baseline_max,0.6211581279211397,8.165520530969687e-19,higher=damaged
Rubizhne,s2__composite__cire__winter_baseline_mean,0.6211936930671558,7.977295541439284e-19,lower=damaged
Rubizhne,s2__composite__cire__winter_baseline_std,0.5117474142202131,0.3904317435054937,lower=damaged
Rubizhne,s2__composite__cire__winter_baseline_max,0.6007976100221877,1.716539745364119e-13,lower=damaged
Rubizhne,s2__composite__mndwi__winter_baseline_mean,0.6022904658294654,7.526617718646983e-14,higher=damaged
Rubizhne,s2__composite__mndwi__winter_baseline_std,0.5767714171724724,1.992270548143124e-08,higher=damaged
Rubizhne,s2__composite__mndwi__winter_baseline_max,0.6272672340422534,1.347926490647285e-20,higher=damaged
Rubizhne,s2__composite__ndbi__winter_baseline_mean,0.5806446728517155,3.727783742476039e-09,lower=damaged
Rubizhne,s2__composite__ndbi__winter_baseline_std,0.5674336296273864,8.223160487360648e-07,higher=damaged
Rubizhne,s2__composite__ndbi__winter_baseline_max,0.5173781515209029,0.20390945294706653,lower=damaged
Rubizhne,s2__composite__ndre__winter_baseline_mean,0.6231918556519884,2.1289162320978151e-19,lower=damaged
Rubizhne,s2__composite__ndre__winter_baseline_std,0.5055795023626174,0.6833433400279771,higher=damaged
Rubizhne,s2__composite__ndre__winter_baseline_max,0.6004771715778847,2.0457199648370146e-13,lower=damaged
Rubizhne,s2__composite__ndvi__winter_baseline_mean,0.642662012444984,1.811489194471384e-25,lower=damaged
Rubizhne,s2__composite__ndvi__winter_baseline_std,0.5378760001816992,0.005621688584796738,lower=damaged
Rubizhne,s2__composite__ndvi__winter_baseline_max,0.5998570703686346,2.868304915401595e-13,lower=damaged
Rubizhne,s2__composite__ndwi__winter_baseline_mean,0.6354590139862577,4.0292421690138604e-23,higher=damaged
Rubizhne,s2__composite__ndwi__winter_baseline_std,0.5032610773985611,0.811565049755057,lower=damaged
Rubizhne,s2__composite__ndwi__winter_baseline_max,0.657011844602144,1.682841901919454e-30,higher=damaged
Rubizhne,s1__coh__date_first_drop_max,0.5,1.0,higher=damaged
Rubizhne,s1__coh__date_first_drop_mean,0.5,1.0,higher=damaged
Rubizhne,s1__coh__date_first_drop_std,0.5,1.0,higher=damaged
Rubizhne,s1__coh__date_worst_drop_max,0.5,1.0,higher=damaged
Rubizhne,s1__coh__date_worst_drop_mean,0.5,1.0,higher=damaged
Rubizhne,s1__coh__date_worst_drop_std,0.5,1.0,higher=damaged
Rubizhne,s1__coh__drop_count_max,0.5,1.0,higher=damaged
Rubizhne,s1__coh__drop_count_mean,0.5,1.0,higher=damaged
Rubizhne,s1__coh__drop_count_std,0.5,1.0,higher=damaged
Rubizhne,s1__coh__lu_transition_mode,0.5,1.0,higher=damaged
Rubizhne,s1__coh__max_drop_max,0.5,1.0,higher=damaged
Rubizhne,s1__coh__max_drop_mean,0.5,1.0,higher=damaged
Rubizhne,s1__coh__max_drop_std,0.5,1.0,higher=damaged
Rubizhne,s1__coh__running_min_max,0.5,1.0,higher=damaged
Rubizhne,s1__coh__running_min_mean,0.5,1.0,higher=damaged
Rubizhne,s1__coh__running_min_std,0.5,1.0,higher=damaged
Sievierodonetsk,s2__composite__b02__post_winter_baseline_mean,0.6179832354089096,2.6721581058510053e-20,higher=damaged
Sievierodonetsk,s2__composite__b02__post_winter_baseline_std,0.6744499132267996,2.033071911162649e-42,higher=damaged
Sievierodonetsk,s2__composite__b02__post_winter_baseline_max,0.6811017935469539,1.4031069022406146e-45,higher=damaged
Sievierodonetsk,s2__composite__b03__post_winter_baseline_mean,0.5689845845313216,6.755469065493667e-08,higher=damaged
Sievierodonetsk,s2__composite__b03__post_winter_baseline_std,0.6831318430206292,1.4462492021079368e-46,higher=damaged
Sievierodonetsk,s2__composite__b03__post_winter_baseline_max,0.6627823970476477,3.7025380477909602e-37,higher=damaged
Sievierodonetsk,s2__composite__b04__post_winter_baseline_mean,0.5765684041940893,2.086347997976319e-09,higher=damaged
Sievierodonetsk,s2__composite__b04__post_winter_baseline_std,0.6821078182807184,4.5693927867898725e-46,higher=damaged
Sievierodonetsk,s2__composite__b04__post_winter_baseline_max,0.6619990675118768,8.092008298426458e-37,higher=damaged
Sievierodonetsk,s2__composite__b05__post_winter_baseline_mean,0.5094853447023129,0.45799416322440434,higher=damaged
Sievierodonetsk,s2__composite__b05__post_winter_baseline_std,0.7145572196049043,3.007413472782095e-63,higher=damaged
Sievierodonetsk,s2__composite__b05__post_winter_baseline_max,0.6258282746730693,7.191006904991456e-23,higher=damaged
Sievierodonetsk,s2__composite__b07__post_winter_baseline_mean,0.6082118662186861,2.52186059253963e-17,lower=damaged
Sievierodonetsk,s2__composite__b07__post_winter_baseline_std,0.7150258783015194,1.6203656114821818e-63,higher=damaged
Sievierodonetsk,s2__composite__b07__post_winter_baseline_max,0.5340683043160064,0.007685113284374034,higher=damaged
Sievierodonetsk,s2__composite__b08__post_winter_baseline_mean,0.6214022487714996,2.1217077559858577e-21,lower=damaged
Sievierodonetsk,s2__composite__b08__post_winter_baseline_std,0.6913683824184721,1.0983904320499103e-50,higher=damaged
Sievierodonetsk,s2__composite__b08__post_winter_baseline_max,0.5483252969891258,0.00015610605015469635,higher=damaged
Sievierodonetsk,s2__composite__b11__post_winter_baseline_mean,0.5427565999656683,0.0008216441188299025,lower=damaged
Sievierodonetsk,s2__composite__b11__post_winter_baseline_std,0.721343660946616,3.4056396109956194e-67,higher=damaged
Sievierodonetsk,s2__composite__b11__post_winter_baseline_max,0.5814073326756745,1.8958350302938176e-10,higher=damaged
Sievierodonetsk,s2__composite__b12__post_winter_baseline_mean,0.5065710998047658,0.6071580587400849,higher=damaged
Sievierodonetsk,s2__composite__b12__post_winter_baseline_std,0.7049465333963773,7.204349644454204e-58,higher=damaged
Sievierodonetsk,s2__composite__b12__post_winter_baseline_max,0.6144625878652739,3.3699260107284804e-19,higher=damaged
Sievierodonetsk,s2__composite__b8a__post_winter_baseline_mean,0.61840974774967,1.9556749647698635e-20,lower=damaged
Sievierodonetsk,s2__composite__b8a__post_winter_baseline_std,0.7172877327323965,8.038994562536541e-65,higher=damaged
Sievierodonetsk,s2__composite__b8a__post_winter_baseline_max,0.5206926534072475,0.10543695750620798,higher=damaged
Sievierodonetsk,s2__composite__cire__post_winter_baseline_mean,0.6745210352023047,1.8835765733564172e-42,lower=damaged
Sievierodonetsk,s2__composite__cire__post_winter_baseline_std,0.6761087674517743,3.396429266984399e-43,higher=damaged
Sievierodonetsk,s2__composite__cire__post_winter_baseline_max,0.5726592199324165,1.307583406229081e-08,lower=damaged
Sievierodonetsk,s2__composite__mndwi__post_winter_baseline_mean,0.6510384905985089,3.1620573347782564e-32,higher=damaged
Sievierodonetsk,s2__composite__mndwi__post_winter_baseline_std,0.6688782527876961,7.329238650493876e-40,higher=damaged
Sievierodonetsk,s2__composite__mndwi__post_winter_baseline_max,0.6948840909360311,1.689271961710782e-52,higher=damaged
Sievierodonetsk,s2__composite__ndbi__post_winter_baseline_mean,0.6704892533377937,1.3620298403644761e-40,higher=damaged
Sievierodonetsk,s2__composite__ndbi__post_winter_baseline_std,0.6641218609196599,9.61356084875883e-38,higher=damaged
Sievierodonetsk,s2__composite__ndbi__post_winter_baseline_max,0.7329971283404829,2.9615115813850162e-74,higher=damaged
Sievierodonetsk,s2__composite__ndre__post_winter_baseline_mean,0.6734217177537574,6.111979720458841e-42,lower=damaged
Sievierodonetsk,s2__composite__ndre__post_winter_baseline_std,0.7045077283684927,1.2513163523876577e-57,higher=damaged
Sievierodonetsk,s2__composite__ndre__post_winter_baseline_max,0.5699054385042961,4.510353292667545e-08,lower=damaged
Sievierodonetsk,s2__composite__ndvi__post_winter_baseline_mean,0.7040046062454753,2.3531850924226943e-57,lower=damaged
Sievierodonetsk,s2__composite__ndvi__post_winter_baseline_std,0.6270921165680399,2.676697211216456e-23,higher=damaged
Sievierodonetsk,s2__composite__ndvi__post_winter_baseline_max,0.5717481342554604,1.9794831577663925e-08,lower=damaged
Sievierodonetsk,s2__composite__ndwi__post_winter_baseline_mean,0.70725250979354,3.8830969674178847e-59,higher=damaged
Sievierodonetsk,s2__composite__ndwi__post_winter_baseline_std,0.6581981027993522,3.4425472302651166e-35,higher=damaged
Sievierodonetsk,s2__composite__ndwi__post_winter_baseline_max,0.7397521794275734,1.6364520697493816e-78,higher=damaged
Sievierodonetsk,s2__composite__b02__prebattle_baseline_mean,0.5940267638140169,1.881837981577553e-13,higher=damaged
Sievierodonetsk,s2__composite__b02__prebattle_baseline_std,0.6385787546366479,2.154625395623712e-27,higher=damaged
Sievierodonetsk,s2__composite__b02__prebattle_baseline_max,0.6458775376167202,3.554411972461261e-30,higher=damaged
Sievierodonetsk,s2__composite__b03__prebattle_baseline_mean,0.5629567775949972,8.396339379450473e-07,higher=damaged
Sievierodonetsk,s2__composite__b03__prebattle_baseline_std,0.6524021008202296,8.832031138748558e-33,higher=damaged
Sievierodonetsk,s2__composite__b03__prebattle_baseline_max,0.6406623651042223,3.567983301306295e-28,higher=damaged
Sievierodonetsk,s2__composite__b04__prebattle_baseline_mean,0.5650549856285317,3.5788901300933447e-07,higher=damaged
Sievierodonetsk,s2__composite__b04__prebattle_baseline_std,0.655958858132293,3.002631103378683e-34,higher=damaged
Sievierodonetsk,s2__composite__b04__prebattle_baseline_max,0.6582663711153462,3.2106896416339054e-35,higher=damaged
Sievierodonetsk,s2__composite__b05__prebattle_baseline_mean,0.5144284317560499,0.25893325509864873,higher=damaged
Sievierodonetsk,s2__composite__b05__prebattle_baseline_std,0.7099909253627552,1.1603810061241433e-60,higher=damaged
Sievierodonetsk,s2__composite__b05__prebattle_baseline_max,0.6389436937856515,1.5781148919073745e-27,higher=damaged
Sievierodonetsk,s2__composite__b07__prebattle_baseline_mean,0.571579548832041,2.1361827061252662e-08,lower=damaged
Sievierodonetsk,s2__composite__b07__prebattle_baseline_std,0.7092072665585788,3.1836221275530553e-60,higher=damaged
Sievierodonetsk,s2__composite__b07__prebattle_baseline_max,0.5644792049441187,4.533001517514719e-07,higher=damaged
Sievierodonetsk,s2__composite__b08__prebattle_baseline_mean,0.5825880891764207,1.0337177028203764e-10,lower=damaged
Sievierodonetsk,s2__composite__b08__prebattle_baseline_std,0.6783293535758769,3.015379132196012e-44,higher=damaged
Sievierodonetsk,s2__composite__b08__prebattle_baseline_max,0.5807777714850927,2.6052300459194833e-10,higher=damaged
Sievierodonetsk,s2__composite__b11__prebattle_baseline_mean,0.5023587690981162,0.8535830104638114,higher=damaged
Sievierodonetsk,s2__composite__b11__prebattle_baseline_std,0.7281105656962907,2.9925436585906643e-71,higher=damaged
Sievierodonetsk,s2__composite__b11__prebattle_baseline_max,0.6240152130783654,2.9184164711226843e-22,higher=damaged
Sievierodonetsk,s2__composite__b12__prebattle_baseline_mean,0.5277355948365445,0.02999857662590325,higher=damaged
Sievierodonetsk,s2__composite__b12__prebattle_baseline_std,0.7170954399838088,1.0390206535647908e-64,higher=damaged
Sievierodonetsk,s2__composite__b12__prebattle_baseline_max,0.6355611194598945,2.773494384115071e-26,higher=damaged
Sievierodonetsk,s2__composite__b8a__prebattle_baseline_mean,0.585145736391227,2.7002637879216132e-11,lower=damaged
Sievierodonetsk,s2__composite__b8a__prebattle_baseline_std,0.7144004878440691,3.69729010372214e-63,higher=damaged
Sievierodonetsk,s2__composite__b8a__prebattle_baseline_max,0.559037386012766,3.851165261904853e-06,higher=damaged
Sievierodonetsk,s2__composite__cire__prebattle_baseline_mean,0.6596997862389514,7.910633903632199e-36,lower=damaged
Sievierodonetsk,s2__composite__cire__prebattle_baseline_std,0.6448776592265177,8.73684327484198e-30,higher=damaged
Sievierodonetsk,s2__composite__cire__prebattle_baseline_max,0.578431843854776,8.423274725836825e-10,lower=damaged
Sievierodonetsk,s2__composite__mndwi__prebattle_baseline_mean,0.5769072213829537,1.7718863979210801e-09,higher=damaged
Sievierodonetsk,s2__composite__mndwi__prebattle_baseline_std,0.6385548277992096,2.2018511024866005e-27,higher=damaged
Sievierodonetsk,s2__composite__mndwi__prebattle_baseline_max,0.6351591924933828,3.8809968466512406e-26,higher=damaged
Sievierodonetsk,s2__composite__ndbi__prebattle_baseline_mean,0.6406182431379368,3.7212446507864303e-28,higher=damaged
Sievierodonetsk,s2__composite__ndbi__prebattle_baseline_std,0.6402705357021341,5.030162085916961e-28,higher=damaged
Sievierodonetsk,s2__composite__ndbi__prebattle_baseline_max,0.7161813908912067,3.496594495710027e-64,higher=damaged
Sievierodonetsk,s2__composite__ndre__prebattle_baseline_mean,0.6440571223609686,1.8153195494099235e-29,lower=damaged
Sievierodonetsk,s2__composite__ndre__prebattle_baseline_std,0.679646427196341,7.055419130666364e-45,higher=damaged
Sievierodonetsk,s2__composite__ndre__prebattle_baseline_max,0.5555251896915282,1.3962373226275299e-05,lower=damaged
Sievierodonetsk,s2__composite__ndvi__prebattle_baseline_mean,0.6839605018401713,5.674327059647694e-47,lower=damaged
Sievierodonetsk,s2__composite__ndvi__prebattle_baseline_std,0.5966464232451202,3.972141931404481e-14,higher=damaged
Sievierodonetsk,s2__composite__ndvi__prebattle_baseline_max,0.569964706817217,4.3938323115020556e-08,lower=damaged
Sievierodonetsk,s2__composite__ndwi__prebattle_baseline_mean,0.6697203018557129,3.0471755167110533e-40,higher=damaged
Sievierodonetsk,s2__composite__ndwi__prebattle_baseline_std,0.6477677577743561,6.43511629365324e-31,higher=damaged
Sievierodonetsk,s2__composite__ndwi__prebattle_baseline_max,0.7063893875475957,1.1630363228822619e-58,higher=damaged
Sievierodonetsk,s2__composite__b02__winter_baseline_mean,0.5996704242777059,6.264228491138562e-15,higher=damaged
Sievierodonetsk,s2__composite__b02__winter_baseline_std,0.636510729540249,1.249074481901227e-26,higher=damaged
Sievierodonetsk,s2__composite__b02__winter_baseline_max,0.6497438072295927,1.0488671599995899e-31,higher=damaged
Sievierodonetsk,s2__composite__b03__winter_baseline_mean,0.5755912453238399,3.3292242360511664e-09,higher=damaged
Sievierodonetsk,s2__composite__b03__winter_baseline_std,0.6511126857457952,2.950919761998387e-32,higher=damaged
Sievierodonetsk,s2__composite__b03__winter_baseline_max,0.6496381120715504,1.1563496994157662e-31,higher=damaged
Sievierodonetsk,s2__composite__b04__winter_baseline_mean,0.5622686066283047,1.1043076419212843e-06,higher=damaged
Sievierodonetsk,s2__composite__b04__winter_baseline_std,0.6578152734003372,4.99740856981992e-35,higher=damaged
Sievierodonetsk,s2__composite__b04__winter_baseline_max,0.6533775035923183,3.5118835083377854e-33,higher=damaged
Sievierodonetsk,s2__composite__b05__winter_baseline_mean,0.5311067545242576,0.01493798716998544,higher=damaged
Sievierodonetsk,s2__composite__b05__winter_baseline_std,0.7046644601293278,1.0275054212030177e-57,higher=damaged
Sievierodonetsk,s2__composite__b05__winter_baseline_max,0.6460732328054942,2.988222863333063e-30,higher=damaged
Sievierodonetsk,s2__composite__b07__winter_baseline_mean,0.5494688461600938,0.00010857439411209892,lower=damaged
Sievierodonetsk,s2__composite__b07__winter_baseline_std,0.7143036829329648,4.1999876977194656e-63,higher=damaged
Sievierodonetsk,s2__composite__b07__winter_baseline_max,0.5962241913936263,5.118271000973796e-14,higher=damaged
Sievierodonetsk,s2__composite__b08__winter_baseline_mean,0.5687932795879491,7.342246775488993e-08,lower=damaged
Sievierodonetsk,s2__composite__b08__winter_baseline_std,0.6847075020952446,2.4325911501343963e-47,higher=damaged
Sievierodonetsk,s2__composite__b08__winter_baseline_max,0.6044138649218076,3.092812863945348e-16,higher=damaged
Sievierodonetsk,s2__composite__b11__winter_baseline_mean,0.5010793418319704,0.9327046829984026,lower=damaged
Sievierodonetsk,s2__composite__b11__winter_baseline_std,0.7214468317135523,2.9598383760467294e-67,higher=damaged
Sievierodonetsk,s2__composite__b11__winter_baseline_max,0.6146893440402638,2.8688305352400635e-19,higher=damaged
Sievierodonetsk,s2__composite__b12__winter_baseline_mean,0.5187467868891468,0.1424311913166517,higher=damaged
Sievierodonetsk,s2__composite__b12__winter_baseline_std,0.7127350482509921,3.287895069457743e-62,higher=damaged
Sievierodonetsk,s2__composite__b12__winter_baseline_max,0.6248969938672663,1.4803148008438297e-22,higher=damaged
Sievierodonetsk,s2__composite__b8a__winter_baseline_mean,0.5594105568718974,3.344304545086256e-06,lower=damaged
Sievierodonetsk,s2__composite__b8a__winter_baseline_std,0.7140756096843546,5.670078884065988e-63,higher=damaged
Sievierodonetsk,s2__composite__b8a__winter_baseline_max,0.5902779332656358,1.6222816108598698e-12,higher=damaged
Sievierodonetsk,s2__composite__cire__winter_baseline_mean,0.6390447791860222,1.4470114352108641e-27,lower=damaged
Sievierodonetsk,s2__composite__cire__winter_baseline_std,0.677115670234619,1.137011278990189e-43,higher=damaged
Sievierodonetsk,s2__composite__cire__winter_baseline_max,0.5455906131285021,0.00036089813174403193,lower=damaged
Sievierodonetsk,s2__composite__mndwi__winter_baseline_mean,0.593794300320005,2.1560706989101574e-13,higher=damaged
Sievierodonetsk,s2__composite__mndwi__winter_baseline_std,0.6298610443427956,2.9688610342676126e-24,higher=damaged
Sievierodonetsk,s2__composite__mndwi__winter_baseline_max,0.6399070233828861,6.887862682731101e-28,higher=damaged
Sievierodonetsk,s2__composite__ndbi__winter_baseline_mean,0.6062608411622383,9.240084674543395e-17,higher=damaged
Sievierodonetsk,s2__composite__ndbi__winter_baseline_std,0.6444941712906926,1.2302949610998368e-29,higher=damaged
Sievierodonetsk,s2__composite__ndbi__winter_baseline_max,0.6920283460584598,5.045532699890386e-51,higher=damaged
Sievierodonetsk,s2__composite__ndre__winter_baseline_mean,0.6236916519922714,3.7358078495509555e-22,lower=damaged
Sievierodonetsk,s2__composite__ndre__winter_baseline_std,0.6914245775596118,1.0257266599884792e-50,higher=damaged
Sievierodonetsk,s2__composite__ndre__winter_baseline_max,0.5274278386338961,0.031870634420752955,lower=damaged
Sievierodonetsk,s2__composite__ndvi__winter_baseline_mean,0.6594534934719246,1.0077864475798608e-35,lower=damaged
Sievierodonetsk,s2__composite__ndvi__winter_baseline_std,0.621292602392596,2.303801463832887e-21,higher=damaged
Sievierodonetsk,s2__composite__ndvi__winter_baseline_max,0.5295305466689672,0.020857630227827537,lower=damaged
Sievierodonetsk,s2__composite__ndwi__winter_baseline_mean,0.6543790283245463,1.3623764508782859e-33,higher=damaged
Sievierodonetsk,s2__composite__ndwi__winter_baseline_std,0.6552654188711187,5.847590167018934e-34,higher=damaged
Sievierodonetsk,s2__composite__ndwi__winter_baseline_max,0.6951483837092042,1.2304978866842286e-52,higher=damaged
Sievierodonetsk,s1__coh__date_first_drop_max,0.5107123085359102,0.009698997009514375,lower=damaged
Sievierodonetsk,s1__coh__date_first_drop_mean,0.5783564413900042,7.435036882838274e-34,higher=damaged
Sievierodonetsk,s1__coh__date_first_drop_std,0.5395718061952508,8.862637878173555e-10,lower=damaged
Sievierodonetsk,s1__coh__date_worst_drop_max,0.5359687317942011,1.957955490539225e-06,lower=damaged
Sievierodonetsk,s1__coh__date_worst_drop_mean,0.6399918648752709,1.3292147105939318e-46,higher=damaged
Sievierodonetsk,s1__coh__date_worst_drop_std,0.630659300712932,9.55307509741805e-41,lower=damaged
Sievierodonetsk,s1__coh__drop_count_max,0.5302899493672998,1.2182774424138543e-13,lower=damaged
Sievierodonetsk,s1__coh__drop_count_mean,0.5180855061755386,0.0035952643775680106,lower=damaged
Sievierodonetsk,s1__coh__drop_count_std,0.5182368598857571,0.003067337916608266,lower=damaged
Sievierodonetsk,s1__coh__lu_transition_mode,0.5981843262092821,3.9056408363089955e-31,higher=damaged
Sievierodonetsk,s1__coh__max_drop_max,0.6221263099943498,8.141590720339506e-36,higher=damaged
Sievierodonetsk,s1__coh__max_drop_mean,0.5732143664634421,6.909759145131515e-14,higher=damaged
Sievierodonetsk,s1__coh__max_drop_std,0.6203548459748255,7.817337826163473e-35,higher=damaged
Sievierodonetsk,s1__coh__running_min_max,0.549324407086383,4.518383466187826e-07,higher=damaged
Sievierodonetsk,s1__coh__running_min_mean,0.5052803676567109,0.5890917001343072,higher=damaged
Sievierodonetsk,s1__coh__running_min_std,0.599732985274678,1.9355211109737017e-24,higher=damaged
Trostianets,s2__composite__b02__post_winter_baseline_mean,0.713499254501663,0.0006243147617097924,higher=damaged
Trostianets,s2__composite__b02__post_winter_baseline_std,0.7304354474901557,0.00022232959821377816,higher=damaged
Trostianets,s2__composite__b02__post_winter_baseline_max,0.7357877432427266,0.00015797903310445411,higher=damaged
Trostianets,s2__composite__b03__post_winter_baseline_mean,0.6894967567636452,0.0023955212877850825,higher=damaged
Trostianets,s2__composite__b03__post_winter_baseline_std,0.7238725134125983,0.00033445982861686946,higher=damaged
Trostianets,s2__composite__b03__post_winter_baseline_max,0.7222477093448534,0.00036944415323309,higher=damaged
Trostianets,s2__composite__b04__post_winter_baseline_mean,0.6683551885409896,0.006986512982956934,higher=damaged
Trostianets,s2__composite__b04__post_winter_baseline_std,0.7115112589364225,0.0007015527108989695,higher=damaged
Trostianets,s2__composite__b04__post_winter_baseline_max,0.7041104357023614,0.001073996724350011,higher=damaged
Trostianets,s2__composite__b05__post_winter_baseline_mean,0.6382230378101466,0.02678188841917452,higher=damaged
Trostianets,s2__composite__b05__post_winter_baseline_std,0.5650431369550535,0.2973522001263329,higher=damaged
Trostianets,s2__composite__b05__post_winter_baseline_max,0.6640032623516969,0.008595014539068073,higher=damaged
Trostianets,s2__composite__b07__post_winter_baseline_mean,0.5192172904639931,0.7581704664401154,higher=damaged
Trostianets,s2__composite__b07__post_winter_baseline_std,0.6718086936575295,0.00590840850642254,higher=damaged
Trostianets,s2__composite__b07__post_winter_baseline_max,0.6199264696512088,0.05465179519189298,higher=damaged
Trostianets,s2__composite__b08__post_winter_baseline_mean,0.5418944578251839,0.5020549136951471,higher=damaged
Trostianets,s2__composite__b08__post_winter_baseline_std,0.6894266671764092,0.0024029981301134204,higher=damaged
Trostianets,s2__composite__b08__post_winter_baseline_max,0.672369410355418,0.005736514522826939,higher=damaged
Trostianets,s2__composite__b11__post_winter_baseline_mean,0.5725809534732577,0.24486766703107998,higher=damaged
Trostianets,s2__composite__b11__post_winter_baseline_std,0.6558601266709996,0.01251503139050969,higher=damaged
Trostianets,s2__composite__b11__post_winter_baseline_max,0.6035924099348805,0.09695484500320906,higher=damaged
Trostianets,s2__composite__b12__post_winter_baseline_mean,0.6363497342967465,0.028913314636150954,higher=damaged
Trostianets,s2__composite__b12__post_winter_baseline_std,0.6520051993730168,0.014870719717135508,higher=damaged
Trostianets,s2__composite__b12__post_winter_baseline_max,0.6883976246001706,0.002539252209351581,higher=damaged
Trostianets,s2__composite__b8a__post_winter_baseline_mean,0.5072319710466286,0.9077903929447424,higher=damaged
Trostianets,s2__composite__b8a__post_winter_baseline_std,0.6403257254272279,0.024552396272872663,higher=damaged
Trostianets,s2__composite__b8a__post_winter_baseline_max,0.57213492882721,0.2477510439506031,higher=damaged
Trostianets,s2__composite__cire__post_winter_baseline_mean,0.6024837201004192,0.10058278682785327,lower=damaged
Trostianets,s2__composite__cire__post_winter_baseline_std,0.6013622867046424,0.10436167707640776,higher=damaged
Trostianets,s2__composite__cire__post_winter_baseline_max,0.5927030367906615,0.13745908534343718,lower=damaged
Trostianets,s2__composite__mndwi__post_winter_baseline_mean,0.6377196671381785,0.027340849129387928,higher=damaged
Trostianets,s2__composite__mndwi__post_winter_baseline_std,0.8047622688636565,1.044188227422537e-06,higher=damaged
Trostianets,s2__composite__mndwi__post_winter_baseline_max,0.7088351110601369,0.0008195920221819521,higher=damaged
Trostianets,s2__composite__ndbi__post_winter_baseline_mean,0.5273986568286373,0.660694323608562,lower=damaged
Trostianets,s2__composite__ndbi__post_winter_baseline_std,0.7369091766385035,0.00014709705879516725,higher=damaged
Trostianets,s2__composite__ndbi__post_winter_baseline_max,0.5643932153279556,0.30217659546142783,higher=damaged
Trostianets,s2__composite__ndre__post_winter_baseline_mean,0.5993488040167705,0.11142866220297898,lower=damaged
Trostianets,s2__composite__ndre__post_winter_baseline_std,0.6128633507920124,0.07055257995273584,higher=damaged
Trostianets,s2__composite__ndre__post_winter_baseline_max,0.5377145697136522,0.5456804088320928,lower=damaged
Trostianets,s2__composite__ndvi__post_winter_baseline_mean,0.6029170011851512,0.09915229682485856,lower=damaged
Trostianets,s2__composite__ndvi__post_winter_baseline_std,0.654872500669037,0.013084732239535645,higher=damaged
Trostianets,s2__composite__ndvi__post_winter_baseline_max,0.5384282091473283,0.5381056683332974,higher=damaged
Trostianets,s2__composite__ndwi__post_winter_baseline_mean,0.591498770246333,0.14261758734238014,higher=damaged
Trostianets,s2__composite__ndwi__post_winter_baseline_std,0.6493226797160735,0.01673263491552225,higher=damaged
Trostianets,s2__composite__ndwi__post_winter_baseline_max,0.6677944718431014,0.007177337652678752,higher=damaged
Trostianets,s2__composite__b02__prebattle_baseline_mean,0.6642963642619566,0.00847709191080787,higher=damaged
Trostianets,s2__composite__b02__prebattle_baseline_std,0.7513922340737342,5.625805817953755e-05,higher=damaged
Trostianets,s2__composite__b02__prebattle_baseline_max,0.6936224847395853,0.0019199621341660753,higher=damaged
Trostianets,s2__composite__b03__prebattle_baseline_mean,0.659829746020823,0.010440615870838887,higher=damaged
Trostianets,s2__composite__b03__prebattle_baseline_std,0.7616061984682239,2.7694817295820627e-05,higher=damaged
Trostianets,s2__composite__b03__prebattle_baseline_max,0.6954002115431179,0.0017431539820406425,higher=damaged
Trostianets,s2__composite__b04__prebattle_baseline_mean,0.6657873609358871,0.007899336190090086,higher=damaged
Trostianets,s2__composite__b04__prebattle_baseline_std,0.7707178448089104,1.440256959203083e-05,higher=damaged
Trostianets,s2__composite__b04__prebattle_baseline_max,0.7133781906691645,0.0006287822953205479,higher=damaged
Trostianets,s2__composite__b05__prebattle_baseline_mean,0.668954135922825,0.006787722113169272,higher=damaged
Trostianets,s2__composite__b05__prebattle_baseline_std,0.7407067579105657,0.00011489610179853296,higher=damaged
Trostianets,s2__composite__b05__prebattle_baseline_max,0.6856864319302673,0.002928136840149327,higher=damaged
Trostianets,s2__composite__b07__prebattle_baseline_mean,0.668884046335589,0.006810719296779222,higher=damaged
Trostianets,s2__composite__b07__prebattle_baseline_std,0.7070573842566044,0.0009079192016983523,higher=damaged
Trostianets,s2__composite__b07__prebattle_baseline_max,0.6819971709293879,0.0035447040352702508,higher=damaged
Trostianets,s2__composite__b08__prebattle_baseline_mean,0.6655802780645079,0.007973624545770396,higher=damaged
Trostianets,s2__composite__b08__prebattle_baseline_std,0.7460208229791896,8.083371388785504e-05,higher=damaged
Trostianets,s2__composite__b08__prebattle_baseline_max,0.7102974347211072,0.0007529850144502509,higher=damaged
Trostianets,s2__composite__b11__prebattle_baseline_mean,0.6283467777905213,0.03974052072608223,lower=damaged
Trostianets,s2__composite__b11__prebattle_baseline_std,0.5425061487683348,0.4958585151885715,higher=damaged
Trostianets,s2__composite__b11__prebattle_baseline_max,0.5856176166991627,0.1701285010826551,lower=damaged
Trostianets,s2__composite__b12__prebattle_baseline_mean,0.5393584891233705,0.5283113293836883,lower=damaged
Trostianets,s2__composite__b12__prebattle_baseline_std,0.5752571013495431,0.22790017835378606,higher=damaged
Trostianets,s2__composite__b12__prebattle_baseline_max,0.5283321226950084,0.6498924703340265,lower=damaged
Trostianets,s2__composite__b8a__prebattle_baseline_mean,0.6707446062876731,0.006223416162485012,higher=damaged
Trostianets,s2__composite__b8a__prebattle_baseline_std,0.7521122452880682,5.356139602501495e-05,higher=damaged
Trostianets,s2__composite__b8a__prebattle_baseline_max,0.6874832740757733,0.0026647831903565274,higher=damaged
Trostianets,s2__composite__cire__prebattle_baseline_mean,0.6423073492118108,0.022600296684254312,lower=damaged
Trostianets,s2__composite__cire__prebattle_baseline_std,0.5435574925768756,0.48526095069268516,lower=damaged
Trostianets,s2__composite__cire__prebattle_baseline_max,0.6207324999044233,0.053059899224579765,lower=damaged
Trostianets,s2__composite__mndwi__prebattle_baseline_mean,0.6697123778211059,0.006543358853035491,higher=damaged
Trostianets,s2__composite__mndwi__prebattle_baseline_std,0.7746237463521555,1.0814299300346489e-05,higher=damaged
Trostianets,s2__composite__mndwi__prebattle_baseline_max,0.689037988556282,0.002454582852812815,higher=damaged
Trostianets,s2__composite__ndbi__prebattle_baseline_mean,0.6778491417211454,0.00437732718332981,lower=damaged
Trostianets,s2__composite__ndbi__prebattle_baseline_std,0.6919116616329599,0.002105524356730582,higher=damaged
Trostianets,s2__composite__ndbi__prebattle_baseline_max,0.6550063080628512,0.01300622740873775,lower=damaged
Trostianets,s2__composite__ndre__prebattle_baseline_mean,0.6481439002943763,0.01761356671911045,lower=damaged
Trostianets,s2__composite__ndre__prebattle_baseline_std,0.5030966853997019,0.9604675899633888,lower=damaged
Trostianets,s2__composite__ndre__prebattle_baseline_max,0.6338010220336175,0.03204661778621385,lower=damaged
Trostianets,s2__composite__ndvi__prebattle_baseline_mean,0.6584661849600489,0.011115839221617166,lower=damaged
Trostianets,s2__composite__ndvi__prebattle_baseline_std,0.5291062940449338,0.6409892973499427,higher=damaged
Trostianets,s2__composite__ndvi__prebattle_baseline_max,0.5990493303258528,0.11251129475401885,lower=damaged
Trostianets,s2__composite__ndwi__prebattle_baseline_mean,0.6325266659020529,0.033719527646247804,higher=damaged
Trostianets,s2__composite__ndwi__prebattle_baseline_std,0.6041148959488218,0.0952817888536281,higher=damaged
Trostianets,s2__composite__ndwi__prebattle_baseline_max,0.6882096570707651,0.0025646077836658653,higher=damaged
Trostianets,s2__composite__b02__winter_baseline_mean,0.6642963642619566,0.00847709191080787,higher=damaged
Trostianets,s2__composite__b02__winter_baseline_std,0.7513922340737342,5.625805817953755e-05,higher=damaged
Trostianets,s2__composite__b02__winter_baseline_max,0.6936224847395853,0.0019199621341660753,higher=damaged
Trostianets,s2__composite__b03__winter_baseline_mean,0.659829746020823,0.010440615870838887,higher=damaged
Trostianets,s2__composite__b03__winter_baseline_std,0.7616061984682239,2.7694817295820627e-05,higher=damaged
Trostianets,s2__composite__b03__winter_baseline_max,0.6954002115431179,0.0017431539820406425,higher=damaged
Trostianets,s2__composite__b04__winter_baseline_mean,0.6657873609358871,0.007899336190090086,higher=damaged
Trostianets,s2__composite__b04__winter_baseline_std,0.7707178448089104,1.440256959203083e-05,higher=damaged
Trostianets,s2__composite__b04__winter_baseline_max,0.7133781906691645,0.0006287822953205479,higher=damaged
Trostianets,s2__composite__b05__winter_baseline_mean,0.668954135922825,0.006787722113169272,higher=damaged
Trostianets,s2__composite__b05__winter_baseline_std,0.7407067579105657,0.00011489610179853296,higher=damaged
Trostianets,s2__composite__b05__winter_baseline_max,0.6856864319302673,0.002928136840149327,higher=damaged
Trostianets,s2__composite__b07__winter_baseline_mean,0.668884046335589,0.006810719296779222,higher=damaged
Trostianets,s2__composite__b07__winter_baseline_std,0.7070573842566044,0.0009079192016983523,higher=damaged
Trostianets,s2__composite__b07__winter_baseline_max,0.6819971709293879,0.0035447040352702508,higher=damaged
Trostianets,s2__composite__b08__winter_baseline_mean,0.6655802780645079,0.007973624545770396,higher=damaged
Trostianets,s2__composite__b08__winter_baseline_std,0.7460208229791896,8.083371388785504e-05,higher=damaged
Trostianets,s2__composite__b08__winter_baseline_max,0.7102974347211072,0.0007529850144502509,higher=damaged
Trostianets,s2__composite__b11__winter_baseline_mean,0.6283467777905213,0.03974052072608223,lower=damaged
Trostianets,s2__composite__b11__winter_baseline_std,0.5425061487683348,0.4958585151885715,higher=damaged
Trostianets,s2__composite__b11__winter_baseline_max,0.5856176166991627,0.1701285010826551,lower=damaged
Trostianets,s2__composite__b12__winter_baseline_mean,0.5393584891233705,0.5283113293836883,lower=damaged
Trostianets,s2__composite__b12__winter_baseline_std,0.5752571013495431,0.22790017835378606,higher=damaged
Trostianets,s2__composite__b12__winter_baseline_max,0.5283321226950084,0.6498924703340265,lower=damaged
Trostianets,s2__composite__b8a__winter_baseline_mean,0.6707446062876731,0.006223416162485012,higher=damaged
Trostianets,s2__composite__b8a__winter_baseline_std,0.7521122452880682,5.356139602501495e-05,higher=damaged
Trostianets,s2__composite__b8a__winter_baseline_max,0.6874832740757733,0.0026647831903565274,higher=damaged
Trostianets,s2__composite__cire__winter_baseline_mean,0.6423073492118108,0.022600296684254312,lower=damaged
Trostianets,s2__composite__cire__winter_baseline_std,0.5435574925768756,0.48526095069268516,lower=damaged
Trostianets,s2__composite__cire__winter_baseline_max,0.6207324999044233,0.053059899224579765,lower=damaged
Trostianets,s2__composite__mndwi__winter_baseline_mean,0.6697123778211059,0.006543358853035491,higher=damaged
Trostianets,s2__composite__mndwi__winter_baseline_std,0.7746237463521555,1.0814299300346489e-05,higher=damaged
Trostianets,s2__composite__mndwi__winter_baseline_max,0.689037988556282,0.002454582852812815,higher=damaged
Trostianets,s2__composite__ndbi__winter_baseline_mean,0.6778491417211454,0.00437732718332981,lower=damaged
Trostianets,s2__composite__ndbi__winter_baseline_std,0.6919116616329599,0.002105524356730582,higher=damaged
Trostianets,s2__composite__ndbi__winter_baseline_max,0.6550063080628512,0.01300622740873775,lower=damaged
Trostianets,s2__composite__ndre__winter_baseline_mean,0.6481439002943763,0.01761356671911045,lower=damaged
Trostianets,s2__composite__ndre__winter_baseline_std,0.5030966853997019,0.9604675899633888,lower=damaged
Trostianets,s2__composite__ndre__winter_baseline_max,0.6338010220336175,0.03204661778621385,lower=damaged
Trostianets,s2__composite__ndvi__winter_baseline_mean,0.6584661849600489,0.011115839221617166,lower=damaged
Trostianets,s2__composite__ndvi__winter_baseline_std,0.5291062940449338,0.6409892973499427,higher=damaged
Trostianets,s2__composite__ndvi__winter_baseline_max,0.5990493303258528,0.11251129475401885,lower=damaged
Trostianets,s2__composite__ndwi__winter_baseline_mean,0.6325266659020529,0.033719527646247804,higher=damaged
Trostianets,s2__composite__ndwi__winter_baseline_std,0.6041148959488218,0.0952817888536281,higher=damaged
Trostianets,s2__composite__ndwi__winter_baseline_max,0.6882096570707651,0.0025646077836658653,higher=damaged
Trostianets,s1__coh__date_first_drop_max,0.5,1.0,higher=damaged
Trostianets,s1__coh__date_first_drop_mean,0.5,1.0,higher=damaged
Trostianets,s1__coh__date_first_drop_std,0.5,1.0,higher=damaged
Trostianets,s1__coh__date_worst_drop_max,0.5,1.0,higher=damaged
Trostianets,s1__coh__date_worst_drop_mean,0.5,1.0,higher=damaged
Trostianets,s1__coh__date_worst_drop_std,0.5,1.0,higher=damaged
Trostianets,s1__coh__drop_count_max,0.5,1.0,higher=damaged
Trostianets,s1__coh__drop_count_mean,0.5,1.0,higher=damaged
Trostianets,s1__coh__drop_count_std,0.5,1.0,higher=damaged
Trostianets,s1__coh__lu_transition_mode,0.5,1.0,higher=damaged
Trostianets,s1__coh__max_drop_max,0.5,1.0,higher=damaged
Trostianets,s1__coh__max_drop_mean,0.5,1.0,higher=damaged
Trostianets,s1__coh__max_drop_std,0.5,1.0,higher=damaged
Trostianets,s1__coh__running_min_max,0.5,1.0,higher=damaged
Trostianets,s1__coh__running_min_mean,0.5,1.0,higher=damaged
Trostianets,s1__coh__running_min_std,0.5,1.0,higher=damaged
Volnovakha,s2__composite__b02__post_winter_baseline_mean,0.5225527007703308,0.30687442021349,higher=damaged
Volnovakha,s2__composite__b02__post_winter_baseline_std,0.5747271553115918,0.0007097835795819337,higher=damaged
Volnovakha,s2__composite__b02__post_winter_baseline_max,0.5418086627611975,0.05819217963254921,higher=damaged
Volnovakha,s2__composite__b03__post_winter_baseline_mean,0.5855549148945984,0.00010605992064922519,higher=damaged
Volnovakha,s2__composite__b03__post_winter_baseline_std,0.5504363669910974,0.022304061339370778,higher=damaged
Volnovakha,s2__composite__b03__post_winter_baseline_max,0.5716707412703538,0.0011653336066438777,higher=damaged
Volnovakha,s2__composite__b04__post_winter_baseline_mean,0.5517387794639973,0.01907004216447888,higher=damaged
Volnovakha,s2__composite__b04__post_winter_baseline_std,0.5446916370681305,0.04288086345387981,higher=damaged
Volnovakha,s2__composite__b04__post_winter_baseline_max,0.5410221873702662,0.0630818802663538,higher=damaged
Volnovakha,s2__composite__b05__post_winter_baseline_mean,0.5573098390147146,0.009415935816652834,higher=damaged
Volnovakha,s2__composite__b05__post_winter_baseline_std,0.5293205406153421,0.18403337117030805,lower=damaged
Volnovakha,s2__composite__b05__post_winter_baseline_max,0.5555027907191291,0.011913439762892287,higher=damaged
Volnovakha,s2__composite__b07__post_winter_baseline_mean,0.5911827113796762,3.607550145692976e-05,higher=damaged
Volnovakha,s2__composite__b07__post_winter_baseline_std,0.5778961206697726,0.00041657666518815065,lower=damaged
Volnovakha,s2__composite__b07__post_winter_baseline_max,0.6068905392315143,1.2791715919875144e-06,higher=damaged
Volnovakha,s2__composite__b08__post_winter_baseline_mean,0.5878414594769131,6.894677137659349e-05,higher=damaged
Volnovakha,s2__composite__b08__post_winter_baseline_std,0.5910161907837077,3.7278360202330526e-05,lower=damaged
Volnovakha,s2__composite__b08__post_winter_baseline_max,0.585266156188016,0.00011190667464033823,higher=damaged
Volnovakha,s2__composite__b11__post_winter_baseline_mean,0.5578271599243507,0.00879271950642291,lower=damaged
Volnovakha,s2__composite__b11__post_winter_baseline_std,0.5845057428848195,0.00012879187008618217,lower=damaged
Volnovakha,s2__composite__b11__post_winter_baseline_max,0.5683061949351909,0.001969143084910452,lower=damaged
Volnovakha,s2__composite__b12__post_winter_baseline_mean,0.5917590756031182,3.217996150052772e-05,lower=damaged
Volnovakha,s2__composite__b12__post_winter_baseline_std,0.5360989898058028,0.10193280644282214,lower=damaged
Volnovakha,s2__composite__b12__post_winter_baseline_max,0.5910733889939573,3.6849131703038265e-05,lower=damaged
Volnovakha,s2__composite__b8a__post_winter_baseline_mean,0.593334563402371,2.3497061819776497e-05,higher=damaged
Volnovakha,s2__composite__b8a__post_winter_baseline_std,0.57068361086766,0.0013620975831213035,lower=damaged
Volnovakha,s2__composite__b8a__post_winter_baseline_max,0.6061317403939296,1.5200358161521093e-06,higher=damaged
Volnovakha,s2__composite__cire__post_winter_baseline_mean,0.5830162830388856,0.00016905059325143823,higher=damaged
Volnovakha,s2__composite__cire__post_winter_baseline_std,0.5277129941417962,0.20925147348968887,higher=damaged
Volnovakha,s2__composite__cire__post_winter_baseline_max,0.6134558789612067,2.74119307566532e-07,higher=damaged
Volnovakha,s2__composite__mndwi__post_winter_baseline_mean,0.5578578347709765,0.008756950424911227,higher=damaged
Volnovakha,s2__composite__mndwi__post_winter_baseline_std,0.552629733843812,0.01710113392664457,higher=damaged
Volnovakha,s2__composite__mndwi__post_winter_baseline_max,0.5588652613127911,0.007652164210412126,higher=damaged
Volnovakha,s2__composite__ndbi__post_winter_baseline_mean,0.5977051524516813,9.564425240399524e-06,lower=damaged
Volnovakha,s2__composite__ndbi__post_winter_baseline_std,0.5724991927671941,0.0010206664621677975,lower=damaged
Volnovakha,s2__composite__ndbi__post_winter_baseline_max,0.5904243738179805,4.1868807766952725e-05,lower=damaged
Volnovakha,s2__composite__ndre__post_winter_baseline_mean,0.5766571336316251,0.0005143794628791614,higher=damaged
Volnovakha,s2__composite__ndre__post_winter_baseline_std,0.502836846718022,0.8977368494998736,higher=damaged
Volnovakha,s2__composite__ndre__post_winter_baseline_max,0.5892730291987638,5.23784062426453e-05,higher=damaged
Volnovakha,s2__composite__ndvi__post_winter_baseline_mean,0.5595294985931084,0.006993803525493768,higher=damaged
Volnovakha,s2__composite__ndvi__post_winter_baseline_std,0.5207652567000323,0.3467984943601766,higher=damaged
Volnovakha,s2__composite__ndvi__post_winter_baseline_max,0.5878566815812538,6.874702468892892e-05,higher=damaged
Volnovakha,s2__composite__ndwi__post_winter_baseline_mean,0.5592495041284192,0.007264854542467342,lower=damaged
Volnovakha,s2__composite__ndwi__post_winter_baseline_std,0.5116859633746944,0.5964900991800144,higher=damaged
Volnovakha,s2__composite__ndwi__post_winter_baseline_max,0.5613852114949952,0.005415545711173856,lower=damaged
Volnovakha,s2__composite__b02__prebattle_baseline_mean,0.5792859449236588,0.0003278225842177122,lower=damaged
Volnovakha,s2__composite__b02__prebattle_baseline_std,0.5096259052539325,0.6627454716277185,lower=damaged
Volnovakha,s2__composite__b02__prebattle_baseline_max,0.5559661423497394,0.011222557307640758,lower=damaged
Volnovakha,s2__composite__b03__prebattle_baseline_mean,0.5581742700309055,0.008395483236888504,lower=damaged
Volnovakha,s2__composite__b03__prebattle_baseline_std,0.5058406753079017,0.7913040598240076,higher=damaged
Volnovakha,s2__composite__b03__prebattle_baseline_max,0.5338885557451912,0.12467765376999199,lower=damaged
Volnovakha,s2__composite__b04__prebattle_baseline_mean,0.56109529959869,0.0056387242200808185,lower=damaged
Volnovakha,s2__composite__b04__prebattle_baseline_std,0.5317966695880806,0.14969032514885333,lower=damaged
Volnovakha,s2__composite__b04__prebattle_baseline_max,0.5367443147746668,0.09595405722668994,lower=damaged
Volnovakha,s2__composite__b05__prebattle_baseline_mean,0.6030607961621846,3.0201342488582073e-06,lower=damaged
Volnovakha,s2__composite__b05__prebattle_baseline_std,0.5483661608007749,0.028426251847490622,lower=damaged
Volnovakha,s2__composite__b05__prebattle_baseline_max,0.6022240416993403,3.628205851722628e-06,lower=damaged
Volnovakha,s2__composite__b07__prebattle_baseline_mean,0.5782667558466719,0.0003910033958083666,lower=damaged
Volnovakha,s2__composite__b07__prebattle_baseline_std,0.5543004751141658,0.013885043806762967,lower=damaged
Volnovakha,s2__composite__b07__prebattle_baseline_max,0.5862279164168089,9.353219248282642e-05,lower=damaged
Volnovakha,s2__composite__b08__prebattle_baseline_mean,0.551929055768255,0.018633657377021284,lower=damaged
Volnovakha,s2__composite__b08__prebattle_baseline_std,0.5522685548226394,0.01787671121362851,lower=damaged
Volnovakha,s2__composite__b08__prebattle_baseline_max,0.5710632409243968,0.0012829563591063207,lower=damaged
Volnovakha,s2__composite__b11__prebattle_baseline_mean,0.5047799714008949,0.8285516835745205,lower=damaged
Volnovakha,s2__composite__b11__prebattle_baseline_std,0.5331546658056183,0.13305735180055928,higher=damaged
Volnovakha,s2__composite__b11__prebattle_baseline_max,0.5087058904931039,0.6932605348815064,lower=damaged
Volnovakha,s2__composite__b12__prebattle_baseline_mean,0.5522141242677245,0.017996225776677196,higher=damaged
Volnovakha,s2__composite__b12__prebattle_baseline_std,0.5085377554315237,0.6988921926063123,lower=damaged
Volnovakha,s2__composite__b12__prebattle_baseline_max,0.5594144102587758,0.0071040967105142966,higher=damaged
Volnovakha,s2__composite__b8a__prebattle_baseline_mean,0.5743682826698648,0.0007531792333433318,lower=damaged
Volnovakha,s2__composite__b8a__prebattle_baseline_std,0.5627888740255547,0.004443732953393134,lower=damaged
Volnovakha,s2__composite__b8a__prebattle_baseline_max,0.5826248904469763,0.0001814455722616791,lower=damaged
Volnovakha,s2__composite__cire__prebattle_baseline_mean,0.5884279717699157,6.163427342355165e-05,higher=damaged
Volnovakha,s2__composite__cire__prebattle_baseline_std,0.5192628811292034,0.38280045270987084,higher=damaged
Volnovakha,s2__composite__cire__prebattle_baseline_max,0.6116218460261081,4.2497006324576755e-07,higher=damaged
Volnovakha,s2__composite__mndwi__prebattle_baseline_mean,0.52719313621477,0.21793030625479481,lower=damaged
Volnovakha,s2__composite__mndwi__prebattle_baseline_std,0.5251183172655565,0.2551017662142745,higher=damaged
Volnovakha,s2__composite__mndwi__prebattle_baseline_max,0.5198450113012593,0.3685871378589419,lower=damaged
Volnovakha,s2__composite__ndbi__prebattle_baseline_mean,0.5028027123022281,0.8989589952342877,lower=damaged
Volnovakha,s2__composite__ndbi__prebattle_baseline_std,0.5440038747174685,0.04618402210642546,lower=damaged
Volnovakha,s2__composite__ndbi__prebattle_baseline_max,0.5333650076110522,0.1306142501642596,lower=damaged
Volnovakha,s2__composite__ndre__prebattle_baseline_mean,0.5723972507957009,0.0010375246263437973,higher=damaged
Volnovakha,s2__composite__ndre__prebattle_baseline_std,0.5215803311960884,0.32819970870438686,higher=damaged
Volnovakha,s2__composite__ndre__prebattle_baseline_max,0.5896383597029383,4.8799186049040274e-05,higher=damaged
Volnovakha,s2__composite__ndvi__prebattle_baseline_mean,0.5609354675031135,0.005765282488369927,higher=damaged
Volnovakha,s2__composite__ndvi__prebattle_baseline_std,0.5163711425803773,0.4582511038357937,higher=damaged
Volnovakha,s2__composite__ndvi__prebattle_baseline_max,0.5808127681166106,0.0002508046101629318,higher=damaged
Volnovakha,s2__composite__ndwi__prebattle_baseline_mean,0.5736819041468701,0.0008427652191840232,lower=damaged
Volnovakha,s2__composite__ndwi__prebattle_baseline_std,0.50693943447576,0.7532172994286207,lower=damaged
Volnovakha,s2__composite__ndwi__prebattle_baseline_max,0.5736099451081692,0.0008527088116423728,lower=damaged
Volnovakha,s2__composite__b02__winter_baseline_mean,0.5792859449236588,0.0003278225842177122,lower=damaged
Volnovakha,s2__composite__b02__winter_baseline_std,0.5096259052539325,0.6627454716277185,lower=damaged
Volnovakha,s2__composite__b02__winter_baseline_max,0.5559661423497394,0.011222557307640758,lower=damaged
Volnovakha,s2__composite__b03__winter_baseline_mean,0.5581742700309055,0.008395483236888504,lower=damaged
Volnovakha,s2__composite__b03__winter_baseline_std,0.5058406753079017,0.7913040598240076,higher=damaged
Volnovakha,s2__composite__b03__winter_baseline_max,0.5338885557451912,0.12467765376999199,lower=damaged
Volnovakha,s2__composite__b04__winter_baseline_mean,0.56109529959869,0.0056387242200808185,lower=damaged
Volnovakha,s2__composite__b04__winter_baseline_std,0.5317966695880806,0.14969032514885333,lower=damaged
Volnovakha,s2__composite__b04__winter_baseline_max,0.5367443147746668,0.09595405722668994,lower=damaged
Volnovakha,s2__composite__b05__winter_baseline_mean,0.6030607961621846,3.0201342488582073e-06,lower=damaged
Volnovakha,s2__composite__b05__winter_baseline_std,0.5483661608007749,0.028426251847490622,lower=damaged
Volnovakha,s2__composite__b05__winter_baseline_max,0.6022240416993403,3.628205851722628e-06,lower=damaged
Volnovakha,s2__composite__b07__winter_baseline_mean,0.5782667558466719,0.0003910033958083666,lower=damaged
Volnovakha,s2__composite__b07__winter_baseline_std,0.5543004751141658,0.013885043806762967,lower=damaged
Volnovakha,s2__composite__b07__winter_baseline_max,0.5862279164168089,9.353219248282642e-05,lower=damaged
Volnovakha,s2__composite__b08__winter_baseline_mean,0.551929055768255,0.018633657377021284,lower=damaged
Volnovakha,s2__composite__b08__winter_baseline_std,0.5522685548226394,0.01787671121362851,lower=damaged
Volnovakha,s2__composite__b08__winter_baseline_max,0.5710632409243968,0.0012829563591063207,lower=damaged
Volnovakha,s2__composite__b11__winter_baseline_mean,0.5047799714008949,0.8285516835745205,lower=damaged
Volnovakha,s2__composite__b11__winter_baseline_std,0.5331546658056183,0.13305735180055928,higher=damaged
Volnovakha,s2__composite__b11__winter_baseline_max,0.5087058904931039,0.6932605348815064,lower=damaged
Volnovakha,s2__composite__b12__winter_baseline_mean,0.5522141242677245,0.017996225776677196,higher=damaged
Volnovakha,s2__composite__b12__winter_baseline_std,0.5085377554315237,0.6988921926063123,lower=damaged
Volnovakha,s2__composite__b12__winter_baseline_max,0.5594144102587758,0.0071040967105142966,higher=damaged
Volnovakha,s2__composite__b8a__winter_baseline_mean,0.5743682826698648,0.0007531792333433318,lower=damaged
Volnovakha,s2__composite__b8a__winter_baseline_std,0.5627888740255547,0.004443732953393134,lower=damaged
Volnovakha,s2__composite__b8a__winter_baseline_max,0.5826248904469763,0.0001814455722616791,lower=damaged
Volnovakha,s2__composite__cire__winter_baseline_mean,0.5884279717699157,6.163427342355165e-05,higher=damaged
Volnovakha,s2__composite__cire__winter_baseline_std,0.5192628811292034,0.38280045270987084,higher=damaged
Volnovakha,s2__composite__cire__winter_baseline_max,0.6116218460261081,4.2497006324576755e-07,higher=damaged
Volnovakha,s2__composite__mndwi__winter_baseline_mean,0.52719313621477,0.21793030625479481,lower=damaged
Volnovakha,s2__composite__mndwi__winter_baseline_std,0.5251183172655565,0.2551017662142745,higher=damaged
Volnovakha,s2__composite__mndwi__winter_baseline_max,0.5198450113012593,0.3685871378589419,lower=damaged
Volnovakha,s2__composite__ndbi__winter_baseline_mean,0.5028027123022281,0.8989589952342877,lower=damaged
Volnovakha,s2__composite__ndbi__winter_baseline_std,0.5440038747174685,0.04618402210642546,lower=damaged
Volnovakha,s2__composite__ndbi__winter_baseline_max,0.5333650076110522,0.1306142501642596,lower=damaged
Volnovakha,s2__composite__ndre__winter_baseline_mean,0.5723972507957009,0.0010375246263437973,higher=damaged
Volnovakha,s2__composite__ndre__winter_baseline_std,0.5215803311960884,0.32819970870438686,higher=damaged
Volnovakha,s2__composite__ndre__winter_baseline_max,0.5896383597029383,4.8799186049040274e-05,higher=damaged
Volnovakha,s2__composite__ndvi__winter_baseline_mean,0.5609354675031135,0.005765282488369927,higher=damaged
Volnovakha,s2__composite__ndvi__winter_baseline_std,0.5163711425803773,0.4582511038357937,higher=damaged
Volnovakha,s2__composite__ndvi__winter_baseline_max,0.5808127681166106,0.0002508046101629318,higher=damaged
Volnovakha,s2__composite__ndwi__winter_baseline_mean,0.5736819041468701,0.0008427652191840232,lower=damaged
Volnovakha,s2__composite__ndwi__winter_baseline_std,0.50693943447576,0.7532172994286207,lower=damaged
Volnovakha,s2__composite__ndwi__winter_baseline_max,0.5736099451081692,0.0008527088116423728,lower=damaged
Volnovakha,s1__coh__date_first_drop_max,0.5089524424558327,0.1038593790431155,lower=damaged
Volnovakha,s1__coh__date_first_drop_mean,0.5218008210710826,7.473205999328188e-05,lower=damaged
Volnovakha,s1__coh__date_first_drop_std,0.5151496840260161,0.005917335356603279,higher=damaged
Volnovakha,s1__coh__date_worst_drop_max,0.5653295816227686,6.748191781822979e-06,lower=damaged
Volnovakha,s1__coh__date_worst_drop_mean,0.5622512569767979,1.772175664906938e-05,lower=damaged
Volnovakha,s1__coh__date_worst_drop_std,0.50596060703907,0.6812401487288213,higher=damaged
Volnovakha,s1__coh__drop_count_max,0.5060750034595691,0.07683843197443456,higher=damaged
Volnovakha,s1__coh__drop_count_mean,0.5162839614373357,0.0013617211528191113,lower=damaged
Volnovakha,s1__coh__drop_count_std,0.5004961022187371,0.9094789899026183,higher=damaged
Volnovakha,s1__coh__lu_transition_mode,0.5071624613681442,0.1348784416745375,lower=damaged
Volnovakha,s1__coh__max_drop_max,0.5346699571013424,0.016900159496302584,higher=damaged
Volnovakha,s1__coh__max_drop_mean,0.5230402693851193,0.11238947598310882,higher=damaged
Volnovakha,s1__coh__max_drop_std,0.5419309008718114,0.00386249647344443,higher=damaged
Volnovakha,s1__coh__running_min_max,0.5041625536233221,0.7742658609553975,lower=damaged
Volnovakha,s1__coh__running_min_mean,0.5238553438811753,0.10023700489745764,lower=damaged
Volnovakha,s1__coh__running_min_std,0.52465565754878,0.08934739474105684,higher=damaged
