city,feature,auc_raw,auc_best,direction,mann_whitney_u,mann_whitney_p,mean_damaged,mean_control,n_valid
Avdiivka,s2__composite__ndwi__prebattle_baseline,0.7536621117768006,0.7536621117768006,higher=damaged,76609.0,4.2444700891510175e-16,-0.116302274,-0.17895557,1186
Avdiivka,s2__composite__ndwi__winter_baseline,0.7536621117768006,0.7536621117768006,higher=damaged,76609.0,4.2444700891510175e-16,-0.116302274,-0.17895557,1186
Avdiivka,s2__composite__ndwi__post_winter_baseline,0.7497663528416414,0.7497663528416414,higher=damaged,76213.0,1.1802807183305623e-15,-0.049244776,-0.09034379,1186
Avdiivka,s2__composite__ndvi__prebattle_baseline,0.2540605416678964,0.7459394583321036,lower=damaged,25825.0,3.1753765613097637e-15,0.0889049,0.14210698,1186
Avdiivka,s2__composite__ndvi__winter_baseline,0.2540605416678964,0.7459394583321036,lower=damaged,25825.0,3.1753765613097637e-15,0.0889049,0.14210698,1186
Avdiivka,s2__composite__ndvi__post_winter_baseline,0.25549685683085915,0.7445031431691409,lower=damaged,25971.0,4.586168273905181e-15,0.036578875,0.069649786,1186
Avdiivka,s2__composite__mndwi__prebattle_baseline,0.7200365965233304,0.7200365965233304,higher=damaged,73191.0,1.745262300242337e-12,-0.12513342,-0.18888624,1186
Avdiivka,s2__composite__mndwi__winter_baseline,0.7200365965233304,0.7200365965233304,higher=damaged,73191.0,1.745262300242337e-12,-0.12513342,-0.18888624,1186
Avdiivka,s2__composite__ndre__prebattle_baseline,0.2920933801611428,0.7079066198388573,lower=damaged,29691.0,2.6536558077299233e-11,0.07878345,0.11072701,1186
Avdiivka,s2__composite__ndre__winter_baseline,0.2920933801611428,0.7079066198388573,lower=damaged,29691.0,2.6536558077299233e-11,0.07878345,0.11072701,1186
Avdiivka,s2__composite__b11__prebattle_baseline,0.29255083670277127,0.7074491632972287,lower=damaged,29737.5,2.931969020369988e-11,0.23506056,0.26049662,1186
Avdiivka,s2__composite__b11__winter_baseline,0.29255083670277127,0.7074491632972287,lower=damaged,29737.5,2.931969020369988e-11,0.23506056,0.26049662,1186
Avdiivka,s2__composite__ndre__post_winter_baseline,0.2975336697852414,0.7024663302147587,lower=damaged,30244.0,8.57139624205072e-11,0.010013156,0.03532561,1186
Avdiivka,s2__composite__b8a__prebattle_baseline,0.30122283544353606,0.698777164556464,lower=damaged,30619.0,1.866355703991462e-10,0.23467858,0.25812855,1186
Avdiivka,s2__composite__b8a__winter_baseline,0.30122283544353606,0.698777164556464,lower=damaged,30619.0,1.866355703991462e-10,0.23467858,0.25812855,1186
Avdiivka,s2__composite__mndwi__post_winter_baseline,0.6914578598904073,0.6914578598904073,higher=damaged,70286.0,8.39244916702819e-10,0.28502774,0.17374119,1186
Avdiivka,s2__composite__b02__post_winter_baseline,0.6840942852364509,0.6840942852364509,higher=damaged,69537.5,3.6070911734393444e-09,0.412557,0.33311045,1186
Avdiivka,s2__composite__b12__prebattle_baseline,0.32478430678117837,0.6752156932188216,lower=damaged,33014.0,1.946909066204322e-08,0.21214049,0.22693081,1186
Avdiivka,s2__composite__b12__winter_baseline,0.32478430678117837,0.6752156932188216,lower=damaged,33014.0,1.946909066204322e-08,0.21214049,0.22693081,1186
Avdiivka,s2__composite__b08__prebattle_baseline,0.32542868104949385,0.6745713189505061,lower=damaged,33079.5,2.193413177228703e-08,0.23248497,0.255576,1186
Avdiivka,s2__composite__b08__winter_baseline,0.32542868104949385,0.6745713189505061,lower=damaged,33079.5,2.193413177228703e-08,0.23248497,0.255576,1186
Avdiivka,s2__composite__cire__prebattle_baseline,0.3256795443142579,0.6743204556857421,lower=damaged,33105.0,2.297587740097926e-08,0.12662838,0.16908339,1186
Avdiivka,s2__composite__cire__winter_baseline,0.3256795443142579,0.6743204556857421,lower=damaged,33105.0,2.297587740097926e-08,0.12662838,0.16908339,1186
Avdiivka,s2__composite__b03__post_winter_baseline,0.6698590246829776,0.6698590246829776,higher=damaged,68090.5,5.182318425347863e-08,0.40676022,0.33299273,1186
Avdiivka,s2__composite__b07__prebattle_baseline,0.33418430087851336,0.6658156991214866,lower=damaged,33969.5,1.0646858398674403e-07,0.22429831,0.24098718,1186
Avdiivka,s2__composite__b07__winter_baseline,0.33418430087851336,0.6658156991214866,lower=damaged,33969.5,1.0646858398674403e-07,0.22429831,0.24098718,1186
Avdiivka,s2__composite__b11__post_winter_baseline,0.33568948046709757,0.6643105195329024,lower=damaged,34122.5,1.3861709629994446e-07,0.21236332,0.22480837,1186
Avdiivka,s2__composite__b08__delta,0.6617625357849068,0.6617625357849068,higher=damaged,67267.5,2.1556074091223558e-07,0.21341129,0.13888294,1186
Avdiivka,s2__composite__b04__post_winter_baseline,0.6590817420732127,0.6590817420732127,higher=damaged,66995.0,3.406311453783008e-07,0.41758496,0.3467896,1186
Avdiivka,s2__composite__b8a__delta,0.6563271650483526,0.6563271650483526,higher=damaged,66715.0,5.41050200493681e-07,0.18283026,0.13424444,1186
Avdiivka,s2__composite__b02__delta,0.6557368985430255,0.6557368985430255,higher=damaged,66655.0,5.968578558396792e-07,0.23698552,0.16598412,1186
Avdiivka,s2__composite__b12__delta,0.6542809078298853,0.6542809078298853,higher=damaged,66507.0,7.592660148574712e-07,-0.0111171715,-0.02164565,1186
Avdiivka,s2__composite__b07__delta,0.6506507688221232,0.6506507688221232,higher=damaged,66138.0,1.3709177565191445e-06,0.19313683,0.14401357,1186
Avdiivka,s2__composite__b03__delta,0.6492390480968824,0.6492390480968824,higher=damaged,65994.5,1.7189854856636987e-06,0.2245054,0.15495595,1186
Avdiivka,s2__composite__b04__delta,0.6473501952798355,0.6473501952798355,higher=damaged,65802.5,2.31954452747712e-06,0.2245957,0.15476514,1186
Avdiivka,s2__composite__cire__post_winter_baseline,0.3539139588190735,0.6460860411809265,lower=damaged,35975.0,2.829035083973491e-06,0.019259198,0.053316247,1186
Avdiivka,s2__composite__ndbi__post_winter_baseline,0.353982823244695,0.646017176755305,lower=damaged,35982.0,2.8596718763192967e-06,-0.33010367,-0.26046,1186
Avdiivka,s2__composite__b05__delta,0.638019065608122,0.638019065608122,higher=damaged,64854.0,9.677437938458617e-06,0.21299334,0.16311312,1186
Avdiivka,s2__composite__b11__delta,0.6377878778935355,0.6377878778935355,higher=damaged,64830.5,1.001511428975444e-05,-0.02269728,-0.035688262,1186
Avdiivka,s2__composite__ndbi__delta,0.3707955808714301,0.62920441912857,lower=damaged,37691.0,3.447551246475911e-05,-0.33907425,-0.2712532,1186
Avdiivka,s2__composite__ndvi__delta,0.6286043148481539,0.6286043148481539,higher=damaged,63897.0,3.748584931170237e-05,-0.052326024,-0.07245719,1186
Avdiivka,s2__composite__b08__post_winter_baseline,0.6185255142696928,0.6185255142696928,higher=damaged,62872.5,0.0001450684893422603,0.44589627,0.39445895,1186
Avdiivka,s2__composite__b05__post_winter_baseline,0.6137886255644424,0.6137886255644424,higher=damaged,62391.0,0.00026479040284349293,0.41201445,0.3692913,1186
Avdiivka,s2__composite__ndwi__delta,0.3900677822703617,0.6099322177296382,lower=damaged,39650.0,0.0004252602652555483,0.06705749,0.0886118,1186
Avdiivka,s2__composite__b05__prebattle_baseline,0.4032946708772345,0.5967053291227655,lower=damaged,40994.5,0.0019359767197220268,0.1990212,0.20617819,1186
Avdiivka,s2__composite__b05__winter_baseline,0.4032946708772345,0.5967053291227655,lower=damaged,40994.5,0.0019359767197220268,0.1990212,0.20617819,1186
Avdiivka,s2__composite__b12__post_winter_baseline,0.4047260671526527,0.5952739328473473,lower=damaged,41140.0,0.0022581462363595608,0.20102328,0.20528518,1186
Avdiivka,s2__composite__b07__post_winter_baseline,0.5905813141299963,0.5905813141299963,higher=damaged,60032.0,0.003689379130800178,0.41743514,0.38500077,1186
Avdiivka,s2__composite__mndwi__delta,0.5806353235152337,0.5806353235152337,higher=damaged,59021.0,0.009745447326430954,0.41016117,0.36262745,1186
Avdiivka,s2__visibility__clear__freq__prebattle,0.4267577644639889,0.5732422355360112,lower=damaged,43379.5,0.00523470212685869,0.8230926,0.85387534,1186
Avdiivka,s2__composite__ndre__delta,0.5707680351011815,0.5707680351011815,higher=damaged,58018.0,0.023303522469277502,-0.068770304,-0.07540141,1186
Avdiivka,s2__composite__b8a__post_winter_baseline,0.5698777164556464,0.5698777164556464,higher=damaged,57927.5,0.025098642846378475,0.4175088,0.39237303,1186
Avdiivka,s2__visibility__cloud__freq__prebattle,0.5683676179795176,0.5683676179795176,higher=damaged,57774.0,0.009042620408140445,0.17383514,0.1458633,1186
Avdiivka,s2__composite__b02__prebattle_baseline,0.5679495125382443,0.5679495125382443,higher=damaged,57731.5,0.029400535952696052,0.1755715,0.16712631,1186
Avdiivka,s2__composite__b02__winter_baseline,0.5679495125382443,0.5679495125382443,higher=damaged,57731.5,0.029400535952696052,0.1755715,0.16712631,1186
Avdiivka,s2__qa__cloud_freq__prebattle,0.5649342344735315,0.5649342344735315,higher=damaged,57425.0,0.017672973180226346,0.17121097,0.14556241,1186
Avdiivka,s2__obs_count__prebattle_baseline,0.43722515715845706,0.5627748428415429,lower=damaged,44443.5,0.014242224276620388,4.860215,5.0365963,1186
Avdiivka,s2__obs_count__winter_baseline,0.43722515715845706,0.5627748428415429,lower=damaged,44443.5,0.014242224276620388,4.860215,5.0365963,1186
Avdiivka,s2__composite__cire__delta,0.5587954628181291,0.5587954628181291,higher=damaged,56801.0,0.05948086291288184,-0.107369184,-0.115767136,1186
Avdiivka,s2__obs_count__delta,0.5393855325679544,0.5393855325679544,higher=damaged,54828.0,0.16532900125001826,-2.2903225,-2.4391582,1186
Avdiivka,s2__visibility__clear__freq__crossbattle,0.47200661098485963,0.5279933890151404,lower=damaged,47979.0,0.0006453775572338032,0.9952957,0.9985133,1186
Avdiivka,s2__visibility__cloud__freq__crossbattle,0.5258241596080631,0.5258241596080631,higher=damaged,53449.5,0.00020626109388626558,0.004032258,0.0009149131,1186
Avdiivka,s2__composite__b03__prebattle_baseline,0.5252191364401028,0.5252191364401028,higher=damaged,53388.0,0.4189279803575795,0.18225485,0.17803678,1186
Avdiivka,s2__composite__b03__winter_baseline,0.5252191364401028,0.5252191364401028,higher=damaged,53388.0,0.4189279803575795,0.18225485,0.17803678,1186
Avdiivka,s2__composite__b04__prebattle_baseline,0.479571860028136,0.520428139971864,lower=damaged,48748.0,0.5126615009792517,0.19298925,0.19202442,1186
Avdiivka,s2__composite__b04__winter_baseline,0.479571860028136,0.520428139971864,lower=damaged,48748.0,0.5126615009792517,0.19298925,0.19202442,1186
Avdiivka,s2__composite__ndbi__prebattle_baseline,0.48335940343731865,0.5166405965626814,lower=damaged,49133.0,0.5938380491036527,0.00897057,0.010793223,1186
Avdiivka,s2__composite__ndbi__winter_baseline,0.48335940343731865,0.5166405965626814,lower=damaged,49133.0,0.5938380491036527,0.00897057,0.010793223,1186
Avdiivka,s2__obs_count__post_winter_baseline,0.48622711487569975,0.5137728851243002,lower=damaged,49424.5,0.603660568606075,2.5698924,2.5974383,1186
Avdiivka,s2__qa__cloud_freq__crossbattle,0.5098574506389635,0.5098574506389635,higher=damaged,51826.5,0.0016596974268023187,0.00092405913,2.8591034e-05,1186
Avdiivka,s2__visibility__clear__freq__postbattle,0.49019173823648043,0.5098082617635196,lower=damaged,49827.5,0.7151323088668952,0.90752697,0.9112535,1186
Avdiivka,s2__qa__cloud_freq__postbattle,0.509675451799821,0.509675451799821,higher=damaged,51808.0,0.7237296956618398,0.08991936,0.08502974,1186
Avdiivka,s2__visibility__cloud__freq__postbattle,0.506271581619101,0.506271581619101,higher=damaged,51462.0,0.8153419093824955,0.09032258,0.08801464,1186
Avdiivka,s2__visibility__smoke__freq__crossbattle,0.5035465179195073,0.5035465179195073,higher=damaged,51185.0,0.3117055643533765,0.000672043,0.00022872827,1186
Avdiivka,s2__visibility__smoke__freq__postbattle,0.5035465179195073,0.5035465179195073,higher=damaged,51185.0,0.3117055643533765,0.0021505377,0.0007319305,1186
Avdiivka,s2__visibility__fire__freq__crossbattle,0.4990850869167429,0.5009149130832571,lower=damaged,50731.5,0.6814562996343234,0.0,0.000114364135,1186
Avdiivka,s2__visibility__fire__freq__postbattle,0.5,0.5,higher=damaged,50824.5,1.0,0.0,0.0,1186
Avdiivka,s2__visibility__fire__freq__prebattle,0.5,0.5,higher=damaged,50824.5,1.0,0.0,0.0,1186
Avdiivka,s2__visibility__smoke__freq__prebattle,0.5,0.5,higher=damaged,50824.5,1.0,0.0,0.0,1186
Bucha,s2__composite__b02__post_winter_baseline,0.71126295682463,0.71126295682463,higher=damaged,202562.0,9.993343232508319e-22,0.173256,0.15098119,1662
Bucha,s2__composite__b03__post_winter_baseline,0.6802332930700301,0.6802332930700301,higher=damaged,193725.0,3.075670499352468e-16,0.16441417,0.14307156,1662
Bucha,s2__composite__b04__post_winter_baseline,0.6720308154723447,0.6720308154723447,higher=damaged,191389.0,6.265508347726066e-15,0.16968855,0.14772704,1662
Bucha,s2__composite__ndvi__post_winter_baseline,0.35119666282760753,0.6488033371723925,lower=damaged,100018.0,1.524716718568178e-11,0.08397582,0.11872427,1662
Bucha,s2__composite__ndre__post_winter_baseline,0.36413944211916066,0.6358605578808394,lower=damaged,103704.0,7.32977407121528e-10,0.06531309,0.0881256,1662
Bucha,s2__composite__cire__post_winter_baseline,0.36470827832242475,0.6352917216775753,lower=damaged,103866.0,8.622936235564009e-10,0.0996311,0.13915597,1662
Bucha,s2__composite__ndwi__post_winter_baseline,0.6283673698699402,0.6283673698699402,higher=damaged,178954.0,5.91592798364698e-09,-0.09934779,-0.1325213,1662
Bucha,s2__composite__b05__post_winter_baseline,0.6277318183095031,0.6277318183095031,higher=damaged,178773.0,7.0258288582312134e-09,0.17548788,0.16236624,1662
Bucha,s2__composite__ndwi__delta,0.6147609483412455,0.6147609483412455,higher=damaged,175079.0,1.9683098794343673e-07,-0.036648892,-0.060844976,1662
Bucha,s2__composite__ndvi__delta,0.3896352425629933,0.6103647574370067,lower=damaged,110965.0,5.6440234132394e-07,0.031692956,0.050638977,1662
Bucha,s2__composite__cire__delta,0.39800275288631703,0.601997247113683,lower=damaged,113348.0,3.769603517253337e-06,0.064756095,0.08899191,1662
Bucha,s2__composite__b04__prebattle_baseline,0.6013265822073653,0.6013265822073653,higher=damaged,171253.0,4.3630329002923745e-06,0.31989413,0.2812191,1662
Bucha,s2__composite__b04__winter_baseline,0.6013265822073653,0.6013265822073653,higher=damaged,171253.0,4.3630329002923745e-06,0.31989413,0.2812191,1662
Bucha,s2__composite__mndwi__post_winter_baseline,0.5978608949689598,0.5978608949689598,higher=damaged,170266.0,9.156657181480042e-06,-0.1393907,-0.17004225,1662
Bucha,s2__composite__b12__prebattle_baseline,0.5927782381527571,0.5927782381527571,higher=damaged,168818.5,2.601860812808865e-05,0.19620748,0.18613623,1662
Bucha,s2__composite__b12__winter_baseline,0.5927782381527571,0.5927782381527571,higher=damaged,168818.5,2.601860812808865e-05,0.19620748,0.18613623,1662
Bucha,s2__composite__b03__prebattle_baseline,0.5877306946824349,0.5877306946824349,higher=damaged,167381.0,6.980177305725314e-05,0.3122235,0.278192,1662
Bucha,s2__composite__b03__winter_baseline,0.5877306946824349,0.5877306946824349,higher=damaged,167381.0,6.980177305725314e-05,0.3122235,0.278192,1662
Bucha,s2__composite__ndre__delta,0.4124834967274361,0.5875165032725639,lower=damaged,117472.0,7.270652163649335e-05,0.044708822,0.056189805,1662
Bucha,s2__composite__b12__post_winter_baseline,0.5854061911851456,0.5854061911851456,higher=damaged,166719.0,0.00010812985245311338,0.20003527,0.18660311,1662
Bucha,s2__composite__ndvi__prebattle_baseline,0.4149519649428354,0.5850480350571645,lower=damaged,118175.0,0.00011556458524025215,0.052282874,0.06808528,1662
Bucha,s2__composite__ndvi__winter_baseline,0.4149519649428354,0.5850480350571645,lower=damaged,118175.0,0.00011556458524025215,0.052282874,0.06808528,1662
Bucha,s2__composite__b11__prebattle_baseline,0.5831097783645608,0.5831097783645608,higher=damaged,166065.0,0.00016490152659636725,0.19293503,0.1840111,1662
Bucha,s2__composite__b11__winter_baseline,0.5831097783645608,0.5831097783645608,higher=damaged,166065.0,0.00016490152659636725,0.19293503,0.1840111,1662
Bucha,s2__composite__ndre__prebattle_baseline,0.4173010477822411,0.5826989522177589,lower=damaged,118844.0,0.00017764046322475257,0.02060427,0.0319358,1662
Bucha,s2__composite__ndre__winter_baseline,0.4173010477822411,0.5826989522177589,lower=damaged,118844.0,0.00017764046322475257,0.02060427,0.0319358,1662
Bucha,s2__composite__b08__prebattle_baseline,0.5823021714093093,0.5823021714093093,higher=damaged,165835.0,0.00019081768392817302,0.3527651,0.32095495,1662
Bucha,s2__composite__b08__winter_baseline,0.5823021714093093,0.5823021714093093,higher=damaged,165835.0,0.00019081768392817302,0.3527651,0.32095495,1662
Bucha,s2__composite__b11__post_winter_baseline,0.5746193713306553,0.5746193713306553,higher=damaged,163647.0,0.0007180492976387478,0.21458526,0.20261389,1662
Bucha,s2__composite__b02__prebattle_baseline,0.5736923789994101,0.5736923789994101,higher=damaged,163383.0,0.0008360649273862573,0.32320482,0.29061067,1662
Bucha,s2__composite__b02__winter_baseline,0.5736923789994101,0.5736923789994101,higher=damaged,163383.0,0.0008360649273862573,0.32320482,0.29061067,1662
Bucha,s2__composite__b05__prebattle_baseline,0.5647771004803506,0.5647771004803506,higher=damaged,160844.0,0.0033202478400565184,0.32273012,0.30060086,1662
Bucha,s2__composite__b05__winter_baseline,0.5647771004803506,0.5647771004803506,higher=damaged,160844.0,0.0033202478400565184,0.32273012,0.30060086,1662
Bucha,s2__composite__b08__post_winter_baseline,0.5566097362285457,0.5566097362285457,higher=damaged,158518.0,0.010282731071259654,0.20072812,0.18937957,1662
Bucha,s2__composite__b07__prebattle_baseline,0.5564166128262029,0.5564166128262029,higher=damaged,158463.0,0.010545211561554056,0.33139902,0.3133588,1662
Bucha,s2__composite__b07__winter_baseline,0.5564166128262029,0.5564166128262029,higher=damaged,158463.0,0.010545211561554056,0.33139902,0.3133588,1662
Bucha,s2__composite__b07__post_winter_baseline,0.5551736003820331,0.5551736003820331,higher=damaged,158109.0,0.012381859815684248,0.19256325,0.18484364,1662
Bucha,s2__composite__cire__prebattle_baseline,0.44807438411191325,0.5519256158880868,lower=damaged,127608.0,0.018581033045000982,0.034874998,0.05016406,1662
Bucha,s2__composite__cire__winter_baseline,0.44807438411191325,0.5519256158880868,lower=damaged,127608.0,0.018581033045000982,0.034874998,0.05016406,1662
Bucha,s2__composite__b8a__prebattle_baseline,0.5474100396078542,0.5474100396078542,higher=damaged,155898.0,0.031624118952102445,0.33354676,0.3186449,1662
Bucha,s2__composite__b8a__winter_baseline,0.5474100396078542,0.5474100396078542,higher=damaged,155898.0,0.031624118952102445,0.33354676,0.3186449,1662
Bucha,s2__composite__mndwi__prebattle_baseline,0.5426908059215145,0.5426908059215145,higher=damaged,154554.0,0.05296628750724398,0.20689546,0.18444277,1662
Bucha,s2__composite__mndwi__winter_baseline,0.5426908059215145,0.5426908059215145,higher=damaged,154554.0,0.05296628750724398,0.20689546,0.18444277,1662
Bucha,s2__composite__b08__delta,0.461894997050479,0.538105002949521,lower=damaged,131544.0,0.08411193612094765,-0.152037,-0.13157539,1662
Bucha,s2__composite__b8a__post_winter_baseline,0.536001713531279,0.536001713531279,higher=damaged,152649.0,0.10268721936803664,0.20033139,0.1946612,1662
Bucha,s2__composite__ndwi__prebattle_baseline,0.5302185454647603,0.5302185454647603,higher=damaged,151002.0,0.17074978033861832,-0.06269889,-0.07167633,1662
Bucha,s2__composite__ndwi__winter_baseline,0.5302185454647603,0.5302185454647603,higher=damaged,151002.0,0.17074978033861832,-0.06269889,-0.07167633,1662
Bucha,s2__composite__mndwi__delta,0.5275709991853704,0.5275709991853704,higher=damaged,150248.0,0.2113802680536142,-0.34628618,-0.35448503,1662
Bucha,s2__composite__b11__delta,0.5220441585437794,0.5220441585437794,higher=damaged,148674.0,0.31768120818017487,0.021650221,0.018602805,1662
Bucha,s2__composite__b8a__delta,0.4781524761931515,0.5218475238068485,lower=damaged,136174.0,0.32201755184334935,-0.13321538,-0.12398371,1662
Bucha,s2__composite__b04__delta,0.47842284895643133,0.5215771510435687,lower=damaged,136251.0,0.32804280236312877,-0.15020561,-0.13349208,1662
Bucha,s2__qa__cloud_freq__prebattle,0.521542037697688,0.521542037697688,higher=damaged,148531.0,0.00364434679954751,0.0050269137,0.0024909761,1662
Bucha,s2__composite__b12__delta,0.5214156296525183,0.5214156296525183,higher=damaged,148495.0,0.3316769760199406,0.0038278084,0.00046689797,1662
Bucha,s2__composite__b07__delta,0.47913213854321757,0.5208678614567824,lower=damaged,136453.0,0.34419451304898374,-0.13883577,-0.12851518,1662
Bucha,s2__visibility__clear__freq__crossbattle,0.5198197280822494,0.5198197280822494,higher=damaged,148040.5,0.029928303416587636,0.9871134,0.96696186,1662
Bucha,s2__composite__ndbi__prebattle_baseline,0.48025225427680557,0.5197477457231945,lower=damaged,136772.0,0.37071628243742594,-0.26597384,-0.25263736,1662
Bucha,s2__composite__ndbi__winter_baseline,0.48025225427680557,0.5197477457231945,lower=damaged,136772.0,0.37071628243742594,-0.26597384,-0.25263736,1662
Bucha,s2__composite__ndbi__delta,0.5192596702154555,0.5192596702154555,higher=damaged,147881.0,0.3826593469480134,0.30709392,0.2909375,1662
Bucha,s2__composite__ndbi__post_winter_baseline,0.5179534537487008,0.5179534537487008,higher=damaged,147509.0,0.4157635683486858,0.041120064,0.03830013,1662
Bucha,s2__visibility__cloud__freq__postbattle,0.5169228770471082,0.5169228770471082,higher=damaged,147215.5,0.34500329898088633,0.1659794,0.15722072,1662
Bucha,s2__qa__cloud_freq__postbattle,0.5155955925728251,0.5155955925728251,higher=damaged,146837.5,0.3933936773974869,0.18586622,0.17673147,1662
Bucha,s2__visibility__fire__freq__crossbattle,0.4866095255484704,0.5133904744515296,lower=damaged,138582.5,0.07066811738644475,0.0077319588,0.021457765,1662
Bucha,s2__visibility__clear__freq__postbattle,0.4887215933031826,0.5112784066968175,lower=damaged,139184.0,0.536616134341857,0.829897,0.834605,1662
Bucha,s2__composite__b03__delta,0.4889498300514059,0.5110501699485941,lower=damaged,139249.0,0.6164761531250738,-0.14780931,-0.13512042,1662
Bucha,s2__composite__b05__delta,0.4904737492626198,0.5095262507373802,lower=damaged,139683.0,0.6659101095252398,-0.14724225,-0.13823462,1662
Bucha,s2__visibility__cloud__freq__prebattle,0.5089890165454086,0.5089890165454086,higher=damaged,144956.0,0.3777755813170913,0.017182132,0.013851045,1662
Bucha,s2__visibility__cloud__freq__crossbattle,0.4935742577038681,0.5064257422961319,lower=damaged,140566.0,0.2481015048925551,0.005154639,0.011580382,1662
Bucha,s2__qa__cloud_freq__crossbattle,0.49361463805163064,0.5063853619483694,lower=damaged,140577.5,0.2980521036463897,0.0036107376,0.011620422,1662
Bucha,s2__visibility__smoke__freq__prebattle,0.4969732295851007,0.5030267704148993,lower=damaged,141534.0,0.5234704678577521,0.0017182131,0.003405995,1662
Bucha,s2__visibility__fire__freq__prebattle,0.5024298435349307,0.5024298435349307,higher=damaged,143088.0,0.41122095229338407,0.0017182131,0.00090826524,1662
Bucha,s2__obs_count__prebattle_baseline,0.49776327986741203,0.5022367201325879,lower=damaged,141759.0,0.09155465724648665,4.9948454,4.9993186,1662
Bucha,s2__obs_count__winter_baseline,0.49776327986741203,0.5022367201325879,lower=damaged,141759.0,0.09155465724648665,4.9948454,4.9993186,1662
Bucha,s2__obs_count__delta,0.5022367201325879,0.5022367201325879,higher=damaged,143033.0,0.09155465724648665,-3.9948454,-3.9993188,1662
Bucha,s2__visibility__clear__freq__prebattle,0.4987850782325347,0.5012149217674653,lower=damaged,142050.0,0.9177038712499224,0.97852236,0.97649866,1662
Bucha,s2__visibility__smoke__freq__postbattle,0.5003827354700975,0.5003827354700975,higher=damaged,142505.0,0.9186625920793328,0.0020618557,0.0020435967,1662
Bucha,s2__composite__b02__delta,0.5003686901317453,0.5003686901317453,higher=damaged,142501.0,0.9867285940802335,-0.1499488,-0.1396295,1662
Bucha,s2__visibility__fire__freq__postbattle,0.49984901261271386,0.5001509873872861,lower=damaged,142353.0,0.9575560177487021,0.0010309279,0.0014986376,1662
Bucha,s2__visibility__smoke__freq__crossbattle,0.5,0.5,higher=damaged,142396.0,1.0,0.0,0.0,1662
Bucha,s2__obs_count__post_winter_baseline,0.5,0.5,higher=damaged,142396.0,1.0,1.0,1.0,1662
Chernihiv,s2__composite__b02__prebattle_baseline,0.6410272767869348,0.6410272767869348,higher=damaged,562704.0,5.974709988348986e-18,0.16290393,0.15141217,2810
Chernihiv,s2__composite__b02__winter_baseline,0.6410272767869348,0.6410272767869348,higher=damaged,562704.0,5.974709988348986e-18,0.16290393,0.15141217,2810
Chernihiv,s2__composite__ndvi__prebattle_baseline,0.3688369772252955,0.6311630227747045,lower=damaged,323771.0,9.812209809388317e-16,0.11391758,0.13944347,2810
Chernihiv,s2__composite__ndvi__winter_baseline,0.3688369772252955,0.6311630227747045,lower=damaged,323771.0,9.812209809388317e-16,0.11391758,0.13944347,2810
Chernihiv,s2__composite__ndwi__prebattle_baseline,0.6301024360458228,0.6301024360458228,higher=damaged,553114.0,1.662143329424885e-15,-0.14156789,-0.16988516,2810
Chernihiv,s2__composite__ndwi__winter_baseline,0.6301024360458228,0.6301024360458228,higher=damaged,553114.0,1.662143329424885e-15,-0.14156789,-0.16988516,2810
Chernihiv,s2__composite__b03__prebattle_baseline,0.6295635987496241,0.6295635987496241,higher=damaged,552641.0,2.1690626660902102e-15,0.16958155,0.1589385,2810
Chernihiv,s2__composite__b03__winter_baseline,0.6295635987496241,0.6295635987496241,higher=damaged,552641.0,2.1690626660902102e-15,0.16958155,0.1589385,2810
Chernihiv,s2__composite__ndvi__post_winter_baseline,0.37824042851804934,0.6217595714819506,lower=damaged,332025.5,5.6029608356427075e-14,0.12353456,0.14716804,2810
Chernihiv,s2__composite__ndwi__post_winter_baseline,0.613843903505974,0.613843903505974,higher=damaged,538842.0,2.086123942019466e-12,-0.14952469,-0.17293201,2810
Chernihiv,s2__composite__b04__prebattle_baseline,0.6071568529167845,0.6071568529167845,higher=damaged,532972.0,5.394010658076592e-11,0.17959288,0.16951083,2810
Chernihiv,s2__composite__b04__winter_baseline,0.6071568529167845,0.6071568529167845,higher=damaged,532972.0,5.394010658076592e-11,0.17959288,0.16951083,2810
Chernihiv,s2__composite__mndwi__prebattle_baseline,0.6025425601720634,0.6025425601720634,higher=damaged,528921.5,3.447974111704613e-10,-0.18852615,-0.21507148,2810
Chernihiv,s2__composite__mndwi__winter_baseline,0.6025425601720634,0.6025425601720634,higher=damaged,528921.5,3.447974111704613e-10,-0.18852615,-0.21507148,2810
Chernihiv,s2__composite__cire__prebattle_baseline,0.400092957977526,0.599907042022474,lower=damaged,351208.0,9.605426280683207e-10,0.12202552,0.14584266,2810
Chernihiv,s2__composite__cire__winter_baseline,0.400092957977526,0.599907042022474,lower=damaged,351208.0,9.605426280683207e-10,0.12202552,0.14584266,2810
Chernihiv,s2__composite__cire__post_winter_baseline,0.4065208426367257,0.5934791573632743,lower=damaged,356850.5,7.875934973545177e-09,0.14850426,0.1708353,2810
Chernihiv,s2__composite__ndre__prebattle_baseline,0.4075022555979841,0.5924977444020159,lower=damaged,357712.0,1.4938533331728214e-08,0.088079415,0.10120453,2810
Chernihiv,s2__composite__ndre__winter_baseline,0.4075022555979841,0.5924977444020159,lower=damaged,357712.0,1.4938533331728214e-08,0.088079415,0.10120453,2810
Chernihiv,s2__composite__ndre__post_winter_baseline,0.4221539593718957,0.5778460406281043,lower=damaged,370573.5,1.540186034905482e-06,0.0996259,0.11061761,2810
Chernihiv,s2__composite__ndbi__post_winter_baseline,0.5731730795519789,0.5731730795519789,higher=damaged,503140.5,6.258735505408957e-06,0.08114445,0.06625645,2810
Chernihiv,s2__composite__b05__prebattle_baseline,0.5546709105325034,0.5546709105325034,higher=damaged,486899.0,0.0008178660442115261,0.19530709,0.19020128,2810
Chernihiv,s2__composite__b05__winter_baseline,0.5546709105325034,0.5546709105325034,higher=damaged,486899.0,0.0008178660442115261,0.19530709,0.19020128,2810
Chernihiv,s2__composite__b03__delta,0.45018887785139483,0.5498111221486052,lower=damaged,395183.0,0.0021039207784372157,0.00053588505,0.005909628,2810
Chernihiv,s2__composite__ndbi__delta,0.5494744912373436,0.5494744912373436,higher=damaged,482337.5,0.002255307552693937,0.040394254,0.029036153,2810
Chernihiv,s2__composite__b02__delta,0.4510495365771414,0.5489504634228586,lower=damaged,395938.5,0.0025109227040701594,-0.0024549982,0.0030518763,2810
Chernihiv,s2__composite__b12__prebattle_baseline,0.5475190700556837,0.5475190700556837,higher=damaged,480621.0,0.0036273484686497434,0.22551931,0.22108106,2810
Chernihiv,s2__composite__b12__winter_baseline,0.5475190700556837,0.5475190700556837,higher=damaged,480621.0,0.0036273484686497434,0.22551931,0.22108106,2810
Chernihiv,s2__composite__b02__post_winter_baseline,0.5457732599998177,0.5457732599998177,higher=damaged,479088.5,0.004715226845737408,0.16086102,0.15671347,2810
Chernihiv,s2__composite__ndvi__delta,0.46085683104431907,0.5391431689556809,lower=damaged,404547.5,0.015668434115039955,0.006755745,0.010125397,2810
Chernihiv,s2__composite__b08__delta,0.4617943851558869,0.5382056148441131,lower=damaged,405370.5,0.018340716181655985,-0.00038383194,0.0065022474,2810
Chernihiv,s2__composite__b08__post_winter_baseline,0.46228879400694456,0.5377112059930554,lower=damaged,405804.5,0.019904488417089788,0.23319627,0.24011372,2810
Chernihiv,s2__composite__mndwi__delta,0.46273649603105893,0.5372635039689411,lower=damaged,406197.5,0.021419703539120642,-0.04070218,-0.029127125,2810
Chernihiv,s2__composite__b04__delta,0.46322293054580915,0.5367770694541909,lower=damaged,406624.5,0.023178923683922856,-0.00075464573,0.0036621077,2810
Chernihiv,s2__composite__mndwi__post_winter_baseline,0.5361277306405898,0.5361277306405898,higher=damaged,470621.5,0.025721938218808558,-0.22891814,-0.23784892,2810
Chernihiv,s2__composite__b04__post_winter_baseline,0.53459381009232,0.53459381009232,higher=damaged,469275.0,0.032698911768634965,0.18060985,0.17696619,2810
Chernihiv,s2__composite__b03__post_winter_baseline,0.5344143875254039,0.5344143875254039,higher=damaged,469117.5,0.033619369843765914,0.17150532,0.16807851,2810
Chernihiv,s2__composite__b05__post_winter_baseline,0.5321451192505036,0.5321451192505036,higher=damaged,467125.5,0.04719905185850695,0.20248735,0.19969349,2810
Chernihiv,s2__composite__cire__delta,0.4719075523799977,0.5280924476200023,lower=damaged,414248.0,0.08285217383738443,0.021076115,0.024766458,2810
Chernihiv,s2__composite__b11__prebattle_baseline,0.5234286000710856,0.5234286000710856,higher=damaged,459474.0,0.15152649365265675,0.24669963,0.24549216,2810
Chernihiv,s2__composite__b11__winter_baseline,0.5234286000710856,0.5234286000710856,higher=damaged,459474.0,0.15152649365265675,0.24669963,0.24549216,2810
Chernihiv,s2__qa__cloud_freq__postbattle,0.4774559816635833,0.5225440183364167,lower=damaged,419118.5,0.12896022277140473,0.08882047,0.09708403,2810
Chernihiv,s2__obs_count__delta,0.5203744292653586,0.5203744292653586,higher=damaged,456793.0,0.0990536315685592,-1.2206703,-1.2614193,2810
Chernihiv,s2__composite__b12__post_winter_baseline,0.5183882499293702,0.5183882499293702,higher=damaged,455049.5,0.25629105329578816,0.2471019,0.24453636,2810
Chernihiv,s2__composite__b05__delta,0.48414417144367383,0.5158558285563262,lower=damaged,424989.5,0.3276506844380711,0.0031081282,0.0046285004,2810
Chernihiv,s2__composite__ndre__delta,0.4849541361743236,0.5150458638256764,lower=damaged,425700.5,0.3529657503222613,0.009320939,0.009623312,2810
Chernihiv,s2__composite__ndbi__prebattle_baseline,0.51500656173959,0.51500656173959,higher=damaged,452081.0,0.3583045871804422,0.04861496,0.046938207,2810
Chernihiv,s2__composite__ndbi__winter_baseline,0.51500656173959,0.51500656173959,higher=damaged,452081.0,0.3583045871804422,0.04861496,0.046938207,2810
Chernihiv,s2__composite__b07__delta,0.48625110501517405,0.5137488949848259,lower=damaged,426839.0,0.3960031368436986,0.004631872,0.006514082,2810
Chernihiv,s2__visibility__fire__freq__postbattle,0.5119615044610716,0.5119615044610716,higher=damaged,449408.0,9.007964331056994e-11,0.0060521415,0.00020391517,2810
Chernihiv,s2__composite__b11__delta,0.4880732408614106,0.5119267591385894,lower=damaged,428438.5,0.461555594693163,0.025375342,0.027527226,2810
Chernihiv,s2__composite__b8a__post_winter_baseline,0.4891782560354334,0.5108217439645666,lower=damaged,429408.5,0.5040905822032231,0.24698153,0.24905187,2810
Chernihiv,s2__composite__ndwi__delta,0.5101074712696054,0.5101074712696054,higher=damaged,447780.5,0.5326470953180089,-0.0050752424,-0.005217565,2810
Chernihiv,s2__composite__b8a__delta,0.49008277361087066,0.5099172263891294,lower=damaged,430202.5,0.5403888142389743,0.0046002194,0.006152669,2810
Chernihiv,s2__composite__b07__prebattle_baseline,0.5087512645019001,0.5087512645019001,higher=damaged,446590.0,0.5921805315101316,0.21876872,0.21767442,2810
Chernihiv,s2__composite__b07__winter_baseline,0.5087512645019001,0.5087512645019001,higher=damaged,446590.0,0.5921805315101316,0.21876872,0.21767442,2810
Chernihiv,s2__composite__b08__prebattle_baseline,0.4941662033957002,0.5058337966042998,lower=damaged,433787.0,0.721028654636339,0.2259571,0.22506057,2810
Chernihiv,s2__composite__b08__winter_baseline,0.4941662033957002,0.5058337966042998,lower=damaged,433787.0,0.721028654636339,0.2259571,0.22506057,2810
Chernihiv,s2__composite__b12__delta,0.49426360421774035,0.5057363957822596,lower=damaged,433872.5,0.7232542096313517,0.020285562,0.021704473,2810
Chernihiv,s2__composite__b07__post_winter_baseline,0.49426531300409193,0.5057346869959081,lower=damaged,433874.0,0.7233237984035934,0.2317371,0.23297955,2810
Chernihiv,s2__visibility__cloud__freq__postbattle,0.4947819360777201,0.5052180639222799,lower=damaged,434327.5,0.7150465899498324,0.08054003,0.083523646,2810
Chernihiv,s2__visibility__clear__freq__crossbattle,0.4953253301375231,0.5046746698624769,lower=damaged,434804.5,0.11949172237627925,0.99022347,0.9946982,2810
Chernihiv,s2__composite__b8a__prebattle_baseline,0.503850465245564,0.503850465245564,higher=damaged,442288.0,0.8136859697149348,0.23333454,0.2333039,2810
Chernihiv,s2__composite__b8a__winter_baseline,0.503850465245564,0.503850465245564,higher=damaged,442288.0,0.8136859697149348,0.23333454,0.2333039,2810
Chernihiv,s2__visibility__fire__freq__crossbattle,0.503137331741504,0.503137331741504,higher=damaged,441662.0,0.1406478481523882,0.005586592,0.0026508973,2810
Chernihiv,s2__composite__b11__post_winter_baseline,0.5025762802227346,0.5025762802227346,higher=damaged,441169.5,0.8736556572055183,0.27321854,0.27366158,2810
Chernihiv,s2__visibility__smoke__freq__postbattle,0.4974915016358782,0.5025084983641218,lower=damaged,436706.0,0.3721723299188958,0.0009310987,0.0017672649,2810
Chernihiv,s2__visibility__clear__freq__postbattle,0.49805540113190006,0.5019445988681,lower=damaged,437201.0,0.8924074068801428,0.9124768,0.91382545,2810
Chernihiv,s2__visibility__clear__freq__prebattle,0.5018904873003,0.5018904873003,higher=damaged,440567.5,0.6543647341019937,0.99348235,0.9906199,2810
Chernihiv,s2__qa__cloud_freq__prebattle,0.501864855505026,0.501864855505026,higher=damaged,440545.0,0.5683718790172039,0.0014805146,0.0010178408,2810
Chernihiv,s2__visibility__cloud__freq__crossbattle,0.5015390469073245,0.5015390469073245,higher=damaged,440259.0,0.46989748922504415,0.0041899444,0.0026508973,2810
Chernihiv,s2__qa__cloud_freq__crossbattle,0.5010879273105071,0.5010879273105071,higher=damaged,439863.0,0.6881424756699239,0.0024977422,0.0026358115,2810
Chernihiv,s2__visibility__fire__freq__prebattle,0.499184339314845,0.500815660685155,lower=damaged,438192.0,0.4448184209237729,0.0,0.0005437738,2810
Chernihiv,s2__visibility__smoke__freq__prebattle,0.4993569267363548,0.5006430732636452,lower=damaged,438343.5,0.7161184071793903,0.0009310987,0.001495378,2810
Chernihiv,s2__visibility__cloud__freq__prebattle,0.5000501243996464,0.5000501243996464,higher=damaged,438952.0,0.9880555364697254,0.004655494,0.0046220776,2810
Chernihiv,s2__visibility__smoke__freq__crossbattle,0.5,0.5,higher=damaged,438908.0,1.0,0.0,0.0,2810
Chernihiv,s2__obs_count__post_winter_baseline,0.5,0.5,higher=damaged,438908.0,1.0,1.0,1.0,2810
Chernihiv,s2__obs_count__prebattle_baseline,0.5,0.5,higher=damaged,438908.0,1.0,2.0,2.0,2810
Chernihiv,s2__obs_count__winter_baseline,0.5,0.5,higher=damaged,438908.0,1.0,2.0,2.0,2810
Chornobaivka,s2__composite__b12__delta,0.7149672033392964,0.7149672033392964,higher=damaged,1199.0,0.010878198945396086,0.011798797,-0.0013075104,142
Chornobaivka,s2__composite__b02__prebattle_baseline,0.3542039355992844,0.6457960644007156,lower=damaged,594.0,0.08434343531444155,0.15152308,0.16816512,142
Chornobaivka,s2__composite__b02__winter_baseline,0.3542039355992844,0.6457960644007156,lower=damaged,594.0,0.08434343531444155,0.15152308,0.16816512,142
Chornobaivka,s2__composite__b11__delta,0.642814549791294,0.642814549791294,higher=damaged,1078.0,0.09090347187647715,0.017617792,0.008136749,142
Chornobaivka,s2__composite__b04__prebattle_baseline,0.3709004174120453,0.6290995825879546,lower=damaged,622.0,0.1265223697646148,0.17515,0.19261009,142
Chornobaivka,s2__composite__b04__winter_baseline,0.3709004174120453,0.6290995825879546,lower=damaged,622.0,0.1265223697646148,0.17515,0.19261009,142
Chornobaivka,s2__composite__b02__delta,0.623732856290996,0.623732856290996,higher=damaged,1046.0,0.14311283845855766,0.0056615393,-0.0015720938,142
Chornobaivka,s2__composite__b08__delta,0.607036374478235,0.607036374478235,higher=damaged,1018.0,0.20543392198628063,0.027669232,0.014620541,142
Chornobaivka,s2__composite__b03__delta,0.6049493142516398,0.6049493142516398,higher=damaged,1014.5,0.21443345662577895,0.008596158,-0.0008972869,142
Chornobaivka,s2__composite__b03__prebattle_baseline,0.3998211091234347,0.6001788908765653,lower=damaged,670.5,0.23606620074322748,0.16572692,0.18125622,142
Chornobaivka,s2__composite__b03__winter_baseline,0.3998211091234347,0.6001788908765653,lower=damaged,670.5,0.23606620074322748,0.16572692,0.18125622,142
Chornobaivka,s2__composite__b12__prebattle_baseline,0.40429338103756707,0.5957066189624329,lower=damaged,678.0,0.2577110526003009,0.2459916,0.25815743,142
Chornobaivka,s2__composite__b12__winter_baseline,0.40429338103756707,0.5957066189624329,lower=damaged,678.0,0.2577110526003009,0.2459916,0.25815743,142
Chornobaivka,s2__composite__b05__delta,0.5843768634466309,0.5843768634466309,higher=damaged,980.0,0.31856390411046476,0.0076249978,0.0035110468,142
Chornobaivka,s2__composite__b07__post_winter_baseline,0.580799045915325,0.580799045915325,higher=damaged,974.0,0.3395927427797575,0.267563,0.26160526,142
Chornobaivka,s2__composite__b04__delta,0.5807990459153249,0.5807990459153249,higher=damaged,974.0,0.33959173071748405,0.0062884656,-0.0025426345,142
Chornobaivka,s2__composite__ndvi__post_winter_baseline,0.5784138342277877,0.5784138342277877,higher=damaged,970.0,0.35409538794084083,0.16555299,0.14073263,142
Chornobaivka,s2__composite__b08__post_winter_baseline,0.5766249254621348,0.5766249254621348,higher=damaged,967.0,0.3652212850091432,0.2594,0.2526907,142
Chornobaivka,s2__composite__ndvi__prebattle_baseline,0.5742397137745976,0.5742397137745976,higher=damaged,963.0,0.38040090246036085,0.12802932,0.10514175,142
Chornobaivka,s2__composite__ndvi__winter_baseline,0.5742397137745976,0.5742397137745976,higher=damaged,963.0,0.38040090246036085,0.12802932,0.10514175,142
Chornobaivka,s2__composite__b11__prebattle_baseline,0.42635658914728686,0.5736434108527131,lower=damaged,715.0,0.38425449868319084,0.26637068,0.27609044,142
Chornobaivka,s2__composite__b11__winter_baseline,0.42635658914728686,0.5736434108527131,lower=damaged,715.0,0.38425449868319084,0.26637068,0.27609044,142
Chornobaivka,s2__visibility__clear__freq__crossbattle,0.426654740608229,0.573345259391771,lower=damaged,715.5,0.0005038206350273744,0.95604396,0.9988926,142
Chornobaivka,s2__visibility__fire__freq__crossbattle,0.573345259391771,0.573345259391771,higher=damaged,961.5,0.0005038206350273744,0.043956045,0.0011074197,142
Chornobaivka,s2__composite__ndwi__prebattle_baseline,0.42933810375670844,0.5706618962432916,lower=damaged,720.0,0.4038783429784454,-0.15504289,-0.13526724,142
Chornobaivka,s2__composite__ndwi__winter_baseline,0.42933810375670844,0.5706618962432916,lower=damaged,720.0,0.4038783429784454,-0.15504289,-0.13526724,142
Chornobaivka,s2__composite__b8a__post_winter_baseline,0.5658914728682171,0.5658914728682171,higher=damaged,949.0,0.4364959707372398,0.28092018,0.27602446,142
Chornobaivka,s2__composite__ndwi__post_winter_baseline,0.4376863446630888,0.5623136553369112,lower=damaged,734.0,0.46192498678808624,-0.18380645,-0.16613235,142
Chornobaivka,s2__composite__b8a__delta,0.5623136553369112,0.5623136553369112,higher=damaged,943.0,0.46192498678808624,0.033393025,0.025969816,142
Chornobaivka,s2__composite__b04__post_winter_baseline,0.44156231365533694,0.5584376863446631,lower=damaged,740.5,0.4903774035246238,0.18143845,0.19006744,142
Chornobaivka,s2__composite__ndbi__delta,0.4448419797257007,0.5551580202742993,lower=damaged,746.0,0.5151791255702749,-0.020585744,-0.014165304,142
Chornobaivka,s2__composite__b02__post_winter_baseline,0.44573643410852715,0.5542635658914729,lower=damaged,747.5,0.5220483436652994,0.15718462,0.16659303,142
Chornobaivka,s2__composite__mndwi__delta,0.5539654144305306,0.5539654144305306,higher=damaged,929.0,0.5243549127923595,-0.0085248845,-0.017208982,142
Chornobaivka,s2__composite__mndwi__prebattle_baseline,0.45080500894454384,0.5491949910554561,lower=damaged,756.0,0.5618768524984687,-0.2346132,-0.20945501,142
Chornobaivka,s2__composite__mndwi__winter_baseline,0.45080500894454384,0.5491949910554561,lower=damaged,756.0,0.5618768524984687,-0.2346132,-0.20945501,142
Chornobaivka,s2__composite__ndbi__post_winter_baseline,0.4531902206320811,0.546809779367919,lower=damaged,760.0,0.5811123931023168,0.06077727,0.06273136,142
Chornobaivka,s2__composite__cire__prebattle_baseline,0.546809779367919,0.546809779367919,higher=damaged,917.0,0.5811123931023168,0.13334025,0.120452285,142
Chornobaivka,s2__composite__cire__winter_baseline,0.546809779367919,0.546809779367919,higher=damaged,917.0,0.5811123931023168,0.13334025,0.120452285,142
Chornobaivka,s2__composite__b07__delta,0.5444245676803816,0.5444245676803816,higher=damaged,913.0,0.6006505808022377,0.030118745,0.023817489,142
Chornobaivka,s2__composite__b07__prebattle_baseline,0.5414430530709601,0.5414430530709601,higher=damaged,908.0,0.6254819117660746,0.23744422,0.2377878,142
Chornobaivka,s2__composite__b07__winter_baseline,0.5414430530709601,0.5414430530709601,higher=damaged,908.0,0.6254819117660746,0.23744422,0.2377878,142
Chornobaivka,s2__composite__ndvi__delta,0.5307096004770424,0.5307096004770424,higher=damaged,890.0,0.7182739791757771,0.037523657,0.03559088,142
Chornobaivka,s2__visibility__clear__freq__prebattle,0.4692903995229577,0.5307096004770423,lower=damaged,787.0,0.1475176566634372,0.9807692,0.996124,142
Chornobaivka,s2__visibility__fire__freq__prebattle,0.5307096004770423,0.5307096004770423,higher=damaged,890.0,0.1475176566634372,0.01923077,0.003875969,142
Chornobaivka,s2__composite__b05__post_winter_baseline,0.5289206917113894,0.5289206917113894,higher=damaged,887.0,0.7341989524929462,0.21665575,0.21604182,142
Chornobaivka,s2__visibility__clear__freq__postbattle,0.5271317829457365,0.5271317829457365,higher=damaged,884.0,0.3959966090177309,1.0,0.99127907,142
Chornobaivka,s2__composite__b11__post_winter_baseline,0.5241502683363148,0.5241502683363148,higher=damaged,879.0,0.777211986063369,0.28398845,0.2842272,142
Chornobaivka,s2__composite__b03__post_winter_baseline,0.477340488968396,0.522659511031604,lower=damaged,800.5,0.7907982083857419,0.17432308,0.18035892,142
Chornobaivka,s2__composite__ndre__delta,0.522361359570662,0.522361359570662,higher=damaged,876.0,0.793527615608714,0.043329243,0.040086985,142
Chornobaivka,s2__composite__cire__post_winter_baseline,0.5163983303518187,0.5163983303518187,higher=damaged,866.0,0.8485302550454528,0.23349032,0.21503854,142
Chornobaivka,s2__composite__b08__prebattle_baseline,0.48360166964818124,0.5163983303518187,lower=damaged,811.0,0.8485300982559155,0.23173076,0.23807016,142
Chornobaivka,s2__composite__b08__winter_baseline,0.48360166964818124,0.5163983303518187,lower=damaged,811.0,0.8485300982559155,0.23173076,0.23807016,142
Chornobaivka,s2__composite__cire__delta,0.4836016696481813,0.5163983303518187,lower=damaged,811.0,0.8485302550454528,0.10015009,0.094586246,142
Chornobaivka,s2__composite__mndwi__post_winter_baseline,0.48419797257006564,0.5158020274299344,lower=damaged,812.0,0.8540760609934532,-0.24313807,-0.22666399,142
Chornobaivka,s2__composite__ndre__prebattle_baseline,0.5158020274299344,0.5158020274299344,higher=damaged,865.0,0.8540760609934532,0.08095893,0.08047636,142
Chornobaivka,s2__composite__ndre__winter_baseline,0.5158020274299344,0.5158020274299344,higher=damaged,865.0,0.8540760609934532,0.08095893,0.08047636,142
Chornobaivka,s2__visibility__cloud__freq__postbattle,0.4844961240310077,0.5155038759689923,lower=damaged,812.5,0.5290711648146611,0.0,0.003875969,142
Chornobaivka,s2__qa__cloud_freq__prebattle,0.4844961240310077,0.5155038759689923,lower=damaged,812.5,0.5291184587591444,0.0,0.0021802327,142
Chornobaivka,s2__qa__cloud_freq__postbattle,0.4883720930232558,0.5116279069767442,lower=damaged,819.0,0.5895094956731347,0.0,0.0018572352,142
Chornobaivka,s2__visibility__fire__freq__postbattle,0.4883720930232558,0.5116279069767442,lower=damaged,819.0,0.5895032110064833,0.0,0.004844961,142
Chornobaivka,s2__composite__b12__post_winter_baseline,0.5098389982110912,0.5098389982110912,higher=damaged,855.0,0.909886536186272,0.2577904,0.25684988,142
Chornobaivka,s2__composite__ndre__post_winter_baseline,0.5080500894454383,0.5080500894454383,higher=damaged,852.0,0.9267297424109253,0.12428817,0.12056334,142
Chornobaivka,s2__composite__b05__prebattle_baseline,0.49552772808586765,0.5044722719141324,lower=damaged,831.0,0.9605072676897141,0.20903076,0.21253076,142
Chornobaivka,s2__composite__b05__winter_baseline,0.49552772808586765,0.5044722719141324,lower=damaged,831.0,0.9605072676897141,0.20903076,0.21253076,142
Chornobaivka,s2__composite__ndwi__delta,0.49552772808586765,0.5044722719141324,lower=damaged,831.0,0.9605073090363506,-0.028763589,-0.030865103,142
Chornobaivka,s2__composite__b8a__prebattle_baseline,0.5026833631484795,0.5026833631484795,higher=damaged,843.0,0.9774265376276668,0.24752715,0.25005466,142
Chornobaivka,s2__composite__b8a__winter_baseline,0.5026833631484795,0.5026833631484795,higher=damaged,843.0,0.9774265376276668,0.24752715,0.25005466,142
Chornobaivka,s2__composite__ndbi__prebattle_baseline,0.5026833631484794,0.5026833631484794,higher=damaged,843.0,0.9774265376276668,0.08136301,0.076896675,142
Chornobaivka,s2__composite__ndbi__winter_baseline,0.5026833631484794,0.5026833631484794,higher=damaged,843.0,0.9774265376276668,0.08136301,0.076896675,142
Chornobaivka,s2__qa__cloud_freq__crossbattle,0.5,0.5,higher=damaged,838.5,1.0,0.0,0.0,142
Chornobaivka,s2__visibility__cloud__freq__crossbattle,0.5,0.5,higher=damaged,838.5,1.0,0.0,0.0,142
Chornobaivka,s2__visibility__smoke__freq__crossbattle,0.5,0.5,higher=damaged,838.5,1.0,0.0,0.0,142
Chornobaivka,s2__obs_count__post_winter_baseline,0.5,0.5,higher=damaged,838.5,1.0,5.0,5.0,142
Chornobaivka,s2__visibility__smoke__freq__postbattle,0.5,0.5,higher=damaged,838.5,1.0,0.0,0.0,142
Chornobaivka,s2__visibility__cloud__freq__prebattle,0.5,0.5,higher=damaged,838.5,1.0,0.0,0.0,142
Chornobaivka,s2__visibility__smoke__freq__prebattle,0.5,0.5,higher=damaged,838.5,1.0,0.0,0.0,142
Chornobaivka,s2__obs_count__prebattle_baseline,0.5,0.5,higher=damaged,838.5,1.0,4.0,4.0,142
Chornobaivka,s2__obs_count__winter_baseline,0.5,0.5,higher=damaged,838.5,1.0,4.0,4.0,142
Chornobaivka,s2__obs_count__delta,0.5,0.5,higher=damaged,838.5,1.0,1.0,1.0,142
Dmytrivka,s2__composite__b02__prebattle_baseline,0.5618327468742981,0.5618327468742981,higher=damaged,562830.0,0.00012936664100705167,0.3166818,0.28976458,3136
Dmytrivka,s2__composite__b02__winter_baseline,0.5618327468742981,0.5618327468742981,higher=damaged,562830.0,0.00012936664100705167,0.3166818,0.28976458,3136
Dmytrivka,s2__composite__ndvi__prebattle_baseline,0.43927628459484414,0.5607237154051559,lower=damaged,440056.0,0.00017058852800887867,0.055233657,0.06509593,3136
Dmytrivka,s2__composite__ndvi__winter_baseline,0.43927628459484414,0.5607237154051559,lower=damaged,440056.0,0.00017058852800887867,0.055233657,0.06509593,3136
Dmytrivka,s2__composite__b03__prebattle_baseline,0.5598896957899728,0.5598896957899728,higher=damaged,560883.5,0.00020941569329007223,0.3072284,0.28115526,3136
Dmytrivka,s2__composite__b03__winter_baseline,0.5598896957899728,0.5598896957899728,higher=damaged,560883.5,0.00020941569329007223,0.3072284,0.28115526,3136
Dmytrivka,s2__composite__ndwi__prebattle_baseline,0.5587881510319184,0.5587881510319184,higher=damaged,559780.0,0.0002734983584609624,-0.06350004,-0.07396437,3136
Dmytrivka,s2__composite__ndwi__winter_baseline,0.5587881510319184,0.5587881510319184,higher=damaged,559780.0,0.0002734983584609624,-0.06350004,-0.07396437,3136
Dmytrivka,s2__composite__b04__prebattle_baseline,0.5583748845798708,0.5583748845798708,higher=damaged,559366.0,0.00030196799541237546,0.31354445,0.28698787,3136
Dmytrivka,s2__composite__b04__winter_baseline,0.5583748845798708,0.5583748845798708,higher=damaged,559366.0,0.00030196799541237546,0.31354445,0.28698787,3136
Dmytrivka,s2__qa__cloud_freq__prebattle,0.5540825035561877,0.5540825035561877,higher=damaged,555066.0,2.6189420120020595e-17,0.019831356,0.0046328297,3136
Dmytrivka,s2__composite__b12__prebattle_baseline,0.5495196027051983,0.5495196027051983,higher=damaged,550495.0,0.0021735812258498544,0.19825836,0.19270526,3136
Dmytrivka,s2__composite__b12__winter_baseline,0.5495196027051983,0.5495196027051983,higher=damaged,550495.0,0.0021735812258498544,0.19825836,0.19270526,3136
Dmytrivka,s2__composite__cire__prebattle_baseline,0.45366973621821266,0.5463302637817873,lower=damaged,454475.0,0.004130806527467594,0.03547907,0.04274167,3136
Dmytrivka,s2__composite__cire__winter_baseline,0.45366973621821266,0.5463302637817873,lower=damaged,454475.0,0.004130806527467594,0.03547907,0.04274167,3136
Dmytrivka,s2__visibility__clear__freq__prebattle,0.4554091487609493,0.5445908512390507,lower=damaged,456217.5,3.508094442026987e-07,0.95235455,0.9750631,3136
Dmytrivka,s2__composite__mndwi__prebattle_baseline,0.5440013975194031,0.5440013975194031,higher=damaged,544967.0,0.006452970759281023,0.18873583,0.16617386,3136
Dmytrivka,s2__composite__mndwi__winter_baseline,0.5440013975194031,0.5440013975194031,higher=damaged,544967.0,0.006452970759281023,0.18873583,0.16617386,3136
Dmytrivka,s2__obs_count__prebattle_baseline,0.4568051708217913,0.5431948291782087,lower=damaged,457616.0,1.3363326674136771e-24,3.900277,3.9866667,3136
Dmytrivka,s2__obs_count__winter_baseline,0.4568051708217913,0.5431948291782087,lower=damaged,457616.0,1.3363326674136771e-24,3.900277,3.9866667,3136
Dmytrivka,s2__composite__b08__prebattle_baseline,0.5417823363529735,0.5417823363529735,higher=damaged,542744.0,0.009696704645995804,0.34740496,0.32550767,3136
Dmytrivka,s2__composite__b08__winter_baseline,0.5417823363529735,0.5417823363529735,higher=damaged,542744.0,0.009696704645995804,0.34740496,0.32550767,3136
Dmytrivka,s2__visibility__cloud__freq__prebattle,0.5416181278231139,0.5416181278231139,higher=damaged,542579.5,1.958455492241787e-08,0.03157895,0.014054054,3136
Dmytrivka,s2__composite__b11__prebattle_baseline,0.5397080182675751,0.5397080182675751,higher=damaged,540666.0,0.013969262198524578,0.19836839,0.19382568,3136
Dmytrivka,s2__composite__b11__winter_baseline,0.5397080182675751,0.5397080182675751,higher=damaged,540666.0,0.013969262198524578,0.19836839,0.19382568,3136
Dmytrivka,s2__composite__ndre__prebattle_baseline,0.46519627660901897,0.534803723390981,lower=damaged,466022.0,0.03120430843173518,0.024583798,0.028196597,3136
Dmytrivka,s2__composite__ndre__winter_baseline,0.46519627660901897,0.534803723390981,lower=damaged,466022.0,0.03120430843173518,0.024583798,0.028196597,3136
Dmytrivka,s2__composite__b05__prebattle_baseline,0.521947543110978,0.521947543110978,higher=damaged,522874.0,0.1742705157022243,0.32726264,0.3161334,3136
Dmytrivka,s2__composite__b05__winter_baseline,0.521947543110978,0.521947543110978,higher=damaged,522874.0,0.1742705157022243,0.32726264,0.3161334,3136
Dmytrivka,s2__composite__ndbi__prebattle_baseline,0.4786653689700781,0.5213346310299218,lower=damaged,479515.0,0.18661231134284417,-0.24924418,-0.23707576,3136
Dmytrivka,s2__composite__ndbi__winter_baseline,0.4786653689700781,0.5213346310299218,lower=damaged,479515.0,0.18661231134284417,-0.24924418,-0.23707576,3136
Dmytrivka,s2__visibility__clear__freq__crossbattle,0.5176257143570162,0.5176257143570162,higher=damaged,518544.5,0.0102885030344242,0.9833795,0.9654054,3136
Dmytrivka,s2__composite__b8a__prebattle_baseline,0.5127089416286092,0.5127089416286092,higher=damaged,513619.0,0.431455767075799,0.34024888,0.33254248,3136
Dmytrivka,s2__composite__b8a__winter_baseline,0.5127089416286092,0.5127089416286092,higher=damaged,513619.0,0.431455767075799,0.34024888,0.33254248,3136
Dmytrivka,s2__composite__b07__prebattle_baseline,0.512166903745851,0.512166903745851,higher=damaged,513076.0,0.4513605786683329,0.33563873,0.32752362,3136
Dmytrivka,s2__composite__b07__winter_baseline,0.512166903745851,0.512166903745851,higher=damaged,513076.0,0.4513605786683329,0.33563873,0.32752362,3136
Dmytrivka,s2__visibility__fire__freq__crossbattle,0.48873799006762997,0.51126200993237,lower=damaged,489605.5,0.06575918507241377,0.015235457,0.026846847,3136
Dmytrivka,s2__visibility__cloud__freq__crossbattle,0.4936372938034988,0.5063627061965013,lower=damaged,494513.5,0.05320126222033722,0.0013850415,0.007747748,3136
Dmytrivka,s2__visibility__smoke__freq__prebattle,0.4938159766414614,0.5061840233585386,lower=damaged,494692.5,0.057381776337153106,0.0005540166,0.0033873871,3136
Dmytrivka,s2__qa__cloud_freq__postbattle,0.5054657982081804,0.5054657982081804,higher=damaged,506363.0,0.07798177172839667,0.003872105,0.0025693316,3136
Dmytrivka,s2__visibility__clear__freq__postbattle,0.4954001647076439,0.5045998352923561,lower=damaged,496279.5,0.574608023323281,0.9630656,0.9672072,3136
Dmytrivka,s2__visibility__cloud__freq__postbattle,0.5036934441366574,0.5036934441366574,higher=damaged,504587.5,0.6363058434256491,0.03231764,0.028948953,3136
Dmytrivka,s2__qa__cloud_freq__crossbattle,0.49686406628234886,0.5031359337176511,lower=damaged,497746.0,0.4449466572772185,0.002958968,0.007827827,3136
Dmytrivka,s2__visibility__smoke__freq__postbattle,0.5018112849691797,0.5018112849691797,higher=damaged,502702.0,0.3636821600862108,0.002770083,0.0018018018,3136
Dmytrivka,s2__visibility__fire__freq__postbattle,0.5004257443038607,0.5004257443038607,higher=damaged,501314.0,0.8256510752288153,0.0018467221,0.0018018018,3136
Dmytrivka,s2__visibility__fire__freq__prebattle,0.5004257443038607,0.5004257443038607,higher=damaged,501314.0,0.8256510752288153,0.0011080332,0.0010810811,3136
Dmytrivka,s2__visibility__smoke__freq__crossbattle,0.5,0.5,higher=damaged,500887.5,1.0,0.0,0.0,3136
Dmytrivka,s2__composite__b02__post_winter_baseline,0.5,0.5,higher=damaged,500887.5,1.0,0.14765,0.14765,3136
Dmytrivka,s2__composite__b03__post_winter_baseline,0.5,0.5,higher=damaged,500887.5,1.0,0.14851631,0.14851631,3136
Dmytrivka,s2__composite__b04__post_winter_baseline,0.5,0.5,higher=damaged,500887.5,1.0,0.1546037,0.15460372,3136
Dmytrivka,s2__composite__b05__post_winter_baseline,0.5,0.5,higher=damaged,500887.5,1.0,0.17679043,0.17679043,3136
Dmytrivka,s2__composite__b07__post_winter_baseline,0.5,0.5,higher=damaged,500887.5,1.0,0.20706178,0.20706178,3136
Dmytrivka,s2__composite__b08__post_winter_baseline,0.5,0.5,higher=damaged,500887.5,1.0,0.2128,0.21280001,3136
Dmytrivka,s2__composite__b11__post_winter_baseline,0.5,0.5,higher=damaged,500887.5,1.0,0.23265313,0.23265313,3136
Dmytrivka,s2__composite__b12__post_winter_baseline,0.5,0.5,higher=damaged,500887.5,1.0,0.20705314,0.20705315,3136
Dmytrivka,s2__composite__b8a__post_winter_baseline,0.5,0.5,higher=damaged,500887.5,1.0,0.22053458,0.22053458,3136
Dmytrivka,s2__composite__cire__post_winter_baseline,0.5,0.5,higher=damaged,500887.5,1.0,0.1625956,0.16259558,3136
Dmytrivka,s2__composite__mndwi__post_winter_baseline,0.5,0.5,higher=damaged,500887.5,1.0,-0.2041119,-0.2041119,3136
Dmytrivka,s2__composite__ndbi__post_winter_baseline,0.5,0.5,higher=damaged,500887.5,1.0,0.038777296,0.038777296,3136
Dmytrivka,s2__composite__ndre__post_winter_baseline,0.5,0.5,higher=damaged,500887.5,1.0,0.106233634,0.106233634,3136
Dmytrivka,s2__composite__ndvi__post_winter_baseline,0.5,0.5,higher=damaged,500887.5,1.0,0.13713871,0.13713871,3136
Dmytrivka,s2__composite__ndwi__post_winter_baseline,0.5,0.5,higher=damaged,500887.5,1.0,-0.16004322,-0.16004322,3136
Dmytrivka,s2__obs_count__post_winter_baseline,0.5,0.5,higher=damaged,500887.5,1.0,1.0,1.0,3136
Dmytrivka,s2__composite__b02__delta,0.5,0.5,higher=damaged,500887.5,1.0,-0.010551274,-0.010551274,3136
Dmytrivka,s2__composite__b03__delta,0.5,0.5,higher=damaged,500887.5,1.0,-0.020950006,-0.020950004,3136
Dmytrivka,s2__composite__b04__delta,0.5,0.5,higher=damaged,500887.5,1.0,-0.027046412,-0.027046412,3136
Dmytrivka,s2__composite__b05__delta,0.5,0.5,higher=damaged,500887.5,1.0,-0.030821145,-0.030821146,3136
Dmytrivka,s2__composite__b07__delta,0.5,0.5,higher=damaged,500887.5,1.0,-0.043328453,-0.04332845,3136
Dmytrivka,s2__composite__b08__delta,0.5,0.5,higher=damaged,500887.5,1.0,-0.042683035,-0.042683035,3136
Dmytrivka,s2__composite__b11__delta,0.5,0.5,higher=damaged,500887.5,1.0,-0.012653113,-0.012653113,3136
Dmytrivka,s2__composite__b12__delta,0.5,0.5,higher=damaged,500887.5,1.0,-0.01784341,-0.01784341,3136
Dmytrivka,s2__composite__b8a__delta,0.5,0.5,higher=damaged,500887.5,1.0,-0.04850043,-0.048500426,3136
Dmytrivka,s2__composite__cire__delta,0.5,0.5,higher=damaged,500887.5,1.0,0.013226241,0.013226242,3136
Dmytrivka,s2__composite__mndwi__delta,0.5,0.5,higher=damaged,500887.5,1.0,-0.012946725,-0.012946725,3136
Dmytrivka,s2__composite__ndbi__delta,0.5,0.5,higher=damaged,500887.5,1.0,0.029347029,0.029347029,3136
Dmytrivka,s2__composite__ndre__delta,0.5,0.5,higher=damaged,500887.5,1.0,0.0046730605,0.0046730605,3136
Dmytrivka,s2__composite__ndvi__delta,0.5,0.5,higher=damaged,500887.5,1.0,0.0050897375,0.0050897375,3136
Dmytrivka,s2__composite__ndwi__delta,0.5,0.5,higher=damaged,500887.5,1.0,0.0022702664,0.0022702666,3136
Dmytrivka,s2__obs_count__delta,0.5,0.5,higher=damaged,500887.5,1.0,-2.0,-2.0,3136
Hostomel,s2__composite__b02__post_winter_baseline,0.6920460432951141,0.6920460432951141,higher=damaged,1658988.0,3.1218904906673746e-53,0.16704485,0.1522217,4497
Hostomel,s2__composite__b04__post_winter_baseline,0.6753765400117302,0.6753765400117302,higher=damaged,1619027.5,1.0945575103120886e-44,0.16717885,0.15073714,4497
Hostomel,s2__composite__b03__post_winter_baseline,0.6729307923921939,0.6729307923921939,higher=damaged,1613164.5,1.6916589808026627e-43,0.15996295,0.14596897,4497
Hostomel,s2__composite__b02__prebattle_baseline,0.6712281966376081,0.6712281966376081,higher=damaged,1609083.0,1.112438353624825e-42,0.17352283,0.1577365,4497
Hostomel,s2__composite__b02__winter_baseline,0.6712281966376081,0.6712281966376081,higher=damaged,1609083.0,1.112438353624825e-42,0.17352283,0.1577365,4497
Hostomel,s2__composite__b03__prebattle_baseline,0.654886155725252,0.654886155725252,higher=damaged,1569907.5,3.093962883662832e-35,0.18763511,0.17192297,4497
Hostomel,s2__composite__b03__winter_baseline,0.654886155725252,0.654886155725252,higher=damaged,1569907.5,3.093962883662832e-35,0.18763511,0.17192297,4497
Hostomel,s2__composite__b04__prebattle_baseline,0.6501216825141769,0.6501216825141769,higher=damaged,1558486.0,3.326978101764195e-33,0.20113917,0.18442911,4497
Hostomel,s2__composite__b04__winter_baseline,0.6501216825141769,0.6501216825141769,higher=damaged,1558486.0,3.326978101764195e-33,0.20113917,0.18442911,4497
Hostomel,s2__composite__b05__post_winter_baseline,0.6490550311986125,0.6490550311986125,higher=damaged,1555929.0,9.296136244881299e-33,0.18007375,0.1679588,4497
Hostomel,s2__composite__ndre__post_winter_baseline,0.3537056643064347,0.6462943356935653,lower=damaged,847911.0,1.2842599451548913e-31,0.07463143,0.10041721,4497
Hostomel,s2__composite__cire__post_winter_baseline,0.3585600332384735,0.6414399667615265,lower=damaged,859548.0,1.1557274400585053e-29,0.11507273,0.16249254,4497
Hostomel,s2__composite__ndvi__post_winter_baseline,0.36271108808445773,0.6372889119155423,lower=damaged,869499.0,4.812827706675544e-28,0.102152385,0.13540804,4497
Hostomel,s2__composite__ndvi__prebattle_baseline,0.37594891086432547,0.6240510891356745,lower=damaged,901233.0,3.389513583224161e-23,0.14017485,0.17089231,4497
Hostomel,s2__composite__ndvi__winter_baseline,0.37594891086432547,0.6240510891356745,lower=damaged,901233.0,3.389513583224161e-23,0.14017485,0.17089231,4497
Hostomel,s2__composite__cire__prebattle_baseline,0.37661635009189803,0.623383649908102,lower=damaged,902833.0,5.77807700843232e-23,0.17565794,0.2165579,4497
Hostomel,s2__composite__cire__winter_baseline,0.37661635009189803,0.623383649908102,lower=damaged,902833.0,5.77807700843232e-23,0.17565794,0.2165579,4497
Hostomel,s2__composite__b12__post_winter_baseline,0.6179805207861432,0.6179805207861432,higher=damaged,1481436.5,3.9077862467129686e-21,0.20770355,0.1934791,4497
Hostomel,s2__composite__ndwi__prebattle_baseline,0.6177650630604925,0.6177650630604925,higher=damaged,1480920.0,4.6051808952069945e-21,-0.17400558,-0.20382796,4497
Hostomel,s2__composite__ndwi__winter_baseline,0.6177650630604925,0.6177650630604925,higher=damaged,1480920.0,4.6051808952069945e-21,-0.17400558,-0.20382796,4497
Hostomel,s2__composite__b05__prebattle_baseline,0.616176974848387,0.616176974848387,higher=damaged,1477113.0,1.5309581836517027e-20,0.21758398,0.20734847,4497
Hostomel,s2__composite__b05__winter_baseline,0.616176974848387,0.616176974848387,higher=damaged,1477113.0,1.5309581836517027e-20,0.21758398,0.20734847,4497
Hostomel,s2__composite__ndre__prebattle_baseline,0.3838388768332678,0.6161611231667322,lower=damaged,920147.0,1.549304378689057e-20,0.110299505,0.12933901,4497
Hostomel,s2__composite__ndre__winter_baseline,0.3838388768332678,0.6161611231667322,lower=damaged,920147.0,1.549304378689057e-20,0.110299505,0.12933901,4497
Hostomel,s2__composite__b12__prebattle_baseline,0.613706615407334,0.613706615407334,higher=damaged,1471191.0,9.610644156149166e-20,0.24915029,0.23545516,4497
Hostomel,s2__composite__b12__winter_baseline,0.613706615407334,0.613706615407334,higher=damaged,1471191.0,9.610644156149166e-20,0.24915029,0.23545516,4497
Hostomel,s2__composite__ndwi__post_winter_baseline,0.6082611456093763,0.6082611456093763,higher=damaged,1458137.0,4.81018848344194e-18,-0.12231828,-0.14943013,4497
Hostomel,s2__composite__b11__post_winter_baseline,0.6007478656544951,0.6007478656544951,higher=damaged,1440126.0,7.822979057220378e-16,0.22597921,0.2135332,4497
Hostomel,s2__qa__cloud_freq__postbattle,0.39950930702287896,0.600490692977121,lower=damaged,957712.5,6.029163311761369e-21,0.048998788,0.09543375,4497
Hostomel,s2__visibility__clear__freq__postbattle,0.586921862055329,0.586921862055329,higher=damaged,1406982.0,3.854614417965726e-16,0.93608415,0.8874065,4497
Hostomel,s2__composite__b11__prebattle_baseline,0.586791919980711,0.586791919980711,higher=damaged,1406670.5,3.897201695944202e-12,0.284127,0.27273667,4497
Hostomel,s2__composite__b11__winter_baseline,0.586791919980711,0.586791919980711,higher=damaged,1406670.5,3.897201695944202e-12,0.284127,0.27273667,4497
Hostomel,s2__visibility__cloud__freq__postbattle,0.421451163054569,0.578548836945431,lower=damaged,1010312.0,3.097797326654252e-14,0.05420712,0.09506316,4497
Hostomel,s2__composite__mndwi__prebattle_baseline,0.565287236643081,0.565287236643081,higher=damaged,1355119.0,1.778644573980563e-07,-0.20818731,-0.22758406,4497
Hostomel,s2__composite__mndwi__winter_baseline,0.565287236643081,0.565287236643081,higher=damaged,1355119.0,1.778644573980563e-07,-0.20818731,-0.22758406,4497
Hostomel,s2__composite__ndre__delta,0.43941820991130565,0.5605817900886944,lower=damaged,1053383.0,1.2674085926490294e-06,-0.035668068,-0.028921794,4497
Hostomel,s2__composite__ndbi__post_winter_baseline,0.5596231804980933,0.5596231804980933,higher=damaged,1341541.0,1.8593814232566825e-06,0.05246792,0.037932657,4497
Hostomel,s2__composite__b07__post_winter_baseline,0.5541827164943423,0.5541827164943423,higher=damaged,1328499.0,1.470548410425435e-05,0.20014353,0.19496046,4497
Hostomel,s2__composite__ndbi__prebattle_baseline,0.5535603294146307,0.5535603294146307,higher=damaged,1327007.0,1.8415729847029952e-05,0.03576249,0.02473115,4497
Hostomel,s2__composite__ndbi__winter_baseline,0.5535603294146307,0.5535603294146307,higher=damaged,1327007.0,1.8415729847029952e-05,0.03576249,0.02473115,4497
Hostomel,s2__composite__mndwi__post_winter_baseline,0.542233885722724,0.542233885722724,higher=damaged,1299855.0,0.0007315092491150919,-0.17345954,-0.18642521,4497
Hostomel,s2__composite__b08__post_winter_baseline,0.5379998181228105,0.5379998181228105,higher=damaged,1289705.0,0.0023745606317295523,0.20574209,0.19974156,4497
Hostomel,s2__composite__b8a__post_winter_baseline,0.5306865613614425,0.5306865613614425,higher=damaged,1272173.5,0.014126423802962808,0.20933759,0.20630378,4497
Hostomel,s2__composite__b05__delta,0.5306285775785472,0.5306285775785472,higher=damaged,1272034.5,0.01430962698162456,-0.03751024,-0.039389666,4497
Hostomel,s2__composite__b07__delta,0.5285626445944513,0.5285626445944513,higher=damaged,1267082.0,0.022360971366323017,-0.054382768,-0.056107704,4497
Hostomel,s2__composite__b08__prebattle_baseline,0.5275575228326788,0.5275575228326788,higher=damaged,1264672.5,0.02753843948270571,0.26579782,0.26078656,4497
Hostomel,s2__composite__b08__winter_baseline,0.5275575228326788,0.5275575228326788,higher=damaged,1264672.5,0.02753843948270571,0.26579782,0.26078656,4497
Hostomel,s2__composite__b07__prebattle_baseline,0.5247451007874949,0.5247451007874949,higher=damaged,1257930.5,0.04782893395441829,0.25452632,0.25106817,4497
Hostomel,s2__composite__b07__winter_baseline,0.5247451007874949,0.5247451007874949,higher=damaged,1257930.5,0.04782893395441829,0.25452632,0.25106817,4497
Hostomel,s2__composite__cire__delta,0.47567726309870345,0.5243227369012966,lower=damaged,1140304.0,0.0517619688030937,-0.06058522,-0.05406536,4497
Hostomel,s2__composite__mndwi__delta,0.4763200905047592,0.5236799094952408,lower=damaged,1141845.0,0.058264807168073945,0.034727756,0.041158848,4497
Hostomel,s2__composite__ndvi__delta,0.48376370649026246,0.5162362935097375,lower=damaged,1159689.0,0.19414187618224255,-0.03802248,-0.03548428,4497
Hostomel,s2__composite__b8a__delta,0.5158324927770561,0.5158324927770561,higher=damaged,1236565.0,0.20546622706561024,-0.061897006,-0.0625224,4497
Hostomel,s2__composite__ndbi__delta,0.5147883675354222,0.5147883675354222,higher=damaged,1234062.0,0.2369555541893943,0.01670543,0.01320151,4497
Hostomel,s2__composite__b03__delta,0.48591598942442543,0.5140840105755746,lower=damaged,1164848.5,0.26003762276068887,-0.027672162,-0.025954,4497
Hostomel,s2__composite__b8a__prebattle_baseline,0.5138061889970975,0.5138061889970975,higher=damaged,1231707.5,0.2695565150387488,0.2712346,0.2688262,4497
Hostomel,s2__composite__b8a__winter_baseline,0.5138061889970975,0.5138061889970975,higher=damaged,1231707.5,0.2695565150387488,0.2712346,0.2688262,4497
Hostomel,s2__visibility__clear__freq__prebattle,0.5107474401619875,0.5107474401619875,higher=damaged,1224375.0,0.006696395200033196,0.9959547,0.9899459,4497
Hostomel,s2__composite__b02__delta,0.48975167923538165,0.5102483207646183,lower=damaged,1174043.5,0.4124689831768956,-0.006477975,-0.005514796,4497
Hostomel,s2__composite__b11__delta,0.5098968722963497,0.5098968722963497,higher=damaged,1222336.0,0.4286810645560235,-0.05814777,-0.05920352,4497
Hostomel,s2__visibility__clear__freq__crossbattle,0.507067972845235,0.507067972845235,higher=damaged,1215554.5,0.03147865785539966,0.99271846,0.9862078,4497
Hostomel,s2__visibility__fire__freq__crossbattle,0.49366641887985346,0.5063335811201466,lower=damaged,1183428.0,0.03990357363188735,0.006472492,0.012245424,4497
Hostomel,s2__composite__ndwi__delta,0.4937538117037137,0.5062461882962863,lower=damaged,1183637.5,0.6174271036201743,0.051687315,0.05439784,4497
Hostomel,s2__composite__b12__delta,0.5043587953055662,0.5043587953055662,higher=damaged,1209060.0,0.7274177510542641,-0.041446734,-0.04197606,4497
Hostomel,s2__qa__cloud_freq__prebattle,0.5041971498676385,0.5041971498676385,higher=damaged,1208672.5,0.09655593071375566,0.0018709546,0.0011520366,4497
Hostomel,s2__visibility__cloud__freq__prebattle,0.49586563113470505,0.504134368865295,lower=damaged,1188700.0,0.15614096314140705,0.0028317152,0.0049626194,4497
Hostomel,s2__composite__b08__delta,0.502998887879387,0.502998887879387,higher=damaged,1205800.0,0.8104785137898528,-0.060055718,-0.06104499,4497
Hostomel,s2__visibility__smoke__freq__prebattle,0.49784437986969915,0.5021556201303008,lower=damaged,1193443.5,0.17196689113833175,0.00040453076,0.0014823409,4497
Hostomel,s2__visibility__smoke__freq__postbattle,0.4983243103892756,0.5016756896107244,lower=damaged,1194594.0,0.14961459115975073,0.0,0.00096674403,4497
Hostomel,s2__qa__cloud_freq__crossbattle,0.49874333707933594,0.5012566629206641,lower=damaged,1195598.5,0.3444945102348994,0.00010113269,0.0017240269,4497
Hostomel,s2__composite__b04__delta,0.5009204404097743,0.5009204404097743,higher=damaged,1200817.5,0.9413348113821953,-0.033960305,-0.033691972,4497
Hostomel,s2__visibility__cloud__freq__crossbattle,0.49926227107877363,0.5007377289212264,lower=damaged,1196842.5,0.5259116529741215,0.0008090615,0.0015467904,4497
Hostomel,s2__visibility__fire__freq__prebattle,0.49926227107877363,0.5007377289212264,lower=damaged,1196842.5,0.5259116529741215,0.00040453076,0.0007733952,4497
Hostomel,s2__visibility__fire__freq__postbattle,0.50048994210799,0.50048994210799,higher=damaged,1199785.5,0.7202529073135946,0.0012135922,0.0013534416,4497
Hostomel,s2__visibility__smoke__freq__crossbattle,0.5,0.5,higher=damaged,1198611.0,1.0,0.0,0.0,4497
Hostomel,s2__obs_count__post_winter_baseline,0.5,0.5,higher=damaged,1198611.0,1.0,1.0,1.0,4497
Hostomel,s2__obs_count__prebattle_baseline,0.5,0.5,higher=damaged,1198611.0,1.0,3.0,3.0,4497
Hostomel,s2__obs_count__winter_baseline,0.5,0.5,higher=damaged,1198611.0,1.0,3.0,3.0,4497
Hostomel,s2__obs_count__delta,0.5,0.5,higher=damaged,1198611.0,1.0,-2.0,-2.0,4497
Irpin,s2__composite__ndvi__prebattle_baseline,0.4254490388759131,0.5745509611240869,lower=damaged,319864.5,1.9542968367469582e-05,0.06404501,0.07707226,2749
Irpin,s2__composite__ndvi__winter_baseline,0.4254490388759131,0.5745509611240869,lower=damaged,319864.5,1.9542968367469582e-05,0.06404501,0.07707226,2749
Irpin,s2__composite__ndre__prebattle_baseline,0.425672494240704,0.574327505759296,lower=damaged,320032.5,2.0695647523603554e-05,0.031261984,0.041395318,2749
Irpin,s2__composite__ndre__winter_baseline,0.425672494240704,0.574327505759296,lower=damaged,320032.5,2.0695647523603554e-05,0.031261984,0.041395318,2749
Irpin,s2__composite__ndwi__prebattle_baseline,0.5687677234686657,0.5687677234686657,higher=damaged,427615.5,8.189001888726311e-05,-0.07246668,-0.08532455,2749
Irpin,s2__composite__ndwi__winter_baseline,0.5687677234686657,0.5687677234686657,higher=damaged,427615.5,8.189001888726311e-05,-0.07246668,-0.08532455,2749
Irpin,s2__composite__b04__prebattle_baseline,0.5682556382576867,0.5682556382576867,higher=damaged,427230.5,9.249904231523535e-05,0.28169727,0.25608173,2749
Irpin,s2__composite__b04__winter_baseline,0.5682556382576867,0.5682556382576867,higher=damaged,427230.5,9.249904231523535e-05,0.28169727,0.25608173,2749
Irpin,s2__composite__mndwi__prebattle_baseline,0.5678366594487037,0.5678366594487037,higher=damaged,426915.5,0.00010213149762536316,0.121234916,0.09107902,2749
Irpin,s2__composite__mndwi__winter_baseline,0.5678366594487037,0.5678366594487037,higher=damaged,426915.5,0.00010213149762536316,0.121234916,0.09107902,2749
Irpin,s2__composite__b03__prebattle_baseline,0.5657151635746474,0.5657151635746474,higher=damaged,425320.5,0.00016724524446013318,0.2760304,0.25110182,2749
Irpin,s2__composite__b03__winter_baseline,0.5657151635746474,0.5657151635746474,higher=damaged,425320.5,0.00016724524446013318,0.2760304,0.25110182,2749
Irpin,s2__composite__b02__prebattle_baseline,0.5616464138074134,0.5616464138074134,higher=damaged,422261.5,0.0004141325063581826,0.28505048,0.25941446,2749
Irpin,s2__composite__b02__winter_baseline,0.5616464138074134,0.5616464138074134,higher=damaged,422261.5,0.0004141325063581826,0.28505048,0.25941446,2749
Irpin,s2__composite__cire__prebattle_baseline,0.43954933841250926,0.5604506615874907,lower=damaged,330465.5,0.0005353401081555925,0.04586473,0.060363706,2749
Irpin,s2__composite__cire__winter_baseline,0.43954933841250926,0.5604506615874907,lower=damaged,330465.5,0.0005353401081555925,0.04586473,0.060363706,2749
Irpin,s2__composite__b08__prebattle_baseline,0.5516600871475923,0.5516600871475923,higher=damaged,414753.5,0.0030872028411158387,0.3175726,0.29721552,2749
Irpin,s2__composite__b08__winter_baseline,0.5516600871475923,0.5516600871475923,higher=damaged,414753.5,0.0030872028411158387,0.3175726,0.29721552,2749
Irpin,s2__composite__b05__prebattle_baseline,0.5486953132897417,0.5486953132897417,higher=damaged,412524.5,0.005285403657833862,0.29741308,0.28002664,2749
Irpin,s2__composite__b05__winter_baseline,0.5486953132897417,0.5486953132897417,higher=damaged,412524.5,0.005285403657833862,0.29741308,0.28002664,2749
Irpin,s2__composite__b12__prebattle_baseline,0.5397065552227371,0.5397065552227371,higher=damaged,405766.5,0.022950877854243497,0.20369053,0.19879186,2749
Irpin,s2__composite__b12__winter_baseline,0.5397065552227371,0.5397065552227371,higher=damaged,405766.5,0.022950877854243497,0.20369053,0.19879186,2749
Irpin,s2__composite__b07__prebattle_baseline,0.5386783945264076,0.5386783945264076,higher=damaged,404993.5,0.026735298948716995,0.3075904,0.29430962,2749
Irpin,s2__composite__b07__winter_baseline,0.5386783945264076,0.5386783945264076,higher=damaged,404993.5,0.026735298948716995,0.3075904,0.29430962,2749
Irpin,s2__composite__ndbi__prebattle_baseline,0.46445796112940724,0.5355420388705927,lower=damaged,349192.5,0.04177862387790475,-0.19195879,-0.17498589,2749
Irpin,s2__composite__ndbi__winter_baseline,0.46445796112940724,0.5355420388705927,lower=damaged,349192.5,0.04177862387790475,-0.19195879,-0.17498589,2749
Irpin,s2__composite__b8a__prebattle_baseline,0.5324203142208057,0.5324203142208057,higher=damaged,400288.5,0.06332336228173042,0.31316778,0.30214518,2749
Irpin,s2__composite__b8a__winter_baseline,0.5324203142208057,0.5324203142208057,higher=damaged,400288.5,0.06332336228173042,0.31316778,0.30214518,2749
Irpin,s2__composite__b11__prebattle_baseline,0.5253123054741244,0.5253123054741244,higher=damaged,394944.5,0.14711828234014493,0.20569105,0.2028767,2749
Irpin,s2__composite__b11__winter_baseline,0.5253123054741244,0.5253123054741244,higher=damaged,394944.5,0.14711828234014493,0.20569105,0.2028767,2749
Irpin,s2__visibility__clear__freq__crossbattle,0.515689758827817,0.515689758827817,higher=damaged,387710.0,0.04230634795442519,0.97727275,0.9621057,2749
Irpin,s2__visibility__cloud__freq__postbattle,0.5139307128758174,0.5139307128758174,higher=damaged,386387.5,0.20720224464749248,0.35497835,0.3442578,2749
Irpin,s2__visibility__clear__freq__postbattle,0.48691855051953375,0.5130814494804663,lower=damaged,366079.0,0.2529327015928967,0.6385281,0.6490509,2749
Irpin,s2__visibility__fire__freq__crossbattle,0.488828561851913,0.511171438148087,lower=damaged,367515.0,0.10713089183619406,0.019480519,0.03011061,2749
Irpin,s2__visibility__clear__freq__prebattle,0.49067073851998066,0.5093292614800193,lower=damaged,368900.0,0.3452861072083173,0.96022725,0.96845555,2749
Irpin,s2__visibility__cloud__freq__prebattle,0.4943584170847588,0.5056415829152412,lower=damaged,371672.5,0.46955349224457144,0.015422078,0.018435068,2749
Irpin,s2__qa__cloud_freq__crossbattle,0.4948791478902089,0.5051208521097911,lower=damaged,372064.0,0.07448390912146953,0.0,0.007066776,2749
Irpin,s2__visibility__cloud__freq__crossbattle,0.49546305803987084,0.5045369419601291,lower=damaged,372503.0,0.21029853446199753,0.0032467532,0.007783695,2749
Irpin,s2__visibility__smoke__freq__postbattle,0.49669073245476353,0.5033092675452364,lower=damaged,373426.0,0.4218875454126142,0.0054112556,0.006691247,2749
Irpin,s2__qa__cloud_freq__prebattle,0.5029587884462936,0.5029587884462936,higher=damaged,378138.5,0.7291998279281647,0.19269483,0.19072104,2749
Irpin,s2__visibility__fire__freq__prebattle,0.5026322509935783,0.5026322509935783,higher=damaged,377893.0,0.04111312406383847,0.0016233766,0.00030725112,2749
Irpin,s2__obs_count__prebattle_baseline,0.5024580090126998,0.5024580090126998,higher=damaged,377762.0,0.2177108686220165,3.0,2.9901679,2749
Irpin,s2__obs_count__winter_baseline,0.5024580090126998,0.5024580090126998,higher=damaged,377762.0,0.2177108686220165,3.0,2.9901679,2749
Irpin,s2__qa__cloud_freq__postbattle,0.5019751858137765,0.5019751858137765,higher=damaged,377399.0,0.7433437997883625,0.016233766,0.02012495,2749
Irpin,s2__visibility__fire__freq__postbattle,0.5016233766233766,0.5016233766233766,higher=damaged,377134.5,0.004892283271555384,0.0010822511,0.0,2749
Irpin,s2__visibility__smoke__freq__prebattle,0.5001130577738525,0.5001130577738525,higher=damaged,375999.0,0.9784362084971776,0.0048701297,0.004813601,2749
Irpin,s2__visibility__smoke__freq__crossbattle,0.5,0.5,higher=damaged,375914.0,1.0,0.0,0.0,2749
Irpin,s2__composite__b02__post_winter_baseline,0.5,0.5,higher=damaged,375914.0,1.0,0.14765,0.14764999,2749
Irpin,s2__composite__b03__post_winter_baseline,0.5,0.5,higher=damaged,375914.0,1.0,0.14851631,0.1485163,2749
Irpin,s2__composite__b04__post_winter_baseline,0.5,0.5,higher=damaged,375914.0,1.0,0.1546037,0.1546037,2749
Irpin,s2__composite__b05__post_winter_baseline,0.5,0.5,higher=damaged,375914.0,1.0,0.17679042,0.17679042,2749
Irpin,s2__composite__b07__post_winter_baseline,0.5,0.5,higher=damaged,375914.0,1.0,0.2070618,0.2070618,2749
Irpin,s2__composite__b08__post_winter_baseline,0.5,0.5,higher=damaged,375914.0,1.0,0.2128,0.21280001,2749
Irpin,s2__composite__b11__post_winter_baseline,0.5,0.5,higher=damaged,375914.0,1.0,0.23265311,0.23265311,2749
Irpin,s2__composite__b12__post_winter_baseline,0.5,0.5,higher=damaged,375914.0,1.0,0.20705315,0.20705315,2749
Irpin,s2__composite__b8a__post_winter_baseline,0.5,0.5,higher=damaged,375914.0,1.0,0.22053458,0.22053458,2749
Irpin,s2__composite__cire__post_winter_baseline,0.5,0.5,higher=damaged,375914.0,1.0,0.1625956,0.1625956,2749
Irpin,s2__composite__mndwi__post_winter_baseline,0.5,0.5,higher=damaged,375914.0,1.0,-0.2041119,-0.20411192,2749
Irpin,s2__composite__ndbi__post_winter_baseline,0.5,0.5,higher=damaged,375914.0,1.0,0.038777296,0.038777296,2749
Irpin,s2__composite__ndre__post_winter_baseline,0.5,0.5,higher=damaged,375914.0,1.0,0.10623365,0.10623365,2749
Irpin,s2__composite__ndvi__post_winter_baseline,0.5,0.5,higher=damaged,375914.0,1.0,0.13713871,0.13713872,2749
Irpin,s2__composite__ndwi__post_winter_baseline,0.5,0.5,higher=damaged,375914.0,1.0,-0.16004322,-0.16004322,2749
Irpin,s2__obs_count__post_winter_baseline,0.5,0.5,higher=damaged,375914.0,1.0,1.0,1.0,2749
Irpin,s2__composite__b02__delta,0.5,0.5,higher=damaged,375914.0,1.0,-0.010551274,-0.010551274,2749
Irpin,s2__composite__b03__delta,0.5,0.5,higher=damaged,375914.0,1.0,-0.020950003,-0.020950003,2749
Irpin,s2__composite__b04__delta,0.5,0.5,higher=damaged,375914.0,1.0,-0.02704641,-0.02704641,2749
Irpin,s2__composite__b05__delta,0.5,0.5,higher=damaged,375914.0,1.0,-0.030821145,-0.030821148,2749
Irpin,s2__composite__b07__delta,0.5,0.5,higher=damaged,375914.0,1.0,-0.043328453,-0.043328453,2749
Irpin,s2__composite__b08__delta,0.5,0.5,higher=damaged,375914.0,1.0,-0.04268304,-0.042683035,2749
Irpin,s2__composite__b11__delta,0.5,0.5,higher=damaged,375914.0,1.0,-0.012653112,-0.012653112,2749
Irpin,s2__composite__b12__delta,0.5,0.5,higher=damaged,375914.0,1.0,-0.017843409,-0.01784341,2749
Irpin,s2__composite__b8a__delta,0.5,0.5,higher=damaged,375914.0,1.0,-0.048500434,-0.048500434,2749
Irpin,s2__composite__cire__delta,0.5,0.5,higher=damaged,375914.0,1.0,0.013226241,0.013226242,2749
Irpin,s2__composite__mndwi__delta,0.5,0.5,higher=damaged,375914.0,1.0,-0.012946725,-0.012946725,2749
Irpin,s2__composite__ndbi__delta,0.5,0.5,higher=damaged,375914.0,1.0,0.02934703,0.02934703,2749
Irpin,s2__composite__ndre__delta,0.5,0.5,higher=damaged,375914.0,1.0,0.00467306,0.0046730596,2749
Irpin,s2__composite__ndvi__delta,0.5,0.5,higher=damaged,375914.0,1.0,0.0050897375,0.0050897375,2749
Irpin,s2__composite__ndwi__delta,0.5,0.5,higher=damaged,375914.0,1.0,0.0022702664,0.0022702664,2749
Irpin,s2__obs_count__delta,0.5,0.5,higher=damaged,375914.0,1.0,-2.0,-2.0,2749
Kharkiv,s2__composite__ndwi__post_winter_baseline,0.7820823358212458,0.7820823358212458,higher=damaged,333214.0,6.974427355558727e-49,-0.12154918,-0.19305563,1883
Kharkiv,s2__composite__ndvi__post_winter_baseline,0.219126414120077,0.780873585879923,lower=damaged,93361.0,1.763386279115483e-48,0.09525713,0.16948485,1883
Kharkiv,s2__composite__ndwi__prebattle_baseline,0.7661737783410787,0.7661737783410787,higher=damaged,326436.0,1.019010201918341e-43,-0.12707143,-0.20328572,1883
Kharkiv,s2__composite__ndwi__winter_baseline,0.7661737783410787,0.7661737783410787,higher=damaged,326436.0,1.019010201918341e-43,-0.12707143,-0.20328572,1883
Kharkiv,s2__composite__ndvi__prebattle_baseline,0.23646669483171384,0.7635333051682862,lower=damaged,100749.0,6.865622747281705e-43,0.103614606,0.1791506,1883
Kharkiv,s2__composite__ndvi__winter_baseline,0.23646669483171384,0.7635333051682862,lower=damaged,100749.0,6.865622747281705e-43,0.103614606,0.1791506,1883
Kharkiv,s2__composite__cire__prebattle_baseline,0.2557151574895554,0.7442848425104446,lower=damaged,108950.0,4.259131528074403e-37,0.16096914,0.26522005,1883
Kharkiv,s2__composite__cire__winter_baseline,0.2557151574895554,0.7442848425104446,lower=damaged,108950.0,4.259131528074403e-37,0.16096914,0.26522005,1883
Kharkiv,s2__composite__ndre__prebattle_baseline,0.26285264986152185,0.7371473501384782,lower=damaged,111991.0,4.644541809204545e-35,0.09007906,0.1378056,1883
Kharkiv,s2__composite__ndre__winter_baseline,0.26285264986152185,0.7371473501384782,lower=damaged,111991.0,4.644541809204545e-35,0.09007906,0.1378056,1883
Kharkiv,s2__composite__ndre__post_winter_baseline,0.270222503872694,0.729777496127306,lower=damaged,115131.0,5.108494009939073e-33,0.084240265,0.12603185,1883
Kharkiv,s2__composite__cire__post_winter_baseline,0.274217246397221,0.725782753602779,lower=damaged,116833.0,6.140554185828827e-32,0.13925098,0.22424453,1883
Kharkiv,s2__composite__mndwi__post_winter_baseline,0.7062549875604375,0.7062549875604375,higher=damaged,300907.0,6.287932911449282e-27,-0.18007319,-0.22405587,1883
Kharkiv,s2__composite__b02__post_winter_baseline,0.6795932497770267,0.6795932497770267,higher=damaged,289547.5,8.31082309252217e-21,0.16608018,0.1483379,1883
Kharkiv,s2__composite__mndwi__prebattle_baseline,0.678578134535042,0.678578134535042,higher=damaged,289115.0,1.36869338168541e-20,-0.1458528,-0.1925242,1883
Kharkiv,s2__composite__mndwi__winter_baseline,0.678578134535042,0.678578134535042,higher=damaged,289115.0,1.36869338168541e-20,-0.1458528,-0.1925242,1883
Kharkiv,s2__composite__ndbi__prebattle_baseline,0.6686030136600479,0.6686030136600479,higher=damaged,284865.0,1.5902857389401152e-18,0.019276425,-0.011626555,1883
Kharkiv,s2__composite__ndbi__winter_baseline,0.6686030136600479,0.6686030136600479,higher=damaged,284865.0,1.5902857389401152e-18,0.019276425,-0.011626555,1883
Kharkiv,s2__composite__ndbi__post_winter_baseline,0.6595268272074356,0.6595268272074356,higher=damaged,280998.0,9.546987463325974e-17,0.060033508,0.032055557,1883
Kharkiv,s2__composite__b02__prebattle_baseline,0.6477174576350748,0.6477174576350748,higher=damaged,275966.5,1.413901811329092e-14,0.18302034,0.16155663,1883
Kharkiv,s2__composite__b02__winter_baseline,0.6477174576350748,0.6477174576350748,higher=damaged,275966.5,1.413901811329092e-14,0.18302034,0.16155663,1883
Kharkiv,s2__composite__b04__post_winter_baseline,0.6387809228747124,0.6387809228747124,higher=damaged,272159.0,4.845739818665241e-13,0.18836176,0.17090964,1883
Kharkiv,s2__composite__b03__post_winter_baseline,0.6378233112707131,0.6378233112707131,higher=damaged,271751.0,6.987942496639317e-13,0.1783326,0.162594,1883
Kharkiv,s2__composite__b08__prebattle_baseline,0.3694878655588415,0.6305121344411585,lower=damaged,157424.0,1.0549097202988026e-11,0.24775824,0.2609431,1883
Kharkiv,s2__composite__b08__winter_baseline,0.3694878655588415,0.6305121344411585,lower=damaged,157424.0,1.0549097202988026e-11,0.24775824,0.2609431,1883
Kharkiv,s2__composite__b8a__prebattle_baseline,0.37550814439280855,0.6244918556071914,lower=damaged,159989.0,8.862268955381193e-11,0.25630945,0.2653737,1883
Kharkiv,s2__composite__b8a__winter_baseline,0.37550814439280855,0.6244918556071914,lower=damaged,159989.0,8.862268955381193e-11,0.25630945,0.2653737,1883
Kharkiv,s2__composite__b08__post_winter_baseline,0.3795850349716002,0.6204149650283999,lower=damaged,161726.0,3.5460091260427405e-10,0.22708036,0.2408699,1883
Kharkiv,s2__composite__b03__prebattle_baseline,0.6162183729991082,0.6162183729991082,higher=damaged,262546.0,1.4112700175211437e-09,0.19308007,0.17271899,1883
Kharkiv,s2__composite__b03__winter_baseline,0.6162183729991082,0.6162183729991082,higher=damaged,262546.0,1.4112700175211437e-09,0.19308007,0.17271899,1883
Kharkiv,s2__composite__b07__prebattle_baseline,0.3904661315307703,0.6095338684692297,lower=damaged,166362.0,1.156837604357048e-08,0.24713506,0.25281098,1883
Kharkiv,s2__composite__b07__winter_baseline,0.3904661315307703,0.6095338684692297,lower=damaged,166362.0,1.156837604357048e-08,0.24713506,0.25281098,1883
Kharkiv,s2__composite__b8a__post_winter_baseline,0.39057879171947607,0.6094212082805239,lower=damaged,166410.0,1.1973782335775461e-08,0.23825671,0.24774514,1883
Kharkiv,s2__composite__b04__prebattle_baseline,0.6078298831150543,0.6078298831150543,higher=damaged,258972.0,1.9407562204924514e-08,0.20285507,0.18182802,1883
Kharkiv,s2__composite__b04__winter_baseline,0.6078298831150543,0.6078298831150543,higher=damaged,258972.0,1.9407562204924514e-08,0.20285507,0.18182802,1883
Kharkiv,s2__composite__b07__post_winter_baseline,0.4164061399802845,0.5835938600197155,lower=damaged,177414.0,1.33276132584208e-05,0.22835927,0.23425692,1883
Kharkiv,s2__composite__b05__post_winter_baseline,0.5777144064216307,0.5777144064216307,higher=damaged,246141.0,5.157488274439797e-05,0.20192227,0.19219153,1883
Kharkiv,s2__composite__b05__prebattle_baseline,0.5705863023987232,0.5705863023987232,higher=damaged,243104.0,0.00023595281818758669,0.21568571,0.20127217,1883
Kharkiv,s2__composite__b05__winter_baseline,0.5705863023987232,0.5705863023987232,higher=damaged,243104.0,0.00023595281818758669,0.21568571,0.20127217,1883
Kharkiv,s2__composite__cire__delta,0.5683401398864009,0.5683401398864009,higher=damaged,242147.0,0.0003708089178424903,-0.02171818,-0.040975533,1883
Kharkiv,s2__composite__b12__delta,0.4469722574285312,0.5530277425714688,lower=damaged,190437.0,0.005738650029783439,-0.0050843153,-0.0017342377,1883
Kharkiv,s2__composite__ndre__delta,0.5495188471107356,0.5495188471107356,higher=damaged,234128.0,0.00989260094060513,-0.0058387984,-0.011773741,1883
Kharkiv,s2__composite__b12__prebattle_baseline,0.5443634699338121,0.5443634699338121,higher=damaged,231931.5,0.0208329638513822,0.23947226,0.23058692,1883
Kharkiv,s2__composite__b12__winter_baseline,0.5443634699338121,0.5443634699338121,higher=damaged,231931.5,0.0208329638513822,0.23947226,0.23058692,1883
Kharkiv,s2__composite__ndbi__delta,0.4653522977984321,0.5346477022015679,lower=damaged,198268.0,0.07109544551854934,0.040757082,0.043682113,1883
Kharkiv,s2__composite__b07__delta,0.5346195371543914,0.5346195371543914,higher=damaged,227780.0,0.07132540110576131,-0.018775804,-0.018554047,1883
Kharkiv,s2__composite__b08__delta,0.5333169037224803,0.5333169037224803,higher=damaged,227225.0,0.08264501604270312,-0.020677885,-0.020073196,1883
Kharkiv,s2__composite__ndwi__delta,0.4699854480589588,0.5300145519410412,lower=damaged,200242.0,0.1179328750406038,0.0055222386,0.0102300905,1883
Kharkiv,s2__composite__b12__post_winter_baseline,0.5275242923531896,0.5275242923531896,higher=damaged,224757.0,0.15163441072238662,0.23438793,0.22885267,1883
Kharkiv,s2__composite__b8a__delta,0.5270666103365722,0.5270666103365722,higher=damaged,224562.0,0.15855743463263605,-0.018052742,-0.017628558,1883
Kharkiv,s2__composite__b05__delta,0.4797927521945266,0.5202072478054733,lower=damaged,204420.5,0.2925197620030149,-0.013763457,-0.009080646,1883
Kharkiv,s2__qa__cloud_freq__postbattle,0.5162559263953432,0.5162559263953432,higher=damaged,219956.0,0.02557029760237737,0.005197002,0.007151094,1883
Kharkiv,s2__composite__b11__post_winter_baseline,0.4851499788762145,0.5148500211237854,lower=damaged,206703.0,0.43920757657794085,0.25350142,0.254698,1883
Kharkiv,s2__composite__b03__delta,0.488339670468948,0.511660329531052,lower=damaged,208062.0,0.5436060134377243,-0.014747464,-0.010124988,1883
Kharkiv,s2__obs_count__post_winter_baseline,0.5111111111111111,0.5111111111111111,higher=damaged,217764.0,0.014684456925198654,4.0,3.9777777,1883
Kharkiv,s2__composite__b11__delta,0.4903839834765056,0.5096160165234944,lower=damaged,208933.0,0.6164603994641139,-0.0013776656,0.0014137381,1883
Kharkiv,s2__visibility__cloud__freq__crossbattle,0.5085234474017745,0.5085234474017745,higher=damaged,216661.5,0.08975461112709018,0.009125476,0.004814815,1883
Kharkiv,s2__obs_count__delta,0.5077160493827161,0.5077160493827161,higher=damaged,216317.5,0.13693974346267931,0.0,-0.015432099,1883
Kharkiv,s2__visibility__clear__freq__postbattle,0.49253039478007793,0.5074696052199221,lower=damaged,209847.5,0.41381605837232727,0.9802282,0.9835803,1883
Kharkiv,s2__visibility__clear__freq__crossbattle,0.49287659015162183,0.5071234098483781,lower=damaged,209995.0,0.20732055002520378,0.98783267,0.9935802,1883
Kharkiv,s2__composite__b11__prebattle_baseline,0.49304323334741573,0.5069567666525843,lower=damaged,210066.0,0.7170958231225923,0.25487906,0.2532843,1883
Kharkiv,s2__composite__b11__winter_baseline,0.49304323334741573,0.5069567666525843,lower=damaged,210066.0,0.7170958231225923,0.25487906,0.2532843,1883
Kharkiv,s2__visibility__cloud__freq__postbattle,0.5067478758860254,0.5067478758860254,higher=damaged,215905.0,0.43312794344803507,0.017490495,0.014197531,1883
Kharkiv,s2__composite__ndvi__delta,0.5058372060273201,0.5058372060273201,higher=damaged,215517.0,0.7611120667263102,-0.008357476,-0.009665744,1883
Kharkiv,s2__composite__mndwi__delta,0.4948340609303854,0.5051659390696146,lower=damaged,210829.0,0.7878896955419705,-0.034220394,-0.03153168,1883
Kharkiv,s2__qa__cloud_freq__prebattle,0.5039794864573065,0.5039794864573065,higher=damaged,214725.5,0.6101366932585629,0.0068994607,0.004938475,1883
Kharkiv,s2__obs_count__prebattle_baseline,0.5033950617283951,0.5033950617283951,higher=damaged,214476.5,0.18042728661723695,4.0,3.9932098,1883
Kharkiv,s2__obs_count__winter_baseline,0.5033950617283951,0.5033950617283951,higher=damaged,214476.5,0.18042728661723695,4.0,3.9932098,1883
Kharkiv,s2__visibility__fire__freq__crossbattle,0.49722222222222223,0.5027777777777778,lower=damaged,211846.5,0.2259611470244477,0.0,0.001234568,1883
Kharkiv,s2__visibility__smoke__freq__postbattle,0.5025677134675868,0.5025677134675868,higher=damaged,214124.0,0.1707904239976038,0.0015209125,0.00049382716,1883
Kharkiv,s2__composite__b04__delta,0.502311880955734,0.502311880955734,higher=damaged,214015.0,0.904187365094077,-0.014493315,-0.010918386,1883
Kharkiv,s2__visibility__fire__freq__postbattle,0.49850490541238324,0.5014950945876168,lower=damaged,212393.0,0.5723160025209797,0.00076045626,0.0014814816,1883
Kharkiv,s2__composite__b02__delta,0.498594094728442,0.501405905271558,lower=damaged,212431.0,0.9416646858712618,-0.01694017,-0.013218729,1883
Kharkiv,s2__visibility__cloud__freq__prebattle,0.5012146176594846,0.5012146176594846,higher=damaged,213547.5,0.7977505341157489,0.004562738,0.004197531,1883
Kharkiv,s2__visibility__clear__freq__prebattle,0.49923484955170633,0.5007651504482937,lower=damaged,212704.0,0.8975470171133767,0.9916349,0.9924692,1883
Kharkiv,s2__visibility__smoke__freq__crossbattle,0.4993827160493827,0.5006172839506173,lower=damaged,212767.0,0.5694343161062414,0.0,0.00024691358,1883
Kharkiv,s2__visibility__smoke__freq__prebattle,0.5003579308078674,0.5003579308078674,higher=damaged,213182.5,0.8490048672644092,0.00076045626,0.000617284,1883
Kharkiv,s2__qa__cloud_freq__crossbattle,0.49969135802469133,0.5003086419753087,lower=damaged,212898.5,0.688133445236892,0.0,0.00012345679,1883
Kharkiv,s2__visibility__fire__freq__prebattle,0.5001114866450735,0.5001114866450735,higher=damaged,213077.5,0.9691919488177723,0.003041825,0.0016049384,1883
Kherson,s2__composite__b12__delta,0.6952892069171139,0.6952892069171139,higher=damaged,1166.0,0.020714118454272807,0.013562015,0.00029183555,142
Kherson,s2__composite__b11__delta,0.6475849731663685,0.6475849731663685,higher=damaged,1086.0,0.08059507572136769,0.02342452,0.012548741,142
Kherson,s2__composite__b02__prebattle_baseline,0.385211687537269,0.614788312462731,lower=damaged,646.0,0.17439576913212973,0.15068462,0.16593178,142
Kherson,s2__composite__b02__winter_baseline,0.385211687537269,0.614788312462731,lower=damaged,646.0,0.17439576913212973,0.15068462,0.16593178,142
Kherson,s2__composite__b04__prebattle_baseline,0.3929636255217651,0.6070363744782349,lower=damaged,659.0,0.20542917327429788,0.17334615,0.19035582,142
Kherson,s2__composite__b04__winter_baseline,0.3929636255217651,0.6070363744782349,lower=damaged,659.0,0.20542917327429788,0.17334615,0.19035582,142
Kherson,s2__composite__b12__prebattle_baseline,0.3953488372093023,0.6046511627906976,lower=damaged,663.0,0.21574361458842894,0.24422838,0.2565581,142
Kherson,s2__composite__b12__winter_baseline,0.3953488372093023,0.6046511627906976,lower=damaged,663.0,0.21574361458842894,0.24422838,0.2565581,142
Kherson,s2__composite__b08__delta,0.5966010733452594,0.5966010733452594,higher=damaged,1000.5,0.2532724408488627,0.03508461,0.024131782,142
Kherson,s2__composite__b02__delta,0.5903398926654742,0.5903398926654742,higher=damaged,990.0,0.28544593718222133,0.006499999,0.000661241,142
Kherson,s2__composite__b11__prebattle_baseline,0.4132379248658319,0.5867620751341681,lower=damaged,693.0,0.3050283654078403,0.2605639,0.27167845,142
Kherson,s2__composite__b11__winter_baseline,0.4132379248658319,0.5867620751341681,lower=damaged,693.0,0.3050283654078403,0.2605639,0.27167845,142
Kherson,s2__composite__ndwi__prebattle_baseline,0.41443053070960045,0.5855694692903995,lower=damaged,695.0,0.31174796388940507,-0.14491269,-0.12387576,142
Kherson,s2__composite__ndwi__winter_baseline,0.41443053070960045,0.5855694692903995,lower=damaged,695.0,0.31174796388940507,-0.14491269,-0.12387576,142
Kherson,s2__composite__ndvi__prebattle_baseline,0.5819916517590937,0.5819916517590937,higher=damaged,976.0,0.3324863399288638,0.11674241,0.09116027,142
Kherson,s2__composite__ndvi__winter_baseline,0.5819916517590937,0.5819916517590937,higher=damaged,976.0,0.3324863399288638,0.11674241,0.09116027,142
Kherson,s2__composite__b03__delta,0.5813953488372092,0.5813953488372092,higher=damaged,975.0,0.33602491936348367,0.010507692,0.002194574,142
Kherson,s2__composite__b07__post_winter_baseline,0.580799045915325,0.580799045915325,higher=damaged,974.0,0.3395927427797575,0.267563,0.26160526,142
Kherson,s2__composite__ndvi__post_winter_baseline,0.5784138342277877,0.5784138342277877,higher=damaged,970.0,0.35409538794084083,0.16555299,0.14073263,142
Kherson,s2__composite__b08__post_winter_baseline,0.5766249254621348,0.5766249254621348,higher=damaged,967.0,0.3652212850091432,0.2594,0.2526907,142
Kherson,s2__visibility__clear__freq__crossbattle,0.426654740608229,0.573345259391771,lower=damaged,715.5,0.0005038206350273744,0.95604396,0.9988926,142
Kherson,s2__visibility__fire__freq__crossbattle,0.573345259391771,0.573345259391771,higher=damaged,961.5,0.0005038206350273744,0.043956045,0.0011074197,142
Kherson,s2__composite__b8a__post_winter_baseline,0.5658914728682171,0.5658914728682171,higher=damaged,949.0,0.4364959707372398,0.28092018,0.27602446,142
Kherson,s2__composite__b03__prebattle_baseline,0.4373881932021467,0.5626118067978533,lower=damaged,733.5,0.4597654028155944,0.1638154,0.17816435,142
Kherson,s2__composite__b03__winter_baseline,0.4373881932021467,0.5626118067978533,lower=damaged,733.5,0.4597654028155944,0.1638154,0.17816435,142
Kherson,s2__composite__ndwi__post_winter_baseline,0.4376863446630888,0.5623136553369112,lower=damaged,734.0,0.46192498678808624,-0.18380645,-0.16613235,142
Kherson,s2__composite__b05__delta,0.5593321407274896,0.5593321407274896,higher=damaged,938.0,0.4837323237212071,0.011983173,0.008453996,142
Kherson,s2__composite__b04__post_winter_baseline,0.44156231365533694,0.5584376863446631,lower=damaged,740.5,0.4903774035246238,0.18143845,0.19006744,142
Kherson,s2__composite__b02__post_winter_baseline,0.44573643410852715,0.5542635658914729,lower=damaged,747.5,0.5220483436652994,0.15718462,0.16659303,142
Kherson,s2__composite__b07__delta,0.5539654144305306,0.5539654144305306,higher=damaged,929.0,0.5243544781790211,0.042304806,0.03465245,142
Kherson,s2__composite__ndbi__post_winter_baseline,0.4531902206320811,0.546809779367919,lower=damaged,760.0,0.5811123931023168,0.06077727,0.06273136,142
Kherson,s2__composite__cire__prebattle_baseline,0.5456171735241503,0.5456171735241503,higher=damaged,915.0,0.5908443359373703,0.10006935,0.09465666,142
Kherson,s2__composite__cire__winter_baseline,0.5456171735241503,0.5456171735241503,higher=damaged,915.0,0.5908443359373703,0.10006935,0.09465666,142
Kherson,s2__composite__b8a__delta,0.5450208706022659,0.5450208706022659,higher=damaged,914.0,0.5957378725047637,0.04552452,0.038232025,142
Kherson,s2__composite__ndbi__prebattle_baseline,0.46153846153846156,0.5384615384615384,lower=damaged,774.0,0.6507455969553819,0.086311765,0.08975682,142
Kherson,s2__composite__ndbi__winter_baseline,0.46153846153846156,0.5384615384615384,lower=damaged,774.0,0.6507455969553819,0.086311765,0.08975682,142
Kherson,s2__composite__b04__delta,0.5378652355396542,0.5378652355396542,higher=damaged,902.0,0.6558447033388739,0.008092313,-0.00028837108,142
Kherson,s2__visibility__fire__freq__prebattle,0.5307096004770423,0.5307096004770423,higher=damaged,890.0,0.1475176566634372,0.015384615,0.0031007752,142
Kherson,s2__composite__b05__post_winter_baseline,0.5289206917113894,0.5289206917113894,higher=damaged,887.0,0.7341989524929462,0.21665575,0.21604182,142
Kherson,s2__composite__ndvi__delta,0.5253428741800835,0.5253428741800835,higher=damaged,881.0,0.7663887482003308,0.048810564,0.04957236,142
Kherson,s2__composite__ndbi__delta,0.4752534287418009,0.5247465712581991,lower=damaged,797.0,0.7717948158759069,-0.025534488,-0.027025444,142
Kherson,s2__composite__b11__post_winter_baseline,0.5241502683363148,0.5241502683363148,higher=damaged,879.0,0.777211986063369,0.28398845,0.2842272,142
Kherson,s2__composite__ndre__delta,0.5229576624925463,0.5229576624925463,higher=damaged,877.0,0.7880786371106213,0.055981223,0.053239763,142
Kherson,s2__visibility__clear__freq__prebattle,0.47704233750745384,0.5229576624925462,lower=damaged,800.0,0.39978877815535463,0.9846154,0.99379855,142
Kherson,s2__composite__b03__post_winter_baseline,0.477340488968396,0.522659511031604,lower=damaged,800.5,0.7907982083857419,0.17432308,0.18035892,142
Kherson,s2__visibility__clear__freq__postbattle,0.5193798449612403,0.5193798449612403,higher=damaged,871.0,0.47833781470229386,1.0,0.99224806,142
Kherson,s2__composite__b07__prebattle_baseline,0.5193798449612403,0.5193798449612403,higher=damaged,871.0,0.8209186709569878,0.22525817,0.22695284,142
Kherson,s2__composite__b07__winter_baseline,0.5193798449612403,0.5193798449612403,higher=damaged,871.0,0.8209186709569878,0.22525817,0.22695284,142
Kherson,s2__composite__ndre__prebattle_baseline,0.5181872391174718,0.5181872391174718,higher=damaged,869.0,0.8319388285109259,0.06830696,0.06732358,142
Kherson,s2__composite__ndre__winter_baseline,0.5181872391174718,0.5181872391174718,higher=damaged,869.0,0.8319388285109259,0.06830696,0.06732358,142
Kherson,s2__composite__cire__post_winter_baseline,0.5163983303518187,0.5163983303518187,higher=damaged,866.0,0.8485302550454528,0.23349032,0.21503854,142
Kherson,s2__composite__mndwi__prebattle_baseline,0.4836016696481813,0.5163983303518187,lower=damaged,811.0,0.8485302550454528,-0.22939847,-0.21066478,142
Kherson,s2__composite__mndwi__winter_baseline,0.4836016696481813,0.5163983303518187,lower=damaged,811.0,0.8485302550454528,-0.22939847,-0.21066478,142
Kherson,s2__composite__mndwi__post_winter_baseline,0.48419797257006564,0.5158020274299344,lower=damaged,812.0,0.8540760609934532,-0.24313807,-0.22666399,142
Kherson,s2__qa__cloud_freq__prebattle,0.4844961240310077,0.5155038759689923,lower=damaged,812.5,0.5291184587591444,0.0,0.0021802327,142
Kherson,s2__composite__cire__delta,0.5140131186642815,0.5140131186642815,higher=damaged,862.0,0.8707557218786348,0.133421,0.12038186,142
Kherson,s2__qa__cloud_freq__postbattle,0.4883720930232558,0.5116279069767442,lower=damaged,819.0,0.5895094956731347,0.0,0.0018572352,142
Kherson,s2__visibility__fire__freq__postbattle,0.4883720930232558,0.5116279069767442,lower=damaged,819.0,0.5895032110064833,0.0,0.0055370987,142
Kherson,s2__composite__mndwi__delta,0.5104353011329756,0.5104353011329756,higher=damaged,856.0,0.904280743987133,-0.0137396045,-0.015999224,142
Kherson,s2__composite__b12__post_winter_baseline,0.5098389982110912,0.5098389982110912,higher=damaged,855.0,0.909886536186272,0.2577904,0.25684988,142
Kherson,s2__composite__ndre__post_winter_baseline,0.5080500894454383,0.5080500894454383,higher=damaged,852.0,0.9267297424109253,0.12428817,0.12056334,142
Kherson,s2__visibility__cloud__freq__postbattle,0.49224806201550386,0.5077519379844961,lower=damaged,825.5,0.6648581967639953,0.0,0.0022148394,142
Kherson,s2__visibility__cloud__freq__prebattle,0.49224806201550386,0.5077519379844961,lower=damaged,825.5,0.6648581967639953,0.0,0.0031007752,142
Kherson,s2__composite__ndwi__delta,0.507453786523554,0.507453786523554,higher=damaged,851.0,0.9323518277841026,-0.03889378,-0.042256586,142
Kherson,s2__composite__b05__prebattle_baseline,0.4937388193202147,0.5062611806797853,lower=damaged,828.0,0.9436058496314735,0.20467259,0.20758781,142
Kherson,s2__composite__b05__winter_baseline,0.4937388193202147,0.5062611806797853,lower=damaged,828.0,0.9436058496314735,0.20467259,0.20758781,142
Kherson,s2__composite__b8a__prebattle_baseline,0.5038759689922481,0.5038759689922481,higher=damaged,845.0,0.9661454528042517,0.23539567,0.23779245,142
Kherson,s2__obs_count__prebattle_baseline,0.5038759689922481,0.5038759689922481,higher=damaged,845.0,0.7694978647855905,5.0,4.992248,142
Kherson,s2__composite__b8a__winter_baseline,0.5038759689922481,0.5038759689922481,higher=damaged,845.0,0.9661454528042517,0.23539567,0.23779245,142
Kherson,s2__obs_count__winter_baseline,0.5038759689922481,0.5038759689922481,higher=damaged,845.0,0.7694978647855905,5.0,4.992248,142
Kherson,s2__obs_count__delta,0.49612403100775193,0.5038759689922481,lower=damaged,832.0,0.7694978647855905,0.0,0.007751938,142
Kherson,s2__composite__b08__prebattle_baseline,0.49761478831246275,0.5023852116875372,lower=damaged,834.5,0.9802474165098284,0.22431539,0.22855891,142
Kherson,s2__composite__b08__winter_baseline,0.49761478831246275,0.5023852116875372,lower=damaged,834.5,0.9802474165098284,0.22431539,0.22855891,142
Kherson,s2__qa__cloud_freq__crossbattle,0.5,0.5,higher=damaged,838.5,1.0,0.0,0.0,142
Kherson,s2__visibility__cloud__freq__crossbattle,0.5,0.5,higher=damaged,838.5,1.0,0.0,0.0,142
Kherson,s2__visibility__smoke__freq__crossbattle,0.5,0.5,higher=damaged,838.5,1.0,0.0,0.0,142
Kherson,s2__obs_count__post_winter_baseline,0.5,0.5,higher=damaged,838.5,1.0,5.0,5.0,142
Kherson,s2__visibility__smoke__freq__postbattle,0.5,0.5,higher=damaged,838.5,1.0,0.0,0.0,142
Kherson,s2__visibility__smoke__freq__prebattle,0.5,0.5,higher=damaged,838.5,1.0,0.0,0.0,142
Kramatorsk,s2__composite__ndre__post_winter_baseline,0.2544516129032258,0.7455483870967742,lower=damaged,986.0,8.36646918220846e-05,0.014741451,0.039196316,180
Kramatorsk,s2__composite__ndvi__post_winter_baseline,0.2629677419354839,0.7370322580645161,lower=damaged,1019.0,0.00014636711181393664,0.036363423,0.07011875,180
Kramatorsk,s2__composite__ndwi__prebattle_baseline,0.6758709677419354,0.6758709677419354,higher=damaged,2619.0,0.004849827334301695,-0.021441553,-0.04629712,180
Kramatorsk,s2__composite__ndwi__winter_baseline,0.6758709677419354,0.6758709677419354,higher=damaged,2619.0,0.004849827334301695,-0.021441553,-0.04629712,180
Kramatorsk,s2__composite__ndre__delta,0.3427096774193549,0.6572903225806451,lower=damaged,1328.0,0.011767972487163028,0.021338992,0.0330004,180
Kramatorsk,s2__composite__ndvi__prebattle_baseline,0.3455483870967742,0.6544516129032258,lower=damaged,1339.0,0.01337866712682785,0.021220166,0.040740445,180
Kramatorsk,s2__composite__ndvi__winter_baseline,0.3455483870967742,0.6544516129032258,lower=damaged,1339.0,0.01337866712682785,0.021220166,0.040740445,180
Kramatorsk,s2__composite__cire__post_winter_baseline,0.3574193548387097,0.6425806451612903,lower=damaged,1385.0,0.022415307940761343,0.032281578,0.056725938,180
Kramatorsk,s2__composite__b12__prebattle_baseline,0.6412903225806452,0.6412903225806452,higher=damaged,2485.0,0.023661957142660416,0.20903178,0.19357261,180
Kramatorsk,s2__composite__b12__winter_baseline,0.6412903225806452,0.6412903225806452,higher=damaged,2485.0,0.023661957142660416,0.20903178,0.19357261,180
Kramatorsk,s2__composite__ndwi__post_winter_baseline,0.6402580645161291,0.6402580645161291,higher=damaged,2481.0,0.024702166230467316,-0.067339055,-0.08475485,180
Kramatorsk,s2__composite__ndvi__delta,0.36180645161290326,0.6381935483870967,lower=damaged,1402.0,0.026901914171332673,0.015143257,0.029378297,180
Kramatorsk,s2__composite__b11__prebattle_baseline,0.6298064516129032,0.6298064516129032,higher=damaged,2440.5,0.037662563457306626,0.21148436,0.20199856,180
Kramatorsk,s2__composite__b11__winter_baseline,0.6298064516129032,0.6298064516129032,higher=damaged,2440.5,0.037662563457306626,0.21148436,0.20199856,180
Kramatorsk,s2__composite__ndre__prebattle_baseline,0.3726451612903226,0.6273548387096775,lower=damaged,1444.0,0.04142886285747541,-0.0065975427,0.0061959173,180
Kramatorsk,s2__composite__ndre__winter_baseline,0.3726451612903226,0.6273548387096775,lower=damaged,1444.0,0.04142886285747541,-0.0065975427,0.0061959173,180
Kramatorsk,s2__visibility__fire__freq__crossbattle,0.6138064516129033,0.6138064516129033,higher=damaged,2378.5,3.3445001426502536e-07,0.044324324,0.00043591982,180
Kramatorsk,s2__composite__b12__delta,0.38812903225806455,0.6118709677419354,lower=damaged,1504.0,0.07328813808448993,0.013015999,0.016903004,180
Kramatorsk,s2__composite__b11__delta,0.3891612903225806,0.6108387096774194,lower=damaged,1508.0,0.07598251186920332,0.014426627,0.014744959,180
Kramatorsk,s2__composite__b04__post_winter_baseline,0.5988387096774194,0.5988387096774194,higher=damaged,2320.5,0.11361426997234977,0.301768,0.27925873,180
Kramatorsk,s2__visibility__clear__freq__prebattle,0.41058064516129034,0.5894193548387097,lower=damaged,1591.0,0.00280565951507505,0.752,0.7858066,180
Kramatorsk,s2__composite__b02__delta,0.41522580645161294,0.584774193548387,lower=damaged,1609.0,0.17487086828358767,-0.09801002,-0.07369678,180
Kramatorsk,s2__composite__b03__delta,0.41600000000000004,0.584,lower=damaged,1612.0,0.17884874963575392,-0.092722,-0.066710964,180
Kramatorsk,s2__composite__cire__prebattle_baseline,0.416258064516129,0.583741935483871,lower=damaged,1613.0,0.18018948025205783,-0.005024638,0.009325095,180
Kramatorsk,s2__composite__cire__winter_baseline,0.416258064516129,0.583741935483871,lower=damaged,1613.0,0.18018948025205783,-0.005024638,0.009325095,180
Kramatorsk,s2__composite__b03__prebattle_baseline,0.5805161290322581,0.5805161290322581,higher=damaged,2249.5,0.1975820553844384,0.378666,0.33764452,180
Kramatorsk,s2__composite__b03__winter_baseline,0.5805161290322581,0.5805161290322581,higher=damaged,2249.5,0.1975820553844384,0.378666,0.33764452,180
Kramatorsk,s2__composite__mndwi__post_winter_baseline,0.5803870967741935,0.5803870967741935,higher=damaged,2249.0,0.1983036639496093,0.105318025,0.099158935,180
Kramatorsk,s2__composite__b02__prebattle_baseline,0.5789677419354838,0.5789677419354838,higher=damaged,2243.5,0.20635532161708214,0.38865003,0.34643096,180
Kramatorsk,s2__composite__b02__winter_baseline,0.5789677419354838,0.5789677419354838,higher=damaged,2243.5,0.20635532161708214,0.38865003,0.34643096,180
Kramatorsk,s2__visibility__clear__freq__crossbattle,0.431483870967742,0.568516129032258,lower=damaged,1672.0,0.23497541635704844,0.94486487,0.98552746,180
Kramatorsk,s2__composite__cire__delta,0.4327741935483871,0.5672258064516129,lower=damaged,1677.0,0.28217485089270966,0.037306216,0.047400843,180
Kramatorsk,s2__composite__b04__prebattle_baseline,0.5628387096774193,0.5628387096774193,higher=damaged,2181.0,0.31483454176076653,0.378466,0.3414703,180
Kramatorsk,s2__composite__b04__winter_baseline,0.5628387096774193,0.5628387096774193,higher=damaged,2181.0,0.31483454176076653,0.378466,0.3414703,180
Kramatorsk,s2__composite__b02__post_winter_baseline,0.5619354838709678,0.5619354838709678,higher=damaged,2177.5,0.3218529331758252,0.29064,0.27273422,180
Kramatorsk,s2__composite__b03__post_winter_baseline,0.5614193548387096,0.5614193548387096,higher=damaged,2175.5,0.32591065036472777,0.285944,0.27093354,180
Kramatorsk,s2__composite__b8a__post_winter_baseline,0.43870967741935485,0.5612903225806452,lower=damaged,1700.0,0.3269326796504606,0.29896748,0.3140389,180
Kramatorsk,s2__composite__b08__post_winter_baseline,0.5603870967741935,0.5603870967741935,higher=damaged,2171.5,0.33412564816248413,0.325004,0.32014713,180
Kramatorsk,s2__composite__mndwi__prebattle_baseline,0.5550967741935484,0.5550967741935484,higher=damaged,2151.0,0.3782967639035839,0.25729373,0.23399979,180
Kramatorsk,s2__composite__mndwi__winter_baseline,0.5550967741935484,0.5550967741935484,higher=damaged,2151.0,0.3782967639035839,0.25729373,0.23399979,180
Kramatorsk,s2__visibility__cloud__freq__crossbattle,0.44554838709677413,0.5544516129032259,lower=damaged,1726.5,0.3396963073892898,0.01081081,0.013600697,180
Kramatorsk,s2__composite__b08__delta,0.4467096774193548,0.5532903225806451,lower=damaged,1731.0,0.39416666707081016,-0.070408,-0.049025487,180
Kramatorsk,s2__composite__mndwi__delta,0.4505806451612903,0.5494193548387096,lower=damaged,1746.0,0.4295046537044127,-0.1519757,-0.13484085,180
Kramatorsk,s2__composite__b04__delta,0.4508387096774194,0.5491612903225807,lower=damaged,1747.0,0.43192393525575035,-0.07669799,-0.062211614,180
Kramatorsk,s2__composite__b08__prebattle_baseline,0.5470967741935484,0.5470967741935484,higher=damaged,2120.0,0.451562078213566,0.395412,0.3691726,180
Kramatorsk,s2__composite__b08__winter_baseline,0.5470967741935484,0.5470967741935484,higher=damaged,2120.0,0.451562078213566,0.395412,0.3691726,180
Kramatorsk,s2__composite__b8a__delta,0.45367741935483874,0.5463225806451613,lower=damaged,1758.0,0.45905491289694544,-0.06952738,-0.049919315,180
Kramatorsk,s2__composite__b07__delta,0.456,0.544,lower=damaged,1767.0,0.4819457066332228,-0.07215662,-0.05622091,180
Kramatorsk,s2__composite__ndbi__delta,0.5439999999999999,0.5439999999999999,higher=damaged,2108.0,0.4819457066332228,0.10610679,0.09549702,180
Kramatorsk,s2__qa__cloud_freq__prebattle,0.5430967741935483,0.5430967741935483,higher=damaged,2104.5,0.15076302762084007,0.15035716,0.14919357,180
Kramatorsk,s2__visibility__fire__freq__prebattle,0.54,0.54,higher=damaged,2092.5,0.0004317911002796094,0.016,0.0,180
Kramatorsk,s2__visibility__cloud__freq__prebattle,0.5366451612903227,0.5366451612903227,higher=damaged,2079.5,0.14026084493028204,0.22399999,0.21161292,180
Kramatorsk,s2__qa__cloud_freq__crossbattle,0.4640000000000001,0.5359999999999999,lower=damaged,1798.0,0.5382983337475582,0.0063513517,0.008271578,180
Kramatorsk,s2__composite__b05__delta,0.4676129032258065,0.5323870967741935,lower=damaged,1812.0,0.6051271125061648,-0.085350506,-0.0695301,180
Kramatorsk,s2__composite__b07__post_winter_baseline,0.4707096774193549,0.5292903225806451,lower=damaged,1824.0,0.6402095338245481,0.299674,0.30663437,180
Kramatorsk,s2__composite__b05__prebattle_baseline,0.5287741935483872,0.5287741935483872,higher=damaged,2049.0,0.6461386964913114,0.37630376,0.36042738,180
Kramatorsk,s2__composite__b05__winter_baseline,0.5287741935483872,0.5287741935483872,higher=damaged,2049.0,0.6461386964913114,0.37630376,0.36042738,180
Kramatorsk,s2__composite__b12__post_winter_baseline,0.5249032258064515,0.5249032258064515,higher=damaged,2034.0,0.6913022995500966,0.22204776,0.21047561,180
Kramatorsk,s2__composite__ndbi__prebattle_baseline,0.47793548387096774,0.5220645161290323,lower=damaged,1852.0,0.7251470448655035,-0.2773217,-0.27748185,180
Kramatorsk,s2__composite__ndbi__winter_baseline,0.47793548387096774,0.5220645161290323,lower=damaged,1852.0,0.7251470448655035,-0.2773217,-0.27748185,180
Kramatorsk,s2__composite__b05__post_winter_baseline,0.5219354838709677,0.5219354838709677,higher=damaged,2022.5,0.7266987273685359,0.29095325,0.2908973,180
Kramatorsk,s2__visibility__fire__freq__postbattle,0.52,0.52,higher=damaged,2015.0,0.013364128933170644,0.04,0.0,180
Kramatorsk,s2__visibility__cloud__freq__postbattle,0.4806451612903226,0.5193548387096774,lower=damaged,1862.5,0.32162649652589925,0.0,0.019354839,180
Kramatorsk,s2__visibility__smoke__freq__prebattle,0.5135483870967742,0.5135483870967742,higher=damaged,1990.0,0.3320409183028289,0.008,0.0025806453,180
Kramatorsk,s2__composite__ndbi__post_winter_baseline,0.48954838709677423,0.5104516129032257,lower=damaged,1897.0,0.8685871924250171,-0.17121491,-0.18198486,180
Kramatorsk,s2__composite__b11__post_winter_baseline,0.5100645161290323,0.5100645161290323,higher=damaged,1976.5,0.8734726514430873,0.22591102,0.21674351,180
Kramatorsk,s2__composite__b07__prebattle_baseline,0.5091612903225806,0.5091612903225806,higher=damaged,1973.0,0.8848911657884739,0.37183064,0.36285535,180
Kramatorsk,s2__composite__b07__winter_baseline,0.5091612903225806,0.5091612903225806,higher=damaged,1973.0,0.8848911657884739,0.37183064,0.36285535,180
Kramatorsk,s2__composite__ndwi__delta,0.49600000000000005,0.504,lower=damaged,1922.0,0.9505270016144314,-0.045897502,-0.038457725,180
Kramatorsk,s2__composite__b8a__prebattle_baseline,0.5021935483870968,0.5021935483870968,higher=damaged,1946.0,0.9736022884932867,0.36849487,0.3639582,180
Kramatorsk,s2__composite__b8a__winter_baseline,0.5021935483870968,0.5021935483870968,higher=damaged,1946.0,0.9736022884932867,0.36849487,0.3639582,180
Kramatorsk,s2__visibility__clear__freq__postbattle,0.4985806451612903,0.5014193548387097,lower=damaged,1932.0,0.9507574156626806,0.96,0.9806452,180
Kramatorsk,s2__visibility__smoke__freq__crossbattle,0.5,0.5,higher=damaged,1937.5,1.0,0.0,0.0,180
Kramatorsk,s2__obs_count__post_winter_baseline,0.5,0.5,higher=damaged,1937.5,1.0,1.0,1.0,180
Kramatorsk,s2__qa__cloud_freq__postbattle,0.5,0.5,higher=damaged,1937.5,1.0,0.0,0.0,180
Kramatorsk,s2__visibility__smoke__freq__postbattle,0.5,0.5,higher=damaged,1937.5,1.0,0.0,0.0,180
Kramatorsk,s2__obs_count__prebattle_baseline,0.5,0.5,higher=damaged,1937.5,1.0,2.0,2.0,180
Kramatorsk,s2__obs_count__winter_baseline,0.5,0.5,higher=damaged,1937.5,1.0,2.0,2.0,180
Kramatorsk,s2__obs_count__delta,0.5,0.5,higher=damaged,1937.5,1.0,-1.0,-1.0,180
Lysychansk,s2__composite__ndvi__prebattle_baseline,0.2951730772123232,0.7048269227876768,lower=damaged,2256853.5,3.8933646214676196e-107,0.13625614,0.18944253,7962
Lysychansk,s2__composite__ndvi__post_winter_baseline,0.3050197721251945,0.6949802278748055,lower=damaged,2332140.0,2.893382518099183e-97,0.14060514,0.19622861,7962
Lysychansk,s2__composite__ndwi__prebattle_baseline,0.6943978869624301,0.6943978869624301,higher=damaged,5309272.5,1.0715857725249321e-96,-0.15748046,-0.20315437,7962
Lysychansk,s2__composite__ndwi__post_winter_baseline,0.6908171279508597,0.6908171279508597,higher=damaged,5281894.5,3.084694072020203e-93,-0.16406801,-0.21431266,7962
Lysychansk,s2__composite__ndvi__winter_baseline,0.3166986992315454,0.6833013007684545,lower=damaged,2421435.5,3.4809151559387106e-86,0.10902496,0.14789556,7962
Lysychansk,s2__composite__ndwi__winter_baseline,0.6780555895245339,0.6780555895245339,higher=damaged,5184321.5,1.981259404805223e-81,-0.14828856,-0.19016089,7962
Lysychansk,s2__composite__mndwi__post_winter_baseline,0.6713175029901783,0.6713175029901783,higher=damaged,5132803.0,1.597892860355985e-75,-0.17926039,-0.21472012,7962
Lysychansk,s2__composite__ndre__post_winter_baseline,0.3338407753733554,0.6661592246266446,lower=damaged,2552501.5,3.7342548366706225e-71,0.11582934,0.14534496,7962
Lysychansk,s2__composite__b02__post_winter_baseline,0.6658144631117604,0.6658144631117604,higher=damaged,5090727.5,7.235027859104277e-71,0.16422138,0.14991465,7962
Lysychansk,s2__composite__cire__post_winter_baseline,0.33628647641568354,0.6637135235843165,lower=damaged,2571201.0,3.954876511763565e-69,0.21243317,0.2749576,7962
Lysychansk,s2__composite__cire__prebattle_baseline,0.3424448378306444,0.6575551621693556,lower=damaged,2618287.0,3.662944733070303e-64,0.17795554,0.23762451,7962
Lysychansk,s2__composite__mndwi__prebattle_baseline,0.6566162886736817,0.6566162886736817,higher=damaged,5020399.5,2.0156390512449572e-63,-0.17423466,-0.20542249,7962
Lysychansk,s2__composite__ndre__prebattle_baseline,0.3440405369438252,0.6559594630561748,lower=damaged,2630487.5,6.605456703823631e-63,0.10321705,0.12905416,7962
Lysychansk,s2__composite__b04__post_winter_baseline,0.6474397599225203,0.6474397599225203,higher=damaged,4950237.0,2.04846437789717e-56,0.18250969,0.16731705,7962
Lysychansk,s2__composite__b03__post_winter_baseline,0.6388534194626769,0.6388534194626769,higher=damaged,4884587.0,3.07385035282552e-50,0.17369094,0.16081308,7962
Lysychansk,s2__composite__mndwi__winter_baseline,0.6339153254733114,0.6339153254733114,higher=damaged,4846831.0,7.470472716284336e-47,-0.18087754,-0.21379237,7962
Lysychansk,s2__composite__b02__prebattle_baseline,0.6316514220431566,0.6316514220431566,higher=damaged,4829521.5,2.426095949771374e-45,0.18971811,0.17735204,7962
Lysychansk,s2__composite__ndre__winter_baseline,0.37381107304405714,0.6261889269559429,lower=damaged,2858109.0,8.454088718623706e-42,0.08702741,0.10366227,7962
Lysychansk,s2__composite__b04__prebattle_baseline,0.624272989387074,0.624272989387074,higher=damaged,4773107.0,1.3622496280280592e-40,0.21411441,0.20114648,7962
Lysychansk,s2__composite__cire__winter_baseline,0.37624310656806,0.62375689343194,lower=damaged,2876704.0,2.859744830938736e-40,0.1309936,0.1593751,7962
Lysychansk,s2__composite__b02__winter_baseline,0.6079868661034428,0.6079868661034428,higher=damaged,4648585.5,4.5556580472125485e-31,0.18162876,0.17008905,7962
Lysychansk,s2__composite__b8a__prebattle_baseline,0.393961834272512,0.606038165727488,lower=damaged,3012179.0,5.126916552105993e-30,0.28824255,0.30047545,7962
Lysychansk,s2__composite__b08__prebattle_baseline,0.3987309480353106,0.6012690519646894,lower=damaged,3048643.0,1.5965060278654846e-27,0.2821229,0.29548708,7962
Lysychansk,s2__composite__b07__prebattle_baseline,0.4009303721684858,0.5990696278315142,lower=damaged,3065459.5,2.0653975231615015e-26,0.27482295,0.28552055,7962
Lysychansk,s2__composite__b03__prebattle_baseline,0.5951089248894663,0.5951089248894663,higher=damaged,4550122.5,1.8056789429198388e-24,0.2049371,0.19523059,7962
Lysychansk,s2__composite__b03__winter_baseline,0.5861434252370399,0.5861434252370399,higher=damaged,4481573.5,2.3149971883638532e-20,0.19609551,0.18592943,7962
Lysychansk,s2__composite__b11__delta,0.5850605523377669,0.5850605523377669,higher=damaged,4473294.0,6.819843852313553e-20,-0.042745106,-0.047483213,7962
Lysychansk,s2__composite__ndbi__prebattle_baseline,0.5847365209822564,0.5847365209822564,higher=damaged,4470816.5,9.398373725216743e-20,0.017142603,0.0019431915,7962
Lysychansk,s2__composite__ndbi__post_winter_baseline,0.5841087306668376,0.5841087306668376,higher=damaged,4466016.5,1.743480992890976e-19,0.015431292,-2.4050147e-05,7962
Lysychansk,s2__composite__b05__delta,0.5817699501626042,0.5817699501626042,higher=damaged,4448134.5,1.675053643962031e-18,-0.0381124,-0.041681793,7962
Lysychansk,s2__composite__b8a__winter_baseline,0.42322000192260784,0.5767799980773922,lower=damaged,3235883.0,1.698749848915111e-16,0.271271,0.2795873,7962
Lysychansk,s2__composite__b8a__post_winter_baseline,0.4237585936973777,0.5762414063026223,lower=damaged,3240001.0,2.749831003610776e-16,0.24723959,0.2544274,7962
Lysychansk,s2__composite__b05__post_winter_baseline,0.5754305104785398,0.5754305104785398,higher=damaged,4399664.0,5.643374957349903e-16,0.19572912,0.18963727,7962
Lysychansk,s2__composite__b04__winter_baseline,0.5739530452080961,0.5739530452080961,higher=damaged,4388367.5,2.051584831007936e-15,0.21217947,0.20271297,7962
Lysychansk,s2__composite__b08__winter_baseline,0.4287127748135757,0.5712872251864243,lower=damaged,3277880.0,1.9782371789669454e-14,0.26410225,0.2726529,7962
Lysychansk,s2__composite__b07__delta,0.5701014208333524,0.5701014208333524,higher=damaged,4358918.5,5.2821863570141073e-14,-0.03861516,-0.044597488,7962
Lysychansk,s2__composite__b08__post_winter_baseline,0.43407789700707505,0.5659221029929249,lower=damaged,3318901.0,1.4822822176303178e-12,0.24189599,0.24902576,7962
Lysychansk,s2__composite__b12__delta,0.564360147609198,0.564360147609198,higher=damaged,4315021.5,4.898924201412261e-12,-0.036046438,-0.039801743,7962
Lysychansk,s2__composite__b8a__delta,0.5614055440424334,0.5614055440424334,higher=damaged,4292431.0,4.359196000962806e-11,-0.041002948,-0.04604799,7962
Lysychansk,s2__composite__b08__delta,0.5606753454318119,0.5606753454318119,higher=damaged,4286848.0,7.369169449568358e-11,-0.040226948,-0.046461318,7962
Lysychansk,s2__composite__b07__winter_baseline,0.4430955163346462,0.5569044836653538,lower=damaged,3387848.5,1.0077595402467557e-09,0.2570374,0.26273152,7962
Lysychansk,s2__composite__b07__post_winter_baseline,0.4441402640512225,0.5558597359487776,lower=damaged,3395836.5,2.021970445565058e-09,0.2362078,0.24092306,7962
Lysychansk,s2__composite__b03__delta,0.5521663016545545,0.5521663016545545,higher=damaged,4221789.0,2.1487709681900612e-08,-0.031246152,-0.034417525,7962
Lysychansk,s2__composite__b11__prebattle_baseline,0.45010754178892776,0.5498924582110722,lower=damaged,3441461.5,8.532078556795493e-08,0.28930676,0.29449916,7962
Lysychansk,s2__composite__ndbi__winter_baseline,0.5477642490418023,0.5477642490418023,higher=damaged,4188131.5,2.9431027496729996e-07,0.033786178,0.024902895,7962
Lysychansk,s2__composite__b11__winter_baseline,0.4523080122392953,0.5476919877607047,lower=damaged,3458286.0,3.0667508795225727e-07,0.27985537,0.2850366,7962
Lysychansk,s2__composite__ndre__delta,0.45918722080497104,0.540812779195029,lower=damaged,3510883.5,1.1820262986150415e-05,0.012612302,0.016290799,7962
Lysychansk,s2__composite__ndwi__delta,0.5398716168804969,0.5398716168804969,higher=damaged,4127785.5,1.8701794812444375e-05,-0.006587576,-0.011158268,7962
Lysychansk,s2__composite__b12__post_winter_baseline,0.5379482243016324,0.5379482243016324,higher=damaged,4113079.5,4.633318368387564e-05,0.22445305,0.2195608,7962
Lysychansk,s2__composite__mndwi__delta,0.5338373094476557,0.5338373094476557,higher=damaged,4081648.0,0.0002810989388806894,-0.005025739,-0.009297613,7962
Lysychansk,s2__composite__b05__prebattle_baseline,0.5323798549935161,0.5323798549935161,higher=damaged,4070504.5,0.0005095626555296425,0.23384152,0.23131907,7962
Lysychansk,s2__composite__b04__delta,0.5300751451928591,0.5300751451928591,higher=damaged,4052883.0,0.001245330885730689,-0.031604722,-0.03382941,7962
Lysychansk,s2__composite__ndvi__delta,0.4741181017451917,0.5258818982548084,lower=damaged,3625043.0,0.005466408392704026,0.0043489984,0.0067860717,7962
Lysychansk,s2__composite__b02__delta,0.5246636580687731,0.5246636580687731,higher=damaged,4011507.5,0.008110983841871932,-0.025496732,-0.027437402,7962
Lysychansk,s2__obs_count__winter_baseline,0.5234514996014186,0.5234514996014186,higher=damaged,4002239.5,0.004151654085525877,3.5308864,3.4766984,7962
Lysychansk,s2__composite__cire__delta,0.47927239102442953,0.5207276089755705,lower=damaged,3664452.0,0.026086947928140102,0.034477636,0.03733308,7962
Lysychansk,s2__composite__b11__post_winter_baseline,0.49029795843897317,0.5097020415610268,lower=damaged,3748752.0,0.29768080846397693,0.24656165,0.24701595,7962
Lysychansk,s2__composite__b12__prebattle_baseline,0.5081524457991345,0.5081524457991345,higher=damaged,3885265.0,0.3815279022693263,0.2604995,0.25936255,7962
Lysychansk,s2__composite__ndbi__delta,0.505932095322112,0.505932095322112,higher=damaged,3868288.5,0.5242877396007475,-0.001711311,-0.0019672415,7962
Lysychansk,s2__visibility__clear__freq__crossbattle,0.5050296467436974,0.5050296467436974,higher=damaged,3861388.5,0.01501200252160538,0.9959713,0.9908692,7962
Lysychansk,s2__visibility__cloud__freq__crossbattle,0.49547291248276026,0.5045270875172397,lower=damaged,3788319.0,0.020766736977654132,0.0035810205,0.008108108,7962
Lysychansk,s2__visibility__clear__freq__prebattle,0.4956961704136811,0.5043038295863189,lower=damaged,3790026.0,0.6130135536568444,0.8715309,0.87384945,7962
Lysychansk,s2__qa__cloud_freq__crossbattle,0.4957658159017979,0.5042341840982021,lower=damaged,3790558.5,0.032660837263399724,0.0036369741,0.007870709,7962
Lysychansk,s2__composite__b05__winter_baseline,0.5037639299150587,0.5037639299150587,higher=damaged,3851711.0,0.6862002700166007,0.22777593,0.22719572,7962
Lysychansk,s2__visibility__clear__freq__postbattle,0.5036840174394918,0.5036840174394918,higher=damaged,3851100.0,0.26082733172737393,0.9935839,0.99245185,7962
Lysychansk,s2__composite__b12__winter_baseline,0.4968295281174857,0.5031704718825143,lower=damaged,3798691.5,0.7336196545080838,0.25342354,0.25338534,7962
Lysychansk,s2__obs_count__prebattle_baseline,0.5027735906924854,0.5027735906924854,higher=damaged,3844139.0,0.7427630708209407,5.309758,5.307378,7962
Lysychansk,s2__visibility__cloud__freq__prebattle,0.5021168958646275,0.5021168958646275,higher=damaged,3839118.0,0.8033958714821078,0.1266786,0.12522522,7962
Lysychansk,s2__obs_count__post_winter_baseline,0.5013808117197989,0.5013808117197989,higher=damaged,3833490.0,0.6216293034361228,1.9713519,1.9685903,7962
Lysychansk,s2__obs_count__delta,0.49878071349677244,0.5012192865032276,lower=damaged,3813610.0,0.8852190008465028,-3.3384066,-3.3387873,7962
Lysychansk,s2__visibility__cloud__freq__postbattle,0.4988757321768041,0.501124267823196,lower=damaged,3814336.5,0.7013106754419307,0.005371531,0.0057462873,7962
Lysychansk,s2__qa__cloud_freq__postbattle,0.4993575612438881,0.5006424387561119,lower=damaged,3818020.5,0.8243683797780248,0.00503581,0.005381057,7962
Lysychansk,s2__qa__cloud_freq__prebattle,0.4994839040448661,0.5005160959551339,lower=damaged,3818986.5,0.9524794579676142,0.12466428,0.124339536,7962
Lysychansk,s2__visibility__smoke__freq__postbattle,0.5004476275738585,0.5004476275738585,higher=damaged,3826355.0,0.01331905043924911,0.0001492092,0.0,7962
Lysychansk,s2__visibility__fire__freq__crossbattle,0.49957107534595496,0.500428924654045,lower=damaged,3819653.0,0.5103549877799,0.00044762756,0.00087655225,7962
Lysychansk,s2__visibility__fire__freq__prebattle,0.5001743426021779,0.5001743426021779,higher=damaged,3824265.5,0.8248124365708343,0.0005968368,0.0005113221,7962
Lysychansk,s2__visibility__smoke__freq__prebattle,0.5001647949577974,0.5001647949577974,higher=damaged,3824192.5,0.7924251107619307,0.0002984184,0.00024348673,7962
Lysychansk,s2__visibility__fire__freq__postbattle,0.4998728724611276,0.5001271275388723,lower=damaged,3821960.5,0.860422456408329,0.00044762756,0.00048697347,7962
Lysychansk,s2__visibility__smoke__freq__crossbattle,0.5,0.5,higher=damaged,3822932.5,1.0,0.0,0.0,7962
Makariv,s2__composite__b12__prebattle_baseline,0.6781886728512729,0.6781886728512729,higher=damaged,16010.0,7.632529808526839e-06,0.23304668,0.22263344,448
Makariv,s2__composite__b12__winter_baseline,0.6781886728512729,0.6781886728512729,higher=damaged,16010.0,7.632529808526839e-06,0.23304668,0.22263344,448
Makariv,s2__composite__b04__prebattle_baseline,0.6241369085440759,0.6241369085440759,higher=damaged,14734.0,0.001823545148852542,0.23274794,0.2227043,448
Makariv,s2__composite__b04__winter_baseline,0.6241369085440759,0.6241369085440759,higher=damaged,14734.0,0.001823545148852542,0.23274794,0.2227043,448
Makariv,s2__composite__b11__prebattle_baseline,0.6093955182784768,0.6093955182784768,higher=damaged,14386.0,0.006009131733609649,0.24421892,0.2362853,448
Makariv,s2__composite__b11__winter_baseline,0.6093955182784768,0.6093955182784768,higher=damaged,14386.0,0.006009131733609649,0.24421892,0.2362853,448
Makariv,s2__composite__b08__prebattle_baseline,0.6088024738425044,0.6088024738425044,higher=damaged,14372.0,0.006287700228212889,0.28248447,0.27038836,448
Makariv,s2__composite__b08__winter_baseline,0.6088024738425044,0.6088024738425044,higher=damaged,14372.0,0.006287700228212889,0.28248447,0.27038836,448
Makariv,s2__composite__b03__prebattle_baseline,0.6004151311051806,0.6004151311051806,higher=damaged,14174.0,0.01167848601853421,0.21449262,0.20804527,448
Makariv,s2__composite__b03__winter_baseline,0.6004151311051806,0.6004151311051806,higher=damaged,14174.0,0.01167848601853421,0.21449262,0.20804527,448
Makariv,s2__composite__b02__prebattle_baseline,0.5726903037234718,0.5726903037234718,higher=damaged,13519.5,0.06795335450723719,0.20427662,0.20093758,448
Makariv,s2__composite__b02__winter_baseline,0.5726903037234718,0.5726903037234718,higher=damaged,13519.5,0.06795335450723719,0.20427662,0.20093758,448
Makariv,s2__composite__cire__prebattle_baseline,0.42855932562375565,0.5714406743762444,lower=damaged,10117.0,0.07282490640062206,0.07074814,0.08092137,448
Makariv,s2__composite__cire__winter_baseline,0.42855932562375565,0.5714406743762444,lower=damaged,10117.0,0.07282490640062206,0.07074814,0.08092137,448
Makariv,s2__composite__ndwi__prebattle_baseline,0.44469860634557545,0.5553013936544245,lower=damaged,10498.0,0.16497346755398934,-0.13605715,-0.13088582,448
Makariv,s2__composite__ndwi__winter_baseline,0.44469860634557545,0.5553013936544245,lower=damaged,10498.0,0.16497346755398934,-0.13605715,-0.13088582,448
Makariv,s2__composite__ndbi__prebattle_baseline,0.4491887999322234,0.5508112000677766,lower=damaged,10604.0,0.20204320835742828,-0.06750434,-0.059400007,448
Makariv,s2__composite__ndbi__winter_baseline,0.4491887999322234,0.5508112000677766,lower=damaged,10604.0,0.20204320835742828,-0.06750434,-0.059400007,448
Makariv,s2__composite__b05__prebattle_baseline,0.5503028762655143,0.5503028762655143,higher=damaged,12991.0,0.2065949803578354,0.2538193,0.2508582,448
Makariv,s2__composite__b05__winter_baseline,0.5503028762655143,0.5503028762655143,higher=damaged,12991.0,0.2065949803578354,0.2538193,0.2508582,448
Makariv,s2__visibility__clear__freq__postbattle,0.455436946668361,0.544563053331639,lower=damaged,10751.5,0.16590976404375102,0.8579233,0.87381566,448
Makariv,s2__composite__ndre__prebattle_baseline,0.4565594950650231,0.5434405049349769,lower=damaged,10778.0,0.2754429169148289,0.058263313,0.06303839,448
Makariv,s2__composite__ndre__winter_baseline,0.4565594950650231,0.5434405049349769,lower=damaged,10778.0,0.2754429169148289,0.058263313,0.06303839,448
Makariv,s2__composite__mndwi__prebattle_baseline,0.5391621129326047,0.5391621129326047,higher=damaged,12728.0,0.32553444925144426,-0.06870242,-0.07138189,448
Makariv,s2__composite__mndwi__winter_baseline,0.5391621129326047,0.5391621129326047,higher=damaged,12728.0,0.32553444925144426,-0.06870242,-0.07138189,448
Makariv,s2__composite__b07__prebattle_baseline,0.5271741432625916,0.5271741432625916,higher=damaged,12445.0,0.49521835985488516,0.27157196,0.2706515,448
Makariv,s2__composite__b07__winter_baseline,0.5271741432625916,0.5271741432625916,higher=damaged,12445.0,0.49521835985488516,0.27157196,0.2706515,448
Makariv,s2__visibility__fire__freq__postbattle,0.5263269369254883,0.5263269369254883,higher=damaged,12425.0,0.006548923246724143,0.010928962,0.0021533163,448
Makariv,s2__composite__b8a__prebattle_baseline,0.5219638242894057,0.5219638242894057,higher=damaged,12322.0,0.5815247499846591,0.28522345,0.28410923,448
Makariv,s2__composite__b8a__winter_baseline,0.5219638242894057,0.5219638242894057,higher=damaged,12322.0,0.5815247499846591,0.28522345,0.28410923,448
Makariv,s2__visibility__cloud__freq__postbattle,0.5204600330410472,0.5204600330410472,higher=damaged,12286.5,0.5251526355219471,0.13114753,0.12403101,448
Makariv,s2__visibility__cloud__freq__prebattle,0.5181725759308681,0.5181725759308681,higher=damaged,12232.5,0.2922998273126942,0.024590164,0.015503876,448
Makariv,s2__visibility__clear__freq__prebattle,0.48441140339729744,0.5155885966027025,lower=damaged,11435.5,0.38070659342900304,0.97540987,0.9832041,448
Makariv,s2__composite__ndvi__prebattle_baseline,0.5066717499046893,0.5066717499046893,higher=damaged,11961.0,0.8673306348407208,0.09549163,0.09743408,448
Makariv,s2__composite__ndvi__winter_baseline,0.5066717499046893,0.5066717499046893,higher=damaged,11961.0,0.8673306348407208,0.09549163,0.09743408,448
Makariv,s2__qa__cloud_freq__prebattle,0.5055703816664548,0.5055703816664548,higher=damaged,11935.0,0.3237822505633099,0.00068306015,0.00064599485,448
Makariv,s2__visibility__clear__freq__crossbattle,0.5025839793281655,0.5025839793281655,higher=damaged,11864.5,0.5771933707726773,1.0,0.99483204,448
Makariv,s2__visibility__fire__freq__crossbattle,0.4974160206718346,0.5025839793281655,lower=damaged,11742.5,0.5771933707726773,0.0,0.005167959,448
Makariv,s2__visibility__fire__freq__prebattle,0.4974160206718346,0.5025839793281655,lower=damaged,11742.5,0.5771933707726773,0.0,0.0012919897,448
Makariv,s2__qa__cloud_freq__postbattle,0.5017155928326344,0.5017155928326344,higher=damaged,11844.0,0.9586852801582186,0.1869877,0.18346253,448
Makariv,s2__qa__cloud_freq__crossbattle,0.5,0.5,higher=damaged,11803.5,1.0,0.0,0.0,448
Makariv,s2__visibility__cloud__freq__crossbattle,0.5,0.5,higher=damaged,11803.5,1.0,0.0,0.0,448
Makariv,s2__visibility__smoke__freq__crossbattle,0.5,0.5,higher=damaged,11803.5,1.0,0.0,0.0,448
Makariv,s2__composite__b02__post_winter_baseline,0.5,0.5,higher=damaged,11803.5,1.0,0.14764999,0.14765,448
Makariv,s2__composite__b03__post_winter_baseline,0.5,0.5,higher=damaged,11803.5,1.0,0.14851634,0.14851631,448
Makariv,s2__composite__b04__post_winter_baseline,0.5,0.5,higher=damaged,11803.5,1.0,0.15460372,0.1546037,448
Makariv,s2__composite__b05__post_winter_baseline,0.5,0.5,higher=damaged,11803.5,1.0,0.17679039,0.17679045,448
Makariv,s2__composite__b07__post_winter_baseline,0.5,0.5,higher=damaged,11803.5,1.0,0.2070618,0.20706178,448
Makariv,s2__composite__b08__post_winter_baseline,0.5,0.5,higher=damaged,11803.5,1.0,0.21280001,0.2128,448
Makariv,s2__composite__b11__post_winter_baseline,0.5,0.5,higher=damaged,11803.5,1.0,0.23265308,0.23265313,448
Makariv,s2__composite__b12__post_winter_baseline,0.5,0.5,higher=damaged,11803.5,1.0,0.20705315,0.20705317,448
Makariv,s2__composite__b8a__post_winter_baseline,0.5,0.5,higher=damaged,11803.5,1.0,0.22053458,0.2205346,448
Makariv,s2__composite__cire__post_winter_baseline,0.5,0.5,higher=damaged,11803.5,1.0,0.1625956,0.1625956,448
Makariv,s2__composite__mndwi__post_winter_baseline,0.5,0.5,higher=damaged,11803.5,1.0,-0.20411193,-0.20411189,448
Makariv,s2__composite__ndbi__post_winter_baseline,0.5,0.5,higher=damaged,11803.5,1.0,0.0387773,0.038777296,448
Makariv,s2__composite__ndre__post_winter_baseline,0.5,0.5,higher=damaged,11803.5,1.0,0.10623364,0.10623364,448
Makariv,s2__composite__ndvi__post_winter_baseline,0.5,0.5,higher=damaged,11803.5,1.0,0.13713871,0.13713871,448
Makariv,s2__composite__ndwi__post_winter_baseline,0.5,0.5,higher=damaged,11803.5,1.0,-0.16004318,-0.16004322,448
Makariv,s2__obs_count__post_winter_baseline,0.5,0.5,higher=damaged,11803.5,1.0,1.0,1.0,448
Makariv,s2__visibility__smoke__freq__postbattle,0.5,0.5,higher=damaged,11803.5,1.0,0.0,0.0,448
Makariv,s2__visibility__smoke__freq__prebattle,0.5,0.5,higher=damaged,11803.5,1.0,0.0,0.0,448
Makariv,s2__obs_count__prebattle_baseline,0.5,0.5,higher=damaged,11803.5,1.0,4.0,4.0,448
Makariv,s2__obs_count__winter_baseline,0.5,0.5,higher=damaged,11803.5,1.0,4.0,4.0,448
Makariv,s2__composite__b02__delta,0.5,0.5,higher=damaged,11803.5,1.0,-0.010551274,-0.010551273,448
Makariv,s2__composite__b03__delta,0.5,0.5,higher=damaged,11803.5,1.0,-0.02095,-0.020950004,448
Makariv,s2__composite__b04__delta,0.5,0.5,higher=damaged,11803.5,1.0,-0.027046414,-0.027046412,448
Makariv,s2__composite__b05__delta,0.5,0.5,higher=damaged,11803.5,1.0,-0.030821139,-0.030821145,448
Makariv,s2__composite__b07__delta,0.5,0.5,higher=damaged,11803.5,1.0,-0.043328453,-0.043328457,448
Makariv,s2__composite__b08__delta,0.5,0.5,higher=damaged,11803.5,1.0,-0.042683043,-0.04268304,448
Makariv,s2__composite__b11__delta,0.5,0.5,higher=damaged,11803.5,1.0,-0.012653112,-0.0126531115,448
Makariv,s2__composite__b12__delta,0.5,0.5,higher=damaged,11803.5,1.0,-0.017843407,-0.01784341,448
Makariv,s2__composite__b8a__delta,0.5,0.5,higher=damaged,11803.5,1.0,-0.048500445,-0.04850043,448
Makariv,s2__composite__cire__delta,0.5,0.5,higher=damaged,11803.5,1.0,0.013226244,0.013226241,448
Makariv,s2__composite__mndwi__delta,0.5,0.5,higher=damaged,11803.5,1.0,-0.012946725,-0.012946725,448
Makariv,s2__composite__ndbi__delta,0.5,0.5,higher=damaged,11803.5,1.0,0.02934703,0.029347029,448
Makariv,s2__composite__ndre__delta,0.5,0.5,higher=damaged,11803.5,1.0,0.0046730605,0.00467306,448
Makariv,s2__composite__ndvi__delta,0.5,0.5,higher=damaged,11803.5,1.0,0.005089737,0.0050897375,448
Makariv,s2__composite__ndwi__delta,0.5,0.5,higher=damaged,11803.5,1.0,0.0022702664,0.0022702664,448
Makariv,s2__obs_count__delta,0.5,0.5,higher=damaged,11803.5,1.0,-2.0,-2.0,448
Mariupol,s2__composite__ndwi__post_winter_baseline,0.7330576502642299,0.7330576502642299,higher=damaged,46853778.5,0.0,-0.15454376,-0.2162797,22615
Mariupol,s2__composite__mndwi__prebattle_baseline,0.7302726235108004,0.7302726235108004,higher=damaged,46675772.0,0.0,-0.14590333,-0.2003662,22615
Mariupol,s2__composite__mndwi__winter_baseline,0.7302722480152872,0.7302722480152872,higher=damaged,46675748.0,0.0,-0.14590333,-0.20036615,22615
Mariupol,s2__composite__ndvi__post_winter_baseline,0.2702508563488093,0.7297491436511907,lower=damaged,17273230.5,0.0,0.12709652,0.19443041,22615
Mariupol,s2__composite__mndwi__post_winter_baseline,0.7114163574982637,0.7114163574982637,higher=damaged,45470563.5,0.0,-0.15143168,-0.1983492,22615
Mariupol,s2__composite__ndre__post_winter_baseline,0.2919673655597768,0.7080326344402232,lower=damaged,18661253.0,0.0,0.10372772,0.13973968,22615
Mariupol,s2__composite__ndwi__prebattle_baseline,0.7054430687470954,0.7054430687470954,higher=damaged,45088777.5,0.0,-0.14124763,-0.18915996,22615
Mariupol,s2__composite__ndwi__winter_baseline,0.705439689287476,0.705439689287476,higher=damaged,45088561.5,0.0,-0.14124763,-0.18915927,22615
Mariupol,s2__composite__ndvi__prebattle_baseline,0.29567423379827606,0.7043257662017239,lower=damaged,18898179.5,7.54296687593416e-310,0.10120619,0.15265559,22615
Mariupol,s2__composite__ndvi__winter_baseline,0.29568371505998603,0.704316284940014,lower=damaged,18898785.5,8.0555377947551e-310,0.10120619,0.15265359,22615
Mariupol,s2__composite__cire__post_winter_baseline,0.29825617223879064,0.7017438277612094,lower=damaged,19063205.5,4.01828106703257e-302,0.1950784,0.2688082,22615
Mariupol,s2__composite__ndre__prebattle_baseline,0.3113570464173785,0.6886429535826215,lower=damaged,19900555.0,1.9803258451539673e-264,0.07494063,0.10309975,22615
Mariupol,s2__composite__ndre__winter_baseline,0.31136859290441143,0.6886314070955886,lower=damaged,19901293.0,2.132274553218293e-264,0.07494063,0.1030987,22615
Mariupol,s2__composite__b02__post_winter_baseline,0.6764020814717623,0.6764020814717623,higher=damaged,43232607.0,1.7077939078565735e-231,0.16466281,0.14968655,22615
Mariupol,s2__composite__cire__prebattle_baseline,0.326743773001447,0.6732562269985529,lower=damaged,20884006.0,2.1918855812860167e-223,0.12681419,0.17345484,22615
Mariupol,s2__composite__cire__winter_baseline,0.3267568214705331,0.6732431785294669,lower=damaged,20884840.0,2.3667164727894585e-223,0.12681419,0.17345233,22615
Mariupol,s2__composite__b02__winter_baseline,0.6665608760210192,0.6665608760210192,higher=damaged,42603601.0,1.295062734689687e-206,0.1649446,0.15138069,22615
Mariupol,s2__composite__b02__prebattle_baseline,0.6665457623266102,0.6665457623266102,higher=damaged,42602635.0,1.410607509900421e-206,0.1649446,0.15138151,22615
Mariupol,s2__composite__b04__post_winter_baseline,0.643601312381852,0.643601312381852,higher=damaged,41136128.0,4.1594306800666905e-154,0.18756759,0.17315026,22615
Mariupol,s2__composite__b03__post_winter_baseline,0.6385038982066709,0.6385038982066709,higher=damaged,40810324.0,1.676657136540799e-143,0.17692499,0.16513619,22615
Mariupol,s2__composite__b04__prebattle_baseline,0.6376732551943859,0.6376732551943859,higher=damaged,40757233.0,8.244423065895957e-142,0.19516374,0.18085697,22615
Mariupol,s2__composite__b04__winter_baseline,0.6376716124015154,0.6376716124015154,higher=damaged,40757128.0,8.308004656356657e-142,0.19516374,0.18085708,22615
Mariupol,s2__composite__b03__winter_baseline,0.6371323930216412,0.6371323930216412,higher=damaged,40722663.5,1.028690930378807e-140,0.17938098,0.16750127,22615
Mariupol,s2__composite__b03__prebattle_baseline,0.6371170446425364,0.6371170446425364,higher=damaged,40721682.5,1.1049245597171787e-140,0.17938098,0.16750225,22615
Mariupol,s2__composite__b11__prebattle_baseline,0.37776290380943955,0.6222370961905604,lower=damaged,24144921.5,3.2609308143799433e-112,0.23926991,0.2510548,22615
Mariupol,s2__composite__b11__winter_baseline,0.3777721034495146,0.6222278965504854,lower=damaged,24145509.5,3.3879436657031077e-112,0.23926991,0.25105423,22615
Mariupol,s2__composite__b8a__post_winter_baseline,0.38156440474010517,0.6184355952598948,lower=damaged,24387896.5,1.8393029664548102e-105,0.25023207,0.2625533,22615
Mariupol,s2__composite__cire__delta,0.38345022925878564,0.6165497707412144,lower=damaged,24508430.0,3.4275224437934256e-102,0.06826423,0.095373265,22615
Mariupol,s2__composite__ndbi__delta,0.6071717937658483,0.6071717937658483,higher=damaged,38807715.5,1.051394826103128e-86,-0.008211967,-0.030723142,22615
Mariupol,s2__composite__b8a__prebattle_baseline,0.3960506930833601,0.60394930691664,lower=damaged,25313795.5,1.109391113188155e-81,0.24296872,0.254147,22615
Mariupol,s2__composite__b8a__winter_baseline,0.3960576397503556,0.6039423602496444,lower=damaged,25314239.5,1.1369689512497234e-81,0.24296872,0.2541464,22615
Mariupol,s2__composite__b08__post_winter_baseline,0.40162588618505696,0.598374113814943,lower=damaged,25670137.0,2.37471144934078e-73,0.24287508,0.2571861,22615
Mariupol,s2__composite__b05__post_winter_baseline,0.5927528912215783,0.5927528912215783,higher=damaged,37886123.5,2.0555166419393395e-65,0.20271415,0.1978832,22615
Mariupol,s2__composite__b11__delta,0.5847067655404764,0.5847067655404764,higher=damaged,37371851.0,7.36413963975613e-55,-0.0006009934,-0.0049308892,22615
Mariupol,s2__composite__b07__post_winter_baseline,0.41738843684096627,0.5826115631590337,lower=damaged,26677609.0,2.881041656991429e-52,0.24166375,0.25029737,22615
Mariupol,s2__composite__ndre__delta,0.4192580602928139,0.580741939707186,lower=damaged,26797107.0,5.2300492202196105e-50,0.028787088,0.036655553,22615
Mariupol,s2__composite__ndvi__delta,0.4220736899305746,0.5779263100694254,lower=damaged,26977069.5,1.0562053202258382e-46,0.025890337,0.04178064,22615
Mariupol,s2__composite__b11__post_winter_baseline,0.4240084696767973,0.5759915303232027,lower=damaged,27100732.0,1.6888907359304544e-44,0.2386689,0.24610591,22615
Mariupol,s2__composite__ndbi__post_winter_baseline,0.5728468570962957,0.5728468570962957,higher=damaged,36613818.5,4.926863244244776e-41,-0.003466521,-0.019185431,22615
Mariupol,s2__composite__ndwi__delta,0.5712209380553813,0.5712209380553813,higher=damaged,36509897.0,2.674711225635737e-39,-0.013296143,-0.027125776,22615
Mariupol,s2__composite__b07__prebattle_baseline,0.4351342296327792,0.5648657703672209,lower=damaged,27811841.0,6.860116322028886e-33,0.2349166,0.24166466,22615
Mariupol,s2__composite__b07__winter_baseline,0.43514418026388074,0.5648558197361193,lower=damaged,27812477.0,7.012986673980816e-33,0.2349166,0.24166398,22615
Mariupol,s2__composite__b08__delta,0.44430976758955537,0.5556902324104447,lower=damaged,28398300.5,1.115735450937069e-24,0.0035945033,0.010636462,22615
Mariupol,s2__composite__b08__prebattle_baseline,0.44792406836121124,0.5520759316387888,lower=damaged,28629310.5,8.798948622285006e-22,0.23928058,0.2465594,22615
Mariupol,s2__composite__b08__winter_baseline,0.4479331741274079,0.552066825872592,lower=damaged,28629892.5,8.94311042899675e-22,0.23928058,0.24655841,22615
Mariupol,s2__composite__b05__winter_baseline,0.5504509278681881,0.5504509278681881,higher=damaged,35182370.5,1.5307281272485333e-20,0.20876937,0.20611769,22615
Mariupol,s2__composite__b05__prebattle_baseline,0.5504432302101661,0.5504432302101661,higher=damaged,35181878.5,1.5512517445655098e-20,0.20876937,0.20611808,22615
Mariupol,s2__composite__b12__delta,0.5486116569703295,0.5486116569703295,higher=damaged,35064812.5,3.486914861829807e-19,-0.0026434204,-0.005276747,22615
Mariupol,s2__qa__cloud_freq__postbattle,0.5463476224187342,0.5463476224187342,higher=damaged,34920105.5,1.0040190834172813e-99,0.0073348586,0.0021303876,22615
Mariupol,s2__composite__mndwi__delta,0.4568400763357346,0.5431599236642655,lower=damaged,29199182.0,1.8930323091889483e-15,-0.0055283546,0.0019919088,22615
Mariupol,s2__composite__b05__delta,0.5431582339344558,0.5431582339344558,higher=damaged,34716254.0,1.8977916949460093e-15,-0.006055195,-0.008230408,22615
Mariupol,s2__composite__ndbi__winter_baseline,0.46261931995759903,0.537380680042401,lower=damaged,29568565.5,5.824533069304337e-12,0.004745445,0.011556764,22615
Mariupol,s2__composite__ndbi__prebattle_baseline,0.4626284726607349,0.5373715273392651,lower=damaged,29569150.5,5.8938878592270305e-12,0.004745445,0.011555509,22615
Mariupol,s2__obs_count__delta,0.46917554202464423,0.5308244579753558,lower=damaged,29987610.0,4.4806189807554324e-20,1.0960435,1.1701202,22615
Mariupol,s2__obs_count__prebattle_baseline,0.530375091542677,0.530375091542677,higher=damaged,33899212.5,1.3391020385717845e-19,2.9015403,2.828274,22615
Mariupol,s2__obs_count__winter_baseline,0.530375091542677,0.530375091542677,higher=damaged,33899212.5,1.3391020385717845e-19,2.9015403,2.828274,22615
Mariupol,s2__visibility__cloud__freq__prebattle,0.4727274557813354,0.5272725442186645,lower=damaged,30214632.5,5.424875317520927e-15,0.039967783,0.06309573,22615
Mariupol,s2__visibility__clear__freq__prebattle,0.5268823183293254,0.5268823183293254,higher=damaged,33675970.0,1.7939778289593715e-14,0.9587235,0.9359718,22615
Mariupol,s2__qa__cloud_freq__prebattle,0.4739329058984462,0.5260670941015537,lower=damaged,30291679.5,5.572861364875749e-12,0.041100375,0.066297784,22615
Mariupol,s2__composite__b07__delta,0.4755348871003899,0.5244651128996101,lower=damaged,30394071.0,6.62489980223049e-06,0.0067471624,0.008643945,22615
Mariupol,s2__visibility__clear__freq__postbattle,0.4761150276683869,0.523884972331613,lower=damaged,30431151.0,3.7177469125173845e-56,0.98912716,0.9967882,22615
Mariupol,s2__visibility__cloud__freq__postbattle,0.522770564230823,0.522770564230823,higher=damaged,33413165.0,7.55564338393458e-58,0.00949217,0.0025309336,22615
Mariupol,s2__composite__b12__post_winter_baseline,0.5191001034114644,0.5191001034114644,higher=damaged,33178565.5,0.00043579980312308703,0.21563122,0.21560548,22615
Mariupol,s2__composite__b12__prebattle_baseline,0.4837161051152127,0.5162838948847873,lower=damaged,30916978.0,0.0027106633830702932,0.21827464,0.22089715,22615
Mariupol,s2__composite__b12__winter_baseline,0.4837223007911815,0.5162776992088185,lower=damaged,30917374.0,0.002720831178080029,0.21827464,0.22089678,22615
Mariupol,s2__composite__b02__delta,0.515895569941484,0.515895569941484,higher=damaged,32973746.0,0.003419581316254085,-0.00028180302,-0.0016909164,22615
Mariupol,s2__composite__b8a__delta,0.48682107751441495,0.513178922485585,lower=damaged,31115434.0,0.01522523137786923,0.0072633787,0.008420832,22615
Mariupol,s2__composite__b03__delta,0.4972764684596911,0.5027235315403089,lower=damaged,31783696.0,0.6159816752388199,-0.0024559798,-0.0023617698,22615
Mariupol,s2__visibility__clear__freq__crossbattle,0.4974151827605504,0.5025848172394496,lower=damaged,31792562.0,0.005942040622544966,0.9927514,0.99523413,22615
Mariupol,s2__visibility__smoke__freq__postbattle,0.5013547252292807,0.5013547252292807,higher=damaged,32044360.0,6.05769996148284e-08,0.00064719334,6.660352e-05,22615
Mariupol,s2__visibility__smoke__freq__prebattle,0.5012554301344911,0.5012554301344911,higher=damaged,32038013.5,2.5640459471865773e-08,0.0009060707,8.6337895e-05,22615
Mariupol,s2__composite__b04__delta,0.5011888813775879,0.5011888813775879,higher=damaged,32033760.0,0.8266981258441053,-0.007596149,-0.0077035725,22615
Mariupol,s2__visibility__cloud__freq__crossbattle,0.5010124610689382,0.5010124610689382,higher=damaged,32022484.0,0.13513699800645487,0.003473271,0.0024865314,22615
Mariupol,s2__obs_count__post_winter_baseline,0.49959484816400845,0.5004051518359915,lower=damaged,31931876.5,0.29918303491839127,3.9975839,3.998394,22615
Mariupol,s2__visibility__fire__freq__postbattle,0.500340621367472,0.500340621367472,higher=damaged,31979543.0,0.23444424046449674,0.00025887735,0.00018500976,22615
Mariupol,s2__visibility__fire__freq__crossbattle,0.500253459471455,0.500253459471455,higher=damaged,31973972.0,0.6478609762212955,0.001963153,0.001761293,22615
Mariupol,s2__visibility__fire__freq__prebattle,0.4998876955502405,0.5001123044497595,lower=damaged,31950594.0,0.672020421943342,0.00030202355,0.00031081642,22615
Mariupol,s2__qa__cloud_freq__crossbattle,0.49993730007210774,0.5000626999278923,lower=damaged,31953764.5,0.9320359752889307,0.0018027031,0.0019312707,22615
Mariupol,s2__visibility__smoke__freq__crossbattle,0.4999481972648156,0.5000518027351843,lower=damaged,31954461.0,0.55813176850311,0.0,5.1802734e-05,22615
Moschun,s2__composite__b02__post_winter_baseline,0.5933194714601918,0.5933194714601918,higher=damaged,44229.0,0.0044425078425704605,0.15753086,0.15443489,962
Moschun,s2__composite__b11__prebattle_baseline,0.5838285599302435,0.5838285599302435,higher=damaged,43521.5,0.010627184735551909,0.22342403,0.2174773,962
Moschun,s2__composite__b11__winter_baseline,0.5838285599302435,0.5838285599302435,higher=damaged,43521.5,0.010627184735551909,0.22342403,0.2174773,962
Moschun,s2__composite__b11__post_winter_baseline,0.5825340398417064,0.5825340398417064,higher=damaged,43425.0,0.011866896560834637,0.22441763,0.21725273,962
Moschun,s2__composite__b12__post_winter_baseline,0.57867060165001,0.57867060165001,higher=damaged,43137.0,0.016471815106310794,0.20024434,0.19565168,962
Moschun,s2__composite__b12__prebattle_baseline,0.5696827419679388,0.5696827419679388,higher=damaged,42467.0,0.033704605973512,0.20799996,0.20263122,962
Moschun,s2__composite__b12__winter_baseline,0.5696827419679388,0.5696827419679388,higher=damaged,42467.0,0.033704605973512,0.20799996,0.20263122,962
Moschun,s2__composite__b04__prebattle_baseline,0.5642430746528942,0.5642430746528942,higher=damaged,42061.5,0.050252973165775955,0.20550941,0.20097354,962
Moschun,s2__composite__b04__winter_baseline,0.5642430746528942,0.5642430746528942,higher=damaged,42061.5,0.050252973165775955,0.20550941,0.20097354,962
Moschun,s2__composite__mndwi__delta,0.43807096384734057,0.5619290361526594,lower=damaged,32656.0,0.05904255059757266,-0.12020433,-0.10482258,962
Moschun,s2__composite__mndwi__post_winter_baseline,0.43832584345026493,0.5616741565497351,lower=damaged,32675.0,0.060090670642267446,-0.19465388,-0.18210305,962
Moschun,s2__composite__ndvi__delta,0.5547387484070024,0.5547387484070024,higher=damaged,41353.0,0.0951847378343618,0.00969078,-0.004165147,962
Moschun,s2__composite__b8a__delta,0.5523509289690791,0.5523509289690791,higher=damaged,41175.0,0.11051986977690426,-0.05376829,-0.06166076,962
Moschun,s2__composite__b04__post_winter_baseline,0.5478972432758737,0.5478972432758737,higher=damaged,40843.0,0.14426872365188706,0.15828007,0.15469953,962
Moschun,s2__composite__ndbi__post_winter_baseline,0.5475618753772888,0.5475618753772888,higher=damaged,40818.0,0.14709474730136726,0.053124104,0.04449889,962
Moschun,s2__composite__ndvi__prebattle_baseline,0.45428935542289894,0.5457106445771011,lower=damaged,33865.0,0.16363019184931216,0.1110701,0.12511425,962
Moschun,s2__composite__ndvi__winter_baseline,0.45428935542289894,0.5457106445771011,lower=damaged,33865.0,0.16363019184931216,0.1110701,0.12511425,962
Moschun,s2__composite__ndbi__prebattle_baseline,0.5405593936548394,0.5405593936548394,higher=damaged,40296.0,0.21647132625607346,-0.066290624,-0.07988983,962
Moschun,s2__composite__ndbi__winter_baseline,0.5405593936548394,0.5405593936548394,higher=damaged,40296.0,0.21647132625607346,-0.066290624,-0.07988983,962
Moschun,s2__composite__ndwi__delta,0.4621503789657254,0.5378496210342746,lower=damaged,34451.0,0.24860363644650862,-0.0066559706,0.0047670635,962
Moschun,s2__composite__b04__delta,0.4628211147628949,0.5371788852371051,lower=damaged,34501.0,0.25708896485483235,-0.045479935,-0.042320717,962
Moschun,s2__composite__b11__delta,0.5366154671674828,0.5366154671674828,higher=damaged,40002.0,0.26437033909540486,0.0014324646,-0.00238941,962
Moschun,s2__composite__b05__post_winter_baseline,0.5357435106311624,0.5357435106311624,higher=damaged,39937.0,0.2759171633763049,0.1737015,0.1718923,962
Moschun,s2__composite__b8a__post_winter_baseline,0.5347239922194648,0.5347239922194648,higher=damaged,39861.0,0.28984847615567666,0.21074167,0.20750031,962
Moschun,s2__qa__cloud_freq__postbattle,0.4658125964182709,0.5341874035817291,lower=damaged,34724.0,0.05420757208953018,0.03529412,0.07955031,962
Moschun,s2__composite__b08__post_winter_baseline,0.5335837413642766,0.5335837413642766,higher=damaged,39776.0,0.30598156724414927,0.20301482,0.19961902,962
Moschun,s2__composite__b03__prebattle_baseline,0.5326447112482393,0.5326447112482393,higher=damaged,39706.0,0.31985999764027573,0.19546707,0.19436663,962
Moschun,s2__composite__b03__winter_baseline,0.5326447112482393,0.5326447112482393,higher=damaged,39706.0,0.31985999764027573,0.19546707,0.19436663,962
Moschun,s2__composite__b02__prebattle_baseline,0.5302367697364008,0.5302367697364008,higher=damaged,39526.5,0.35686531567667246,0.19744588,0.19737162,962
Moschun,s2__composite__b02__winter_baseline,0.5302367697364008,0.5302367697364008,higher=damaged,39526.5,0.35686531567667246,0.19744588,0.19737162,962
Moschun,s2__composite__b03__post_winter_baseline,0.5296264001609766,0.5296264001609766,higher=damaged,39481.0,0.36650485372182906,0.15086296,0.14907502,962
Moschun,s2__composite__ndre__delta,0.5281507814072037,0.5281507814072037,higher=damaged,39371.0,0.39086416013251535,0.0010317612,-0.00355741,962
Moschun,s2__composite__b02__delta,0.47190287745656984,0.5280971225434301,lower=damaged,35178.0,0.3917680954925885,-0.03788212,-0.037131038,962
Moschun,s2__composite__b03__delta,0.4731772754711919,0.5268227245288081,lower=damaged,35273.0,0.41360749962914545,-0.042634264,-0.04082121,962
Moschun,s2__composite__ndbi__delta,0.5266751626534308,0.5266751626534308,higher=damaged,39261.0,0.4161820132288898,0.116239995,0.11229317,962
Moschun,s2__composite__b07__delta,0.5255885706620163,0.5255885706620163,higher=damaged,39180.0,0.43542910235482835,-0.04951174,-0.055407647,962
Moschun,s2__composite__b12__delta,0.5240861224763567,0.5240861224763567,higher=damaged,39068.0,0.4628703045524455,-0.007330548,-0.008806123,962
Moschun,s2__composite__mndwi__prebattle_baseline,0.47710778724260516,0.5228922127573948,lower=damaged,35566.0,0.485486850474395,-0.07008358,-0.061936192,962
Moschun,s2__composite__mndwi__winter_baseline,0.47710778724260516,0.5228922127573948,lower=damaged,35566.0,0.485486850474395,-0.07008358,-0.061936192,962
Moschun,s2__qa__cloud_freq__crossbattle,0.47748339928902006,0.5225166007109799,lower=damaged,35594.0,0.16293067644547998,0.047058824,0.0886545,962
Moschun,s2__composite__b08__delta,0.5217251324703199,0.5217251324703199,higher=damaged,38892.0,0.5078768395255484,-0.052086767,-0.054817017,962
Moschun,s2__composite__b07__post_winter_baseline,0.5210543966731505,0.5210543966731505,higher=damaged,38842.0,0.5210692818955311,0.19817565,0.19684333,962
Moschun,s2__composite__cire__post_winter_baseline,0.481816352538735,0.518183647461265,lower=damaged,35917.0,0.5794589865355304,0.13937868,0.1435253,962
Moschun,s2__composite__b8a__prebattle_baseline,0.48394929237373396,0.516050707626266,lower=damaged,36076.0,0.6248491814777231,0.2660103,0.27245215,962
Moschun,s2__composite__b8a__winter_baseline,0.48394929237373396,0.516050707626266,lower=damaged,36076.0,0.6248491814777231,0.2660103,0.27245215,962
Moschun,s2__composite__b08__prebattle_baseline,0.5158696089610303,0.5158696089610303,higher=damaged,38455.5,0.6287611448826185,0.25659293,0.25757828,962
Moschun,s2__composite__b08__winter_baseline,0.5158696089610303,0.5158696089610303,higher=damaged,38455.5,0.6287611448826185,0.25659293,0.25757828,962
Moschun,s2__visibility__cloud__freq__postbattle,0.48419075726071503,0.515809242739285,lower=damaged,36094.0,0.29368908863893584,0.011764706,0.019669328,962
Moschun,s2__qa__cloud_freq__prebattle,0.48574686431014824,0.5142531356898518,lower=damaged,36210.0,0.11513739801838536,0.0,0.0022448688,962
Moschun,s2__visibility__smoke__freq__prebattle,0.48667918706821384,0.5133208129317861,lower=damaged,36279.5,0.21090383605692364,0.005882353,0.011687571,962
Moschun,s2__composite__ndwi__post_winter_baseline,0.48730297135958145,0.5126970286404186,lower=damaged,36326.0,0.6988301387643188,-0.14282647,-0.13817903,962
Moschun,s2__composite__b05__prebattle_baseline,0.512690321282447,0.512690321282447,higher=damaged,38218.5,0.6990734538727171,0.22025006,0.22702792,962
Moschun,s2__composite__b05__winter_baseline,0.512690321282447,0.512690321282447,higher=damaged,38218.5,0.6990734538727171,0.22025006,0.22702792,962
Moschun,s2__visibility__clear__freq__postbattle,0.49092494466429676,0.5090750553357033,lower=damaged,36596.0,0.7090810412154731,0.9352941,0.9381414,962
Moschun,s2__composite__ndvi__post_winter_baseline,0.49104567710778724,0.5089543228922128,lower=damaged,36605.0,0.7850121666514888,0.12042462,0.12108269,962
Moschun,s2__visibility__cloud__freq__prebattle,0.5077671205312227,0.5077671205312227,higher=damaged,37851.5,0.553051760785808,0.01764706,0.014823261,962
Moschun,s2__composite__b05__delta,0.5074518747065531,0.5074518747065531,higher=damaged,37828.0,0.820433953800409,-0.044871256,-0.050488126,962
Moschun,s2__composite__ndwi__prebattle_baseline,0.5068079683412705,0.5068079683412705,higher=damaged,37780.0,0.83578417835385,-0.13584757,-0.14142448,962
Moschun,s2__composite__ndwi__winter_baseline,0.5068079683412705,0.5068079683412705,higher=damaged,37780.0,0.83578417835385,-0.13584757,-0.14142448,962
Moschun,s2__visibility__clear__freq__prebattle,0.49366825407472004,0.50633174592528,lower=damaged,36800.5,0.7081448772446236,0.9470588,0.96465224,962
Moschun,s2__composite__cire__prebattle_baseline,0.5042055134482527,0.5042055134482527,higher=damaged,37586.0,0.8981716819966625,0.13353994,0.13558191,962
Moschun,s2__composite__cire__winter_baseline,0.5042055134482527,0.5042055134482527,higher=damaged,37586.0,0.8981716819966625,0.13353994,0.13558191,962
Moschun,s2__composite__b07__prebattle_baseline,0.4966664430880676,0.5033335569119324,lower=damaged,37024.0,0.9192362708555863,0.24888496,0.25569624,962
Moschun,s2__composite__b07__winter_baseline,0.4966664430880676,0.5033335569119324,lower=damaged,37024.0,0.9192362708555863,0.24888496,0.25569624,962
Moschun,s2__visibility__fire__freq__postbattle,0.4977194982896237,0.5022805017103763,lower=damaged,37102.5,0.5340840592652442,0.0,0.0011402508,962
Moschun,s2__composite__ndre__prebattle_baseline,0.5011603729291032,0.5011603729291032,higher=damaged,37359.0,0.9719510058936836,0.09332146,0.0935467,962
Moschun,s2__composite__ndre__winter_baseline,0.5011603729291032,0.5011603729291032,higher=damaged,37359.0,0.9719510058936836,0.09332146,0.0935467,962
Moschun,s2__composite__ndre__post_winter_baseline,0.5006371990073111,0.5006371990073111,higher=damaged,37320.0,0.9846637590376494,0.09406839,0.09117172,962
Moschun,s2__visibility__fire__freq__prebattle,0.49942987457240595,0.500570125427594,lower=damaged,37230.0,0.7583416036925394,0.0,0.0002850627,962
Moschun,s2__obs_count__prebattle_baseline,0.500570125427594,0.500570125427594,higher=damaged,37315.0,0.7583416036925394,3.0,2.9988596,962
Moschun,s2__obs_count__winter_baseline,0.500570125427594,0.500570125427594,higher=damaged,37315.0,0.7583416036925394,3.0,2.9988596,962
Moschun,s2__obs_count__delta,0.49942987457240595,0.500570125427594,lower=damaged,37230.0,0.7583416036925394,-2.0,-1.9988598,962
Moschun,s2__composite__cire__delta,0.5004493929841036,0.5004493929841036,higher=damaged,37306.0,0.9892316648184041,0.0052299807,0.005952273,962
Moschun,s2__visibility__clear__freq__crossbattle,0.5,0.5,higher=damaged,37272.5,1.0,1.0,1.0,962
Moschun,s2__visibility__cloud__freq__crossbattle,0.5,0.5,higher=damaged,37272.5,1.0,0.0,0.0,962
Moschun,s2__visibility__fire__freq__crossbattle,0.5,0.5,higher=damaged,37272.5,1.0,0.0,0.0,962
Moschun,s2__visibility__smoke__freq__crossbattle,0.5,0.5,higher=damaged,37272.5,1.0,0.0,0.0,962
Moschun,s2__obs_count__post_winter_baseline,0.5,0.5,higher=damaged,37272.5,1.0,1.0,1.0,962
Moschun,s2__visibility__smoke__freq__postbattle,0.5,0.5,higher=damaged,37272.5,1.0,0.0,0.0,962
Okhtyrka,s2__composite__ndre__prebattle_baseline,0.3131578947368421,0.6868421052631579,lower=damaged,2618.0,0.00023688740543792997,0.15855126,0.18772577,258
Okhtyrka,s2__composite__ndre__winter_baseline,0.3131578947368421,0.6868421052631579,lower=damaged,2618.0,0.00023688740543792997,0.15855126,0.18772577,258
Okhtyrka,s2__composite__cire__prebattle_baseline,0.3233253588516747,0.6766746411483253,lower=damaged,2703.0,0.0005090846634522962,0.3122885,0.37991834,258
Okhtyrka,s2__composite__cire__winter_baseline,0.3233253588516747,0.6766746411483253,lower=damaged,2703.0,0.0005090846634522962,0.3122885,0.37991834,258
Okhtyrka,s2__composite__ndre__post_winter_baseline,0.34366028708133967,0.6563397129186603,lower=damaged,2873.0,0.002099938495698109,0.14469336,0.16965918,258
Okhtyrka,s2__composite__cire__post_winter_baseline,0.3460526315789474,0.6539473684210526,lower=damaged,2893.0,0.0024565870510981163,0.26637158,0.3239429,258
Okhtyrka,s2__composite__ndvi__prebattle_baseline,0.3519138755980861,0.6480861244019138,lower=damaged,2942.0,0.0035764927490015415,0.20764592,0.25005984,258
Okhtyrka,s2__composite__ndvi__winter_baseline,0.3519138755980861,0.6480861244019138,lower=damaged,2942.0,0.0035764927490015415,0.20764592,0.25005984,258
Okhtyrka,s2__composite__ndvi__delta,0.6316985645933014,0.6316985645933014,higher=damaged,5281.0,0.009576347793118011,-0.025728358,-0.038708378,258
Okhtyrka,s2__composite__ndwi__prebattle_baseline,0.6276315789473684,0.6276315789473684,higher=damaged,5247.0,0.012048486566734937,-0.22364,-0.25718167,258
Okhtyrka,s2__composite__ndwi__winter_baseline,0.6276315789473684,0.6276315789473684,higher=damaged,5247.0,0.012048486566734937,-0.22364,-0.25718167,258
Okhtyrka,s2__composite__ndvi__post_winter_baseline,0.37679425837320574,0.6232057416267942,lower=damaged,3150.0,0.01536681109711658,0.1819176,0.2113515,258
Okhtyrka,s2__composite__b08__prebattle_baseline,0.377511961722488,0.622488038277512,lower=damaged,3156.0,0.015974626876741376,0.26783615,0.28227687,258
Okhtyrka,s2__composite__b08__winter_baseline,0.377511961722488,0.622488038277512,lower=damaged,3156.0,0.015974626876741376,0.26783615,0.28227687,258
Okhtyrka,s2__composite__b8a__prebattle_baseline,0.3777511961722488,0.6222488038277512,lower=damaged,3158.0,0.016182033220837486,0.28161618,0.29217017,258
Okhtyrka,s2__composite__b8a__winter_baseline,0.3777511961722488,0.6222488038277512,lower=damaged,3158.0,0.016182033220837486,0.28161618,0.29217017,258
Okhtyrka,s2__composite__b04__prebattle_baseline,0.6126794258373205,0.6126794258373205,higher=damaged,5122.0,0.0266606233394748,0.1752204,0.16900606,258
Okhtyrka,s2__composite__b04__winter_baseline,0.6126794258373205,0.6126794258373205,higher=damaged,5122.0,0.0266606233394748,0.1752204,0.16900606,258
Okhtyrka,s2__composite__b05__post_winter_baseline,0.6111244019138756,0.6111244019138756,higher=damaged,5109.0,0.028826836909639095,0.19832134,0.19267927,258
Okhtyrka,s2__composite__ndwi__delta,0.39043062200956935,0.6095693779904306,lower=damaged,3264.0,0.03114293709922459,0.022556039,0.031249816,258
Okhtyrka,s2__composite__ndbi__prebattle_baseline,0.6092105263157894,0.6092105263157894,higher=damaged,5093.0,0.03169953488987781,0.024426455,-0.00069501606,258
Okhtyrka,s2__composite__ndbi__winter_baseline,0.6092105263157894,0.6092105263157894,higher=damaged,5093.0,0.03169953488987781,0.024426455,-0.00069501606,258
Okhtyrka,s2__composite__b05__prebattle_baseline,0.606877990430622,0.606877990430622,higher=damaged,5073.5,0.03552935796948441,0.20439287,0.19984585,258
Okhtyrka,s2__composite__b05__winter_baseline,0.606877990430622,0.606877990430622,higher=damaged,5073.5,0.03552935796948441,0.20439287,0.19984585,258
Okhtyrka,s2__composite__ndwi__post_winter_baseline,0.6062200956937799,0.6062200956937799,higher=damaged,5068.0,0.036678493398072706,-0.20108394,-0.2259319,258
Okhtyrka,s2__composite__b02__delta,0.39970095693779906,0.6002990430622009,lower=damaged,3341.5,0.048518665804667224,-0.0047088824,-0.0019055681,258
Okhtyrka,s2__composite__b08__post_winter_baseline,0.4043062200956938,0.5956937799043063,lower=damaged,3380.0,0.05981399063672068,0.24745464,0.25693807,258
Okhtyrka,s2__composite__b8a__delta,0.5956937799043063,0.5956937799043063,higher=damaged,4980.0,0.05981457081268835,-0.016062135,-0.02098827,258
Okhtyrka,s2__composite__b8a__post_winter_baseline,0.40909090909090906,0.5909090909090909,lower=damaged,3420.0,0.07377732450465758,0.26555407,0.27118188,258
Okhtyrka,s2__composite__b02__prebattle_baseline,0.5889952153110047,0.5889952153110047,higher=damaged,4924.0,0.08006222789172036,0.1569885,0.15258536,258
Okhtyrka,s2__composite__b02__winter_baseline,0.5889952153110047,0.5889952153110047,higher=damaged,4924.0,0.08006222789172036,0.1569885,0.15258536,258
Okhtyrka,s2__composite__b07__prebattle_baseline,0.41124401913875597,0.588755980861244,lower=damaged,3438.0,0.08087766956977924,0.26688287,0.27432507,258
Okhtyrka,s2__composite__b07__winter_baseline,0.41124401913875597,0.588755980861244,lower=damaged,3438.0,0.08087766956977924,0.26688287,0.27432507,258
Okhtyrka,s2__composite__b08__delta,0.5858851674641149,0.5858851674641149,higher=damaged,4898.0,0.09119650002125353,-0.020381577,-0.025338806,258
Okhtyrka,s2__composite__b04__post_winter_baseline,0.5825358851674641,0.5825358851674641,higher=damaged,4870.0,0.10454593830363484,0.17067498,0.16727625,258
Okhtyrka,s2__composite__ndbi__post_winter_baseline,0.5791866028708134,0.5791866028708134,higher=damaged,4842.0,0.11940338795941248,0.042496115,0.024112273,258
Okhtyrka,s2__composite__ndbi__delta,0.4277511961722487,0.5722488038277513,lower=damaged,3576.0,0.15539210358789293,0.01806966,0.024807291,258
Okhtyrka,s2__composite__b07__post_winter_baseline,0.42966507177033497,0.570334928229665,lower=damaged,3592.0,0.16664212228160558,0.2499591,0.25373283,258
Okhtyrka,s2__composite__b03__prebattle_baseline,0.5675837320574162,0.5675837320574162,higher=damaged,4745.0,0.18387116798561942,0.16940263,0.16628924,258
Okhtyrka,s2__composite__b03__winter_baseline,0.5675837320574162,0.5675837320574162,higher=damaged,4745.0,0.18387116798561942,0.16940263,0.16628924,258
Okhtyrka,s2__composite__b12__prebattle_baseline,0.5654306220095694,0.5654306220095694,higher=damaged,4727.0,0.19824996647895166,0.25324762,0.24805695,258
Okhtyrka,s2__composite__b12__winter_baseline,0.5654306220095694,0.5654306220095694,higher=damaged,4727.0,0.19824996647895166,0.25324762,0.24805695,258
Okhtyrka,s2__composite__b04__delta,0.4346291866028708,0.5653708133971291,lower=damaged,3633.5,0.19866023608827932,-0.0045453957,-0.0017298294,258
Okhtyrka,s2__composite__b03__post_winter_baseline,0.5632775119617225,0.5632775119617225,higher=damaged,4709.0,0.2134329388019176,0.16390724,0.16206,258
Okhtyrka,s2__composite__ndre__delta,0.5627990430622009,0.5627990430622009,higher=damaged,4705.0,0.21691926381261917,-0.013857926,-0.018066583,258
Okhtyrka,s2__composite__mndwi__prebattle_baseline,0.5605263157894737,0.5605263157894737,higher=damaged,4686.0,0.23403368310324546,-0.24749808,-0.25741324,258
Okhtyrka,s2__composite__mndwi__winter_baseline,0.5605263157894737,0.5605263157894737,higher=damaged,4686.0,0.23403368310324546,-0.24749808,-0.25741324,258
Okhtyrka,s2__composite__b07__delta,0.5599282296650718,0.5599282296650718,higher=damaged,4681.0,0.23869221068113777,-0.016923748,-0.02059223,258
Okhtyrka,s2__composite__cire__delta,0.5578947368421053,0.5578947368421053,higher=damaged,4664.0,0.2550200207548706,-0.045916915,-0.055975392,258
Okhtyrka,s2__composite__b12__delta,0.4431818181818182,0.5568181818181819,lower=damaged,3705.0,0.2639716208837354,-0.007639369,-0.0062172543,258
Okhtyrka,s2__composite__b02__post_winter_baseline,0.5535287081339713,0.5535287081339713,higher=damaged,4627.5,0.29265457791311733,0.1522796,0.15067978,258
Okhtyrka,s2__composite__mndwi__delta,0.4466507177033493,0.5533492822966507,lower=damaged,3734.0,0.29427836860228074,0.005408844,0.008032012,258
Okhtyrka,s2__composite__b12__post_winter_baseline,0.5427631578947368,0.5427631578947368,higher=damaged,4537.5,0.4006626187915292,0.24560826,0.2418397,258
Okhtyrka,s2__composite__b03__delta,0.4626196172248803,0.5373803827751197,lower=damaged,3867.5,0.46264247938824554,-0.0054953936,-0.0042292606,258
Okhtyrka,s2__visibility__fire__freq__postbattle,0.5218301435406698,0.5218301435406698,higher=damaged,4362.5,0.04526541403119896,0.015037594,0.0019480521,258
Okhtyrka,s2__composite__b05__delta,0.5208133971291866,0.5208133971291866,higher=damaged,4354.0,0.6829445349771024,-0.0060715266,-0.0071665808,258
Okhtyrka,s2__composite__b11__prebattle_baseline,0.4820574162679426,0.5179425837320575,lower=damaged,4030.0,0.7248770821691741,0.2792816,0.2797925,258
Okhtyrka,s2__composite__b11__winter_baseline,0.4820574162679426,0.5179425837320575,lower=damaged,4030.0,0.7248770821691741,0.2792816,0.2797925,258
Okhtyrka,s2__composite__b11__post_winter_baseline,0.48241626794258374,0.5175837320574163,lower=damaged,4033.0,0.7301802780354836,0.26790497,0.26780537,258
Okhtyrka,s2__visibility__clear__freq__prebattle,0.4825358851674641,0.5174641148325358,lower=damaged,4034.0,0.1894895740508833,0.9736842,0.99636364,258
Okhtyrka,s2__visibility__clear__freq__postbattle,0.48259569377990424,0.5174043062200957,lower=damaged,4034.5,0.19102660919520664,0.98496234,0.9967533,258
Okhtyrka,s2__visibility__fire__freq__crossbattle,0.5131578947368421,0.5131578947368421,higher=damaged,4290.0,0.016611503225956288,0.02631579,0.0,258
Okhtyrka,s2__qa__cloud_freq__prebattle,0.5131578947368421,0.5131578947368421,higher=damaged,4290.0,0.016611503225956288,0.004385965,0.0,258
Okhtyrka,s2__visibility__cloud__freq__prebattle,0.5131578947368421,0.5131578947368421,higher=damaged,4290.0,0.016611503225956288,0.005263158,0.0,258
Okhtyrka,s2__visibility__clear__freq__crossbattle,0.4868421052631579,0.513157894736842,lower=damaged,4070.0,0.016611503225956288,0.9736842,1.0,258
Okhtyrka,s2__composite__mndwi__post_winter_baseline,0.5126794258373206,0.5126794258373206,higher=damaged,4286.0,0.8038521583414903,-0.24208927,-0.24938121,258
Okhtyrka,s2__visibility__fire__freq__prebattle,0.5109449760765551,0.5109449760765551,higher=damaged,4271.5,0.15846546034197695,0.021052632,0.0009090909,258
Okhtyrka,s2__composite__b11__delta,0.49401913875598086,0.5059808612440191,lower=damaged,4130.0,0.9072314366431706,-0.011376667,-0.011987105,258
Okhtyrka,s2__qa__cloud_freq__postbattle,0.49772727272727274,0.5022727272727272,lower=damaged,4161.0,0.6857217572712224,0.0,0.00018939395,258
Okhtyrka,s2__visibility__smoke__freq__prebattle,0.49772727272727274,0.5022727272727272,lower=damaged,4161.0,0.6857217572712224,0.0,0.0009090909,258
Okhtyrka,s2__qa__cloud_freq__crossbattle,0.5,0.5,higher=damaged,4180.0,1.0,0.0,0.0,258
Okhtyrka,s2__visibility__cloud__freq__crossbattle,0.5,0.5,higher=damaged,4180.0,1.0,0.0,0.0,258
Okhtyrka,s2__visibility__smoke__freq__crossbattle,0.5,0.5,higher=damaged,4180.0,1.0,0.0,0.0,258
Okhtyrka,s2__obs_count__post_winter_baseline,0.5,0.5,higher=damaged,4180.0,1.0,5.0,5.0,258
Okhtyrka,s2__visibility__cloud__freq__postbattle,0.5,0.5,higher=damaged,4180.0,1.0,0.0,0.0,258
Okhtyrka,s2__visibility__smoke__freq__postbattle,0.5,0.5,higher=damaged,4180.0,1.0,0.0,0.0,258
Okhtyrka,s2__obs_count__prebattle_baseline,0.5,0.5,higher=damaged,4180.0,1.0,4.0,4.0,258
Okhtyrka,s2__obs_count__winter_baseline,0.5,0.5,higher=damaged,4180.0,1.0,4.0,4.0,258
Okhtyrka,s2__obs_count__delta,0.5,0.5,higher=damaged,4180.0,1.0,1.0,1.0,258
Rubizhne,s2__composite__b02__post_winter_baseline,0.7381517608135302,0.7381517608135302,higher=damaged,1551268.0,3.909642495617695e-64,0.1694571,0.15140866,5002
Rubizhne,s2__composite__b03__post_winter_baseline,0.7261551792313985,0.7261551792313985,higher=damaged,1526056.5,5.1441714924436996e-58,0.18705219,0.16956565,5002
Rubizhne,s2__composite__b04__post_winter_baseline,0.7145437882484272,0.7145437882484272,higher=damaged,1501654.5,2.1632782948288602e-52,0.19483739,0.17591895,5002
Rubizhne,s2__composite__mndwi__post_winter_baseline,0.678299232426244,0.678299232426244,higher=damaged,1425484.5,9.993054602615583e-37,-0.17984995,-0.21188107,5002
Rubizhne,s2__composite__b12__delta,0.6628111918924873,0.6628111918924873,higher=damaged,1392935.5,6.628668190774712e-31,0.0054098116,-0.0043651843,5002
Rubizhne,s2__composite__b12__post_winter_baseline,0.6598843143440791,0.6598843143440791,higher=damaged,1386784.5,7.294642875961744e-30,0.2409749,0.22913176,5002
Rubizhne,s2__composite__b05__post_winter_baseline,0.6421841044520801,0.6421841044520801,higher=damaged,1349586.5,5.826938718184113e-24,0.21174219,0.20354871,5002
Rubizhne,s2__composite__ndwi__delta,0.6401341957415383,0.6401341957415383,higher=damaged,1345278.5,2.541491628778884e-23,-0.08702646,-0.115150854,5002
Rubizhne,s2__composite__ndwi__post_winter_baseline,0.6401308648778025,0.6401308648778025,higher=damaged,1345271.5,2.5475377047327555e-23,-0.19464597,-0.22807412,5002
Rubizhne,s2__composite__ndvi__post_winter_baseline,0.365958429868902,0.634041570131098,lower=damaged,769082.5,1.7882918589957085e-21,0.17523801,0.2111226,5002
Rubizhne,s2__composite__b11__delta,0.6318141739672062,0.6318141739672062,higher=damaged,1327793.5,8.08594212271888e-21,0.019977383,0.012913654,5002
Rubizhne,s2__composite__b02__delta,0.6289034748998005,0.6289034748998005,higher=damaged,1321676.5,5.595695859894109e-20,-0.064269654,-0.080010265,5002
Rubizhne,s2__composite__ndvi__delta,0.3737726361930702,0.6262273638069298,lower=damaged,785504.5,3.1921726615825714e-19,0.10334653,0.13187173,5002
Rubizhne,s2__composite__b11__post_winter_baseline,0.6259375786619159,0.6259375786619159,higher=damaged,1315443.5,3.8463149259955e-19,0.2668553,0.25961587,5002
Rubizhne,s2__composite__b03__delta,0.6154755735866313,0.6154755735866313,higher=damaged,1293457.0,2.433744819791763e-16,-0.057255507,-0.070691794,5002
Rubizhne,s2__composite__b04__delta,0.6046835750826649,0.6046835750826649,higher=damaged,1270777.0,1.0672134940586362e-13,-0.06777822,-0.0813586,5002
Rubizhne,s2__composite__ndre__post_winter_baseline,0.40069339066225657,0.5993066093377435,lower=damaged,842080.0,1.7821038096461698e-12,0.13615419,0.15398018,5002
Rubizhne,s2__composite__cire__post_winter_baseline,0.40594735236779206,0.5940526476322079,lower=damaged,853121.5,2.430018941713257e-11,0.2649346,0.30468214,5002
Rubizhne,s2__composite__mndwi__delta,0.5904752999799673,0.5904752999799673,higher=damaged,1240917.5,1.3313575060951355e-10,-0.16915464,-0.19243418,5002
Rubizhne,s2__composite__ndre__delta,0.41402422108941134,0.5859757789105886,lower=damaged,870095.5,1.033884898599807e-09,0.097728215,0.11074788,5002
Rubizhne,s2__composite__cire__delta,0.4145700069044047,0.5854299930955953,lower=damaged,871242.5,1.316751363112141e-09,0.21864724,0.25167552,5002
Rubizhne,s2__composite__b05__delta,0.5802559721197189,0.5802559721197189,higher=damaged,1219441.0,1.2122489060252512e-08,-0.06633502,-0.07470175,5002
Rubizhne,s2__composite__ndvi__prebattle_baseline,0.43246721359449203,0.567532786405508,lower=damaged,908854.5,1.6293945411067636e-06,0.07189149,0.07925087,5002
Rubizhne,s2__composite__ndvi__winter_baseline,0.43246721359449203,0.567532786405508,lower=damaged,908854.5,1.6293945411067636e-06,0.07189149,0.07925087,5002
Rubizhne,s2__composite__b08__post_winter_baseline,0.561641678051083,0.561641678051083,higher=damaged,1180322.0,1.2064550197088468e-05,0.2778154,0.27112988,5002
Rubizhne,s2__composite__ndre__prebattle_baseline,0.45056569962175663,0.5494343003782434,lower=damaged,946889.5,0.00044858164709696096,0.038425963,0.043232292,5002
Rubizhne,s2__composite__ndre__winter_baseline,0.45056569962175663,0.5494343003782434,lower=damaged,946889.5,0.00044858164709696096,0.038425963,0.043232292,5002
Rubizhne,s2__composite__cire__prebattle_baseline,0.45057355094341955,0.5494264490565804,lower=damaged,946906.0,0.00044952290145671597,0.046287376,0.053006597,5002
Rubizhne,s2__composite__cire__winter_baseline,0.45057355094341955,0.5494264490565804,lower=damaged,946906.0,0.00044952290145671597,0.046287376,0.053006597,5002
Rubizhne,s2__composite__b07__delta,0.546815527725396,0.546815527725396,higher=damaged,1149164.0,0.0008880279332888592,-0.023422236,-0.02771572,5002
Rubizhne,s2__composite__b04__prebattle_baseline,0.5460244475881454,0.5460244475881454,higher=damaged,1147501.5,0.001084536698585355,0.26261556,0.25727752,5002
Rubizhne,s2__composite__b04__winter_baseline,0.5460244475881454,0.5460244475881454,higher=damaged,1147501.5,0.001084536698585355,0.26261556,0.25727752,5002
Rubizhne,s2__composite__b07__post_winter_baseline,0.5438591482410422,0.5438591482410422,higher=damaged,1142951.0,0.0018463590428933444,0.26716614,0.26483706,5002
Rubizhne,s2__composite__b8a__delta,0.5433685595965276,0.5433685595965276,higher=damaged,1141920.0,0.0020765275340020937,-0.020699944,-0.024709294,5002
Rubizhne,s2__composite__b08__delta,0.5429724247308068,0.5429724247308068,higher=damaged,1141087.5,0.0022812747038304473,-0.025464986,-0.03033566,5002
Rubizhne,s2__composite__b12__prebattle_baseline,0.5409191851565291,0.5409191851565291,higher=damaged,1136772.5,0.003670625761121825,0.2355651,0.23349692,5002
Rubizhne,s2__composite__b12__winter_baseline,0.5409191851565291,0.5409191851565291,higher=damaged,1136772.5,0.003670625761121825,0.2355651,0.23349692,5002
Rubizhne,s2__composite__b03__prebattle_baseline,0.5372578521543788,0.5372578521543788,higher=damaged,1129078.0,0.008163896989392088,0.24430768,0.24025746,5002
Rubizhne,s2__composite__b03__winter_baseline,0.5372578521543788,0.5372578521543788,higher=damaged,1129078.0,0.008163896989392088,0.24430768,0.24025746,5002
Rubizhne,s2__composite__mndwi__prebattle_baseline,0.5368569589118924,0.5368569589118924,higher=damaged,1128235.5,0.008877067102483321,-0.010695309,-0.019446904,5002
Rubizhne,s2__composite__mndwi__winter_baseline,0.5368569589118924,0.5368569589118924,higher=damaged,1128235.5,0.008877067102483321,-0.010695309,-0.019446904,5002
Rubizhne,s2__composite__ndwi__prebattle_baseline,0.5341846545204342,0.5341846545204342,higher=damaged,1122619.5,0.015223234459484803,-0.10761952,-0.11292324,5002
Rubizhne,s2__composite__ndwi__winter_baseline,0.5341846545204342,0.5341846545204342,higher=damaged,1122619.5,0.015223234459484803,-0.10761952,-0.11292324,5002
Rubizhne,s2__composite__b8a__post_winter_baseline,0.5295057426469993,0.5295057426469993,higher=damaged,1112786.5,0.03618600873952417,0.27929255,0.2783096,5002
Rubizhne,s2__composite__b02__prebattle_baseline,0.5226603418322701,0.5226603418322701,higher=damaged,1098400.5,0.10765537176511508,0.23372671,0.23141891,5002
Rubizhne,s2__composite__b02__winter_baseline,0.5226603418322701,0.5226603418322701,higher=damaged,1098400.5,0.10765537176511508,0.23372671,0.23141891,5002
Rubizhne,s2__composite__b08__prebattle_baseline,0.5201933613982395,0.5201933613982395,higher=damaged,1093216.0,0.15166619850855087,0.30328035,0.30146557,5002
Rubizhne,s2__composite__b08__winter_baseline,0.5201933613982395,0.5201933613982395,higher=damaged,1093216.0,0.15166619850855087,0.30328035,0.30146557,5002
Rubizhne,s2__composite__ndbi__prebattle_baseline,0.4814851560057614,0.5185148439942386,lower=damaged,1011868.5,0.18867815563635693,-0.0966454,-0.093253635,5002
Rubizhne,s2__composite__ndbi__winter_baseline,0.4814851560057614,0.5185148439942386,lower=damaged,1011868.5,0.18867815563635693,-0.0966454,-0.093253635,5002
Rubizhne,s2__composite__b8a__prebattle_baseline,0.4844848367186805,0.5155151632813195,lower=damaged,1018172.5,0.2706668012187011,0.29999247,0.3030189,5002
Rubizhne,s2__composite__b8a__winter_baseline,0.4844848367186805,0.5155151632813195,lower=damaged,1018172.5,0.2706668012187011,0.29999247,0.3030189,5002
Rubizhne,s2__composite__b11__prebattle_baseline,0.5115495320850207,0.5115495320850207,higher=damaged,1075050.5,0.4122295015641101,0.24687795,0.24670222,5002
Rubizhne,s2__composite__b11__winter_baseline,0.5115495320850207,0.5115495320850207,higher=damaged,1075050.5,0.4122295015641101,0.24687795,0.24670222,5002
Rubizhne,s2__composite__ndbi__delta,0.5109176196505734,0.5109176196505734,higher=damaged,1073722.5,0.4382734868716808,0.080881,0.07550212,5002
Rubizhne,s2__visibility__clear__freq__crossbattle,0.5093180913008784,0.5093180913008784,higher=damaged,1070361.0,0.011501401058965625,0.99676025,0.9874422,5002
Rubizhne,s2__composite__b07__prebattle_baseline,0.49180179267086255,0.5081982073291375,lower=damaged,1033549.5,0.560540258471342,0.29058838,0.2925528,5002
Rubizhne,s2__composite__b07__winter_baseline,0.49180179267086255,0.5081982073291375,lower=damaged,1033549.5,0.560540258471342,0.29058838,0.2925528,5002
Rubizhne,s2__composite__ndbi__post_winter_baseline,0.5066969394596482,0.5066969394596482,higher=damaged,1064852.5,0.6344646630857684,-0.015764393,-0.017751519,5002
Rubizhne,s2__visibility__cloud__freq__crossbattle,0.49334731344427013,0.5066526865557299,lower=damaged,1036797.5,0.03175825965046641,0.0021598272,0.008812514,5002
Rubizhne,s2__qa__cloud_freq__crossbattle,0.4938086380716774,0.5061913619283226,lower=damaged,1037767.0,0.06846588419774303,0.0024298057,0.008895131,5002
Rubizhne,s2__composite__b05__prebattle_baseline,0.5060262462545627,0.5060262462545627,higher=damaged,1063443.0,0.6687716974686129,0.2780772,0.27825046,5002
Rubizhne,s2__composite__b05__winter_baseline,0.5060262462545627,0.5060262462545627,higher=damaged,1063443.0,0.6687716974686129,0.2780772,0.27825046,5002
Rubizhne,s2__qa__cloud_freq__postbattle,0.49705075808079435,0.5029492419192056,lower=damaged,1044580.5,0.7898431241463972,0.11969042,0.12080487,5002
Rubizhne,s2__visibility__fire__freq__crossbattle,0.49733459525485146,0.5026654047451485,lower=damaged,1045177.0,0.1899907532593048,0.0010799136,0.0037453184,5002
Rubizhne,s2__visibility__clear__freq__postbattle,0.5018517223182621,0.5018517223182621,higher=damaged,1054670.0,0.8652432125282487,0.8797696,0.8791217,5002
Rubizhne,s2__obs_count__post_winter_baseline,0.501748941380129,0.501748941380129,higher=damaged,1054454.0,0.8750889690127635,1.2980561,1.2945583,5002
Rubizhne,s2__obs_count__delta,0.501748941380129,0.501748941380129,higher=damaged,1054454.0,0.8750889690127635,-0.7019438,-0.7054417,5002
Rubizhne,s2__visibility__clear__freq__prebattle,0.5013442414362305,0.5013442414362305,higher=damaged,1053603.5,0.4154629336105884,0.999568,0.99889845,5002
Rubizhne,s2__visibility__cloud__freq__postbattle,0.4988579895762999,0.5011420104237001,lower=damaged,1048378.5,0.9167006386702222,0.12023036,0.12062128,5002
Rubizhne,s2__visibility__fire__freq__prebattle,0.49944921788940294,0.500550782110597,lower=damaged,1049621.0,0.47514253864364797,0.0,0.00030843797,5002
Rubizhne,s2__visibility__smoke__freq__prebattle,0.4996695307336418,0.5003304692663582,lower=damaged,1050084.0,0.5803331769900552,0.0,0.0001321877,5002
Rubizhne,s2__visibility__cloud__freq__prebattle,0.4998681929635979,0.500131807036402,lower=damaged,1050501.5,0.9122184621552668,0.00043196545,0.00048468827,5002
Rubizhne,s2__visibility__fire__freq__postbattle,0.4998898435778806,0.5001101564221194,lower=damaged,1050547.0,0.7499599553447831,0.0,7.3437615e-05,5002
Rubizhne,s2__qa__cloud_freq__prebattle,0.4998898435778806,0.5001101564221194,lower=damaged,1050547.0,0.7499599553447831,0.0,1.10156425e-05,5002
Rubizhne,s2__visibility__smoke__freq__crossbattle,0.5,0.5,higher=damaged,1050778.5,1.0,0.0,0.0,5002
Rubizhne,s2__visibility__smoke__freq__postbattle,0.5,0.5,higher=damaged,1050778.5,1.0,0.0,0.0,5002
Rubizhne,s2__obs_count__prebattle_baseline,0.5,0.5,higher=damaged,1050778.5,1.0,2.0,2.0,5002
Rubizhne,s2__obs_count__winter_baseline,0.5,0.5,higher=damaged,1050778.5,1.0,2.0,2.0,5002
Sievierodonetsk,s2__composite__ndvi__post_winter_baseline,0.27187191329796967,0.7281280867020303,lower=damaged,594529.5,3.5243131306109796e-69,0.10403176,0.17019214,4418
Sievierodonetsk,s2__composite__ndwi__post_winter_baseline,0.7248872782147432,0.7248872782147432,higher=damaged,1585183.5,2.795146690374839e-67,-0.13095786,-0.1911212,4418
Sievierodonetsk,s2__composite__mndwi__post_winter_baseline,0.7142306109383574,0.7142306109383574,higher=damaged,1561879.5,3.17383901063597e-61,-0.15907465,-0.20553927,4418
Sievierodonetsk,s2__composite__ndvi__prebattle_baseline,0.2906600969453082,0.7093399030546919,lower=damaged,635615.5,1.5233837456782388e-58,0.084275834,0.1259127,4418
Sievierodonetsk,s2__composite__ndwi__prebattle_baseline,0.708303228461679,0.708303228461679,higher=damaged,1548917.5,5.536679954037744e-58,-0.12506145,-0.17286612,4418
Sievierodonetsk,s2__composite__ndvi__winter_baseline,0.2967050027437352,0.7032949972562648,lower=damaged,648834.5,2.581530493927298e-55,0.08772218,0.1300377,4418
Sievierodonetsk,s2__composite__mndwi__prebattle_baseline,0.7004755807572708,0.7004755807572708,higher=damaged,1531800.0,7.688697087628188e-54,-0.17567387,-0.22583847,4418
Sievierodonetsk,s2__composite__ndwi__winter_baseline,0.700114093652826,0.700114093652826,higher=damaged,1531009.5,1.1840212834853014e-53,-0.1282932,-0.17604482,4418
Sievierodonetsk,s2__composite__ndre__post_winter_baseline,0.3019601701115786,0.6980398298884214,lower=damaged,660326.5,1.3893492259517845e-52,0.0862893,0.12516254,4418
Sievierodonetsk,s2__composite__cire__post_winter_baseline,0.3033457563563197,0.6966542436436802,lower=damaged,663356.5,7.096399643393217e-52,0.15331815,0.23385175,4418
Sievierodonetsk,s2__composite__b12__delta,0.6902764313151637,0.6902764313151637,higher=damaged,1509496.5,1.1153519084347596e-48,-0.030891305,-0.04351889,4418
Sievierodonetsk,s2__composite__mndwi__winter_baseline,0.6881363179074447,0.6881363179074447,higher=damaged,1504816.5,1.2490308483290221e-47,-0.16486728,-0.21526945,4418
Sievierodonetsk,s2__composite__b02__post_winter_baseline,0.6784644229010426,0.6784644229010426,higher=damaged,1483666.0,4.9143055601387505e-43,0.17132044,0.15405272,4418
Sievierodonetsk,s2__composite__ndre__prebattle_baseline,0.3220209895738065,0.6779790104261936,lower=damaged,704195.5,8.236626234710673e-43,0.06716426,0.09259937,4418
Sievierodonetsk,s2__composite__ndvi__delta,0.32633688494603985,0.6736631150539601,lower=damaged,713633.5,7.643673484315229e-41,0.019755917,0.044279452,4418
Sievierodonetsk,s2__composite__b11__delta,0.6710947503201024,0.6710947503201024,higher=damaged,1467550.0,1.0752358198564438e-39,-0.033332866,-0.043746542,4418
Sievierodonetsk,s2__composite__cire__prebattle_baseline,0.33104056155112493,0.6689594384488751,lower=damaged,723919.5,9.402160873298557e-39,0.09495859,0.13323887,4418
Sievierodonetsk,s2__composite__cire__delta,0.3320118437900128,0.6679881562099872,lower=damaged,726043.5,2.498719845660492e-38,0.058359563,0.10061288,4418
Sievierodonetsk,s2__composite__ndre__winter_baseline,0.33696657216023407,0.6630334278397659,lower=damaged,736878.5,3.353476898794957e-36,0.070253104,0.094139,4418
Sievierodonetsk,s2__composite__cire__winter_baseline,0.34252949515273456,0.6574705048472654,lower=damaged,749043.5,6.909927663639945e-34,0.10059459,0.13825403,4418
Sievierodonetsk,s2__composite__ndre__delta,0.343414807023962,0.656585192976038,lower=damaged,750979.5,1.5864178219871718e-33,0.019125039,0.03256318,4418
Sievierodonetsk,s2__composite__b04__post_winter_baseline,0.6529776385586246,0.6529776385586246,higher=damaged,1427931.5,4.4716038210404323e-32,0.1910528,0.1733415,4418
Sievierodonetsk,s2__composite__b03__post_winter_baseline,0.6442182641302359,0.6442182641302359,higher=damaged,1408776.5,1.0778903118074708e-28,0.1808118,0.1656219,4418
Sievierodonetsk,s2__composite__b11__winter_baseline,0.359989939637827,0.640010060362173,lower=damaged,787226.0,3.868888053985734e-27,0.2756699,0.2919904,4418
Sievierodonetsk,s2__composite__b04__delta,0.6397679257362356,0.6397679257362356,higher=damaged,1399044.5,4.7389106735962196e-27,-0.024115648,-0.03226703,4418
Sievierodonetsk,s2__composite__b11__prebattle_baseline,0.36933098591549296,0.630669014084507,lower=damaged,807653.0,7.541162845100459e-24,0.27965862,0.29356897,4418
Sievierodonetsk,s2__composite__ndbi__delta,0.6196504024144869,0.6196504024144869,higher=damaged,1355051.5,2.961858150862985e-20,-0.023313735,-0.040979482,4418
Sievierodonetsk,s2__composite__b8a__winter_baseline,0.3809504755807573,0.6190495244192427,lower=damaged,833062.5,4.5567314695287756e-20,0.26420787,0.2762695,4418
Sievierodonetsk,s2__composite__ndwi__delta,0.6188231662703493,0.6188231662703493,higher=damaged,1353242.5,5.356654993227096e-20,-0.005896408,-0.018255085,4418
Sievierodonetsk,s2__composite__b02__prebattle_baseline,0.616284753978416,0.616284753978416,higher=damaged,1347691.5,3.2182885838998875e-19,0.18427747,0.17145492,4418
Sievierodonetsk,s2__composite__b8a__prebattle_baseline,0.38502995244192423,0.6149700475580757,lower=damaged,841983.5,8.025957028595427e-19,0.25927094,0.27002934,4418
Sievierodonetsk,s2__composite__b8a__post_winter_baseline,0.38598865922809583,0.6140113407719041,lower=damaged,844080.0,1.5528277918450636e-18,0.23945457,0.25048468,4418
Sievierodonetsk,s2__composite__b08__winter_baseline,0.3869334186939821,0.6130665813060179,lower=damaged,846146.0,2.95997287029123e-18,0.25839958,0.27105466,4418
Sievierodonetsk,s2__composite__b08__prebattle_baseline,0.39523641851106645,0.6047635814889336,lower=damaged,864303.0,6.851194553872381e-16,0.25454018,0.26473328,4418
Sievierodonetsk,s2__composite__b12__winter_baseline,0.4001586793488202,0.5998413206511798,lower=damaged,875067.0,1.42796843689201e-14,0.2537111,0.26358226,4418
Sievierodonetsk,s2__composite__b02__winter_baseline,0.5958260929211634,0.5958260929211634,higher=damaged,1302952.5,1.5312852968672152e-13,0.18531336,0.17371455,4418
Sievierodonetsk,s2__composite__b08__post_winter_baseline,0.405848271446863,0.594151728553137,lower=damaged,887509.0,4.005232668047079e-13,0.23536876,0.24508068,4418
Sievierodonetsk,s2__composite__ndbi__post_winter_baseline,0.5925299524419243,0.5925299524419243,higher=damaged,1295744.5,1.0007135854922286e-12,0.028682081,0.014475967,4418
Sievierodonetsk,s2__composite__b12__prebattle_baseline,0.40793442473019936,0.5920655752698006,lower=damaged,892071.0,1.2970413753793432e-12,0.25906122,0.2676216,4418
Sievierodonetsk,s2__composite__b05__delta,0.5913933601609658,0.5913933601609658,higher=damaged,1293259.0,1.883847264789284e-12,-0.025499878,-0.030003326,4418
Sievierodonetsk,s2__composite__b07__post_winter_baseline,0.4103987561734041,0.5896012438265958,lower=damaged,897460.0,5.03024444517504e-12,0.23127744,0.23872419,4418
Sievierodonetsk,s2__composite__b03__prebattle_baseline,0.5893284708249497,0.5893284708249497,higher=damaged,1288743.5,5.831731221755587e-12,0.19827636,0.1868477,4418
Sievierodonetsk,s2__composite__b07__winter_baseline,0.4116226906895921,0.5883773093104079,lower=damaged,900136.5,9.732574166055612e-12,0.2520879,0.25964808,4418
Sievierodonetsk,s2__composite__b07__prebattle_baseline,0.4231644411926102,0.5768355588073898,lower=damaged,925376.0,3.2001480633396698e-09,0.24771266,0.25349435,4418
Sievierodonetsk,s2__composite__b02__delta,0.5715239162246204,0.5715239162246204,higher=damaged,1249808.5,3.55447891539102e-08,-0.012957042,-0.017402206,4418
Sievierodonetsk,s2__composite__b03__winter_baseline,0.5675400128040974,0.5675400128040974,higher=damaged,1241096.5,1.9434608514443333e-07,0.19978657,0.18986529,4418
Sievierodonetsk,s2__composite__b05__post_winter_baseline,0.561689226266691,0.561689226266691,higher=damaged,1228302.0,1.9962887138778983e-06,0.20158899,0.19440342,4418
Sievierodonetsk,s2__composite__b04__prebattle_baseline,0.5572923907078836,0.5572923907078836,higher=damaged,1218687.0,1.01020924334348e-05,0.21516843,0.20560852,4418
Sievierodonetsk,s2__composite__b11__post_winter_baseline,0.44752400768245837,0.5524759923175416,lower=damaged,978645.5,5.258706605002612e-05,0.24632575,0.24982241,4418
Sievierodonetsk,s2__composite__b03__delta,0.5516643040058533,0.5516643040058533,higher=damaged,1206379.5,6.854745362634282e-05,-0.017464569,-0.0212258,4418
Sievierodonetsk,s2__composite__b04__winter_baseline,0.5404341960856045,0.5404341960856045,higher=damaged,1181821.5,0.0018340219709644808,0.21676837,0.2085908,4418
Sievierodonetsk,s2__composite__mndwi__delta,0.46052382476678255,0.5394761752332174,lower=damaged,1007073.5,0.002349763564574191,0.016599229,0.020299187,4418
Sievierodonetsk,s2__composite__b07__delta,0.46098705871593193,0.5390129412840681,lower=damaged,1008086.5,0.0026440587709260634,-0.016435197,-0.014770172,4418
Sievierodonetsk,s2__composite__ndbi__winter_baseline,0.4823520669471374,0.5176479330528626,lower=damaged,1054807.5,0.17384729751712258,0.0375739,0.04113859,4418
Sievierodonetsk,s2__composite__ndbi__prebattle_baseline,0.483524556429486,0.516475443570514,lower=damaged,1057371.5,0.20422993025051073,0.051995818,0.05545545,4418
Sievierodonetsk,s2__composite__b12__post_winter_baseline,0.515918922626669,0.515918922626669,higher=damaged,1128211.5,0.21993300112482372,0.22816993,0.22410272,4418
Sievierodonetsk,s2__composite__b8a__delta,0.4848568684836291,0.5151431315163709,lower=damaged,1060285.0,0.2432413642408413,-0.019816356,-0.019544648,4418
Sievierodonetsk,s2__composite__b05__winter_baseline,0.48818296140479234,0.5118170385952077,lower=damaged,1067558.5,0.36249980130625414,0.22990417,0.22884016,4418
Sievierodonetsk,s2__visibility__clear__freq__postbattle,0.5115076824583866,0.5115076824583866,higher=damaged,1118565.0,0.011620499614242432,0.9962588,0.9933766,4418
Sievierodonetsk,s2__visibility__cloud__freq__postbattle,0.48993529357965976,0.5100647064203403,lower=damaged,1071390.5,0.01752900863470401,0.0024207747,0.005162338,4418
Sievierodonetsk,s2__qa__cloud_freq__postbattle,0.49006584964331446,0.5099341503566855,lower=damaged,1071676.0,0.021587592257153638,0.00253081,0.0047727274,4418
Sievierodonetsk,s2__composite__b08__delta,0.49079751234680813,0.5092024876531919,lower=damaged,1073276.0,0.4782420182236694,-0.019171435,-0.019652624,4418
Sievierodonetsk,s2__qa__cloud_freq__prebattle,0.5052851198097678,0.5052851198097678,higher=damaged,1104957.5,0.6281773316385747,0.06257335,0.061309524,4418
Sievierodonetsk,s2__composite__b05__prebattle_baseline,0.5052021218218401,0.5052021218218401,higher=damaged,1104776.0,0.6885219329977184,0.22708887,0.22440673,4418
Sievierodonetsk,s2__visibility__cloud__freq__prebattle,0.5045207609292117,0.5045207609292117,higher=damaged,1103286.0,0.6767601044744489,0.06690141,0.064199135,4418
Sievierodonetsk,s2__obs_count__delta,0.5037742363270533,0.5037742363270533,higher=damaged,1101653.5,0.7224255806785835,-2.6637323,-2.675065,4418
Sievierodonetsk,s2__obs_count__post_winter_baseline,0.5033331809036035,0.5033331809036035,higher=damaged,1100689.0,0.15679936558913413,1.9947183,1.9880519,4418
Sievierodonetsk,s2__visibility__clear__freq__prebattle,0.49698943661971834,0.5030105633802817,lower=damaged,1086816.5,0.782474614394241,0.93192494,0.932987,4418
Sievierodonetsk,s2__visibility__fire__freq__prebattle,0.49837936711176156,0.5016206328882384,lower=damaged,1089856.0,0.3636325913975884,0.00058685447,0.0018614718,4418
Sievierodonetsk,s2__obs_count__winter_baseline,0.49855862447411736,0.5014413755258826,lower=damaged,1090248.0,0.8909976132832926,3.6584506,3.6633766,4418
Sievierodonetsk,s2__obs_count__prebattle_baseline,0.4986002377903786,0.5013997622096213,lower=damaged,1090339.0,0.8941311367904011,4.6584506,4.663117,4418
Sievierodonetsk,s2__visibility__fire__freq__postbattle,0.49891027986098413,0.5010897201390159,lower=damaged,1091017.0,0.5096041761639458,0.0013204225,0.0012662337,4418
Sievierodonetsk,s2__visibility__smoke__freq__prebattle,0.49942152917505034,0.5005784708249497,lower=damaged,1092135.0,0.7015457598500474,0.00058685447,0.00095238106,4418
Sievierodonetsk,s2__visibility__clear__freq__crossbattle,0.5003896103896104,0.5003896103896104,higher=damaged,1094252.0,0.5060248443902632,1.0,0.9992208,4418
Sievierodonetsk,s2__visibility__fire__freq__crossbattle,0.4996103896103896,0.5003896103896104,lower=damaged,1092548.0,0.5060248443902632,0.0,0.0007792208,4418
Sievierodonetsk,s2__visibility__smoke__freq__postbattle,0.49974025974025976,0.5002597402597402,lower=damaged,1092832.0,0.5872798646599824,0.0,9.74026e-05,4418
Sievierodonetsk,s2__qa__cloud_freq__crossbattle,0.5,0.5,higher=damaged,1093400.0,1.0,0.0,0.0,4418
Sievierodonetsk,s2__visibility__cloud__freq__crossbattle,0.5,0.5,higher=damaged,1093400.0,1.0,0.0,0.0,4418
Sievierodonetsk,s2__visibility__smoke__freq__crossbattle,0.5,0.5,higher=damaged,1093400.0,1.0,0.0,0.0,4418
Trostianets,s2__composite__b02__post_winter_baseline,0.5975723622782446,0.5975723622782446,higher=damaged,1280.0,0.19343305816942602,0.16914411,0.16055246,143
Trostianets,s2__composite__ndwi__delta,0.5933706816059757,0.5933706816059757,higher=damaged,1271.0,0.2133703155881953,-0.116085716,-0.13635373,143
Trostianets,s2__composite__ndwi__post_winter_baseline,0.5905695611577965,0.5905695611577965,higher=damaged,1265.0,0.2274601989004733,-0.1572274,-0.17168687,143
Trostianets,s2__composite__cire__post_winter_baseline,0.4225023342670402,0.5774976657329598,lower=damaged,905.0,0.3019403282391817,0.1412722,0.15548213,143
Trostianets,s2__composite__mndwi__post_winter_baseline,0.5742296918767508,0.5742296918767508,higher=damaged,1230.0,0.32284913751632316,-0.20763981,-0.2197635,143
Trostianets,s2__composite__ndre__delta,0.42623716153127916,0.5737628384687208,lower=damaged,913.0,0.3259114109906145,0.10081387,0.1114151,143
Trostianets,s2__qa__cloud_freq__postbattle,0.43253968253968256,0.5674603174603174,lower=damaged,926.5,0.1095271748852123,0.0,0.02420635,143
Trostianets,s2__composite__cire__delta,0.4341736694677871,0.5658263305322129,lower=damaged,930.0,0.3808410823556958,0.1508391,0.1608247,143
Trostianets,s2__visibility__clear__freq__postbattle,0.5634920634920635,0.5634920634920635,higher=damaged,1207.0,0.1219358025116755,1.0,0.96984136,143
Trostianets,s2__composite__ndre__post_winter_baseline,0.43977591036414565,0.5602240896358543,lower=damaged,942.0,0.42284257484672705,0.09837008,0.1055763,143
Trostianets,s2__visibility__cloud__freq__postbattle,0.44047619047619047,0.5595238095238095,lower=damaged,943.5,0.13556523519613334,0.0,0.023809526,143
Trostianets,s2__composite__b11__post_winter_baseline,0.44677871148459386,0.5532212885154062,lower=damaged,957.0,0.47898302515876856,0.2597916,0.25972256,143
Trostianets,s2__composite__ndre__prebattle_baseline,0.5527544351073762,0.5527544351073762,higher=damaged,1184.0,0.48286512891223077,-0.0024437911,-0.0058388025,143
Trostianets,s2__composite__ndre__winter_baseline,0.5527544351073762,0.5527544351073762,higher=damaged,1184.0,0.48286512891223077,-0.0024437911,-0.0058388025,143
Trostianets,s2__composite__ndbi__prebattle_baseline,0.4514472455648927,0.5485527544351073,lower=damaged,967.0,0.5185606648574308,-0.34838936,-0.3422843,143
Trostianets,s2__composite__ndbi__winter_baseline,0.4514472455648927,0.5485527544351073,lower=damaged,967.0,0.5185606648574308,-0.34838936,-0.3422843,143
Trostianets,s2__composite__ndvi__post_winter_baseline,0.45378151260504207,0.5462184873949579,lower=damaged,972.0,0.5389649495805711,0.12843686,0.13621551,143
Trostianets,s2__composite__b08__post_winter_baseline,0.4556489262371616,0.5443510737628384,lower=damaged,976.0,0.5555727592379673,0.23918971,0.23683423,143
Trostianets,s2__composite__b12__prebattle_baseline,0.4556489262371616,0.5443510737628384,lower=damaged,976.0,0.5555731648071691,0.1933897,0.19666077,143
Trostianets,s2__composite__b12__winter_baseline,0.4556489262371616,0.5443510737628384,lower=damaged,976.0,0.5555731648071691,0.1933897,0.19666077,143
Trostianets,s2__composite__b11__prebattle_baseline,0.4579831932773109,0.5420168067226891,lower=damaged,981.0,0.5766786034000169,0.19557711,0.19926003,143
Trostianets,s2__composite__b11__winter_baseline,0.4579831932773109,0.5420168067226891,lower=damaged,981.0,0.5766786034000169,0.19557711,0.19926003,143
Trostianets,s2__composite__b12__post_winter_baseline,0.4593837535014006,0.5406162464985994,lower=damaged,984.0,0.5895206895101675,0.24370155,0.24319474,143
Trostianets,s2__composite__ndvi__delta,0.4603174603174603,0.5396825396825398,lower=damaged,986.0,0.5981546698531777,0.09799351,0.104294926,143
Trostianets,s2__composite__ndvi__prebattle_baseline,0.46218487394957986,0.5378151260504201,lower=damaged,990.0,0.6155925056093274,0.030443367,0.03192059,143
Trostianets,s2__composite__ndvi__winter_baseline,0.46218487394957986,0.5378151260504201,lower=damaged,990.0,0.6155925056093274,0.030443367,0.03192059,143
Trostianets,s2__composite__mndwi__prebattle_baseline,0.5368814192343604,0.5368814192343604,higher=damaged,1150.0,0.6243943660539033,0.311929,0.3105883,143
Trostianets,s2__composite__mndwi__winter_baseline,0.5368814192343604,0.5368814192343604,higher=damaged,1150.0,0.6243943660539033,0.311929,0.3105883,143
Trostianets,s2__composite__b03__post_winter_baseline,0.5364145658263305,0.5364145658263305,higher=damaged,1149.0,0.6288152317965314,0.17233309,0.16730966,143
Trostianets,s2__composite__b05__post_winter_baseline,0.46405228758169936,0.5359477124183006,lower=damaged,994.0,0.6332501521838054,0.19804692,0.19418402,143
Trostianets,s2__obs_count__delta,0.46591970121381887,0.5340802987861811,lower=damaged,998.0,0.34664397006633996,0.88235295,0.95238096,143
Trostianets,s2__composite__b04__post_winter_baseline,0.4668534080298786,0.5331465919701214,lower=damaged,1000.0,0.6601303904617493,0.18488383,0.18012047,143
Trostianets,s2__composite__b8a__post_winter_baseline,0.47012138188608776,0.5298786181139122,lower=damaged,1007.0,0.692052133439101,0.24107179,0.2397619,143
Trostianets,s2__composite__b07__post_winter_baseline,0.4710550887021475,0.5289449112978525,lower=damaged,1009.0,0.701277161877311,0.22513135,0.22384742,143
Trostianets,s2__composite__mndwi__delta,0.5289449112978525,0.5289449112978525,higher=damaged,1133.0,0.701277161877311,-0.51956874,-0.5303517,143
Trostianets,s2__composite__b11__delta,0.5280112044817927,0.5280112044817927,higher=damaged,1131.0,0.7105464396637321,0.06421452,0.06046255,143
Trostianets,s2__obs_count__post_winter_baseline,0.472922502334267,0.527077497665733,lower=damaged,1013.0,0.41684481185276057,3.8823528,3.936508,143
Trostianets,s2__composite__cire__prebattle_baseline,0.4738562091503268,0.5261437908496732,lower=damaged,1015.0,0.7292127761007565,-0.00956691,-0.0053425883,143
Trostianets,s2__composite__cire__winter_baseline,0.4738562091503268,0.5261437908496732,lower=damaged,1015.0,0.7292127761007565,-0.00956691,-0.0053425883,143
Trostianets,s2__composite__b07__prebattle_baseline,0.4743230625583567,0.5256769374416432,lower=damaged,1016.0,0.7339050601559487,0.43671682,0.43403122,143
Trostianets,s2__composite__b07__winter_baseline,0.4743230625583567,0.5256769374416432,lower=damaged,1016.0,0.7339050601559487,0.43671682,0.43403122,143
Trostianets,s2__visibility__fire__freq__crossbattle,0.5254435107376284,0.5254435107376284,higher=damaged,1125.5,0.09774243141524051,0.029411765,0.003968254,143
Trostianets,s2__composite__b02__delta,0.5252100840336136,0.5252100840336136,higher=damaged,1125.0,0.7386073037691238,-0.23416322,-0.24281576,143
Trostianets,s2__composite__b12__delta,0.5247432306255836,0.5247432306255836,higher=damaged,1124.0,0.7433193447571222,0.050311852,0.046534,143
Trostianets,s2__composite__b8a__delta,0.47619047619047616,0.5238095238095238,lower=damaged,1020.0,0.7527719192658473,-0.1978146,-0.19161099,143
Trostianets,s2__composite__b05__prebattle_baseline,0.47759103641456585,0.5224089635854341,lower=damaged,1023.0,0.7670207577842805,0.4414387,0.43775868,143
Trostianets,s2__composite__b05__winter_baseline,0.47759103641456585,0.5224089635854341,lower=damaged,1023.0,0.7670207577842805,0.4414387,0.43775868,143
Trostianets,s2__visibility__clear__freq__crossbattle,0.4785247432306256,0.5214752567693743,lower=damaged,1025.0,0.25292390780686,0.9705882,0.99206346,143
Trostianets,s2__composite__b08__prebattle_baseline,0.4799253034547152,0.5200746965452848,lower=damaged,1028.0,0.7909419551891228,0.42121473,0.41741687,143
Trostianets,s2__composite__b08__winter_baseline,0.4799253034547152,0.5200746965452848,lower=damaged,1028.0,0.7909419551891228,0.42121473,0.41741687,143
Trostianets,s2__composite__ndbi__delta,0.5186741363211951,0.5186741363211951,higher=damaged,1111.0,0.8053917165126846,0.40087312,0.3925727,143
Trostianets,s2__composite__ndwi__prebattle_baseline,0.5182072829131653,0.5182072829131653,higher=damaged,1110.0,0.8102233063934763,-0.041141685,-0.03533313,143
Trostianets,s2__composite__ndwi__winter_baseline,0.5182072829131653,0.5182072829131653,higher=damaged,1110.0,0.8102233063934763,-0.041141685,-0.03533313,143
Trostianets,s2__composite__b03__delta,0.5168067226890756,0.5168067226890756,higher=damaged,1107.0,0.8247608181617176,-0.21401396,-0.22152998,143
Trostianets,s2__visibility__clear__freq__prebattle,0.5158730158730158,0.5158730158730158,higher=damaged,1105.0,0.4644595898253393,1.0,0.9880952,143
Trostianets,s2__composite__b03__prebattle_baseline,0.4850606909430439,0.5149393090569561,lower=damaged,1039.0,0.8442372138464218,0.38634706,0.38883957,143
Trostianets,s2__composite__b03__winter_baseline,0.4850606909430439,0.5149393090569561,lower=damaged,1039.0,0.8442372138464218,0.38634706,0.38883957,143
Trostianets,s2__composite__ndbi__post_winter_baseline,0.48552754435107376,0.5144724556489262,lower=damaged,1040.0,0.8491217230707053,0.052483775,0.050288484,143
Trostianets,s2__composite__b8a__prebattle_baseline,0.49066293183940246,0.5093370681605975,lower=damaged,1051.0,0.9031932866891101,0.4388864,0.43137288,143
Trostianets,s2__composite__b8a__winter_baseline,0.49066293183940246,0.5093370681605975,lower=damaged,1051.0,0.9031932866891101,0.4388864,0.43137288,143
Trostianets,s2__composite__b05__delta,0.5093370681605975,0.5093370681605975,higher=damaged,1091.0,0.9031933855212827,-0.2433918,-0.24357465,143
Trostianets,s2__obs_count__prebattle_baseline,0.5079365079365079,0.5079365079365079,higher=damaged,1088.0,0.6128784811287964,3.0,2.984127,143
Trostianets,s2__obs_count__winter_baseline,0.5079365079365079,0.5079365079365079,higher=damaged,1088.0,0.6128784811287964,3.0,2.984127,143
Trostianets,s2__composite__b04__delta,0.5051353874883286,0.5051353874883286,higher=damaged,1082.0,0.9477821394386716,-0.21011764,-0.21168768,143
Trostianets,s2__visibility__cloud__freq__crossbattle,0.49603174603174605,0.503968253968254,lower=damaged,1062.5,0.7295616809724486,0.0,0.003968254,143
Trostianets,s2__visibility__fire__freq__postbattle,0.49603174603174605,0.503968253968254,lower=damaged,1062.5,0.7295616809724486,0.0,0.0031746032,143
Trostianets,s2__visibility__fire__freq__prebattle,0.49603174603174605,0.503968253968254,lower=damaged,1062.5,0.7295616809724486,0.0,0.003968254,143
Trostianets,s2__composite__b07__delta,0.5032679738562091,0.5032679738562091,higher=damaged,1078.0,0.9676604074185176,-0.21158549,-0.21018375,143
Trostianets,s2__composite__b08__delta,0.49906629318394025,0.5009337068160598,lower=damaged,1069.0,0.992535081443354,-0.18202499,-0.18058266,143
Trostianets,s2__composite__b02__prebattle_baseline,0.5002334267040149,0.5002334267040149,higher=damaged,1071.5,1.0,0.40330735,0.40336823,143
Trostianets,s2__composite__b02__winter_baseline,0.5002334267040149,0.5002334267040149,higher=damaged,1071.5,1.0,0.40330735,0.40336823,143
Trostianets,s2__qa__cloud_freq__crossbattle,0.5,0.5,higher=damaged,1071.0,1.0,0.0,0.0,143
Trostianets,s2__visibility__smoke__freq__crossbattle,0.5,0.5,higher=damaged,1071.0,1.0,0.0,0.0,143
Trostianets,s2__visibility__smoke__freq__postbattle,0.5,0.5,higher=damaged,1071.0,1.0,0.0,0.0,143
Trostianets,s2__qa__cloud_freq__prebattle,0.5,0.5,higher=damaged,1071.0,1.0,0.0,0.0,143
Trostianets,s2__visibility__cloud__freq__prebattle,0.5,0.5,higher=damaged,1071.0,1.0,0.0,0.0,143
Trostianets,s2__visibility__smoke__freq__prebattle,0.5,0.5,higher=damaged,1071.0,1.0,0.0,0.0,143
Trostianets,s2__composite__b04__prebattle_baseline,0.5,0.5,higher=damaged,1071.0,1.0,0.39500147,0.39180812,143
Trostianets,s2__composite__b04__winter_baseline,0.5,0.5,higher=damaged,1071.0,1.0,0.39500147,0.39180812,143
Volnovakha,s2__composite__b11__delta,0.6473842678421841,0.6473842678421841,higher=damaged,188567.5,1.4746809089154052e-10,0.00010319636,-0.008308639,1848
Volnovakha,s2__obs_count__delta,0.6419993408313763,0.6419993408313763,higher=damaged,186999.0,3.6724439317985125e-12,0.6436782,0.31660694,1848
Volnovakha,s2__qa__cloud_freq__prebattle,0.6268418956591,0.6268418956591,higher=damaged,182584.0,5.187907854884814e-10,0.117337175,0.07646356,1848
Volnovakha,s2__obs_count__prebattle_baseline,0.3754171301446051,0.6245828698553949,lower=damaged,109350.0,2.6653287524949607e-10,3.3448277,3.5937874,1848
Volnovakha,s2__obs_count__winter_baseline,0.3754171301446051,0.6245828698553949,lower=damaged,109350.0,2.6653287524949607e-10,3.3448277,3.5937874,1848
Volnovakha,s2__composite__b11__prebattle_baseline,0.3762187753196281,0.6237812246803719,lower=damaged,109583.5,7.376634218350689e-08,0.25172755,0.25778225,1848
Volnovakha,s2__composite__b11__winter_baseline,0.3762187753196281,0.6237812246803719,lower=damaged,109583.5,7.376634218350689e-08,0.25172755,0.25778225,1848
Volnovakha,s2__visibility__cloud__freq__prebattle,0.6145133824963265,0.6145133824963265,higher=damaged,178993.0,1.0577527951043195e-08,0.11590038,0.076762244,1848
Volnovakha,s2__visibility__clear__freq__prebattle,0.3866933767286011,0.6133066232713988,lower=damaged,112634.5,1.5473953901725334e-08,0.88409966,0.92214245,1848
Volnovakha,s2__composite__b05__prebattle_baseline,0.4100595311663165,0.5899404688336836,lower=damaged,119440.5,9.214265749195842e-05,0.20972253,0.212459,1848
Volnovakha,s2__composite__b05__winter_baseline,0.4100595311663165,0.5899404688336836,lower=damaged,119440.5,9.214265749195842e-05,0.20972253,0.212459,1848
Volnovakha,s2__composite__ndbi__delta,0.5856472898556695,0.5856472898556695,higher=damaged,170585.0,0.00019629245366592295,-0.021876505,-0.034519147,1848
Volnovakha,s2__composite__ndbi__prebattle_baseline,0.41527794943627355,0.5847220505637265,lower=damaged,120960.5,0.00023004173315186596,-0.009659362,0.002135625,1848
Volnovakha,s2__composite__ndbi__winter_baseline,0.41527794943627355,0.5847220505637265,lower=damaged,120960.5,0.00023004173315186596,-0.009659362,0.002135625,1848
Volnovakha,s2__composite__mndwi__delta,0.4177086337357009,0.5822913662642991,lower=damaged,121668.5,0.00034645827391633635,-0.021871427,-0.0067994343,1848
Volnovakha,s2__composite__cire__prebattle_baseline,0.5792495777201006,0.5792495777201006,higher=damaged,168721.5,0.0005698397022949252,0.18201618,0.16628106,1848
Volnovakha,s2__composite__cire__winter_baseline,0.5792495777201006,0.5792495777201006,higher=damaged,168721.5,0.0005698397022949252,0.18201618,0.16628106,1848
Volnovakha,s2__composite__b12__prebattle_baseline,0.42189538444636704,0.5781046155536329,lower=damaged,122888.0,0.0006842915353384749,0.238645,0.2416023,1848
Volnovakha,s2__composite__b12__winter_baseline,0.42189538444636704,0.5781046155536329,lower=damaged,122888.0,0.0006842915353384749,0.238645,0.2416023,1848
Volnovakha,s2__composite__b12__delta,0.5763811642565814,0.5763811642565814,higher=damaged,167886.0,0.000897393713685218,-0.019632358,-0.023422172,1848
Volnovakha,s2__composite__ndre__prebattle_baseline,0.5681638720663562,0.5681638720663562,higher=damaged,165492.5,0.003040750290687148,0.107413284,0.10134721,1848
Volnovakha,s2__composite__ndre__winter_baseline,0.5681638720663562,0.5681638720663562,higher=damaged,165492.5,0.003040750290687148,0.107413284,0.10134721,1848
Volnovakha,s2__composite__b05__delta,0.5679046677378157,0.5679046677378157,higher=damaged,165417.0,0.003153976158851856,-0.01062038,-0.012377996,1848
Volnovakha,s2__composite__mndwi__prebattle_baseline,0.567336478116975,0.567336478116975,higher=damaged,165251.5,0.0034157356095778015,-0.17590396,-0.18823242,1848
Volnovakha,s2__composite__mndwi__winter_baseline,0.567336478116975,0.567336478116975,higher=damaged,165251.5,0.0034157356095778015,-0.17590396,-0.18823242,1848
Volnovakha,s2__composite__cire__post_winter_baseline,0.5522614290226452,0.5522614290226452,higher=damaged,160860.5,0.02307601788703761,0.33081666,0.3150467,1848
Volnovakha,s2__composite__ndre__post_winter_baseline,0.5493604004449388,0.5493604004449388,higher=damaged,160015.5,0.03186967657796901,0.1614246,0.15513292,1848
Volnovakha,s2__qa__cloud_freq__postbattle,0.452203408451091,0.5477965915489089,lower=damaged,131716.0,0.00017575605415203515,0.004310345,0.018642973,1848
Volnovakha,s2__obs_count__post_winter_baseline,0.5390557409467309,0.5390557409467309,higher=damaged,157014.0,0.00035946823743059666,3.9885058,3.9103942,1848
Volnovakha,s2__visibility__cloud__freq__postbattle,0.4617991183619659,0.5382008816380341,lower=damaged,134511.0,0.002122575438222,0.0067049814,0.020011947,1848
Volnovakha,s2__composite__b8a__delta,0.5381373679946168,0.5381373679946168,higher=damaged,156746.5,0.09730115511396921,0.015714524,0.013430571,1848
Volnovakha,s2__visibility__clear__freq__postbattle,0.5365323610596135,0.5365323610596135,higher=damaged,156279.0,0.003648952784660879,0.9923371,0.9795898,1848
Volnovakha,s2__composite__b8a__post_winter_baseline,0.5359933533830455,0.5359933533830455,higher=damaged,156122.0,0.11761519908496668,0.27547267,0.2735521,1848
Volnovakha,s2__composite__b02__delta,0.5332897320754199,0.5332897320754199,higher=damaged,155334.5,0.14780926964979377,-0.010672988,-0.009021065,1848
Volnovakha,s2__composite__b07__delta,0.5329086502149165,0.5329086502149165,higher=damaged,155223.5,0.152503590503436,0.016645592,0.014845393,1848
Volnovakha,s2__composite__b07__post_winter_baseline,0.5310410057814581,0.5310410057814581,higher=damaged,154679.5,0.17716304446467035,0.26373842,0.2619526,1848
Volnovakha,s2__composite__ndvi__post_winter_baseline,0.5277211304741894,0.5277211304741894,higher=damaged,153712.5,0.22812669864875734,0.2148912,0.20933974,1848
Volnovakha,s2__composite__b05__post_winter_baseline,0.4729964020379297,0.5270035979620703,lower=damaged,137772.5,0.24039452158205077,0.19910216,0.200081,1848
Volnovakha,s2__composite__b12__post_winter_baseline,0.47489322841566073,0.5251067715843393,lower=damaged,138325.0,0.27503970299603997,0.21901265,0.21818013,1848
Volnovakha,s2__composite__b04__prebattle_baseline,0.47505458740163964,0.5249454125983604,lower=damaged,138372.0,0.2781366965725689,0.19168714,0.190851,1848
Volnovakha,s2__composite__b04__winter_baseline,0.47505458740163964,0.5249454125983604,lower=damaged,138372.0,0.2781366965725689,0.19168714,0.190851,1848
Volnovakha,s2__composite__b08__post_winter_baseline,0.5246827750999052,0.5246827750999052,higher=damaged,152827.5,0.28322827405512563,0.26874927,0.26759622,1848
Volnovakha,s2__composite__b02__post_winter_baseline,0.5240150235515455,0.5240150235515455,higher=damaged,152633.0,0.2964564027447312,0.15359877,0.1529093,1848
Volnovakha,s2__composite__ndbi__post_winter_baseline,0.47600729205289827,0.5239927079471017,lower=damaged,138649.5,0.29690557099641424,-0.031535868,-0.03238352,1848
Volnovakha,s2__composite__ndvi__delta,0.5239652425877862,0.5239652425877862,higher=damaged,152618.5,0.29745892757782944,0.062304277,0.058368742,1848
Volnovakha,s2__composite__b08__delta,0.5216873343495516,0.5216873343495516,higher=damaged,151955.0,0.3457534709753437,0.009977587,0.010026299,1848
Volnovakha,s2__composite__b03__delta,0.5196754967796866,0.5196754967796866,higher=damaged,151369.0,0.39233722245597014,-0.010204166,-0.008275964,1848
Volnovakha,s2__composite__b04__delta,0.5188292203957758,0.5188292203957758,higher=damaged,151122.5,0.41301942820357107,-0.017584482,-0.015560715,1848
Volnovakha,s2__composite__b03__post_winter_baseline,0.5138940386437605,0.5138940386437605,higher=damaged,149685.0,0.5458320830809102,0.16926235,0.16914953,1848
Volnovakha,s2__composite__b03__prebattle_baseline,0.4873659347148409,0.5126340652851591,lower=damaged,141958.0,0.5828437535908293,0.17946652,0.1774255,1848
Volnovakha,s2__composite__b03__winter_baseline,0.4873659347148409,0.5126340652851591,lower=damaged,141958.0,0.5828437535908293,0.17946652,0.1774255,1848
Volnovakha,s2__composite__b08__prebattle_baseline,0.488191612079265,0.511808387920735,lower=damaged,142198.5,0.6077159530923275,0.2587717,0.25756994,1848
Volnovakha,s2__composite__b08__winter_baseline,0.488191612079265,0.511808387920735,lower=damaged,142198.5,0.6077159530923275,0.2587717,0.25756994,1848
Volnovakha,s2__composite__b02__prebattle_baseline,0.48828774083686954,0.5117122591631305,lower=damaged,142226.5,0.610642257757207,0.16427176,0.16193037,1848
Volnovakha,s2__composite__b02__winter_baseline,0.48828774083686954,0.5117122591631305,lower=damaged,142226.5,0.610642257757207,0.16427176,0.16193037,1848
Volnovakha,s2__composite__ndwi__post_winter_baseline,0.48919066452436866,0.5108093354756313,lower=damaged,142489.5,0.6384271599914846,-0.22752719,-0.22552454,1848
Volnovakha,s2__composite__ndwi__delta,0.48987729850725775,0.5101227014927423,lower=damaged,142689.5,0.6599043614557472,-0.042223375,-0.03935054,1848
Volnovakha,s2__composite__b04__post_winter_baseline,0.490881500707233,0.509118499292767,lower=damaged,142982.0,0.6918217214491271,0.17410265,0.17529027,1848
Volnovakha,s2__composite__b07__prebattle_baseline,0.49119391916944755,0.5088060808305525,lower=damaged,143073.0,0.7018676636270429,0.24709284,0.24710721,1848
Volnovakha,s2__composite__b07__winter_baseline,0.49119391916944755,0.5088060808305525,lower=damaged,143073.0,0.7018676636270429,0.24709284,0.24710721,1848
Volnovakha,s2__composite__ndvi__prebattle_baseline,0.5079151732377538,0.5079151732377538,higher=damaged,147943.5,0.7307972519952876,0.15258692,0.15097098,1848
Volnovakha,s2__composite__ndvi__winter_baseline,0.5079151732377538,0.5079151732377538,higher=damaged,147943.5,0.7307972519952876,0.15258692,0.15097098,1848
Volnovakha,s2__composite__mndwi__post_winter_baseline,0.4922770842774551,0.5077229157225449,lower=damaged,143388.5,0.7370924797895839,-0.1977754,-0.19503187,1848
Volnovakha,s2__composite__b8a__prebattle_baseline,0.49363661956357546,0.5063633804364245,lower=damaged,143784.5,0.7820906514186565,0.25975817,0.26012152,1848
Volnovakha,s2__composite__b8a__winter_baseline,0.49363661956357546,0.5063633804364245,lower=damaged,143784.5,0.7820906514186565,0.25975817,0.26012152,1848
Volnovakha,s2__composite__cire__delta,0.5058278059297711,0.5058278059297711,higher=damaged,147335.5,0.8000289717514626,0.14880045,0.14876567,1848
Volnovakha,s2__composite__ndwi__prebattle_baseline,0.5040116590450295,0.5040116590450295,higher=damaged,146806.5,0.861593336702027,-0.18530379,-0.186174,1848
Volnovakha,s2__composite__ndwi__winter_baseline,0.5040116590450295,0.5040116590450295,higher=damaged,146806.5,0.861593336702027,-0.18530379,-0.186174,1848
Volnovakha,s2__visibility__fire__freq__prebattle,0.4982078853046595,0.5017921146953406,lower=damaged,145116.0,0.42950934288147624,0.0,0.00089605735,1848
Volnovakha,s2__visibility__fire__freq__postbattle,0.49910394265232977,0.5008960573476702,lower=damaged,145377.0,0.5770848966808686,0.0,0.00029868577,1848
Volnovakha,s2__composite__ndre__delta,0.5000429146239306,0.5000429146239306,higher=damaged,145650.5,0.9985708069470244,0.05401133,0.053785708,1848
Volnovakha,s2__composite__b11__post_winter_baseline,0.49996566830085554,0.5000343316991445,lower=damaged,145628.0,0.9988685552448451,0.25183076,0.24947359,1848
Volnovakha,s2__qa__cloud_freq__crossbattle,0.5,0.5,higher=damaged,145638.0,1.0,0.0,0.0,1848
Volnovakha,s2__visibility__clear__freq__crossbattle,0.5,0.5,higher=damaged,145638.0,1.0,1.0,1.0,1848
Volnovakha,s2__visibility__cloud__freq__crossbattle,0.5,0.5,higher=damaged,145638.0,1.0,0.0,0.0,1848
Volnovakha,s2__visibility__fire__freq__crossbattle,0.5,0.5,higher=damaged,145638.0,1.0,0.0,0.0,1848
Volnovakha,s2__visibility__smoke__freq__crossbattle,0.5,0.5,higher=damaged,145638.0,1.0,0.0,0.0,1848
Volnovakha,s2__visibility__smoke__freq__postbattle,0.5,0.5,higher=damaged,145638.0,1.0,0.0,0.0,1848
Volnovakha,s2__visibility__smoke__freq__prebattle,0.5,0.5,higher=damaged,145638.0,1.0,0.0,0.0,1848
