model_id,fold_id,n,n_damaged,auc,cities,n_cities
CLF_F7_LightGBM,0,170104,238,0.5940526205183779,Kharkiv,1
CLF_F7_LightGBM,1,75995,575,0.6456701947355677,Chernihiv|Chornobaivka|Moschun|Volnovakha,4
CLF_F7_LightGBM,2,76892,1371,0.7572046828097365,Avdiivka|Bucha|Lysychansk|Makariv,4
CLF_F7_LightGBM,3,78593,3759,0.7309151589027733,Irpin|Kherson|Mariupol|Rubizhne|Trostianets,5
CLF_F7_LightGBM,4,78729,1243,0.8091807475500881,Dmytrivka|Hostomel|Kramatorsk|Okhtyrka|Sievierodonetsk,5
CLF_A17_GBM,0,170104,238,0.7256588905916646,Kharkiv,1
CLF_A17_GBM,1,113042,84,0.5,Mykolaiv,1
CLF_A17_GBM,2,107068,1628,0.7823179041703795,Borodyanka|Chernihiv|Irpin|Kramatorsk|Rubizhne|Sievierodonetsk,6
CLF_A17_GBM,3,103628,1947,0.6876142324868725,Avdiivka|Chornobaivka|Dmytrivka|Hostomel|Lysychansk|Makariv|Moschun,7
CLF_A17_GBM,4,104753,3435,0.7629097490705685,Bucha|Kherson|Mariupol|Okhtyrka|Trostianets|Volnovakha,6
CLF_F7_GBM,0,170104,238,0.7851637281665518,Kharkiv,1
CLF_F7_GBM,1,75995,575,0.6743115192602587,Chernihiv|Chornobaivka|Moschun|Volnovakha,4
CLF_F7_GBM,2,76892,1371,0.7545317603150286,Avdiivka|Bucha|Lysychansk|Makariv,4
CLF_F7_GBM,3,78593,3759,0.7958701612321998,Irpin|Kherson|Mariupol|Rubizhne|Trostianets,5
CLF_F7_GBM,4,78729,1243,0.7966748577673668,Dmytrivka|Hostomel|Kramatorsk|Okhtyrka|Sievierodonetsk,5
CLF_A17_LightGBM,0,170104,238,0.7022750483401301,Kharkiv,1
CLF_A17_LightGBM,1,113042,84,0.37946394319338245,Mykolaiv,1
CLF_A17_LightGBM,2,107068,1628,0.7235739557972581,Borodyanka|Chernihiv|Irpin|Kramatorsk|Rubizhne|Sievierodonetsk,6
CLF_A17_LightGBM,3,103628,1947,0.6839329383590858,Avdiivka|Chornobaivka|Dmytrivka|Hostomel|Lysychansk|Makariv|Moschun,7
CLF_A17_LightGBM,4,104753,3435,0.6664161877746785,Bucha|Kherson|Mariupol|Okhtyrka|Trostianets|Volnovakha,6
CLF_F7_XGBoost,0,170104,238,0.4689477553587222,Kharkiv,1
CLF_F7_XGBoost,1,75995,575,0.6109377399605685,Chernihiv|Chornobaivka|Moschun|Volnovakha,4
CLF_F7_XGBoost,2,76892,1371,0.7122518928587216,Avdiivka|Bucha|Lysychansk|Makariv,4
CLF_F7_XGBoost,3,78593,3759,0.6643602831623006,Irpin|Kherson|Mariupol|Rubizhne|Trostianets,5
CLF_F7_XGBoost,4,78729,1243,0.7737843707535864,Dmytrivka|Hostomel|Kramatorsk|Okhtyrka|Sievierodonetsk,5
NB08b_BDA_RGB+CARD_LogReg,0,170104,238,0.8047570145998424,Kharkiv,1
NB08b_BDA_RGB+CARD_LogReg,1,113042,84,0.4345808260803214,Mykolaiv,1
NB08b_BDA_RGB+CARD_LogReg,2,107068,1628,0.7463986004127316,Borodyanka|Chernihiv|Irpin|Kramatorsk|Rubizhne|Sievierodonetsk,6
NB08b_BDA_RGB+CARD_LogReg,3,103628,1947,0.7005229634780278,Avdiivka|Chornobaivka|Dmytrivka|Hostomel|Lysychansk|Makariv|Moschun,7
NB08b_BDA_RGB+CARD_LogReg,4,104753,3435,0.6995844536117322,Bucha|Kherson|Mariupol|Okhtyrka|Trostianets|Volnovakha,6
NB08b_BDA_RGB_ExtraTrees,0,170104,238,0.8220269422452319,Kharkiv,1
NB08b_BDA_RGB_ExtraTrees,1,113042,84,0.6950078474173713,Mykolaiv,1
NB08b_BDA_RGB_ExtraTrees,2,107068,1628,0.7429767135867762,Borodyanka|Chernihiv|Irpin|Kramatorsk|Rubizhne|Sievierodonetsk,6
NB08b_BDA_RGB_ExtraTrees,3,103628,1947,0.716962192710541,Avdiivka|Chornobaivka|Dmytrivka|Hostomel|Lysychansk|Makariv|Moschun,7
NB08b_BDA_RGB_ExtraTrees,4,104753,3435,0.7324067810996335,Bucha|Kherson|Mariupol|Okhtyrka|Trostianets|Volnovakha,6
NB08b_BDA_COH_DROP+RGB+CARD_LogReg,0,41600,1071,0.7551406689482113,Lysychansk,1
NB08b_BDA_COH_DROP+RGB+CARD_LogReg,1,41496,3144,0.713919469749082,Avdiivka|Mariupol,2
NB08b_BDA_COH_DROP+RGB+CARD_LogReg,2,39919,198,0.6522851688507135,Okhtyrka|Volnovakha,2
NB08b_BDA_COH_DROP+RGB+CARD_LogReg,3,41859,1189,0.7609701709982686,Dmytrivka|Hostomel|Sievierodonetsk,3
NB08b_BDA_COH_DROP+RGB+CARD_LogReg,4,41068,542,0.702455810337603,Borodyanka|Bucha|Irpin|Moschun,4
CLF_A17_XGBoost,0,170104,238,0.619442369155638,Kharkiv,1
CLF_A17_XGBoost,1,113042,84,0.37946394319338245,Mykolaiv,1
CLF_A17_XGBoost,2,107068,1628,0.6882749146667013,Borodyanka|Chernihiv|Irpin|Kramatorsk|Rubizhne|Sievierodonetsk,6
CLF_A17_XGBoost,3,103628,1947,0.668649230876829,Avdiivka|Chornobaivka|Dmytrivka|Hostomel|Lysychansk|Makariv|Moschun,7
CLF_A17_XGBoost,4,104753,3435,0.6201448446591823,Bucha|Kherson|Mariupol|Okhtyrka|Trostianets|Volnovakha,6
NB08b_BDA_COH_DROP+RGB_LogReg,0,41600,1071,0.7706038274077426,Lysychansk,1
NB08b_BDA_COH_DROP+RGB_LogReg,1,41496,3144,0.7399545722375086,Avdiivka|Mariupol,2
NB08b_BDA_COH_DROP+RGB_LogReg,2,39919,198,0.6629121328335851,Okhtyrka|Volnovakha,2
NB08b_BDA_COH_DROP+RGB_LogReg,3,41859,1189,0.7617241110474408,Dmytrivka|Hostomel|Sievierodonetsk,3
NB08b_BDA_COH_DROP+RGB_LogReg,4,41068,542,0.7079866089338481,Borodyanka|Bucha|Irpin|Moschun,4
NB08b_BDA_COH_DROP+RGB+CARD_AdaBoost,0,41600,1071,0.7690577937772031,Lysychansk,1
NB08b_BDA_COH_DROP+RGB+CARD_AdaBoost,1,41496,3144,0.7460097426172029,Avdiivka|Mariupol,2
NB08b_BDA_COH_DROP+RGB+CARD_AdaBoost,2,39919,198,0.68996999017643,Okhtyrka|Volnovakha,2
NB08b_BDA_COH_DROP+RGB+CARD_AdaBoost,3,41859,1189,0.7609310760489306,Dmytrivka|Hostomel|Sievierodonetsk,3
NB08b_BDA_COH_DROP+RGB+CARD_AdaBoost,4,41068,542,0.7161351976126484,Borodyanka|Bucha|Irpin|Moschun,4
NB08b_BDA_RGB_RF-200,0,170104,238,0.8161222014149165,Kharkiv,1
NB08b_BDA_RGB_RF-200,1,113042,84,0.6926259043605756,Mykolaiv,1
NB08b_BDA_RGB_RF-200,2,107068,1628,0.7405151962945494,Borodyanka|Chernihiv|Irpin|Kramatorsk|Rubizhne|Sievierodonetsk,6
NB08b_BDA_RGB_RF-200,3,103628,1947,0.7165348943428911,Avdiivka|Chornobaivka|Dmytrivka|Hostomel|Lysychansk|Makariv|Moschun,7
NB08b_BDA_RGB_RF-200,4,104753,3435,0.7316342986626941,Bucha|Kherson|Mariupol|Okhtyrka|Trostianets|Volnovakha,6
NB08b_BDA_RGB+CARD_AdaBoost,0,170104,238,0.781265066868823,Kharkiv,1
NB08b_BDA_RGB+CARD_AdaBoost,1,113042,84,0.7048911036466146,Mykolaiv,1
NB08b_BDA_RGB+CARD_AdaBoost,2,107068,1628,0.7449431223971248,Borodyanka|Chernihiv|Irpin|Kramatorsk|Rubizhne|Sievierodonetsk,6
NB08b_BDA_RGB+CARD_AdaBoost,3,103628,1947,0.6915891147671029,Avdiivka|Chornobaivka|Dmytrivka|Hostomel|Lysychansk|Makariv|Moschun,7
NB08b_BDA_RGB+CARD_AdaBoost,4,104753,3435,0.7363439876977477,Bucha|Kherson|Mariupol|Okhtyrka|Trostianets|Volnovakha,6
NB08b_BDA_RGB+CARD_ExtraTrees,0,170104,238,0.7726434168029827,Kharkiv,1
NB08b_BDA_RGB+CARD_ExtraTrees,1,113042,84,0.4228599188573249,Mykolaiv,1
NB08b_BDA_RGB+CARD_ExtraTrees,2,107068,1628,0.7422982707540275,Borodyanka|Chernihiv|Irpin|Kramatorsk|Rubizhne|Sievierodonetsk,6
NB08b_BDA_RGB+CARD_ExtraTrees,3,103628,1947,0.691467805238623,Avdiivka|Chornobaivka|Dmytrivka|Hostomel|Lysychansk|Makariv|Moschun,7
NB08b_BDA_RGB+CARD_ExtraTrees,4,104753,3435,0.7195312649727824,Bucha|Kherson|Mariupol|Okhtyrka|Trostianets|Volnovakha,6
NB08b_BDA_COH_DROP+RGB_AdaBoost,0,41600,1071,0.7695481804950262,Lysychansk,1
NB08b_BDA_COH_DROP+RGB_AdaBoost,1,41496,3144,0.7526203428254254,Avdiivka|Mariupol,2
NB08b_BDA_COH_DROP+RGB_AdaBoost,2,39919,198,0.6948501149049977,Okhtyrka|Volnovakha,2
NB08b_BDA_COH_DROP+RGB_AdaBoost,3,41859,1189,0.7592685842665216,Dmytrivka|Hostomel|Sievierodonetsk,3
NB08b_BDA_COH_DROP+RGB_AdaBoost,4,41068,542,0.7155543896652015,Borodyanka|Bucha|Irpin|Moschun,4
NB08b_BDA_RGB_LogReg,0,170104,238,0.8223095921283281,Kharkiv,1
NB08b_BDA_RGB_LogReg,1,113042,84,0.6950027886471077,Mykolaiv,1
NB08b_BDA_RGB_LogReg,2,107068,1628,0.7429963866171662,Borodyanka|Chernihiv|Irpin|Kramatorsk|Rubizhne|Sievierodonetsk,6
NB08b_BDA_RGB_LogReg,3,103628,1947,0.7177268301667156,Avdiivka|Chornobaivka|Dmytrivka|Hostomel|Lysychansk|Makariv|Moschun,7
NB08b_BDA_RGB_LogReg,4,104753,3435,0.7324494587824466,Bucha|Kherson|Mariupol|Okhtyrka|Trostianets|Volnovakha,6
NB08b_BDA_RGB_LightGBM,0,170104,238,0.8184596098338314,Kharkiv,1
NB08b_BDA_RGB_LightGBM,1,113042,84,0.6933857738105778,Mykolaiv,1
NB08b_BDA_RGB_LightGBM,2,107068,1628,0.7402313034556489,Borodyanka|Chernihiv|Irpin|Kramatorsk|Rubizhne|Sievierodonetsk,6
NB08b_BDA_RGB_LightGBM,3,103628,1947,0.7168587896726697,Avdiivka|Chornobaivka|Dmytrivka|Hostomel|Lysychansk|Makariv|Moschun,7
NB08b_BDA_RGB_LightGBM,4,104753,3435,0.7288181994212927,Bucha|Kherson|Mariupol|Okhtyrka|Trostianets|Volnovakha,6
CLF_F7_ExtraTrees,0,170104,238,0.35509867293319786,Kharkiv,1
CLF_F7_ExtraTrees,1,75995,575,0.5708522822916305,Chernihiv|Chornobaivka|Moschun|Volnovakha,4
CLF_F7_ExtraTrees,2,76892,1371,0.6075760891582693,Avdiivka|Bucha|Lysychansk|Makariv,4
CLF_F7_ExtraTrees,3,78593,3759,0.5772140342078975,Irpin|Kherson|Mariupol|Rubizhne|Trostianets,5
CLF_F7_ExtraTrees,4,78729,1243,0.6784611328537504,Dmytrivka|Hostomel|Kramatorsk|Okhtyrka|Sievierodonetsk,5
NB08b_BDA_RGB_UISEM_voting,0,170104,238,0.8188692505719041,Kharkiv,1
NB08b_BDA_RGB_UISEM_voting,1,113042,84,0.6936257492249542,Mykolaiv,1
NB08b_BDA_RGB_UISEM_voting,2,107068,1628,0.7415916553494798,Borodyanka|Chernihiv|Irpin|Kramatorsk|Rubizhne|Sievierodonetsk,6
NB08b_BDA_RGB_UISEM_voting,3,103628,1947,0.7172095068543899,Avdiivka|Chornobaivka|Dmytrivka|Hostomel|Lysychansk|Makariv|Moschun,7
NB08b_BDA_RGB_UISEM_voting,4,104753,3435,0.7317185305533332,Bucha|Kherson|Mariupol|Okhtyrka|Trostianets|Volnovakha,6
NB08b_BDA_RGB_AdaBoost,0,170104,238,0.8185299198270668,Kharkiv,1
NB08b_BDA_RGB_AdaBoost,1,113042,84,0.6925168773222917,Mykolaiv,1
NB08b_BDA_RGB_AdaBoost,2,107068,1628,0.7420050744417683,Borodyanka|Chernihiv|Irpin|Kramatorsk|Rubizhne|Sievierodonetsk,6
NB08b_BDA_RGB_AdaBoost,3,103628,1947,0.7176811951344433,Avdiivka|Chornobaivka|Dmytrivka|Hostomel|Lysychansk|Makariv|Moschun,7
NB08b_BDA_RGB_AdaBoost,4,104753,3435,0.7321232703190292,Bucha|Kherson|Mariupol|Okhtyrka|Trostianets|Volnovakha,6
CLF_A9_LightGBM,0,170104,238,0.7856806581203354,Kharkiv,1
CLF_A9_LightGBM,1,75995,575,0.6066693300127979,Chernihiv|Chornobaivka|Moschun|Volnovakha,4
CLF_A9_LightGBM,2,76892,1371,0.7325531715298301,Avdiivka|Bucha|Lysychansk|Makariv,4
CLF_A9_LightGBM,3,78593,3759,0.5942909336769311,Irpin|Kherson|Mariupol|Rubizhne|Trostianets,5
CLF_A9_LightGBM,4,78729,1243,0.7895160632032997,Dmytrivka|Hostomel|Kramatorsk|Okhtyrka|Sievierodonetsk,5
NB08b_BDA_RGB+CARD_LightGBM,0,170104,238,0.7253014783674766,Kharkiv,1
NB08b_BDA_RGB+CARD_LightGBM,1,113042,84,0.4510236210846172,Mykolaiv,1
NB08b_BDA_RGB+CARD_LightGBM,2,107068,1628,0.724918648494853,Borodyanka|Chernihiv|Irpin|Kramatorsk|Rubizhne|Sievierodonetsk,6
NB08b_BDA_RGB+CARD_LightGBM,3,103628,1947,0.6659676897101885,Avdiivka|Chornobaivka|Dmytrivka|Hostomel|Lysychansk|Makariv|Moschun,7
NB08b_BDA_RGB+CARD_LightGBM,4,104753,3435,0.6837699872593339,Bucha|Kherson|Mariupol|Okhtyrka|Trostianets|Volnovakha,6
ABL_FUSION_MS_COH_SAR_ALL,0,170104,238,0.5,Kharkiv,1
ABL_FUSION_MS_COH_SAR_ALL,1,75995,575,0.5279306607634926,Chernihiv|Chornobaivka|Moschun|Volnovakha,4
ABL_FUSION_MS_COH_SAR_ALL,2,76892,1371,0.6132276152055165,Avdiivka|Bucha|Lysychansk|Makariv,4
ABL_FUSION_MS_COH_SAR_ALL,3,78593,3759,0.5649106281546679,Irpin|Kherson|Mariupol|Rubizhne|Trostianets,5
ABL_FUSION_MS_COH_SAR_ALL,4,78729,1243,0.5890887999719421,Dmytrivka|Hostomel|Kramatorsk|Okhtyrka|Sievierodonetsk,5
ABL_FUSION_MS_COH_COH,0,170104,238,0.5,Kharkiv,1
ABL_FUSION_MS_COH_COH,1,75995,575,0.5279306607634926,Chernihiv|Chornobaivka|Moschun|Volnovakha,4
ABL_FUSION_MS_COH_COH,2,76892,1371,0.6132276152055165,Avdiivka|Bucha|Lysychansk|Makariv,4
ABL_FUSION_MS_COH_COH,3,78593,3759,0.5649106281546679,Irpin|Kherson|Mariupol|Rubizhne|Trostianets,5
ABL_FUSION_MS_COH_COH,4,78729,1243,0.5890887999719421,Dmytrivka|Hostomel|Kramatorsk|Okhtyrka|Sievierodonetsk,5
CLF_A17_ExtraTrees,0,170104,238,0.5453484986237793,Kharkiv,1
CLF_A17_ExtraTrees,1,113042,84,0.6205360568066176,Mykolaiv,1
CLF_A17_ExtraTrees,2,107068,1628,0.57558960543952,Borodyanka|Chernihiv|Irpin|Kramatorsk|Rubizhne|Sievierodonetsk,6
CLF_A17_ExtraTrees,3,103628,1947,0.5838184388533528,Avdiivka|Chornobaivka|Dmytrivka|Hostomel|Lysychansk|Makariv|Moschun,7
CLF_A17_ExtraTrees,4,104753,3435,0.5157911061180167,Bucha|Kherson|Mariupol|Okhtyrka|Trostianets|Volnovakha,6
NB08b_BDA_CARD_LogReg,0,110650,225,0.7421486479007874,Kharkiv,1
NB08b_BDA_CARD_LogReg,1,64984,628,0.9117759027907266,Borodyanka|Mykolaiv|Sievierodonetsk,3
NB08b_BDA_CARD_LogReg,2,64785,792,0.6132255212730813,Bucha|Chernihiv|Chornobaivka|Rubizhne|Trostianets,5
NB08b_BDA_CARD_LogReg,3,65119,1695,0.6448742963961793,Dmytrivka|Hostomel|Kramatorsk|Lysychansk|Makariv|Volnovakha,6
NB08b_BDA_CARD_LogReg,4,62750,3091,0.6486963174169271,Avdiivka|Irpin|Kherson|Mariupol|Moschun|Okhtyrka,6
NB08b_BDA_COH_DROP+CARD_LogReg,0,24902,933,0.7013016589801127,Lysychansk,1
NB08b_BDA_COH_DROP+CARD_LogReg,1,26461,2781,0.610817196140315,Avdiivka|Mariupol,2
NB08b_BDA_COH_DROP+CARD_LogReg,2,26241,213,0.6085555389609312,Borodyanka|Okhtyrka|Volnovakha,3
NB08b_BDA_COH_DROP+CARD_LogReg,3,29003,1079,0.7215147987407632,Dmytrivka|Hostomel|Sievierodonetsk,3
NB08b_BDA_COH_DROP+CARD_LogReg,4,24182,421,0.6602734615426524,Bucha|Irpin|Moschun,3
NB08b_BDA_COH_DROP+CARD_AdaBoost,0,24902,933,0.6973588875985178,Lysychansk,1
NB08b_BDA_COH_DROP+CARD_AdaBoost,1,26461,2781,0.6533334684806165,Avdiivka|Mariupol,2
NB08b_BDA_COH_DROP+CARD_AdaBoost,2,26241,213,0.6319324043229719,Borodyanka|Okhtyrka|Volnovakha,3
NB08b_BDA_COH_DROP+CARD_AdaBoost,3,29003,1079,0.7305652480006967,Dmytrivka|Hostomel|Sievierodonetsk,3
NB08b_BDA_COH_DROP+CARD_AdaBoost,4,24182,421,0.6745389883680327,Bucha|Irpin|Moschun,3
NB08b_xBD_RGB_LightGBM,0,14351,5286,0.5964415155269703,hurricane-michael|sunda-tsunami|woolsey-fire,3
NB08b_xBD_RGB_LightGBM,1,14047,2203,0.74515183234676,hurricane-florence|lower-puna-volcano|pinery-bushfire|portugal-wildfire,4
NB08b_xBD_RGB_LightGBM,2,14041,2855,0.7970887427147332,guatemala-volcano|moore-tornado|socal-fire|tuscaloosa-tornado,4
NB08b_xBD_RGB_LightGBM,3,14117,7066,0.6266251687043526,hurricane-matthew|mexico-earthquake|nepal-flooding|santa-rosa-wildfire,4
NB08b_xBD_RGB_LightGBM,4,14375,5149,0.6810943908382573,hurricane-harvey|joplin-tornado|midwest-flooding|palu-tsunami,4
NB08b_BDA_CARD_LightGBM,0,110650,225,0.63266333610042,Kharkiv,1
NB08b_BDA_CARD_LightGBM,1,64984,628,0.9046902297649264,Borodyanka|Mykolaiv|Sievierodonetsk,3
NB08b_BDA_CARD_LightGBM,2,64785,792,0.6543785782599013,Bucha|Chernihiv|Chornobaivka|Rubizhne|Trostianets,5
NB08b_BDA_CARD_LightGBM,3,65119,1695,0.6154051377590051,Dmytrivka|Hostomel|Kramatorsk|Lysychansk|Makariv|Volnovakha,6
NB08b_BDA_CARD_LightGBM,4,62750,3091,0.635219524808332,Avdiivka|Irpin|Kherson|Mariupol|Moschun|Okhtyrka,6
ABL_ROLLING_SAR_SAR_ALL,0,170104,238,0.44168760012217245,Kharkiv,1
ABL_ROLLING_SAR_SAR_ALL,1,113042,84,0.37946394319338245,Mykolaiv,1
ABL_ROLLING_SAR_SAR_ALL,2,107068,1628,0.5436699709046542,Borodyanka|Chernihiv|Irpin|Kramatorsk|Rubizhne|Sievierodonetsk,6
ABL_ROLLING_SAR_SAR_ALL,3,103628,1947,0.512341999402979,Avdiivka|Chornobaivka|Dmytrivka|Hostomel|Lysychansk|Makariv|Moschun,7
ABL_ROLLING_SAR_SAR_ALL,4,104753,3435,0.5049037643106936,Bucha|Kherson|Mariupol|Okhtyrka|Trostianets|Volnovakha,6
NB08b_xBD_RGB_ExtraTrees,0,14351,5286,0.5900885666411855,hurricane-michael|sunda-tsunami|woolsey-fire,3
NB08b_xBD_RGB_ExtraTrees,1,14047,2203,0.7137091847520566,hurricane-florence|lower-puna-volcano|pinery-bushfire|portugal-wildfire,4
NB08b_xBD_RGB_ExtraTrees,2,14041,2855,0.7912716139106832,guatemala-volcano|moore-tornado|socal-fire|tuscaloosa-tornado,4
NB08b_xBD_RGB_ExtraTrees,3,14117,7066,0.6548473430587378,hurricane-matthew|mexico-earthquake|nepal-flooding|santa-rosa-wildfire,4
NB08b_xBD_RGB_ExtraTrees,4,14375,5149,0.691634532635673,hurricane-harvey|joplin-tornado|midwest-flooding|palu-tsunami,4
NB08b_BDA_COH_DROP+RGB+CARD_GBM,0,41600,1071,0.7546326696847819,Lysychansk,1
NB08b_BDA_COH_DROP+RGB+CARD_GBM,1,41496,3144,0.7091501567839252,Avdiivka|Mariupol,2
NB08b_BDA_COH_DROP+RGB+CARD_GBM,2,39919,198,0.6900173533629389,Okhtyrka|Volnovakha,2
NB08b_BDA_COH_DROP+RGB+CARD_GBM,3,41859,1189,0.7554782250127852,Dmytrivka|Hostomel|Sievierodonetsk,3
NB08b_BDA_COH_DROP+RGB+CARD_GBM,4,41068,542,0.6911226003515032,Borodyanka|Bucha|Irpin|Moschun,4
R3b_card_ms,0,22615,3311,0.7069013525098058,Mariupol,1
R3b_card_ms,1,10110,1295,0.656208375947457,Avdiivka|Lysychansk|Moschun,3
R3b_card_ms,2,9736,1007,0.6471469105652118,Bucha|Irpin|Kramatorsk|Rubizhne|Trostianets,5
R3b_card_ms,3,9780,1313,0.6496855180153297,Chernihiv|Hostomel|Kharkiv|Kherson|Makariv,5
R3b_card_ms,4,9802,1154,0.6782253578030484,Chornobaivka|Dmytrivka|Okhtyrka|Sievierodonetsk|Volnovakha,5
R4b_tier0_all,0,22615,3311,0.681959078686712,Mariupol,1
R4b_tier0_all,1,7962,1117,0.692459061204978,Lysychansk,1
R4b_tier0_all,2,5002,463,0.6546334455834413,Rubizhne,1
R4b_tier0_all,3,4418,568,0.7553084415584416,Sievierodonetsk,1
R3b_all_multimodal,0,22615,3311,0.7071334087370045,Mariupol,1
R3b_all_multimodal,1,10110,1295,0.6608949294485313,Avdiivka|Lysychansk|Moschun,3
R3b_all_multimodal,2,9736,1007,0.626956134643701,Bucha|Irpin|Kramatorsk|Rubizhne|Trostianets,5
R3b_all_multimodal,3,9780,1313,0.650597530612779,Chernihiv|Hostomel|Kharkiv|Kherson|Makariv,5
R3b_all_multimodal,4,9802,1154,0.6790774797711215,Chornobaivka|Dmytrivka|Okhtyrka|Sievierodonetsk|Volnovakha,5
E7c_ExtraTrees,0,22615,3311,0.7156974444276029,Mariupol,1
E7c_ExtraTrees,1,10110,1295,0.6622642170571835,Avdiivka|Lysychansk|Moschun,3
E7c_ExtraTrees,2,9736,1007,0.6563355400954914,Bucha|Irpin|Kramatorsk|Rubizhne|Trostianets,5
E7c_ExtraTrees,3,9780,1313,0.6537504910197028,Chernihiv|Hostomel|Kharkiv|Kherson|Makariv,5
E7c_ExtraTrees,4,9802,1154,0.6787672528645888,Chornobaivka|Dmytrivka|Okhtyrka|Sievierodonetsk|Volnovakha,5
R5_ExtraTrees_all_multimodal,0,22615,3311,0.7156974444276029,Mariupol,1
R5_ExtraTrees_all_multimodal,1,10110,1295,0.6622642170571835,Avdiivka|Lysychansk|Moschun,3
R5_ExtraTrees_all_multimodal,2,9736,1007,0.6563355400954914,Bucha|Irpin|Kramatorsk|Rubizhne|Trostianets,5
R5_ExtraTrees_all_multimodal,3,9780,1313,0.6537504910197028,Chernihiv|Hostomel|Kharkiv|Kherson|Makariv,5
R5_ExtraTrees_all_multimodal,4,9802,1154,0.6787672528645888,Chornobaivka|Dmytrivka|Okhtyrka|Sievierodonetsk|Volnovakha,5
NB08b_BDA_RGB_XGBoost,0,170104,238,0.8213204906843525,Kharkiv,1
NB08b_BDA_RGB_XGBoost,1,113042,84,0.6939930897198201,Mykolaiv,1
NB08b_BDA_RGB_XGBoost,2,107068,1628,0.7428764784192041,Borodyanka|Chernihiv|Irpin|Kramatorsk|Rubizhne|Sievierodonetsk,6
NB08b_BDA_RGB_XGBoost,3,103628,1947,0.7177551067631693,Avdiivka|Chornobaivka|Dmytrivka|Hostomel|Lysychansk|Makariv|Moschun,7
NB08b_BDA_RGB_XGBoost,4,104753,3435,0.7330630284121651,Bucha|Kherson|Mariupol|Okhtyrka|Trostianets|Volnovakha,6
NB08b_xBD_RGB_UISEM_voting,0,14351,5286,0.5960295582478168,hurricane-michael|sunda-tsunami|woolsey-fire,3
NB08b_xBD_RGB_UISEM_voting,1,14047,2203,0.7440748492698928,hurricane-florence|lower-puna-volcano|pinery-bushfire|portugal-wildfire,4
NB08b_xBD_RGB_UISEM_voting,2,14041,2855,0.8033225795441701,guatemala-volcano|moore-tornado|socal-fire|tuscaloosa-tornado,4
NB08b_xBD_RGB_UISEM_voting,3,14117,7066,0.6301094371953351,hurricane-matthew|mexico-earthquake|nepal-flooding|santa-rosa-wildfire,4
NB08b_xBD_RGB_UISEM_voting,4,14375,5149,0.6889534280353129,hurricane-harvey|joplin-tornado|midwest-flooding|palu-tsunami,4
NB08b_xBD_RGB_RF-200,0,14351,5286,0.5938394647977914,hurricane-michael|sunda-tsunami|woolsey-fire,3
NB08b_xBD_RGB_RF-200,1,14047,2203,0.7240140130058134,hurricane-florence|lower-puna-volcano|pinery-bushfire|portugal-wildfire,4
NB08b_xBD_RGB_RF-200,2,14041,2855,0.7918907265555549,guatemala-volcano|moore-tornado|socal-fire|tuscaloosa-tornado,4
NB08b_xBD_RGB_RF-200,3,14117,7066,0.6368758159738941,hurricane-matthew|mexico-earthquake|nepal-flooding|santa-rosa-wildfire,4
NB08b_xBD_RGB_RF-200,4,14375,5149,0.6929616441531627,hurricane-harvey|joplin-tornado|midwest-flooding|palu-tsunami,4
R3_ms_plus_blocks_F8,0,22615,3311,0.6996988009677271,Mariupol,1
R3_ms_plus_blocks_F8,1,10110,1295,0.6539616790439253,Avdiivka|Lysychansk|Moschun,3
R3_ms_plus_blocks_F8,2,9736,1007,0.6360271318777493,Bucha|Irpin|Kramatorsk|Rubizhne|Trostianets,5
R3_ms_plus_blocks_F8,3,9780,1313,0.6460648127117952,Chernihiv|Hostomel|Kharkiv|Kherson|Makariv,5
R3_ms_plus_blocks_F8,4,9802,1154,0.6790008248668911,Chornobaivka|Dmytrivka|Okhtyrka|Sievierodonetsk|Volnovakha,5
B5_sub_RF,0,22615,3311,0.6996988009677271,Mariupol,1
B5_sub_RF,1,10110,1295,0.6539616790439253,Avdiivka|Lysychansk|Moschun,3
B5_sub_RF,2,9736,1007,0.6360271318777493,Bucha|Irpin|Kramatorsk|Rubizhne|Trostianets,5
B5_sub_RF,3,9780,1313,0.6460648127117952,Chernihiv|Hostomel|Kharkiv|Kherson|Makariv,5
B5_sub_RF,4,9802,1154,0.6790008248668911,Chornobaivka|Dmytrivka|Okhtyrka|Sievierodonetsk|Volnovakha,5
E1_base_RF,0,22615,3311,0.6996988009677271,Mariupol,1
E1_base_RF,1,10110,1295,0.6539616790439253,Avdiivka|Lysychansk|Moschun,3
E1_base_RF,2,9736,1007,0.6360271318777493,Bucha|Irpin|Kramatorsk|Rubizhne|Trostianets,5
E1_base_RF,3,9780,1313,0.6460648127117952,Chernihiv|Hostomel|Kharkiv|Kherson|Makariv,5
E1_base_RF,4,9802,1154,0.6790008248668911,Chornobaivka|Dmytrivka|Okhtyrka|Sievierodonetsk|Volnovakha,5
R5_RF-200_all_multimodal,0,22615,3311,0.6996988009677271,Mariupol,1
R5_RF-200_all_multimodal,1,10110,1295,0.6539616790439253,Avdiivka|Lysychansk|Moschun,3
R5_RF-200_all_multimodal,2,9736,1007,0.6360271318777493,Bucha|Irpin|Kramatorsk|Rubizhne|Trostianets,5
R5_RF-200_all_multimodal,3,9780,1313,0.6460648127117952,Chernihiv|Hostomel|Kharkiv|Kherson|Makariv,5
R5_RF-200_all_multimodal,4,9802,1154,0.6790008248668911,Chornobaivka|Dmytrivka|Okhtyrka|Sievierodonetsk|Volnovakha,5
NB08b_BDA_RGB_GBM,0,170104,238,0.815765790968996,Kharkiv,1
NB08b_BDA_RGB_GBM,1,113042,84,0.6937643384519656,Mykolaiv,1
NB08b_BDA_RGB_GBM,2,107068,1628,0.7406489752314392,Borodyanka|Chernihiv|Irpin|Kramatorsk|Rubizhne|Sievierodonetsk,6
NB08b_BDA_RGB_GBM,3,103628,1947,0.7179233444301546,Avdiivka|Chornobaivka|Dmytrivka|Hostomel|Lysychansk|Makariv|Moschun,7
NB08b_BDA_RGB_GBM,4,104753,3435,0.7310986424543152,Bucha|Kherson|Mariupol|Okhtyrka|Trostianets|Volnovakha,6
B6_AdaBoost_alone,0,22615,3311,0.7179739016224285,Mariupol,1
B6_AdaBoost_alone,1,10110,1295,0.6388002636783124,Avdiivka|Lysychansk|Moschun,3
B6_AdaBoost_alone,2,9736,1007,0.5983797345719385,Bucha|Irpin|Kramatorsk|Rubizhne|Trostianets,5
B6_AdaBoost_alone,3,9780,1313,0.654976297477119,Chernihiv|Hostomel|Kharkiv|Kherson|Makariv,5
B6_AdaBoost_alone,4,9802,1154,0.6332320853981726,Chornobaivka|Dmytrivka|Okhtyrka|Sievierodonetsk|Volnovakha,5
ABL_FUSION_MS_COH_ALL,0,170104,238,0.321561820305813,Kharkiv,1
ABL_FUSION_MS_COH_ALL,1,75995,575,0.5213185408091499,Chernihiv|Chornobaivka|Moschun|Volnovakha,4
ABL_FUSION_MS_COH_ALL,2,76892,1371,0.5899765674462654,Avdiivka|Bucha|Lysychansk|Makariv,4
ABL_FUSION_MS_COH_ALL,3,78593,3759,0.5402278156090207,Irpin|Kherson|Mariupol|Rubizhne|Trostianets,5
ABL_FUSION_MS_COH_ALL,4,78729,1243,0.628986386952542,Dmytrivka|Hostomel|Kramatorsk|Okhtyrka|Sievierodonetsk,5
CLF_F7_RF_200,0,170104,238,0.3215618326734459,Kharkiv,1
CLF_F7_RF_200,1,75995,575,0.5213196130653845,Chernihiv|Chornobaivka|Moschun|Volnovakha,4
CLF_F7_RF_200,2,76892,1371,0.5899765529590115,Avdiivka|Bucha|Lysychansk|Makariv,4
CLF_F7_RF_200,3,78593,3759,0.5402278387159412,Irpin|Kherson|Mariupol|Rubizhne|Trostianets,5
CLF_F7_RF_200,4,78729,1243,0.6289864181003066,Dmytrivka|Hostomel|Kramatorsk|Okhtyrka|Sievierodonetsk,5
NB08b_BDA_RGB+CARD_XGBoost,0,170104,238,0.7413623585847748,Kharkiv,1
NB08b_BDA_RGB+CARD_XGBoost,1,113042,84,0.6262670638644452,Mykolaiv,1
NB08b_BDA_RGB+CARD_XGBoost,2,107068,1628,0.7455766120350245,Borodyanka|Chernihiv|Irpin|Kramatorsk|Rubizhne|Sievierodonetsk,6
NB08b_BDA_RGB+CARD_XGBoost,3,103628,1947,0.6854152851329298,Avdiivka|Chornobaivka|Dmytrivka|Hostomel|Lysychansk|Makariv|Moschun,7
NB08b_BDA_RGB+CARD_XGBoost,4,104753,3435,0.7241765854997652,Bucha|Kherson|Mariupol|Okhtyrka|Trostianets|Volnovakha,6
NB08b_BDA_COH_DROP+RGB+CARD_LightGBM,0,41600,1071,0.7145752097050586,Lysychansk,1
NB08b_BDA_COH_DROP+RGB+CARD_LightGBM,1,41496,3144,0.6286008850917337,Avdiivka|Mariupol,2
NB08b_BDA_COH_DROP+RGB+CARD_LightGBM,2,39919,198,0.6487542274028012,Okhtyrka|Volnovakha,2
NB08b_BDA_COH_DROP+RGB+CARD_LightGBM,3,41859,1189,0.7292980507533301,Dmytrivka|Hostomel|Sievierodonetsk,3
NB08b_BDA_COH_DROP+RGB+CARD_LightGBM,4,41068,542,0.6539489795899786,Borodyanka|Bucha|Irpin|Moschun,4
E6_A_impute+obs_all_multimodal,0,22615,3311,0.6979414976112852,Mariupol,1
E6_A_impute+obs_all_multimodal,1,10110,1295,0.6537381218833289,Avdiivka|Lysychansk|Moschun,3
E6_A_impute+obs_all_multimodal,2,9736,1007,0.6315538054559771,Bucha|Irpin|Kramatorsk|Rubizhne|Trostianets,5
E6_A_impute+obs_all_multimodal,3,9780,1313,0.6179683662327403,Chernihiv|Hostomel|Kharkiv|Kherson|Makariv,5
E6_A_impute+obs_all_multimodal,4,9802,1154,0.6809554748235234,Chornobaivka|Dmytrivka|Okhtyrka|Sievierodonetsk|Volnovakha,5
D2_sar_+_ms,0,22615,3311,0.6843277434985143,Mariupol,1
D2_sar_+_ms,1,10110,1295,0.6377050788735417,Avdiivka|Lysychansk|Moschun,3
D2_sar_+_ms,2,9736,1007,0.6289076476123203,Bucha|Irpin|Kramatorsk|Rubizhne|Trostianets,5
D2_sar_+_ms,3,9780,1313,0.6309366384667466,Chernihiv|Hostomel|Kharkiv|Kherson|Makariv,5
D2_sar_+_ms,4,9802,1154,0.6860317329258966,Chornobaivka|Dmytrivka|Okhtyrka|Sievierodonetsk|Volnovakha,5
B5_UISEM_all_features,0,22615,3311,0.6939327544485893,Mariupol,1
B5_UISEM_all_features,1,10110,1295,0.6481792399319342,Avdiivka|Lysychansk|Moschun,3
B5_UISEM_all_features,2,9736,1007,0.6138009986913691,Bucha|Irpin|Kramatorsk|Rubizhne|Trostianets,5
B5_UISEM_all_features,3,9780,1313,0.6723331862035764,Chernihiv|Hostomel|Kharkiv|Kherson|Makariv,5
B5_UISEM_all_features,4,9802,1154,0.6976765648021522,Chornobaivka|Dmytrivka|Okhtyrka|Sievierodonetsk|Volnovakha,5
E5_HistGBM_native_NaN,0,22615,3311,0.7017960685744926,Mariupol,1
E5_HistGBM_native_NaN,1,10110,1295,0.6501233637819004,Avdiivka|Lysychansk|Moschun,3
E5_HistGBM_native_NaN,2,9736,1007,0.6044139642049701,Bucha|Irpin|Kramatorsk|Rubizhne|Trostianets,5
E5_HistGBM_native_NaN,3,9780,1313,0.6351250691385425,Chernihiv|Hostomel|Kharkiv|Kherson|Makariv,5
E5_HistGBM_native_NaN,4,9802,1154,0.6749686767018792,Chornobaivka|Dmytrivka|Okhtyrka|Sievierodonetsk|Volnovakha,5
B7_UISEM_card+ms,0,22615,3311,0.6921089258037137,Mariupol,1
B7_UISEM_card+ms,1,10110,1295,0.6475381775098167,Avdiivka|Lysychansk|Moschun,3
B7_UISEM_card+ms,2,9736,1007,0.6124254744227685,Bucha|Irpin|Kramatorsk|Rubizhne|Trostianets,5
B7_UISEM_card+ms,3,9780,1313,0.6426527036419607,Chernihiv|Hostomel|Kharkiv|Kherson|Makariv,5
B7_UISEM_card+ms,4,9802,1154,0.6997508565308775,Chornobaivka|Dmytrivka|Okhtyrka|Sievierodonetsk|Volnovakha,5
R4_tier0_ms,0,22615,3311,0.6506418454327793,Mariupol,1
R4_tier0_ms,1,7962,1117,0.7087585250328118,Lysychansk,1
R4_tier0_ms,2,5002,463,0.6376265311861634,Rubizhne,1
R4_tier0_ms,3,4418,568,0.7666537863544906,Sievierodonetsk,1
NB08b_xBD_RGB_GBM,0,14351,5286,0.5901227294611436,hurricane-michael|sunda-tsunami|woolsey-fire,3
NB08b_xBD_RGB_GBM,1,14047,2203,0.7370895786547558,hurricane-florence|lower-puna-volcano|pinery-bushfire|portugal-wildfire,4
NB08b_xBD_RGB_GBM,2,14041,2855,0.8000750249796234,guatemala-volcano|moore-tornado|socal-fire|tuscaloosa-tornado,4
NB08b_xBD_RGB_GBM,3,14117,7066,0.6196113809609123,hurricane-matthew|mexico-earthquake|nepal-flooding|santa-rosa-wildfire,4
NB08b_xBD_RGB_GBM,4,14375,5149,0.6832956058176507,hurricane-harvey|joplin-tornado|midwest-flooding|palu-tsunami,4
NB08b_BDA_COH_DROP+RGB+CARD_XGBoost,0,41600,1071,0.7378319944688543,Lysychansk,1
NB08b_BDA_COH_DROP+RGB+CARD_XGBoost,1,41496,3144,0.6943866191345522,Avdiivka|Mariupol,2
NB08b_BDA_COH_DROP+RGB+CARD_XGBoost,2,39919,198,0.6446161471211193,Okhtyrka|Volnovakha,2
NB08b_BDA_COH_DROP+RGB+CARD_XGBoost,3,41859,1189,0.7455100469160072,Dmytrivka|Hostomel|Sievierodonetsk,3
NB08b_BDA_COH_DROP+RGB+CARD_XGBoost,4,41068,542,0.6884625386499633,Borodyanka|Bucha|Irpin|Moschun,4
NB08b_xBD_RGB_XGBoost,0,14351,5286,0.5965321189984722,hurricane-michael|sunda-tsunami|woolsey-fire,3
NB08b_xBD_RGB_XGBoost,1,14047,2203,0.7437234625099818,hurricane-florence|lower-puna-volcano|pinery-bushfire|portugal-wildfire,4
NB08b_xBD_RGB_XGBoost,2,14041,2855,0.7938136174095528,guatemala-volcano|moore-tornado|socal-fire|tuscaloosa-tornado,4
NB08b_xBD_RGB_XGBoost,3,14117,7066,0.6191468205263475,hurricane-matthew|mexico-earthquake|nepal-flooding|santa-rosa-wildfire,4
NB08b_xBD_RGB_XGBoost,4,14375,5149,0.6765531640107666,hurricane-harvey|joplin-tornado|midwest-flooding|palu-tsunami,4
E7c_HistGBM_imputed,0,22615,3311,0.6978128434610522,Mariupol,1
E7c_HistGBM_imputed,1,10110,1295,0.6349361061896512,Avdiivka|Lysychansk|Moschun,3
E7c_HistGBM_imputed,2,9736,1007,0.5994648754400261,Bucha|Irpin|Kramatorsk|Rubizhne|Trostianets,5
E7c_HistGBM_imputed,3,9780,1313,0.6493921879945896,Chernihiv|Hostomel|Kharkiv|Kherson|Makariv,5
E7c_HistGBM_imputed,4,9802,1154,0.6745264330158384,Chornobaivka|Dmytrivka|Okhtyrka|Sievierodonetsk|Volnovakha,5
R3b_ms_only,0,22615,3311,0.6766850251638319,Mariupol,1
R3b_ms_only,1,10110,1295,0.6809929109078287,Avdiivka|Lysychansk|Moschun,3
R3b_ms_only,2,9736,1007,0.60493227439997,Bucha|Irpin|Kramatorsk|Rubizhne|Trostianets,5
R3b_ms_only,3,9780,1313,0.6379625715930789,Chernihiv|Hostomel|Kharkiv|Kherson|Makariv,5
R3b_ms_only,4,9802,1154,0.6727488909588496,Chornobaivka|Dmytrivka|Okhtyrka|Sievierodonetsk|Volnovakha,5
R3b_coh_ms,0,22615,3311,0.6746461627550256,Mariupol,1
R3b_coh_ms,1,10110,1295,0.6771807882755132,Avdiivka|Lysychansk|Moschun,3
R3b_coh_ms,2,9736,1007,0.6112301528207349,Bucha|Irpin|Kramatorsk|Rubizhne|Trostianets,5
R3b_coh_ms,3,9780,1313,0.6395289772910752,Chernihiv|Hostomel|Kharkiv|Kherson|Makariv,5
R3b_coh_ms,4,9802,1154,0.6857361355827857,Chornobaivka|Dmytrivka|Okhtyrka|Sievierodonetsk|Volnovakha,5
R3_ms_only_A9,0,22615,3311,0.6781376139112576,Mariupol,1
R3_ms_only_A9,1,10110,1295,0.6802852719018346,Avdiivka|Lysychansk|Moschun,3
R3_ms_only_A9,2,9736,1007,0.587571726975213,Bucha|Irpin|Kramatorsk|Rubizhne|Trostianets,5
R3_ms_only_A9,3,9780,1313,0.6387500021363348,Chernihiv|Hostomel|Kharkiv|Kherson|Makariv,5
R3_ms_only_A9,4,9802,1154,0.6796285934616673,Chornobaivka|Dmytrivka|Okhtyrka|Sievierodonetsk|Volnovakha,5
E1_stacking_LogReg,0,22615,3311,0.6970862596428811,Mariupol,1
E1_stacking_LogReg,1,10110,1295,0.6461921917055212,Avdiivka|Lysychansk|Moschun,3
E1_stacking_LogReg,2,9736,1007,0.6389707833912754,Bucha|Irpin|Kramatorsk|Rubizhne|Trostianets,5
E1_stacking_LogReg,3,9780,1313,0.6599020560176685,Chernihiv|Hostomel|Kharkiv|Kherson|Makariv,5
E1_stacking_LogReg,4,9802,1154,0.6858169989915621,Chornobaivka|Dmytrivka|Okhtyrka|Sievierodonetsk|Volnovakha,5
NB08b_BDA_COH_DROP+RGB_GBM,0,41600,1071,0.7714162046339587,Lysychansk,1
NB08b_BDA_COH_DROP+RGB_GBM,1,41496,3144,0.6855054559890384,Avdiivka|Mariupol,2
NB08b_BDA_COH_DROP+RGB_GBM,2,39919,198,0.7110519484515608,Okhtyrka|Volnovakha,2
NB08b_BDA_COH_DROP+RGB_GBM,3,41859,1189,0.7508756813698556,Dmytrivka|Hostomel|Sievierodonetsk,3
NB08b_BDA_COH_DROP+RGB_GBM,4,41068,542,0.6802661013211327,Borodyanka|Bucha|Irpin|Moschun,4
E1_soft_voting,0,22615,3311,0.6781820631926405,Mariupol,1
E1_soft_voting,1,10110,1295,0.6406286669134088,Avdiivka|Lysychansk|Moschun,3
E1_soft_voting,2,9736,1007,0.6180868415307534,Bucha|Irpin|Kramatorsk|Rubizhne|Trostianets,5
E1_soft_voting,3,9780,1313,0.659194501910603,Chernihiv|Hostomel|Kharkiv|Kherson|Makariv,5
E1_soft_voting,4,9802,1154,0.7017849670614377,Chornobaivka|Dmytrivka|Okhtyrka|Sievierodonetsk|Volnovakha,5
NB08b_BDA_COH_DROP+RGB+CARD_ExtraTrees,0,41600,1071,0.7328934551112426,Lysychansk,1
NB08b_BDA_COH_DROP+RGB+CARD_ExtraTrees,1,41496,3144,0.6149668754067052,Avdiivka|Mariupol,2
NB08b_BDA_COH_DROP+RGB+CARD_ExtraTrees,2,39919,198,0.6851824302794821,Okhtyrka|Volnovakha,2
NB08b_BDA_COH_DROP+RGB+CARD_ExtraTrees,3,41859,1189,0.7378832023654254,Dmytrivka|Hostomel|Sievierodonetsk,3
NB08b_BDA_COH_DROP+RGB+CARD_ExtraTrees,4,41068,542,0.6599221847101756,Borodyanka|Bucha|Irpin|Moschun,4
D2_sar_+_ms_+_coh,0,22615,3311,0.6774619175579574,Mariupol,1
D2_sar_+_ms_+_coh,1,10110,1295,0.6488106224691591,Avdiivka|Lysychansk|Moschun,3
D2_sar_+_ms_+_coh,2,9736,1007,0.6117308295477311,Bucha|Irpin|Kramatorsk|Rubizhne|Trostianets,5
D2_sar_+_ms_+_coh,3,9780,1313,0.6307000674901915,Chernihiv|Hostomel|Kharkiv|Kherson|Makariv,5
D2_sar_+_ms_+_coh,4,9802,1154,0.6715455091649204,Chornobaivka|Dmytrivka|Okhtyrka|Sievierodonetsk|Volnovakha,5
CLF_A17_RF_200,0,170104,238,0.4295099834995988,Kharkiv,1
CLF_A17_RF_200,1,113042,84,0.6205360568066176,Mykolaiv,1
CLF_A17_RF_200,2,107068,1628,0.5430003188930067,Borodyanka|Chernihiv|Irpin|Kramatorsk|Rubizhne|Sievierodonetsk,6
CLF_A17_RF_200,3,103628,1947,0.5170853908812886,Avdiivka|Chornobaivka|Dmytrivka|Hostomel|Lysychansk|Makariv|Moschun,7
CLF_A17_RF_200,4,104753,3435,0.5006832265155727,Bucha|Kherson|Mariupol|Okhtyrka|Trostianets|Volnovakha,6
ABL_ROLLING_SAR_ALL,0,170104,238,0.4295099834995989,Kharkiv,1
ABL_ROLLING_SAR_ALL,1,113042,84,0.6205360568066176,Mykolaiv,1
ABL_ROLLING_SAR_ALL,2,107068,1628,0.5430003218058035,Borodyanka|Chernihiv|Irpin|Kramatorsk|Rubizhne|Sievierodonetsk,6
ABL_ROLLING_SAR_ALL,3,103628,1947,0.5170852721781773,Avdiivka|Chornobaivka|Dmytrivka|Hostomel|Lysychansk|Makariv|Moschun,7
ABL_ROLLING_SAR_ALL,4,104753,3435,0.5006832365722542,Bucha|Kherson|Mariupol|Okhtyrka|Trostianets|Volnovakha,6
B7_UISEM_ms_only,0,22615,3311,0.6625001032612662,Mariupol,1
B7_UISEM_ms_only,1,10110,1295,0.6849663065545084,Avdiivka|Lysychansk|Moschun,3
B7_UISEM_ms_only,2,9736,1007,0.5870128029216495,Bucha|Irpin|Kramatorsk|Rubizhne|Trostianets,5
B7_UISEM_ms_only,3,9780,1313,0.6411573591878725,Chernihiv|Hostomel|Kharkiv|Kherson|Makariv,5
B7_UISEM_ms_only,4,9802,1154,0.6937506312756819,Chornobaivka|Dmytrivka|Okhtyrka|Sievierodonetsk|Volnovakha,5
D4_f8_strategy_B_impute,0,22615,3311,0.6771774093012491,Mariupol,1
D4_f8_strategy_B_impute,1,10110,1295,0.6456997877871389,Avdiivka|Lysychansk|Moschun,3
D4_f8_strategy_B_impute,2,9736,1007,0.6128689845841396,Bucha|Irpin|Kramatorsk|Rubizhne|Trostianets,5
D4_f8_strategy_B_impute,3,9780,1313,0.6306639971625876,Chernihiv|Hostomel|Kharkiv|Kherson|Makariv,5
D4_f8_strategy_B_impute,4,9802,1154,0.6761513165805458,Chornobaivka|Dmytrivka|Okhtyrka|Sievierodonetsk|Volnovakha,5
D2_all_features,0,22615,3311,0.6771774484153651,Mariupol,1
D2_all_features,1,10110,1295,0.6456999191882913,Avdiivka|Lysychansk|Moschun,3
D2_all_features,2,9736,1007,0.6128689845841396,Bucha|Irpin|Kramatorsk|Rubizhne|Trostianets,5
D2_all_features,3,9780,1313,0.6306639971625876,Chernihiv|Hostomel|Kharkiv|Kherson|Makariv,5
D2_all_features,4,9802,1154,0.6761513165805458,Chornobaivka|Dmytrivka|Okhtyrka|Sievierodonetsk|Volnovakha,5
D6_ms_only,0,22615,3311,0.6563907677919475,Mariupol,1
D6_ms_only,1,10110,1295,0.6749349673796639,Avdiivka|Lysychansk|Moschun,3
D6_ms_only,2,9736,1007,0.607189187657983,Bucha|Irpin|Kramatorsk|Rubizhne|Trostianets,5
D6_ms_only,3,9780,1313,0.6319196223571627,Chernihiv|Hostomel|Kharkiv|Kherson|Makariv,5
D6_ms_only,4,9802,1154,0.6702684284401919,Chornobaivka|Dmytrivka|Okhtyrka|Sievierodonetsk|Volnovakha,5
D4_a9_ms_only,0,22615,3311,0.6563907365006547,Mariupol,1
D4_a9_ms_only,1,10110,1295,0.674934967379664,Avdiivka|Lysychansk|Moschun,3
D4_a9_ms_only,2,9736,1007,0.607189187657983,Bucha|Irpin|Kramatorsk|Rubizhne|Trostianets,5
D4_a9_ms_only,3,9780,1313,0.6319196223571627,Chernihiv|Hostomel|Kharkiv|Kherson|Makariv,5
D4_a9_ms_only,4,9802,1154,0.670268428440192,Chornobaivka|Dmytrivka|Okhtyrka|Sievierodonetsk|Volnovakha,5
B6_UISEM_no_AdaBoost,0,22615,3311,0.6761396805133975,Mariupol,1
B6_UISEM_no_AdaBoost,1,10110,1295,0.6463826357757158,Avdiivka|Lysychansk|Moschun,3
B6_UISEM_no_AdaBoost,2,9736,1007,0.6054618472616305,Bucha|Irpin|Kramatorsk|Rubizhne|Trostianets,5
B6_UISEM_no_AdaBoost,3,9780,1313,0.6610544175312227,Chernihiv|Hostomel|Kharkiv|Kherson|Makariv,5
B6_UISEM_no_AdaBoost,4,9802,1154,0.7004443579585626,Chornobaivka|Dmytrivka|Okhtyrka|Sievierodonetsk|Volnovakha,5
B7_UISEM_all_multimodal,0,22615,3311,0.6761396805133975,Mariupol,1
B7_UISEM_all_multimodal,1,10110,1295,0.6463826357757158,Avdiivka|Lysychansk|Moschun,3
B7_UISEM_all_multimodal,2,9736,1007,0.6054618472616305,Bucha|Irpin|Kramatorsk|Rubizhne|Trostianets,5
B7_UISEM_all_multimodal,3,9780,1313,0.6610544175312227,Chernihiv|Hostomel|Kharkiv|Kherson|Makariv,5
B7_UISEM_all_multimodal,4,9802,1154,0.7004443579585626,Chornobaivka|Dmytrivka|Okhtyrka|Sievierodonetsk|Volnovakha,5
D2_ms-only,0,22615,3311,0.6604247004453251,Mariupol,1
D2_ms-only,1,10110,1295,0.6716338200286017,Avdiivka|Lysychansk|Moschun,3
D2_ms-only,2,9736,1007,0.5887142050553903,Bucha|Irpin|Kramatorsk|Rubizhne|Trostianets,5
D2_ms-only,3,9780,1313,0.6265981696242686,Chernihiv|Hostomel|Kharkiv|Kherson|Makariv,5
D2_ms-only,4,9802,1154,0.6789268253286239,Chornobaivka|Dmytrivka|Okhtyrka|Sievierodonetsk|Volnovakha,5
NB08b_BDA_COH_DROP_LogReg,0,3612,863,0.6639755655380003,Bucha|Dmytrivka|Mariupol|Moschun,4
NB08b_BDA_COH_DROP_LogReg,1,4863,97,0.5568081037936241,Borodyanka|Lysychansk,2
NB08b_BDA_COH_DROP_LogReg,2,4230,95,0.5387424425634825,Avdiivka|Hostomel,2
NB08b_BDA_COH_DROP_LogReg,3,4370,326,0.7136187520100974,Irpin|Sievierodonetsk,2
NB08b_BDA_COH_DROP_LogReg,4,4359,50,0.7268414945462984,Okhtyrka|Volnovakha,2
E2_LightGBM_ms,0,22615,3311,0.6578492314795912,Mariupol,1
E2_LightGBM_ms,1,10110,1295,0.6901558636669244,Avdiivka|Lysychansk|Moschun,3
E2_LightGBM_ms,2,9736,1007,0.5790669915927037,Bucha|Irpin|Kramatorsk|Rubizhne|Trostianets,5
E2_LightGBM_ms,3,9780,1313,0.6410415473504906,Chernihiv|Hostomel|Kharkiv|Kherson|Makariv,5
E2_LightGBM_ms,4,9802,1154,0.6849152266900953,Chornobaivka|Dmytrivka|Okhtyrka|Sievierodonetsk|Volnovakha,5
NB08b_BDA_COH_DROP+RGB_ExtraTrees,0,41600,1071,0.7694320344535948,Lysychansk,1
NB08b_BDA_COH_DROP+RGB_ExtraTrees,1,41496,3144,0.5950891172410169,Avdiivka|Mariupol,2
NB08b_BDA_COH_DROP+RGB_ExtraTrees,2,39919,198,0.7021998006804533,Okhtyrka|Volnovakha,2
NB08b_BDA_COH_DROP+RGB_ExtraTrees,3,41859,1189,0.7208667456768597,Dmytrivka|Hostomel|Sievierodonetsk,3
NB08b_BDA_COH_DROP+RGB_ExtraTrees,4,41068,542,0.6343300314881448,Borodyanka|Bucha|Irpin|Moschun,4
NB08b_BDA_CARD_ExtraTrees,0,110650,225,0.6787581314617764,Kharkiv,1
NB08b_BDA_CARD_ExtraTrees,1,64984,628,0.8735062068161457,Borodyanka|Mykolaiv|Sievierodonetsk,3
NB08b_BDA_CARD_ExtraTrees,2,64785,792,0.6676132170864016,Bucha|Chernihiv|Chornobaivka|Rubizhne|Trostianets,5
NB08b_BDA_CARD_ExtraTrees,3,65119,1695,0.6518872005125778,Dmytrivka|Hostomel|Kramatorsk|Lysychansk|Makariv|Volnovakha,6
NB08b_BDA_CARD_ExtraTrees,4,62750,3091,0.6532799976772986,Avdiivka|Irpin|Kherson|Mariupol|Moschun|Okhtyrka,6
NB08b_xBD_RGB_AdaBoost,0,14351,5286,0.5627575906885133,hurricane-michael|sunda-tsunami|woolsey-fire,3
NB08b_xBD_RGB_AdaBoost,1,14047,2203,0.7213116673511589,hurricane-florence|lower-puna-volcano|pinery-bushfire|portugal-wildfire,4
NB08b_xBD_RGB_AdaBoost,2,14041,2855,0.7489683908738812,guatemala-volcano|moore-tornado|socal-fire|tuscaloosa-tornado,4
NB08b_xBD_RGB_AdaBoost,3,14117,7066,0.6253352359861835,hurricane-matthew|mexico-earthquake|nepal-flooding|santa-rosa-wildfire,4
NB08b_xBD_RGB_AdaBoost,4,14375,5149,0.6866365718034396,hurricane-harvey|joplin-tornado|midwest-flooding|palu-tsunami,4
D1c_pre_composite,0,22615,3311,0.6644191747785171,Mariupol,1
D1c_pre_composite,1,10110,1295,0.6647478740388553,Avdiivka|Lysychansk|Moschun,3
D1c_pre_composite,2,9736,1007,0.591292445606155,Bucha|Irpin|Kramatorsk|Rubizhne|Trostianets,5
D1c_pre_composite,3,9780,1313,0.6224211177465921,Chernihiv|Hostomel|Kharkiv|Kherson|Makariv,5
D1c_pre_composite,4,9802,1154,0.6696891578501837,Chornobaivka|Dmytrivka|Okhtyrka|Sievierodonetsk|Volnovakha,5
NB08b_BDA_RGB+CARD_GBM,0,170104,238,0.7523049433824605,Kharkiv,1
NB08b_BDA_RGB+CARD_GBM,1,113042,84,0.5939364631101826,Mykolaiv,1
NB08b_BDA_RGB+CARD_GBM,2,107068,1628,0.7455472568676762,Borodyanka|Chernihiv|Irpin|Kramatorsk|Rubizhne|Sievierodonetsk,6
NB08b_BDA_RGB+CARD_GBM,3,103628,1947,0.6973437279475823,Avdiivka|Chornobaivka|Dmytrivka|Hostomel|Lysychansk|Makariv|Moschun,7
NB08b_BDA_RGB+CARD_GBM,4,104753,3435,0.7189539252563872,Bucha|Kherson|Mariupol|Okhtyrka|Trostianets|Volnovakha,6
NB08b_BDA_COH_DROP+RGB_LightGBM,0,41600,1071,0.767772365922855,Lysychansk,1
NB08b_BDA_COH_DROP+RGB_LightGBM,1,41496,3144,0.5856877958400077,Avdiivka|Mariupol,2
NB08b_BDA_COH_DROP+RGB_LightGBM,2,39919,198,0.6184668364875309,Okhtyrka|Volnovakha,2
NB08b_BDA_COH_DROP+RGB_LightGBM,3,41859,1189,0.7097041295061298,Dmytrivka|Hostomel|Sievierodonetsk,3
NB08b_BDA_COH_DROP+RGB_LightGBM,4,41068,542,0.6383436044793257,Borodyanka|Bucha|Irpin|Moschun,4
E1_base_LGBM,0,22615,3311,0.6596016690400069,Mariupol,1
E1_base_LGBM,1,10110,1295,0.6315172234060492,Avdiivka|Lysychansk|Moschun,3
E1_base_LGBM,2,9736,1007,0.622255962188384,Bucha|Irpin|Kramatorsk|Rubizhne|Trostianets,5
E1_base_LGBM,3,9780,1313,0.645217294939513,Chernihiv|Hostomel|Kharkiv|Kherson|Makariv,5
E1_base_LGBM,4,9802,1154,0.6909055820001058,Chornobaivka|Dmytrivka|Okhtyrka|Sievierodonetsk|Volnovakha,5
E2_LightGBM_all,0,22615,3311,0.6596016690400069,Mariupol,1
E2_LightGBM_all,1,10110,1295,0.6315172234060492,Avdiivka|Lysychansk|Moschun,3
E2_LightGBM_all,2,9736,1007,0.622255962188384,Bucha|Irpin|Kramatorsk|Rubizhne|Trostianets,5
E2_LightGBM_all,3,9780,1313,0.645217294939513,Chernihiv|Hostomel|Kharkiv|Kherson|Makariv,5
E2_LightGBM_all,4,9802,1154,0.6909055820001058,Chornobaivka|Dmytrivka|Okhtyrka|Sievierodonetsk|Volnovakha,5
B5_sub_GBM,0,22615,3311,0.6668208206129014,Mariupol,1
B5_sub_GBM,1,10110,1295,0.639489769325277,Avdiivka|Lysychansk|Moschun,3
B5_sub_GBM,2,9736,1007,0.5856001914880861,Bucha|Irpin|Kramatorsk|Rubizhne|Trostianets,5
B5_sub_GBM,3,9780,1313,0.6494629793856728,Chernihiv|Hostomel|Kharkiv|Kherson|Makariv,5
B5_sub_GBM,4,9802,1154,0.6886677598090221,Chornobaivka|Dmytrivka|Okhtyrka|Sievierodonetsk|Volnovakha,5
B7_UISEM_coh+ms,0,22615,3311,0.6517548923623335,Mariupol,1
B7_UISEM_coh+ms,1,10110,1295,0.6764866397878309,Avdiivka|Lysychansk|Moschun,3
B7_UISEM_coh+ms,2,9736,1007,0.5763200954528065,Bucha|Irpin|Kramatorsk|Rubizhne|Trostianets,5
B7_UISEM_coh+ms,3,9780,1313,0.6460230754748667,Chernihiv|Hostomel|Kharkiv|Kherson|Makariv,5
B7_UISEM_coh+ms,4,9802,1154,0.6922860716936786,Chornobaivka|Dmytrivka|Okhtyrka|Sievierodonetsk|Volnovakha,5
R3_ms_plus_cohdrop_F7,0,22615,3311,0.6495562409669862,Mariupol,1
R3_ms_plus_cohdrop_F7,1,7962,1117,0.705860684173733,Lysychansk,1
R3_ms_plus_cohdrop_F7,2,7121,897,0.5465126901152944,Bucha|Hostomel|Moschun,3
R3_ms_plus_cohdrop_F7,3,6524,780,0.7061254553246196,Okhtyrka|Sievierodonetsk|Volnovakha,3
R3_ms_plus_cohdrop_F7,4,7071,762,0.554715194599724,Avdiivka|Dmytrivka|Irpin,3
E7b_RidgeClassifier,0,22615,3311,0.7184403452781376,Mariupol,1
E7b_RidgeClassifier,1,10110,1295,0.6263099709384451,Avdiivka|Lysychansk|Moschun,3
E7b_RidgeClassifier,2,9736,1007,0.602042376522778,Bucha|Irpin|Kramatorsk|Rubizhne|Trostianets,5
E7b_RidgeClassifier,3,9780,1313,0.5787472820198591,Chernihiv|Hostomel|Kharkiv|Kherson|Makariv,5
E7b_RidgeClassifier,4,9802,1154,0.6175443335893173,Chornobaivka|Dmytrivka|Okhtyrka|Sievierodonetsk|Volnovakha,5
R5_XGBoost_all_multimodal,0,22615,3311,0.6549743908930823,Mariupol,1
R5_XGBoost_all_multimodal,1,10110,1295,0.6404213158949403,Avdiivka|Lysychansk|Moschun,3
R5_XGBoost_all_multimodal,2,9736,1007,0.5755496835475079,Bucha|Irpin|Kramatorsk|Rubizhne|Trostianets,5
R5_XGBoost_all_multimodal,3,9780,1313,0.6503691901473855,Chernihiv|Hostomel|Kharkiv|Kherson|Makariv,5
R5_XGBoost_all_multimodal,4,9802,1154,0.6997943945124308,Chornobaivka|Dmytrivka|Okhtyrka|Sievierodonetsk|Volnovakha,5
R5_GBM_all_multimodal,0,22615,3311,0.6685153849273348,Mariupol,1
R5_GBM_all_multimodal,1,10110,1295,0.6229011622431928,Avdiivka|Lysychansk|Moschun,3
R5_GBM_all_multimodal,2,9736,1007,0.5827495991798959,Bucha|Irpin|Kramatorsk|Rubizhne|Trostianets,5
R5_GBM_all_multimodal,3,9780,1313,0.6222087435733425,Chernihiv|Hostomel|Kharkiv|Kherson|Makariv,5
R5_GBM_all_multimodal,4,9802,1154,0.6761135903433659,Chornobaivka|Dmytrivka|Okhtyrka|Sievierodonetsk|Volnovakha,5
E1_base_GBM,0,22615,3311,0.6685153849273348,Mariupol,1
E1_base_GBM,1,10110,1295,0.6229011622431928,Avdiivka|Lysychansk|Moschun,3
E1_base_GBM,2,9736,1007,0.5827495991798959,Bucha|Irpin|Kramatorsk|Rubizhne|Trostianets,5
E1_base_GBM,3,9780,1313,0.6222087435733425,Chernihiv|Hostomel|Kharkiv|Kherson|Makariv,5
E1_base_GBM,4,9802,1154,0.6761135903433659,Chornobaivka|Dmytrivka|Okhtyrka|Sievierodonetsk|Volnovakha,5
D1i_allblocks_random,0,12649,1649,0.6390105297976736,Avdiivka|Borodyanka|Bucha|Chernihiv|Chornobaivka|Dmytrivka|Hostomel|Irpin|Kharkiv|Kherson|Kramatorsk|Lysychansk|Makariv|Mariupol|Moschun|Mykolaiv|Okhtyrka|Rubizhne|Sievierodonetsk|Trostianets|Volnovakha,21
D1i_allblocks_random,1,12649,1650,0.6388925439502765,Avdiivka|Borodyanka|Bucha|Chernihiv|Chornobaivka|Dmytrivka|Hostomel|Irpin|Kharkiv|Kherson|Kramatorsk|Lysychansk|Makariv|Mariupol|Moschun|Mykolaiv|Okhtyrka|Rubizhne|Sievierodonetsk|Trostianets|Volnovakha,21
D1i_allblocks_random,2,12649,1650,0.6282111596922035,Avdiivka|Borodyanka|Bucha|Chernihiv|Chornobaivka|Dmytrivka|Hostomel|Irpin|Kharkiv|Kherson|Kramatorsk|Lysychansk|Makariv|Mariupol|Moschun|Mykolaiv|Okhtyrka|Rubizhne|Sievierodonetsk|Trostianets|Volnovakha,21
D1i_allblocks_random,3,12648,1649,0.6331156628109584,Avdiivka|Borodyanka|Bucha|Chernihiv|Chornobaivka|Dmytrivka|Hostomel|Irpin|Kharkiv|Kherson|Kramatorsk|Lysychansk|Makariv|Mariupol|Moschun|Mykolaiv|Okhtyrka|Rubizhne|Sievierodonetsk|Trostianets|Volnovakha,21
D1i_allblocks_random,4,12648,1649,0.6211075421102012,Avdiivka|Borodyanka|Bucha|Chernihiv|Chornobaivka|Dmytrivka|Hostomel|Irpin|Kharkiv|Kherson|Kramatorsk|Lysychansk|Makariv|Mariupol|Moschun|Mykolaiv|Okhtyrka|Rubizhne|Sievierodonetsk|Trostianets|Volnovakha,21
NB08b_xBD_RGB_LogReg,0,14351,5286,0.555531945575727,hurricane-michael|sunda-tsunami|woolsey-fire,3
NB08b_xBD_RGB_LogReg,1,14047,2203,0.6930412735818325,hurricane-florence|lower-puna-volcano|pinery-bushfire|portugal-wildfire,4
NB08b_xBD_RGB_LogReg,2,14041,2855,0.7447324855343636,guatemala-volcano|moore-tornado|socal-fire|tuscaloosa-tornado,4
NB08b_xBD_RGB_LogReg,3,14117,7066,0.5552714417456609,hurricane-matthew|mexico-earthquake|nepal-flooding|santa-rosa-wildfire,4
NB08b_xBD_RGB_LogReg,4,14375,5149,0.6643218728329765,hurricane-harvey|joplin-tornado|midwest-flooding|palu-tsunami,4
E7d_MLP_256_128_64,0,22615,3311,0.7160005084209249,Mariupol,1
E7d_MLP_256_128_64,1,10110,1295,0.6360824936434692,Avdiivka|Lysychansk|Moschun,3
E7d_MLP_256_128_64,2,9736,1007,0.5826822507085526,Bucha|Irpin|Kramatorsk|Rubizhne|Trostianets,5
E7d_MLP_256_128_64,3,9780,1313,0.6204307732605714,Chernihiv|Hostomel|Kharkiv|Kherson|Makariv,5
E7d_MLP_256_128_64,4,9802,1154,0.6693941116207632,Chornobaivka|Dmytrivka|Okhtyrka|Sievierodonetsk|Volnovakha,5
R5_LightGBM_all_multimodal,0,22615,3311,0.6617268015429861,Mariupol,1
R5_LightGBM_all_multimodal,1,10110,1295,0.6322628811454677,Avdiivka|Lysychansk|Moschun,3
R5_LightGBM_all_multimodal,2,9736,1007,0.576435338698534,Bucha|Irpin|Kramatorsk|Rubizhne|Trostianets,5
R5_LightGBM_all_multimodal,3,9780,1313,0.6545931514411355,Chernihiv|Hostomel|Kharkiv|Kherson|Makariv,5
R5_LightGBM_all_multimodal,4,9802,1154,0.6900741017448059,Chornobaivka|Dmytrivka|Okhtyrka|Sievierodonetsk|Volnovakha,5
E7b_LDA,0,22615,3311,0.7149894085232225,Mariupol,1
E7b_LDA,1,10110,1295,0.6313538479732467,Avdiivka|Lysychansk|Moschun,3
E7b_LDA,2,9736,1007,0.5970982365053061,Bucha|Irpin|Kramatorsk|Rubizhne|Trostianets,5
E7b_LDA,3,9780,1313,0.5866224419863652,Chernihiv|Hostomel|Kharkiv|Kherson|Makariv,5
E7b_LDA,4,9802,1154,0.6431908099888254,Chornobaivka|Dmytrivka|Okhtyrka|Sievierodonetsk|Volnovakha,5
E6_B_nativeNaN_all_multimodal,0,22615,3311,0.6660875248124305,Mariupol,1
E6_B_nativeNaN_all_multimodal,1,10110,1295,0.63633123602494,Avdiivka|Lysychansk|Moschun,3
E6_B_nativeNaN_all_multimodal,2,9736,1007,0.5894091343412017,Bucha|Irpin|Kramatorsk|Rubizhne|Trostianets,5
E6_B_nativeNaN_all_multimodal,3,9780,1313,0.6398888710086407,Chernihiv|Hostomel|Kharkiv|Kherson|Makariv,5
E6_B_nativeNaN_all_multimodal,4,9802,1154,0.6865095985968445,Chornobaivka|Dmytrivka|Okhtyrka|Sievierodonetsk|Volnovakha,5
E5_LightGBM_native_NaN,0,22615,3311,0.6660875248124305,Mariupol,1
E5_LightGBM_native_NaN,1,10110,1295,0.63633123602494,Avdiivka|Lysychansk|Moschun,3
E5_LightGBM_native_NaN,2,9736,1007,0.5894091343412017,Bucha|Irpin|Kramatorsk|Rubizhne|Trostianets,5
E5_LightGBM_native_NaN,3,9780,1313,0.6398888710086407,Chernihiv|Hostomel|Kharkiv|Kherson|Makariv,5
E5_LightGBM_native_NaN,4,9802,1154,0.6865095985968445,Chornobaivka|Dmytrivka|Okhtyrka|Sievierodonetsk|Volnovakha,5
NB08b_BDA_COH_DROP+CARD_LightGBM,0,24902,933,0.675071592339462,Lysychansk,1
NB08b_BDA_COH_DROP+CARD_LightGBM,1,26461,2781,0.6096569870841716,Avdiivka|Mariupol,2
NB08b_BDA_COH_DROP+CARD_LightGBM,2,26241,213,0.5643618897958212,Borodyanka|Okhtyrka|Volnovakha,3
NB08b_BDA_COH_DROP+CARD_LightGBM,3,29003,1079,0.7119456637166497,Dmytrivka|Hostomel|Sievierodonetsk,3
NB08b_BDA_COH_DROP+CARD_LightGBM,4,24182,421,0.6556316309455774,Bucha|Irpin|Moschun,3
NB08b_BDA_COH_DROP+RGB_RF-200,0,41600,1071,0.7656072207889134,Lysychansk,1
NB08b_BDA_COH_DROP+RGB_RF-200,1,41496,3144,0.5678565436041235,Avdiivka|Mariupol,2
NB08b_BDA_COH_DROP+RGB_RF-200,2,39919,198,0.5970213578091021,Okhtyrka|Volnovakha,2
NB08b_BDA_COH_DROP+RGB_RF-200,3,41859,1189,0.680808784648558,Dmytrivka|Hostomel|Sievierodonetsk,3
NB08b_BDA_COH_DROP+RGB_RF-200,4,41068,542,0.6278789317158334,Borodyanka|Bucha|Irpin|Moschun,4
CLF_A9_XGBoost,0,170104,238,0.7624432239074852,Kharkiv,1
CLF_A9_XGBoost,1,75995,575,0.57028998189847,Chernihiv|Chornobaivka|Moschun|Volnovakha,4
CLF_A9_XGBoost,2,76892,1371,0.680903097936029,Avdiivka|Bucha|Lysychansk|Makariv,4
CLF_A9_XGBoost,3,78593,3759,0.5464534367857896,Irpin|Kherson|Mariupol|Rubizhne|Trostianets,5
CLF_A9_XGBoost,4,78729,1243,0.7595678768867576,Dmytrivka|Hostomel|Kramatorsk|Okhtyrka|Sievierodonetsk,5
R4b_tier1_all,0,4497,618,0.6494584147817766,Hostomel,1
R4b_tier1_all,1,3394,399,0.6726139221174807,Dmytrivka|Okhtyrka,2
R4b_tier1_all,2,3401,436,0.5992883333075484,Chernihiv|Makariv|Trostianets,3
R4b_tier1_all,3,3711,393,0.6071888703302366,Irpin|Moschun,2
R4b_tier1_all,4,3510,368,0.6568956182713863,Bucha|Volnovakha,2
E7_LogReg,0,22615,3311,0.7165878851003755,Mariupol,1
E7_LogReg,1,10110,1295,0.6253230606832423,Avdiivka|Lysychansk|Moschun,3
E7_LogReg,2,9736,1007,0.596084141448627,Bucha|Irpin|Kramatorsk|Rubizhne|Trostianets,5
E7_LogReg,3,9780,1313,0.5713170194107836,Chernihiv|Hostomel|Kharkiv|Kherson|Makariv,5
E7_LogReg,4,9802,1154,0.616080876234695,Chornobaivka|Dmytrivka|Okhtyrka|Sievierodonetsk|Volnovakha,5
NB08b_BDA_COH_DROP+RGB_XGBoost,0,41600,1071,0.7713190073417245,Lysychansk,1
NB08b_BDA_COH_DROP+RGB_XGBoost,1,41496,3144,0.6741321567539365,Avdiivka|Mariupol,2
NB08b_BDA_COH_DROP+RGB_XGBoost,2,39919,198,0.6870813443973736,Okhtyrka|Volnovakha,2
NB08b_BDA_COH_DROP+RGB_XGBoost,3,41859,1189,0.7485664943979761,Dmytrivka|Hostomel|Sievierodonetsk,3
NB08b_BDA_COH_DROP+RGB_XGBoost,4,41068,542,0.6696098518503815,Borodyanka|Bucha|Irpin|Moschun,4
NB08b_BRIGHT_all_LogReg,0,30314,1277,0.6359515816627876,turkey-earthquake,1
NB08b_BRIGHT_all_LogReg,1,20621,3999,0.5329964424688172,ukraine-conflict,1
NB08b_BRIGHT_all_LogReg,2,14256,2662,0.560806520303061,haiti-earthquake|la_palma-volcano|morocco-earthquake,3
NB08b_BRIGHT_all_LogReg,3,13260,4654,0.7336472660113305,bata-explosion|congo-volcano|hawaii-wildfire|mexico-hurricane,4
NB08b_BRIGHT_all_LogReg,4,13972,1534,0.45449636192909265,beirut-explosion|libya-flood|marshall-wildfire|myanmar-hurricane|noto-earthquake,5
NB08b_BDA_COH_DROP+RGB_UISEM_voting,0,41600,1071,0.7692169978274482,Lysychansk,1
NB08b_BDA_COH_DROP+RGB_UISEM_voting,1,41496,3144,0.5605688253964084,Avdiivka|Mariupol,2
NB08b_BDA_COH_DROP+RGB_UISEM_voting,2,39919,198,0.6422230029201154,Okhtyrka|Volnovakha,2
NB08b_BDA_COH_DROP+RGB_UISEM_voting,3,41859,1189,0.7223065068843715,Dmytrivka|Hostomel|Sievierodonetsk,3
NB08b_BDA_COH_DROP+RGB_UISEM_voting,4,41068,542,0.6376250780101445,Borodyanka|Bucha|Irpin|Moschun,4
D1c_post_composite,0,22615,3311,0.6555520125120111,Mariupol,1
D1c_post_composite,1,10110,1295,0.6688186379394547,Avdiivka|Lysychansk|Moschun,3
D1c_post_composite,2,9736,1007,0.5805596362181421,Bucha|Irpin|Kramatorsk|Rubizhne|Trostianets,5
D1c_post_composite,3,9780,1313,0.6355008841727809,Chernihiv|Hostomel|Kharkiv|Kherson|Makariv,5
D1c_post_composite,4,9802,1154,0.6111983596451709,Chornobaivka|Dmytrivka|Okhtyrka|Sievierodonetsk|Volnovakha,5
NB08b_BDA_COH_DROP+CARD_UISEM_voting,0,24902,933,0.6849158995428043,Lysychansk,1
NB08b_BDA_COH_DROP+CARD_UISEM_voting,1,26461,2781,0.609835533348883,Avdiivka|Mariupol,2
NB08b_BDA_COH_DROP+CARD_UISEM_voting,2,26241,213,0.5981784874504956,Borodyanka|Okhtyrka|Volnovakha,3
NB08b_BDA_COH_DROP+CARD_UISEM_voting,3,29003,1079,0.7354867222684,Dmytrivka|Hostomel|Sievierodonetsk,3
NB08b_BDA_COH_DROP+CARD_UISEM_voting,4,24182,421,0.6921441860506962,Bucha|Irpin|Moschun,3
D3_clean,0,22615,3311,0.6193533532312577,Mariupol,1
D3_clean,1,7962,1117,0.6931837666503398,Lysychansk,1
D3_clean,2,7121,897,0.5452793766998248,Bucha|Hostomel|Moschun,3
D3_clean,3,6524,780,0.7030240027498036,Okhtyrka|Sievierodonetsk|Volnovakha,3
D3_clean,4,7071,762,0.5350050900080666,Avdiivka|Dmytrivka|Irpin,3
D6_fusion,0,22615,3311,0.6193533923453737,Mariupol,1
D6_fusion,1,7962,1117,0.6931837666503398,Lysychansk,1
D6_fusion,2,7121,897,0.5452793766998248,Bucha|Hostomel|Moschun,3
D6_fusion,3,6524,780,0.7030240027498036,Okhtyrka|Sievierodonetsk|Volnovakha,3
D6_fusion,4,7071,762,0.5350050900080666,Avdiivka|Dmytrivka|Irpin,3
D3_leaky,0,22615,3311,0.6123325336947769,Mariupol,1
D3_leaky,1,7962,1117,0.7053811439255074,Lysychansk,1
D3_leaky,2,7121,897,0.534321954358,Bucha|Hostomel|Moschun,3
D3_leaky,3,6524,780,0.7133772810870652,Okhtyrka|Sievierodonetsk|Volnovakha,3
D3_leaky,4,7071,762,0.5280156373701029,Avdiivka|Dmytrivka|Irpin,3
CLF_A9_GBM,0,170104,238,0.8060983462298061,Kharkiv,1
CLF_A9_GBM,1,75995,575,0.5997448260754269,Chernihiv|Chornobaivka|Moschun|Volnovakha,4
CLF_A9_GBM,2,76892,1371,0.6753969418237565,Avdiivka|Bucha|Lysychansk|Makariv,4
CLF_A9_GBM,3,78593,3759,0.6562948836379205,Irpin|Kherson|Mariupol|Rubizhne|Trostianets,5
CLF_A9_GBM,4,78729,1243,0.772746371498267,Dmytrivka|Hostomel|Kramatorsk|Okhtyrka|Sievierodonetsk,5
NB08b_BDA_COH_DROP+CARD_RF-200,0,24902,933,0.6739801056893915,Lysychansk,1
NB08b_BDA_COH_DROP+CARD_RF-200,1,26461,2781,0.6195516056104649,Avdiivka|Mariupol,2
NB08b_BDA_COH_DROP+CARD_RF-200,2,26241,213,0.5864451861520025,Borodyanka|Okhtyrka|Volnovakha,3
NB08b_BDA_COH_DROP+CARD_RF-200,3,29003,1079,0.7415256875573433,Dmytrivka|Hostomel|Sievierodonetsk,3
NB08b_BDA_COH_DROP+CARD_RF-200,4,24182,421,0.6967856167829657,Bucha|Irpin|Moschun,3
NB08b_BDA_COH_DROP_ExtraTrees,0,3612,863,0.6031263027490879,Bucha|Dmytrivka|Mariupol|Moschun,4
NB08b_BDA_COH_DROP_ExtraTrees,1,4863,97,0.6317850669043179,Borodyanka|Lysychansk,2
NB08b_BDA_COH_DROP_ExtraTrees,2,4230,95,0.5388595430535226,Avdiivka|Hostomel,2
NB08b_BDA_COH_DROP_ExtraTrees,3,4370,326,0.6933213182598775,Irpin|Sievierodonetsk,2
NB08b_BDA_COH_DROP_ExtraTrees,4,4359,50,0.7211603620329543,Okhtyrka|Volnovakha,2
NB08b_BDA_CARD_XGBoost,0,110650,225,0.6500773274972959,Kharkiv,1
NB08b_BDA_CARD_XGBoost,1,64984,628,0.8428744586739446,Borodyanka|Mykolaiv|Sievierodonetsk,3
NB08b_BDA_CARD_XGBoost,2,64785,792,0.6635863404093914,Bucha|Chernihiv|Chornobaivka|Rubizhne|Trostianets,5
NB08b_BDA_CARD_XGBoost,3,65119,1695,0.6275778373354288,Dmytrivka|Hostomel|Kramatorsk|Lysychansk|Makariv|Volnovakha,6
NB08b_BDA_CARD_XGBoost,4,62750,3091,0.6557745183400218,Avdiivka|Irpin|Kherson|Mariupol|Moschun|Okhtyrka,6
NB08b_BDA_COH_DROP+CARD_XGBoost,0,24902,933,0.6773352343239707,Lysychansk,1
NB08b_BDA_COH_DROP+CARD_XGBoost,1,26461,2781,0.6182301005495787,Avdiivka|Mariupol,2
NB08b_BDA_COH_DROP+CARD_XGBoost,2,26241,213,0.5759847105789286,Borodyanka|Okhtyrka|Volnovakha,3
NB08b_BDA_COH_DROP+CARD_XGBoost,3,29003,1079,0.7038341126895603,Dmytrivka|Hostomel|Sievierodonetsk,3
NB08b_BDA_COH_DROP+CARD_XGBoost,4,24182,421,0.671812810088909,Bucha|Irpin|Moschun,3
NB08b_BDA_COH_DROP+CARD_ExtraTrees,0,24902,933,0.7016995469809454,Lysychansk,1
NB08b_BDA_COH_DROP+CARD_ExtraTrees,1,26461,2781,0.5847001582893574,Avdiivka|Mariupol,2
NB08b_BDA_COH_DROP+CARD_ExtraTrees,2,26241,213,0.5743134334927139,Borodyanka|Okhtyrka|Volnovakha,3
NB08b_BDA_COH_DROP+CARD_ExtraTrees,3,29003,1079,0.7174741078624769,Dmytrivka|Hostomel|Sievierodonetsk,3
NB08b_BDA_COH_DROP+CARD_ExtraTrees,4,24182,421,0.6631240977425532,Bucha|Irpin|Moschun,3
E7b_NearestCentroid,0,22615,3311,0.7189227005562215,Mariupol,1
E7b_NearestCentroid,1,10110,1295,0.6079628660343351,Avdiivka|Lysychansk|Moschun,3
E7b_NearestCentroid,2,9736,1007,0.5973175740944106,Bucha|Irpin|Kramatorsk|Rubizhne|Trostianets,5
E7b_NearestCentroid,3,9780,1313,0.6322940431518055,Chernihiv|Hostomel|Kharkiv|Kherson|Makariv,5
E7b_NearestCentroid,4,9802,1154,0.5822457021148336,Chornobaivka|Dmytrivka|Okhtyrka|Sievierodonetsk|Volnovakha,5
NB08b_BDA_COH_DROP+CARD_GBM,0,24902,933,0.6936421584561016,Lysychansk,1
NB08b_BDA_COH_DROP+CARD_GBM,1,26461,2781,0.6091299658274779,Avdiivka|Mariupol,2
NB08b_BDA_COH_DROP+CARD_GBM,2,26241,213,0.5915646277645381,Borodyanka|Okhtyrka|Volnovakha,3
NB08b_BDA_COH_DROP+CARD_GBM,3,29003,1079,0.7162280406542371,Dmytrivka|Hostomel|Sievierodonetsk,3
NB08b_BDA_COH_DROP+CARD_GBM,4,24182,421,0.6612139435656804,Bucha|Irpin|Moschun,3
B5_sub_XGB,0,22615,3311,0.6197146424976059,Mariupol,1
B5_sub_XGB,1,10110,1295,0.6137834990812869,Avdiivka|Lysychansk|Moschun,3
B5_sub_XGB,2,9736,1007,0.5710571309573961,Bucha|Irpin|Kramatorsk|Rubizhne|Trostianets,5
B5_sub_XGB,3,9780,1313,0.620861728222045,Chernihiv|Hostomel|Kharkiv|Kherson|Makariv,5
B5_sub_XGB,4,9802,1154,0.6770748829234117,Chornobaivka|Dmytrivka|Okhtyrka|Sievierodonetsk|Volnovakha,5
E1_base_XGB,0,22615,3311,0.6197146424976059,Mariupol,1
E1_base_XGB,1,10110,1295,0.6137834990812869,Avdiivka|Lysychansk|Moschun,3
E1_base_XGB,2,9736,1007,0.5710571309573961,Bucha|Irpin|Kramatorsk|Rubizhne|Trostianets,5
E1_base_XGB,3,9780,1313,0.620861728222045,Chernihiv|Hostomel|Kharkiv|Kherson|Makariv,5
E1_base_XGB,4,9802,1154,0.6770748829234117,Chornobaivka|Dmytrivka|Okhtyrka|Sievierodonetsk|Volnovakha,5
D1j_dynamic_random,0,58624,5909,0.6006142787797097,Avdiivka|Borodyanka|Bucha|Chernihiv|Chornobaivka|Dmytrivka|Hostomel|Irpin|Kharkiv|Kherson|Kramatorsk|Lysychansk|Makariv|Mariupol|Moschun|Mykolaiv|Okhtyrka|Rubizhne|Sievierodonetsk|Trostianets|Volnovakha,21
D1j_dynamic_random,1,58623,5908,0.6014991063132437,Avdiivka|Borodyanka|Bucha|Chernihiv|Chornobaivka|Dmytrivka|Hostomel|Irpin|Kharkiv|Kherson|Kramatorsk|Lysychansk|Makariv|Mariupol|Moschun|Mykolaiv|Okhtyrka|Rubizhne|Sievierodonetsk|Trostianets|Volnovakha,21
D1j_dynamic_random,2,58623,5908,0.6025459027096757,Avdiivka|Borodyanka|Bucha|Chernihiv|Chornobaivka|Dmytrivka|Hostomel|Irpin|Kharkiv|Kherson|Kramatorsk|Lysychansk|Makariv|Mariupol|Moschun|Mykolaiv|Okhtyrka|Rubizhne|Sievierodonetsk|Trostianets|Volnovakha,21
D1j_dynamic_random,3,58623,5909,0.598195886014206,Avdiivka|Borodyanka|Bucha|Chernihiv|Chornobaivka|Dmytrivka|Hostomel|Irpin|Kharkiv|Kherson|Kramatorsk|Lysychansk|Makariv|Mariupol|Moschun|Mykolaiv|Okhtyrka|Rubizhne|Sievierodonetsk|Trostianets|Volnovakha,21
D1j_dynamic_random,4,58623,5909,0.6074388231502137,Avdiivka|Borodyanka|Bucha|Chernihiv|Chornobaivka|Dmytrivka|Hostomel|Irpin|Kharkiv|Kherson|Kramatorsk|Lysychansk|Makariv|Mariupol|Moschun|Mykolaiv|Okhtyrka|Rubizhne|Sievierodonetsk|Trostianets|Volnovakha,21
E7d_MLP_128_64,0,22615,3311,0.6526362194460865,Mariupol,1
E7d_MLP_128_64,1,10110,1295,0.6370167558369486,Avdiivka|Lysychansk|Moschun,3
E7d_MLP_128_64,2,9736,1007,0.5678833911274987,Bucha|Irpin|Kramatorsk|Rubizhne|Trostianets,5
E7d_MLP_128_64,3,9780,1313,0.5966208939306592,Chernihiv|Hostomel|Kharkiv|Kherson|Makariv,5
E7d_MLP_128_64,4,9802,1154,0.6708446428542799,Chornobaivka|Dmytrivka|Okhtyrka|Sievierodonetsk|Volnovakha,5
NB08b_BDA_CARD_GBM,0,110650,225,0.6474863079516012,Kharkiv,1
NB08b_BDA_CARD_GBM,1,64984,628,0.8455405847568442,Borodyanka|Mykolaiv|Sievierodonetsk,3
NB08b_BDA_CARD_GBM,2,64785,792,0.6461635758140845,Bucha|Chernihiv|Chornobaivka|Rubizhne|Trostianets,5
NB08b_BDA_CARD_GBM,3,65119,1695,0.6297638415726792,Dmytrivka|Hostomel|Kramatorsk|Lysychansk|Makariv|Volnovakha,6
NB08b_BDA_CARD_GBM,4,62750,3091,0.6640900653275491,Avdiivka|Irpin|Kherson|Mariupol|Moschun|Okhtyrka,6
NB08b_BDA_CARD_AdaBoost,0,110650,225,0.7048481372475033,Kharkiv,1
NB08b_BDA_CARD_AdaBoost,1,64984,628,0.9103880217642867,Borodyanka|Mykolaiv|Sievierodonetsk,3
NB08b_BDA_CARD_AdaBoost,2,64785,792,0.6147748838375157,Bucha|Chernihiv|Chornobaivka|Rubizhne|Trostianets,5
NB08b_BDA_CARD_AdaBoost,3,65119,1695,0.5924245011891686,Dmytrivka|Hostomel|Kramatorsk|Lysychansk|Makariv|Volnovakha,6
NB08b_BDA_CARD_AdaBoost,4,62750,3091,0.6549464513266379,Avdiivka|Irpin|Kherson|Mariupol|Moschun|Okhtyrka,6
NB08b_BRIGHT_all_LightGBM,0,30314,1277,0.611543722373601,turkey-earthquake,1
NB08b_BRIGHT_all_LightGBM,1,20621,3999,0.5457845480501398,ukraine-conflict,1
NB08b_BRIGHT_all_LightGBM,2,14256,2662,0.663023307218545,haiti-earthquake|la_palma-volcano|morocco-earthquake,3
NB08b_BRIGHT_all_LightGBM,3,13260,4654,0.6523300994968482,bata-explosion|congo-volcano|hawaii-wildfire|mexico-hurricane,4
NB08b_BRIGHT_all_LightGBM,4,13972,1534,0.46849300824134643,beirut-explosion|libya-flood|marshall-wildfire|myanmar-hurricane|noto-earthquake,5
D1j_dynamic_groupkfold,0,90460,9933,0.6015373931865035,Mariupol,1
D1j_dynamic_groupkfold,1,50844,5802,0.581225941390701,Bucha|Dmytrivka|Kharkiv|Kherson,4
D1j_dynamic_groupkfold,2,50892,5756,0.5761666070624885,Chornobaivka|Kramatorsk|Lysychansk|Mykolaiv|Okhtyrka,5
D1j_dynamic_groupkfold,3,50334,4017,0.5216624926677076,Avdiivka|Borodyanka|Chernihiv|Hostomel|Volnovakha,5
D1j_dynamic_groupkfold,4,50586,4035,0.5968136717621694,Irpin|Makariv|Moschun|Rubizhne|Sievierodonetsk|Trostianets,6
NB08b_BRIGHT_all_ExtraTrees,0,30314,1277,0.6212452618643419,turkey-earthquake,1
NB08b_BRIGHT_all_ExtraTrees,1,20621,3999,0.5414546919728368,ukraine-conflict,1
NB08b_BRIGHT_all_ExtraTrees,2,14256,2662,0.6356198872003928,haiti-earthquake|la_palma-volcano|morocco-earthquake,3
NB08b_BRIGHT_all_ExtraTrees,3,13260,4654,0.6854860032591368,bata-explosion|congo-volcano|hawaii-wildfire|mexico-hurricane,4
NB08b_BRIGHT_all_ExtraTrees,4,13972,1534,0.46357791228587675,beirut-explosion|libya-flood|marshall-wildfire|myanmar-hurricane|noto-earthquake,5
E7_KNN_15,0,22615,3311,0.5856275274759455,Mariupol,1
E7_KNN_15,1,10110,1295,0.6194423335092649,Avdiivka|Lysychansk|Moschun,3
E7_KNN_15,2,9736,1007,0.5522008103886837,Bucha|Irpin|Kramatorsk|Rubizhne|Trostianets,5
E7_KNN_15,3,9780,1313,0.5559174181992883,Chernihiv|Hostomel|Kharkiv|Kherson|Makariv,5
E7_KNN_15,4,9802,1154,0.6228690938648822,Chornobaivka|Dmytrivka|Okhtyrka|Sievierodonetsk|Volnovakha,5
E7b_QDA,0,22615,3311,0.5861027092251613,Mariupol,1
E7b_QDA,1,10110,1295,0.6107354741501083,Avdiivka|Lysychansk|Moschun,3
E7b_QDA,2,9736,1007,0.5564092934974709,Bucha|Irpin|Kramatorsk|Rubizhne|Trostianets,5
E7b_QDA,3,9780,1313,0.5503831865139072,Chernihiv|Hostomel|Kharkiv|Kherson|Makariv,5
E7b_QDA,4,9802,1154,0.6280099825727831,Chornobaivka|Dmytrivka|Okhtyrka|Sievierodonetsk|Volnovakha,5
ABL_ROLLING_SAR_COH,0,170104,238,0.5,Kharkiv,1
ABL_ROLLING_SAR_COH,1,113042,84,0.5,Mykolaiv,1
ABL_ROLLING_SAR_COH,2,107068,1628,0.5055100680242941,Borodyanka|Chernihiv|Irpin|Kramatorsk|Rubizhne|Sievierodonetsk,6
ABL_ROLLING_SAR_COH,3,103628,1947,0.6027506531487158,Avdiivka|Chornobaivka|Dmytrivka|Hostomel|Lysychansk|Makariv|Moschun,7
ABL_ROLLING_SAR_COH,4,104753,3435,0.4302393737296436,Bucha|Kherson|Mariupol|Okhtyrka|Trostianets|Volnovakha,6
R4_tier1_ms,0,4497,618,0.6182869171065508,Hostomel,1
R4_tier1_ms,1,3394,399,0.6097832226643403,Dmytrivka|Okhtyrka,2
R4_tier1_ms,2,3401,436,0.5869061064096416,Chernihiv|Makariv|Trostianets,3
R4_tier1_ms,3,3711,393,0.5483433718770466,Irpin|Moschun,2
R4_tier1_ms,4,3510,368,0.5910797435861954,Bucha|Volnovakha,2
NB08b_BDA_COH_DROP+RGB+CARD_UISEM_voting,0,41600,1071,0.6361612078027195,Lysychansk,1
NB08b_BDA_COH_DROP+RGB+CARD_UISEM_voting,1,41496,3144,0.5286709123920804,Avdiivka|Mariupol,2
NB08b_BDA_COH_DROP+RGB+CARD_UISEM_voting,2,39919,198,0.5290414530237294,Okhtyrka|Volnovakha,2
NB08b_BDA_COH_DROP+RGB+CARD_UISEM_voting,3,41859,1189,0.7104034131410729,Dmytrivka|Hostomel|Sievierodonetsk,3
NB08b_BDA_COH_DROP+RGB+CARD_UISEM_voting,4,41068,542,0.6345728258274539,Borodyanka|Bucha|Irpin|Moschun,4
CLF_A9_ExtraTrees,0,170104,238,0.7841329725348513,Kharkiv,1
CLF_A9_ExtraTrees,1,75995,575,0.5097250066295412,Chernihiv|Chornobaivka|Moschun|Volnovakha,4
CLF_A9_ExtraTrees,2,76892,1371,0.582315591672344,Avdiivka|Bucha|Lysychansk|Makariv,4
CLF_A9_ExtraTrees,3,78593,3759,0.4672399447444564,Irpin|Kherson|Mariupol|Rubizhne|Trostianets,5
CLF_A9_ExtraTrees,4,78729,1243,0.6495029470872781,Dmytrivka|Hostomel|Kramatorsk|Okhtyrka|Sievierodonetsk,5
E7_KNN_5,0,22615,3311,0.5604808589284634,Mariupol,1
E7_KNN_5,1,10110,1295,0.5899176771780288,Avdiivka|Lysychansk|Moschun,3
E7_KNN_5,2,9736,1007,0.5610120837036836,Bucha|Irpin|Kramatorsk|Rubizhne|Trostianets,5
E7_KNN_5,3,9780,1313,0.5439301059595107,Chernihiv|Hostomel|Kharkiv|Kherson|Makariv,5
E7_KNN_5,4,9802,1154,0.6039763153380351,Chornobaivka|Dmytrivka|Okhtyrka|Sievierodonetsk|Volnovakha,5
NB08b_BDA_COH_DROP_AdaBoost,0,3612,863,0.6312819114250753,Bucha|Dmytrivka|Mariupol|Moschun,4
NB08b_BDA_COH_DROP_AdaBoost,1,4863,97,0.5376972195664306,Borodyanka|Lysychansk,2
NB08b_BDA_COH_DROP_AdaBoost,2,4230,95,0.4837624896582448,Avdiivka|Hostomel,2
NB08b_BDA_COH_DROP_AdaBoost,3,4370,326,0.7189075840600025,Irpin|Sievierodonetsk,2
NB08b_BDA_COH_DROP_AdaBoost,4,4359,50,0.7709306103504293,Okhtyrka|Volnovakha,2
NB08b_BDA_CARD_UISEM_voting,0,110650,225,0.6587550524488718,Kharkiv,1
NB08b_BDA_CARD_UISEM_voting,1,64984,628,0.675892467971748,Borodyanka|Mykolaiv|Sievierodonetsk,3
NB08b_BDA_CARD_UISEM_voting,2,64785,792,0.6656777248521658,Bucha|Chernihiv|Chornobaivka|Rubizhne|Trostianets,5
NB08b_BDA_CARD_UISEM_voting,3,65119,1695,0.6378885076306225,Dmytrivka|Hostomel|Kramatorsk|Lysychansk|Makariv|Volnovakha,6
NB08b_BDA_CARD_UISEM_voting,4,62750,3091,0.6603047431723862,Avdiivka|Irpin|Kherson|Mariupol|Moschun|Okhtyrka,6
R1_random_cv,0,12649,1649,0.5447752632449419,Avdiivka|Borodyanka|Bucha|Chernihiv|Chornobaivka|Dmytrivka|Hostomel|Irpin|Kharkiv|Kherson|Kramatorsk|Lysychansk|Makariv|Mariupol|Moschun|Mykolaiv|Okhtyrka|Rubizhne|Sievierodonetsk|Trostianets|Volnovakha,21
R1_random_cv,1,12649,1650,0.5578915438593591,Avdiivka|Borodyanka|Bucha|Chernihiv|Chornobaivka|Dmytrivka|Hostomel|Irpin|Kharkiv|Kherson|Kramatorsk|Lysychansk|Makariv|Mariupol|Moschun|Mykolaiv|Okhtyrka|Rubizhne|Sievierodonetsk|Trostianets|Volnovakha,21
R1_random_cv,2,12649,1650,0.5626348125311669,Avdiivka|Borodyanka|Bucha|Chernihiv|Chornobaivka|Dmytrivka|Hostomel|Irpin|Kharkiv|Kherson|Kramatorsk|Lysychansk|Makariv|Mariupol|Moschun|Mykolaiv|Okhtyrka|Rubizhne|Sievierodonetsk|Trostianets|Volnovakha,21
R1_random_cv,3,12648,1649,0.5599265846484418,Avdiivka|Borodyanka|Bucha|Chernihiv|Chornobaivka|Dmytrivka|Hostomel|Irpin|Kharkiv|Kherson|Kramatorsk|Lysychansk|Makariv|Mariupol|Moschun|Mykolaiv|Okhtyrka|Rubizhne|Sievierodonetsk|Trostianets|Volnovakha,21
R1_random_cv,4,12648,1649,0.5592451455562613,Avdiivka|Borodyanka|Bucha|Chernihiv|Chornobaivka|Dmytrivka|Hostomel|Irpin|Kharkiv|Kherson|Kramatorsk|Lysychansk|Makariv|Mariupol|Moschun|Mykolaiv|Okhtyrka|Rubizhne|Sievierodonetsk|Trostianets|Volnovakha,21
R4b_tier1_card,0,4497,618,0.5338354144922748,Hostomel,1
R4b_tier1_card,1,3584,422,0.6532123168790525,Dmytrivka|Makariv,2
R4b_tier1_card,2,3575,464,0.49073989403562446,Borodyanka|Chernihiv|Okhtyrka,3
R4b_tier1_card,3,3711,393,0.5265760667007164,Irpin|Moschun,2
R4b_tier1_card,4,3653,385,0.5841835031553513,Bucha|Trostianets|Volnovakha,3
R4_tier1_dietrich28,0,4497,618,0.5338354144922748,Hostomel,1
R4_tier1_dietrich28,1,3584,422,0.6532123168790525,Dmytrivka|Makariv,2
R4_tier1_dietrich28,2,3575,464,0.49073989403562446,Borodyanka|Chernihiv|Okhtyrka,3
R4_tier1_dietrich28,3,3711,393,0.5265760667007164,Irpin|Moschun,2
R4_tier1_dietrich28,4,3653,385,0.5841835031553513,Bucha|Trostianets|Volnovakha,3
NB08b_BDA_COH_DROP_RF-200,0,3612,863,0.5518798155612891,Bucha|Dmytrivka|Mariupol|Moschun,4
NB08b_BDA_COH_DROP_RF-200,1,4863,97,0.6307640892749762,Borodyanka|Lysychansk,2
NB08b_BDA_COH_DROP_RF-200,2,4230,95,0.5517775090689239,Avdiivka|Hostomel,2
NB08b_BDA_COH_DROP_RF-200,3,4370,326,0.6682789165801946,Irpin|Sievierodonetsk,2
NB08b_BDA_COH_DROP_RF-200,4,4359,50,0.7056532838245533,Okhtyrka|Volnovakha,2
NB08b_BDA_CARD_RF-200,0,110650,225,0.6515358941463537,Kharkiv,1
NB08b_BDA_CARD_RF-200,1,64984,628,0.5577883997572421,Borodyanka|Mykolaiv|Sievierodonetsk,3
NB08b_BDA_CARD_RF-200,2,64785,792,0.6620478593223659,Bucha|Chernihiv|Chornobaivka|Rubizhne|Trostianets,5
NB08b_BDA_CARD_RF-200,3,65119,1695,0.6321398904670055,Dmytrivka|Hostomel|Kramatorsk|Lysychansk|Makariv|Volnovakha,6
NB08b_BDA_CARD_RF-200,4,62750,3091,0.6449703290244362,Avdiivka|Irpin|Kherson|Mariupol|Moschun|Okhtyrka,6
E6_A_impute+obs_card+coh,0,22615,3311,0.5174136435418589,Mariupol,1
E6_A_impute+obs_card+coh,1,10110,1295,0.5235484881202408,Avdiivka|Lysychansk|Moschun,3
E6_A_impute+obs_card+coh,2,9736,1007,0.5747449148206796,Bucha|Irpin|Kramatorsk|Rubizhne|Trostianets,5
E6_A_impute+obs_card+coh,3,9780,1313,0.588392856420037,Chernihiv|Hostomel|Kharkiv|Kherson|Makariv,5
E6_A_impute+obs_card+coh,4,9802,1154,0.6148819534515348,Chornobaivka|Dmytrivka|Okhtyrka|Sievierodonetsk|Volnovakha,5
NB08b_BDA_RGB+CARD_UISEM_voting,0,170104,238,0.6138003663193934,Kharkiv,1
NB08b_BDA_RGB+CARD_UISEM_voting,1,113042,84,0.42629619394987933,Mykolaiv,1
NB08b_BDA_RGB+CARD_UISEM_voting,2,107068,1628,0.6441807123675959,Borodyanka|Chernihiv|Irpin|Kramatorsk|Rubizhne|Sievierodonetsk,6
NB08b_BDA_RGB+CARD_UISEM_voting,3,103628,1947,0.5941897670876752,Avdiivka|Chornobaivka|Dmytrivka|Hostomel|Lysychansk|Makariv|Moschun,7
NB08b_BDA_RGB+CARD_UISEM_voting,4,104753,3435,0.5639368954156561,Bucha|Kherson|Mariupol|Okhtyrka|Trostianets|Volnovakha,6
NB08b_BDA_RGB+CARD_RF-200,0,170104,238,0.5510266891539916,Kharkiv,1
NB08b_BDA_RGB+CARD_RF-200,1,113042,84,0.42263638444630497,Mykolaiv,1
NB08b_BDA_RGB+CARD_RF-200,2,107068,1628,0.6049310069096204,Borodyanka|Chernihiv|Irpin|Kramatorsk|Rubizhne|Sievierodonetsk,6
NB08b_BDA_RGB+CARD_RF-200,3,103628,1947,0.5611017344913767,Avdiivka|Chornobaivka|Dmytrivka|Hostomel|Lysychansk|Makariv|Moschun,7
NB08b_BDA_RGB+CARD_RF-200,4,104753,3435,0.5494837258901477,Bucha|Kherson|Mariupol|Okhtyrka|Trostianets|Volnovakha,6
R3b_card_coh,0,22615,3311,0.5142079288255764,Mariupol,1
R3b_card_coh,1,10110,1295,0.5380446632516968,Avdiivka|Lysychansk|Moschun,3
R3b_card_coh,2,9736,1007,0.5662120227715193,Bucha|Irpin|Kramatorsk|Rubizhne|Trostianets,5
R3b_card_coh,3,9780,1313,0.5835134675899112,Chernihiv|Hostomel|Kharkiv|Kherson|Makariv,5
R3b_card_coh,4,9802,1154,0.6005541999272128,Chornobaivka|Dmytrivka|Okhtyrka|Sievierodonetsk|Volnovakha,5
E6_C_SAR_only_no_NaN,0,22615,3311,0.5187713257983066,Mariupol,1
E6_C_SAR_only_no_NaN,1,10110,1295,0.5115813471684147,Avdiivka|Lysychansk|Moschun,3
E6_C_SAR_only_no_NaN,2,9736,1007,0.574214659373161,Bucha|Irpin|Kramatorsk|Rubizhne|Trostianets,5
E6_C_SAR_only_no_NaN,3,9780,1313,0.58759993886934,Chernihiv|Hostomel|Kharkiv|Kherson|Makariv,5
E6_C_SAR_only_no_NaN,4,9802,1154,0.5999868534334183,Chornobaivka|Dmytrivka|Okhtyrka|Sievierodonetsk|Volnovakha,5
ABL_PREPOST_SAR_ALL,0,170104,238,0.679391600517145,Kharkiv,1
ABL_PREPOST_SAR_ALL,1,113042,84,0.555337308262068,Mykolaiv,1
ABL_PREPOST_SAR_ALL,2,107068,1628,0.5266359112207462,Borodyanka|Chernihiv|Irpin|Kramatorsk|Rubizhne|Sievierodonetsk,6
ABL_PREPOST_SAR_ALL,3,103628,1947,0.5040831597224563,Avdiivka|Chornobaivka|Dmytrivka|Hostomel|Lysychansk|Makariv|Moschun,7
ABL_PREPOST_SAR_ALL,4,104753,3435,0.4717635465582545,Bucha|Kherson|Mariupol|Okhtyrka|Trostianets|Volnovakha,6
ABL_FUSION_MS_COH_MS,0,170104,238,0.7462540047632208,Kharkiv,1
ABL_FUSION_MS_COH_MS,1,75995,575,0.5026995953097437,Chernihiv|Chornobaivka|Moschun|Volnovakha,4
ABL_FUSION_MS_COH_MS,2,76892,1371,0.5782585859120862,Avdiivka|Bucha|Lysychansk|Makariv,4
ABL_FUSION_MS_COH_MS,3,78593,3759,0.4667039388405173,Irpin|Kherson|Mariupol|Rubizhne|Trostianets,5
ABL_FUSION_MS_COH_MS,4,78729,1243,0.6255184934764848,Dmytrivka|Hostomel|Kramatorsk|Okhtyrka|Sievierodonetsk,5
NB08b_BRIGHT_all_RF-200,0,30314,1277,0.5737080676022429,turkey-earthquake,1
NB08b_BRIGHT_all_RF-200,1,20621,3999,0.5306396762227497,ukraine-conflict,1
NB08b_BRIGHT_all_RF-200,2,14256,2662,0.6278284792504529,haiti-earthquake|la_palma-volcano|morocco-earthquake,3
NB08b_BRIGHT_all_RF-200,3,13260,4654,0.620176509607782,bata-explosion|congo-volcano|hawaii-wildfire|mexico-hurricane,4
NB08b_BRIGHT_all_RF-200,4,13972,1534,0.47364508142918216,beirut-explosion|libya-flood|marshall-wildfire|myanmar-hurricane|noto-earthquake,5
E6_A_impute+obs_card_only,0,22615,3311,0.4997347984709322,Mariupol,1
E6_A_impute+obs_card_only,1,10110,1295,0.5226505802455887,Avdiivka|Lysychansk|Moschun,3
E6_A_impute+obs_card_only,2,9736,1007,0.5812855662783474,Bucha|Irpin|Kramatorsk|Rubizhne|Trostianets,5
E6_A_impute+obs_card_only,3,9780,1313,0.5731468014659485,Chernihiv|Hostomel|Kharkiv|Kherson|Makariv,5
E6_A_impute+obs_card_only,4,9802,1154,0.6264077447706325,Chornobaivka|Dmytrivka|Okhtyrka|Sievierodonetsk|Volnovakha,5
R3_card_block_stats_A15,0,22615,3311,0.5168763876906062,Mariupol,1
R3_card_block_stats_A15,1,10110,1295,0.5308531657822639,Avdiivka|Lysychansk|Moschun,3
R3_card_block_stats_A15,2,10119,1064,0.5583729132328336,Bucha|Irpin|Makariv|Okhtyrka|Rubizhne,5
R3_card_block_stats_A15,3,10205,1376,0.5862204314139188,Chernihiv|Chornobaivka|Hostomel|Kharkiv|Kramatorsk|Mykolaiv,6
R3_card_block_stats_A15,4,10194,1201,0.5557360137540596,Borodyanka|Dmytrivka|Kherson|Sievierodonetsk|Trostianets|Volnovakha,6
R4b_tier2_card,0,1883,263,0.5637891376801389,Kharkiv,1
R4b_tier2_card,1,1186,93,0.572814292319649,Avdiivka,1
R4b_tier2_card,2,693,99,0.5249124239023228,Mykolaiv,1
R4b_tier2_card,3,180,25,0.5695483870967742,Kramatorsk,1
R4b_tier2_card,4,284,26,0.44886702444841986,Chornobaivka|Kherson,2
R4_tier2_dietrich28,0,1883,263,0.5637891376801389,Kharkiv,1
R4_tier2_dietrich28,1,1186,93,0.572814292319649,Avdiivka,1
R4_tier2_dietrich28,2,693,99,0.5249124239023228,Mykolaiv,1
R4_tier2_dietrich28,3,180,25,0.5695483870967742,Kramatorsk,1
R4_tier2_dietrich28,4,284,26,0.44886702444841986,Chornobaivka|Kherson,2
ABL_PREPOST_MS_MS,0,170104,238,0.741288264095861,Kharkiv,1
ABL_PREPOST_MS_MS,1,75995,575,0.49385646754983686,Chernihiv|Chornobaivka|Moschun|Volnovakha,4
ABL_PREPOST_MS_MS,2,76892,1371,0.5744831254446199,Avdiivka|Bucha|Lysychansk|Makariv,4
ABL_PREPOST_MS_MS,3,78593,3759,0.4617521719776573,Irpin|Kherson|Mariupol|Rubizhne|Trostianets,5
ABL_PREPOST_MS_MS,4,78729,1243,0.6261004531189908,Dmytrivka|Hostomel|Kramatorsk|Okhtyrka|Sievierodonetsk,5
ABL_PREPOST_MS_ALL,0,170104,238,0.7412883011987601,Kharkiv,1
ABL_PREPOST_MS_ALL,1,75995,575,0.4938565367276585,Chernihiv|Chornobaivka|Moschun|Volnovakha,4
ABL_PREPOST_MS_ALL,2,76892,1371,0.574483096470112,Avdiivka|Bucha|Lysychansk|Makariv,4
ABL_PREPOST_MS_ALL,3,78593,3759,0.46175219152966696,Irpin|Kherson|Mariupol|Rubizhne|Trostianets,5
ABL_PREPOST_MS_ALL,4,78729,1243,0.6261004686928731,Dmytrivka|Hostomel|Kramatorsk|Okhtyrka|Sievierodonetsk,5
CLF_A9_RF_200,0,170104,238,0.74128830119876,Kharkiv,1
CLF_A9_RF_200,1,75995,575,0.4938564675498368,Chernihiv|Chornobaivka|Moschun|Volnovakha,4
CLF_A9_RF_200,2,76892,1371,0.5744831399318738,Avdiivka|Bucha|Lysychansk|Makariv,4
CLF_A9_RF_200,3,78593,3759,0.4617522253013201,Irpin|Kherson|Mariupol|Rubizhne|Trostianets,5
CLF_A9_RF_200,4,78729,1243,0.6261004738841671,Dmytrivka|Hostomel|Kramatorsk|Okhtyrka|Sievierodonetsk,5
D2_sar-only,0,22615,3311,0.5030103397070359,Mariupol,1
D2_sar-only,1,10110,1295,0.4952201516807302,Avdiivka|Lysychansk|Moschun,3
D2_sar-only,2,9736,1007,0.5850759655489817,Bucha|Irpin|Kramatorsk|Rubizhne|Trostianets,5
D2_sar-only,3,9780,1313,0.5634665959532331,Chernihiv|Hostomel|Kharkiv|Kherson|Makariv,5
D2_sar-only,4,9802,1154,0.6267011376589813,Chornobaivka|Dmytrivka|Okhtyrka|Sievierodonetsk|Volnovakha,5
NB08b_BDA_COH_DROP+RGB+CARD_RF-200,0,41600,1071,0.5892524215061599,Lysychansk,1
NB08b_BDA_COH_DROP+RGB+CARD_RF-200,1,41496,3144,0.4938915490604774,Avdiivka|Mariupol,2
NB08b_BDA_COH_DROP+RGB+CARD_RF-200,2,39919,198,0.47299560901937476,Okhtyrka|Volnovakha,2
NB08b_BDA_COH_DROP+RGB+CARD_RF-200,3,41859,1189,0.6845746901717511,Dmytrivka|Hostomel|Sievierodonetsk,3
NB08b_BDA_COH_DROP+RGB+CARD_RF-200,4,41068,542,0.6068895363606945,Borodyanka|Bucha|Irpin|Moschun,4
NB08b_BRIGHT_all_UISEM_voting,0,30314,1277,0.5967123629617481,turkey-earthquake,1
NB08b_BRIGHT_all_UISEM_voting,1,20621,3999,0.5414715413301647,ukraine-conflict,1
NB08b_BRIGHT_all_UISEM_voting,2,14256,2662,0.6498073370679178,haiti-earthquake|la_palma-volcano|morocco-earthquake,3
NB08b_BRIGHT_all_UISEM_voting,3,13260,4654,0.6472389592174477,bata-explosion|congo-volcano|hawaii-wildfire|mexico-hurricane,4
NB08b_BRIGHT_all_UISEM_voting,4,13972,1534,0.46985813651356095,beirut-explosion|libya-flood|marshall-wildfire|myanmar-hurricane|noto-earthquake,5
R3b_card_only,0,22615,3311,0.4974161762590959,Mariupol,1
R3b_card_only,1,10110,1295,0.5142079686038847,Avdiivka|Lysychansk|Moschun,3
R3b_card_only,2,9736,1007,0.5818632614430116,Bucha|Irpin|Kramatorsk|Rubizhne|Trostianets,5
R3b_card_only,3,9780,1313,0.568402968704898,Chernihiv|Hostomel|Kharkiv|Kherson|Makariv,5
R3b_card_only,4,9802,1154,0.6199247439225186,Chornobaivka|Dmytrivka|Okhtyrka|Sievierodonetsk|Volnovakha,5
NB08b_BRIGHT_all_GBM,0,30314,1277,0.628048277129962,turkey-earthquake,1
NB08b_BRIGHT_all_GBM,1,20621,3999,0.5528990537852247,ukraine-conflict,1
NB08b_BRIGHT_all_GBM,2,14256,2662,0.6669817719650063,haiti-earthquake|la_palma-volcano|morocco-earthquake,3
NB08b_BRIGHT_all_GBM,3,13260,4654,0.668984838432846,bata-explosion|congo-volcano|hawaii-wildfire|mexico-hurricane,4
NB08b_BRIGHT_all_GBM,4,13972,1534,0.47208068578165957,beirut-explosion|libya-flood|marshall-wildfire|myanmar-hurricane|noto-earthquake,5
NB08b_BRIGHT_all_AdaBoost,0,30314,1277,0.6483409402132116,turkey-earthquake,1
NB08b_BRIGHT_all_AdaBoost,1,20621,3999,0.5503114362996958,ukraine-conflict,1
NB08b_BRIGHT_all_AdaBoost,2,14256,2662,0.6348913341145004,haiti-earthquake|la_palma-volcano|morocco-earthquake,3
NB08b_BRIGHT_all_AdaBoost,3,13260,4654,0.6928268132455933,bata-explosion|congo-volcano|hawaii-wildfire|mexico-hurricane,4
NB08b_BRIGHT_all_AdaBoost,4,13972,1534,0.4668668197912231,beirut-explosion|libya-flood|marshall-wildfire|myanmar-hurricane|noto-earthquake,5
D1_blk_pre+post_all,0,22615,3311,0.5193018227303206,Mariupol,1
D1_blk_pre+post_all,1,10110,1295,0.5210227827698048,Avdiivka|Lysychansk|Moschun,3
D1_blk_pre+post_all,2,10119,1064,0.564782469702694,Bucha|Irpin|Makariv|Okhtyrka|Rubizhne,5
D1_blk_pre+post_all,3,10205,1376,0.5305906704122514,Chernihiv|Chornobaivka|Hostomel|Kharkiv|Kramatorsk|Mykolaiv,6
D1_blk_pre+post_all,4,10194,1201,0.5247735471561608,Borodyanka|Dmytrivka|Kherson|Sievierodonetsk|Trostianets|Volnovakha,6
R2_roll13,0,22615,3311,0.5194248757391473,Mariupol,1
R2_roll13,1,10110,1295,0.5223998668468322,Avdiivka|Lysychansk|Moschun,3
R2_roll13,2,10119,1064,0.555960753623429,Bucha|Irpin|Makariv|Okhtyrka|Rubizhne,5
R2_roll13,3,10205,1376,0.5217458586529065,Chernihiv|Chornobaivka|Hostomel|Kharkiv|Kramatorsk|Mykolaiv,6
R2_roll13,4,10194,1201,0.5522212993305089,Borodyanka|Dmytrivka|Kherson|Sievierodonetsk|Trostianets|Volnovakha,6
NB08b_BRIGHT_all_XGBoost,0,30314,1277,0.591668977195919,turkey-earthquake,1
NB08b_BRIGHT_all_XGBoost,1,20621,3999,0.5458719315251748,ukraine-conflict,1
NB08b_BRIGHT_all_XGBoost,2,14256,2662,0.6573877981914269,haiti-earthquake|la_palma-volcano|morocco-earthquake,3
NB08b_BRIGHT_all_XGBoost,3,13260,4654,0.6552585313151866,bata-explosion|congo-volcano|hawaii-wildfire|mexico-hurricane,4
NB08b_BRIGHT_all_XGBoost,4,13972,1534,0.46786231808859297,beirut-explosion|libya-flood|marshall-wildfire|myanmar-hurricane|noto-earthquake,5
R2_roll7,0,22615,3311,0.5250450735426737,Mariupol,1
R2_roll7,1,10110,1295,0.5244933500066795,Avdiivka|Lysychansk|Moschun,3
R2_roll7,2,10119,1064,0.5470496713899603,Bucha|Irpin|Makariv|Okhtyrka|Rubizhne,5
R2_roll7,3,10205,1376,0.5181759305354712,Chernihiv|Chornobaivka|Hostomel|Kharkiv|Kramatorsk|Mykolaiv,6
R2_roll7,4,10194,1201,0.5443183999248931,Borodyanka|Dmytrivka|Kherson|Sievierodonetsk|Trostianets|Volnovakha,6
R2_roll3,0,22615,3311,0.5222088151201529,Mariupol,1
R2_roll3,1,10110,1295,0.5165838766405981,Avdiivka|Lysychansk|Moschun,3
R2_roll3,2,10119,1064,0.5574023407497208,Bucha|Irpin|Makariv|Okhtyrka|Rubizhne,5
R2_roll3,3,10205,1376,0.5234503202975396,Chernihiv|Chornobaivka|Hostomel|Kharkiv|Kramatorsk|Mykolaiv,6
R2_roll3,4,10194,1201,0.5456379571010591,Borodyanka|Dmytrivka|Kherson|Sievierodonetsk|Trostianets|Volnovakha,6
R3_coh_only_A14,0,22615,3311,0.5077165814312713,Mariupol,1
R3_coh_only_A14,1,7962,1117,0.5117972917387372,Lysychansk,1
R3_coh_only_A14,2,7121,897,0.510034967314642,Bucha|Hostomel|Moschun,3
R3_coh_only_A14,3,7031,848,0.4828639429781599,Borodyanka|Okhtyrka|Sievierodonetsk|Volnovakha,4
R3_coh_only_A14,4,7071,762,0.5297143521586668,Avdiivka|Dmytrivka|Irpin,3
D1_blk_pre_baseline_all,0,22615,3311,0.5233319456688031,Mariupol,1
D1_blk_pre_baseline_all,1,10110,1295,0.5072368746673909,Avdiivka|Lysychansk|Moschun,3
D1_blk_pre_baseline_all,2,10119,1064,0.5452412782370062,Bucha|Irpin|Makariv|Okhtyrka|Rubizhne,5
D1_blk_pre_baseline_all,3,10205,1376,0.5166380298672187,Chernihiv|Chornobaivka|Hostomel|Kharkiv|Kramatorsk|Mykolaiv,6
D1_blk_pre_baseline_all,4,10194,1201,0.5563695900771375,Borodyanka|Dmytrivka|Kherson|Sievierodonetsk|Trostianets|Volnovakha,6
D1e_zonal_max,0,22615,3311,0.5119616833739223,Mariupol,1
D1e_zonal_max,1,10110,1295,0.5308551805999339,Avdiivka|Lysychansk|Moschun,3
D1e_zonal_max,2,10119,1064,0.5410747499615964,Bucha|Irpin|Makariv|Okhtyrka|Rubizhne,5
D1e_zonal_max,3,10205,1376,0.5410506338783133,Chernihiv|Chornobaivka|Hostomel|Kharkiv|Kramatorsk|Mykolaiv,6
D1e_zonal_max,4,10194,1201,0.5362271775262709,Borodyanka|Dmytrivka|Kherson|Sievierodonetsk|Trostianets|Volnovakha,6
R0c_roll7_baseline+assessment,0,22615,3311,0.5256398584356882,Mariupol,1
R0c_roll7_baseline+assessment,1,10110,1295,0.5158842969052839,Avdiivka|Lysychansk|Moschun,3
R0c_roll7_baseline+assessment,2,10119,1064,0.5561874385023852,Bucha|Irpin|Makariv|Okhtyrka|Rubizhne,5
R0c_roll7_baseline+assessment,3,10205,1376,0.5235831739747713,Chernihiv|Chornobaivka|Hostomel|Kharkiv|Kramatorsk|Mykolaiv,6
R0c_roll7_baseline+assessment,4,10194,1201,0.5674543055182248,Borodyanka|Dmytrivka|Kherson|Sievierodonetsk|Trostianets|Volnovakha,6
D1_blk_post_block_all,0,22615,3311,0.5220603144674791,Mariupol,1
D1_blk_post_block_all,1,10110,1295,0.5121691483234309,Avdiivka|Lysychansk|Moschun,3
D1_blk_post_block_all,2,10119,1064,0.5673976492861087,Bucha|Irpin|Makariv|Okhtyrka|Rubizhne,5
D1_blk_post_block_all,3,10205,1376,0.5225935210866937,Chernihiv|Chornobaivka|Hostomel|Kharkiv|Kramatorsk|Mykolaiv,6
D1_blk_post_block_all,4,10194,1201,0.5090534380843718,Borodyanka|Dmytrivka|Kherson|Sievierodonetsk|Trostianets|Volnovakha,6
D1i_allblocks_groupkfold,0,22615,3311,0.4924638989226158,Mariupol,1
D1i_allblocks_groupkfold,1,10110,1295,0.5085207077266068,Avdiivka|Lysychansk|Moschun,3
D1i_allblocks_groupkfold,2,10119,1064,0.5836403370380673,Bucha|Irpin|Makariv|Okhtyrka|Rubizhne,5
D1i_allblocks_groupkfold,3,10205,1376,0.5611333110099646,Chernihiv|Chornobaivka|Hostomel|Kharkiv|Kramatorsk|Mykolaiv,6
D1i_allblocks_groupkfold,4,10194,1201,0.5514856915726758,Borodyanka|Dmytrivka|Kherson|Sievierodonetsk|Trostianets|Volnovakha,6
D1e_zonal_min,0,22615,3311,0.5239569814191053,Mariupol,1
D1e_zonal_min,1,10110,1295,0.486490034317601,Avdiivka|Lysychansk|Moschun,3
D1e_zonal_min,2,10119,1064,0.5428830393211079,Bucha|Irpin|Makariv|Okhtyrka|Rubizhne,5
D1e_zonal_min,3,10205,1376,0.5307074318379968,Chernihiv|Chornobaivka|Hostomel|Kharkiv|Kramatorsk|Mykolaiv,6
D1e_zonal_min,4,10194,1201,0.5374753034393573,Borodyanka|Dmytrivka|Kherson|Sievierodonetsk|Trostianets|Volnovakha,6
D6_sar_only,0,22615,3311,0.5161800312612531,Mariupol,1
D6_sar_only,1,10110,1295,0.5069916801170347,Avdiivka|Lysychansk|Moschun,3
D6_sar_only,2,10119,1064,0.5617957095942505,Bucha|Irpin|Makariv|Okhtyrka|Rubizhne,5
D6_sar_only,3,10205,1376,0.5242296215300002,Chernihiv|Chornobaivka|Hostomel|Kharkiv|Kramatorsk|Mykolaiv,6
D6_sar_only,4,10194,1201,0.5654483508451805,Borodyanka|Dmytrivka|Kherson|Sievierodonetsk|Trostianets|Volnovakha,6
R0c_roll13_baseline+assessment,0,22615,3311,0.5183946412159146,Mariupol,1
R0c_roll13_baseline+assessment,1,10110,1295,0.5058912392661683,Avdiivka|Lysychansk|Moschun,3
R0c_roll13_baseline+assessment,2,10119,1064,0.5621520324831959,Bucha|Irpin|Makariv|Okhtyrka|Rubizhne,5
R0c_roll13_baseline+assessment,3,10205,1376,0.5285581902398807,Chernihiv|Chornobaivka|Hostomel|Kharkiv|Kramatorsk|Mykolaiv,6
R0c_roll13_baseline+assessment,4,10194,1201,0.5588656567282927,Borodyanka|Dmytrivka|Kherson|Sievierodonetsk|Trostianets|Volnovakha,6
R5_ExtraTrees_dietrich28,0,22615,3311,0.5143536367303703,Mariupol,1
R5_ExtraTrees_dietrich28,1,10110,1295,0.5181989720049844,Avdiivka|Lysychansk|Moschun,3
R5_ExtraTrees_dietrich28,2,10119,1064,0.5276915715572753,Bucha|Irpin|Makariv|Okhtyrka|Rubizhne,5
R5_ExtraTrees_dietrich28,3,10205,1376,0.521862620078652,Chernihiv|Chornobaivka|Hostomel|Kharkiv|Kramatorsk|Mykolaiv,6
R5_ExtraTrees_dietrich28,4,10194,1201,0.5552443740820527,Borodyanka|Dmytrivka|Kherson|Sievierodonetsk|Trostianets|Volnovakha,6
R0c_roll3_baseline+assessment,0,22615,3311,0.5219324973593278,Mariupol,1
R0c_roll3_baseline+assessment,1,10110,1295,0.5108008243232294,Avdiivka|Lysychansk|Moschun,3
R0c_roll3_baseline+assessment,2,10119,1064,0.5611512561082441,Bucha|Irpin|Makariv|Okhtyrka|Rubizhne,5
R0c_roll3_baseline+assessment,3,10205,1376,0.5244936414616737,Chernihiv|Chornobaivka|Hostomel|Kharkiv|Kramatorsk|Mykolaiv,6
R0c_roll3_baseline+assessment,4,10194,1201,0.5487997279408641,Borodyanka|Dmytrivka|Kherson|Sievierodonetsk|Trostianets|Volnovakha,6
R3_card_only_prepost_A13,0,22615,3311,0.5138172570353152,Mariupol,1
R3_card_only_prepost_A13,1,10110,1295,0.5101001933786959,Avdiivka|Lysychansk|Moschun,3
R3_card_only_prepost_A13,2,10119,1064,0.530677397524734,Bucha|Irpin|Makariv|Okhtyrka|Rubizhne,5
R3_card_only_prepost_A13,3,10205,1376,0.5342529540599558,Chernihiv|Chornobaivka|Hostomel|Kharkiv|Kramatorsk|Mykolaiv,6
R3_card_only_prepost_A13,4,10194,1201,0.5192102415117392,Borodyanka|Dmytrivka|Kherson|Sievierodonetsk|Trostianets|Volnovakha,6
R0b_prepost_single_card_groupkfold,0,22615,3311,0.5138172570353152,Mariupol,1
R0b_prepost_single_card_groupkfold,1,10110,1295,0.5101001933786959,Avdiivka|Lysychansk|Moschun,3
R0b_prepost_single_card_groupkfold,2,10119,1064,0.530677397524734,Bucha|Irpin|Makariv|Okhtyrka|Rubizhne,5
R0b_prepost_single_card_groupkfold,3,10205,1376,0.5342529540599558,Chernihiv|Chornobaivka|Hostomel|Kharkiv|Kramatorsk|Mykolaiv,6
R0b_prepost_single_card_groupkfold,4,10194,1201,0.5192102415117392,Borodyanka|Dmytrivka|Kherson|Sievierodonetsk|Trostianets|Volnovakha,6
D1e_zonal_median,0,22615,3311,0.5190369732282964,Mariupol,1
D1e_zonal_median,1,10110,1295,0.5077137294494074,Avdiivka|Lysychansk|Moschun,3
D1e_zonal_median,2,10119,1064,0.535478051838597,Bucha|Irpin|Makariv|Okhtyrka|Rubizhne,5
D1e_zonal_median,3,10205,1376,0.5407250435931272,Chernihiv|Chornobaivka|Hostomel|Kharkiv|Kramatorsk|Mykolaiv,6
D1e_zonal_median,4,10194,1201,0.5288429533452468,Borodyanka|Dmytrivka|Kherson|Sievierodonetsk|Trostianets|Volnovakha,6
R5_RF-200_dietrich28,0,22615,3311,0.5106332115392775,Mariupol,1
R5_RF-200_dietrich28,1,10110,1295,0.5159839865795623,Avdiivka|Lysychansk|Moschun,3
R5_RF-200_dietrich28,2,10119,1064,0.5216690089386913,Bucha|Irpin|Makariv|Okhtyrka|Rubizhne,5
R5_RF-200_dietrich28,3,10205,1376,0.5246775705457964,Chernihiv|Chornobaivka|Hostomel|Kharkiv|Kramatorsk|Mykolaiv,6
R5_RF-200_dietrich28,4,10194,1201,0.5400828917449255,Borodyanka|Dmytrivka|Kherson|Sievierodonetsk|Trostianets|Volnovakha,6
R0_dietrich28_faithful_groupkfold,0,22615,3311,0.5106332115392775,Mariupol,1
R0_dietrich28_faithful_groupkfold,1,10110,1295,0.5159839865795623,Avdiivka|Lysychansk|Moschun,3
R0_dietrich28_faithful_groupkfold,2,10119,1064,0.5216690089386913,Bucha|Irpin|Makariv|Okhtyrka|Rubizhne,5
R0_dietrich28_faithful_groupkfold,3,10205,1376,0.5246775705457964,Chernihiv|Chornobaivka|Hostomel|Kharkiv|Kramatorsk|Mykolaiv,6
R0_dietrich28_faithful_groupkfold,4,10194,1201,0.5400828917449255,Borodyanka|Dmytrivka|Kherson|Sievierodonetsk|Trostianets|Volnovakha,6
R1_groupkfold,0,22615,3311,0.5106332115392775,Mariupol,1
R1_groupkfold,1,10110,1295,0.5159839865795623,Avdiivka|Lysychansk|Moschun,3
R1_groupkfold,2,10119,1064,0.5216690089386913,Bucha|Irpin|Makariv|Okhtyrka|Rubizhne,5
R1_groupkfold,3,10205,1376,0.5246775705457964,Chernihiv|Chornobaivka|Hostomel|Kharkiv|Kramatorsk|Mykolaiv,6
R1_groupkfold,4,10194,1201,0.5400828917449255,Borodyanka|Dmytrivka|Kherson|Sievierodonetsk|Trostianets|Volnovakha,6
D1_pre+post+delta,0,22615,3311,0.5101070719197822,Mariupol,1
D1_pre+post+delta,1,10110,1295,0.5108015251293755,Avdiivka|Lysychansk|Moschun,3
D1_pre+post+delta,2,10119,1064,0.5212251881775116,Bucha|Irpin|Makariv|Okhtyrka|Rubizhne,5
D1_pre+post+delta,3,10205,1376,0.5302931078080428,Chernihiv|Chornobaivka|Hostomel|Kharkiv|Kramatorsk|Mykolaiv,6
D1_pre+post+delta,4,10194,1201,0.5197548412388099,Borodyanka|Dmytrivka|Kherson|Sievierodonetsk|Trostianets|Volnovakha,6
D1d_pre+post+delta,0,22615,3311,0.5101070719197822,Mariupol,1
D1d_pre+post+delta,1,10110,1295,0.5108015251293754,Avdiivka|Lysychansk|Moschun,3
D1d_pre+post+delta,2,10119,1064,0.5212251881775116,Bucha|Irpin|Makariv|Okhtyrka|Rubizhne,5
D1d_pre+post+delta,3,10205,1376,0.5302931078080428,Chernihiv|Chornobaivka|Hostomel|Kharkiv|Kramatorsk|Mykolaiv,6
D1d_pre+post+delta,4,10194,1201,0.5197548412388099,Borodyanka|Dmytrivka|Kherson|Sievierodonetsk|Trostianets|Volnovakha,6
B7_UISEM_card+coh,0,22615,3311,0.5106444138220899,Mariupol,1
B7_UISEM_card+coh,1,10110,1295,0.46679414038461114,Avdiivka|Lysychansk|Moschun,3
B7_UISEM_card+coh,2,9736,1007,0.5349939585463332,Bucha|Irpin|Kramatorsk|Rubizhne|Trostianets,5
B7_UISEM_card+coh,3,9780,1313,0.5826667593761039,Chernihiv|Hostomel|Kharkiv|Kherson|Makariv,5
B7_UISEM_card+coh,4,9802,1154,0.5732554345822037,Chornobaivka|Dmytrivka|Okhtyrka|Sievierodonetsk|Volnovakha,5
B7_UISEM_card+coh+delta,0,22615,3311,0.5106444138220899,Mariupol,1
B7_UISEM_card+coh+delta,1,10110,1295,0.46679414038461114,Avdiivka|Lysychansk|Moschun,3
B7_UISEM_card+coh+delta,2,9736,1007,0.5349939585463332,Bucha|Irpin|Kramatorsk|Rubizhne|Trostianets,5
B7_UISEM_card+coh+delta,3,9780,1313,0.5826667593761039,Chernihiv|Hostomel|Kharkiv|Kherson|Makariv,5
B7_UISEM_card+coh+delta,4,9802,1154,0.5732554345822037,Chornobaivka|Dmytrivka|Okhtyrka|Sievierodonetsk|Volnovakha,5
E7_SVM_rbf,0,22615,3311,0.4716548215563964,Mariupol,1
E7_SVM_rbf,1,10110,1295,0.5122756270572493,Avdiivka|Lysychansk|Moschun,3
E7_SVM_rbf,2,9736,1007,0.5017282505108301,Bucha|Irpin|Kramatorsk|Rubizhne|Trostianets,5
E7_SVM_rbf,3,9780,1313,0.524364966590871,Chernihiv|Hostomel|Kharkiv|Kherson|Makariv,5
E7_SVM_rbf,4,9802,1154,0.5244172924646124,Chornobaivka|Dmytrivka|Okhtyrka|Sievierodonetsk|Volnovakha,5
D1_delta_only,0,22615,3311,0.5156896654122197,Mariupol,1
D1_delta_only,1,10110,1295,0.505939551089863,Avdiivka|Lysychansk|Moschun,3
D1_delta_only,2,10119,1064,0.5040975575327054,Bucha|Irpin|Makariv|Okhtyrka|Rubizhne,5
D1_delta_only,3,10205,1376,0.5145472307169555,Chernihiv|Chornobaivka|Hostomel|Kharkiv|Kramatorsk|Mykolaiv,6
D1_delta_only,4,10194,1201,0.5295141664906733,Borodyanka|Dmytrivka|Kherson|Sievierodonetsk|Trostianets|Volnovakha,6
NB08b_BDA_COH_DROP_UISEM_voting,0,3612,863,0.5505880785892014,Bucha|Dmytrivka|Mariupol|Moschun,4
NB08b_BDA_COH_DROP_UISEM_voting,1,4863,97,0.6275410878603165,Borodyanka|Lysychansk,2
NB08b_BDA_COH_DROP_UISEM_voting,2,4230,95,0.5002774772481384,Avdiivka|Hostomel,2
NB08b_BDA_COH_DROP_UISEM_voting,3,4370,326,0.6933873101406006,Irpin|Sievierodonetsk,2
NB08b_BDA_COH_DROP_UISEM_voting,4,4359,50,0.7115107913669064,Okhtyrka|Volnovakha,2
D1d_delta_only,0,22615,3311,0.5156896654122197,Mariupol,1
D1d_delta_only,1,10110,1295,0.505939551089863,Avdiivka|Lysychansk|Moschun,3
D1d_delta_only,2,10119,1064,0.5040975575327054,Bucha|Irpin|Makariv|Okhtyrka|Rubizhne,5
D1d_delta_only,3,10205,1376,0.5145472307169555,Chernihiv|Chornobaivka|Hostomel|Kharkiv|Kramatorsk|Mykolaiv,6
D1d_delta_only,4,10194,1201,0.5295141664906733,Borodyanka|Dmytrivka|Kherson|Sievierodonetsk|Trostianets|Volnovakha,6
D1e_zonal_mean,0,22615,3311,0.5186468099215427,Mariupol,1
D1e_zonal_mean,1,10110,1295,0.5116236145390995,Avdiivka|Lysychansk|Moschun,3
D1e_zonal_mean,2,10119,1064,0.5311490349285694,Bucha|Irpin|Makariv|Okhtyrka|Rubizhne,5
D1e_zonal_mean,3,10205,1376,0.5272669002389061,Chernihiv|Chornobaivka|Hostomel|Kharkiv|Kramatorsk|Mykolaiv,6
D1e_zonal_mean,4,10194,1201,0.5219718491382834,Borodyanka|Dmytrivka|Kherson|Sievierodonetsk|Trostianets|Volnovakha,6
R4b_tier0_card,0,22615,3311,0.5115020142830984,Mariupol,1
R4b_tier0_card,1,7962,1117,0.5278416503561075,Lysychansk,1
R4b_tier0_card,2,5002,463,0.5096385679760292,Rubizhne,1
R4b_tier0_card,3,4418,568,0.5311461953539418,Sievierodonetsk,1
R4_tier0_dietrich28,0,22615,3311,0.5115020142830984,Mariupol,1
R4_tier0_dietrich28,1,7962,1117,0.5278416503561075,Lysychansk,1
R4_tier0_dietrich28,2,5002,463,0.5096385679760292,Rubizhne,1
R4_tier0_dietrich28,3,4418,568,0.5311461953539418,Sievierodonetsk,1
R5_GBM_dietrich28,0,22615,3311,0.506859997937278,Mariupol,1
R5_GBM_dietrich28,1,10110,1295,0.5118825624100722,Avdiivka|Lysychansk|Moschun,3
R5_GBM_dietrich28,2,10119,1064,0.5078553991273047,Bucha|Irpin|Makariv|Okhtyrka|Rubizhne,5
R5_GBM_dietrich28,3,10205,1376,0.5154977024709796,Chernihiv|Chornobaivka|Hostomel|Kharkiv|Kramatorsk|Mykolaiv,6
R5_GBM_dietrich28,4,10194,1201,0.551493005985875,Borodyanka|Dmytrivka|Kherson|Sievierodonetsk|Trostianets|Volnovakha,6
E2_LightGBM_card+coh,0,22615,3311,0.50124006610974,Mariupol,1
E2_LightGBM_card+coh,1,10110,1295,0.4890075927965888,Avdiivka|Lysychansk|Moschun,3
E2_LightGBM_card+coh,2,9736,1007,0.5088560395708673,Bucha|Irpin|Kramatorsk|Rubizhne|Trostianets,5
E2_LightGBM_card+coh,3,9780,1313,0.5621934753005058,Chernihiv|Hostomel|Kharkiv|Kherson|Makariv,5
E2_LightGBM_card+coh,4,9802,1154,0.5602187400298523,Chornobaivka|Dmytrivka|Okhtyrka|Sievierodonetsk|Volnovakha,5
B7_UISEM_card_only,0,22615,3311,0.4805147164201559,Mariupol,1
B7_UISEM_card_only,1,10110,1295,0.4870291294454653,Avdiivka|Lysychansk|Moschun,3
B7_UISEM_card_only,2,9736,1007,0.5528665591290568,Bucha|Irpin|Kramatorsk|Rubizhne|Trostianets,5
B7_UISEM_card_only,3,9780,1313,0.5611353823738071,Chernihiv|Hostomel|Kharkiv|Kherson|Makariv,5
B7_UISEM_card_only,4,9802,1154,0.5984076622037814,Chornobaivka|Dmytrivka|Okhtyrka|Sievierodonetsk|Volnovakha,5
D1_post_only,0,22615,3311,0.5007263334878289,Mariupol,1
D1_post_only,1,10110,1295,0.5087203060770844,Avdiivka|Lysychansk|Moschun,3
D1_post_only,2,10119,1064,0.5120588778683317,Bucha|Irpin|Makariv|Okhtyrka|Rubizhne,5
D1_post_only,3,10205,1376,0.510510544993112,Chernihiv|Chornobaivka|Hostomel|Kharkiv|Kramatorsk|Mykolaiv,6
D1_post_only,4,10194,1201,0.5208534383250992,Borodyanka|Dmytrivka|Kherson|Sievierodonetsk|Trostianets|Volnovakha,6
D1d_post_only,0,22615,3311,0.5007263334878289,Mariupol,1
D1d_post_only,1,10110,1295,0.5087203060770844,Avdiivka|Lysychansk|Moschun,3
D1d_post_only,2,10119,1064,0.5120588778683317,Bucha|Irpin|Makariv|Okhtyrka|Rubizhne,5
D1d_post_only,3,10205,1376,0.510510544993112,Chernihiv|Chornobaivka|Hostomel|Kharkiv|Kramatorsk|Mykolaiv,6
D1d_post_only,4,10194,1201,0.5208534383250992,Borodyanka|Dmytrivka|Kherson|Sievierodonetsk|Trostianets|Volnovakha,6
D1d_pre_only,0,22615,3311,0.503592467272124,Mariupol,1
D1d_pre_only,1,10110,1295,0.5089471920668744,Avdiivka|Lysychansk|Moschun,3
D1d_pre_only,2,10119,1064,0.5108510335751029,Bucha|Irpin|Makariv|Okhtyrka|Rubizhne,5
D1d_pre_only,3,10205,1376,0.5068504014913854,Chernihiv|Chornobaivka|Hostomel|Kharkiv|Kramatorsk|Mykolaiv,6
D1d_pre_only,4,10194,1201,0.5126567124601399,Borodyanka|Dmytrivka|Kherson|Sievierodonetsk|Trostianets|Volnovakha,6
D1_pre_only,0,22615,3311,0.503592467272124,Mariupol,1
D1_pre_only,1,10110,1295,0.5089471920668744,Avdiivka|Lysychansk|Moschun,3
D1_pre_only,2,10119,1064,0.5108510335751029,Bucha|Irpin|Makariv|Okhtyrka|Rubizhne,5
D1_pre_only,3,10205,1376,0.5068504014913854,Chernihiv|Chornobaivka|Hostomel|Kharkiv|Kramatorsk|Mykolaiv,6
D1_pre_only,4,10194,1201,0.5126567124601399,Borodyanka|Dmytrivka|Kherson|Sievierodonetsk|Trostianets|Volnovakha,6
R5_XGBoost_dietrich28,0,22615,3311,0.5063360799995694,Mariupol,1
R5_XGBoost_dietrich28,1,10110,1295,0.4984266902020731,Avdiivka|Lysychansk|Moschun,3
R5_XGBoost_dietrich28,2,10119,1064,0.5189573014535234,Bucha|Irpin|Makariv|Okhtyrka|Rubizhne,5
R5_XGBoost_dietrich28,3,10205,1376,0.5076059141781708,Chernihiv|Chornobaivka|Hostomel|Kharkiv|Kramatorsk|Mykolaiv,6
R5_XGBoost_dietrich28,4,10194,1201,0.520287774939765,Borodyanka|Dmytrivka|Kherson|Sievierodonetsk|Trostianets|Volnovakha,6
D1_pre+post,0,22615,3311,0.5091315345763153,Mariupol,1
D1_pre+post,1,10110,1295,0.505557655540639,Avdiivka|Lysychansk|Moschun,3
D1_pre+post,2,10119,1064,0.5100536404512108,Bucha|Irpin|Makariv|Okhtyrka|Rubizhne,5
D1_pre+post,3,10205,1376,0.5187443039191669,Chernihiv|Chornobaivka|Hostomel|Kharkiv|Kramatorsk|Mykolaiv,6
D1_pre+post,4,10194,1201,0.47738323256880427,Borodyanka|Dmytrivka|Kherson|Sievierodonetsk|Trostianets|Volnovakha,6
R5_LightGBM_dietrich28,0,22615,3311,0.5108933282332698,Mariupol,1
R5_LightGBM_dietrich28,1,10110,1295,0.49909302544583317,Avdiivka|Lysychansk|Moschun,3
R5_LightGBM_dietrich28,2,10119,1064,0.5112082387083114,Bucha|Irpin|Makariv|Okhtyrka|Rubizhne,5
R5_LightGBM_dietrich28,3,10205,1376,0.5040354921808944,Chernihiv|Chornobaivka|Hostomel|Kharkiv|Kramatorsk|Mykolaiv,6
R5_LightGBM_dietrich28,4,10194,1201,0.5019912795528912,Borodyanka|Dmytrivka|Kherson|Sievierodonetsk|Trostianets|Volnovakha,6
D1e_zonal_std,0,22615,3311,0.5109793479971005,Mariupol,1
D1e_zonal_std,1,10110,1295,0.4925048782677824,Avdiivka|Lysychansk|Moschun,3
D1e_zonal_std,2,10119,1064,0.47858938483702346,Bucha|Irpin|Makariv|Okhtyrka|Rubizhne,5
D1e_zonal_std,3,10205,1376,0.5316925163375452,Chernihiv|Chornobaivka|Hostomel|Kharkiv|Kramatorsk|Mykolaiv,6
D1e_zonal_std,4,10194,1201,0.5348603081330812,Borodyanka|Dmytrivka|Kherson|Sievierodonetsk|Trostianets|Volnovakha,6
R4b_tier2_all,0,1883,263,0.5361756560108906,Kharkiv,1
R4b_tier2_all,1,1186,93,0.5073438991037786,Avdiivka,1
R4b_tier2_all,2,180,25,0.5184516129032258,Kramatorsk,1
R4b_tier2_all,3,142,13,0.9183064997018485,Kherson,1
R4b_tier2_all,4,142,13,0.9701848539057841,Chornobaivka,1
E6_B_nativeNaN_card+coh,0,22615,3311,0.49594015033338373,Mariupol,1
E6_B_nativeNaN_card+coh,1,10110,1295,0.4654745224115615,Avdiivka|Lysychansk|Moschun,3
E6_B_nativeNaN_card+coh,2,9736,1007,0.5103976028494774,Bucha|Irpin|Kramatorsk|Rubizhne|Trostianets,5
E6_B_nativeNaN_card+coh,3,9780,1313,0.5636052553297957,Chernihiv|Hostomel|Kharkiv|Kherson|Makariv,5
E6_B_nativeNaN_card+coh,4,9802,1154,0.5514383967120757,Chornobaivka|Dmytrivka|Okhtyrka|Sievierodonetsk|Volnovakha,5
E6_B_nativeNaN_card_only,0,22615,3311,0.48878514591067235,Mariupol,1
E6_B_nativeNaN_card_only,1,10110,1295,0.4798175714001012,Avdiivka|Lysychansk|Moschun,3
E6_B_nativeNaN_card_only,2,9736,1007,0.5158093141798226,Bucha|Irpin|Kramatorsk|Rubizhne|Trostianets,5
E6_B_nativeNaN_card_only,3,9780,1313,0.5543242970716201,Chernihiv|Hostomel|Kharkiv|Kherson|Makariv,5
E6_B_nativeNaN_card_only,4,9802,1154,0.565125205014293,Chornobaivka|Dmytrivka|Okhtyrka|Sievierodonetsk|Volnovakha,5
D1_blk_pre+post_mean,0,22615,3311,0.5044610509768954,Mariupol,1
D1_blk_pre+post_mean,1,10110,1295,0.497536228392723,Avdiivka|Lysychansk|Moschun,3
D1_blk_pre+post_mean,2,10119,1064,0.5081555697637246,Bucha|Irpin|Makariv|Okhtyrka|Rubizhne,5
D1_blk_pre+post_mean,3,10205,1376,0.4891289227229505,Chernihiv|Chornobaivka|Hostomel|Kharkiv|Kramatorsk|Mykolaiv,6
D1_blk_pre+post_mean,4,10194,1201,0.5170517489178604,Borodyanka|Dmytrivka|Kherson|Sievierodonetsk|Trostianets|Volnovakha,6
D1_blk_pre_baseline_mean,0,22615,3311,0.5027847373089713,Mariupol,1
D1_blk_pre_baseline_mean,1,10110,1295,0.49791089687856566,Avdiivka|Lysychansk|Moschun,3
D1_blk_pre_baseline_mean,2,10119,1064,0.5106618181289779,Bucha|Irpin|Makariv|Okhtyrka|Rubizhne,5
D1_blk_pre_baseline_mean,3,10205,1376,0.49211681344775543,Chernihiv|Chornobaivka|Hostomel|Kharkiv|Kramatorsk|Mykolaiv,6
D1_blk_pre_baseline_mean,4,10194,1201,0.5007237565567002,Borodyanka|Dmytrivka|Kherson|Sievierodonetsk|Trostianets|Volnovakha,6
D1_blk_post_block_mean,0,22615,3311,0.5027847373089713,Mariupol,1
D1_blk_post_block_mean,1,10110,1295,0.49791089687856566,Avdiivka|Lysychansk|Moschun,3
D1_blk_post_block_mean,2,10119,1064,0.5106618181289779,Bucha|Irpin|Makariv|Okhtyrka|Rubizhne,5
D1_blk_post_block_mean,3,10205,1376,0.49211681344775543,Chernihiv|Chornobaivka|Hostomel|Kharkiv|Kramatorsk|Mykolaiv,6
D1_blk_post_block_mean,4,10194,1201,0.5007237565567002,Borodyanka|Dmytrivka|Kherson|Sievierodonetsk|Trostianets|Volnovakha,6
E7b_GaussianNB,0,22615,3311,0.49993488281974097,Mariupol,1
E7b_GaussianNB,1,10110,1295,0.6110336233648769,Avdiivka|Lysychansk|Moschun,3
E7b_GaussianNB,2,9736,1007,0.5936215992008285,Bucha|Irpin|Kramatorsk|Rubizhne|Trostianets,5
E7b_GaussianNB,3,9780,1313,0.553740020730094,Chernihiv|Hostomel|Kharkiv|Kherson|Makariv,5
E7b_GaussianNB,4,9802,1154,0.591649304915373,Chornobaivka|Dmytrivka|Okhtyrka|Sievierodonetsk|Volnovakha,5
E2_LightGBM_card,0,22615,3311,0.4805151388526083,Mariupol,1
E2_LightGBM_card,1,10110,1295,0.4821181427761121,Avdiivka|Lysychansk|Moschun,3
E2_LightGBM_card,2,9736,1007,0.5145794082276397,Bucha|Irpin|Kramatorsk|Rubizhne|Trostianets,5
E2_LightGBM_card,3,9780,1313,0.5420158599701309,Chernihiv|Hostomel|Kharkiv|Kherson|Makariv,5
E2_LightGBM_card,4,9802,1154,0.5630089284425969,Chornobaivka|Dmytrivka|Okhtyrka|Sievierodonetsk|Volnovakha,5
D2_coh-only,0,22615,3311,0.48524866658414106,Mariupol,1
D2_coh-only,1,10110,1295,0.4440424250520677,Avdiivka|Lysychansk|Moschun,3
D2_coh-only,2,9736,1007,0.5058779174715017,Bucha|Irpin|Kramatorsk|Rubizhne|Trostianets,5
D2_coh-only,3,9780,1313,0.5159060250130182,Chernihiv|Hostomel|Kharkiv|Kherson|Makariv,5
D2_coh-only,4,9802,1154,0.521943994423932,Chornobaivka|Dmytrivka|Okhtyrka|Sievierodonetsk|Volnovakha,5
ABL_ROLLING_SAR_CARD,0,170104,238,0.7123463952357109,Kharkiv,1
ABL_ROLLING_SAR_CARD,1,113042,84,0.6205360568066176,Mykolaiv,1
ABL_ROLLING_SAR_CARD,2,107068,1628,0.4844126391617857,Borodyanka|Chernihiv|Irpin|Kramatorsk|Rubizhne|Sievierodonetsk,6
ABL_ROLLING_SAR_CARD,3,103628,1947,0.4688563546728139,Avdiivka|Chornobaivka|Dmytrivka|Hostomel|Lysychansk|Makariv|Moschun,7
ABL_ROLLING_SAR_CARD,4,104753,3435,0.44839131886567646,Bucha|Kherson|Mariupol|Okhtyrka|Trostianets|Volnovakha,6
R3b_coh_only,0,22615,3311,0.48157126692061014,Mariupol,1
R3b_coh_only,1,10110,1295,0.43208045254556876,Avdiivka|Lysychansk|Moschun,3
R3b_coh_only,2,9736,1007,0.502304182328694,Bucha|Irpin|Kramatorsk|Rubizhne|Trostianets,5
R3b_coh_only,3,9780,1313,0.5153933496210501,Chernihiv|Hostomel|Kharkiv|Kherson|Makariv,5
R3b_coh_only,4,9802,1154,0.5135991311241758,Chornobaivka|Dmytrivka|Okhtyrka|Sievierodonetsk|Volnovakha,5
E6_A_impute+obs_coh_only,0,22615,3311,0.48157126692061014,Mariupol,1
E6_A_impute+obs_coh_only,1,10110,1295,0.43208045254556876,Avdiivka|Lysychansk|Moschun,3
E6_A_impute+obs_coh_only,2,9736,1007,0.502304182328694,Bucha|Irpin|Kramatorsk|Rubizhne|Trostianets,5
E6_A_impute+obs_coh_only,3,9780,1313,0.5153933496210501,Chernihiv|Hostomel|Kharkiv|Kherson|Makariv,5
E6_A_impute+obs_coh_only,4,9802,1154,0.5135991311241758,Chornobaivka|Dmytrivka|Okhtyrka|Sievierodonetsk|Volnovakha,5
E2_LightGBM_coh,0,22615,3311,0.4913497724434607,Mariupol,1
E2_LightGBM_coh,1,10110,1295,0.4349486768998963,Avdiivka|Lysychansk|Moschun,3
E2_LightGBM_coh,2,9736,1007,0.4999715589225746,Bucha|Irpin|Kramatorsk|Rubizhne|Trostianets,5
E2_LightGBM_coh,3,9780,1313,0.5246454336269541,Chernihiv|Hostomel|Kharkiv|Kherson|Makariv,5
E2_LightGBM_coh,4,9802,1154,0.5017657682645089,Chornobaivka|Dmytrivka|Okhtyrka|Sievierodonetsk|Volnovakha,5
E6_B_nativeNaN_coh_only,0,22615,3311,0.4913497724434607,Mariupol,1
E6_B_nativeNaN_coh_only,1,10110,1295,0.4349486768998963,Avdiivka|Lysychansk|Moschun,3
E6_B_nativeNaN_coh_only,2,9736,1007,0.4999715589225746,Bucha|Irpin|Kramatorsk|Rubizhne|Trostianets,5
E6_B_nativeNaN_coh_only,3,9780,1313,0.5246454336269541,Chernihiv|Hostomel|Kharkiv|Kherson|Makariv,5
E6_B_nativeNaN_coh_only,4,9802,1154,0.5017657682645089,Chornobaivka|Dmytrivka|Okhtyrka|Sievierodonetsk|Volnovakha,5
B7_UISEM_coh_only,0,22615,3311,0.49194195233635185,Mariupol,1
B7_UISEM_coh_only,1,10110,1295,0.43158585860798,Avdiivka|Lysychansk|Moschun,3
B7_UISEM_coh_only,2,9736,1007,0.491643442630877,Bucha|Irpin|Kramatorsk|Rubizhne|Trostianets,5
B7_UISEM_coh_only,3,9780,1313,0.5135214705251903,Chernihiv|Hostomel|Kharkiv|Kherson|Makariv,5
B7_UISEM_coh_only,4,9802,1154,0.5122364774736788,Chornobaivka|Dmytrivka|Okhtyrka|Sievierodonetsk|Volnovakha,5
R0c_roll7_assessment_only,0,22615,3311,0.5,Mariupol,1
R0c_roll7_assessment_only,1,10110,1295,0.5,Avdiivka|Lysychansk|Moschun,3
R0c_roll7_assessment_only,2,10119,1064,0.5,Bucha|Irpin|Makariv|Okhtyrka|Rubizhne,5
R0c_roll7_assessment_only,3,10205,1376,0.5,Chernihiv|Chornobaivka|Hostomel|Kharkiv|Kramatorsk|Mykolaiv,6
R0c_roll7_assessment_only,4,10194,1201,0.5,Borodyanka|Dmytrivka|Kherson|Sievierodonetsk|Trostianets|Volnovakha,6
E7_SVM_linear,0,22615,3311,0.4971485261863686,Mariupol,1
E7_SVM_linear,1,10110,1295,0.5156848299559588,Avdiivka|Lysychansk|Moschun,3
E7_SVM_linear,2,9736,1007,0.5262751756151207,Bucha|Irpin|Kramatorsk|Rubizhne|Trostianets,5
E7_SVM_linear,3,9780,1313,0.5699478761278386,Chernihiv|Hostomel|Kharkiv|Kherson|Makariv,5
E7_SVM_linear,4,9802,1154,0.5162487354445865,Chornobaivka|Dmytrivka|Okhtyrka|Sievierodonetsk|Volnovakha,5
D1f_roll7_assess,0,22615,3311,0.5,Mariupol,1
D1f_roll7_assess,1,10110,1295,0.5,Avdiivka|Lysychansk|Moschun,3
D1f_roll7_assess,2,10119,1064,0.5,Bucha|Irpin|Makariv|Okhtyrka|Rubizhne,5
D1f_roll7_assess,3,10205,1376,0.5,Chernihiv|Chornobaivka|Hostomel|Kharkiv|Kramatorsk|Mykolaiv,6
D1f_roll7_assess,4,10194,1201,0.5,Borodyanka|Dmytrivka|Kherson|Sievierodonetsk|Trostianets|Volnovakha,6
D1f_roll3_assess,0,22615,3311,0.5,Mariupol,1
D1f_roll3_assess,1,10110,1295,0.5,Avdiivka|Lysychansk|Moschun,3
D1f_roll3_assess,2,10119,1064,0.5,Bucha|Irpin|Makariv|Okhtyrka|Rubizhne,5
D1f_roll3_assess,3,10205,1376,0.5,Chernihiv|Chornobaivka|Hostomel|Kharkiv|Kramatorsk|Mykolaiv,6
D1f_roll3_assess,4,10194,1201,0.5,Borodyanka|Dmytrivka|Kherson|Sievierodonetsk|Trostianets|Volnovakha,6
R0c_roll3_assessment_only,0,22615,3311,0.5,Mariupol,1
R0c_roll3_assessment_only,1,10110,1295,0.5,Avdiivka|Lysychansk|Moschun,3
R0c_roll3_assessment_only,2,10119,1064,0.5,Bucha|Irpin|Makariv|Okhtyrka|Rubizhne,5
R0c_roll3_assessment_only,3,10205,1376,0.5,Chernihiv|Chornobaivka|Hostomel|Kharkiv|Kramatorsk|Mykolaiv,6
R0c_roll3_assessment_only,4,10194,1201,0.5,Borodyanka|Dmytrivka|Kherson|Sievierodonetsk|Trostianets|Volnovakha,6
NB08b_BDA_COH_DROP_LightGBM,0,3612,863,0.5278999589864554,Bucha|Dmytrivka|Mariupol|Moschun,4
NB08b_BDA_COH_DROP_LightGBM,1,4863,97,0.570664846788463,Borodyanka|Lysychansk,2
NB08b_BDA_COH_DROP_LightGBM,2,4230,95,0.5623598294405906,Avdiivka|Hostomel,2
NB08b_BDA_COH_DROP_LightGBM,3,4370,326,0.6533150679943931,Irpin|Sievierodonetsk,2
NB08b_BDA_COH_DROP_LightGBM,4,4359,50,0.6426038524019495,Okhtyrka|Volnovakha,2
R4_tier2_ms,0,1883,263,0.4640308876684035,Kharkiv,1
R4_tier2_ms,1,1186,93,0.5068716858995169,Avdiivka,1
R4_tier2_ms,2,180,25,0.7014193548387097,Kramatorsk,1
R4_tier2_ms,3,142,13,0.8998211091234347,Kherson,1
R4_tier2_ms,4,142,13,0.9177101967799642,Chornobaivka,1
NB08b_BDA_COH_DROP_XGBoost,0,3612,863,0.5400172906022499,Bucha|Dmytrivka|Mariupol|Moschun,4
NB08b_BDA_COH_DROP_XGBoost,1,4863,97,0.5683827887398281,Borodyanka|Lysychansk,2
NB08b_BDA_COH_DROP_XGBoost,2,4230,95,0.5345968306497804,Avdiivka|Hostomel,2
NB08b_BDA_COH_DROP_XGBoost,3,4370,326,0.6750590134289685,Irpin|Sievierodonetsk,2
NB08b_BDA_COH_DROP_XGBoost,4,4359,50,0.6862520306335577,Okhtyrka|Volnovakha,2
NB08b_BDA_COH_DROP_GBM,0,3612,863,0.5356474302042625,Bucha|Dmytrivka|Mariupol|Moschun,4
NB08b_BDA_COH_DROP_GBM,1,4863,97,0.6252027895185398,Borodyanka|Lysychansk,2
NB08b_BDA_COH_DROP_GBM,2,4230,95,0.5018736078406416,Avdiivka|Hostomel,2
NB08b_BDA_COH_DROP_GBM,3,4370,326,0.6946494996753503,Irpin|Sievierodonetsk,2
NB08b_BDA_COH_DROP_GBM,4,4359,50,0.7343699234161057,Okhtyrka|Volnovakha,2
D4_f8_strategy_A_drop_nan,0,170104,238,0.22063907863311338,Kharkiv,1
D4_f8_strategy_A_drop_nan,1,12523,89,0.3484935289790769,Avdiivka,1
D4_f8_strategy_A_drop_nan,2,10414,19,0.35145945672261464,Kramatorsk,1
D4_f8_strategy_A_drop_nan,3,9909,6,0.7112827762630852,Kherson,1
D4_f8_strategy_A_drop_nan,4,9909,6,0.5102157595341478,Chornobaivka,1
