model_id,fold_id,n,n_damaged,auc,cities,n_cities
NB11e_dietrich28__block_stats__LightGBM-Optuna,0,170104,238,0.7360415802787506,Kharkiv,1
NB11e_dietrich28__block_stats__LightGBM-Optuna,1,113042,84,0.6359404865187989,Mykolaiv,1
NB11e_dietrich28__block_stats__LightGBM-Optuna,2,107068,1628,0.7793527875932561,Borodyanka|Chernihiv|Irpin|Kramatorsk|Rubizhne|Sievierodonetsk,6
NB11e_dietrich28__block_stats__LightGBM-Optuna,3,103628,1947,0.7159527944902078,Avdiivka|Chornobaivka|Dmytrivka|Hostomel|Lysychansk|Makariv|Moschun,7
NB11e_dietrich28__block_stats__LightGBM-Optuna,4,104753,3435,0.858107123368731,Bucha|Kherson|Mariupol|Okhtyrka|Trostianets|Volnovakha,6
NB11e_dietrich28__block_stats__XGBoost-Optuna,0,170104,238,0.7482984857960703,Kharkiv,1
NB11e_dietrich28__block_stats__XGBoost-Optuna,1,113042,84,0.6245812813696453,Mykolaiv,1
NB11e_dietrich28__block_stats__XGBoost-Optuna,2,107068,1628,0.7817708139146873,Borodyanka|Chernihiv|Irpin|Kramatorsk|Rubizhne|Sievierodonetsk,6
NB11e_dietrich28__block_stats__XGBoost-Optuna,3,103628,1947,0.7170917710472373,Avdiivka|Chornobaivka|Dmytrivka|Hostomel|Lysychansk|Makariv|Moschun,7
NB11e_dietrich28__block_stats__XGBoost-Optuna,4,104753,3435,0.8497323615360897,Bucha|Kherson|Mariupol|Okhtyrka|Trostianets|Volnovakha,6
NB11b_A15_block_stats__block_stats__LightGBM-MIA-Optuna,0,170104,238,0.5972827246825401,Kharkiv,1
NB11b_A15_block_stats__block_stats__LightGBM-MIA-Optuna,1,113042,84,0.39352916886933953,Mykolaiv,1
NB11b_A15_block_stats__block_stats__LightGBM-MIA-Optuna,2,107068,1628,0.7412053340069273,Borodyanka|Chernihiv|Irpin|Kramatorsk|Rubizhne|Sievierodonetsk,6
NB11b_A15_block_stats__block_stats__LightGBM-MIA-Optuna,3,103628,1947,0.6570116359406695,Avdiivka|Chornobaivka|Dmytrivka|Hostomel|Lysychansk|Makariv|Moschun,7
NB11b_A15_block_stats__block_stats__LightGBM-MIA-Optuna,4,104753,3435,0.8281881914273802,Bucha|Kherson|Mariupol|Okhtyrka|Trostianets|Volnovakha,6
NB11a_F4_F7__fusion_ms_cohdrop__LightGBM-MIA-Optuna,0,170104,238,0.6895477028012293,Kharkiv,1
NB11a_F4_F7__fusion_ms_cohdrop__LightGBM-MIA-Optuna,1,72963,956,0.7822685169555516,Avdiivka|Chernihiv|Sievierodonetsk,3
NB11a_F4_F7__fusion_ms_cohdrop__LightGBM-MIA-Optuna,2,74783,1301,0.6617635014162435,Bucha|Kramatorsk|Lysychansk|Makariv,4
NB11a_F4_F7__fusion_ms_cohdrop__LightGBM-MIA-Optuna,3,70958,3546,0.7530856839485482,Irpin|Kherson|Mariupol|Moschun|Volnovakha,5
NB11a_F4_F7__fusion_ms_cohdrop__LightGBM-MIA-Optuna,4,77896,714,0.7788510107471249,Chornobaivka|Dmytrivka|Hostomel|Okhtyrka|Trostianets,5
NB11b_A16_A17_A18_rolling__rolling_stats_roll7__LightGBM-MIA-Optuna,0,170104,238,0.6990843969250304,Kharkiv,1
NB11b_A16_A17_A18_rolling__rolling_stats_roll7__LightGBM-MIA-Optuna,1,113042,84,0.37946394319338245,Mykolaiv,1
NB11b_A16_A17_A18_rolling__rolling_stats_roll7__LightGBM-MIA-Optuna,2,107068,1628,0.7309886871628146,Borodyanka|Chernihiv|Irpin|Kramatorsk|Rubizhne|Sievierodonetsk,6
NB11b_A16_A17_A18_rolling__rolling_stats_roll7__LightGBM-MIA-Optuna,3,103628,1947,0.6521668669541737,Avdiivka|Chornobaivka|Dmytrivka|Hostomel|Lysychansk|Makariv|Moschun,7
NB11b_A16_A17_A18_rolling__rolling_stats_roll7__LightGBM-MIA-Optuna,4,104753,3435,0.8231666734333766,Bucha|Kherson|Mariupol|Okhtyrka|Trostianets|Volnovakha,6
NB11a_F2_F6__fusion_indices_card_cohdrop__LightGBM-MIA-Optuna,0,170104,238,0.7751129857474409,Kharkiv,1
NB11a_F2_F6__fusion_indices_card_cohdrop__LightGBM-MIA-Optuna,1,72963,956,0.785672968626423,Avdiivka|Chernihiv|Sievierodonetsk,3
NB11a_F2_F6__fusion_indices_card_cohdrop__LightGBM-MIA-Optuna,2,74783,1301,0.6627170623138168,Bucha|Kramatorsk|Lysychansk|Makariv,4
NB11a_F2_F6__fusion_indices_card_cohdrop__LightGBM-MIA-Optuna,3,70958,3546,0.7491160981813847,Irpin|Kherson|Mariupol|Moschun|Volnovakha,5
NB11a_F2_F6__fusion_indices_card_cohdrop__LightGBM-MIA-Optuna,4,77896,714,0.7680033014475516,Chornobaivka|Dmytrivka|Hostomel|Okhtyrka|Trostianets,5
NB11a_F3__fusion_card_cohdrop__LightGBM-MIA-Optuna,0,170104,238,0.8330322680447969,Kharkiv,1
NB11a_F3__fusion_card_cohdrop__LightGBM-MIA-Optuna,1,113042,84,0.654688236419942,Mykolaiv,1
NB11a_F3__fusion_card_cohdrop__LightGBM-MIA-Optuna,2,100849,769,0.7076848144371369,Chernihiv|Irpin|Kherson|Trostianets|Volnovakha,5
NB11a_F3__fusion_card_cohdrop__LightGBM-MIA-Optuna,3,99957,1813,0.6545472862146031,Borodyanka|Chornobaivka|Dmytrivka|Hostomel|Kramatorsk|Lysychansk,6
NB11a_F3__fusion_card_cohdrop__LightGBM-MIA-Optuna,4,101034,3997,0.7710323471913373,Avdiivka|Bucha|Makariv|Mariupol|Moschun|Okhtyrka|Sievierodonetsk,7
NB11e_dietrich28__block_stats__RF-200-Optuna,0,170104,238,0.6957769703197587,Kharkiv,1
NB11e_dietrich28__block_stats__RF-200-Optuna,1,113042,84,0.6262115754781171,Mykolaiv,1
NB11e_dietrich28__block_stats__RF-200-Optuna,2,107068,1628,0.7762194715580527,Borodyanka|Chernihiv|Irpin|Kramatorsk|Rubizhne|Sievierodonetsk,6
NB11e_dietrich28__block_stats__RF-200-Optuna,3,103628,1947,0.6801992986848447,Avdiivka|Chornobaivka|Dmytrivka|Hostomel|Lysychansk|Makariv|Moschun,7
NB11e_dietrich28__block_stats__RF-200-Optuna,4,104753,3435,0.8843834405188812,Bucha|Kherson|Mariupol|Okhtyrka|Trostianets|Volnovakha,6
NB11a_F4_F7__fusion_composite_cohdrop__LightGBM-MIA-Optuna,0,170104,238,0.4785752897464308,Kharkiv,1
NB11a_F4_F7__fusion_composite_cohdrop__LightGBM-MIA-Optuna,1,72963,956,0.756267209435066,Avdiivka|Chernihiv|Sievierodonetsk,3
NB11a_F4_F7__fusion_composite_cohdrop__LightGBM-MIA-Optuna,2,74783,1301,0.6644552616597128,Bucha|Kramatorsk|Lysychansk|Makariv,4
NB11a_F4_F7__fusion_composite_cohdrop__LightGBM-MIA-Optuna,3,70958,3546,0.7489949421307347,Irpin|Kherson|Mariupol|Moschun|Volnovakha,5
NB11a_F4_F7__fusion_composite_cohdrop__LightGBM-MIA-Optuna,4,77896,714,0.7429726107747651,Chornobaivka|Dmytrivka|Hostomel|Okhtyrka|Trostianets,5
NB11c_A22_lu_change__lu_change__LightGBM-MIA-Optuna,0,170104,238,0.6814949020122337,Kharkiv,1
NB11c_A22_lu_change__lu_change__LightGBM-MIA-Optuna,1,113042,84,0.5,Mykolaiv,1
NB11c_A22_lu_change__lu_change__LightGBM-MIA-Optuna,2,107068,1628,0.7227651099592489,Borodyanka|Chernihiv|Irpin|Kramatorsk|Rubizhne|Sievierodonetsk,6
NB11c_A22_lu_change__lu_change__LightGBM-MIA-Optuna,3,103628,1947,0.6189259851601814,Avdiivka|Chornobaivka|Dmytrivka|Hostomel|Lysychansk|Makariv|Moschun,7
NB11c_A22_lu_change__lu_change__LightGBM-MIA-Optuna,4,104753,3435,0.8231940376636515,Bucha|Kherson|Mariupol|Okhtyrka|Trostianets|Volnovakha,6
NB11e_dietrich28__block_stats__ExtraTrees-Optuna,0,170104,238,0.7116708132866371,Kharkiv,1
NB11e_dietrich28__block_stats__ExtraTrees-Optuna,1,113042,84,0.6252077784494702,Mykolaiv,1
NB11e_dietrich28__block_stats__ExtraTrees-Optuna,2,107068,1628,0.769364739964133,Borodyanka|Chernihiv|Irpin|Kramatorsk|Rubizhne|Sievierodonetsk,6
NB11e_dietrich28__block_stats__ExtraTrees-Optuna,3,103628,1947,0.6932225756527381,Avdiivka|Chornobaivka|Dmytrivka|Hostomel|Lysychansk|Makariv|Moschun,7
NB11e_dietrich28__block_stats__ExtraTrees-Optuna,4,104753,3435,0.8874930396989226,Bucha|Kherson|Mariupol|Okhtyrka|Trostianets|Volnovakha,6
NB11a_F8__fusion_composite_blockstats__LightGBM-MIA-Optuna,0,170104,238,0.6182038867611612,Kharkiv,1
NB11a_F8__fusion_composite_blockstats__LightGBM-MIA-Optuna,1,75995,575,0.619748342614691,Chernihiv|Chornobaivka|Moschun|Volnovakha,4
NB11a_F8__fusion_composite_blockstats__LightGBM-MIA-Optuna,2,76892,1371,0.6627314890537545,Avdiivka|Bucha|Lysychansk|Makariv,4
NB11a_F8__fusion_composite_blockstats__LightGBM-MIA-Optuna,3,78593,3759,0.7106688466659803,Irpin|Kherson|Mariupol|Rubizhne|Trostianets,5
NB11a_F8__fusion_composite_blockstats__LightGBM-MIA-Optuna,4,78729,1243,0.8005878787560389,Dmytrivka|Hostomel|Kramatorsk|Okhtyrka|Sievierodonetsk,5
NB11a_F2_F6__fusion_ms_card_cohdrop__LightGBM-MIA-Optuna,0,170104,238,0.7244444261403477,Kharkiv,1
NB11a_F2_F6__fusion_ms_card_cohdrop__LightGBM-MIA-Optuna,1,72963,956,0.775757919688538,Avdiivka|Chernihiv|Sievierodonetsk,3
NB11a_F2_F6__fusion_ms_card_cohdrop__LightGBM-MIA-Optuna,2,74783,1301,0.6614582035609551,Bucha|Kramatorsk|Lysychansk|Makariv,4
NB11a_F2_F6__fusion_ms_card_cohdrop__LightGBM-MIA-Optuna,3,70958,3546,0.708570280290046,Irpin|Kherson|Mariupol|Moschun|Volnovakha,5
NB11a_F2_F6__fusion_ms_card_cohdrop__LightGBM-MIA-Optuna,4,77896,714,0.7701957801077984,Chornobaivka|Dmytrivka|Hostomel|Okhtyrka|Trostianets,5
NB11b_A16_A17_A18_rolling__rolling_stats_roll13__LightGBM-MIA-Optuna,0,170104,238,0.796257705158995,Kharkiv,1
NB11b_A16_A17_A18_rolling__rolling_stats_roll13__LightGBM-MIA-Optuna,1,113042,84,0.6205360568066176,Mykolaiv,1
NB11b_A16_A17_A18_rolling__rolling_stats_roll13__LightGBM-MIA-Optuna,2,107068,1628,0.7525501944816249,Borodyanka|Chernihiv|Irpin|Kramatorsk|Rubizhne|Sievierodonetsk,6
NB11b_A16_A17_A18_rolling__rolling_stats_roll13__LightGBM-MIA-Optuna,3,103628,1947,0.6518339779695208,Avdiivka|Chornobaivka|Dmytrivka|Hostomel|Lysychansk|Makariv|Moschun,7
NB11b_A16_A17_A18_rolling__rolling_stats_roll13__LightGBM-MIA-Optuna,4,104753,3435,0.822451856007975,Bucha|Kherson|Mariupol|Okhtyrka|Trostianets|Volnovakha,6
NB11b_A16_A17_A18_rolling__rolling_stats_roll3__LightGBM-MIA-Optuna,0,170104,238,0.6600029242031311,Kharkiv,1
NB11b_A16_A17_A18_rolling__rolling_stats_roll3__LightGBM-MIA-Optuna,1,113042,84,0.6205360568066176,Mykolaiv,1
NB11b_A16_A17_A18_rolling__rolling_stats_roll3__LightGBM-MIA-Optuna,2,107068,1628,0.7322241761911243,Borodyanka|Chernihiv|Irpin|Kramatorsk|Rubizhne|Sievierodonetsk,6
NB11b_A16_A17_A18_rolling__rolling_stats_roll3__LightGBM-MIA-Optuna,3,103628,1947,0.6376883252009833,Avdiivka|Chornobaivka|Dmytrivka|Hostomel|Lysychansk|Makariv|Moschun,7
NB11b_A16_A17_A18_rolling__rolling_stats_roll3__LightGBM-MIA-Optuna,4,104753,3435,0.7930900383599184,Bucha|Kherson|Mariupol|Okhtyrka|Trostianets|Volnovakha,6
R5_XGBoost_dietrich28,0,170104,238,0.6947949678970878,Kharkiv,1
R5_XGBoost_dietrich28,1,113042,84,0.6353618896699069,Mykolaiv,1
R5_XGBoost_dietrich28,2,107068,1628,0.773565881524199,Borodyanka|Chernihiv|Irpin|Kramatorsk|Rubizhne|Sievierodonetsk,6
R5_XGBoost_dietrich28,3,103628,1947,0.7046923850039744,Avdiivka|Chornobaivka|Dmytrivka|Hostomel|Lysychansk|Makariv|Moschun,7
R5_XGBoost_dietrich28,4,104753,3435,0.8353511834832051,Bucha|Kherson|Mariupol|Okhtyrka|Trostianets|Volnovakha,6
CLF_F7_LightGBM,0,170104,238,0.5940526205183779,Kharkiv,1
CLF_F7_LightGBM,1,75995,575,0.6456701947355677,Chernihiv|Chornobaivka|Moschun|Volnovakha,4
CLF_F7_LightGBM,2,76892,1371,0.7572046828097365,Avdiivka|Bucha|Lysychansk|Makariv,4
CLF_F7_LightGBM,3,78593,3759,0.7309151589027733,Irpin|Kherson|Mariupol|Rubizhne|Trostianets,5
CLF_F7_LightGBM,4,78729,1243,0.8091807475500881,Dmytrivka|Hostomel|Kramatorsk|Okhtyrka|Sievierodonetsk,5
NB11f_R3_sensor_ablations__block_stats__card_block_stats_A15__RF-200-Optuna,0,170104,238,0.6674633524774397,Kharkiv,1
NB11f_R3_sensor_ablations__block_stats__card_block_stats_A15__RF-200-Optuna,1,113042,84,0.6504964129103191,Mykolaiv,1
NB11f_R3_sensor_ablations__block_stats__card_block_stats_A15__RF-200-Optuna,2,107068,1628,0.7517355143113869,Borodyanka|Chernihiv|Irpin|Kramatorsk|Rubizhne|Sievierodonetsk,6
NB11f_R3_sensor_ablations__block_stats__card_block_stats_A15__RF-200-Optuna,3,103628,1947,0.6417935738045206,Avdiivka|Chornobaivka|Dmytrivka|Hostomel|Lysychansk|Makariv|Moschun,7
NB11f_R3_sensor_ablations__block_stats__card_block_stats_A15__RF-200-Optuna,4,104753,3435,0.8270773232090709,Bucha|Kherson|Mariupol|Okhtyrka|Trostianets|Volnovakha,6
NB11f_R3_sensor_ablations__fusion_composite_cohdrop__ms_plus_cohdrop_F7__RF-200-Optuna,0,170104,238,0.7462187322740901,Kharkiv,1
NB11f_R3_sensor_ablations__fusion_composite_cohdrop__ms_plus_cohdrop_F7__RF-200-Optuna,1,72963,956,0.7836622825430792,Avdiivka|Chernihiv|Sievierodonetsk,3
NB11f_R3_sensor_ablations__fusion_composite_cohdrop__ms_plus_cohdrop_F7__RF-200-Optuna,2,74783,1301,0.6605711959535767,Bucha|Kramatorsk|Lysychansk|Makariv,4
NB11f_R3_sensor_ablations__fusion_composite_cohdrop__ms_plus_cohdrop_F7__RF-200-Optuna,3,70958,3546,0.753257019265726,Irpin|Kherson|Mariupol|Moschun|Volnovakha,5
NB11f_R3_sensor_ablations__fusion_composite_cohdrop__ms_plus_cohdrop_F7__RF-200-Optuna,4,77896,714,0.7646695899473522,Chornobaivka|Dmytrivka|Hostomel|Okhtyrka|Trostianets,5
NB11d_A9_A10_composite_prepost__composite_prepost_bands__LightGBM-MIA-Optuna,0,170104,238,0.7251291477701604,Kharkiv,1
NB11d_A9_A10_composite_prepost__composite_prepost_bands__LightGBM-MIA-Optuna,1,75995,575,0.5488005833996288,Chernihiv|Chornobaivka|Moschun|Volnovakha,4
NB11d_A9_A10_composite_prepost__composite_prepost_bands__LightGBM-MIA-Optuna,2,76892,1371,0.6442563866889914,Avdiivka|Bucha|Lysychansk|Makariv,4
NB11d_A9_A10_composite_prepost__composite_prepost_bands__LightGBM-MIA-Optuna,3,78593,3759,0.7085572402823188,Irpin|Kherson|Mariupol|Rubizhne|Trostianets,5
NB11d_A9_A10_composite_prepost__composite_prepost_bands__LightGBM-MIA-Optuna,4,78729,1243,0.7831535612412501,Dmytrivka|Hostomel|Kramatorsk|Okhtyrka|Sievierodonetsk,5
R5_LightGBM_dietrich28,0,170104,238,0.657255998722473,Kharkiv,1
R5_LightGBM_dietrich28,1,113042,84,0.6076036268010276,Mykolaiv,1
R5_LightGBM_dietrich28,2,107068,1628,0.7470911382697707,Borodyanka|Chernihiv|Irpin|Kramatorsk|Rubizhne|Sievierodonetsk,6
R5_LightGBM_dietrich28,3,103628,1947,0.6971825265969347,Avdiivka|Chornobaivka|Dmytrivka|Hostomel|Lysychansk|Makariv|Moschun,7
R5_LightGBM_dietrich28,4,104753,3435,0.7388564240055514,Bucha|Kherson|Mariupol|Okhtyrka|Trostianets|Volnovakha,6
NB11e_all_multimodal__fusion_composite_blockstats__LightGBM-Optuna,0,170104,238,0.7967480694372342,Kharkiv,1
NB11e_all_multimodal__fusion_composite_blockstats__LightGBM-Optuna,1,75995,575,0.6062269378437273,Chernihiv|Chornobaivka|Moschun|Volnovakha,4
NB11e_all_multimodal__fusion_composite_blockstats__LightGBM-Optuna,2,76892,1371,0.6485658473361576,Avdiivka|Bucha|Lysychansk|Makariv,4
NB11e_all_multimodal__fusion_composite_blockstats__LightGBM-Optuna,3,78593,3759,0.7126755796244824,Irpin|Kherson|Mariupol|Rubizhne|Trostianets,5
NB11e_all_multimodal__fusion_composite_blockstats__LightGBM-Optuna,4,78729,1243,0.7923249582324051,Dmytrivka|Hostomel|Kramatorsk|Okhtyrka|Sievierodonetsk,5
NB11e_all_multimodal__fusion_composite_blockstats__XGBoost-Optuna,0,170104,238,0.7614680978887264,Kharkiv,1
NB11e_all_multimodal__fusion_composite_blockstats__XGBoost-Optuna,1,75995,575,0.6052031291434633,Chernihiv|Chornobaivka|Moschun|Volnovakha,4
NB11e_all_multimodal__fusion_composite_blockstats__XGBoost-Optuna,2,76892,1371,0.672263213585266,Avdiivka|Bucha|Lysychansk|Makariv,4
NB11e_all_multimodal__fusion_composite_blockstats__XGBoost-Optuna,3,78593,3759,0.7169821497190096,Irpin|Kherson|Mariupol|Rubizhne|Trostianets,5
NB11e_all_multimodal__fusion_composite_blockstats__XGBoost-Optuna,4,78729,1243,0.8148871789550585,Dmytrivka|Hostomel|Kramatorsk|Okhtyrka|Sievierodonetsk,5
NB11f_R3_sensor_ablations__fusion_composite_blockstats__ms_plus_blocks_F8__RF-200-Optuna,0,170104,238,0.8121713610738351,Kharkiv,1
NB11f_R3_sensor_ablations__fusion_composite_blockstats__ms_plus_blocks_F8__RF-200-Optuna,1,75995,575,0.6146237418283698,Chernihiv|Chornobaivka|Moschun|Volnovakha,4
NB11f_R3_sensor_ablations__fusion_composite_blockstats__ms_plus_blocks_F8__RF-200-Optuna,2,76892,1371,0.6461655266694843,Avdiivka|Bucha|Lysychansk|Makariv,4
NB11f_R3_sensor_ablations__fusion_composite_blockstats__ms_plus_blocks_F8__RF-200-Optuna,3,78593,3759,0.71382093990805,Irpin|Kherson|Mariupol|Rubizhne|Trostianets,5
NB11f_R3_sensor_ablations__fusion_composite_blockstats__ms_plus_blocks_F8__RF-200-Optuna,4,78729,1243,0.8058365262733782,Dmytrivka|Hostomel|Kramatorsk|Okhtyrka|Sievierodonetsk,5
NB11c_A13_A14_A19_card_changes__prepost_single_card__LightGBM-MIA-Optuna,0,170104,238,0.7242279925639854,Kharkiv,1
NB11c_A13_A14_A19_card_changes__prepost_single_card__LightGBM-MIA-Optuna,1,113042,84,0.5885317994298765,Mykolaiv,1
NB11c_A13_A14_A19_card_changes__prepost_single_card__LightGBM-MIA-Optuna,2,107068,1628,0.7387059736571308,Borodyanka|Chernihiv|Irpin|Kramatorsk|Rubizhne|Sievierodonetsk,6
NB11c_A13_A14_A19_card_changes__prepost_single_card__LightGBM-MIA-Optuna,3,103628,1947,0.6149269657388018,Avdiivka|Chornobaivka|Dmytrivka|Hostomel|Lysychansk|Makariv|Moschun,7
NB11c_A13_A14_A19_card_changes__prepost_single_card__LightGBM-MIA-Optuna,4,104753,3435,0.7769261166931919,Bucha|Kherson|Mariupol|Okhtyrka|Trostianets|Volnovakha,6
NB11e_all_multimodal__fusion_composite_blockstats__RF-200-Optuna,0,170104,238,0.8101918966873245,Kharkiv,1
NB11e_all_multimodal__fusion_composite_blockstats__RF-200-Optuna,1,75995,575,0.6152853585140604,Chernihiv|Chornobaivka|Moschun|Volnovakha,4
NB11e_all_multimodal__fusion_composite_blockstats__RF-200-Optuna,2,76892,1371,0.6459584941527173,Avdiivka|Bucha|Lysychansk|Makariv,4
NB11e_all_multimodal__fusion_composite_blockstats__RF-200-Optuna,3,78593,3759,0.7136345381573217,Irpin|Kherson|Mariupol|Rubizhne|Trostianets,5
NB11e_all_multimodal__fusion_composite_blockstats__RF-200-Optuna,4,78729,1243,0.805490775703722,Dmytrivka|Hostomel|Kramatorsk|Okhtyrka|Sievierodonetsk,5
NB11d_A11_A12_composite_vs_scenes__composite_vs_scenes_landuse__LightGBM-MIA-Optuna,0,170104,238,0.6691755770514911,Kharkiv,1
NB11d_A11_A12_composite_vs_scenes__composite_vs_scenes_landuse__LightGBM-MIA-Optuna,1,66838,392,0.5352702393903412,Chernihiv|Kherson|Makariv,3
NB11d_A11_A12_composite_vs_scenes__composite_vs_scenes_landuse__LightGBM-MIA-Optuna,2,66366,1581,0.584363488690295,Chornobaivka|Lysychansk|Moschun|Rubizhne,4
NB11d_A11_A12_composite_vs_scenes__composite_vs_scenes_landuse__LightGBM-MIA-Optuna,3,67776,3836,0.6174144580604275,Avdiivka|Bucha|Mariupol|Sievierodonetsk,4
NB11d_A11_A12_composite_vs_scenes__composite_vs_scenes_landuse__LightGBM-MIA-Optuna,4,67801,727,0.712943594828172,Hostomel|Okhtyrka|Trostianets|Volnovakha,4
R5_ExtraTrees_dietrich28,0,170104,238,0.7130056519093103,Kharkiv,1
R5_ExtraTrees_dietrich28,1,113042,84,0.6079690702570447,Mykolaiv,1
R5_ExtraTrees_dietrich28,2,107068,1628,0.7093505383314753,Borodyanka|Chernihiv|Irpin|Kramatorsk|Rubizhne|Sievierodonetsk,6
R5_ExtraTrees_dietrich28,3,103628,1947,0.6662263463151551,Avdiivka|Chornobaivka|Dmytrivka|Hostomel|Lysychansk|Makariv|Moschun,7
R5_ExtraTrees_dietrich28,4,104753,3435,0.7112112229806778,Bucha|Kherson|Mariupol|Okhtyrka|Trostianets|Volnovakha,6
NB11e_all_multimodal__fusion_composite_blockstats__ExtraTrees-Optuna,0,170104,238,0.7831634985243434,Kharkiv,1
NB11e_all_multimodal__fusion_composite_blockstats__ExtraTrees-Optuna,1,75995,575,0.6203795671774295,Chernihiv|Chornobaivka|Moschun|Volnovakha,4
NB11e_all_multimodal__fusion_composite_blockstats__ExtraTrees-Optuna,2,76892,1371,0.6490771459889559,Avdiivka|Bucha|Lysychansk|Makariv,4
NB11e_all_multimodal__fusion_composite_blockstats__ExtraTrees-Optuna,3,78593,3759,0.7142332669084019,Irpin|Kherson|Mariupol|Rubizhne|Trostianets,5
NB11e_all_multimodal__fusion_composite_blockstats__ExtraTrees-Optuna,4,78729,1243,0.8027691982413807,Dmytrivka|Hostomel|Kramatorsk|Okhtyrka|Sievierodonetsk,5
B5_sub_GBM,0,170104,238,0.71025113270203,Kharkiv,1
B5_sub_GBM,1,75995,575,0.6886523814465082,Chernihiv|Chornobaivka|Moschun|Volnovakha,4
B5_sub_GBM,2,76892,1371,0.7461823840381523,Avdiivka|Bucha|Lysychansk|Makariv,4
B5_sub_GBM,3,78593,3759,0.7560733483477128,Irpin|Kherson|Mariupol|Rubizhne|Trostianets,5
B5_sub_GBM,4,78729,1243,0.8123541233379632,Dmytrivka|Hostomel|Kramatorsk|Okhtyrka|Sievierodonetsk,5
R5_XGBoost_all_multimodal,0,170104,238,0.6898112817943396,Kharkiv,1
R5_XGBoost_all_multimodal,1,75995,575,0.5973663542135058,Chernihiv|Chornobaivka|Moschun|Volnovakha,4
R5_XGBoost_all_multimodal,2,76892,1371,0.6694488037396353,Avdiivka|Bucha|Lysychansk|Makariv,4
R5_XGBoost_all_multimodal,3,78593,3759,0.7125197572169365,Irpin|Kherson|Mariupol|Rubizhne|Trostianets,5
R5_XGBoost_all_multimodal,4,78729,1243,0.8045308638942568,Dmytrivka|Hostomel|Kramatorsk|Okhtyrka|Sievierodonetsk,5
R5_GBM_dietrich28,0,170104,238,0.7038141507883576,Kharkiv,1
R5_GBM_dietrich28,1,113042,84,0.6400648597582415,Mykolaiv,1
R5_GBM_dietrich28,2,107068,1628,0.7688947077509293,Borodyanka|Chernihiv|Irpin|Kramatorsk|Rubizhne|Sievierodonetsk,6
R5_GBM_dietrich28,3,103628,1947,0.6804785692215957,Avdiivka|Chornobaivka|Dmytrivka|Hostomel|Lysychansk|Makariv|Moschun,7
R5_GBM_dietrich28,4,104753,3435,0.8485005703431394,Bucha|Kherson|Mariupol|Okhtyrka|Trostianets|Volnovakha,6
NB11c_A13_A14_A19_card_changes__card_drop__LightGBM-MIA-Optuna,0,170104,238,0.4480451694647694,Kharkiv,1
NB11c_A13_A14_A19_card_changes__card_drop__LightGBM-MIA-Optuna,1,113042,84,0.5,Mykolaiv,1
NB11c_A13_A14_A19_card_changes__card_drop__LightGBM-MIA-Optuna,2,107068,1628,0.7115728742175061,Borodyanka|Chernihiv|Irpin|Kramatorsk|Rubizhne|Sievierodonetsk,6
NB11c_A13_A14_A19_card_changes__card_drop__LightGBM-MIA-Optuna,3,103628,1947,0.6115879154110719,Avdiivka|Chornobaivka|Dmytrivka|Hostomel|Lysychansk|Makariv|Moschun,7
NB11c_A13_A14_A19_card_changes__card_drop__LightGBM-MIA-Optuna,4,104753,3435,0.8059602603623113,Bucha|Kherson|Mariupol|Okhtyrka|Trostianets|Volnovakha,6
NB11d_A9_A10_composite_prepost__composite_prepost_landuse__LightGBM-MIA-Optuna,0,170104,238,0.7444438656392232,Kharkiv,1
NB11d_A9_A10_composite_prepost__composite_prepost_landuse__LightGBM-MIA-Optuna,1,75995,575,0.5513617423587331,Chernihiv|Chornobaivka|Moschun|Volnovakha,4
NB11d_A9_A10_composite_prepost__composite_prepost_landuse__LightGBM-MIA-Optuna,2,76892,1371,0.6268744490436968,Avdiivka|Bucha|Lysychansk|Makariv,4
NB11d_A9_A10_composite_prepost__composite_prepost_landuse__LightGBM-MIA-Optuna,3,78593,3759,0.7058062600743062,Irpin|Kherson|Mariupol|Rubizhne|Trostianets,5
NB11d_A9_A10_composite_prepost__composite_prepost_landuse__LightGBM-MIA-Optuna,4,78729,1243,0.7159559293601093,Dmytrivka|Hostomel|Kramatorsk|Okhtyrka|Sievierodonetsk,5
NB11c_A13_A14_A19_card_changes__coh_drop__LightGBM-MIA-Optuna,0,170104,238,0.5,Kharkiv,1
NB11c_A13_A14_A19_card_changes__coh_drop__LightGBM-MIA-Optuna,1,113042,84,0.5,Mykolaiv,1
NB11c_A13_A14_A19_card_changes__coh_drop__LightGBM-MIA-Optuna,2,100849,769,0.5093571956479029,Chernihiv|Irpin|Kherson|Trostianets|Volnovakha,5
NB11c_A13_A14_A19_card_changes__coh_drop__LightGBM-MIA-Optuna,3,99957,1813,0.6208922010608453,Borodyanka|Chornobaivka|Dmytrivka|Hostomel|Kramatorsk|Lysychansk,6
NB11c_A13_A14_A19_card_changes__coh_drop__LightGBM-MIA-Optuna,4,101034,3997,0.555877264564972,Avdiivka|Bucha|Makariv|Mariupol|Moschun|Okhtyrka|Sievierodonetsk,7
CLF_A17_GBM,0,170104,238,0.7256588905916646,Kharkiv,1
CLF_A17_GBM,1,113042,84,0.5,Mykolaiv,1
CLF_A17_GBM,2,107068,1628,0.7823179041703795,Borodyanka|Chernihiv|Irpin|Kramatorsk|Rubizhne|Sievierodonetsk,6
CLF_A17_GBM,3,103628,1947,0.6876142324868725,Avdiivka|Chornobaivka|Dmytrivka|Hostomel|Lysychansk|Makariv|Moschun,7
CLF_A17_GBM,4,104753,3435,0.7629097490705685,Bucha|Kherson|Mariupol|Okhtyrka|Trostianets|Volnovakha,6
CLF_F7_GBM,0,170104,238,0.7851637281665518,Kharkiv,1
CLF_F7_GBM,1,75995,575,0.6743115192602587,Chernihiv|Chornobaivka|Moschun|Volnovakha,4
CLF_F7_GBM,2,76892,1371,0.7545317603150286,Avdiivka|Bucha|Lysychansk|Makariv,4
CLF_F7_GBM,3,78593,3759,0.7958701612321998,Irpin|Kherson|Mariupol|Rubizhne|Trostianets,5
CLF_F7_GBM,4,78729,1243,0.7966748577673668,Dmytrivka|Hostomel|Kramatorsk|Okhtyrka|Sievierodonetsk,5
NB11d_A11_A12_composite_vs_scenes__composite_vs_scenes_bands__LightGBM-MIA-Optuna,0,170104,238,0.7106534270661391,Kharkiv,1
NB11d_A11_A12_composite_vs_scenes__composite_vs_scenes_bands__LightGBM-MIA-Optuna,1,66838,392,0.6403472598894178,Chernihiv|Kherson|Makariv,3
NB11d_A11_A12_composite_vs_scenes__composite_vs_scenes_bands__LightGBM-MIA-Optuna,2,66366,1581,0.7228309012386956,Chornobaivka|Lysychansk|Moschun|Rubizhne,4
NB11d_A11_A12_composite_vs_scenes__composite_vs_scenes_bands__LightGBM-MIA-Optuna,3,67776,3836,0.727522955566725,Avdiivka|Bucha|Mariupol|Sievierodonetsk,4
NB11d_A11_A12_composite_vs_scenes__composite_vs_scenes_bands__LightGBM-MIA-Optuna,4,67801,727,0.7268785109500894,Hostomel|Okhtyrka|Trostianets|Volnovakha,4
CLF_A17_LightGBM,0,170104,238,0.7022750483401301,Kharkiv,1
CLF_A17_LightGBM,1,113042,84,0.37946394319338245,Mykolaiv,1
CLF_A17_LightGBM,2,107068,1628,0.7235739557972581,Borodyanka|Chernihiv|Irpin|Kramatorsk|Rubizhne|Sievierodonetsk,6
CLF_A17_LightGBM,3,103628,1947,0.6839329383590858,Avdiivka|Chornobaivka|Dmytrivka|Hostomel|Lysychansk|Makariv|Moschun,7
CLF_A17_LightGBM,4,104753,3435,0.6664161877746785,Bucha|Kherson|Mariupol|Okhtyrka|Trostianets|Volnovakha,6
NB11f_R3_sensor_ablations__composite_prepost_bands__ms_only_A9__RF-200-Optuna,0,170104,238,0.7862044521103979,Kharkiv,1
NB11f_R3_sensor_ablations__composite_prepost_bands__ms_only_A9__RF-200-Optuna,1,75995,575,0.552958274243944,Chernihiv|Chornobaivka|Moschun|Volnovakha,4
NB11f_R3_sensor_ablations__composite_prepost_bands__ms_only_A9__RF-200-Optuna,2,76892,1371,0.6519702892305879,Avdiivka|Bucha|Lysychansk|Makariv,4
NB11f_R3_sensor_ablations__composite_prepost_bands__ms_only_A9__RF-200-Optuna,3,78593,3759,0.7123137465779273,Irpin|Kherson|Mariupol|Rubizhne|Trostianets,5
NB11f_R3_sensor_ablations__composite_prepost_bands__ms_only_A9__RF-200-Optuna,4,78729,1243,0.7533457423258814,Dmytrivka|Hostomel|Kramatorsk|Okhtyrka|Sievierodonetsk,5
R5_LightGBM_all_multimodal,0,170104,238,0.5317322418353092,Kharkiv,1
R5_LightGBM_all_multimodal,1,75995,575,0.5680554229647308,Chernihiv|Chornobaivka|Moschun|Volnovakha,4
R5_LightGBM_all_multimodal,2,76892,1371,0.6442683724770726,Avdiivka|Bucha|Lysychansk|Makariv,4
R5_LightGBM_all_multimodal,3,78593,3759,0.6910721766135455,Irpin|Kherson|Mariupol|Rubizhne|Trostianets,5
R5_LightGBM_all_multimodal,4,78729,1243,0.7679838523343454,Dmytrivka|Hostomel|Kramatorsk|Okhtyrka|Sievierodonetsk,5
NB11c_A20_ms_change__ms_change__LightGBM-MIA-Optuna,0,170104,238,0.5,Kharkiv,1
NB11c_A20_ms_change__ms_change__LightGBM-MIA-Optuna,1,113042,84,0.5,Mykolaiv,1
NB11c_A20_ms_change__ms_change__LightGBM-MIA-Optuna,2,94258,698,0.5524896072085271,Avdiivka|Chernihiv|Chornobaivka|Dmytrivka|Makariv|Moschun,6
NB11c_A20_ms_change__ms_change__LightGBM-MIA-Optuna,3,97293,2366,0.6086957543858434,Borodyanka|Irpin|Kramatorsk|Lysychansk|Rubizhne|Sievierodonetsk,6
NB11c_A20_ms_change__ms_change__LightGBM-MIA-Optuna,4,94925,891,0.5492842011654356,Bucha|Hostomel|Kherson|Okhtyrka|Trostianets|Volnovakha,6
R5_ExtraTrees_all_multimodal,0,170104,238,0.5047864841955998,Kharkiv,1
R5_ExtraTrees_all_multimodal,1,75995,575,0.4920565067506024,Chernihiv|Chornobaivka|Moschun|Volnovakha,4
R5_ExtraTrees_all_multimodal,2,76892,1371,0.6385900788136554,Avdiivka|Bucha|Lysychansk|Makariv,4
R5_ExtraTrees_all_multimodal,3,78593,3759,0.7055784133953649,Irpin|Kherson|Mariupol|Rubizhne|Trostianets,5
R5_ExtraTrees_all_multimodal,4,78729,1243,0.7090818149819045,Dmytrivka|Hostomel|Kramatorsk|Okhtyrka|Sievierodonetsk,5
R1_random_cv,0,119719,1466,0.7877451955191823,Avdiivka|Borodyanka|Bucha|Chernihiv|Chornobaivka|Dmytrivka|Hostomel|Irpin|Kharkiv|Kherson|Kramatorsk|Lysychansk|Makariv|Mariupol|Moschun|Mykolaiv|Okhtyrka|Rubizhne|Sievierodonetsk|Trostianets|Volnovakha,21
R1_random_cv,1,119719,1466,0.7905191171669769,Avdiivka|Borodyanka|Bucha|Chernihiv|Chornobaivka|Dmytrivka|Hostomel|Irpin|Kharkiv|Kherson|Kramatorsk|Lysychansk|Makariv|Mariupol|Moschun|Mykolaiv|Okhtyrka|Rubizhne|Sievierodonetsk|Trostianets|Volnovakha,21
R1_random_cv,2,119719,1466,0.7823739252195754,Avdiivka|Borodyanka|Bucha|Chernihiv|Chornobaivka|Dmytrivka|Hostomel|Irpin|Kharkiv|Kherson|Kramatorsk|Lysychansk|Makariv|Mariupol|Moschun|Mykolaiv|Okhtyrka|Rubizhne|Sievierodonetsk|Trostianets|Volnovakha,21
R1_random_cv,3,119719,1467,0.779634928547104,Avdiivka|Borodyanka|Bucha|Chernihiv|Chornobaivka|Dmytrivka|Hostomel|Irpin|Kharkiv|Kherson|Kramatorsk|Lysychansk|Makariv|Mariupol|Moschun|Mykolaiv|Okhtyrka|Rubizhne|Sievierodonetsk|Trostianets|Volnovakha,21
R1_random_cv,4,119719,1467,0.7751757070460665,Avdiivka|Borodyanka|Bucha|Chernihiv|Chornobaivka|Dmytrivka|Hostomel|Irpin|Kharkiv|Kherson|Kramatorsk|Lysychansk|Makariv|Mariupol|Moschun|Mykolaiv|Okhtyrka|Rubizhne|Sievierodonetsk|Trostianets|Volnovakha,21
E7c_HistGBM_imputed,0,170104,238,0.6495003797852722,Kharkiv,1
E7c_HistGBM_imputed,1,52623,406,0.6418981380372604,Chernihiv|Moschun,2
E7c_HistGBM_imputed,2,55382,257,0.6032863054430591,Kherson|Makariv|Okhtyrka|Volnovakha,4
E7c_HistGBM_imputed,3,54054,762,0.7381649912540487,Avdiivka|Dmytrivka|Hostomel|Trostianets,4
E7c_HistGBM_imputed,4,54903,432,0.8217904727762037,Bucha|Chornobaivka|Irpin|Kramatorsk,4
R3_card_block_stats_A15,0,170104,238,0.44311316770005665,Kharkiv,1
R3_card_block_stats_A15,1,113042,84,0.6345320932601162,Mykolaiv,1
R3_card_block_stats_A15,2,107068,1628,0.6929719016462663,Borodyanka|Chernihiv|Irpin|Kramatorsk|Rubizhne|Sievierodonetsk,6
R3_card_block_stats_A15,3,103628,1947,0.5994027834323814,Avdiivka|Chornobaivka|Dmytrivka|Hostomel|Lysychansk|Makariv|Moschun,7
R3_card_block_stats_A15,4,104753,3435,0.8187716321014213,Bucha|Kherson|Mariupol|Okhtyrka|Trostianets|Volnovakha,6
R5_RF-200_all_multimodal,0,170104,238,0.4574608215650359,Kharkiv,1
R5_RF-200_all_multimodal,1,75995,575,0.4539540428671901,Chernihiv|Chornobaivka|Moschun|Volnovakha,4
R5_RF-200_all_multimodal,2,76892,1371,0.6375866964358488,Avdiivka|Bucha|Lysychansk|Makariv,4
R5_RF-200_all_multimodal,3,78593,3759,0.7057376378525999,Irpin|Kherson|Mariupol|Rubizhne|Trostianets,5
R5_RF-200_all_multimodal,4,78729,1243,0.6871993007783681,Dmytrivka|Hostomel|Kramatorsk|Okhtyrka|Sievierodonetsk,5
R3_ms_plus_blocks_F8,0,170104,238,0.4574608215650359,Kharkiv,1
R3_ms_plus_blocks_F8,1,75995,575,0.4539540313375532,Chernihiv|Chornobaivka|Moschun|Volnovakha,4
R3_ms_plus_blocks_F8,2,76892,1371,0.6375866964358488,Avdiivka|Bucha|Lysychansk|Makariv,4
R3_ms_plus_blocks_F8,3,78593,3759,0.7057376396300552,Irpin|Kherson|Mariupol|Rubizhne|Trostianets,5
R3_ms_plus_blocks_F8,4,78729,1243,0.6871992852044858,Dmytrivka|Hostomel|Kramatorsk|Okhtyrka|Sievierodonetsk,5
E7d_MLP_256_128_64,0,170104,238,0.7381356555196696,Kharkiv,1
E7d_MLP_256_128_64,1,52623,406,0.601467625014257,Chernihiv|Moschun,2
E7d_MLP_256_128_64,2,55382,257,0.5993074459355727,Kherson|Makariv|Okhtyrka|Volnovakha,4
E7d_MLP_256_128_64,3,54054,762,0.7586702405978806,Avdiivka|Dmytrivka|Hostomel|Trostianets,4
E7d_MLP_256_128_64,4,54903,432,0.7682663031025003,Bucha|Chornobaivka|Irpin|Kramatorsk,4
R3_ms_plus_cohdrop_F7,0,170104,238,0.40367628631050456,Kharkiv,1
R3_ms_plus_cohdrop_F7,1,72963,956,0.7170792844233589,Avdiivka|Chernihiv|Sievierodonetsk,3
R3_ms_plus_cohdrop_F7,2,74783,1301,0.6427894643437649,Bucha|Kramatorsk|Lysychansk|Makariv,4
R3_ms_plus_cohdrop_F7,3,70958,3546,0.7441759901793716,Irpin|Kherson|Mariupol|Moschun|Volnovakha,5
R3_ms_plus_cohdrop_F7,4,77896,714,0.548500472200489,Chornobaivka|Dmytrivka|Hostomel|Okhtyrka|Trostianets,5
R3_ms_only_A9,0,170104,238,0.630049914777115,Kharkiv,1
R3_ms_only_A9,1,75995,575,0.4685438990926176,Chernihiv|Chornobaivka|Moschun|Volnovakha,4
R3_ms_only_A9,2,76892,1371,0.6338601883993971,Avdiivka|Bucha|Lysychansk|Makariv,4
R3_ms_only_A9,3,78593,3759,0.7056045988687294,Irpin|Kherson|Mariupol|Rubizhne|Trostianets,5
R3_ms_only_A9,4,78729,1243,0.6822912021539966,Dmytrivka|Hostomel|Kramatorsk|Okhtyrka|Sievierodonetsk,5
E5_HistGBM_native_NaN,0,170104,238,0.49358433988550743,Kharkiv,1
E5_HistGBM_native_NaN,1,52623,406,0.6551734279391673,Chernihiv|Moschun,2
E5_HistGBM_native_NaN,2,55382,257,0.5956412821938113,Kherson|Makariv|Okhtyrka|Volnovakha,4
E5_HistGBM_native_NaN,3,54054,762,0.7088805093632605,Avdiivka|Dmytrivka|Hostomel|Trostianets,4
E5_HistGBM_native_NaN,4,54903,432,0.800372263154638,Bucha|Chornobaivka|Irpin|Kramatorsk,4
CLF_F7_XGBoost,0,170104,238,0.4689477553587222,Kharkiv,1
CLF_F7_XGBoost,1,75995,575,0.6109377399605685,Chernihiv|Chornobaivka|Moschun|Volnovakha,4
CLF_F7_XGBoost,2,76892,1371,0.7122518928587216,Avdiivka|Bucha|Lysychansk|Makariv,4
CLF_F7_XGBoost,3,78593,3759,0.6643602831623006,Irpin|Kherson|Mariupol|Rubizhne|Trostianets,5
CLF_F7_XGBoost,4,78729,1243,0.7737843707535864,Dmytrivka|Hostomel|Kramatorsk|Okhtyrka|Sievierodonetsk,5
E1_base_GBM,0,170104,238,0.6356635957339384,Kharkiv,1
E1_base_GBM,1,52623,406,0.638106741184547,Chernihiv|Moschun,2
E1_base_GBM,2,55382,257,0.6138476931628682,Kherson|Makariv|Okhtyrka|Volnovakha,4
E1_base_GBM,3,54054,762,0.7228049942445554,Avdiivka|Dmytrivka|Hostomel|Trostianets,4
E1_base_GBM,4,54903,432,0.7437316288585772,Bucha|Chornobaivka|Irpin|Kramatorsk,4
NB08b_BDA_RGB+CARD_LogReg,0,170104,238,0.8047570145998424,Kharkiv,1
NB08b_BDA_RGB+CARD_LogReg,1,113042,84,0.4345808260803214,Mykolaiv,1
NB08b_BDA_RGB+CARD_LogReg,2,107068,1628,0.7463986004127316,Borodyanka|Chernihiv|Irpin|Kramatorsk|Rubizhne|Sievierodonetsk,6
NB08b_BDA_RGB+CARD_LogReg,3,103628,1947,0.7005229634780278,Avdiivka|Chornobaivka|Dmytrivka|Hostomel|Lysychansk|Makariv|Moschun,7
NB08b_BDA_RGB+CARD_LogReg,4,104753,3435,0.6995844536117322,Bucha|Kherson|Mariupol|Okhtyrka|Trostianets|Volnovakha,6
NB08b_BDA_RGB_ExtraTrees,0,170104,238,0.8220269422452319,Kharkiv,1
NB08b_BDA_RGB_ExtraTrees,1,113042,84,0.6950078474173713,Mykolaiv,1
NB08b_BDA_RGB_ExtraTrees,2,107068,1628,0.7429767135867762,Borodyanka|Chernihiv|Irpin|Kramatorsk|Rubizhne|Sievierodonetsk,6
NB08b_BDA_RGB_ExtraTrees,3,103628,1947,0.716962192710541,Avdiivka|Chornobaivka|Dmytrivka|Hostomel|Lysychansk|Makariv|Moschun,7
NB08b_BDA_RGB_ExtraTrees,4,104753,3435,0.7324067810996335,Bucha|Kherson|Mariupol|Okhtyrka|Trostianets|Volnovakha,6
NB08b_BDA_COH_DROP+RGB+CARD_LogReg,0,41600,1071,0.7551406689482113,Lysychansk,1
NB08b_BDA_COH_DROP+RGB+CARD_LogReg,1,41496,3144,0.713919469749082,Avdiivka|Mariupol,2
NB08b_BDA_COH_DROP+RGB+CARD_LogReg,2,39919,198,0.6522851688507135,Okhtyrka|Volnovakha,2
NB08b_BDA_COH_DROP+RGB+CARD_LogReg,3,41859,1189,0.7609701709982686,Dmytrivka|Hostomel|Sievierodonetsk,3
NB08b_BDA_COH_DROP+RGB+CARD_LogReg,4,41068,542,0.702455810337603,Borodyanka|Bucha|Irpin|Moschun,4
CLF_A17_XGBoost,0,170104,238,0.619442369155638,Kharkiv,1
CLF_A17_XGBoost,1,113042,84,0.37946394319338245,Mykolaiv,1
CLF_A17_XGBoost,2,107068,1628,0.6882749146667013,Borodyanka|Chernihiv|Irpin|Kramatorsk|Rubizhne|Sievierodonetsk,6
CLF_A17_XGBoost,3,103628,1947,0.668649230876829,Avdiivka|Chornobaivka|Dmytrivka|Hostomel|Lysychansk|Makariv|Moschun,7
CLF_A17_XGBoost,4,104753,3435,0.6201448446591823,Bucha|Kherson|Mariupol|Okhtyrka|Trostianets|Volnovakha,6
E7b_RidgeClassifier,0,170104,238,0.7675442417438877,Kharkiv,1
E7b_RidgeClassifier,1,52623,406,0.5813027927884498,Chernihiv|Moschun,2
E7b_RidgeClassifier,2,55382,257,0.6242778615985953,Kherson|Makariv|Okhtyrka|Volnovakha,4
E7b_RidgeClassifier,3,54054,762,0.6595789763641626,Avdiivka|Dmytrivka|Hostomel|Trostianets,4
E7b_RidgeClassifier,4,54903,432,0.7903883785935704,Bucha|Chornobaivka|Irpin|Kramatorsk,4
B5_UISEM_all_features,0,170104,238,0.7467683004111892,Kharkiv,1
B5_UISEM_all_features,1,75995,575,0.6059511719875941,Chernihiv|Chornobaivka|Moschun|Volnovakha,4
B5_UISEM_all_features,2,76892,1371,0.6285840898794642,Avdiivka|Bucha|Lysychansk|Makariv,4
B5_UISEM_all_features,3,78593,3759,0.613939256584102,Irpin|Kherson|Mariupol|Rubizhne|Trostianets,5
B5_UISEM_all_features,4,78729,1243,0.7624302889667411,Dmytrivka|Hostomel|Kramatorsk|Okhtyrka|Sievierodonetsk,5
NB08b_BDA_COH_DROP+RGB_LogReg,0,41600,1071,0.7706038274077426,Lysychansk,1
NB08b_BDA_COH_DROP+RGB_LogReg,1,41496,3144,0.7399545722375086,Avdiivka|Mariupol,2
NB08b_BDA_COH_DROP+RGB_LogReg,2,39919,198,0.6629121328335851,Okhtyrka|Volnovakha,2
NB08b_BDA_COH_DROP+RGB_LogReg,3,41859,1189,0.7617241110474408,Dmytrivka|Hostomel|Sievierodonetsk,3
NB08b_BDA_COH_DROP+RGB_LogReg,4,41068,542,0.7079866089338481,Borodyanka|Bucha|Irpin|Moschun,4
NB08b_BDA_RGB_RF-200,0,170104,238,0.8161222014149165,Kharkiv,1
NB08b_BDA_RGB_RF-200,1,113042,84,0.6926259043605756,Mykolaiv,1
NB08b_BDA_RGB_RF-200,2,107068,1628,0.7405151962945494,Borodyanka|Chernihiv|Irpin|Kramatorsk|Rubizhne|Sievierodonetsk,6
NB08b_BDA_RGB_RF-200,3,103628,1947,0.7165348943428911,Avdiivka|Chornobaivka|Dmytrivka|Hostomel|Lysychansk|Makariv|Moschun,7
NB08b_BDA_RGB_RF-200,4,104753,3435,0.7316342986626941,Bucha|Kherson|Mariupol|Okhtyrka|Trostianets|Volnovakha,6
B5_sub_XGB,0,170104,238,0.480273464689468,Kharkiv,1
B5_sub_XGB,1,75995,575,0.6091003885487647,Chernihiv|Chornobaivka|Moschun|Volnovakha,4
B5_sub_XGB,2,76892,1371,0.6591218303783826,Avdiivka|Bucha|Lysychansk|Makariv,4
B5_sub_XGB,3,78593,3759,0.6474196700882044,Irpin|Kherson|Mariupol|Rubizhne|Trostianets,5
B5_sub_XGB,4,78729,1243,0.7898045226512671,Dmytrivka|Hostomel|Kramatorsk|Okhtyrka|Sievierodonetsk,5
B7_UISEM_card_only,0,170104,238,0.6061525189355881,Kharkiv,1
B7_UISEM_card_only,1,75995,575,0.5041576216664938,Chernihiv|Chornobaivka|Moschun|Volnovakha,4
B7_UISEM_card_only,2,76892,1371,0.5674791611234811,Avdiivka|Bucha|Lysychansk|Makariv,4
B7_UISEM_card_only,3,78593,3759,0.6285628711900163,Irpin|Kherson|Mariupol|Rubizhne|Trostianets,5
B7_UISEM_card_only,4,78729,1243,0.7603772982715544,Dmytrivka|Hostomel|Kramatorsk|Okhtyrka|Sievierodonetsk,5
NB08b_BDA_RGB+CARD_ExtraTrees,0,170104,238,0.7726434168029827,Kharkiv,1
NB08b_BDA_RGB+CARD_ExtraTrees,1,113042,84,0.4228599188573249,Mykolaiv,1
NB08b_BDA_RGB+CARD_ExtraTrees,2,107068,1628,0.7422982707540275,Borodyanka|Chernihiv|Irpin|Kramatorsk|Rubizhne|Sievierodonetsk,6
NB08b_BDA_RGB+CARD_ExtraTrees,3,103628,1947,0.691467805238623,Avdiivka|Chornobaivka|Dmytrivka|Hostomel|Lysychansk|Makariv|Moschun,7
NB08b_BDA_RGB+CARD_ExtraTrees,4,104753,3435,0.7195312649727824,Bucha|Kherson|Mariupol|Okhtyrka|Trostianets|Volnovakha,6
NB08b_BDA_RGB_LogReg,0,170104,238,0.8223095921283281,Kharkiv,1
NB08b_BDA_RGB_LogReg,1,113042,84,0.6950027886471077,Mykolaiv,1
NB08b_BDA_RGB_LogReg,2,107068,1628,0.7429963866171662,Borodyanka|Chernihiv|Irpin|Kramatorsk|Rubizhne|Sievierodonetsk,6
NB08b_BDA_RGB_LogReg,3,103628,1947,0.7177268301667156,Avdiivka|Chornobaivka|Dmytrivka|Hostomel|Lysychansk|Makariv|Moschun,7
NB08b_BDA_RGB_LogReg,4,104753,3435,0.7324494587824466,Bucha|Kherson|Mariupol|Okhtyrka|Trostianets|Volnovakha,6
NB08b_BDA_RGB_LightGBM,0,170104,238,0.8184596098338314,Kharkiv,1
NB08b_BDA_RGB_LightGBM,1,113042,84,0.6933857738105778,Mykolaiv,1
NB08b_BDA_RGB_LightGBM,2,107068,1628,0.7402313034556489,Borodyanka|Chernihiv|Irpin|Kramatorsk|Rubizhne|Sievierodonetsk,6
NB08b_BDA_RGB_LightGBM,3,103628,1947,0.7168587896726697,Avdiivka|Chornobaivka|Dmytrivka|Hostomel|Lysychansk|Makariv|Moschun,7
NB08b_BDA_RGB_LightGBM,4,104753,3435,0.7288181994212927,Bucha|Kherson|Mariupol|Okhtyrka|Trostianets|Volnovakha,6
R0c_roll3_assessment_only,0,170104,238,0.5,Kharkiv,1
R0c_roll3_assessment_only,1,113042,84,0.5,Mykolaiv,1
R0c_roll3_assessment_only,2,107068,1628,0.7055410368811355,Borodyanka|Chernihiv|Irpin|Kramatorsk|Rubizhne|Sievierodonetsk,6
R0c_roll3_assessment_only,3,103628,1947,0.6274148916750513,Avdiivka|Chornobaivka|Dmytrivka|Hostomel|Lysychansk|Makariv|Moschun,7
R0c_roll3_assessment_only,4,104753,3435,0.8348191175101104,Bucha|Kherson|Mariupol|Okhtyrka|Trostianets|Volnovakha,6
E2_LightGBM_card,0,170104,238,0.6459519574846293,Kharkiv,1
E2_LightGBM_card,1,52623,406,0.5042884463480412,Chernihiv|Moschun,2
E2_LightGBM_card,2,55382,257,0.5119653422977493,Kherson|Makariv|Okhtyrka|Volnovakha,4
E2_LightGBM_card,3,54054,762,0.6659950955100439,Avdiivka|Dmytrivka|Hostomel|Trostianets,4
E2_LightGBM_card,4,54903,432,0.8163519902197364,Bucha|Chornobaivka|Irpin|Kramatorsk,4
CLF_F7_ExtraTrees,0,170104,238,0.35509867293319786,Kharkiv,1
CLF_F7_ExtraTrees,1,75995,575,0.5708522822916305,Chernihiv|Chornobaivka|Moschun|Volnovakha,4
CLF_F7_ExtraTrees,2,76892,1371,0.6075760891582693,Avdiivka|Bucha|Lysychansk|Makariv,4
CLF_F7_ExtraTrees,3,78593,3759,0.5772140342078975,Irpin|Kherson|Mariupol|Rubizhne|Trostianets,5
CLF_F7_ExtraTrees,4,78729,1243,0.6784611328537504,Dmytrivka|Hostomel|Kramatorsk|Okhtyrka|Sievierodonetsk,5
E2_LightGBM_card+coh,0,170104,238,0.5468078916777407,Kharkiv,1
E2_LightGBM_card+coh,1,52623,406,0.5254252786142255,Chernihiv|Moschun,2
E2_LightGBM_card+coh,2,55382,257,0.49657527550579245,Kherson|Makariv|Okhtyrka|Volnovakha,4
E2_LightGBM_card+coh,3,54054,762,0.6890197063157016,Avdiivka|Dmytrivka|Hostomel|Trostianets,4
E2_LightGBM_card+coh,4,54903,432,0.7941800240970901,Bucha|Chornobaivka|Irpin|Kramatorsk,4
D1i_allblocks_random,0,119719,1466,0.7225906771742399,Avdiivka|Borodyanka|Bucha|Chernihiv|Chornobaivka|Dmytrivka|Hostomel|Irpin|Kharkiv|Kherson|Kramatorsk|Lysychansk|Makariv|Mariupol|Moschun|Mykolaiv|Okhtyrka|Rubizhne|Sievierodonetsk|Trostianets|Volnovakha,21
D1i_allblocks_random,1,119719,1466,0.7262504806646845,Avdiivka|Borodyanka|Bucha|Chernihiv|Chornobaivka|Dmytrivka|Hostomel|Irpin|Kharkiv|Kherson|Kramatorsk|Lysychansk|Makariv|Mariupol|Moschun|Mykolaiv|Okhtyrka|Rubizhne|Sievierodonetsk|Trostianets|Volnovakha,21
D1i_allblocks_random,2,119719,1466,0.7258219477145038,Avdiivka|Borodyanka|Bucha|Chernihiv|Chornobaivka|Dmytrivka|Hostomel|Irpin|Kharkiv|Kherson|Kramatorsk|Lysychansk|Makariv|Mariupol|Moschun|Mykolaiv|Okhtyrka|Rubizhne|Sievierodonetsk|Trostianets|Volnovakha,21
D1i_allblocks_random,3,119719,1467,0.7145980499491791,Avdiivka|Borodyanka|Bucha|Chernihiv|Chornobaivka|Dmytrivka|Hostomel|Irpin|Kharkiv|Kherson|Kramatorsk|Lysychansk|Makariv|Mariupol|Moschun|Mykolaiv|Okhtyrka|Rubizhne|Sievierodonetsk|Trostianets|Volnovakha,21
D1i_allblocks_random,4,119719,1467,0.7104533970305602,Avdiivka|Borodyanka|Bucha|Chernihiv|Chornobaivka|Dmytrivka|Hostomel|Irpin|Kharkiv|Kherson|Kramatorsk|Lysychansk|Makariv|Mariupol|Moschun|Mykolaiv|Okhtyrka|Rubizhne|Sievierodonetsk|Trostianets|Volnovakha,21
NB08b_BDA_RGB_UISEM_voting,0,170104,238,0.8188692505719041,Kharkiv,1
NB08b_BDA_RGB_UISEM_voting,1,113042,84,0.6936257492249542,Mykolaiv,1
NB08b_BDA_RGB_UISEM_voting,2,107068,1628,0.7415916553494798,Borodyanka|Chernihiv|Irpin|Kramatorsk|Rubizhne|Sievierodonetsk,6
NB08b_BDA_RGB_UISEM_voting,3,103628,1947,0.7172095068543899,Avdiivka|Chornobaivka|Dmytrivka|Hostomel|Lysychansk|Makariv|Moschun,7
NB08b_BDA_RGB_UISEM_voting,4,104753,3435,0.7317185305533332,Bucha|Kherson|Mariupol|Okhtyrka|Trostianets|Volnovakha,6
E2_LightGBM_all,0,170104,238,0.5109558552678249,Kharkiv,1
E2_LightGBM_all,1,52623,406,0.5764818725872167,Chernihiv|Moschun,2
E2_LightGBM_all,2,55382,257,0.5472828820244051,Kherson|Makariv|Okhtyrka|Volnovakha,4
E2_LightGBM_all,3,54054,762,0.6747004272799608,Avdiivka|Dmytrivka|Hostomel|Trostianets,4
E2_LightGBM_all,4,54903,432,0.795589370694702,Bucha|Chornobaivka|Irpin|Kramatorsk,4
E1_base_LGBM,0,170104,238,0.5109558552678249,Kharkiv,1
E1_base_LGBM,1,52623,406,0.5764818725872167,Chernihiv|Moschun,2
E1_base_LGBM,2,55382,257,0.5472828820244051,Kherson|Makariv|Okhtyrka|Volnovakha,4
E1_base_LGBM,3,54054,762,0.6747004272799608,Avdiivka|Dmytrivka|Hostomel|Trostianets,4
E1_base_LGBM,4,54903,432,0.795589370694702,Bucha|Chornobaivka|Irpin|Kramatorsk,4
B7_UISEM_card+ms,0,170104,238,0.48905285154576117,Kharkiv,1
B7_UISEM_card+ms,1,75995,575,0.5805150865299252,Chernihiv|Chornobaivka|Moschun|Volnovakha,4
B7_UISEM_card+ms,2,76892,1371,0.5961353743478889,Avdiivka|Bucha|Lysychansk|Makariv,4
B7_UISEM_card+ms,3,78593,3759,0.6033978758682434,Irpin|Kherson|Mariupol|Rubizhne|Trostianets,5
B7_UISEM_card+ms,4,78729,1243,0.7600924934946337,Dmytrivka|Hostomel|Kramatorsk|Okhtyrka|Sievierodonetsk,5
E6_B_nativeNaN_all_multimodal,0,170104,238,0.49377800464963634,Kharkiv,1
E6_B_nativeNaN_all_multimodal,1,52623,406,0.5681424315788669,Chernihiv|Moschun,2
E6_B_nativeNaN_all_multimodal,2,55382,257,0.5492710059380432,Kherson|Makariv|Okhtyrka|Volnovakha,4
E6_B_nativeNaN_all_multimodal,3,54054,762,0.6802632029980715,Avdiivka|Dmytrivka|Hostomel|Trostianets,4
E6_B_nativeNaN_all_multimodal,4,54903,432,0.7900417364455568,Bucha|Chornobaivka|Irpin|Kramatorsk,4
E5_LightGBM_native_NaN,0,170104,238,0.49377800464963634,Kharkiv,1
E5_LightGBM_native_NaN,1,52623,406,0.5681424315788669,Chernihiv|Moschun,2
E5_LightGBM_native_NaN,2,55382,257,0.5492710059380432,Kherson|Makariv|Okhtyrka|Volnovakha,4
E5_LightGBM_native_NaN,3,54054,762,0.6802632029980715,Avdiivka|Dmytrivka|Hostomel|Trostianets,4
E5_LightGBM_native_NaN,4,54903,432,0.7900417364455568,Bucha|Chornobaivka|Irpin|Kramatorsk,4
E7d_MLP_128_64,0,170104,238,0.7028214998337295,Kharkiv,1
E7d_MLP_128_64,1,52623,406,0.6086848544407946,Chernihiv|Moschun,2
E7d_MLP_128_64,2,55382,257,0.6142845496175123,Kherson|Makariv|Okhtyrka|Volnovakha,4
E7d_MLP_128_64,3,54054,762,0.6828469967768327,Avdiivka|Dmytrivka|Hostomel|Trostianets,4
E7d_MLP_128_64,4,54903,432,0.7790035192018586,Bucha|Chornobaivka|Irpin|Kramatorsk,4
E6_B_nativeNaN_card+coh,0,170104,238,0.5435991587832901,Kharkiv,1
E6_B_nativeNaN_card+coh,1,52623,406,0.5296611544604832,Chernihiv|Moschun,2
E6_B_nativeNaN_card+coh,2,55382,257,0.5087422465743755,Kherson|Makariv|Okhtyrka|Volnovakha,4
E6_B_nativeNaN_card+coh,3,54054,762,0.6736093627088553,Avdiivka|Dmytrivka|Hostomel|Trostianets,4
E6_B_nativeNaN_card+coh,4,54903,432,0.797188123207932,Bucha|Chornobaivka|Irpin|Kramatorsk,4
E6_B_nativeNaN_card_only,0,170104,238,0.47478287878324654,Kharkiv,1
E6_B_nativeNaN_card_only,1,52623,406,0.5278629555650252,Chernihiv|Moschun,2
E6_B_nativeNaN_card_only,2,55382,257,0.506883506710077,Kherson|Makariv|Okhtyrka|Volnovakha,4
E6_B_nativeNaN_card_only,3,54054,762,0.6578527492665084,Avdiivka|Dmytrivka|Hostomel|Trostianets,4
E6_B_nativeNaN_card_only,4,54903,432,0.8161679388352756,Bucha|Chornobaivka|Irpin|Kramatorsk,4
CLF_A9_LightGBM,0,170104,238,0.7856806581203354,Kharkiv,1
CLF_A9_LightGBM,1,75995,575,0.6066693300127979,Chernihiv|Chornobaivka|Moschun|Volnovakha,4
CLF_A9_LightGBM,2,76892,1371,0.7325531715298301,Avdiivka|Bucha|Lysychansk|Makariv,4
CLF_A9_LightGBM,3,78593,3759,0.5942909336769311,Irpin|Kherson|Mariupol|Rubizhne|Trostianets,5
CLF_A9_LightGBM,4,78729,1243,0.7895160632032997,Dmytrivka|Hostomel|Kramatorsk|Okhtyrka|Sievierodonetsk,5
NB08b_BDA_RGB+CARD_LightGBM,0,170104,238,0.7253014783674766,Kharkiv,1
NB08b_BDA_RGB+CARD_LightGBM,1,113042,84,0.4510236210846172,Mykolaiv,1
NB08b_BDA_RGB+CARD_LightGBM,2,107068,1628,0.724918648494853,Borodyanka|Chernihiv|Irpin|Kramatorsk|Rubizhne|Sievierodonetsk,6
NB08b_BDA_RGB+CARD_LightGBM,3,103628,1947,0.6659676897101885,Avdiivka|Chornobaivka|Dmytrivka|Hostomel|Lysychansk|Makariv|Moschun,7
NB08b_BDA_RGB+CARD_LightGBM,4,104753,3435,0.6837699872593339,Bucha|Kherson|Mariupol|Okhtyrka|Trostianets|Volnovakha,6
B6_UISEM_no_AdaBoost,0,170104,238,0.4680407131592703,Kharkiv,1
B6_UISEM_no_AdaBoost,1,75995,575,0.5765536416358249,Chernihiv|Chornobaivka|Moschun|Volnovakha,4
B6_UISEM_no_AdaBoost,2,76892,1371,0.6104873849290701,Avdiivka|Bucha|Lysychansk|Makariv,4
B6_UISEM_no_AdaBoost,3,78593,3759,0.5775607908775129,Irpin|Kherson|Mariupol|Rubizhne|Trostianets,5
B6_UISEM_no_AdaBoost,4,78729,1243,0.7465772500174376,Dmytrivka|Hostomel|Kramatorsk|Okhtyrka|Sievierodonetsk,5
B7_UISEM_all_multimodal,0,170104,238,0.4680407131592703,Kharkiv,1
B7_UISEM_all_multimodal,1,75995,575,0.5765523733757625,Chernihiv|Chornobaivka|Moschun|Volnovakha,4
B7_UISEM_all_multimodal,2,76892,1371,0.6104873849290701,Avdiivka|Bucha|Lysychansk|Makariv,4
B7_UISEM_all_multimodal,3,78593,3759,0.5775607908775129,Irpin|Kherson|Mariupol|Rubizhne|Trostianets,5
B7_UISEM_all_multimodal,4,78729,1243,0.7465772500174376,Dmytrivka|Hostomel|Kramatorsk|Okhtyrka|Sievierodonetsk,5
ABL_FUSION_MS_COH_SAR_ALL,0,170104,238,0.5,Kharkiv,1
ABL_FUSION_MS_COH_SAR_ALL,1,75995,575,0.5279306607634926,Chernihiv|Chornobaivka|Moschun|Volnovakha,4
ABL_FUSION_MS_COH_SAR_ALL,2,76892,1371,0.6132276152055165,Avdiivka|Bucha|Lysychansk|Makariv,4
ABL_FUSION_MS_COH_SAR_ALL,3,78593,3759,0.5649106281546679,Irpin|Kherson|Mariupol|Rubizhne|Trostianets,5
ABL_FUSION_MS_COH_SAR_ALL,4,78729,1243,0.5890887999719421,Dmytrivka|Hostomel|Kramatorsk|Okhtyrka|Sievierodonetsk,5
ABL_FUSION_MS_COH_COH,0,170104,238,0.5,Kharkiv,1
ABL_FUSION_MS_COH_COH,1,75995,575,0.5279306607634926,Chernihiv|Chornobaivka|Moschun|Volnovakha,4
ABL_FUSION_MS_COH_COH,2,76892,1371,0.6132276152055165,Avdiivka|Bucha|Lysychansk|Makariv,4
ABL_FUSION_MS_COH_COH,3,78593,3759,0.5649106281546679,Irpin|Kherson|Mariupol|Rubizhne|Trostianets,5
ABL_FUSION_MS_COH_COH,4,78729,1243,0.5890887999719421,Dmytrivka|Hostomel|Kramatorsk|Okhtyrka|Sievierodonetsk,5
CLF_A17_ExtraTrees,0,170104,238,0.5453484986237793,Kharkiv,1
CLF_A17_ExtraTrees,1,113042,84,0.6205360568066176,Mykolaiv,1
CLF_A17_ExtraTrees,2,107068,1628,0.57558960543952,Borodyanka|Chernihiv|Irpin|Kramatorsk|Rubizhne|Sievierodonetsk,6
CLF_A17_ExtraTrees,3,103628,1947,0.5838184388533528,Avdiivka|Chornobaivka|Dmytrivka|Hostomel|Lysychansk|Makariv|Moschun,7
CLF_A17_ExtraTrees,4,104753,3435,0.5157911061180167,Bucha|Kherson|Mariupol|Okhtyrka|Trostianets|Volnovakha,6
R0c_roll3_baseline+assessment,0,170104,238,0.4091123309554827,Kharkiv,1
R0c_roll3_baseline+assessment,1,113042,84,0.37946394319338245,Mykolaiv,1
R0c_roll3_baseline+assessment,2,107068,1628,0.5840301394087908,Borodyanka|Chernihiv|Irpin|Kramatorsk|Rubizhne|Sievierodonetsk,6
R0c_roll3_baseline+assessment,3,103628,1947,0.5919739765199286,Avdiivka|Chornobaivka|Dmytrivka|Hostomel|Lysychansk|Makariv|Moschun,7
R0c_roll3_baseline+assessment,4,104753,3435,0.5353103274964067,Bucha|Kherson|Mariupol|Okhtyrka|Trostianets|Volnovakha,6
B7_UISEM_card+coh,0,170104,238,0.4588469611291234,Kharkiv,1
B7_UISEM_card+coh,1,75995,575,0.49415317122663804,Chernihiv|Chornobaivka|Moschun|Volnovakha,4
B7_UISEM_card+coh,2,76892,1371,0.5835905617704105,Avdiivka|Bucha|Lysychansk|Makariv,4
B7_UISEM_card+coh,3,78593,3759,0.5531054375255238,Irpin|Kherson|Mariupol|Rubizhne|Trostianets,5
B7_UISEM_card+coh,4,78729,1243,0.7527355160870001,Dmytrivka|Hostomel|Kramatorsk|Okhtyrka|Sievierodonetsk,5
B7_UISEM_card+coh+delta,0,170104,238,0.4588469611291234,Kharkiv,1
B7_UISEM_card+coh+delta,1,75995,575,0.49415317122663804,Chernihiv|Chornobaivka|Moschun|Volnovakha,4
B7_UISEM_card+coh+delta,2,76892,1371,0.5835905617704105,Avdiivka|Bucha|Lysychansk|Makariv,4
B7_UISEM_card+coh+delta,3,78593,3759,0.5531054375255238,Irpin|Kherson|Mariupol|Rubizhne|Trostianets,5
B7_UISEM_card+coh+delta,4,78729,1243,0.7527355160870001,Dmytrivka|Hostomel|Kramatorsk|Okhtyrka|Sievierodonetsk,5
NB08b_BDA_CARD_LogReg,0,110650,225,0.7421486479007874,Kharkiv,1
NB08b_BDA_CARD_LogReg,1,64984,628,0.9117759027907266,Borodyanka|Mykolaiv|Sievierodonetsk,3
NB08b_BDA_CARD_LogReg,2,64785,792,0.6132255212730813,Bucha|Chernihiv|Chornobaivka|Rubizhne|Trostianets,5
NB08b_BDA_CARD_LogReg,3,65119,1695,0.6448742963961793,Dmytrivka|Hostomel|Kramatorsk|Lysychansk|Makariv|Volnovakha,6
NB08b_BDA_CARD_LogReg,4,62750,3091,0.6486963174169271,Avdiivka|Irpin|Kherson|Mariupol|Moschun|Okhtyrka,6
NB08b_BDA_COH_DROP+CARD_LogReg,0,24902,933,0.7013016589801127,Lysychansk,1
NB08b_BDA_COH_DROP+CARD_LogReg,1,26461,2781,0.610817196140315,Avdiivka|Mariupol,2
NB08b_BDA_COH_DROP+CARD_LogReg,2,26241,213,0.6085555389609312,Borodyanka|Okhtyrka|Volnovakha,3
NB08b_BDA_COH_DROP+CARD_LogReg,3,29003,1079,0.7215147987407632,Dmytrivka|Hostomel|Sievierodonetsk,3
NB08b_BDA_COH_DROP+CARD_LogReg,4,24182,421,0.6602734615426524,Bucha|Irpin|Moschun,3
B7_UISEM_coh+ms,0,170104,238,0.39046386984026066,Kharkiv,1
B7_UISEM_coh+ms,1,75995,575,0.6083023416692608,Chernihiv|Chornobaivka|Moschun|Volnovakha,4
B7_UISEM_coh+ms,2,76892,1371,0.650577518441767,Avdiivka|Bucha|Lysychansk|Makariv,4
B7_UISEM_coh+ms,3,78593,3759,0.563802091415201,Irpin|Kherson|Mariupol|Rubizhne|Trostianets,5
B7_UISEM_coh+ms,4,78729,1243,0.716810411177695,Dmytrivka|Hostomel|Kramatorsk|Okhtyrka|Sievierodonetsk,5
E7b_LDA,0,170104,238,0.753308539692236,Kharkiv,1
E7b_LDA,1,52623,406,0.6525634876662385,Chernihiv|Moschun,2
E7b_LDA,2,55382,257,0.5991423806876837,Kherson|Makariv|Okhtyrka|Volnovakha,4
E7b_LDA,3,54054,762,0.6628726460841797,Avdiivka|Dmytrivka|Hostomel|Trostianets,4
E7b_LDA,4,54903,432,0.7977286546290007,Bucha|Chornobaivka|Irpin|Kramatorsk,4
E1_soft_voting,0,170104,238,0.4948413489941206,Kharkiv,1
E1_soft_voting,1,52623,406,0.5099009193446333,Chernihiv|Moschun,2
E1_soft_voting,2,55382,257,0.5130111437571137,Kherson|Makariv|Okhtyrka|Volnovakha,4
E1_soft_voting,3,54054,762,0.6354125726965957,Avdiivka|Dmytrivka|Hostomel|Trostianets,4
E1_soft_voting,4,54903,432,0.7279368243516597,Bucha|Chornobaivka|Irpin|Kramatorsk,4
R0_dietrich28_faithful_groupkfold,0,170104,238,0.48718752804360765,Kharkiv,1
R0_dietrich28_faithful_groupkfold,1,113042,84,0.6337472988274614,Mykolaiv,1
R0_dietrich28_faithful_groupkfold,2,107068,1628,0.6281246650283543,Borodyanka|Chernihiv|Irpin|Kramatorsk|Rubizhne|Sievierodonetsk,6
R0_dietrich28_faithful_groupkfold,3,103628,1947,0.6265952896271811,Avdiivka|Chornobaivka|Dmytrivka|Hostomel|Lysychansk|Makariv|Moschun,7
R0_dietrich28_faithful_groupkfold,4,104753,3435,0.5585924774930751,Bucha|Kherson|Mariupol|Okhtyrka|Trostianets|Volnovakha,6
R1_groupkfold,0,170104,238,0.48718625417741535,Kharkiv,1
R1_groupkfold,1,113042,84,0.6337472988274614,Mykolaiv,1
R1_groupkfold,2,107068,1628,0.6281246650283543,Borodyanka|Chernihiv|Irpin|Kramatorsk|Rubizhne|Sievierodonetsk,6
R1_groupkfold,3,103628,1947,0.6265952871015831,Avdiivka|Chornobaivka|Dmytrivka|Hostomel|Lysychansk|Makariv|Moschun,7
R1_groupkfold,4,104753,3435,0.5585924789297438,Bucha|Kherson|Mariupol|Okhtyrka|Trostianets|Volnovakha,6
R5_RF-200_dietrich28,0,170104,238,0.4871862665450483,Kharkiv,1
R5_RF-200_dietrich28,1,113042,84,0.6337472988274614,Mykolaiv,1
R5_RF-200_dietrich28,2,107068,1628,0.6281246650283543,Borodyanka|Chernihiv|Irpin|Kramatorsk|Rubizhne|Sievierodonetsk,6
R5_RF-200_dietrich28,3,103628,1947,0.626595284575985,Avdiivka|Chornobaivka|Dmytrivka|Hostomel|Lysychansk|Makariv|Moschun,7
R5_RF-200_dietrich28,4,104753,3435,0.5585924717463999,Bucha|Kherson|Mariupol|Okhtyrka|Trostianets|Volnovakha,6
E7b_NearestCentroid,0,170104,238,0.7832720863415127,Kharkiv,1
E7b_NearestCentroid,1,52623,406,0.6005273465193706,Chernihiv|Moschun,2
E7b_NearestCentroid,2,55382,257,0.5591602742264221,Kherson|Makariv|Okhtyrka|Volnovakha,4
E7b_NearestCentroid,3,54054,762,0.627722964135788,Avdiivka|Dmytrivka|Hostomel|Trostianets,4
E7b_NearestCentroid,4,54903,432,0.6969667685897424,Bucha|Chornobaivka|Irpin|Kramatorsk,4
NB08b_xBD_RGB_LightGBM,0,14351,5286,0.5964415155269703,hurricane-michael|sunda-tsunami|woolsey-fire,3
NB08b_xBD_RGB_LightGBM,1,14047,2203,0.74515183234676,hurricane-florence|lower-puna-volcano|pinery-bushfire|portugal-wildfire,4
NB08b_xBD_RGB_LightGBM,2,14041,2855,0.7970887427147332,guatemala-volcano|moore-tornado|socal-fire|tuscaloosa-tornado,4
NB08b_xBD_RGB_LightGBM,3,14117,7066,0.6266251687043526,hurricane-matthew|mexico-earthquake|nepal-flooding|santa-rosa-wildfire,4
NB08b_xBD_RGB_LightGBM,4,14375,5149,0.6810943908382573,hurricane-harvey|joplin-tornado|midwest-flooding|palu-tsunami,4
NB08b_BDA_CARD_LightGBM,0,110650,225,0.63266333610042,Kharkiv,1
NB08b_BDA_CARD_LightGBM,1,64984,628,0.9046902297649264,Borodyanka|Mykolaiv|Sievierodonetsk,3
NB08b_BDA_CARD_LightGBM,2,64785,792,0.6543785782599013,Bucha|Chernihiv|Chornobaivka|Rubizhne|Trostianets,5
NB08b_BDA_CARD_LightGBM,3,65119,1695,0.6154051377590051,Dmytrivka|Hostomel|Kramatorsk|Lysychansk|Makariv|Volnovakha,6
NB08b_BDA_CARD_LightGBM,4,62750,3091,0.635219524808332,Avdiivka|Irpin|Kherson|Mariupol|Moschun|Okhtyrka,6
R0c_roll7_baseline+assessment,0,170104,238,0.4937829145999115,Kharkiv,1
R0c_roll7_baseline+assessment,1,113042,84,0.6205360568066176,Mykolaiv,1
R0c_roll7_baseline+assessment,2,107068,1628,0.5863392038230809,Borodyanka|Chernihiv|Irpin|Kramatorsk|Rubizhne|Sievierodonetsk,6
R0c_roll7_baseline+assessment,3,103628,1947,0.5770883310815859,Avdiivka|Chornobaivka|Dmytrivka|Hostomel|Lysychansk|Makariv|Moschun,7
R0c_roll7_baseline+assessment,4,104753,3435,0.5314733443491348,Bucha|Kherson|Mariupol|Okhtyrka|Trostianets|Volnovakha,6
R0c_roll13_baseline+assessment,0,170104,238,0.4937829145999115,Kharkiv,1
R0c_roll13_baseline+assessment,1,113042,84,0.6205360568066176,Mykolaiv,1
R0c_roll13_baseline+assessment,2,107068,1628,0.5863392038230809,Borodyanka|Chernihiv|Irpin|Kramatorsk|Rubizhne|Sievierodonetsk,6
R0c_roll13_baseline+assessment,3,103628,1947,0.5770882780440254,Avdiivka|Chornobaivka|Dmytrivka|Hostomel|Lysychansk|Makariv|Moschun,7
R0c_roll13_baseline+assessment,4,104753,3435,0.5314733486591412,Bucha|Kherson|Mariupol|Okhtyrka|Trostianets|Volnovakha,6
ABL_ROLLING_SAR_SAR_ALL,0,170104,238,0.44168760012217245,Kharkiv,1
ABL_ROLLING_SAR_SAR_ALL,1,113042,84,0.37946394319338245,Mykolaiv,1
ABL_ROLLING_SAR_SAR_ALL,2,107068,1628,0.5436699709046542,Borodyanka|Chernihiv|Irpin|Kramatorsk|Rubizhne|Sievierodonetsk,6
ABL_ROLLING_SAR_SAR_ALL,3,103628,1947,0.512341999402979,Avdiivka|Chornobaivka|Dmytrivka|Hostomel|Lysychansk|Makariv|Moschun,7
ABL_ROLLING_SAR_SAR_ALL,4,104753,3435,0.5049037643106936,Bucha|Kherson|Mariupol|Okhtyrka|Trostianets|Volnovakha,6
NB08b_xBD_RGB_ExtraTrees,0,14351,5286,0.5900885666411855,hurricane-michael|sunda-tsunami|woolsey-fire,3
NB08b_xBD_RGB_ExtraTrees,1,14047,2203,0.7137091847520566,hurricane-florence|lower-puna-volcano|pinery-bushfire|portugal-wildfire,4
NB08b_xBD_RGB_ExtraTrees,2,14041,2855,0.7912716139106832,guatemala-volcano|moore-tornado|socal-fire|tuscaloosa-tornado,4
NB08b_xBD_RGB_ExtraTrees,3,14117,7066,0.6548473430587378,hurricane-matthew|mexico-earthquake|nepal-flooding|santa-rosa-wildfire,4
NB08b_xBD_RGB_ExtraTrees,4,14375,5149,0.691634532635673,hurricane-harvey|joplin-tornado|midwest-flooding|palu-tsunami,4
NB08b_BDA_COH_DROP+RGB+CARD_GBM,0,41600,1071,0.7546326696847819,Lysychansk,1
NB08b_BDA_COH_DROP+RGB+CARD_GBM,1,41496,3144,0.7091501567839252,Avdiivka|Mariupol,2
NB08b_BDA_COH_DROP+RGB+CARD_GBM,2,39919,198,0.6900173533629389,Okhtyrka|Volnovakha,2
NB08b_BDA_COH_DROP+RGB+CARD_GBM,3,41859,1189,0.7554782250127852,Dmytrivka|Hostomel|Sievierodonetsk,3
NB08b_BDA_COH_DROP+RGB+CARD_GBM,4,41068,542,0.6911226003515032,Borodyanka|Bucha|Irpin|Moschun,4
NB08b_xBD_RGB_UISEM_voting,0,14351,5286,0.5960295582478168,hurricane-michael|sunda-tsunami|woolsey-fire,3
NB08b_xBD_RGB_UISEM_voting,1,14047,2203,0.7440748492698928,hurricane-florence|lower-puna-volcano|pinery-bushfire|portugal-wildfire,4
NB08b_xBD_RGB_UISEM_voting,2,14041,2855,0.8033225795441701,guatemala-volcano|moore-tornado|socal-fire|tuscaloosa-tornado,4
NB08b_xBD_RGB_UISEM_voting,3,14117,7066,0.6301094371953351,hurricane-matthew|mexico-earthquake|nepal-flooding|santa-rosa-wildfire,4
NB08b_xBD_RGB_UISEM_voting,4,14375,5149,0.6889534280353129,hurricane-harvey|joplin-tornado|midwest-flooding|palu-tsunami,4
NB08b_xBD_RGB_RF-200,0,14351,5286,0.5938394647977914,hurricane-michael|sunda-tsunami|woolsey-fire,3
NB08b_xBD_RGB_RF-200,1,14047,2203,0.7240140130058134,hurricane-florence|lower-puna-volcano|pinery-bushfire|portugal-wildfire,4
NB08b_xBD_RGB_RF-200,2,14041,2855,0.7918907265555549,guatemala-volcano|moore-tornado|socal-fire|tuscaloosa-tornado,4
NB08b_xBD_RGB_RF-200,3,14117,7066,0.6368758159738941,hurricane-matthew|mexico-earthquake|nepal-flooding|santa-rosa-wildfire,4
NB08b_xBD_RGB_RF-200,4,14375,5149,0.6929616441531627,hurricane-harvey|joplin-tornado|midwest-flooding|palu-tsunami,4
R0b_prepost_single_card_groupkfold,0,170104,238,0.6225483517556647,Kharkiv,1
R0b_prepost_single_card_groupkfold,1,113042,84,0.6067628697223325,Mykolaiv,1
R0b_prepost_single_card_groupkfold,2,107068,1628,0.6210994532563672,Borodyanka|Chernihiv|Irpin|Kramatorsk|Rubizhne|Sievierodonetsk,6
R0b_prepost_single_card_groupkfold,3,103628,1947,0.6324384881614129,Avdiivka|Chornobaivka|Dmytrivka|Hostomel|Lysychansk|Makariv|Moschun,7
R0b_prepost_single_card_groupkfold,4,104753,3435,0.5767643966351723,Bucha|Kherson|Mariupol|Okhtyrka|Trostianets|Volnovakha,6
NB08b_BDA_RGB_GBM,0,170104,238,0.815765790968996,Kharkiv,1
NB08b_BDA_RGB_GBM,1,113042,84,0.6937643384519656,Mykolaiv,1
NB08b_BDA_RGB_GBM,2,107068,1628,0.7406489752314392,Borodyanka|Chernihiv|Irpin|Kramatorsk|Rubizhne|Sievierodonetsk,6
NB08b_BDA_RGB_GBM,3,103628,1947,0.7179233444301546,Avdiivka|Chornobaivka|Dmytrivka|Hostomel|Lysychansk|Makariv|Moschun,7
NB08b_BDA_RGB_GBM,4,104753,3435,0.7310986424543152,Bucha|Kherson|Mariupol|Okhtyrka|Trostianets|Volnovakha,6
E1_base_XGB,0,170104,238,0.44332009056669186,Kharkiv,1
E1_base_XGB,1,52623,406,0.4973573476203086,Chernihiv|Moschun,2
E1_base_XGB,2,55382,257,0.5280799032972463,Kherson|Makariv|Okhtyrka|Volnovakha,4
E1_base_XGB,3,54054,762,0.647664058247504,Avdiivka|Dmytrivka|Hostomel|Trostianets,4
E1_base_XGB,4,54903,432,0.7606526697522366,Bucha|Chornobaivka|Irpin|Kramatorsk,4
CLF_F7_RF_200,0,170104,238,0.3215618326734459,Kharkiv,1
CLF_F7_RF_200,1,75995,575,0.5213196130653845,Chernihiv|Chornobaivka|Moschun|Volnovakha,4
CLF_F7_RF_200,2,76892,1371,0.5899765529590115,Avdiivka|Bucha|Lysychansk|Makariv,4
CLF_F7_RF_200,3,78593,3759,0.5402278387159412,Irpin|Kherson|Mariupol|Rubizhne|Trostianets,5
CLF_F7_RF_200,4,78729,1243,0.6289864181003066,Dmytrivka|Hostomel|Kramatorsk|Okhtyrka|Sievierodonetsk,5
ABL_FUSION_MS_COH_ALL,0,170104,238,0.321561820305813,Kharkiv,1
ABL_FUSION_MS_COH_ALL,1,75995,575,0.5213185408091499,Chernihiv|Chornobaivka|Moschun|Volnovakha,4
ABL_FUSION_MS_COH_ALL,2,76892,1371,0.5899765674462654,Avdiivka|Bucha|Lysychansk|Makariv,4
ABL_FUSION_MS_COH_ALL,3,78593,3759,0.5402278156090207,Irpin|Kherson|Mariupol|Rubizhne|Trostianets,5
ABL_FUSION_MS_COH_ALL,4,78729,1243,0.628986386952542,Dmytrivka|Hostomel|Kramatorsk|Okhtyrka|Sievierodonetsk,5
NB08b_BDA_RGB+CARD_XGBoost,0,170104,238,0.7413623585847748,Kharkiv,1
NB08b_BDA_RGB+CARD_XGBoost,1,113042,84,0.6262670638644452,Mykolaiv,1
NB08b_BDA_RGB+CARD_XGBoost,2,107068,1628,0.7455766120350245,Borodyanka|Chernihiv|Irpin|Kramatorsk|Rubizhne|Sievierodonetsk,6
NB08b_BDA_RGB+CARD_XGBoost,3,103628,1947,0.6854152851329298,Avdiivka|Chornobaivka|Dmytrivka|Hostomel|Lysychansk|Makariv|Moschun,7
NB08b_BDA_RGB+CARD_XGBoost,4,104753,3435,0.7241765854997652,Bucha|Kherson|Mariupol|Okhtyrka|Trostianets|Volnovakha,6
NB08b_BDA_COH_DROP+RGB+CARD_LightGBM,0,41600,1071,0.7145752097050586,Lysychansk,1
NB08b_BDA_COH_DROP+RGB+CARD_LightGBM,1,41496,3144,0.6286008850917337,Avdiivka|Mariupol,2
NB08b_BDA_COH_DROP+RGB+CARD_LightGBM,2,39919,198,0.6487542274028012,Okhtyrka|Volnovakha,2
NB08b_BDA_COH_DROP+RGB+CARD_LightGBM,3,41859,1189,0.7292980507533301,Dmytrivka|Hostomel|Sievierodonetsk,3
NB08b_BDA_COH_DROP+RGB+CARD_LightGBM,4,41068,542,0.6539489795899786,Borodyanka|Bucha|Irpin|Moschun,4
E7_LogReg,0,170104,238,0.6891106182856738,Kharkiv,1
E7_LogReg,1,52623,406,0.5779301439210056,Chernihiv|Moschun,2
E7_LogReg,2,55382,257,0.6075638141118964,Kherson|Makariv|Okhtyrka|Volnovakha,4
E7_LogReg,3,54054,762,0.6654013159411142,Avdiivka|Dmytrivka|Hostomel|Trostianets,4
E7_LogReg,4,54903,432,0.7895097892728512,Bucha|Chornobaivka|Irpin|Kramatorsk,4
NB08b_xBD_RGB_GBM,0,14351,5286,0.5901227294611436,hurricane-michael|sunda-tsunami|woolsey-fire,3
NB08b_xBD_RGB_GBM,1,14047,2203,0.7370895786547558,hurricane-florence|lower-puna-volcano|pinery-bushfire|portugal-wildfire,4
NB08b_xBD_RGB_GBM,2,14041,2855,0.8000750249796234,guatemala-volcano|moore-tornado|socal-fire|tuscaloosa-tornado,4
NB08b_xBD_RGB_GBM,3,14117,7066,0.6196113809609123,hurricane-matthew|mexico-earthquake|nepal-flooding|santa-rosa-wildfire,4
NB08b_xBD_RGB_GBM,4,14375,5149,0.6832956058176507,hurricane-harvey|joplin-tornado|midwest-flooding|palu-tsunami,4
NB08b_BDA_COH_DROP+RGB+CARD_XGBoost,0,41600,1071,0.7378319944688543,Lysychansk,1
NB08b_BDA_COH_DROP+RGB+CARD_XGBoost,1,41496,3144,0.6943866191345522,Avdiivka|Mariupol,2
NB08b_BDA_COH_DROP+RGB+CARD_XGBoost,2,39919,198,0.6446161471211193,Okhtyrka|Volnovakha,2
NB08b_BDA_COH_DROP+RGB+CARD_XGBoost,3,41859,1189,0.7455100469160072,Dmytrivka|Hostomel|Sievierodonetsk,3
NB08b_BDA_COH_DROP+RGB+CARD_XGBoost,4,41068,542,0.6884625386499633,Borodyanka|Bucha|Irpin|Moschun,4
NB08b_xBD_RGB_XGBoost,0,14351,5286,0.5965321189984722,hurricane-michael|sunda-tsunami|woolsey-fire,3
NB08b_xBD_RGB_XGBoost,1,14047,2203,0.7437234625099818,hurricane-florence|lower-puna-volcano|pinery-bushfire|portugal-wildfire,4
NB08b_xBD_RGB_XGBoost,2,14041,2855,0.7938136174095528,guatemala-volcano|moore-tornado|socal-fire|tuscaloosa-tornado,4
NB08b_xBD_RGB_XGBoost,3,14117,7066,0.6191468205263475,hurricane-matthew|mexico-earthquake|nepal-flooding|santa-rosa-wildfire,4
NB08b_xBD_RGB_XGBoost,4,14375,5149,0.6765531640107666,hurricane-harvey|joplin-tornado|midwest-flooding|palu-tsunami,4
R3b_card_only,0,170104,238,0.5059577485050748,Kharkiv,1
R3b_card_only,1,75995,575,0.4602741171180519,Chernihiv|Chornobaivka|Moschun|Volnovakha,4
R3b_card_only,2,76892,1371,0.5846626378772479,Avdiivka|Bucha|Lysychansk|Makariv,4
R3b_card_only,3,78593,3759,0.5762429214348419,Irpin|Kherson|Mariupol|Rubizhne|Trostianets,5
R3b_card_only,4,78729,1243,0.6268876869128036,Dmytrivka|Hostomel|Kramatorsk|Okhtyrka|Sievierodonetsk,5
NB08b_BDA_COH_DROP+RGB_GBM,0,41600,1071,0.7714162046339587,Lysychansk,1
NB08b_BDA_COH_DROP+RGB_GBM,1,41496,3144,0.6855054559890384,Avdiivka|Mariupol,2
NB08b_BDA_COH_DROP+RGB_GBM,2,39919,198,0.7110519484515608,Okhtyrka|Volnovakha,2
NB08b_BDA_COH_DROP+RGB_GBM,3,41859,1189,0.7508756813698556,Dmytrivka|Hostomel|Sievierodonetsk,3
NB08b_BDA_COH_DROP+RGB_GBM,4,41068,542,0.6802661013211327,Borodyanka|Bucha|Irpin|Moschun,4
NB08b_BDA_COH_DROP+RGB+CARD_ExtraTrees,0,41600,1071,0.7328934551112426,Lysychansk,1
NB08b_BDA_COH_DROP+RGB+CARD_ExtraTrees,1,41496,3144,0.6149668754067052,Avdiivka|Mariupol,2
NB08b_BDA_COH_DROP+RGB+CARD_ExtraTrees,2,39919,198,0.6851824302794821,Okhtyrka|Volnovakha,2
NB08b_BDA_COH_DROP+RGB+CARD_ExtraTrees,3,41859,1189,0.7378832023654254,Dmytrivka|Hostomel|Sievierodonetsk,3
NB08b_BDA_COH_DROP+RGB+CARD_ExtraTrees,4,41068,542,0.6599221847101756,Borodyanka|Bucha|Irpin|Moschun,4
R4b_tier0_card,0,41600,1071,0.7127927486719231,Lysychansk,1
R4b_tier0_card,1,28973,3055,0.6692614589965155,Mariupol,1
R4b_tier0_card,2,13609,431,0.6163274303407316,Rubizhne,1
R4b_tier0_card,3,9065,534,0.7435792661002372,Sievierodonetsk,1
R4_tier0_dietrich28,0,41600,1071,0.7127927371529266,Lysychansk,1
R4_tier0_dietrich28,1,28973,3055,0.6692614589965155,Mariupol,1
R4_tier0_dietrich28,2,13609,431,0.616327342308192,Rubizhne,1
R4_tier0_dietrich28,3,9065,534,0.7435792661002372,Sievierodonetsk,1
CLF_A17_RF_200,0,170104,238,0.4295099834995988,Kharkiv,1
CLF_A17_RF_200,1,113042,84,0.6205360568066176,Mykolaiv,1
CLF_A17_RF_200,2,107068,1628,0.5430003188930067,Borodyanka|Chernihiv|Irpin|Kramatorsk|Rubizhne|Sievierodonetsk,6
CLF_A17_RF_200,3,103628,1947,0.5170853908812886,Avdiivka|Chornobaivka|Dmytrivka|Hostomel|Lysychansk|Makariv|Moschun,7
CLF_A17_RF_200,4,104753,3435,0.5006832265155727,Bucha|Kherson|Mariupol|Okhtyrka|Trostianets|Volnovakha,6
ABL_ROLLING_SAR_ALL,0,170104,238,0.4295099834995989,Kharkiv,1
ABL_ROLLING_SAR_ALL,1,113042,84,0.6205360568066176,Mykolaiv,1
ABL_ROLLING_SAR_ALL,2,107068,1628,0.5430003218058035,Borodyanka|Chernihiv|Irpin|Kramatorsk|Rubizhne|Sievierodonetsk,6
ABL_ROLLING_SAR_ALL,3,103628,1947,0.5170852721781773,Avdiivka|Chornobaivka|Dmytrivka|Hostomel|Lysychansk|Makariv|Moschun,7
ABL_ROLLING_SAR_ALL,4,104753,3435,0.5006832365722542,Bucha|Kherson|Mariupol|Okhtyrka|Trostianets|Volnovakha,6
NB08b_BDA_COH_DROP_LogReg,0,3612,863,0.6639755655380003,Bucha|Dmytrivka|Mariupol|Moschun,4
NB08b_BDA_COH_DROP_LogReg,1,4863,97,0.5568081037936241,Borodyanka|Lysychansk,2
NB08b_BDA_COH_DROP_LogReg,2,4230,95,0.5387424425634825,Avdiivka|Hostomel,2
NB08b_BDA_COH_DROP_LogReg,3,4370,326,0.7136187520100974,Irpin|Sievierodonetsk,2
NB08b_BDA_COH_DROP_LogReg,4,4359,50,0.7268414945462984,Okhtyrka|Volnovakha,2
NB08b_BDA_COH_DROP+RGB_ExtraTrees,0,41600,1071,0.7694320344535948,Lysychansk,1
NB08b_BDA_COH_DROP+RGB_ExtraTrees,1,41496,3144,0.5950891172410169,Avdiivka|Mariupol,2
NB08b_BDA_COH_DROP+RGB_ExtraTrees,2,39919,198,0.7021998006804533,Okhtyrka|Volnovakha,2
NB08b_BDA_COH_DROP+RGB_ExtraTrees,3,41859,1189,0.7208667456768597,Dmytrivka|Hostomel|Sievierodonetsk,3
NB08b_BDA_COH_DROP+RGB_ExtraTrees,4,41068,542,0.6343300314881448,Borodyanka|Bucha|Irpin|Moschun,4
NB08b_BDA_CARD_ExtraTrees,0,110650,225,0.6787581314617764,Kharkiv,1
NB08b_BDA_CARD_ExtraTrees,1,64984,628,0.8735062068161457,Borodyanka|Mykolaiv|Sievierodonetsk,3
NB08b_BDA_CARD_ExtraTrees,2,64785,792,0.6676132170864016,Bucha|Chernihiv|Chornobaivka|Rubizhne|Trostianets,5
NB08b_BDA_CARD_ExtraTrees,3,65119,1695,0.6518872005125778,Dmytrivka|Hostomel|Kramatorsk|Lysychansk|Makariv|Volnovakha,6
NB08b_BDA_CARD_ExtraTrees,4,62750,3091,0.6532799976772986,Avdiivka|Irpin|Kherson|Mariupol|Moschun|Okhtyrka,6
R2_roll13,0,170104,238,0.6473344362293678,Kharkiv,1
R2_roll13,1,113042,84,0.6205360568066176,Mykolaiv,1
R2_roll13,2,107068,1628,0.6060971538944794,Borodyanka|Chernihiv|Irpin|Kramatorsk|Rubizhne|Sievierodonetsk,6
R2_roll13,3,103628,1947,0.5597099405122136,Avdiivka|Chornobaivka|Dmytrivka|Hostomel|Lysychansk|Makariv|Moschun,7
R2_roll13,4,104753,3435,0.5806381585032416,Bucha|Kherson|Mariupol|Okhtyrka|Trostianets|Volnovakha,6
R2_roll7,0,170104,238,0.6473344238617351,Kharkiv,1
R2_roll7,1,113042,84,0.6205360568066176,Mykolaiv,1
R2_roll7,2,107068,1628,0.6060971568072764,Borodyanka|Chernihiv|Irpin|Kramatorsk|Rubizhne|Sievierodonetsk,6
R2_roll7,3,103628,1947,0.5597099329354194,Avdiivka|Chornobaivka|Dmytrivka|Hostomel|Lysychansk|Makariv|Moschun,7
R2_roll7,4,104753,3435,0.5806381541932354,Bucha|Kherson|Mariupol|Okhtyrka|Trostianets|Volnovakha,6
NB08b_xBD_RGB_AdaBoost,0,14351,5286,0.5627575906885133,hurricane-michael|sunda-tsunami|woolsey-fire,3
NB08b_xBD_RGB_AdaBoost,1,14047,2203,0.7213116673511589,hurricane-florence|lower-puna-volcano|pinery-bushfire|portugal-wildfire,4
NB08b_xBD_RGB_AdaBoost,2,14041,2855,0.7489683908738812,guatemala-volcano|moore-tornado|socal-fire|tuscaloosa-tornado,4
NB08b_xBD_RGB_AdaBoost,3,14117,7066,0.6253352359861835,hurricane-matthew|mexico-earthquake|nepal-flooding|santa-rosa-wildfire,4
NB08b_xBD_RGB_AdaBoost,4,14375,5149,0.6866365718034396,hurricane-harvey|joplin-tornado|midwest-flooding|palu-tsunami,4
NB08b_BDA_RGB+CARD_GBM,0,170104,238,0.7523049433824605,Kharkiv,1
NB08b_BDA_RGB+CARD_GBM,1,113042,84,0.5939364631101826,Mykolaiv,1
NB08b_BDA_RGB+CARD_GBM,2,107068,1628,0.7455472568676762,Borodyanka|Chernihiv|Irpin|Kramatorsk|Rubizhne|Sievierodonetsk,6
NB08b_BDA_RGB+CARD_GBM,3,103628,1947,0.6973437279475823,Avdiivka|Chornobaivka|Dmytrivka|Hostomel|Lysychansk|Makariv|Moschun,7
NB08b_BDA_RGB+CARD_GBM,4,104753,3435,0.7189539252563872,Bucha|Kherson|Mariupol|Okhtyrka|Trostianets|Volnovakha,6
NB08b_BDA_COH_DROP+RGB_LightGBM,0,41600,1071,0.767772365922855,Lysychansk,1
NB08b_BDA_COH_DROP+RGB_LightGBM,1,41496,3144,0.5856877958400077,Avdiivka|Mariupol,2
NB08b_BDA_COH_DROP+RGB_LightGBM,2,39919,198,0.6184668364875309,Okhtyrka|Volnovakha,2
NB08b_BDA_COH_DROP+RGB_LightGBM,3,41859,1189,0.7097041295061298,Dmytrivka|Hostomel|Sievierodonetsk,3
NB08b_BDA_COH_DROP+RGB_LightGBM,4,41068,542,0.6383436044793257,Borodyanka|Bucha|Irpin|Moschun,4
D1e_zonal_max,0,170104,238,0.36669121394451604,Kharkiv,1
D1e_zonal_max,1,113042,84,0.6248877058392542,Mykolaiv,1
D1e_zonal_max,2,107068,1628,0.5601249986018575,Borodyanka|Chernihiv|Irpin|Kramatorsk|Rubizhne|Sievierodonetsk,6
D1e_zonal_max,3,103628,1947,0.5405744231456884,Avdiivka|Chornobaivka|Dmytrivka|Hostomel|Lysychansk|Makariv|Moschun,7
D1e_zonal_max,4,104753,3435,0.506495221223,Bucha|Kherson|Mariupol|Okhtyrka|Trostianets|Volnovakha,6
E1_stacking_LogReg,0,170104,238,0.6281997539929397,Kharkiv,1
E1_stacking_LogReg,1,52623,406,0.6281811521472869,Chernihiv|Moschun,2
E1_stacking_LogReg,2,55382,257,0.5827543697115682,Kherson|Makariv|Okhtyrka|Volnovakha,4
E1_stacking_LogReg,3,54054,762,0.7405826129423532,Avdiivka|Dmytrivka|Hostomel|Trostianets,4
E1_stacking_LogReg,4,54903,432,0.8220957447965858,Bucha|Chornobaivka|Irpin|Kramatorsk,4
NB08b_xBD_RGB_LogReg,0,14351,5286,0.555531945575727,hurricane-michael|sunda-tsunami|woolsey-fire,3
NB08b_xBD_RGB_LogReg,1,14047,2203,0.6930412735818325,hurricane-florence|lower-puna-volcano|pinery-bushfire|portugal-wildfire,4
NB08b_xBD_RGB_LogReg,2,14041,2855,0.7447324855343636,guatemala-volcano|moore-tornado|socal-fire|tuscaloosa-tornado,4
NB08b_xBD_RGB_LogReg,3,14117,7066,0.5552714417456609,hurricane-matthew|mexico-earthquake|nepal-flooding|santa-rosa-wildfire,4
NB08b_xBD_RGB_LogReg,4,14375,5149,0.6643218728329765,hurricane-harvey|joplin-tornado|midwest-flooding|palu-tsunami,4
D1e_zonal_std,0,170104,238,0.3783929487870172,Kharkiv,1
D1e_zonal_std,1,113042,84,0.4680675666218965,Mykolaiv,1
D1e_zonal_std,2,107068,1628,0.5605240168261791,Borodyanka|Chernihiv|Irpin|Kramatorsk|Rubizhne|Sievierodonetsk,6
D1e_zonal_std,3,103628,1947,0.5343060199646409,Avdiivka|Chornobaivka|Dmytrivka|Hostomel|Lysychansk|Makariv|Moschun,7
D1e_zonal_std,4,104753,3435,0.49695292608198327,Bucha|Kherson|Mariupol|Okhtyrka|Trostianets|Volnovakha,6
R2_roll3,0,170104,238,0.7267611311417295,Kharkiv,1
R2_roll3,1,113042,84,0.6205360568066176,Mykolaiv,1
R2_roll3,2,107068,1628,0.6131258551971754,Borodyanka|Chernihiv|Irpin|Kramatorsk|Rubizhne|Sievierodonetsk,6
R2_roll3,3,103628,1947,0.5710733691454053,Avdiivka|Chornobaivka|Dmytrivka|Hostomel|Lysychansk|Makariv|Moschun,7
R2_roll3,4,104753,3435,0.552233798707705,Bucha|Kherson|Mariupol|Okhtyrka|Trostianets|Volnovakha,6
NB08b_BDA_COH_DROP+CARD_LightGBM,0,24902,933,0.675071592339462,Lysychansk,1
NB08b_BDA_COH_DROP+CARD_LightGBM,1,26461,2781,0.6096569870841716,Avdiivka|Mariupol,2
NB08b_BDA_COH_DROP+CARD_LightGBM,2,26241,213,0.5643618897958212,Borodyanka|Okhtyrka|Volnovakha,3
NB08b_BDA_COH_DROP+CARD_LightGBM,3,29003,1079,0.7119456637166497,Dmytrivka|Hostomel|Sievierodonetsk,3
NB08b_BDA_COH_DROP+CARD_LightGBM,4,24182,421,0.6556316309455774,Bucha|Irpin|Moschun,3
NB08b_BDA_COH_DROP+RGB_RF-200,0,41600,1071,0.7656072207889134,Lysychansk,1
NB08b_BDA_COH_DROP+RGB_RF-200,1,41496,3144,0.5678565436041235,Avdiivka|Mariupol,2
NB08b_BDA_COH_DROP+RGB_RF-200,2,39919,198,0.5970213578091021,Okhtyrka|Volnovakha,2
NB08b_BDA_COH_DROP+RGB_RF-200,3,41859,1189,0.680808784648558,Dmytrivka|Hostomel|Sievierodonetsk,3
NB08b_BDA_COH_DROP+RGB_RF-200,4,41068,542,0.6278789317158334,Borodyanka|Bucha|Irpin|Moschun,4
CLF_A9_XGBoost,0,170104,238,0.7624432239074852,Kharkiv,1
CLF_A9_XGBoost,1,75995,575,0.57028998189847,Chernihiv|Chornobaivka|Moschun|Volnovakha,4
CLF_A9_XGBoost,2,76892,1371,0.680903097936029,Avdiivka|Bucha|Lysychansk|Makariv,4
CLF_A9_XGBoost,3,78593,3759,0.5464534367857896,Irpin|Kherson|Mariupol|Rubizhne|Trostianets,5
CLF_A9_XGBoost,4,78729,1243,0.7595678768867576,Dmytrivka|Hostomel|Kramatorsk|Okhtyrka|Sievierodonetsk,5
R3b_card_coh,0,170104,238,0.41729206076129016,Kharkiv,1
R3b_card_coh,1,75995,575,0.43554494828957835,Chernihiv|Chornobaivka|Moschun|Volnovakha,4
R3b_card_coh,2,76892,1371,0.5751299282124696,Avdiivka|Bucha|Lysychansk|Makariv,4
R3b_card_coh,3,78593,3759,0.5291694619819454,Irpin|Kherson|Mariupol|Rubizhne|Trostianets,5
R3b_card_coh,4,78729,1243,0.6659193089332682,Dmytrivka|Hostomel|Kramatorsk|Okhtyrka|Sievierodonetsk,5
NB08b_BDA_COH_DROP+RGB_XGBoost,0,41600,1071,0.7713190073417245,Lysychansk,1
NB08b_BDA_COH_DROP+RGB_XGBoost,1,41496,3144,0.6741321567539365,Avdiivka|Mariupol,2
NB08b_BDA_COH_DROP+RGB_XGBoost,2,39919,198,0.6870813443973736,Okhtyrka|Volnovakha,2
NB08b_BDA_COH_DROP+RGB_XGBoost,3,41859,1189,0.7485664943979761,Dmytrivka|Hostomel|Sievierodonetsk,3
NB08b_BDA_COH_DROP+RGB_XGBoost,4,41068,542,0.6696098518503815,Borodyanka|Bucha|Irpin|Moschun,4
NB08b_BRIGHT_all_LogReg,0,30314,1277,0.6359515816627876,turkey-earthquake,1
NB08b_BRIGHT_all_LogReg,1,20621,3999,0.5329964424688172,ukraine-conflict,1
NB08b_BRIGHT_all_LogReg,2,14256,2662,0.560806520303061,haiti-earthquake|la_palma-volcano|morocco-earthquake,3
NB08b_BRIGHT_all_LogReg,3,13260,4654,0.7336472660113305,bata-explosion|congo-volcano|hawaii-wildfire|mexico-hurricane,4
NB08b_BRIGHT_all_LogReg,4,13972,1534,0.45449636192909265,beirut-explosion|libya-flood|marshall-wildfire|myanmar-hurricane|noto-earthquake,5
NB08b_BDA_COH_DROP+RGB_UISEM_voting,0,41600,1071,0.7692169978274482,Lysychansk,1
NB08b_BDA_COH_DROP+RGB_UISEM_voting,1,41496,3144,0.5605688253964084,Avdiivka|Mariupol,2
NB08b_BDA_COH_DROP+RGB_UISEM_voting,2,39919,198,0.6422230029201154,Okhtyrka|Volnovakha,2
NB08b_BDA_COH_DROP+RGB_UISEM_voting,3,41859,1189,0.7223065068843715,Dmytrivka|Hostomel|Sievierodonetsk,3
NB08b_BDA_COH_DROP+RGB_UISEM_voting,4,41068,542,0.6376250780101445,Borodyanka|Bucha|Irpin|Moschun,4
D1e_zonal_mean,0,170104,238,0.4296284901583819,Kharkiv,1
D1e_zonal_mean,1,113042,84,0.6292926300462288,Mykolaiv,1
D1e_zonal_mean,2,107068,1628,0.5281132352132447,Borodyanka|Chernihiv|Irpin|Kramatorsk|Rubizhne|Sievierodonetsk,6
D1e_zonal_mean,3,103628,1947,0.53101597886826,Avdiivka|Chornobaivka|Dmytrivka|Hostomel|Lysychansk|Makariv|Moschun,7
D1e_zonal_mean,4,104753,3435,0.48940635782827746,Bucha|Kherson|Mariupol|Okhtyrka|Trostianets|Volnovakha,6
B5_sub_RF,0,170104,238,0.4435809363129237,Kharkiv,1
B5_sub_RF,1,75995,575,0.49008133005891646,Chernihiv|Chornobaivka|Moschun|Volnovakha,4
B5_sub_RF,2,76892,1371,0.5601056559292066,Avdiivka|Bucha|Lysychansk|Makariv,4
B5_sub_RF,3,78593,3759,0.5127518811646198,Irpin|Kherson|Mariupol|Rubizhne|Trostianets,5
B5_sub_RF,4,78729,1243,0.650989017318967,Dmytrivka|Hostomel|Kramatorsk|Okhtyrka|Sievierodonetsk,5
E2_LightGBM_ms,0,170104,238,0.7332404845658371,Kharkiv,1
E2_LightGBM_ms,1,52623,406,0.4876383377778088,Chernihiv|Moschun,2
E2_LightGBM_ms,2,55382,257,0.5069478810979645,Kherson|Makariv|Okhtyrka|Volnovakha,4
E2_LightGBM_ms,3,54054,762,0.5762964082597084,Avdiivka|Dmytrivka|Hostomel|Trostianets,4
E2_LightGBM_ms,4,54903,432,0.7561004258467128,Bucha|Chornobaivka|Irpin|Kramatorsk,4
NB08b_BDA_COH_DROP+CARD_UISEM_voting,0,24902,933,0.6849158995428043,Lysychansk,1
NB08b_BDA_COH_DROP+CARD_UISEM_voting,1,26461,2781,0.609835533348883,Avdiivka|Mariupol,2
NB08b_BDA_COH_DROP+CARD_UISEM_voting,2,26241,213,0.5981784874504956,Borodyanka|Okhtyrka|Volnovakha,3
NB08b_BDA_COH_DROP+CARD_UISEM_voting,3,29003,1079,0.7354867222684,Dmytrivka|Hostomel|Sievierodonetsk,3
NB08b_BDA_COH_DROP+CARD_UISEM_voting,4,24182,421,0.6921441860506962,Bucha|Irpin|Moschun,3
D1i_allblocks_groupkfold,0,170104,238,0.4135050668213313,Kharkiv,1
D1i_allblocks_groupkfold,1,113042,84,0.6386296971735808,Mykolaiv,1
D1i_allblocks_groupkfold,2,107068,1628,0.5646007470042466,Borodyanka|Chernihiv|Irpin|Kramatorsk|Rubizhne|Sievierodonetsk,6
D1i_allblocks_groupkfold,3,103628,1947,0.5197785952600069,Avdiivka|Chornobaivka|Dmytrivka|Hostomel|Lysychansk|Makariv|Moschun,7
D1i_allblocks_groupkfold,4,104753,3435,0.5258618712501687,Bucha|Kherson|Mariupol|Okhtyrka|Trostianets|Volnovakha,6
CLF_A9_GBM,0,170104,238,0.8060983462298061,Kharkiv,1
CLF_A9_GBM,1,75995,575,0.5997448260754269,Chernihiv|Chornobaivka|Moschun|Volnovakha,4
CLF_A9_GBM,2,76892,1371,0.6753969418237565,Avdiivka|Bucha|Lysychansk|Makariv,4
CLF_A9_GBM,3,78593,3759,0.6562948836379205,Irpin|Kherson|Mariupol|Rubizhne|Trostianets,5
CLF_A9_GBM,4,78729,1243,0.772746371498267,Dmytrivka|Hostomel|Kramatorsk|Okhtyrka|Sievierodonetsk,5
NB08b_BDA_COH_DROP+CARD_RF-200,0,24902,933,0.6739801056893915,Lysychansk,1
NB08b_BDA_COH_DROP+CARD_RF-200,1,26461,2781,0.6195516056104649,Avdiivka|Mariupol,2
NB08b_BDA_COH_DROP+CARD_RF-200,2,26241,213,0.5864451861520025,Borodyanka|Okhtyrka|Volnovakha,3
NB08b_BDA_COH_DROP+CARD_RF-200,3,29003,1079,0.7415256875573433,Dmytrivka|Hostomel|Sievierodonetsk,3
NB08b_BDA_COH_DROP+CARD_RF-200,4,24182,421,0.6967856167829657,Bucha|Irpin|Moschun,3
E6_B_nativeNaN_coh_only,0,170104,238,0.5,Kharkiv,1
E6_B_nativeNaN_coh_only,1,52623,406,0.44247782392745094,Chernihiv|Moschun,2
E6_B_nativeNaN_coh_only,2,55382,257,0.4983949460458632,Kherson|Makariv|Okhtyrka|Volnovakha,4
E6_B_nativeNaN_coh_only,3,54054,762,0.5738312349551217,Avdiivka|Dmytrivka|Hostomel|Trostianets,4
E6_B_nativeNaN_coh_only,4,54903,432,0.6642696852963554,Bucha|Chornobaivka|Irpin|Kramatorsk,4
E2_LightGBM_coh,0,170104,238,0.5,Kharkiv,1
E2_LightGBM_coh,1,52623,406,0.44247782392745094,Chernihiv|Moschun,2
E2_LightGBM_coh,2,55382,257,0.4983949460458632,Kherson|Makariv|Okhtyrka|Volnovakha,4
E2_LightGBM_coh,3,54054,762,0.5738312349551217,Avdiivka|Dmytrivka|Hostomel|Trostianets,4
E2_LightGBM_coh,4,54903,432,0.6642696852963554,Bucha|Chornobaivka|Irpin|Kramatorsk,4
B7_UISEM_coh_only,0,170104,238,0.5,Kharkiv,1
B7_UISEM_coh_only,1,75995,575,0.5160706305558438,Chernihiv|Chornobaivka|Moschun|Volnovakha,4
B7_UISEM_coh_only,2,76892,1371,0.633170455069081,Avdiivka|Bucha|Lysychansk|Makariv,4
B7_UISEM_coh_only,3,78593,3759,0.4717254903809338,Irpin|Kherson|Mariupol|Rubizhne|Trostianets,5
B7_UISEM_coh_only,4,78729,1243,0.722928195535865,Dmytrivka|Hostomel|Kramatorsk|Okhtyrka|Sievierodonetsk,5
NB08b_BDA_COH_DROP_ExtraTrees,0,3612,863,0.6031263027490879,Bucha|Dmytrivka|Mariupol|Moschun,4
NB08b_BDA_COH_DROP_ExtraTrees,1,4863,97,0.6317850669043179,Borodyanka|Lysychansk,2
NB08b_BDA_COH_DROP_ExtraTrees,2,4230,95,0.5388595430535226,Avdiivka|Hostomel,2
NB08b_BDA_COH_DROP_ExtraTrees,3,4370,326,0.6933213182598775,Irpin|Sievierodonetsk,2
NB08b_BDA_COH_DROP_ExtraTrees,4,4359,50,0.7211603620329543,Okhtyrka|Volnovakha,2
NB08b_BDA_CARD_XGBoost,0,110650,225,0.6500773274972959,Kharkiv,1
NB08b_BDA_CARD_XGBoost,1,64984,628,0.8428744586739446,Borodyanka|Mykolaiv|Sievierodonetsk,3
NB08b_BDA_CARD_XGBoost,2,64785,792,0.6635863404093914,Bucha|Chernihiv|Chornobaivka|Rubizhne|Trostianets,5
NB08b_BDA_CARD_XGBoost,3,65119,1695,0.6275778373354288,Dmytrivka|Hostomel|Kramatorsk|Lysychansk|Makariv|Volnovakha,6
NB08b_BDA_CARD_XGBoost,4,62750,3091,0.6557745183400218,Avdiivka|Irpin|Kherson|Mariupol|Moschun|Okhtyrka,6
NB08b_BDA_COH_DROP+CARD_XGBoost,0,24902,933,0.6773352343239707,Lysychansk,1
NB08b_BDA_COH_DROP+CARD_XGBoost,1,26461,2781,0.6182301005495787,Avdiivka|Mariupol,2
NB08b_BDA_COH_DROP+CARD_XGBoost,2,26241,213,0.5759847105789286,Borodyanka|Okhtyrka|Volnovakha,3
NB08b_BDA_COH_DROP+CARD_XGBoost,3,29003,1079,0.7038341126895603,Dmytrivka|Hostomel|Sievierodonetsk,3
NB08b_BDA_COH_DROP+CARD_XGBoost,4,24182,421,0.671812810088909,Bucha|Irpin|Moschun,3
NB08b_BDA_COH_DROP+CARD_ExtraTrees,0,24902,933,0.7016995469809454,Lysychansk,1
NB08b_BDA_COH_DROP+CARD_ExtraTrees,1,26461,2781,0.5847001582893574,Avdiivka|Mariupol,2
NB08b_BDA_COH_DROP+CARD_ExtraTrees,2,26241,213,0.5743134334927139,Borodyanka|Okhtyrka|Volnovakha,3
NB08b_BDA_COH_DROP+CARD_ExtraTrees,3,29003,1079,0.7174741078624769,Dmytrivka|Hostomel|Sievierodonetsk,3
NB08b_BDA_COH_DROP+CARD_ExtraTrees,4,24182,421,0.6631240977425532,Bucha|Irpin|Moschun,3
R3_card_only_prepost_A13,0,170104,238,0.44662856842076304,Kharkiv,1
R3_card_only_prepost_A13,1,113042,84,0.35324718247574527,Mykolaiv,1
R3_card_only_prepost_A13,2,107068,1628,0.6675929788078878,Borodyanka|Chernihiv|Irpin|Kramatorsk|Rubizhne|Sievierodonetsk,6
R3_card_only_prepost_A13,3,103628,1947,0.5632874552880107,Avdiivka|Chornobaivka|Dmytrivka|Hostomel|Lysychansk|Makariv|Moschun,7
R3_card_only_prepost_A13,4,104753,3435,0.8131024925542485,Bucha|Kherson|Mariupol|Okhtyrka|Trostianets|Volnovakha,6
D2_sar-only,0,170104,238,0.3846852664982492,Kharkiv,1
D2_sar-only,1,75995,575,0.4325567546377965,Chernihiv|Chornobaivka|Moschun|Volnovakha,4
D2_sar-only,2,76892,1371,0.5176530134825821,Avdiivka|Bucha|Lysychansk|Makariv,4
D2_sar-only,3,78593,3759,0.5294947647645454,Irpin|Kherson|Mariupol|Rubizhne|Trostianets,5
D2_sar-only,4,78729,1243,0.6289313592350807,Dmytrivka|Hostomel|Kramatorsk|Okhtyrka|Sievierodonetsk,5
NB08b_BDA_COH_DROP+CARD_GBM,0,24902,933,0.6936421584561016,Lysychansk,1
NB08b_BDA_COH_DROP+CARD_GBM,1,26461,2781,0.6091299658274779,Avdiivka|Mariupol,2
NB08b_BDA_COH_DROP+CARD_GBM,2,26241,213,0.5915646277645381,Borodyanka|Okhtyrka|Volnovakha,3
NB08b_BDA_COH_DROP+CARD_GBM,3,29003,1079,0.7162280406542371,Dmytrivka|Hostomel|Sievierodonetsk,3
NB08b_BDA_COH_DROP+CARD_GBM,4,24182,421,0.6612139435656804,Bucha|Irpin|Moschun,3
NB08b_BDA_CARD_GBM,0,110650,225,0.6474863079516012,Kharkiv,1
NB08b_BDA_CARD_GBM,1,64984,628,0.8455405847568442,Borodyanka|Mykolaiv|Sievierodonetsk,3
NB08b_BDA_CARD_GBM,2,64785,792,0.6461635758140845,Bucha|Chernihiv|Chornobaivka|Rubizhne|Trostianets,5
NB08b_BDA_CARD_GBM,3,65119,1695,0.6297638415726792,Dmytrivka|Hostomel|Kramatorsk|Lysychansk|Makariv|Volnovakha,6
NB08b_BDA_CARD_GBM,4,62750,3091,0.6640900653275491,Avdiivka|Irpin|Kherson|Mariupol|Moschun|Okhtyrka,6
E7c_ExtraTrees,0,170104,238,0.4286716929716325,Kharkiv,1
E7c_ExtraTrees,1,52623,406,0.4412901409625293,Chernihiv|Moschun,2
E7c_ExtraTrees,2,55382,257,0.48925558290761184,Kherson|Makariv|Okhtyrka|Volnovakha,4
E7c_ExtraTrees,3,54054,762,0.520521329719509,Avdiivka|Dmytrivka|Hostomel|Trostianets,4
E7c_ExtraTrees,4,54903,432,0.6767467415553095,Bucha|Chornobaivka|Irpin|Kramatorsk,4
E7b_QDA,0,170104,238,0.33703647472199294,Kharkiv,1
E7b_QDA,1,52623,406,0.4869710060828953,Chernihiv|Moschun,2
E7b_QDA,2,55382,257,0.5713692086432498,Kherson|Makariv|Okhtyrka|Volnovakha,4
E7b_QDA,3,54054,762,0.5139900869039647,Avdiivka|Dmytrivka|Hostomel|Trostianets,4
E7b_QDA,4,54903,432,0.7897276251991376,Bucha|Chornobaivka|Irpin|Kramatorsk,4
NB08b_BRIGHT_all_LightGBM,0,30314,1277,0.611543722373601,turkey-earthquake,1
NB08b_BRIGHT_all_LightGBM,1,20621,3999,0.5457845480501398,ukraine-conflict,1
NB08b_BRIGHT_all_LightGBM,2,14256,2662,0.663023307218545,haiti-earthquake|la_palma-volcano|morocco-earthquake,3
NB08b_BRIGHT_all_LightGBM,3,13260,4654,0.6523300994968482,bata-explosion|congo-volcano|hawaii-wildfire|mexico-hurricane,4
NB08b_BRIGHT_all_LightGBM,4,13972,1534,0.46849300824134643,beirut-explosion|libya-flood|marshall-wildfire|myanmar-hurricane|noto-earthquake,5
B7_UISEM_ms_only,0,170104,238,0.7743527720861931,Kharkiv,1
B7_UISEM_ms_only,1,75995,575,0.5366112667612097,Chernihiv|Chornobaivka|Moschun|Volnovakha,4
B7_UISEM_ms_only,2,76892,1371,0.6261927271648017,Avdiivka|Bucha|Lysychansk|Makariv,4
B7_UISEM_ms_only,3,78593,3759,0.49077305290547024,Irpin|Kherson|Mariupol|Rubizhne|Trostianets,5
B7_UISEM_ms_only,4,78729,1243,0.715669343969312,Dmytrivka|Hostomel|Kramatorsk|Okhtyrka|Sievierodonetsk,5
E7_KNN_5,0,170104,238,0.5043146342638641,Kharkiv,1
E7_KNN_5,1,52623,406,0.5412697542681634,Chernihiv|Moschun,2
E7_KNN_5,2,55382,257,0.5334067780160053,Kherson|Makariv|Okhtyrka|Volnovakha,4
E7_KNN_5,3,54054,762,0.5847711109968493,Avdiivka|Dmytrivka|Hostomel|Trostianets,4
E7_KNN_5,4,54903,432,0.6957103661003443,Bucha|Chornobaivka|Irpin|Kramatorsk,4
R3b_coh_only,0,170104,238,0.5,Kharkiv,1
R3b_coh_only,1,75995,575,0.4789276169393426,Chernihiv|Chornobaivka|Moschun|Volnovakha,4
R3b_coh_only,2,76892,1371,0.4660166641473332,Avdiivka|Bucha|Lysychansk|Makariv,4
R3b_coh_only,3,78593,3759,0.5157874657582988,Irpin|Kherson|Mariupol|Rubizhne|Trostianets,5
R3b_coh_only,4,78729,1243,0.6023672062297024,Dmytrivka|Hostomel|Kramatorsk|Okhtyrka|Sievierodonetsk,5
D6_sar_only,0,170104,238,0.40597513244992817,Kharkiv,1
D6_sar_only,1,113042,84,0.37946394319338245,Mykolaiv,1
D6_sar_only,2,107068,1628,0.5075021298371071,Borodyanka|Chernihiv|Irpin|Kramatorsk|Rubizhne|Sievierodonetsk,6
D6_sar_only,3,103628,1947,0.49728456530670645,Avdiivka|Chornobaivka|Dmytrivka|Hostomel|Lysychansk|Makariv|Moschun,7
D6_sar_only,4,104753,3435,0.48528357097702646,Bucha|Kherson|Mariupol|Okhtyrka|Trostianets|Volnovakha,6
D3_leaky,0,170104,238,0.2641088843435364,Kharkiv,1
D3_leaky,1,75995,575,0.4960925368660142,Chernihiv|Chornobaivka|Moschun|Volnovakha,4
D3_leaky,2,76892,1371,0.5563108646359187,Avdiivka|Bucha|Lysychansk|Makariv,4
D3_leaky,3,78593,3759,0.5018337634384429,Irpin|Kherson|Mariupol|Rubizhne|Trostianets,5
D3_leaky,4,78729,1243,0.5839574653186772,Dmytrivka|Hostomel|Kramatorsk|Okhtyrka|Sievierodonetsk,5
D6_fusion,0,170104,238,0.2641088967111693,Kharkiv,1
D6_fusion,1,75995,575,0.49609253686601407,Chernihiv|Chornobaivka|Moschun|Volnovakha,4
D6_fusion,2,76892,1371,0.5563108646359187,Avdiivka|Bucha|Lysychansk|Makariv,4
D6_fusion,3,78593,3759,0.5018337581060766,Irpin|Kherson|Mariupol|Rubizhne|Trostianets,5
D6_fusion,4,78729,1243,0.5839574653186772,Dmytrivka|Hostomel|Kramatorsk|Okhtyrka|Sievierodonetsk,5
D3_clean,0,170104,238,0.2641088967111693,Kharkiv,1
D3_clean,1,75995,575,0.49609253686601407,Chernihiv|Chornobaivka|Moschun|Volnovakha,4
D3_clean,2,76892,1371,0.5563108646359187,Avdiivka|Bucha|Lysychansk|Makariv,4
D3_clean,3,78593,3759,0.5018337581060766,Irpin|Kherson|Mariupol|Rubizhne|Trostianets,5
D3_clean,4,78729,1243,0.5839574653186772,Dmytrivka|Hostomel|Kramatorsk|Okhtyrka|Sievierodonetsk,5
NB08b_BRIGHT_all_ExtraTrees,0,30314,1277,0.6212452618643419,turkey-earthquake,1
NB08b_BRIGHT_all_ExtraTrees,1,20621,3999,0.5414546919728368,ukraine-conflict,1
NB08b_BRIGHT_all_ExtraTrees,2,14256,2662,0.6356198872003928,haiti-earthquake|la_palma-volcano|morocco-earthquake,3
NB08b_BRIGHT_all_ExtraTrees,3,13260,4654,0.6854860032591368,bata-explosion|congo-volcano|hawaii-wildfire|mexico-hurricane,4
NB08b_BRIGHT_all_ExtraTrees,4,13972,1534,0.46357791228587675,beirut-explosion|libya-flood|marshall-wildfire|myanmar-hurricane|noto-earthquake,5
R3b_card_ms,0,170104,238,0.5528241638218637,Kharkiv,1
R3b_card_ms,1,75995,575,0.44767706639917915,Chernihiv|Chornobaivka|Moschun|Volnovakha,4
R3b_card_ms,2,76892,1371,0.6189515871805612,Avdiivka|Bucha|Lysychansk|Makariv,4
R3b_card_ms,3,78593,3759,0.5185553264605104,Irpin|Kherson|Mariupol|Rubizhne|Trostianets,5
R3b_card_ms,4,78729,1243,0.6306501915203367,Dmytrivka|Hostomel|Kramatorsk|Okhtyrka|Sievierodonetsk,5
E6_A_impute+obs_card+coh,0,170104,238,0.3713091891413765,Kharkiv,1
E6_A_impute+obs_card+coh,1,52623,406,0.38608984051114464,Chernihiv|Moschun,2
E6_A_impute+obs_card+coh,2,55382,257,0.43580634744170044,Kherson|Makariv|Okhtyrka|Volnovakha,4
E6_A_impute+obs_card+coh,3,54054,762,0.5355648412953109,Avdiivka|Dmytrivka|Hostomel|Trostianets,4
E6_A_impute+obs_card+coh,4,54903,432,0.6654028485765786,Bucha|Chornobaivka|Irpin|Kramatorsk,4
ABL_ROLLING_SAR_COH,0,170104,238,0.5,Kharkiv,1
ABL_ROLLING_SAR_COH,1,113042,84,0.5,Mykolaiv,1
ABL_ROLLING_SAR_COH,2,107068,1628,0.5055100680242941,Borodyanka|Chernihiv|Irpin|Kramatorsk|Rubizhne|Sievierodonetsk,6
ABL_ROLLING_SAR_COH,3,103628,1947,0.6027506531487158,Avdiivka|Chornobaivka|Dmytrivka|Hostomel|Lysychansk|Makariv|Moschun,7
ABL_ROLLING_SAR_COH,4,104753,3435,0.4302393737296436,Bucha|Kherson|Mariupol|Okhtyrka|Trostianets|Volnovakha,6
E6_C_SAR_only_no_NaN,0,170104,238,0.44214280321997756,Kharkiv,1
E6_C_SAR_only_no_NaN,1,52623,406,0.38860110201356574,Chernihiv|Moschun,2
E6_C_SAR_only_no_NaN,2,55382,257,0.4089572160900677,Kherson|Makariv|Okhtyrka|Volnovakha,4
E6_C_SAR_only_no_NaN,3,54054,762,0.5173579529056279,Avdiivka|Dmytrivka|Hostomel|Trostianets,4
E6_C_SAR_only_no_NaN,4,54903,432,0.6752239511408382,Bucha|Chornobaivka|Irpin|Kramatorsk,4
E6_A_impute+obs_card_only,0,170104,238,0.38765259556544174,Kharkiv,1
E6_A_impute+obs_card_only,1,52623,406,0.4230587664153691,Chernihiv|Moschun,2
E6_A_impute+obs_card_only,2,55382,257,0.42840865736696754,Kherson|Makariv|Okhtyrka|Volnovakha,4
E6_A_impute+obs_card_only,3,54054,762,0.515450963177565,Avdiivka|Dmytrivka|Hostomel|Trostianets,4
E6_A_impute+obs_card_only,4,54903,432,0.673128310885099,Bucha|Chornobaivka|Irpin|Kramatorsk,4
R3b_ms_only,0,170104,238,0.6517766797298553,Kharkiv,1
R3b_ms_only,1,75995,575,0.4611237591228251,Chernihiv|Chornobaivka|Moschun|Volnovakha,4
R3b_ms_only,2,76892,1371,0.673341026644658,Avdiivka|Bucha|Lysychansk|Makariv,4
R3b_ms_only,3,78593,3759,0.5118617243764851,Irpin|Kherson|Mariupol|Rubizhne|Trostianets,5
R3b_ms_only,4,78729,1243,0.6359413661189444,Dmytrivka|Hostomel|Kramatorsk|Okhtyrka|Sievierodonetsk,5
NB08b_BDA_COH_DROP+RGB+CARD_UISEM_voting,0,41600,1071,0.6361612078027195,Lysychansk,1
NB08b_BDA_COH_DROP+RGB+CARD_UISEM_voting,1,41496,3144,0.5286709123920804,Avdiivka|Mariupol,2
NB08b_BDA_COH_DROP+RGB+CARD_UISEM_voting,2,39919,198,0.5290414530237294,Okhtyrka|Volnovakha,2
NB08b_BDA_COH_DROP+RGB+CARD_UISEM_voting,3,41859,1189,0.7104034131410729,Dmytrivka|Hostomel|Sievierodonetsk,3
NB08b_BDA_COH_DROP+RGB+CARD_UISEM_voting,4,41068,542,0.6345728258274539,Borodyanka|Bucha|Irpin|Moschun,4
R3b_coh_ms,0,170104,238,0.36800481734143975,Kharkiv,1
R3b_coh_ms,1,75995,575,0.495385412703354,Chernihiv|Chornobaivka|Moschun|Volnovakha,4
R3b_coh_ms,2,76892,1371,0.6493775102245969,Avdiivka|Bucha|Lysychansk|Makariv,4
R3b_coh_ms,3,78593,3759,0.48577052902540985,Irpin|Kherson|Mariupol|Rubizhne|Trostianets,5
R3b_coh_ms,4,78729,1243,0.6262886219562379,Dmytrivka|Hostomel|Kramatorsk|Okhtyrka|Sievierodonetsk,5
D2_sar_+_ms,0,170104,238,0.4248900913196334,Kharkiv,1
D2_sar_+_ms,1,75995,575,0.4781801044585106,Chernihiv|Chornobaivka|Moschun|Volnovakha,4
D2_sar_+_ms,2,76892,1371,0.5049918151361497,Avdiivka|Bucha|Lysychansk|Makariv,4
D2_sar_+_ms,3,78593,3759,0.5042466378524079,Irpin|Kherson|Mariupol|Rubizhne|Trostianets,5
D2_sar_+_ms,4,78729,1243,0.5916330895494702,Dmytrivka|Hostomel|Kramatorsk|Okhtyrka|Sievierodonetsk,5
CLF_A9_ExtraTrees,0,170104,238,0.7841329725348513,Kharkiv,1
CLF_A9_ExtraTrees,1,75995,575,0.5097250066295412,Chernihiv|Chornobaivka|Moschun|Volnovakha,4
CLF_A9_ExtraTrees,2,76892,1371,0.582315591672344,Avdiivka|Bucha|Lysychansk|Makariv,4
CLF_A9_ExtraTrees,3,78593,3759,0.4672399447444564,Irpin|Kherson|Mariupol|Rubizhne|Trostianets,5
CLF_A9_ExtraTrees,4,78729,1243,0.6495029470872781,Dmytrivka|Hostomel|Kramatorsk|Okhtyrka|Sievierodonetsk,5
E7b_GaussianNB,0,170104,238,0.42529310300645284,Kharkiv,1
E7b_GaussianNB,1,52623,406,0.5511117352171231,Chernihiv|Moschun,2
E7b_GaussianNB,2,55382,257,0.5386611609624394,Kherson|Makariv|Okhtyrka|Volnovakha,4
E7b_GaussianNB,3,54054,762,0.5889710317819143,Avdiivka|Dmytrivka|Hostomel|Trostianets,4
E7b_GaussianNB,4,54903,432,0.5364264929962733,Bucha|Chornobaivka|Irpin|Kramatorsk,4
NB08b_BDA_CARD_UISEM_voting,0,110650,225,0.6587550524488718,Kharkiv,1
NB08b_BDA_CARD_UISEM_voting,1,64984,628,0.675892467971748,Borodyanka|Mykolaiv|Sievierodonetsk,3
NB08b_BDA_CARD_UISEM_voting,2,64785,792,0.6656777248521658,Bucha|Chernihiv|Chornobaivka|Rubizhne|Trostianets,5
NB08b_BDA_CARD_UISEM_voting,3,65119,1695,0.6378885076306225,Dmytrivka|Hostomel|Kramatorsk|Lysychansk|Makariv|Volnovakha,6
NB08b_BDA_CARD_UISEM_voting,4,62750,3091,0.6603047431723862,Avdiivka|Irpin|Kherson|Mariupol|Moschun|Okhtyrka,6
D2_sar_+_ms_+_coh,0,170104,238,0.359212790764287,Kharkiv,1
D2_sar_+_ms_+_coh,1,75995,575,0.4539413141480175,Chernihiv|Chornobaivka|Moschun|Volnovakha,4
D2_sar_+_ms_+_coh,2,76892,1371,0.5083684801357197,Avdiivka|Bucha|Lysychansk|Makariv,4
D2_sar_+_ms_+_coh,3,78593,3759,0.48406287960449024,Irpin|Kherson|Mariupol|Rubizhne|Trostianets,5
D2_sar_+_ms_+_coh,4,78729,1243,0.5992138947935245,Dmytrivka|Hostomel|Kramatorsk|Okhtyrka|Sievierodonetsk,5
D4_f8_strategy_B_impute,0,170104,238,0.3401280613972833,Kharkiv,1
D4_f8_strategy_B_impute,1,75995,575,0.4735700367795418,Chernihiv|Chornobaivka|Moschun|Volnovakha,4
D4_f8_strategy_B_impute,2,76892,1371,0.5108139189402021,Avdiivka|Bucha|Lysychansk|Makariv,4
D4_f8_strategy_B_impute,3,78593,3759,0.48317185719556227,Irpin|Kherson|Mariupol|Rubizhne|Trostianets,5
D4_f8_strategy_B_impute,4,78729,1243,0.5886075306698021,Dmytrivka|Hostomel|Kramatorsk|Okhtyrka|Sievierodonetsk,5
D2_all_features,0,170104,238,0.3401280366620174,Kharkiv,1
D2_all_features,1,75995,575,0.4735700367795418,Chernihiv|Chornobaivka|Moschun|Volnovakha,4
D2_all_features,2,76892,1371,0.510813706460478,Avdiivka|Bucha|Lysychansk|Makariv,4
D2_all_features,3,78593,3759,0.48317185719556227,Irpin|Kherson|Mariupol|Rubizhne|Trostianets,5
D2_all_features,4,78729,1243,0.5886075306698022,Dmytrivka|Hostomel|Kramatorsk|Okhtyrka|Sievierodonetsk,5
E6_A_impute+obs_all_multimodal,0,170104,238,0.31070302622126167,Kharkiv,1
E6_A_impute+obs_all_multimodal,1,52623,406,0.41771775437684217,Chernihiv|Moschun,2
E6_A_impute+obs_all_multimodal,2,55382,257,0.48147432877171614,Kherson|Makariv|Okhtyrka|Volnovakha,4
E6_A_impute+obs_all_multimodal,3,54054,762,0.49033478307893347,Avdiivka|Dmytrivka|Hostomel|Trostianets,4
E6_A_impute+obs_all_multimodal,4,54903,432,0.6433766021947118,Bucha|Chornobaivka|Irpin|Kramatorsk,4
NB08b_BDA_COH_DROP_RF-200,0,3612,863,0.5518798155612891,Bucha|Dmytrivka|Mariupol|Moschun,4
NB08b_BDA_COH_DROP_RF-200,1,4863,97,0.6307640892749762,Borodyanka|Lysychansk,2
NB08b_BDA_COH_DROP_RF-200,2,4230,95,0.5517775090689239,Avdiivka|Hostomel,2
NB08b_BDA_COH_DROP_RF-200,3,4370,326,0.6682789165801946,Irpin|Sievierodonetsk,2
NB08b_BDA_COH_DROP_RF-200,4,4359,50,0.7056532838245533,Okhtyrka|Volnovakha,2
NB08b_BDA_CARD_RF-200,0,110650,225,0.6515358941463537,Kharkiv,1
NB08b_BDA_CARD_RF-200,1,64984,628,0.5577883997572421,Borodyanka|Mykolaiv|Sievierodonetsk,3
NB08b_BDA_CARD_RF-200,2,64785,792,0.6620478593223659,Bucha|Chernihiv|Chornobaivka|Rubizhne|Trostianets,5
NB08b_BDA_CARD_RF-200,3,65119,1695,0.6321398904670055,Dmytrivka|Hostomel|Kramatorsk|Lysychansk|Makariv|Volnovakha,6
NB08b_BDA_CARD_RF-200,4,62750,3091,0.6449703290244362,Avdiivka|Irpin|Kherson|Mariupol|Moschun|Okhtyrka,6
E1_base_RF,0,170104,238,0.3814289305846318,Kharkiv,1
E1_base_RF,1,52623,406,0.42093457852231086,Chernihiv|Moschun,2
E1_base_RF,2,55382,257,0.4678379699480311,Kherson|Makariv|Okhtyrka|Volnovakha,4
E1_base_RF,3,54054,762,0.49105955737743995,Avdiivka|Dmytrivka|Hostomel|Trostianets,4
E1_base_RF,4,54903,432,0.6410364595975977,Bucha|Chornobaivka|Irpin|Kramatorsk,4
NB08b_BDA_RGB+CARD_UISEM_voting,0,170104,238,0.6138003663193934,Kharkiv,1
NB08b_BDA_RGB+CARD_UISEM_voting,1,113042,84,0.42629619394987933,Mykolaiv,1
NB08b_BDA_RGB+CARD_UISEM_voting,2,107068,1628,0.6441807123675959,Borodyanka|Chernihiv|Irpin|Kramatorsk|Rubizhne|Sievierodonetsk,6
NB08b_BDA_RGB+CARD_UISEM_voting,3,103628,1947,0.5941897670876752,Avdiivka|Chornobaivka|Dmytrivka|Hostomel|Lysychansk|Makariv|Moschun,7
NB08b_BDA_RGB+CARD_UISEM_voting,4,104753,3435,0.5639368954156561,Bucha|Kherson|Mariupol|Okhtyrka|Trostianets|Volnovakha,6
NB08b_BDA_RGB+CARD_RF-200,0,170104,238,0.5510266891539916,Kharkiv,1
NB08b_BDA_RGB+CARD_RF-200,1,113042,84,0.42263638444630497,Mykolaiv,1
NB08b_BDA_RGB+CARD_RF-200,2,107068,1628,0.6049310069096204,Borodyanka|Chernihiv|Irpin|Kramatorsk|Rubizhne|Sievierodonetsk,6
NB08b_BDA_RGB+CARD_RF-200,3,103628,1947,0.5611017344913767,Avdiivka|Chornobaivka|Dmytrivka|Hostomel|Lysychansk|Makariv|Moschun,7
NB08b_BDA_RGB+CARD_RF-200,4,104753,3435,0.5494837258901477,Bucha|Kherson|Mariupol|Okhtyrka|Trostianets|Volnovakha,6
E6_A_impute+obs_coh_only,0,170104,238,0.5,Kharkiv,1
E6_A_impute+obs_coh_only,1,52623,406,0.4426641909553078,Chernihiv|Moschun,2
E6_A_impute+obs_coh_only,2,55382,257,0.5167058242233339,Kherson|Makariv|Okhtyrka|Volnovakha,4
E6_A_impute+obs_coh_only,3,54054,762,0.533253625890774,Avdiivka|Dmytrivka|Hostomel|Trostianets,4
E6_A_impute+obs_coh_only,4,54903,432,0.606677495568488,Bucha|Chornobaivka|Irpin|Kramatorsk,4
ABL_PREPOST_SAR_ALL,0,170104,238,0.679391600517145,Kharkiv,1
ABL_PREPOST_SAR_ALL,1,113042,84,0.555337308262068,Mykolaiv,1
ABL_PREPOST_SAR_ALL,2,107068,1628,0.5266359112207462,Borodyanka|Chernihiv|Irpin|Kramatorsk|Rubizhne|Sievierodonetsk,6
ABL_PREPOST_SAR_ALL,3,103628,1947,0.5040831597224563,Avdiivka|Chornobaivka|Dmytrivka|Hostomel|Lysychansk|Makariv|Moschun,7
ABL_PREPOST_SAR_ALL,4,104753,3435,0.4717635465582545,Bucha|Kherson|Mariupol|Okhtyrka|Trostianets|Volnovakha,6
ABL_FUSION_MS_COH_MS,0,170104,238,0.7462540047632208,Kharkiv,1
ABL_FUSION_MS_COH_MS,1,75995,575,0.5026995953097437,Chernihiv|Chornobaivka|Moschun|Volnovakha,4
ABL_FUSION_MS_COH_MS,2,76892,1371,0.5782585859120862,Avdiivka|Bucha|Lysychansk|Makariv,4
ABL_FUSION_MS_COH_MS,3,78593,3759,0.4667039388405173,Irpin|Kherson|Mariupol|Rubizhne|Trostianets,5
ABL_FUSION_MS_COH_MS,4,78729,1243,0.6255184934764848,Dmytrivka|Hostomel|Kramatorsk|Okhtyrka|Sievierodonetsk,5
NB08b_BRIGHT_all_RF-200,0,30314,1277,0.5737080676022429,turkey-earthquake,1
NB08b_BRIGHT_all_RF-200,1,20621,3999,0.5306396762227497,ukraine-conflict,1
NB08b_BRIGHT_all_RF-200,2,14256,2662,0.6278284792504529,haiti-earthquake|la_palma-volcano|morocco-earthquake,3
NB08b_BRIGHT_all_RF-200,3,13260,4654,0.620176509607782,bata-explosion|congo-volcano|hawaii-wildfire|mexico-hurricane,4
NB08b_BRIGHT_all_RF-200,4,13972,1534,0.47364508142918216,beirut-explosion|libya-flood|marshall-wildfire|myanmar-hurricane|noto-earthquake,5
CLF_A9_RF_200,0,170104,238,0.74128830119876,Kharkiv,1
CLF_A9_RF_200,1,75995,575,0.4938564675498368,Chernihiv|Chornobaivka|Moschun|Volnovakha,4
CLF_A9_RF_200,2,76892,1371,0.5744831399318738,Avdiivka|Bucha|Lysychansk|Makariv,4
CLF_A9_RF_200,3,78593,3759,0.4617522253013201,Irpin|Kherson|Mariupol|Rubizhne|Trostianets,5
CLF_A9_RF_200,4,78729,1243,0.6261004738841671,Dmytrivka|Hostomel|Kramatorsk|Okhtyrka|Sievierodonetsk,5
ABL_PREPOST_MS_ALL,0,170104,238,0.7412883011987601,Kharkiv,1
ABL_PREPOST_MS_ALL,1,75995,575,0.4938565367276585,Chernihiv|Chornobaivka|Moschun|Volnovakha,4
ABL_PREPOST_MS_ALL,2,76892,1371,0.574483096470112,Avdiivka|Bucha|Lysychansk|Makariv,4
ABL_PREPOST_MS_ALL,3,78593,3759,0.46175219152966696,Irpin|Kherson|Mariupol|Rubizhne|Trostianets,5
ABL_PREPOST_MS_ALL,4,78729,1243,0.6261004686928731,Dmytrivka|Hostomel|Kramatorsk|Okhtyrka|Sievierodonetsk,5
ABL_PREPOST_MS_MS,0,170104,238,0.741288264095861,Kharkiv,1
ABL_PREPOST_MS_MS,1,75995,575,0.49385646754983686,Chernihiv|Chornobaivka|Moschun|Volnovakha,4
ABL_PREPOST_MS_MS,2,76892,1371,0.5744831254446199,Avdiivka|Bucha|Lysychansk|Makariv,4
ABL_PREPOST_MS_MS,3,78593,3759,0.4617521719776573,Irpin|Kherson|Mariupol|Rubizhne|Trostianets,5
ABL_PREPOST_MS_MS,4,78729,1243,0.6261004531189908,Dmytrivka|Hostomel|Kramatorsk|Okhtyrka|Sievierodonetsk,5
NB08b_BDA_COH_DROP+RGB+CARD_RF-200,0,41600,1071,0.5892524215061599,Lysychansk,1
NB08b_BDA_COH_DROP+RGB+CARD_RF-200,1,41496,3144,0.4938915490604774,Avdiivka|Mariupol,2
NB08b_BDA_COH_DROP+RGB+CARD_RF-200,2,39919,198,0.47299560901937476,Okhtyrka|Volnovakha,2
NB08b_BDA_COH_DROP+RGB+CARD_RF-200,3,41859,1189,0.6845746901717511,Dmytrivka|Hostomel|Sievierodonetsk,3
NB08b_BDA_COH_DROP+RGB+CARD_RF-200,4,41068,542,0.6068895363606945,Borodyanka|Bucha|Irpin|Moschun,4
NB08b_BRIGHT_all_UISEM_voting,0,30314,1277,0.5967123629617481,turkey-earthquake,1
NB08b_BRIGHT_all_UISEM_voting,1,20621,3999,0.5414715413301647,ukraine-conflict,1
NB08b_BRIGHT_all_UISEM_voting,2,14256,2662,0.6498073370679178,haiti-earthquake|la_palma-volcano|morocco-earthquake,3
NB08b_BRIGHT_all_UISEM_voting,3,13260,4654,0.6472389592174477,bata-explosion|congo-volcano|hawaii-wildfire|mexico-hurricane,4
NB08b_BRIGHT_all_UISEM_voting,4,13972,1534,0.46985813651356095,beirut-explosion|libya-flood|marshall-wildfire|myanmar-hurricane|noto-earthquake,5
NB08b_BRIGHT_all_GBM,0,30314,1277,0.628048277129962,turkey-earthquake,1
NB08b_BRIGHT_all_GBM,1,20621,3999,0.5528990537852247,ukraine-conflict,1
NB08b_BRIGHT_all_GBM,2,14256,2662,0.6669817719650063,haiti-earthquake|la_palma-volcano|morocco-earthquake,3
NB08b_BRIGHT_all_GBM,3,13260,4654,0.668984838432846,bata-explosion|congo-volcano|hawaii-wildfire|mexico-hurricane,4
NB08b_BRIGHT_all_GBM,4,13972,1534,0.47208068578165957,beirut-explosion|libya-flood|marshall-wildfire|myanmar-hurricane|noto-earthquake,5
NB08b_BRIGHT_all_XGBoost,0,30314,1277,0.591668977195919,turkey-earthquake,1
NB08b_BRIGHT_all_XGBoost,1,20621,3999,0.5458719315251748,ukraine-conflict,1
NB08b_BRIGHT_all_XGBoost,2,14256,2662,0.6573877981914269,haiti-earthquake|la_palma-volcano|morocco-earthquake,3
NB08b_BRIGHT_all_XGBoost,3,13260,4654,0.6552585313151866,bata-explosion|congo-volcano|hawaii-wildfire|mexico-hurricane,4
NB08b_BRIGHT_all_XGBoost,4,13972,1534,0.46786231808859297,beirut-explosion|libya-flood|marshall-wildfire|myanmar-hurricane|noto-earthquake,5
E7_KNN_15,0,170104,238,0.3261590055117098,Kharkiv,1
E7_KNN_15,1,52623,406,0.5687407777566352,Chernihiv|Moschun,2
E7_KNN_15,2,55382,257,0.5456333589207408,Kherson|Makariv|Okhtyrka|Volnovakha,4
E7_KNN_15,3,54054,762,0.6065947541431223,Avdiivka|Dmytrivka|Hostomel|Trostianets,4
E7_KNN_15,4,54903,432,0.6878793642828633,Bucha|Chornobaivka|Irpin|Kramatorsk,4
D2_coh-only,0,170104,238,0.5,Kharkiv,1
D2_coh-only,1,75995,575,0.4868448572054467,Chernihiv|Chornobaivka|Moschun|Volnovakha,4
D2_coh-only,2,76892,1371,0.5992803108918332,Avdiivka|Bucha|Lysychansk|Makariv,4
D2_coh-only,3,78593,3759,0.43112844040095605,Irpin|Kherson|Mariupol|Rubizhne|Trostianets,5
D2_coh-only,4,78729,1243,0.5818477649267407,Dmytrivka|Hostomel|Kramatorsk|Okhtyrka|Sievierodonetsk,5
NB08b_BDA_COH_DROP_UISEM_voting,0,3612,863,0.5505880785892014,Bucha|Dmytrivka|Mariupol|Moschun,4
NB08b_BDA_COH_DROP_UISEM_voting,1,4863,97,0.6275410878603165,Borodyanka|Lysychansk,2
NB08b_BDA_COH_DROP_UISEM_voting,2,4230,95,0.5002774772481384,Avdiivka|Hostomel,2
NB08b_BDA_COH_DROP_UISEM_voting,3,4370,326,0.6933873101406006,Irpin|Sievierodonetsk,2
NB08b_BDA_COH_DROP_UISEM_voting,4,4359,50,0.7115107913669064,Okhtyrka|Volnovakha,2
D1d_pre+post+delta,0,170104,238,0.5848086435308819,Kharkiv,1
D1d_pre+post+delta,1,113042,84,0.4537772256692121,Mykolaiv,1
D1d_pre+post+delta,2,107068,1628,0.5009079421019862,Borodyanka|Chernihiv|Irpin|Kramatorsk|Rubizhne|Sievierodonetsk,6
D1d_pre+post+delta,3,103628,1947,0.4823467864721509,Avdiivka|Chornobaivka|Dmytrivka|Hostomel|Lysychansk|Makariv|Moschun,7
D1d_pre+post+delta,4,104753,3435,0.4629012741614287,Bucha|Kherson|Mariupol|Okhtyrka|Trostianets|Volnovakha,6
D1_pre+post+delta,0,170104,238,0.5848086435308819,Kharkiv,1
D1_pre+post+delta,1,113042,84,0.4537772256692121,Mykolaiv,1
D1_pre+post+delta,2,107068,1628,0.5009079421019862,Borodyanka|Chernihiv|Irpin|Kramatorsk|Rubizhne|Sievierodonetsk,6
D1_pre+post+delta,3,103628,1947,0.4823467864721509,Avdiivka|Chornobaivka|Dmytrivka|Hostomel|Lysychansk|Makariv|Moschun,7
D1_pre+post+delta,4,104753,3435,0.4629012741614287,Bucha|Kherson|Mariupol|Okhtyrka|Trostianets|Volnovakha,6
D2_ms-only,0,170104,238,0.6890952082150369,Kharkiv,1
D2_ms-only,1,75995,575,0.48870208571132095,Chernihiv|Chornobaivka|Moschun|Volnovakha,4
D2_ms-only,2,76892,1371,0.5431677139840566,Avdiivka|Bucha|Lysychansk|Makariv,4
D2_ms-only,3,78593,3759,0.4532955065222909,Irpin|Kherson|Mariupol|Rubizhne|Trostianets,5
D2_ms-only,4,78729,1243,0.5769558631399617,Dmytrivka|Hostomel|Kramatorsk|Okhtyrka|Sievierodonetsk,5
D1c_post_composite,0,170104,238,0.6514091260466603,Kharkiv,1
D1c_post_composite,1,75995,575,0.4660220792547243,Chernihiv|Chornobaivka|Moschun|Volnovakha,4
D1c_post_composite,2,76892,1371,0.5196814077083066,Avdiivka|Bucha|Lysychansk|Makariv,4
D1c_post_composite,3,78593,3759,0.42440105244415666,Irpin|Kherson|Mariupol|Rubizhne|Trostianets,5
D1c_post_composite,4,78729,1243,0.5071028064571973,Dmytrivka|Hostomel|Kramatorsk|Okhtyrka|Sievierodonetsk,5
D4_a9_ms_only,0,170104,238,0.6511341069930852,Kharkiv,1
D4_a9_ms_only,1,75995,575,0.4761660498310908,Chernihiv|Chornobaivka|Moschun|Volnovakha,4
D4_a9_ms_only,2,76892,1371,0.5451565097157174,Avdiivka|Bucha|Lysychansk|Makariv,4
D4_a9_ms_only,3,78593,3759,0.4502579613952749,Irpin|Kherson|Mariupol|Rubizhne|Trostianets,5
D4_a9_ms_only,4,78729,1243,0.588537012130746,Dmytrivka|Hostomel|Kramatorsk|Okhtyrka|Sievierodonetsk,5
D6_ms_only,0,170104,238,0.651134106993085,Kharkiv,1
D6_ms_only,1,75995,575,0.4761660498310908,Chernihiv|Chornobaivka|Moschun|Volnovakha,4
D6_ms_only,2,76892,1371,0.5451565097157175,Avdiivka|Bucha|Lysychansk|Makariv,4
D6_ms_only,3,78593,3759,0.4502579613952749,Irpin|Kherson|Mariupol|Rubizhne|Trostianets,5
D6_ms_only,4,78729,1243,0.588537012130746,Dmytrivka|Hostomel|Kramatorsk|Okhtyrka|Sievierodonetsk,5
D1c_pre_composite,0,170104,238,0.6511341069930852,Kharkiv,1
D1c_pre_composite,1,75995,575,0.4761660498310908,Chernihiv|Chornobaivka|Moschun|Volnovakha,4
D1c_pre_composite,2,76892,1371,0.5451565097157175,Avdiivka|Bucha|Lysychansk|Makariv,4
D1c_pre_composite,3,78593,3759,0.4502579613952749,Irpin|Kherson|Mariupol|Rubizhne|Trostianets,5
D1c_pre_composite,4,78729,1243,0.588537012130746,Dmytrivka|Hostomel|Kramatorsk|Okhtyrka|Sievierodonetsk,5
D1d_delta_only,0,170104,238,0.5636378407814682,Kharkiv,1
D1d_delta_only,1,113042,84,0.4150239364146303,Mykolaiv,1
D1d_delta_only,2,107068,1628,0.46551142713533644,Borodyanka|Chernihiv|Irpin|Kramatorsk|Rubizhne|Sievierodonetsk,6
D1d_delta_only,3,103628,1947,0.45388641487190967,Avdiivka|Chornobaivka|Dmytrivka|Hostomel|Lysychansk|Makariv|Moschun,7
D1d_delta_only,4,104753,3435,0.443551789452857,Bucha|Kherson|Mariupol|Okhtyrka|Trostianets|Volnovakha,6
D1_delta_only,0,170104,238,0.5636378407814682,Kharkiv,1
D1_delta_only,1,113042,84,0.4150239364146303,Mykolaiv,1
D1_delta_only,2,107068,1628,0.46551142713533644,Borodyanka|Chernihiv|Irpin|Kramatorsk|Rubizhne|Sievierodonetsk,6
D1_delta_only,3,103628,1947,0.45388641487190967,Avdiivka|Chornobaivka|Dmytrivka|Hostomel|Lysychansk|Makariv|Moschun,7
D1_delta_only,4,104753,3435,0.443551789452857,Bucha|Kherson|Mariupol|Okhtyrka|Trostianets|Volnovakha,6
ABL_ROLLING_SAR_CARD,0,170104,238,0.7123463952357109,Kharkiv,1
ABL_ROLLING_SAR_CARD,1,113042,84,0.6205360568066176,Mykolaiv,1
ABL_ROLLING_SAR_CARD,2,107068,1628,0.4844126391617857,Borodyanka|Chernihiv|Irpin|Kramatorsk|Rubizhne|Sievierodonetsk,6
ABL_ROLLING_SAR_CARD,3,103628,1947,0.4688563546728139,Avdiivka|Chornobaivka|Dmytrivka|Hostomel|Lysychansk|Makariv|Moschun,7
ABL_ROLLING_SAR_CARD,4,104753,3435,0.44839131886567646,Bucha|Kherson|Mariupol|Okhtyrka|Trostianets|Volnovakha,6
D1_pre+post,0,170104,238,0.593917157834841,Kharkiv,1
D1_pre+post,1,113042,84,0.5099173502329984,Mykolaiv,1
D1_pre+post,2,107068,1628,0.48247244552370694,Borodyanka|Chernihiv|Irpin|Kramatorsk|Rubizhne|Sievierodonetsk,6
D1_pre+post,3,103628,1947,0.475018470582947,Avdiivka|Chornobaivka|Dmytrivka|Hostomel|Lysychansk|Makariv|Moschun,7
D1_pre+post,4,104753,3435,0.4442445252790923,Bucha|Kherson|Mariupol|Okhtyrka|Trostianets|Volnovakha,6
NB08b_BDA_COH_DROP_LightGBM,0,3612,863,0.5278999589864554,Bucha|Dmytrivka|Mariupol|Moschun,4
NB08b_BDA_COH_DROP_LightGBM,1,4863,97,0.570664846788463,Borodyanka|Lysychansk,2
NB08b_BDA_COH_DROP_LightGBM,2,4230,95,0.5623598294405906,Avdiivka|Hostomel,2
NB08b_BDA_COH_DROP_LightGBM,3,4370,326,0.6533150679943931,Irpin|Sievierodonetsk,2
NB08b_BDA_COH_DROP_LightGBM,4,4359,50,0.6426038524019495,Okhtyrka|Volnovakha,2
NB08b_BDA_COH_DROP_XGBoost,0,3612,863,0.5400172906022499,Bucha|Dmytrivka|Mariupol|Moschun,4
NB08b_BDA_COH_DROP_XGBoost,1,4863,97,0.5683827887398281,Borodyanka|Lysychansk,2
NB08b_BDA_COH_DROP_XGBoost,2,4230,95,0.5345968306497804,Avdiivka|Hostomel,2
NB08b_BDA_COH_DROP_XGBoost,3,4370,326,0.6750590134289685,Irpin|Sievierodonetsk,2
NB08b_BDA_COH_DROP_XGBoost,4,4359,50,0.6862520306335577,Okhtyrka|Volnovakha,2
D1d_post_only,0,170104,238,0.5626156311841257,Kharkiv,1
D1d_post_only,1,113042,84,0.5315495477037819,Mykolaiv,1
D1d_post_only,2,107068,1628,0.43861195439818357,Borodyanka|Chernihiv|Irpin|Kramatorsk|Rubizhne|Sievierodonetsk,6
D1d_post_only,3,103628,1947,0.456713794175887,Avdiivka|Chornobaivka|Dmytrivka|Hostomel|Lysychansk|Makariv|Moschun,7
D1d_post_only,4,104753,3435,0.4203017949768484,Bucha|Kherson|Mariupol|Okhtyrka|Trostianets|Volnovakha,6
D1_post_only,0,170104,238,0.5626156311841257,Kharkiv,1
D1_post_only,1,113042,84,0.5315495477037819,Mykolaiv,1
D1_post_only,2,107068,1628,0.43861195439818357,Borodyanka|Chernihiv|Irpin|Kramatorsk|Rubizhne|Sievierodonetsk,6
D1_post_only,3,103628,1947,0.456713794175887,Avdiivka|Chornobaivka|Dmytrivka|Hostomel|Lysychansk|Makariv|Moschun,7
D1_post_only,4,104753,3435,0.4203017949768484,Bucha|Kherson|Mariupol|Okhtyrka|Trostianets|Volnovakha,6
D1_blk_pre_baseline_all,0,170104,238,0.6566765009136714,Kharkiv,1
D1_blk_pre_baseline_all,1,113042,84,0.6205360568066176,Mykolaiv,1
D1_blk_pre_baseline_all,2,107068,1628,0.4651069386784011,Borodyanka|Chernihiv|Irpin|Kramatorsk|Rubizhne|Sievierodonetsk,6
D1_blk_pre_baseline_all,3,103628,1947,0.45802934792486527,Avdiivka|Chornobaivka|Dmytrivka|Hostomel|Lysychansk|Makariv|Moschun,7
D1_blk_pre_baseline_all,4,104753,3435,0.4422361988065707,Bucha|Kherson|Mariupol|Okhtyrka|Trostianets|Volnovakha,6
D1_blk_post_block_all,0,170104,238,0.6566765009136714,Kharkiv,1
D1_blk_post_block_all,1,113042,84,0.6205360568066176,Mykolaiv,1
D1_blk_post_block_all,2,107068,1628,0.46510692994001035,Borodyanka|Chernihiv|Irpin|Kramatorsk|Rubizhne|Sievierodonetsk,6
D1_blk_post_block_all,3,103628,1947,0.4580293479248652,Avdiivka|Chornobaivka|Dmytrivka|Hostomel|Lysychansk|Makariv|Moschun,7
D1_blk_post_block_all,4,104753,3435,0.4422361988065707,Bucha|Kherson|Mariupol|Okhtyrka|Trostianets|Volnovakha,6
NB08b_BDA_COH_DROP_GBM,0,3612,863,0.5356474302042625,Bucha|Dmytrivka|Mariupol|Moschun,4
NB08b_BDA_COH_DROP_GBM,1,4863,97,0.6252027895185398,Borodyanka|Lysychansk,2
NB08b_BDA_COH_DROP_GBM,2,4230,95,0.5018736078406416,Avdiivka|Hostomel,2
NB08b_BDA_COH_DROP_GBM,3,4370,326,0.6946494996753503,Irpin|Sievierodonetsk,2
NB08b_BDA_COH_DROP_GBM,4,4359,50,0.7343699234161057,Okhtyrka|Volnovakha,2
D1_blk_pre+post_all,0,170104,238,0.6304947537985206,Kharkiv,1
D1_blk_pre+post_all,1,113042,84,0.6205360568066176,Mykolaiv,1
D1_blk_pre+post_all,2,107068,1628,0.45603768040699,Borodyanka|Chernihiv|Irpin|Kramatorsk|Rubizhne|Sievierodonetsk,6
D1_blk_pre+post_all,3,103628,1947,0.42530955510998286,Avdiivka|Chornobaivka|Dmytrivka|Hostomel|Lysychansk|Makariv|Moschun,7
D1_blk_pre+post_all,4,104753,3435,0.44115418895406866,Bucha|Kherson|Mariupol|Okhtyrka|Trostianets|Volnovakha,6
R4_tier1_ms,0,51375,333,0.42226848336522727,Chernihiv,1
R4_tier1_ms,1,32010,88,0.43170925152787193,Makariv|Okhtyrka,2
R4_tier1_ms,2,29130,602,0.4336623353543898,Hostomel|Moschun|Trostianets,3
R4_tier1_ms,3,30828,412,0.465784248070765,Irpin|Volnovakha,2
R4_tier1_ms,4,30864,302,0.5286287542292706,Bucha|Dmytrivka,2
D1f_roll7_assess,0,170104,238,0.5,Kharkiv,1
D1f_roll7_assess,1,113042,84,0.5,Mykolaiv,1
D1f_roll7_assess,2,107068,1628,0.5,Borodyanka|Chernihiv|Irpin|Kramatorsk|Rubizhne|Sievierodonetsk,6
D1f_roll7_assess,3,103628,1947,0.5,Avdiivka|Chornobaivka|Dmytrivka|Hostomel|Lysychansk|Makariv|Moschun,7
D1f_roll7_assess,4,104753,3435,0.5,Bucha|Kherson|Mariupol|Okhtyrka|Trostianets|Volnovakha,6
D1_blk_pre+post_mean,0,170104,238,0.5840181415365765,Kharkiv,1
D1_blk_pre+post_mean,1,113042,84,0.6205360568066176,Mykolaiv,1
D1_blk_pre+post_mean,2,107068,1628,0.4249627540657985,Borodyanka|Chernihiv|Irpin|Kramatorsk|Rubizhne|Sievierodonetsk,6
D1_blk_pre+post_mean,3,103628,1947,0.46831581606264944,Avdiivka|Chornobaivka|Dmytrivka|Hostomel|Lysychansk|Makariv|Moschun,7
D1_blk_pre+post_mean,4,104753,3435,0.41336285285411345,Bucha|Kherson|Mariupol|Okhtyrka|Trostianets|Volnovakha,6
D1_pre_only,0,170104,238,0.592627782630837,Kharkiv,1
D1_pre_only,1,113042,84,0.6129567015637503,Mykolaiv,1
D1_pre_only,2,107068,1628,0.43938367663946193,Borodyanka|Chernihiv|Irpin|Kramatorsk|Rubizhne|Sievierodonetsk,6
D1_pre_only,3,103628,1947,0.444063871325585,Avdiivka|Chornobaivka|Dmytrivka|Hostomel|Lysychansk|Makariv|Moschun,7
D1_pre_only,4,104753,3435,0.40596599985409193,Bucha|Kherson|Mariupol|Okhtyrka|Trostianets|Volnovakha,6
D1d_pre_only,0,170104,238,0.592627782630837,Kharkiv,1
D1d_pre_only,1,113042,84,0.6129567015637503,Mykolaiv,1
D1d_pre_only,2,107068,1628,0.43938367663946193,Borodyanka|Chernihiv|Irpin|Kramatorsk|Rubizhne|Sievierodonetsk,6
D1d_pre_only,3,103628,1947,0.444063871325585,Avdiivka|Chornobaivka|Dmytrivka|Hostomel|Lysychansk|Makariv|Moschun,7
D1d_pre_only,4,104753,3435,0.40596599985409193,Bucha|Kherson|Mariupol|Okhtyrka|Trostianets|Volnovakha,6
D1_blk_pre_baseline_mean,0,170104,238,0.6047022160918338,Kharkiv,1
D1_blk_pre_baseline_mean,1,113042,84,0.6205360568066176,Mykolaiv,1
D1_blk_pre_baseline_mean,2,107068,1628,0.4265846023030203,Borodyanka|Chernihiv|Irpin|Kramatorsk|Rubizhne|Sievierodonetsk,6
D1_blk_pre_baseline_mean,3,103628,1947,0.4398255413807708,Avdiivka|Chornobaivka|Dmytrivka|Hostomel|Lysychansk|Makariv|Moschun,7
D1_blk_pre_baseline_mean,4,104753,3435,0.41449737582390445,Bucha|Kherson|Mariupol|Okhtyrka|Trostianets|Volnovakha,6
D1_blk_post_block_mean,0,170104,238,0.6047022160918338,Kharkiv,1
D1_blk_post_block_mean,1,113042,84,0.6205360568066176,Mykolaiv,1
D1_blk_post_block_mean,2,107068,1628,0.4265846023030203,Borodyanka|Chernihiv|Irpin|Kramatorsk|Rubizhne|Sievierodonetsk,6
D1_blk_post_block_mean,3,103628,1947,0.4398255413807708,Avdiivka|Chornobaivka|Dmytrivka|Hostomel|Lysychansk|Makariv|Moschun,7
D1_blk_post_block_mean,4,104753,3435,0.41449737582390445,Bucha|Kherson|Mariupol|Okhtyrka|Trostianets|Volnovakha,6
D1j_dynamic_random,0,1336860,4258,0.33524867722966245,Avdiivka|Borodyanka|Bucha|Chernihiv|Chornobaivka|Dmytrivka|Hostomel|Irpin|Kharkiv|Kherson|Kramatorsk|Lysychansk|Makariv|Mariupol|Moschun|Mykolaiv|Okhtyrka|Rubizhne|Sievierodonetsk|Trostianets|Volnovakha,21
D1j_dynamic_random,1,1336860,4259,0.32795485419779824,Avdiivka|Borodyanka|Bucha|Chernihiv|Chornobaivka|Dmytrivka|Hostomel|Irpin|Kharkiv|Kherson|Kramatorsk|Lysychansk|Makariv|Mariupol|Moschun|Mykolaiv|Okhtyrka|Rubizhne|Sievierodonetsk|Trostianets|Volnovakha,21
D1j_dynamic_random,2,1336860,4259,0.33891037747693065,Avdiivka|Borodyanka|Bucha|Chernihiv|Chornobaivka|Dmytrivka|Hostomel|Irpin|Kharkiv|Kherson|Kramatorsk|Lysychansk|Makariv|Mariupol|Moschun|Mykolaiv|Okhtyrka|Rubizhne|Sievierodonetsk|Trostianets|Volnovakha,21
D1j_dynamic_random,3,1336860,4259,0.3491832838998983,Avdiivka|Borodyanka|Bucha|Chernihiv|Chornobaivka|Dmytrivka|Hostomel|Irpin|Kharkiv|Kherson|Kramatorsk|Lysychansk|Makariv|Mariupol|Moschun|Mykolaiv|Okhtyrka|Rubizhne|Sievierodonetsk|Trostianets|Volnovakha,21
D1j_dynamic_random,4,1336860,4259,0.3427486061041638,Avdiivka|Borodyanka|Bucha|Chernihiv|Chornobaivka|Dmytrivka|Hostomel|Irpin|Kharkiv|Kherson|Kramatorsk|Lysychansk|Makariv|Mariupol|Moschun|Mykolaiv|Okhtyrka|Rubizhne|Sievierodonetsk|Trostianets|Volnovakha,21
D1j_dynamic_groupkfold,0,3061872,4046,0.5173392646930881,Kharkiv,1
D1j_dynamic_groupkfold,1,2034756,1428,0.5205342600182271,Mykolaiv,1
D1j_dynamic_groupkfold,2,526638,4463,0.4388515274100478,Avdiivka|Borodyanka|Dmytrivka|Lysychansk|Okhtyrka|Volnovakha,6
D1j_dynamic_groupkfold,3,527742,8735,0.42718159453782084,Bucha|Chernihiv|Kramatorsk|Makariv|Mariupol|Moschun|Sievierodonetsk,7
D1j_dynamic_groupkfold,4,533292,2622,0.3450404941225589,Chornobaivka|Hostomel|Irpin|Kherson|Rubizhne|Trostianets,6
D1f_roll3_assess,0,170104,238,0.5,Kharkiv,1
D1f_roll3_assess,1,113042,84,0.5,Mykolaiv,1
D1f_roll3_assess,2,107068,1628,0.5,Borodyanka|Chernihiv|Irpin|Kramatorsk|Rubizhne|Sievierodonetsk,6
D1f_roll3_assess,3,103628,1947,0.5,Avdiivka|Chornobaivka|Dmytrivka|Hostomel|Lysychansk|Makariv|Moschun,7
D1f_roll3_assess,4,104753,3435,0.5,Bucha|Kherson|Mariupol|Okhtyrka|Trostianets|Volnovakha,6
R3_coh_only_A14,0,170104,238,0.5,Kharkiv,1
R3_coh_only_A14,1,113042,84,0.5,Mykolaiv,1
R3_coh_only_A14,2,100849,769,0.4248710849265971,Chernihiv|Irpin|Kherson|Trostianets|Volnovakha,5
R3_coh_only_A14,3,99957,1813,0.4939150529019934,Borodyanka|Chornobaivka|Dmytrivka|Hostomel|Kramatorsk|Lysychansk,6
R3_coh_only_A14,4,101034,3997,0.31228285337997425,Avdiivka|Bucha|Makariv|Mariupol|Moschun|Okhtyrka|Sievierodonetsk,7
